generator_id,level_id,width,height,solid_density,empty_density,enemy_count,enemy_density,reward_count,reward_density,block_density,pipe_density,gap_count,gap_density,max_gap_width,linearity_r2,nonlinearity,surface_resid_std,surface_std,leniency,tile_entropy,column_entropy,unique_column_ratio,compression_ratio,within_ncd,distance_to_original_ncd,ncd_pairs,distance_to_original_centroid
genetic,genetic::lvl-1.txt,200,16,0.1075,0.8909375,4,0.02,5,0.025,0.035,0.69,5,0.075,4,2.798753726174219e-05,0.9999720124627383,1.12353620133309,1.1174621669961093,0.72246247771836,0.7300202098358533,2.7273419275884883,0.11,0.05816485225505443,0.7701907323717319,0.8421229530135014,1770,4.235289036658208
genetic,genetic::lvl-10.txt,200,16,0.1903125,0.8075,6,0.03,6,0.03,0.045,1.53,1,0.015,3,0.04456818344139468,0.9554318165586053,1.6843276777194165,1.7143951447853567,0.8378462809917355,1.0690210518279162,3.4587370871336884,0.16,0.06687402799377916,0.7701907323717319,0.8421229530135014,1770,2.9717375403995687
genetic,genetic::lvl-100.txt,200,16,0.1196875,0.8778125,7,0.035,0,0.0,0.0,0.655,1,0.02,4,0.0031545395877756732,0.9968454604122243,1.5483860376163736,1.5429013464135293,0.7835455435847208,0.7580812297866576,1.9128195166511426,0.085,0.04727838258164852,0.7701907323717319,0.8421229530135014,1770,4.297209831807102
genetic,genetic::lvl-11.txt,200,16,0.146875,0.8521875,2,0.01,2,0.01,0.015,1.155,2,0.025,3,0.04005607223553964,0.9599439277644604,1.7001976716213292,1.726385711989494,0.823472131147541,0.8874301985645461,2.595428431939249,0.115,0.060653188180404355,0.7701907323717319,0.8421229530135014,1770,3.618626712908509
genetic,genetic::lvl-12.txt,200,16,0.13375,0.86375,7,0.035,2,0.01,0.05,0.825,1,0.025,5,9.623535817870899e-05,0.9999037646418213,1.4347649218533378,1.4274568771401377,0.7514654528478056,0.8307654878992519,2.8922042518640234,0.13,0.05754276827371695,0.7701907323717319,0.8421229530135014,1770,3.601262470943501
genetic,genetic::lvl-13.txt,200,16,0.1328125,0.864375,8,0.04,3,0.015,0.025,1.035,6,0.11,6,0.01163415595085493,0.9883658440491451,1.5616145565474782,1.561929102875283,0.6288029595015576,0.840335261507485,3.1724986294699975,0.125,0.06625194401244168,0.7701907323717319,0.8421229530135014,1770,2.9981250124551226
genetic,genetic::lvl-14.txt,200,16,0.159375,0.838125,7,0.035,0,0.0,0.0,1.355,3,0.04,3,0.07945575191444165,0.9205442480855583,1.4917624333737771,1.5466908560428831,0.7835455435847208,0.9181362755843001,3.064289753015153,0.12,0.060031104199066876,0.7701907323717319,0.8421229530135014,1770,4.123935106998879
genetic,genetic::lvl-15.txt,200,16,0.1428125,0.85625,2,0.01,2,0.01,0.02,1.09,3,0.055,5,0.001084031493649773,0.9989159685063502,1.80001893180925,1.791440944880994,0.7207458781362007,0.8787041304780135,2.7284087322011032,0.13,0.06158631415241057,0.7701907323717319,0.8421229530135014,1770,3.3105659891782033
genetic,genetic::lvl-16.txt,200,16,0.146875,0.85125,5,0.025,3,0.015,0.025,1.23,2,0.025,3,8.961009054120339e-05,0.9999103899094588,1.6416300224856437,1.633262889436114,0.8179327411167513,0.9015740886173206,2.8406539262009645,0.105,0.06438569206842924,0.7701907323717319,0.8421229530135014,1770,3.449944209224149
genetic,genetic::lvl-17.txt,200,16,0.1203125,0.8775,6,0.03,1,0.005,0.015,0.845,3,0.04,3,0.039805340086804586,0.9601946599131954,1.375629790721342,1.3965230727447124,0.7879046168958743,0.7889312410766098,2.7130834858930255,0.12,0.056920684292379474,0.7701907323717319,0.8421229530135014,1770,3.9679621061663024
genetic,genetic::lvl-18.txt,200,16,0.116875,0.8803125,8,0.04,2,0.01,0.015,0.835,2,0.04,5,0.05401724412421771,0.9459827558757823,1.3825577866670042,1.4140601020544432,0.7284376811594204,0.7740146745103376,2.4473465445046827,0.12,0.060964230171073094,0.7701907323717319,0.8421229530135014,1770,3.955301629322325
genetic,genetic::lvl-19.txt,200,16,0.131875,0.8665625,4,0.02,5,0.025,0.03,1.04,6,0.11,6,0.03471835627181008,0.9652816437281899,1.3282583911350985,1.3443175773488552,0.6382808176100628,0.8273693417166654,3.2119939940345965,0.12,0.0656298600311042,0.7701907323717319,0.8421229530135014,1770,3.3280281566674534
genetic,genetic::lvl-2.txt,200,16,0.1203125,0.876875,8,0.04,1,0.005,0.005,0.93,6,0.09,5,0.027903014170677864,0.9720969858293221,1.1880153085894105,1.1983061748505437,0.666301827242525,0.7638914440756038,2.7910135691067812,0.1,0.061275272161741834,0.7701907323717319,0.8421229530135014,1770,3.831891861457535
genetic,genetic::lvl-20.txt,200,16,0.1484375,0.8490625,7,0.035,1,0.005,0.02,1.02,3,0.05,4,0.014186809840981973,0.985813190159018,1.6344871445380724,1.6375188988357727,0.7422055041628122,0.9251128980652501,3.0464601433211613,0.135,0.06376360808709176,0.7701907323717319,0.8421229530135014,1770,2.9888186814224227
genetic,genetic::lvl-21.txt,200,16,0.1496875,0.846875,10,0.05,3,0.015,0.04,1.05,1,0.02,4,0.037139201203006844,0.9628607987969932,1.8170334423363856,1.8422730417701803,0.7827490291262136,0.9365577494456763,2.756975416357859,0.13,0.06158631415241057,0.7701907323717319,0.8421229530135014,1770,2.9706046727009228
genetic,genetic::lvl-22.txt,200,16,0.1653125,0.83125,10,0.05,0,0.0,0.005,1.265,4,0.075,4,0.1465827688442265,0.8534172311557735,1.8681268563890283,2.0112466833607057,0.7018543859649122,0.9951998064091973,3.3990314848730416,0.14,0.06376360808709176,0.7701907323717319,0.8421229530135014,1770,5.960101082471312
genetic,genetic::lvl-23.txt,200,16,0.0990625,0.8978125,9,0.045,0,0.0,0.0,0.655,4,0.07,6,0.013077340061468434,0.9869226599385316,1.2094956962212895,1.2109193147245763,0.6628003314001657,0.6697679096730699,1.9394567719636617,0.065,0.04758942457231726,0.7701907323717319,0.8421229530135014,1770,4.692774501256322
genetic,genetic::lvl-24.txt,200,16,0.1559375,0.8425,4,0.02,2,0.01,0.025,1.265,2,0.04,5,0.005172965559974929,0.9948270344400251,1.6278847292295304,1.623588796954827,0.7366007326007326,0.9384202934333657,2.964611451815198,0.125,0.06625194401244168,0.7701907323717319,0.8421229530135014,1770,3.089765702052429
genetic,genetic::lvl-25.txt,200,16,0.108125,0.889375,7,0.035,0,0.0,0.0,0.615,2,0.04,6,0.004744383656153706,0.9952556163438463,1.303718796390119,1.2999983306613214,0.7011393514461,0.6987243308738627,2.1743873303758505,0.09,0.049144634525660966,0.7701907323717319,0.8421229530135014,1770,4.469060877398555
genetic,genetic::lvl-26.txt,200,16,0.1146875,0.883125,6,0.03,1,0.005,0.015,0.695,2,0.05,6,0.08336860246912603,0.916631397530874,1.2781322976685003,1.3279464704026467,0.692896286701209,0.742868501434576,2.3923365864931316,0.105,0.05412130637636081,0.7701907323717319,0.8421229530135014,1770,4.864904578903774
genetic,genetic::lvl-27.txt,200,16,0.09625,0.90125,7,0.035,6,0.03,0.05,0.34,1,0.01,2,0.0032166846822829775,0.996783315317717,1.0367325269450758,1.033146205792093,0.8801210640608034,0.6694747956752611,2.330877908760967,0.13,0.053810264385692065,0.7701907323717319,0.8421229530135014,1770,4.779183854467625
genetic,genetic::lvl-28.txt,200,16,0.116875,0.8809375,6,0.03,6,0.03,0.04,0.73,3,0.075,6,0.3321917482399973,0.6678082517600027,1.0872136069871596,1.3232096798428443,0.6735516556291391,0.7649813959831088,2.9443336487711766,0.12,0.05598755832037325,0.7701907323717319,0.8421229530135014,1770,13.825545304404823
genetic,genetic::lvl-29.txt,200,16,0.1228125,0.87625,2,0.01,5,0.025,0.06,0.765,2,0.045,5,0.02490243788595503,0.975097562114045,1.2670025466713721,1.2763437937693916,0.7398770072992701,0.7921318024512503,2.7828837431283637,0.115,0.056920684292379474,0.7701907323717319,0.8421229530135014,1770,3.880528197242979
genetic,genetic::lvl-3.txt,200,16,0.125625,0.8721875,6,0.03,1,0.005,0.01,0.875,2,0.03,3,0.01413936320227649,0.9858606367977235,1.5808078453903995,1.5838756009986499,0.8035532064128256,0.7981353948594212,2.3947667247053768,0.11,0.05536547433903577,0.7701907323717319,0.8421229530135014,1770,3.832993825702788
genetic,genetic::lvl-30.txt,200,16,0.150625,0.8465625,8,0.04,1,0.005,0.025,1.155,4,0.085,6,0.027148064882902667,0.9728519351170973,1.7656151108160916,1.7802721832777708,0.6505482171799027,0.9236234066113507,3.0608040386921234,0.16,0.06345256609642301,0.7701907323717319,0.8421229530135014,1770,2.618382774696835
genetic,genetic::lvl-31.txt,200,16,0.1371875,0.8621875,1,0.005,2,0.01,0.035,0.9,2,0.055,6,0.008148825375864921,0.9918511746241351,1.6188197171354946,1.6168328732662711,0.6980421509106678,0.8737957956836914,3.18284516474678,0.13,0.0640746500777605,0.7701907323717319,0.8421229530135014,1770,3.3597874789737934
genetic,genetic::lvl-32.txt,200,16,0.134375,0.8628125,8,0.04,5,0.025,0.05,0.84,2,0.03,4,0.05878858714076407,0.9412114128592359,1.5944803164824843,1.6350284706058744,0.7760335249042146,0.8614814896839068,2.84352386307188,0.125,0.05785381026438569,0.7701907323717319,0.8421229530135014,1770,3.6234054200284107
genetic,genetic::lvl-33.txt,200,16,0.126875,0.8703125,8,0.04,2,0.01,0.01,0.895,3,0.05,4,0.0030476069789894256,0.9969523930210106,1.3891003139010816,1.3838802888037722,0.7417073800738008,0.8134451174696197,2.6814803684408943,0.11,0.0594090202177294,0.7701907323717319,0.8421229530135014,1770,3.6586871573876447
genetic,genetic::lvl-34.txt,200,16,0.1190625,0.879375,4,0.02,8,0.04,0.05,0.735,5,0.08,4,0.0004530008503256244,0.9995469991496744,1.401680847937675,1.3943580618108327,0.721713780918728,0.7857040816069017,3.0025665538115813,0.115,0.06189735614307931,0.7701907323717319,0.8421229530135014,1770,3.631806403723081
genetic,genetic::lvl-35.txt,200,16,0.13625,0.8609375,8,0.04,2,0.01,0.03,1.09,4,0.07,4,0.0007808287321857676,0.9992191712678142,1.5492518971581328,1.54150201612537,0.7158437722419929,0.8717609138506254,3.068416912649483,0.13,0.06283048211508553,0.7701907323717319,0.8421229530135014,1770,3.1948172773369707
genetic,genetic::lvl-36.txt,200,16,0.1428125,0.854375,8,0.04,1,0.005,0.03,1.135,4,0.085,6,0.05982746793505456,0.9401725320649454,1.6971222498105925,1.7406966376303246,0.6506482171799027,0.8924870935610814,3.0916779904083436,0.14,0.060031104199066876,0.7701907323717319,0.8421229530135014,1770,3.329946137091063
genetic,genetic::lvl-37.txt,200,16,0.1165625,0.88125,6,0.03,6,0.03,0.075,0.595,1,0.025,5,0.06804470104297711,0.9319552989570229,1.2103374936877238,1.247298197791664,0.7610636704119851,0.7921914014937361,3.0075351492673428,0.15,0.05754276827371695,0.7701907323717319,0.8421229530135014,1770,4.233402284218963
genetic,genetic::lvl-38.txt,200,16,0.141875,0.855625,7,0.035,0,0.0,0.01,1.04,2,0.055,6,0.007240260894725625,0.9927597391052744,1.7564580601593347,1.7534993427801207,0.6833767719897523,0.8851259248314245,2.650938334886198,0.1,0.0594090202177294,0.7701907323717319,0.8421229530135014,1770,3.276496510715414
genetic,genetic::lvl-39.txt,200,16,0.1065625,0.89125,6,0.03,4,0.02,0.025,0.58,1,0.02,4,0.039103917928040466,0.9608960820719595,1.542102895699293,1.565121187489496,0.7933546168958743,0.700262861820192,1.686615840180374,0.095,0.049766718506998445,0.7701907323717319,0.8421229530135014,1770,4.384044906765062
genetic,genetic::lvl-4.txt,200,16,0.1325,0.864375,9,0.045,4,0.02,0.04,1.015,7,0.135,6,0.013503753489866988,0.986496246510133,1.3860393157008637,1.3874036556600422,0.6061545250560957,0.8521052020027451,3.4242454570881646,0.165,0.0656298600311042,0.7701907323717319,0.8421229530135014,1770,2.8513740012296993
genetic,genetic::lvl-40.txt,200,16,0.1153125,0.8834375,3,0.015,0,0.0,0.0,0.715,1,0.02,4,0.0050658074881070325,0.994934192511893,1.5431073230413812,1.5391175254620768,0.7928642220019821,0.7112995064659415,1.6956174983730534,0.07,0.042612752721617415,0.7701907323717319,0.8421229530135014,1770,4.727001238300647
genetic,genetic::lvl-41.txt,200,16,0.1390625,0.8578125,9,0.045,2,0.01,0.025,0.91,2,0.05,6,0.0021190506456824076,0.9978809493543176,1.5154398416302906,1.5090424584067335,0.6895184233076264,0.8859867591598607,3.08089611783771,0.145,0.05847589424572317,0.7701907323717319,0.8421229530135014,1770,3.1436980326413804
genetic,genetic::lvl-42.txt,200,16,0.1096875,0.888125,6,0.03,4,0.02,0.025,0.755,4,0.07,4,0.00095044357057672,0.9990495564294233,1.2895208570640146,1.283179151154539,0.7230635062611807,0.7227120952248611,2.3816819924036285,0.095,0.05723172628304821,0.7701907323717319,0.8421229530135014,1770,4.152970001481423
genetic,genetic::lvl-43.txt,200,16,0.156875,0.84,9,0.045,0,0.0,0.0,1.36,2,0.03,3,0.012739120470160348,0.9872608795298397,1.832421457332535,1.8346750453563574,0.7944389275074478,0.9357381848031588,2.6187885191391524,0.105,0.05878693623639191,0.7701907323717319,0.8421229530135014,1770,3.210949178592797
genetic,genetic::lvl-44.txt,200,16,0.1009375,0.898125,2,0.01,2,0.01,0.02,0.535,3,0.07,6,0.06687999868417926,0.9331200013158207,1.1183516605014154,1.151495054359789,0.6784362563237775,0.6649989519756896,2.350120429747785,0.095,0.05132192846034215,0.7701907323717319,0.8421229530135014,1770,5.063952436316252
genetic,genetic::lvl-45.txt,200,16,0.1371875,0.860625,6,0.03,1,0.005,0.01,1.115,5,0.095,6,0.015334448353640506,0.9846655516463595,1.5141063494154876,1.517397053796401,0.642975641025641,0.8582782512112344,3.100052709860427,0.125,0.06811819595645412,0.7701907323717319,0.8421229530135014,1770,3.093766196532162
genetic,genetic::lvl-46.txt,200,16,0.143125,0.8534375,10,0.05,0,0.0,0.0,1.145,2,0.05,6,8.285563673937624e-06,0.9999917144363261,1.5470892694525815,1.5389315284662535,0.6837606837606838,0.8793285615655533,2.9569240790717575,0.115,0.06220839813374806,0.7701907323717319,0.8421229530135014,1770,3.2472195002591064
genetic,genetic::lvl-47.txt,200,16,0.1525,0.8446875,8,0.04,0,0.0,0.0,1.35,5,0.105,6,0.028216936621426325,0.9717830633785737,1.7172329760923644,1.7322264849716826,0.6279434850863422,0.9033315420792187,3.107512019046651,0.11,0.06687402799377916,0.7701907323717319,0.8421229530135014,1770,2.8563820205392227
genetic,genetic::lvl-48.txt,200,16,0.1409375,0.856875,6,0.03,2,0.01,0.02,1.11,3,0.065,5,0.022586459350530164,0.9774135406494698,1.5868724674371295,1.5964962781160783,0.7007641114982578,0.8711075970359252,2.9591602542674207,0.13,0.06376360808709176,0.7701907323717319,0.8421229530135014,1770,3.062403343578623
genetic,genetic::lvl-49.txt,200,16,0.140625,0.8575,5,0.025,4,0.02,0.07,0.885,1,0.015,3,0.00039975245027368267,0.9996002475497263,1.7135553853538434,1.7051758032782272,0.8374155440414507,0.8844488309208244,2.8743174724198806,0.145,0.05785381026438569,0.7701907323717319,0.8421229530135014,1770,3.4540697701049066
genetic,genetic::lvl-5.txt,200,16,0.165625,0.83125,9,0.045,5,0.025,0.045,1.25,0,0.0,0,6.523709507710862e-06,0.9999934762904923,1.7209217264396826,1.7123010833378574,0.9770018742442564,1.0006628888957338,3.152691269338901,0.145,0.060964230171073094,0.7701907323717319,0.8421229530135014,1770,3.536038705752081
genetic,genetic::lvl-50.txt,200,16,0.116875,0.88,9,0.045,1,0.005,0.015,0.76,2,0.05,6,0.05752175997475795,0.942478240025242,1.3619388338995702,1.3954814298487213,0.6875684233076264,0.7588399625961064,2.472145420887271,0.105,0.05536547433903577,0.7701907323717319,0.8421229530135014,1770,4.158938434959774
genetic,genetic::lvl-51.txt,200,16,0.13625,0.861875,5,0.025,0,0.0,0.0,1.155,3,0.045,5,0.03933234154842524,0.9606676584515748,1.3121528472338893,1.3317173581334343,0.7239819004524887,0.8098390209074923,2.4538156206555426,0.07,0.059720062208398136,0.7701907323717319,0.8421229530135014,1770,3.9813806400995144
genetic,genetic::lvl-52.txt,200,16,0.1290625,0.868125,8,0.04,4,0.02,0.045,0.885,3,0.035,3,0.00435777805586679,0.9956422219441332,1.5674922847593105,1.5627582070741306,0.7968546351084812,0.8469523570972357,2.7759418858049436,0.14,0.061275272161741834,0.7701907323717319,0.8421229530135014,1770,3.3592138244591414
genetic,genetic::lvl-53.txt,200,16,0.096875,0.90125,5,0.025,1,0.005,0.01,0.505,2,0.04,4,0.01204513903165616,0.9879548609683438,1.1030613798510522,1.103970108290981,0.7602438388625592,0.6548848485791237,1.9530110816153048,0.09,0.04354587869362364,0.7701907323717319,0.8421229530135014,1770,4.970340833536687
genetic,genetic::lvl-54.txt,200,16,0.119375,0.8784375,6,0.03,7,0.035,0.085,0.77,2,0.025,3,0.00308312709091052,0.9969168729090895,1.481773976221919,1.4764333233562892,0.8236665991902834,0.8033729809140122,2.4463417596421535,0.11,0.05816485225505443,0.7701907323717319,0.8421229530135014,1770,3.803182323635385
genetic,genetic::lvl-55.txt,200,16,0.1496875,0.8490625,3,0.015,0,0.0,0.0,1.24,4,0.05,3,0.002598286581496634,0.9974017134185034,1.554390639205419,1.5482006354979423,0.7774538386783285,0.8756995687981901,2.7582844505054305,0.09,0.060342146189735615,0.7701907323717319,0.8421229530135014,1770,3.6951181304567555
genetic,genetic::lvl-56.txt,200,16,0.1278125,0.8690625,9,0.045,9,0.045,0.095,0.89,5,0.11,6,0.0007094303217430875,0.9992905696782569,1.2802742838783436,1.2735132282122203,0.6392506216006215,0.8639312429121975,3.6199492408073723,0.18,0.06998444790046657,0.7701907323717319,0.8421229530135014,1770,2.830692568089845
genetic,genetic::lvl-57.txt,200,16,0.14625,0.8525,3,0.015,3,0.015,0.025,1.03,4,0.08,6,0.09535696925770587,0.9046430307422941,1.4238003952715945,1.4888031217557667,0.6674538875103392,0.8947526987534935,3.1575081378295673,0.12,0.05909797822706065,0.7701907323717319,0.8421229530135014,1770,4.543322661011206
genetic,genetic::lvl-58.txt,200,16,0.1553125,0.8421875,7,0.035,9,0.045,0.055,1.265,5,0.06,4,0.010509539122446787,0.9894904608775532,1.561523252373283,1.561421651432661,0.7434621707538601,0.9762979662708757,3.762213658750195,0.175,0.07589424572317263,0.7701907323717319,0.8421229530135014,1770,2.302262605252857
genetic,genetic::lvl-59.txt,200,16,0.1196875,0.8775,8,0.04,2,0.01,0.03,0.83,6,0.125,6,0.004352837252163733,0.9956471627478363,1.0646172411195016,1.0608275552797524,0.61292800608828,0.7768842742660469,3.307536850582478,0.125,0.05723172628304821,0.7701907323717319,0.8421229530135014,1770,3.8483050458722867
genetic,genetic::lvl-6.txt,200,16,0.141875,0.855,9,0.045,0,0.0,0.0,1.055,3,0.055,5,0.011522377349220903,0.9884776226507791,1.6823551442448983,1.6831551900695179,0.7036059806508355,0.8739241395481994,3.0874177968961214,0.135,0.05816485225505443,0.7701907323717319,0.8421229530135014,1770,3.119733415380188
genetic,genetic::lvl-60.txt,200,16,0.1325,0.865625,5,0.025,0,0.0,0.0,0.995,3,0.08,6,0.0287279924050704,0.9712720075949296,1.7547137757965174,1.7707719419285366,0.6584362139917695,0.8279456372231998,2.7827931043282015,0.115,0.05474339035769829,0.7701907323717319,0.8421229530135014,1770,3.459167265161757
genetic,genetic::lvl-61.txt,200,16,0.095,0.9028125,6,0.03,5,0.025,0.05,0.405,1,0.025,5,0.00045488969080886843,0.9995451103091911,1.2595887151327998,1.2533977489846402,0.7588136704119851,0.6654807888888513,1.9434627806717217,0.105,0.04727838258164852,0.7701907323717319,0.8421229530135014,1770,4.686376396649825
genetic,genetic::lvl-62.txt,200,16,0.1084375,0.888125,10,0.05,0,0.0,0.0,0.63,3,0.075,6,0.028622739503450956,0.971377260496549,1.1930253220768536,1.203913754073009,0.6557377049180328,0.6968513944179497,2.3128857995752075,0.075,0.05069984447900466,0.7701907323717319,0.8421229530135014,1770,4.404285729817629
genetic,genetic::lvl-63.txt,200,16,0.1396875,0.8571875,9,0.045,3,0.015,0.03,0.99,4,0.08,6,0.0015206533630666152,0.9984793466369334,1.4003785875027692,1.3938071917279897,0.6578467400163,0.8656822090306134,3.2188772196197273,0.115,0.061275272161741834,0.7701907323717319,0.8421229530135014,1770,3.2178183535372002
genetic,genetic::lvl-64.txt,200,16,0.1509375,0.8459375,9,0.045,2,0.01,0.025,1.21,3,0.045,4,0.019896401810436393,0.9801035981895636,1.756079276504391,1.764502770043936,0.7468040854224699,0.9230157466573201,2.919091575129114,0.125,0.06656298600311042,0.7701907323717319,0.8421229530135014,1770,2.80696276627783
genetic,genetic::lvl-65.txt,200,16,0.148125,0.85,5,0.025,0,0.0,0.01,1.305,6,0.115,6,0.003352275576387065,0.9966477244236129,1.533484207822708,1.5273580537665368,0.6227680933852139,0.8664663570255748,2.999954314409944,0.095,0.06531881804043546,0.7701907323717319,0.8421229530135014,1770,3.314765723198476
genetic,genetic::lvl-66.txt,200,16,0.1209375,0.878125,2,0.01,1,0.005,0.005,0.815,3,0.075,6,0.04958480864519488,0.9504151913548051,1.443910558863811,1.473069672005675,0.6707463210702341,0.7695781838362107,2.546349020521531,0.1,0.05723172628304821,0.7701907323717319,0.8421229530135014,1770,4.108440943456878
genetic,genetic::lvl-67.txt,200,16,0.1134375,0.88375,8,0.04,4,0.02,0.02,0.65,3,0.055,6,0.0229219715330391,0.9770780284669609,1.2314676491171865,1.2392196314312303,0.6888310051107325,0.759966968655116,2.734844845989886,0.12,0.0594090202177294,0.7701907323717319,0.8421229530135014,1770,3.7617344363975715
genetic,genetic::lvl-68.txt,200,16,0.11375,0.8834375,8,0.04,1,0.005,0.02,0.805,3,0.04,3,0.04750417517662264,0.9524958248233774,1.2658885027703273,1.2902982292475278,0.7834,0.7505184453561666,2.2336374657603684,0.09,0.05225505443234837,0.7701907323717319,0.8421229530135014,1770,4.388266272794831
genetic,genetic::lvl-69.txt,200,16,0.1128125,0.884375,8,0.04,5,0.025,0.05,0.675,2,0.025,3,0.11363440065059505,0.886365599349405,1.3009395418847747,1.374712928014798,0.8145789738430584,0.7576917833665746,2.443405784229991,0.11,0.053810264385692065,0.7701907323717319,0.8421229530135014,1770,5.660393910842054
genetic,genetic::lvl-7.txt,200,16,0.1365625,0.8603125,9,0.045,4,0.02,0.035,0.945,1,0.01,2,0.031307456276090884,0.9686925437239091,1.7028267475129562,1.7213648299734734,0.8706989212513485,0.8783560423399718,2.7110189864343153,0.135,0.060653188180404355,0.7701907323717319,0.8421229530135014,1770,3.378168660456536
genetic,genetic::lvl-70.txt,200,16,0.1134375,0.8840625,7,0.035,2,0.01,0.015,0.63,1,0.03,6,0.004377414437962579,0.9956225855620374,1.259682589106376,1.2559244236552982,0.7174485280999108,0.7511613355010487,2.579103535101034,0.135,0.05443234836702955,0.7701907323717319,0.8421229530135014,1770,4.01549366097627
genetic,genetic::lvl-71.txt,200,16,0.1675,0.83125,3,0.015,2,0.01,0.035,1.46,4,0.085,6,0.03331263231704007,0.9666873676829599,1.7114701694491132,1.7311713444298258,0.6604756357670221,0.973023015547384,3.166794608910123,0.11,0.06656298600311042,0.7701907323717319,0.8421229530135014,1770,2.915083163789387
genetic,genetic::lvl-72.txt,200,16,0.125625,0.8725,5,0.025,1,0.005,0.005,0.915,3,0.045,4,0.027707880155076747,0.9722921198449233,1.3577161078686857,1.3696979506750533,0.7530237089201878,0.8015470421921678,2.762762384780316,0.11,0.060031104199066876,0.7701907323717319,0.8421229530135014,1770,3.7901142347058414
genetic,genetic::lvl-73.txt,200,16,0.1228125,0.87375,10,0.05,4,0.02,0.045,0.775,2,0.035,5,0.2504377899816319,0.7495622100183681,1.2699206498777453,1.4591863985235485,0.7351727272727273,0.8041550122659755,2.7413644133643134,0.13,0.05567651632970451,0.7701907323717319,0.8421229530135014,1770,10.432049626332038
genetic,genetic::lvl-74.txt,200,16,0.13875,0.8584375,8,0.04,5,0.025,0.03,1.05,3,0.075,6,0.0019254699099947592,0.9980745300900052,1.6097359128001498,1.602554571341363,0.668328583196046,0.8706509277412517,3.1327001131903764,0.13,0.06500777604976672,0.7701907323717319,0.8421229530135014,1770,2.9112122203736424
genetic,genetic::lvl-75.txt,200,16,0.126875,0.8703125,8,0.04,2,0.01,0.035,0.895,2,0.03,4,0.0005465992183578683,0.9994534007816421,1.4440337097052807,1.4369637285427257,0.7704835249042146,0.830981766193447,2.689342591324745,0.14,0.06376360808709176,0.7701907323717319,0.8421229530135014,1770,3.5118663576088744
genetic,genetic::lvl-76.txt,200,16,0.1196875,0.876875,10,0.05,3,0.015,0.025,0.83,6,0.115,5,0.0030774760236788046,0.9969225239763212,1.3430660089510036,1.3375161814251328,0.6406706349206349,0.7871361556184501,2.9538851625197,0.125,0.0640746500777605,0.7701907323717319,0.8421229530135014,1770,3.4397444574328406
genetic,genetic::lvl-77.txt,200,16,0.149375,0.84875,5,0.025,0,0.0,0.0,1.275,5,0.125,6,2.6867921757656177e-05,0.9999731320782423,1.7343239448535543,1.724408209638712,0.6130268199233716,0.8963092098317742,3.292423054495746,0.13,0.06531881804043546,0.7701907323717319,0.8421229530135014,1770,3.0182546071532026
genetic,genetic::lvl-78.txt,200,16,0.1259375,0.8715625,7,0.035,1,0.005,0.035,0.84,2,0.055,6,0.028048381955560808,0.9719516180444392,1.3881459406727774,1.4005631808247656,0.6856267719897523,0.8385955603060185,3.1935812571065094,0.155,0.06345256609642301,0.7701907323717319,0.8421229530135014,1770,3.317760063583862
genetic,genetic::lvl-79.txt,200,16,0.1253125,0.8715625,9,0.045,3,0.015,0.03,0.79,2,0.04,5,0.04292487125050226,0.9570751287494977,1.497389099519428,1.5226070564212846,0.7285238934056008,0.820456180288486,2.778060899553699,0.145,0.05567651632970451,0.7701907323717319,0.8421229530135014,1770,3.5038870094979027
genetic,genetic::lvl-8.txt,200,16,0.145,0.85375,3,0.015,9,0.045,0.09,0.875,3,0.035,3,0.06886765885060753,0.9311323411493925,1.621196224492681,1.6713519297104737,0.8183508008008007,0.9258990901586308,3.2867121523328344,0.16,0.06251944012441679,0.7701907323717319,0.8421229530135014,1770,3.6379743368731434
genetic,genetic::lvl-80.txt,200,16,0.1209375,0.875625,10,0.05,9,0.045,0.055,0.625,2,0.055,6,0.017140737723920108,0.9828592622760799,1.5293065263871775,1.5344006567873323,0.6948161016949153,0.8190290094151882,3.045813083037997,0.18,0.0594090202177294,0.7701907323717319,0.8421229530135014,1770,2.9435653116236233
genetic,genetic::lvl-81.txt,200,16,0.15125,0.8459375,8,0.04,3,0.015,0.03,1.11,3,0.05,4,0.06524740951636032,0.9347525904836397,1.844481534159362,1.8977023576491514,0.7438573800738008,0.9403701291611708,3.226407420652659,0.155,0.06283048211508553,0.7701907323717319,0.8421229530135014,1770,3.264834970871666
genetic,genetic::lvl-82.txt,200,16,0.144375,0.8528125,8,0.04,1,0.005,0.01,0.965,1,0.01,2,0.017636965044123487,0.9823630349558765,1.5569403683149454,1.5629008005487366,0.8677508658008658,0.9014296755425751,2.9808636537562543,0.145,0.059720062208398136,0.7701907323717319,0.8421229530135014,1770,3.449265710949766
genetic,genetic::lvl-83.txt,200,16,0.12125,0.8759375,8,0.04,5,0.025,0.035,0.905,3,0.06,5,0.011365185782541865,0.9886348142174581,1.406506014196525,1.4070229818110649,0.7087506993006993,0.8111065244742229,2.7829036227872512,0.12,0.06158631415241057,0.7701907323717319,0.8421229530135014,1770,3.4062791460800987
genetic,genetic::lvl-84.txt,200,16,0.100625,0.8975,5,0.025,0,0.0,0.0,0.585,2,0.055,6,0.00806548707012611,0.9919345129298739,1.444581217278471,1.442747612756045,0.6866952789699571,0.6504334517774166,1.5267645310105373,0.05,0.04541213063763608,0.7701907323717319,0.8421229530135014,1770,4.856244589606851
genetic,genetic::lvl-85.txt,200,16,0.1209375,0.87625,8,0.04,6,0.03,0.045,0.765,2,0.035,5,0.005238023621773946,0.994761976378226,1.6491332058094934,1.6448798379619491,0.7426614259597806,0.7836751378335737,2.158070559138117,0.095,0.053499222395023326,0.7701907323717319,0.8421229530135014,1770,3.687925401508982
genetic,genetic::lvl-86.txt,200,16,0.115,0.883125,5,0.025,4,0.02,0.045,0.685,4,0.08,6,0.0028598431329461826,0.9971401568670538,1.3154910388099226,1.3101969171541457,0.6663362139917696,0.7695977731414694,2.974911866044866,0.135,0.060342146189735615,0.7701907323717319,0.8421229530135014,1770,3.722534040444041
genetic,genetic::lvl-87.txt,200,16,0.12375,0.8728125,10,0.05,2,0.01,0.035,0.88,4,0.07,5,0.012228371647480363,0.9877716283525196,1.3841864674725983,1.3852200357150897,0.6879606837606838,0.8194251670541328,3.012345911275499,0.13,0.06438569206842924,0.7701907323717319,0.8421229530135014,1770,3.3186891976680872
genetic,genetic::lvl-88.txt,200,16,0.1559375,0.84125,8,0.04,5,0.025,0.055,1.16,4,0.08,5,0.07469435060083973,0.9253056493991603,1.5879877807215625,1.6418418893722813,0.6855256756756757,0.9642630127251406,3.5928529244451974,0.16,0.0671850699844479,0.7701907323717319,0.8421229530135014,1770,3.313047253364557
genetic,genetic::lvl-89.txt,200,16,0.1653125,0.8321875,7,0.035,0,0.0,0.025,1.42,1,0.01,2,0.04126165037478269,0.9587383496252173,1.8693197857048813,1.8994549317773455,0.8691210640608034,0.9959005694513776,3.068246095521236,0.155,0.06998444790046657,0.7701907323717319,0.8421229530135014,1770,3.1752652766742187
genetic,genetic::lvl-9.txt,200,16,0.1190625,0.8784375,7,0.035,1,0.005,0.005,0.95,9,0.135,6,0.0023827241142482247,0.9976172758857518,1.3183571563488783,1.3122787733061878,0.6029018407212622,0.7432908879597767,2.71652681921665,0.075,0.060653188180404355,0.7701907323717319,0.8421229530135014,1770,3.983619140420016
genetic,genetic::lvl-90.txt,200,16,0.0990625,0.898125,8,0.04,2,0.01,0.02,0.435,0,0.0,0,0.06366100165344102,0.936338998346559,1.0425695440946763,1.0720278681079143,0.974773786407767,0.6588301702576407,1.7933539865107249,0.095,0.04758942457231726,0.7701907323717319,0.8421229530135014,1770,5.5610457833881854
genetic,genetic::lvl-91.txt,200,16,0.1278125,0.8715625,1,0.005,2,0.01,0.035,0.785,3,0.06,5,0.0036358825448978838,0.9963641174551021,1.5519181107476452,1.5464550797603578,0.7165775601068566,0.7982406674769535,2.760317467756021,0.105,0.05629860031104199,0.7701907323717319,0.8421229530135014,1770,3.875706459270503
genetic,genetic::lvl-92.txt,200,16,0.13875,0.8596875,4,0.02,5,0.025,0.04,0.96,1,0.01,2,0.00758525768094509,0.9924147423190549,1.765031255276688,1.7627926754241197,0.8867429824561402,0.8784303098344827,2.642816671633404,0.135,0.06220839813374806,0.7701907323717319,0.8421229530135014,1770,3.514513703691496
genetic,genetic::lvl-93.txt,200,16,0.1396875,0.85875,4,0.02,2,0.01,0.01,1.02,3,0.07,5,0.0020343709487606887,0.9979656290512393,1.6406465121343772,1.6334643742516575,0.6981444444444445,0.8716437289105654,3.067010089628222,0.125,0.060031104199066876,0.7701907323717319,0.8421229530135014,1770,3.301983003893135
genetic,genetic::lvl-94.txt,200,16,0.163125,0.8340625,8,0.04,2,0.01,0.025,1.375,4,0.075,6,0.013085034390961758,0.9869149656090382,1.8997087653688185,1.9018963278986862,0.6629785831960461,0.9891741264005183,3.319664720030484,0.165,0.07216174183514774,0.7701907323717319,0.8421229530135014,1770,2.2471905227218048
genetic,genetic::lvl-95.txt,200,16,0.1403125,0.8571875,7,0.035,1,0.005,0.005,1.175,3,0.06,6,0.00012077728841042301,0.9998792227115896,1.5215340343084232,1.513510529873521,0.6792420406435224,0.8619114703230732,2.8512888524022997,0.11,0.06220839813374806,0.7701907323717319,0.8421229530135014,1770,3.350803800248126
genetic,genetic::lvl-96.txt,200,16,0.14125,0.85625,7,0.035,3,0.015,0.03,1.13,5,0.075,5,0.08820196142143322,0.9117980385785668,1.4675238666289485,1.5285354902878092,0.6890267719897524,0.8962693053855324,3.3240845948459885,0.14,0.07216174183514774,0.7701907323717319,0.8421229530135014,1770,4.033081718070722
genetic,genetic::lvl-97.txt,200,16,0.1084375,0.8884375,9,0.045,7,0.035,0.06,0.62,3,0.07,6,0.15185058676503937,0.8481494132349606,1.2554695550988462,1.355883706909277,0.6762503314001657,0.7466566584512853,2.8045603558596177,0.145,0.05505443234836703,0.7701907323717319,0.8421229530135014,1770,6.6881165164635705
genetic,genetic::lvl-98.txt,200,16,0.1184375,0.88,4,0.02,5,0.025,0.05,0.69,0,0.0,0,0.08121404468420568,0.9187859553157943,1.47923739693755,1.5354946271478775,0.9949716748768475,0.7764779705425131,2.1612705373024554,0.105,0.04727838258164852,0.7701907323717319,0.8421229530135014,1770,5.316844598727657
genetic,genetic::lvl-99.txt,200,16,0.115625,0.88125,9,0.045,6,0.03,0.035,0.73,2,0.025,3,0.08016539939109757,0.9198346006089024,1.1942420688238322,1.2387932878383807,0.8136072216649949,0.7801785725411174,2.6345225615674606,0.12,0.056920684292379474,0.7701907323717319,0.8421229530135014,1770,4.64514222556562
hopper,hopper::lvl-1.txt,200,16,0.173125,0.8196875,22,0.11,0,0.0,0.0,1.79,7,0.13,5,0.6119149808578539,0.3880850191421461,1.2461635545001657,1.9888462269135747,0.6033182503770739,0.9689853022094553,3.6118149277079326,0.135,0.06283048211508553,0.7304660023307683,0.8338532133606136,1770,25.395157473815303
hopper,hopper::lvl-10.txt,200,16,0.2028125,0.7884375,27,0.135,0,0.0,0.005,2.225,5,0.1,5,0.30223086667795185,0.6977691333220482,2.004425223875837,2.3862048875635344,0.624612099921936,1.0518055116195295,3.4673003798891395,0.105,0.0640746500777605,0.7304660023307683,0.8338532133606136,1770,12.382340342493386
hopper,hopper::lvl-100.txt,200,16,0.1778125,0.8146875,23,0.115,0,0.0,0.0,1.88,7,0.13,5,0.6258405409607257,0.3741594590392743,1.3966961023646982,2.2701949643978443,0.6019563581640331,0.9724184248176826,3.2734878083186114,0.12,0.060031104199066876,0.7304660023307683,0.8338532133606136,1770,26.002088333768864
hopper,hopper::lvl-11.txt,200,16,0.1815625,0.8090625,29,0.145,4,0.02,0.03,1.875,4,0.075,5,0.3850538919942986,0.6149461080057014,1.407091568444911,1.7846107829040114,0.6543259498787389,1.021753588633349,3.609203460081839,0.135,0.06158631415241057,0.7304660023307683,0.8338532133606136,1770,15.814992202365874
hopper,hopper::lvl-12.txt,200,16,0.21,0.78,31,0.155,1,0.005,0.03,2.36,5,0.1,5,0.18550642617324486,0.8144935738267551,1.4437035373682081,1.5907719998653345,0.6210661639597834,1.0744463254642718,3.725490148641145,0.13,0.061275272161741834,0.7304660023307683,0.8338532133606136,1770,7.724798592469043
hopper,hopper::lvl-13.txt,200,16,0.2128125,0.78,22,0.11,2,0.01,0.06,2.3,5,0.11,5,0.2876679721615758,0.7123320278384242,2.303884365343877,2.7143495487954996,0.6267839813374806,1.1114760501202023,3.9559634341438046,0.17,0.0687402799377916,0.7304660023307683,0.8338532133606136,1770,11.679072688550997
hopper,hopper::lvl-14.txt,200,16,0.1934375,0.8003125,19,0.095,2,0.01,0.025,2.03,6,0.11,5,0.028622841260131593,0.9713771587398684,2.5444559435911773,2.5671268246468637,0.6304682850430697,1.0369971610601287,3.6166385908090364,0.135,0.060653188180404355,0.7304660023307683,0.8338532133606136,1770,2.417936107758676
hopper,hopper::lvl-15.txt,200,16,0.1315625,0.8590625,29,0.145,5,0.025,0.04,1.065,7,0.125,5,0.004966253749028482,0.9950337462509715,1.447874776784414,1.4431654550370325,0.6079045250560956,0.8671450936156782,3.6055970517928038,0.135,0.06220839813374806,0.7304660023307683,0.8338532133606136,1770,3.210580529127632
hopper,hopper::lvl-16.txt,200,16,0.1409375,0.8528125,19,0.095,2,0.01,0.04,1.24,5,0.105,5,0.025484294777596173,0.9745157052224038,1.8470821147369783,1.8605952139322715,0.6357127861089187,0.8756384719969998,3.352141139154947,0.13,0.06189735614307931,0.7304660023307683,0.8338532133606136,1770,2.678858683991076
hopper,hopper::lvl-17.txt,200,16,0.1540625,0.83625,30,0.15,3,0.015,0.065,1.41,6,0.1,5,0.0037844987442334777,0.9962155012557665,1.8051750531000794,1.7985247727025313,0.6267050387596899,0.9521229127311641,3.480942403967492,0.13,0.06251944012441679,0.7304660023307683,0.8338532133606136,1770,2.9271265650139737
hopper,hopper::lvl-18.txt,200,16,0.14125,0.8484375,32,0.16,0,0.0,0.0,1.28,7,0.12,5,0.05011005980958716,0.9498899401904128,1.6321922031875404,1.6651484023842469,0.5988023952095809,0.8799743327184106,3.295506265425732,0.115,0.06158631415241057,0.7304660023307683,0.8338532133606136,1770,3.621752525185425
hopper,hopper::lvl-19.txt,200,16,0.145,0.8465625,26,0.13,4,0.02,0.07,1.23,6,0.095,4,0.006983014809583521,0.9930169851904165,2.0088280295460597,2.0047104262320676,0.6598657980456026,0.9251923104980396,3.3424269051354427,0.14,0.06687402799377916,0.7304660023307683,0.8338532133606136,1770,2.5739160094308495
hopper,hopper::lvl-2.txt,200,16,0.1171875,0.876875,18,0.09,1,0.005,0.03,0.845,7,0.13,5,0.024061995299267447,0.9759380047007326,1.550835711956552,1.5607892933995942,0.61117800608828,0.7856540498086487,2.9833704137590873,0.11,0.05412130637636081,0.7304660023307683,0.8338532133606136,1770,3.507285506218983
hopper,hopper::lvl-20.txt,200,16,0.1203125,0.8690625,33,0.165,0,0.0,0.03,0.88,7,0.135,5,0.07367454027224574,0.9263254597277543,1.426616850773781,1.4736710527612553,0.5849681519357195,0.826825601885435,3.1305139989395188,0.11,0.060342146189735615,0.7304660023307683,0.8338532133606136,1770,4.46548685486818
hopper,hopper::lvl-21.txt,200,16,0.258125,0.7325,29,0.145,8,0.04,0.12,2.905,2,0.05,5,0.3667674435638937,0.6332325564361063,2.3325942179008052,2.915813224300001,0.6903679865206401,1.2623617209590738,4.291332553446586,0.19,0.06687402799377916,0.7304660023307683,0.8338532133606136,1770,15.213444545749656
hopper,hopper::lvl-22.txt,200,16,0.144375,0.850625,15,0.075,5,0.025,0.07,1.25,7,0.11,5,0.01007869635537384,0.9899213036446262,2.1767942018068287,2.1755214487666357,0.6425610671936759,0.895981605598385,3.508787891424782,0.14,0.05909797822706065,0.7304660023307683,0.8338532133606136,1770,2.4232044426417136
hopper,hopper::lvl-23.txt,200,16,0.2303125,0.7646875,15,0.075,1,0.005,0.04,2.63,5,0.11,5,0.22331208538598812,0.7766879146140119,1.917310141874864,2.1632934161231776,0.634961067193676,1.1161216489763566,3.621349625441497,0.115,0.05909797822706065,0.7304660023307683,0.8338532133606136,1770,9.125458691521633
hopper,hopper::lvl-24.txt,200,16,0.1740625,0.8190625,21,0.105,3,0.015,0.025,1.77,4,0.07,4,0.16728096712393414,0.8327190328760659,1.5173536307814137,1.6538267113195726,0.6936261822871883,0.9677824490391427,3.152313076526539,0.11,0.05723172628304821,0.7304660023307683,0.8338532133606136,1770,6.862938901713382
hopper,hopper::lvl-25.txt,200,16,0.1490625,0.8415625,29,0.145,3,0.015,0.065,1.33,5,0.105,5,0.0006843612343456762,0.9993156387656543,1.5351756666399436,1.52709780776832,0.6233580185042406,0.930737454013941,3.566602672529423,0.145,0.0656298600311042,0.7304660023307683,0.8338532133606136,1770,2.9773727151448552
hopper,hopper::lvl-26.txt,200,16,0.0984375,0.8953125,19,0.095,1,0.005,0.01,0.54,7,0.13,5,0.00034186935957103426,0.999658130640429,1.297124018336769,1.2898682390019514,0.6093911541381929,0.6878612186068697,2.8487594644870238,0.13,0.05629860031104199,0.7304660023307683,0.8338532133606136,1770,4.118594417733678
hopper,hopper::lvl-27.txt,200,16,0.2003125,0.7915625,25,0.125,1,0.005,0.025,2.21,6,0.11,4,0.1347635812929825,0.8652364187070175,1.6224376536383176,1.734390771878435,0.6397001992031872,1.045785398153617,3.450683011287738,0.13,0.0687402799377916,0.7304660023307683,0.8338532133606136,1770,5.522545827626848
hopper,hopper::lvl-28.txt,200,16,0.19875,0.795625,17,0.085,2,0.01,0.06,2.115,6,0.13,5,0.2917775760319088,0.7082224239680912,1.8451347674154317,2.179881345245649,0.6149212051868803,1.074938059204727,3.911478985993943,0.155,0.0656298600311042,0.7304660023307683,0.8338532133606136,1770,11.785904704105558
hopper,hopper::lvl-29.txt,200,16,0.165,0.829375,17,0.085,4,0.02,0.065,1.58,6,0.105,5,0.006641274416609666,0.9933587255833903,2.2901530809407964,2.2849230306819024,0.6427171292624901,0.961479340465457,3.634055384137752,0.14,0.059720062208398136,0.7304660023307683,0.8338532133606136,1770,2.2752077448018877
hopper,hopper::lvl-3.txt,200,16,0.2003125,0.795625,12,0.06,3,0.015,0.035,2.075,4,0.09,5,0.10350901885409147,0.8964909811459085,2.110812009108743,2.21705849897468,0.6638447368421053,1.0448385185366296,3.9527588440045096,0.145,0.06376360808709176,0.7304660023307683,0.8338532133606136,1770,4.191339466934088
hopper,hopper::lvl-30.txt,200,16,0.16125,0.82875,31,0.155,5,0.025,0.05,1.52,5,0.1,5,0.08300736863641145,0.9169926313635886,1.4796785794490905,1.536590742882148,0.6284661639597835,0.9795688709502505,3.7453435119901735,0.175,0.06936236391912909,0.7304660023307683,0.8338532133606136,1770,3.7577891948459556
hopper,hopper::lvl-31.txt,200,16,0.2653125,0.729375,16,0.08,2,0.01,0.045,3.205,4,0.08,4,0.5317650197633473,0.46823498023665266,2.1398811792242385,3.110172764000123,0.689331506849315,1.1768420200126797,3.1273818425431683,0.115,0.060964230171073094,0.7304660023307683,0.8338532133606136,1770,22.173037393039984
hopper,hopper::lvl-32.txt,200,16,0.113125,0.8790625,24,0.12,0,0.0,0.0,0.89,8,0.155,5,0.08420737194238426,0.9157926280576157,1.467272918148841,1.5241482556449004,0.5788712011577424,0.7541773993551553,2.6784109474120683,0.075,0.050077760497667184,0.7304660023307683,0.8338532133606136,1770,4.86477922381977
hopper,hopper::lvl-33.txt,200,16,0.265,0.7259375,28,0.14,3,0.015,0.07,3.16,4,0.065,5,0.09069258358673782,0.9093074164132622,3.2450428257296307,3.384777512346589,0.6656285831960461,1.2217531209643127,3.9702904659532012,0.145,0.0687402799377916,0.7304660023307683,0.8338532133606136,1770,5.031808721763471
hopper,hopper::lvl-34.txt,200,16,0.2125,0.7821875,16,0.08,3,0.015,0.045,2.26,5,0.08,4,0.028774127949526607,0.9712258720504734,2.3862900322743776,2.40818522884107,0.691081506849315,1.092055879153249,3.789139530347289,0.155,0.06220839813374806,0.7304660023307683,0.8338532133606136,1770,2.388082979060528
hopper,hopper::lvl-35.txt,200,16,0.1821875,0.809375,26,0.13,2,0.01,0.03,1.85,7,0.14,5,0.3546277043993564,0.6453722956006436,1.7738357942457,2.195171686166458,0.5932016200294551,1.0289251130186643,3.719722238809789,0.135,0.06687402799377916,0.7304660023307683,0.8338532133606136,1770,14.478578190383304
hopper,hopper::lvl-36.txt,200,16,0.19,0.8009375,28,0.14,1,0.005,0.04,2.03,5,0.085,5,0.26160692349802617,0.7383930765019738,1.6740491596752112,1.9374840763140013,0.6405085326953749,1.0410729996758445,3.2909185378599135,0.125,0.06220839813374806,0.7304660023307683,0.8338532133606136,1770,10.673189963152591
hopper,hopper::lvl-37.txt,200,16,0.2284375,0.765,20,0.1,1,0.005,0.05,2.575,6,0.105,5,0.001208470647242721,0.9987915293527573,2.934179759168415,2.9195062500655027,0.6326712598425197,1.1347401117772362,3.837432472399777,0.16,0.06780715396578538,0.7304660023307683,0.8338532133606136,1770,2.9250969181353534
hopper,hopper::lvl-38.txt,200,16,0.1840625,0.8096875,19,0.095,0,0.0,0.05,1.795,6,0.125,5,0.019792502083363694,0.9802074979166363,2.465386031391089,2.4758820320715396,0.613088752869166,1.0191905856098957,3.9676043845713576,0.175,0.07278382581648522,0.7304660023307683,0.8338532133606136,1770,2.0392233962578645
hopper,hopper::lvl-39.txt,200,16,0.17625,0.818125,17,0.085,2,0.01,0.035,1.765,5,0.095,5,0.34659110169313834,0.6534088983068617,1.6855100724654912,2.0736051268928923,0.6488414182111201,0.9943489432148818,3.667247989011277,0.16,0.06283048211508553,0.7304660023307683,0.8338532133606136,1770,14.10262451587411
hopper,hopper::lvl-4.txt,200,16,0.3040625,0.690625,16,0.08,5,0.025,0.07,3.765,5,0.085,5,0.006409041106642421,0.9935909588933576,2.983677699726379,2.976883475965819,0.6669644499178982,1.2638774983607335,4.222889374839731,0.175,0.0656298600311042,0.7304660023307683,0.8338532133606136,1770,4.158101352112949
hopper,hopper::lvl-40.txt,200,16,0.12125,0.8696875,28,0.14,1,0.005,0.005,0.955,6,0.11,5,0.003852854216973678,0.9961471457830263,1.4590408777380932,1.4536238666393126,0.6153469325153375,0.8051571331960492,3.1113825331620104,0.115,0.05443234836702955,0.7304660023307683,0.8338532133606136,1770,3.7623065618428133
hopper,hopper::lvl-41.txt,200,16,0.0959375,0.8990625,15,0.075,3,0.015,0.055,0.535,8,0.15,5,0.061919306158084386,0.9380806938419156,1.4848519266891658,1.52402898918019,0.6011455390334572,0.6843570921176291,2.9856040533840513,0.12,0.053188180404354586,0.7304660023307683,0.8338532133606136,1770,4.327148160661132
hopper,hopper::lvl-42.txt,200,16,0.1203125,0.8684375,35,0.175,2,0.01,0.06,0.87,5,0.095,5,0.0650168109867072,0.9349831890132928,1.2843689743067328,1.3209157937706615,0.6224606177606178,0.8455679758092103,3.5153473131983852,0.14,0.06376360808709176,0.7304660023307683,0.8338532133606136,1770,4.256189623181024
hopper,hopper::lvl-43.txt,200,16,0.231875,0.76125,21,0.105,6,0.03,0.11,2.625,5,0.1,5,0.37175748443459766,0.6282425155654023,2.1303900988426716,2.672816981628924,0.6461125098970706,1.154051974554379,3.872684993181159,0.15,0.06842923794712286,0.7304660023307683,0.8338532133606136,1770,15.230783260634588
hopper,hopper::lvl-44.txt,200,16,0.13875,0.854375,21,0.105,1,0.005,0.05,1.165,7,0.135,5,0.011159550136947582,0.9888404498630524,1.6735177590669001,1.673178276151995,0.6029000375093774,0.8815611002648055,3.4564372468490236,0.135,0.060031104199066876,0.7304660023307683,0.8338532133606136,1770,2.857552377480924
hopper,hopper::lvl-45.txt,200,16,0.1775,0.816875,17,0.085,7,0.035,0.09,1.675,6,0.095,5,0.0003396671410466068,0.9996603328589534,2.735145770639506,2.7204545556257678,0.6586914182111201,1.0384446564971543,3.964812075324708,0.19,0.06625194401244168,0.7304660023307683,0.8338532133606136,1770,2.0212527585252102
hopper,hopper::lvl-46.txt,200,16,0.24625,0.748125,17,0.085,1,0.005,0.045,2.93,5,0.105,5,0.47878900625302456,0.5212109937469754,2.1226217275264068,2.9236537617548035,0.6370671292624902,1.1416286906698532,3.358265136021659,0.115,0.05474339035769829,0.7304660023307683,0.8338532133606136,1770,19.88600925421555
hopper,hopper::lvl-47.txt,200,16,0.1071875,0.885625,22,0.11,0,0.0,0.0,0.745,7,0.155,5,7.957508373013233e-06,0.999992042491627,1.2256003657708394,1.2183315563097352,0.5813953488372093,0.7235812965044907,2.8300500060208202,0.09,0.053810264385692065,0.7304660023307683,0.8338532133606136,1770,4.237773464378191
hopper,hopper::lvl-48.txt,200,16,0.1196875,0.8753125,15,0.075,1,0.005,0.055,0.86,6,0.125,5,0.009433979383906221,0.9905660206160938,1.533207497145828,1.5316630950488734,0.6206106177606178,0.7962376996001403,3.2591183048609302,0.12,0.05847589424572317,0.7304660023307683,0.8338532133606136,1770,3.365678517605198
hopper,hopper::lvl-49.txt,200,16,0.2109375,0.7828125,19,0.095,2,0.01,0.045,2.295,5,0.115,5,0.6249173042210541,0.37508269577894593,1.5011417664023712,2.4371967221305595,0.6260006216006215,1.1010980015518617,3.7432267483584027,0.155,0.060964230171073094,0.7304660023307683,0.8338532133606136,1770,25.942303421792786
hopper,hopper::lvl-5.txt,200,16,0.183125,0.8059375,34,0.17,1,0.005,0.04,1.835,5,0.1,5,0.35664423300460024,0.6433557669953998,1.2478645476567447,1.5470900601842763,0.6169893241167436,1.0393455750512102,3.8347729430313557,0.135,0.06251944012441679,0.7304660023307683,0.8338532133606136,1770,14.724530678953949
hopper,hopper::lvl-50.txt,200,16,0.1734375,0.8209375,17,0.085,4,0.02,0.05,1.755,5,0.095,5,0.20509082164623704,0.794909178353763,1.893436552199007,2.1119285881260947,0.6526414182111201,0.9824878977878518,3.626447395244632,0.145,0.05629860031104199,0.7304660023307683,0.8338532133606136,1770,8.212138582727444
hopper,hopper::lvl-51.txt,200,16,0.16625,0.82625,23,0.115,8,0.04,0.115,1.545,4,0.075,4,0.05948954128815731,0.9405104587118427,1.9251212457422555,1.974312762420592,0.6948411365564038,1.0101579550935567,3.8711373977743726,0.18,0.06594090202177294,0.7304660023307683,0.8338532133606136,1770,2.5253578935067638
hopper,hopper::lvl-52.txt,200,16,0.114375,0.8803125,16,0.08,1,0.005,0.09,0.645,5,0.09,5,0.032300907089090725,0.9676990929109093,1.3801005686897105,1.395214966866275,0.6550157980456027,0.785201263914612,3.12485826661392,0.115,0.06158631415241057,0.7304660023307683,0.8338532133606136,1770,3.548241411836624
hopper,hopper::lvl-53.txt,200,16,0.2084375,0.78625,16,0.08,4,0.02,0.045,2.36,5,0.12,5,0.2525308518576892,0.7474691481423108,2.6386763027295186,3.034644144318181,0.6290180124223603,1.0674242117173698,3.7037169218521484,0.145,0.06469673405909798,0.7304660023307683,0.8338532133606136,1770,10.253269557409062
hopper,hopper::lvl-54.txt,200,16,0.1665625,0.8234375,31,0.155,0,0.0,0.045,1.605,3,0.07,5,0.00538488014796612,0.9946151198520339,1.5786281480266493,1.5743625599676119,0.64972400648824,0.9883061793249697,3.578133677180056,0.13,0.05909797822706065,0.7304660023307683,0.8338532133606136,1770,3.2459814720386717
hopper,hopper::lvl-55.txt,200,16,0.135625,0.8540625,32,0.16,0,0.0,0.04,1.015,7,0.1,4,0.012321597288491803,0.9876784027115082,1.607564404642065,1.6085492083102573,0.6377426751592357,0.9119796367957372,3.323009436745816,0.135,0.06376360808709176,0.7304660023307683,0.8338532133606136,1770,3.3355364704931727
hopper,hopper::lvl-56.txt,200,16,0.1459375,0.8453125,27,0.135,1,0.005,0.02,1.255,6,0.095,4,0.07631119181350932,0.9236888081864907,1.5708713153917047,1.6254177449063634,0.6520281478472786,0.9117564852116545,3.292161376030132,0.105,0.05909797822706065,0.7304660023307683,0.8338532133606136,1770,3.963812893926799
hopper,hopper::lvl-57.txt,200,16,0.0990625,0.89125,30,0.15,1,0.005,0.02,0.61,7,0.115,5,0.037937376118485355,0.9620626238815146,1.2520860519672337,1.2693018044441227,0.6082106060606061,0.7257091756877451,2.770250147135748,0.11,0.05505443234836703,0.7304660023307683,0.8338532133606136,1770,4.374032620094921
hopper,hopper::lvl-58.txt,200,16,0.1534375,0.8415625,15,0.075,2,0.01,0.11,1.31,6,0.115,5,0.0800588290409554,0.9199411709590446,1.9920878144014065,2.065193941070913,0.6331509803921569,0.9443516807809236,3.73209350098192,0.145,0.06189735614307931,0.7304660023307683,0.8338532133606136,1770,3.4425710746825935
hopper,hopper::lvl-59.txt,200,16,0.1390625,0.8559375,15,0.075,2,0.01,0.025,1.205,4,0.085,5,0.3193338372199802,0.6806661627800198,1.4192667492357847,1.7108450988482211,0.6624362139917696,0.8641463232052433,3.2270687860894482,0.095,0.05474339035769829,0.7304660023307683,0.8338532133606136,1770,13.156103568058725
hopper,hopper::lvl-6.txt,200,16,0.1415625,0.849375,28,0.14,1,0.005,0.035,1.275,7,0.12,5,0.17936560268023027,0.8206343973197697,1.66064541021071,1.822721605069402,0.6066796072507552,0.8924580088030558,3.1761322979535254,0.12,0.0594090202177294,0.7304660023307683,0.8338532133606136,1770,7.458664846326199
hopper,hopper::lvl-60.txt,200,16,0.1803125,0.8103125,29,0.145,6,0.03,0.04,1.795,6,0.11,5,0.01147537271488841,0.9885246272851116,2.250749469519883,2.2510220153570284,0.623388752869166,1.0291162462685821,3.685198875193065,0.145,0.06469673405909798,0.7304660023307683,0.8338532133606136,1770,2.3587825336423824
hopper,hopper::lvl-61.txt,200,16,0.1284375,0.865,20,0.1,1,0.005,0.05,1.04,5,0.11,5,0.3145575119158148,0.6854424880841852,1.6743305409190923,2.010953467073896,0.62775,0.8397099330985541,3.382688573101734,0.135,0.05878693623639191,0.7304660023307683,0.8338532133606136,1770,12.912841793389386
hopper,hopper::lvl-62.txt,200,16,0.225625,0.7671875,22,0.11,3,0.015,0.055,2.6,6,0.13,5,0.17020131047057363,0.8297986895294264,2.5569605614936965,2.7907906322436467,0.6096682503770738,1.1208504651904663,3.9257969531346166,0.155,0.06811819595645412,0.7304660023307683,0.8338532133606136,1770,6.914764394062916
hopper,hopper::lvl-63.txt,200,16,0.25,0.74625,11,0.055,0,0.0,0.04,2.895,5,0.085,5,0.21890666776060652,0.7810933322393935,2.303568086125765,2.5921691069505735,0.6658041562759767,1.1412885133599673,3.634255811012656,0.135,0.0671850699844479,0.7304660023307683,0.8338532133606136,1770,9.043114615736778
hopper,hopper::lvl-64.txt,200,16,0.144375,0.845,33,0.165,0,0.0,0.0,1.205,5,0.11,5,0.10344313405559213,0.8965568659444079,1.5680580538095552,1.6467192021688355,0.6065200909780136,0.9045859656313643,3.454023077232437,0.13,0.06314152410575427,0.7304660023307683,0.8338532133606136,1770,4.866722475612219
hopper,hopper::lvl-65.txt,200,16,0.16,0.833125,21,0.105,0,0.0,0.015,1.49,7,0.12,5,0.00010640548258455951,0.9998935945174154,1.9334778261434997,1.9225630571395274,0.6142677666922487,0.9390785332431146,3.486122144745351,0.12,0.06158631415241057,0.7304660023307683,0.8338532133606136,1770,2.746127909570812
hopper,hopper::lvl-66.txt,200,16,0.1603125,0.8315625,25,0.125,0,0.0,0.035,1.52,5,0.075,4,0.07438274343658535,0.9256172565634146,1.8218993778721058,1.883425069572824,0.6758054852320675,0.9620599676025609,3.2854481367063433,0.135,0.06158631415241057,0.7304660023307683,0.8338532133606136,1770,3.5816333706537353
hopper,hopper::lvl-67.txt,200,16,0.1521875,0.838125,30,0.15,2,0.01,0.055,1.335,4,0.08,5,0.060503822472362856,0.9394961775276371,1.6839078944982142,1.7278164591316187,0.6446000000000001,0.9495075515054237,3.3336031285522627,0.135,0.05847589424572317,0.7304660023307683,0.8338532133606136,1770,3.4734787380495664
hopper,hopper::lvl-68.txt,200,16,0.141875,0.8478125,32,0.16,2,0.01,0.08,1.115,5,0.08,4,0.052256857179646676,0.9477431428203533,1.6184900986302706,1.6534516655191165,0.6629947368421053,0.9370242361817377,3.6686742931904983,0.16,0.06531881804043546,0.7304660023307683,0.8338532133606136,1770,3.3467593799221005
hopper,hopper::lvl-69.txt,200,16,0.1803125,0.8115625,25,0.125,5,0.025,0.085,1.7,4,0.075,5,0.28581048100560813,0.7141895189943919,1.5361468500836075,1.8078636767678251,0.6635112244897958,1.041627947716796,3.863727787202009,0.145,0.06687402799377916,0.7304660023307683,0.8338532133606136,1770,11.570279723453993
hopper,hopper::lvl-7.txt,200,16,0.1896875,0.80375,20,0.1,3,0.015,0.065,1.86,3,0.065,5,0.591563675993809,0.408436324006191,1.4076190436163916,2.1907257614134137,0.6788189075630251,1.0607362388308994,3.7711222125271253,0.155,0.060653188180404355,0.7304660023307683,0.8338532133606136,1770,24.512356462021945
hopper,hopper::lvl-70.txt,200,16,0.1065625,0.8875,18,0.09,3,0.015,0.055,0.69,7,0.135,5,0.057649496939256584,0.9423505030607434,1.290484866847826,1.3216659040025711,0.6105796072507552,0.7504455136830528,2.9869675877289446,0.14,0.061275272161741834,0.7304660023307683,0.8338532133606136,1770,3.881927697766183
hopper,hopper::lvl-71.txt,200,16,0.1684375,0.81875,40,0.2,3,0.015,0.035,1.685,3,0.07,5,0.07454223512381586,0.9254577648761841,1.6871647541726864,1.7443419757030993,0.6408706349206349,1.0010679805182257,3.0682883415277775,0.105,0.06314152410575427,0.7304660023307683,0.8338532133606136,1770,4.3167102986988946
hopper,hopper::lvl-72.txt,200,16,0.1221875,0.871875,18,0.09,2,0.01,0.025,0.95,7,0.145,5,0.11565090267101819,0.8843490973289818,1.5115826690965972,1.5979578979402056,0.5992380952380952,0.8089845975408605,3.2988214037003956,0.13,0.059720062208398136,0.7304660023307683,0.8338532133606136,1770,5.138225252199902
hopper,hopper::lvl-73.txt,200,16,0.2175,0.774375,25,0.125,2,0.01,0.03,2.525,5,0.11,5,0.6333677092333612,0.36663229076663884,1.3630744153056593,2.238466208883235,0.6218606177606177,1.0966013879095735,3.2870533811000544,0.13,0.0594090202177294,0.7304660023307683,0.8338532133606136,1770,26.33448470408337
hopper,hopper::lvl-74.txt,200,16,0.12375,0.869375,21,0.105,0,0.0,0.08,0.925,6,0.095,5,0.009215114969268634,0.9907848850307314,1.7943072895183425,1.792645285363381,0.6400676775738229,0.827311869366533,3.1246786624143503,0.125,0.053810264385692065,0.7304660023307683,0.8338532133606136,1770,3.329553362366695
hopper,hopper::lvl-75.txt,200,16,0.135,0.859375,17,0.085,3,0.015,0.06,1.05,5,0.11,5,0.11157510172429208,0.8884248982757079,1.522393090526164,1.6060637369609312,0.6358756490952006,0.8648317454833777,3.1863901131841397,0.125,0.0594090202177294,0.7304660023307683,0.8338532133606136,1770,4.8443177258816075
hopper,hopper::lvl-76.txt,200,16,0.2446875,0.7503125,15,0.075,1,0.005,0.06,2.815,4,0.09,5,0.3499119129156043,0.6500880870843957,2.5840383077247906,3.1872299841118754,0.6560112244897959,1.1579548924138197,3.8820572196490786,0.165,0.06656298600311042,0.7304660023307683,0.8338532133606136,1770,14.459453522780448
hopper,hopper::lvl-77.txt,200,16,0.14,0.8490625,34,0.17,4,0.02,0.04,1.175,6,0.1,4,0.31685787360376905,0.683142126396231,1.5106013524998831,1.8174734871637632,0.6417144215530903,0.9096590394211772,3.55649471021133,0.135,0.06345256609642301,0.7304660023307683,0.8338532133606136,1770,13.062328260793295
hopper,hopper::lvl-78.txt,200,16,0.13125,0.861875,21,0.105,1,0.005,0.025,0.97,7,0.135,5,0.029376933351959678,0.9706230666480403,1.4959116219860376,1.509578270969401,0.6024000375093773,0.844579571621893,3.4394607157249912,0.125,0.06189735614307931,0.7304660023307683,0.8338532133606136,1770,3.100955878782269
hopper,hopper::lvl-79.txt,200,16,0.1675,0.825625,21,0.105,2,0.01,0.04,1.615,5,0.09,5,0.42521810664941584,0.5747818933505842,1.4267193014639428,1.8714901940516786,0.6479041834271922,0.9804858664333995,3.640832210015157,0.135,0.06469673405909798,0.7304660023307683,0.8338532133606136,1770,17.46040443369455
hopper,hopper::lvl-8.txt,200,16,0.1440625,0.8525,10,0.05,7,0.035,0.11,1.115,6,0.08,3,0.0006076895372839619,0.999392310462716,2.133016585843243,2.1220372986322342,0.7351707207207205,0.8931598737571621,3.106278945931861,0.13,0.05505443234836703,0.7304660023307683,0.8338532133606136,1770,2.8243151209227713
hopper,hopper::lvl-80.txt,200,16,0.1878125,0.8009375,35,0.175,2,0.01,0.015,1.97,5,0.085,5,0.16398793824800462,0.8360120617519954,1.7804623781435303,1.9366015369339575,0.6312509803921569,1.0451297971122084,3.5108038492610683,0.115,0.060964230171073094,0.7304660023307683,0.8338532133606136,1770,6.92918159344072
hopper,hopper::lvl-81.txt,200,16,0.215,0.7790625,18,0.09,7,0.035,0.075,2.29,5,0.085,5,0.005251703295700794,0.9947482967042992,2.8442673341862066,2.8361392748670347,0.6673447712418301,1.123491473021111,3.9195685706964523,0.18,0.06936236391912909,0.7304660023307683,0.8338532133606136,1770,2.3101411851758593
hopper,hopper::lvl-82.txt,200,16,0.2765625,0.7196875,11,0.055,1,0.005,0.025,3.34,6,0.11,5,0.2653973541017709,0.7346026458982291,2.6053551977208236,3.0226442037689383,0.6407176775738227,1.2187529793517053,3.902680274340826,0.145,0.07309486780715396,0.7304660023307683,0.8338532133606136,1770,11.115129732475285
hopper,hopper::lvl-83.txt,200,16,0.1765625,0.815,26,0.13,4,0.02,0.08,1.715,8,0.15,5,0.0033014557464554617,0.9966985442535445,1.9972987175669596,1.988800824548095,0.5891515239477504,1.0255210898945524,4.021144332827379,0.185,0.06625194401244168,0.7304660023307683,0.8338532133606136,1770,2.1662891015067394
hopper,hopper::lvl-84.txt,200,16,0.1596875,0.8303125,31,0.155,2,0.01,0.03,1.415,6,0.13,5,0.0631549018488341,0.9368450981511659,1.616926540292084,1.6609095970747993,0.5953786400591278,0.9688916160286193,3.5625984093744476,0.14,0.06625194401244168,0.7304660023307683,0.8338532133606136,1770,3.3845344348745936
hopper,hopper::lvl-85.txt,200,16,0.150625,0.8378125,36,0.18,0,0.0,0.0,1.435,6,0.11,5,0.028706967548633444,0.9712930324513666,1.6316119924180017,1.6462208004618484,0.6024096385542168,0.9214658170176467,3.3656642653430286,0.11,0.0594090202177294,0.7304660023307683,0.8338532133606136,1770,3.6213466206416176
hopper,hopper::lvl-86.txt,200,16,0.175625,0.818125,19,0.095,0,0.0,0.015,1.745,5,0.115,5,0.32621262240189186,0.6737873775981081,1.8414120316261904,2.2306012035745217,0.6219006216006215,0.977978114123961,3.3780977761403532,0.11,0.05909797822706065,0.7304660023307683,0.8338532133606136,1770,13.32576921074401
hopper,hopper::lvl-87.txt,200,16,0.165625,0.826875,23,0.115,0,0.0,0.02,1.58,6,0.115,5,0.4978065928916162,0.5021934071083838,1.3697389682854149,1.9219173132967167,0.6162583525789068,0.9559794757630199,3.683721562098205,0.11,0.06345256609642301,0.7304660023307683,0.8338532133606136,1770,20.57516208375508
hopper,hopper::lvl-88.txt,200,16,0.2078125,0.781875,32,0.16,3,0.015,0.075,2.23,5,0.085,5,0.0586450047000594,0.9413549952999406,2.353773083365591,2.412690526581301,0.6386615323854661,1.1150162295719828,4.039752141244887,0.165,0.0656298600311042,0.7304660023307683,0.8338532133606136,1770,3.2457943461978296
hopper,hopper::lvl-89.txt,200,16,0.150625,0.8403125,28,0.14,5,0.025,0.08,1.305,5,0.09,5,0.014829017535947231,0.9851709824640528,1.5426843735527105,1.545687992645157,0.6432613924050632,0.972983466223247,3.760747509732556,0.135,0.06376360808709176,0.7304660023307683,0.8338532133606136,1770,2.758822482756949
hopper,hopper::lvl-9.txt,200,16,0.2296875,0.7609375,29,0.145,3,0.015,0.05,2.565,5,0.105,5,0.1661784868376729,0.8338215131623271,2.7830435737174892,3.030704373939482,0.6230580185042406,1.163385742794682,3.871964240178198,0.155,0.06656298600311042,0.7304660023307683,0.8338532133606136,1770,7.008438586917229
hopper,hopper::lvl-90.txt,200,16,0.21,0.7790625,34,0.17,3,0.015,0.05,2.245,6,0.105,5,0.007874479457276817,0.9921255205427232,2.6735681067781805,2.669119750674011,0.6160060975609756,1.1280575054926787,3.7933657113486743,0.145,0.06625194401244168,0.7304660023307683,0.8338532133606136,1770,3.1373220302530966
hopper,hopper::lvl-91.txt,200,16,0.139375,0.8509375,30,0.15,0,0.0,0.015,1.13,7,0.125,5,0.20838052678898655,0.7916194732110134,1.4521594510777838,1.6227816883867234,0.5973149253731342,0.8895224202369761,3.5345185235098104,0.115,0.060342146189735615,0.7304660023307683,0.8338532133606136,1770,8.697334399855523
hopper,hopper::lvl-92.txt,200,16,0.1690625,0.8190625,37,0.185,0,0.0,0.0,1.72,5,0.115,5,0.548508906009334,0.451491093990666,1.4369326852360393,2.1263963629922906,0.5965697240865026,0.9802818341220964,3.5927728162086456,0.115,0.060653188180404355,0.7304660023307683,0.8338532133606136,1770,22.825265768344178
hopper,hopper::lvl-93.txt,200,16,0.195,0.7928125,38,0.19,3,0.015,0.04,2.1,4,0.075,4,0.008804874254836115,0.9911951257451639,1.6235941279033668,1.6219504171176198,0.6596447712418301,1.0572455926589017,3.732909043686937,0.13,0.06531881804043546,0.7304660023307683,0.8338532133606136,1770,3.4464527636321125
hopper,hopper::lvl-94.txt,200,16,0.1996875,0.7928125,23,0.115,2,0.01,0.035,2.18,5,0.105,5,0.36577518732285674,0.6342248126771433,1.933041048145799,2.413679376404574,0.6296886630179829,1.049806782558421,3.628741461609092,0.135,0.0687402799377916,0.7304660023307683,0.8338532133606136,1770,14.943873253855225
hopper,hopper::lvl-95.txt,200,16,0.14125,0.8503125,26,0.13,0,0.0,0.03,1.265,6,0.115,5,0.10432811115584784,0.8956718888441522,1.5669712249215302,1.6463377654418727,0.6122207951070336,0.886449439423408,3.2347431801081576,0.1,0.0640746500777605,0.7304660023307683,0.8338532133606136,1770,4.7701089136635275
hopper,hopper::lvl-96.txt,200,16,0.3096875,0.6865625,11,0.055,8,0.04,0.135,3.85,5,0.095,5,0.019461696409805995,0.980538303590194,3.404349295722931,3.4189209528256543,0.6708291905151268,1.2773377544947104,3.784856455548609,0.135,0.0640746500777605,0.7304660023307683,0.8338532133606136,1770,4.617959649454122
hopper,hopper::lvl-97.txt,200,16,0.141875,0.849375,27,0.135,4,0.02,0.085,1.305,7,0.145,5,0.5903821668680675,0.40961783313193245,1.2455491315969316,1.9347138135754844,0.5922156819839534,0.9026359009762032,3.41189772448012,0.145,0.060342146189735615,0.7304660023307683,0.8338532133606136,1770,24.505034816471326
hopper,hopper::lvl-98.txt,200,16,0.1184375,0.87375,24,0.12,0,0.0,0.015,0.955,7,0.15,5,0.004834105507700359,0.9951658944922996,1.775363675926586,1.7691708221434908,0.5833903790087464,0.7915038505157147,2.9366920095911784,0.11,0.05816485225505443,0.7304660023307683,0.8338532133606136,1770,3.5133311668132507
hopper,hopper::lvl-99.txt,200,16,0.101875,0.89375,13,0.065,1,0.005,0.05,0.685,7,0.16,5,0.13447199144111455,0.8655280085588855,1.6242737401688774,1.7354738059290205,0.5914181383370125,0.6982682974686307,2.7231032787298783,0.115,0.05256609642301711,0.7304660023307683,0.8338532133606136,1770,6.220026340628045
marioDiffusion,marioDiffusion::level_1.txt,208,16,0.11087740384615384,0.88671875,6,0.028846153846153848,3,0.014423076923076924,0.02403846153846154,0.0,9,0.2932692307692308,32,0.024655186964577247,0.9753448130354228,2.3312410300980204,2.3464294019229763,0.30360852514496106,0.5410379097677432,2.8663799994550923,0.09615384615384616,0.06012563565659587,0.7815446620969468,0.8526016465006739,1770,4.74027951098628
marioDiffusion,marioDiffusion::level_10.txt,208,16,0.11147836538461539,0.8882211538461539,1,0.004807692307692308,0,0.0,0.15865384615384615,0.028846153846153848,8,0.6394230769230769,68,0.27845795161760967,0.7215420483823903,3.442047097320453,4.016134543906513,0.16977966909737302,0.5730434395347128,2.9613773949771054,0.09615384615384616,0.055937780436733475,0.7815446620969468,0.8526016465006739,1770,12.944906497419622
marioDiffusion,marioDiffusion::level_100.txt,208,16,0.14212740384615385,0.8560697115384616,6,0.028846153846153848,6,0.028846153846153848,0.1346153846153846,0.038461538461538464,12,0.08653846153846154,5,0.036250942992290036,0.96374905700771,2.4555374438183266,2.4880935308550094,0.6848401578227912,0.6825355078311719,2.7806151229967986,0.10096153846153846,0.06640741848638947,0.7815446620969468,0.8526016465006739,1770,3.4343234088402395
marioDiffusion,marioDiffusion::level_11.txt,208,16,0.11658653846153846,0.8816105769230769,1,0.004807692307692308,5,0.02403846153846154,0.0,0.0,5,0.20192307692307693,34,0.0003859913477688437,0.9996140086522312,2.3383887480139953,2.3247080834165064,0.3200939889978157,0.5393507211492747,2.4101619841137545,0.0673076923076923,0.05115166018546216,0.7815446620969468,0.8526016465006739,1770,5.020471318537119
marioDiffusion,marioDiffusion::level_12.txt,208,16,0.11388221153846154,0.8840144230769231,7,0.03365384615384615,0,0.0,0.0,0.0,10,0.11538461538461539,5,0.0030635823140257035,0.9969364176859743,2.2031019985115186,2.19477889405151,0.6395080707148347,0.5328853822417661,2.2774644148059884,0.08173076923076923,0.0529464552796889,0.7815446620969468,0.8526016465006739,1770,4.561483935976773
marioDiffusion,marioDiffusion::level_13.txt,208,16,0.11448317307692307,0.8849158653846154,2,0.009615384615384616,0,0.0,0.0,0.0,9,0.16826923076923078,13,0.0007832051851059951,0.999216794814894,2.3831252063282666,2.3702382445854306,0.4812586765386395,0.5204840453469382,2.0657067210558204,0.057692307692307696,0.04696380496559976,0.7815446620969468,0.8526016465006739,1770,5.034336416455395
marioDiffusion,marioDiffusion::level_14.txt,208,16,0.1349158653846154,0.8620793269230769,7,0.03365384615384615,5,0.02403846153846154,0.3894230769230769,0.019230769230769232,16,0.16826923076923078,7,0.08289208600188736,0.9171079139981126,3.365564931831097,3.4958265580688814,0.5730216259279469,0.7101964689559415,3.5074125845890864,0.15384615384615385,0.07029614119054742,0.7815446620969468,0.8526016465006739,1770,4.579831705749456
marioDiffusion,marioDiffusion::level_15.txt,208,16,0.16887019230769232,0.8287259615384616,7,0.03365384615384615,0,0.0,0.3125,0.0,8,0.14903846153846154,7,0.024331732437535503,0.9756682675624645,2.2818422917239327,2.2974616858558172,0.5783858822720396,0.7705447195387181,2.881590314122603,0.10576923076923077,0.057732575530960215,0.7815446620969468,0.8526016465006739,1770,3.179428812055543
marioDiffusion,marioDiffusion::level_16.txt,208,16,0.14032451923076922,0.8587740384615384,3,0.014423076923076924,0,0.0,0.2548076923076923,0.019230769230769232,9,0.2980769230769231,23,0.07152658461958317,0.9284734153804168,3.740863737345463,3.859645253022347,0.34921063808802666,0.6790996018180486,2.930504152460984,0.12980769230769232,0.05414298534250673,0.7815446620969468,0.8526016465006739,1770,5.489717879809883
marioDiffusion,marioDiffusion::level_17.txt,208,16,0.15174278846153846,0.8470552884615384,4,0.019230769230769232,0,0.0,0.16826923076923078,0.019230769230769232,9,0.10576923076923077,5,0.04660736139332766,0.9533926386066723,2.462836796795094,2.508719906532013,0.6574534349298501,0.6979161485596767,2.917075818585096,0.10576923076923077,0.06700568351779838,0.7815446620969468,0.8526016465006739,1770,3.672887500810241
marioDiffusion,marioDiffusion::level_18.txt,208,16,0.15985576923076922,0.8389423076923077,4,0.019230769230769232,0,0.0,0.0673076923076923,0.028846153846153848,9,0.375,22,0.04225168992652939,0.9577483100734706,2.772989784244618,2.81258410101094,0.32900840967476125,0.6958970344736403,2.9684994127963718,0.09615384615384616,0.06221956326652707,0.7815446620969468,0.8526016465006739,1770,4.355520001792452
marioDiffusion,marioDiffusion::level_19.txt,208,16,0.0907451923076923,0.9077524038461539,5,0.02403846153846154,0,0.0,0.08173076923076923,0.0,11,0.5721153846153846,31,0.004774486022710467,0.9952255139772895,2.5972904607062968,2.57835780955298,0.2517398279139246,0.4833639681763532,2.442170963413279,0.09615384615384616,0.048459467544122045,0.7815446620969468,0.8526016465006739,1770,6.065598967786551
marioDiffusion,marioDiffusion::level_2.txt,208,16,0.09555288461538461,0.9008413461538461,4,0.019230769230769232,9,0.04326923076923077,0.22596153846153846,0.019230769230769232,12,0.47596153846153844,30,0.3116079872348241,0.6883920127651759,3.769797374059953,4.510067494162711,0.28961803648979184,0.5632569963121009,3.040349650241466,0.11538461538461539,0.05623691295243793,0.7815446620969468,0.8526016465006739,1770,14.022417492074759
marioDiffusion,marioDiffusion::level_20.txt,208,16,0.11207932692307693,0.8855168269230769,8,0.038461538461538464,3,0.014423076923076924,0.14903846153846154,0.057692307692307696,12,0.15384615384615385,9,0.08485213603268416,0.9151478639673158,2.4487068376906103,2.5459132314331447,0.5446645530681908,0.6101408809712232,2.777454282885346,0.12980769230769232,0.057134310499551304,0.7815446620969468,0.8526016465006739,1770,4.790646822899249
marioDiffusion,marioDiffusion::level_21.txt,208,16,0.15174278846153846,0.8461538461538461,7,0.03365384615384615,9,0.04326923076923077,0.4567307692307692,0.0,10,0.21634615384615385,21,0.05005889995387691,0.9499411000461231,3.1129591775835506,3.176426634696073,0.40652638819188713,0.7541699293034642,3.7765527059945923,0.16826923076923078,0.056835177983846845,0.7815446620969468,0.8526016465006739,1770,3.6822435398680926
marioDiffusion,marioDiffusion::level_22.txt,208,16,0.11838942307692307,0.8810096153846154,2,0.009615384615384616,0,0.0,0.057692307692307696,0.0,10,0.3317307692307692,30,0.06189392688993922,0.9381060731100608,2.6385393801323973,2.707730810147779,0.3008656617158058,0.5551861098698643,3.056734257985596,0.11057692307692307,0.05623691295243793,0.7815446620969468,0.8526016465006739,1770,5.26717710070053
marioDiffusion,marioDiffusion::level_23.txt,208,16,0.07992788461538461,0.9167668269230769,10,0.04807692307692308,5,0.02403846153846154,0.02403846153846154,0.0,15,0.3173076923076923,18,0.013046820568947237,0.9869531794310528,1.8906595737794136,1.8916849100516542,0.3752849300822483,0.4468247753877588,2.6134882635305052,0.09134615384615384,0.05414298534250673,0.7815446620969468,0.8526016465006739,1770,5.256166962734851
marioDiffusion,marioDiffusion::level_24.txt,208,16,0.12169471153846154,0.8768028846153846,3,0.014423076923076924,10,0.04807692307692308,0.3076923076923077,0.0,15,0.08173076923076923,2,0.17050203322725965,0.8294979667727403,2.5062889232518226,2.7373963904379504,0.7833536443907034,0.6387138380572468,2.7875474239206675,0.1201923076923077,0.05982650314089141,0.7815446620969468,0.8526016465006739,1770,7.528380545382318
marioDiffusion,marioDiffusion::level_25.txt,208,16,0.12800480769230768,0.8716947115384616,1,0.004807692307692308,3,0.014423076923076924,0.038461538461538464,0.0,10,0.1201923076923077,8,4.647379872491086e-06,0.9999953526201275,2.3897270234381405,2.376709413674932,0.59264196561303,0.5753455888319576,2.4279421289355088,0.08653846153846154,0.05623691295243793,0.7815446620969468,0.8526016465006739,1770,4.351968334989404
marioDiffusion,marioDiffusion::level_26.txt,208,16,0.09735576923076923,0.9008413461538461,6,0.028846153846153848,10,0.04807692307692308,0.07692307692307693,0.0,16,0.16346153846153846,4,0.012654319764201727,0.9873456802357983,1.8641288715732172,1.865223665117472,0.6317537656239367,0.5115384200643974,2.2900088548246127,0.07211538461538461,0.05833084056236913,0.7815446620969468,0.8526016465006739,1770,4.511364172760927
marioDiffusion,marioDiffusion::level_27.txt,208,16,0.0859375,0.9134615384615384,2,0.009615384615384616,0,0.0,0.0,0.028846153846153848,15,0.6057692307692307,34,0.0472790719939723,0.9527209280060277,2.8081333286105123,2.848051965818039,0.23687507117640355,0.4460646297785104,2.7548440067361284,0.10096153846153846,0.058629973078073584,0.7815446620969468,0.8526016465006739,1770,6.4201718957389895
marioDiffusion,marioDiffusion::level_28.txt,208,16,0.11448317307692307,0.8840144230769231,5,0.02403846153846154,2,0.009615384615384616,0.1201923076923077,0.019230769230769232,13,0.13942307692307693,5,0.11404624430765031,0.8859537556923497,2.7353522301687594,2.8906641249810243,0.6243565913640263,0.5842118454921177,2.7875113709787036,0.1201923076923077,0.0592282381094825,0.7815446620969468,0.8526016465006739,1770,5.8199202659706915
marioDiffusion,marioDiffusion::level_29.txt,208,16,0.07992788461538461,0.9197716346153846,1,0.004807692307692308,0,0.0,0.0,0.0,11,0.6057692307692307,21,5.5190906391278105e-05,0.9999448090936087,1.6446687963488966,1.6309506430300091,0.2802667924274069,0.40583811251445834,2.6825717686296264,0.07211538461538461,0.04337421477714628,0.7815446620969468,0.8526016465006739,1770,6.716260443397303
marioDiffusion,marioDiffusion::level_3.txt,208,16,0.13341346153846154,0.8662860576923077,1,0.004807692307692308,0,0.0,0.1778846153846154,0.0,11,0.3942307692307692,24,0.07639972575813692,0.9236002742418631,3.953507701449601,4.086621336006777,0.3171176531126972,0.6258216957869908,2.7366196606877886,0.09615384615384616,0.05204905773257553,0.7815446620969468,0.8526016465006739,1770,6.2586724210113625
marioDiffusion,marioDiffusion::level_30.txt,208,16,0.08984375,0.9080528846153846,4,0.019230769230769232,3,0.014423076923076924,0.04326923076923077,0.0,15,0.1201923076923077,3,0.0003526170204477541,0.9996473829795522,1.509491327236005,1.5014848275192283,0.6885521225164727,0.47698117880587915,2.0790134177881243,0.07692307692307693,0.05115166018546216,0.7815446620969468,0.8526016465006739,1770,5.213324595933102
marioDiffusion,marioDiffusion::level_31.txt,208,16,0.15655048076923078,0.8413461538461539,6,0.028846153846153848,2,0.009615384615384616,0.30288461538461536,0.028846153846153848,11,0.30288461538461536,19,0.10138254837931726,0.8986174516206827,2.5462936041578357,2.668707162435502,0.37587832709925734,0.759070306550392,3.497997905140002,0.1346153846153846,0.06850134609632066,0.7815446620969468,0.8526016465006739,1770,4.877210506195937
marioDiffusion,marioDiffusion::level_32.txt,208,16,0.1045673076923077,0.8924278846153846,6,0.028846153846153848,5,0.02403846153846154,0.13942307692307693,0.0,20,0.15384615384615385,3,0.07710248608995618,0.9228975139100438,1.8629747459704828,1.928369915306217,0.653772204201421,0.5604082977063946,2.5998898008780404,0.125,0.05982650314089141,0.7815446620969468,0.8526016465006739,1770,4.77006361800519
marioDiffusion,marioDiffusion::level_33.txt,208,16,0.10486778846153846,0.8921274038461539,10,0.04807692307692308,0,0.0,0.11538461538461539,0.028846153846153848,11,0.12980769230769232,7,0.032259270990069755,0.9677407290099302,2.1484080799205345,2.172149470402832,0.5869057811216328,0.5675705666989181,2.5222784623288304,0.10096153846153846,0.05892910559377804,0.7815446620969468,0.8526016465006739,1770,4.253183177682162
marioDiffusion,marioDiffusion::level_34.txt,208,16,0.12620192307692307,0.8716947115384616,7,0.03365384615384615,12,0.057692307692307696,0.18269230769230768,0.0,15,0.08653846153846154,2,0.028166278573550252,0.9718337214264497,2.503533769926505,2.526152681138069,0.7692322853638031,0.6338132468073265,2.809484182276602,0.09615384615384616,0.0613221657194137,0.7815446620969468,0.8526016465006739,1770,3.720176725785592
marioDiffusion,marioDiffusion::level_35.txt,208,16,0.07211538461538461,0.9212740384615384,2,0.009615384615384616,20,0.09615384615384616,0.24519230769230768,0.038461538461538464,14,0.5480769230769231,28,8.942113443566324e-05,0.9999105788655643,2.7557047188393264,2.735028937515962,0.3032897783456202,0.5058599553194297,3.473592059876835,0.15384615384615385,0.05533951540532456,0.7815446620969468,0.8526016465006739,1770,5.669690590029442
marioDiffusion,marioDiffusion::level_36.txt,208,16,0.19831730769230768,0.8004807692307693,4,0.019230769230769232,0,0.0,0.10576923076923077,0.0,9,0.24519230769230768,10,0.00018597460867897375,0.999814025391321,2.9812141885357457,2.9625611464925505,0.47217188179052594,0.7733721961850075,2.9173139555843783,0.09134615384615384,0.06072390068800479,0.7815446620969468,0.8526016465006739,1770,3.810527975966706
marioDiffusion,marioDiffusion::level_37.txt,208,16,0.0985576923076923,0.8984375,9,0.04326923076923077,1,0.004807692307692308,0.08653846153846154,0.0,14,0.125,4,0.01319209260666554,0.9868079073933345,1.9592833384147008,1.961469201843101,0.6506827940419624,0.5251042162662413,2.0794974556745007,0.08653846153846154,0.05414298534250673,0.7815446620969468,0.8526016465006739,1770,4.593342675596213
marioDiffusion,marioDiffusion::level_38.txt,208,16,0.1240985576923077,0.8753004807692307,2,0.009615384615384616,0,0.0,0.0,0.0,7,0.12980769230769232,14,0.004036078375688867,0.9959639216243111,2.1648964153659023,2.157584221483496,0.4921911973497397,0.5482107843000268,2.478148175383504,0.09134615384615384,0.05803170804666467,0.7815446620969468,0.8526016465006739,1770,4.5017191715006435
marioDiffusion,marioDiffusion::level_39.txt,208,16,0.07211538461538461,0.9260817307692307,1,0.004807692307692308,5,0.02403846153846154,0.028846153846153848,0.0,14,0.34615384615384615,27,0.05130525653497908,0.9486947434650209,2.1809572680081195,2.224566243980455,0.31964679563771303,0.4059416431952243,2.3068968618480055,0.09615384615384616,0.04606640741848639,0.7815446620969468,0.8526016465006739,1770,6.0604273797807044
marioDiffusion,marioDiffusion::level_4.txt,208,16,0.16676682692307693,0.8326322115384616,2,0.009615384615384616,0,0.0,0.3894230769230769,0.0,9,0.3894230769230769,16,0.07394982693191576,0.9260501730680842,3.5928668922525415,3.7101581418451697,0.3674011862964145,0.7573876151692064,3.785569634436552,0.12980769230769232,0.055937780436733475,0.7815446620969468,0.8526016465006739,1770,5.245333163946047
marioDiffusion,marioDiffusion::level_40.txt,208,16,0.1619591346153846,0.8377403846153846,1,0.004807692307692308,0,0.0,0.0,0.0,7,0.09134615384615384,7,0.00011103819133562176,0.9998889618086644,3.001453151624264,2.985780010561419,0.6321227776933597,0.6428484805495165,2.2746117738985348,0.0673076923076923,0.05533951540532456,0.7815446620969468,0.8526016465006739,1770,4.395253398273148
marioDiffusion,marioDiffusion::level_41.txt,208,16,0.16286057692307693,0.8359375,4,0.019230769230769232,0,0.0,0.15384615384615385,0.0,4,0.21153846153846154,22,0.06466850313535688,0.9353314968646431,3.0491834105644107,3.1347636046666834,0.3813963119456026,0.706898640967256,2.8020909469611937,0.10576923076923077,0.05145079270116662,0.7815446620969468,0.8526016465006739,1770,4.639993070327577
marioDiffusion,marioDiffusion::level_42.txt,208,16,0.12800480769230768,0.8713942307692307,2,0.009615384615384616,0,0.0,0.125,0.0,16,0.20192307692307693,7,0.00577938762682817,0.9942206123731718,2.07959105975235,2.07302452629047,0.5395513813581203,0.6015569823243198,2.9254473772131027,0.08173076923076923,0.05803170804666467,0.7815446620969468,0.8526016465006739,1770,4.2678535806700015
marioDiffusion,marioDiffusion::level_43.txt,208,16,0.12830528846153846,0.8707932692307693,2,0.009615384615384616,1,0.004807692307692308,0.1875,0.0,9,0.12980769230769232,7,0.07914881602118828,0.9208511839788117,3.001090726392459,3.1110757492719996,0.60005819259357,0.6204106808032873,2.9312127753876007,0.12980769230769232,0.06192043075082262,0.7815446620969468,0.8526016465006739,1770,4.879976084696519
marioDiffusion,marioDiffusion::level_44.txt,208,16,0.12620192307692307,0.8716947115384616,4,0.019230769230769232,3,0.014423076923076924,0.052884615384615384,0.0,10,0.3942307692307692,33,0.011391356744490655,0.9886086432555093,2.2335824178479062,2.2294596060732332,0.28007837197049523,0.592402554999644,2.5810990197050145,0.08653846153846154,0.05264732276398445,0.7815446620969468,0.8526016465006739,1770,4.845139739260982
marioDiffusion,marioDiffusion::level_45.txt,208,16,0.1123798076923077,0.8852163461538461,8,0.038461538461538464,0,0.0,0.18269230769230768,0.0,13,0.3701923076923077,16,0.11362179076830259,0.8863782092316974,1.892093426986891,1.9944251964151225,0.36671895350242356,0.5872465304616786,2.323603103975391,0.08653846153846154,0.04726293748130422,0.7815446620969468,0.8526016465006739,1770,6.238317095319508
marioDiffusion,marioDiffusion::level_46.txt,208,16,0.09254807692307693,0.9065504807692307,3,0.014423076923076924,0,0.0,0.12980769230769232,0.019230769230769232,9,0.5048076923076923,32,0.07343384705206901,0.926566152947931,2.9731096237202608,3.0638694489158644,0.2608048311473766,0.506376720492113,2.6821665131926857,0.10096153846153846,0.04995513012264433,0.7815446620969468,0.8526016465006739,1770,6.359494094983
marioDiffusion,marioDiffusion::level_47.txt,208,16,0.10276442307692307,0.8966346153846154,1,0.004807692307692308,1,0.004807692307692308,0.09134615384615384,0.0,9,0.5288461538461539,59,0.06300055812587446,0.9369994418741255,3.29296613719637,3.3736373344135,0.19305716174630488,0.5173121162891704,3.118617723881142,0.10576923076923077,0.05803170804666467,0.7815446620969468,0.8526016465006739,1770,6.392922206328661
marioDiffusion,marioDiffusion::level_48.txt,208,16,0.1424278846153846,0.8569711538461539,2,0.009615384615384616,0,0.0,0.0,0.019230769230769232,8,0.25,24,0.0111081431933715,0.9888918568066285,2.1228103732887904,2.1209716429172674,0.35308097097267016,0.6101363705498906,2.059671092624841,0.0625,0.049356865091235415,0.7815446620969468,0.8526016465006739,1770,4.659007661185606
marioDiffusion,marioDiffusion::level_49.txt,208,16,0.10396634615384616,0.89453125,5,0.02403846153846154,3,0.014423076923076924,0.0625,0.028846153846153848,13,0.09134615384615384,3,0.017582414971209603,0.9824175850287904,1.8618151096335038,1.8684366945475754,0.7224282198048122,0.5410101691825644,2.1976680576661423,0.10096153846153846,0.055937780436733475,0.7815446620969468,0.8526016465006739,1770,4.503443565450038
marioDiffusion,marioDiffusion::level_5.txt,208,16,0.1328125,0.8656850961538461,5,0.02403846153846154,4,0.019230769230769232,0.028846153846153848,0.0,10,0.17307692307692307,16,0.006682503245511451,0.9933174967544885,2.433781152915629,2.4295266848486055,0.4516097322521545,0.5964704506883387,2.768389617966414,0.09134615384615384,0.06491175590786719,0.7815446620969468,0.8526016465006739,1770,3.9946019524730425
marioDiffusion,marioDiffusion::level_50.txt,208,16,0.140625,0.8575721153846154,6,0.028846153846153848,0,0.0,0.0,0.0,8,0.20192307692307693,19,0.021498337765173736,0.9785016622348263,2.839198891812432,2.8533847122072182,0.40380508639099205,0.6045115457392926,2.652804117110103,0.09134615384615384,0.05952737062518696,0.7815446620969468,0.8526016465006739,1770,4.276534818003805
marioDiffusion,marioDiffusion::level_51.txt,208,16,0.08774038461538461,0.9095552884615384,2,0.009615384615384616,7,0.03365384615384615,0.052884615384615384,0.0,10,0.40865384615384615,26,0.0796405383104486,0.9203594616895514,1.8545110673028857,1.921403461387344,0.31324092898724615,0.4778684808696448,3.2528345462512274,0.1346153846153846,0.055937780436733475,0.7815446620969468,0.8526016465006739,1770,5.862260647855128
marioDiffusion,marioDiffusion::level_52.txt,208,16,0.11358173076923077,0.8858173076923077,2,0.009615384615384616,1,0.004807692307692308,0.10576923076923077,0.019230769230769232,12,0.3894230769230769,25,0.003825708991689103,0.9961742910083109,2.5581014343175315,2.544895431913292,0.31332188644688647,0.5678694234142447,3.099148685557643,0.11538461538461539,0.05803170804666467,0.7815446620969468,0.8526016465006739,1770,4.939776312646623
marioDiffusion,marioDiffusion::level_53.txt,208,16,0.07842548076923077,0.9212740384615384,1,0.004807692307692308,2,0.009615384615384616,0.057692307692307696,0.0,17,0.18269230769230768,10,0.00029304318984868516,0.9997069568101513,1.6408402726366544,1.6313987672289885,0.5146357237183418,0.4239652356291818,1.7770095734382676,0.07692307692307693,0.0445707448399641,0.7815446620969468,0.8526016465006739,1770,5.70601672679762
marioDiffusion,marioDiffusion::level_54.txt,208,16,0.11448317307692307,0.8828125,9,0.04326923076923077,1,0.004807692307692308,0.16346153846153846,0.019230769230769232,14,0.08173076923076923,2,0.08067441020690536,0.9193255897930946,2.7260580488850783,2.828611184454247,0.7530188175203685,0.6032821973407813,2.63916259074004,0.1201923076923077,0.0592282381094825,0.7815446620969468,0.8526016465006739,1770,4.916900719750507
marioDiffusion,marioDiffusion::level_55.txt,208,16,0.12890625,0.8698918269230769,4,0.019230769230769232,0,0.0,0.0,0.0,9,0.22596153846153846,26,0.0007225491121680694,0.9992774508878319,2.496754510744026,2.482095136286314,0.3473033895475037,0.5675836143354854,2.6922149010538683,0.07211538461538461,0.057732575530960215,0.7815446620969468,0.8526016465006739,1770,4.718829257796375
marioDiffusion,marioDiffusion::level_56.txt,208,16,0.10697115384615384,0.8909254807692307,6,0.028846153846153848,1,0.004807692307692308,0.19230769230769232,0.0,12,0.24519230769230768,15,0.032993986096170436,0.9670060139038296,2.762574871042458,2.7926361324109763,0.42488368486352357,0.56758298439899,3.2032016638176186,0.13942307692307693,0.06371522584504935,0.7815446620969468,0.8526016465006739,1770,4.405744960919044
marioDiffusion,marioDiffusion::level_57.txt,208,16,0.08623798076923077,0.9107572115384616,7,0.03365384615384615,3,0.014423076923076924,0.0,0.0,9,0.34134615384615385,25,0.07790366528002457,0.9220963347199754,2.1263286916974207,2.1994180491589113,0.3246792716983362,0.45554729250834264,2.461876851517258,0.09134615384615384,0.05115166018546216,0.7815446620969468,0.8526016465006739,1770,5.927875077400193
marioDiffusion,marioDiffusion::level_58.txt,208,16,0.09885817307692307,0.8999399038461539,4,0.019230769230769232,1,0.004807692307692308,0.3894230769230769,0.0,20,0.24519230769230768,8,0.008193969438089033,0.991806030561911,3.428662786380874,3.4237230720376064,0.5027127948231517,0.5605136081179558,3.411114382378729,0.13942307692307693,0.05623691295243793,0.7815446620969468,0.8526016465006739,1770,4.932001274434085
marioDiffusion,marioDiffusion::level_59.txt,208,16,0.13040865384615385,0.8680889423076923,5,0.02403846153846154,5,0.02403846153846154,0.23076923076923078,0.0,8,0.09134615384615384,6,0.22993557167866174,0.7700644283213383,2.460028802873621,2.788782791465127,0.6596944764973873,0.6468924827896146,3.1050315790177163,0.1201923076923077,0.06281782829793599,0.7815446620969468,0.8526016465006739,1770,9.695293102684682
marioDiffusion,marioDiffusion::level_6.txt,208,16,0.1424278846153846,0.8569711538461539,2,0.009615384615384616,5,0.02403846153846154,0.2692307692307692,0.0,11,0.07211538461538461,3,0.03544949895855587,0.9645505010414441,2.45014334131909,2.4819347291981715,0.7614616283249461,0.6796626670525222,3.312620962701842,0.125,0.06371522584504935,0.7815446620969468,0.8526016465006739,1770,3.6673393159988645
marioDiffusion,marioDiffusion::level_60.txt,208,16,0.15084134615384615,0.8416466346153846,9,0.04326923076923077,16,0.07692307692307693,0.42788461538461536,0.038461538461538464,4,0.1875,20,0.00305001157599738,0.9969499884240026,2.0836222702190104,2.074422372200289,0.4352885539496544,0.804200300518597,2.7519263446422837,0.10096153846153846,0.049356865091235415,0.7815446620969468,0.8526016465006739,1770,3.132027687391327
marioDiffusion,marioDiffusion::level_61.txt,208,16,0.13131009615384615,0.8671875,3,0.014423076923076924,2,0.009615384615384616,0.22115384615384615,0.0,15,0.25,9,0.04796883509876515,0.9520311649012348,2.989059250413224,3.045147574886063,0.4872168354003954,0.6421757006923067,3.4069277465298278,0.13942307692307693,0.06700568351779838,0.7815446620969468,0.8526016465006739,1770,4.143342825310999
marioDiffusion,marioDiffusion::level_62.txt,208,16,0.09885817307692307,0.9002403846153846,3,0.014423076923076924,0,0.0,0.13942307692307693,0.0,13,0.3894230769230769,50,0.14592041978168757,0.8540795802183124,2.969120377480922,3.1900572852284457,0.22578497721790405,0.5181823920437227,3.026033417985789,0.12980769230769232,0.057433443015255756,0.7815446620969468,0.8526016465006739,1770,7.778569971654116
marioDiffusion,marioDiffusion::level_63.txt,208,16,0.10546875,0.8924278846153846,7,0.03365384615384615,0,0.0,0.0,0.0,17,0.34134615384615385,22,0.02766909106836768,0.9723309089316323,1.914120058636035,1.929068958938271,0.33572754418529577,0.5074933331125331,2.7458983966521266,0.08173076923076923,0.049356865091235415,0.7815446620969468,0.8526016465006739,1770,5.1609278780598675
marioDiffusion,marioDiffusion::level_64.txt,208,16,0.07872596153846154,0.9206730769230769,2,0.009615384615384616,3,0.014423076923076924,0.014423076923076924,0.0,16,0.34134615384615385,16,0.002851056240407046,0.997148943759593,1.9468904859739413,1.9359897054645028,0.3811948687831865,0.41200617936974326,2.354480403845297,0.07211538461538461,0.047861202512713134,0.7815446620969468,0.8526016465006739,1770,5.821029781526261
marioDiffusion,marioDiffusion::level_65.txt,208,16,0.19981971153846154,0.7947716346153846,4,0.019230769230769232,19,0.09134615384615384,1.9567307692307692,0.019230769230769232,21,0.16346153846153846,3,0.007489554658119624,0.9925104453418804,2.6192548833120206,2.6156705854162734,0.7068025907466617,0.9880287030581674,3.9769620805679087,0.20192307692307693,0.0738857313790009,0.7815446620969468,0.8526016465006739,1770,1.9193477379409734
marioDiffusion,marioDiffusion::level_66.txt,208,16,0.14423076923076922,0.8548677884615384,3,0.014423076923076924,0,0.0,0.07211538461538461,0.028846153846153848,8,0.27884615384615385,16,0.082975242958791,0.917024757041209,2.3422340593149418,2.4297612253446563,0.4001770915512169,0.6517219115365247,2.7228190499788614,0.08653846153846154,0.056536045468142386,0.7815446620969468,0.8526016465006739,1770,4.964630069784951
marioDiffusion,marioDiffusion::level_67.txt,208,16,0.12590144230769232,0.8728966346153846,4,0.019230769230769232,0,0.0,0.02403846153846154,0.0,9,0.07692307692307693,6,0.0207929568700842,0.9792070431299158,2.24401864850586,2.2561781555581715,0.6641693461293013,0.571001631251939,2.2443541998569736,0.09134615384615384,0.05803170804666467,0.7815446620969468,0.8526016465006739,1770,4.265166520435952
marioDiffusion,marioDiffusion::level_68.txt,208,16,0.12289663461538461,0.8762019230769231,3,0.014423076923076924,0,0.0,0.0,0.0,11,0.3942307692307692,29,0.008942143228185762,0.9910578567718142,2.0719848899531885,2.067840066112912,0.29015833158959337,0.5478780514966548,2.364914017651965,0.0673076923076923,0.04546814238707748,0.7815446620969468,0.8526016465006739,1770,5.296053791759653
marioDiffusion,marioDiffusion::level_69.txt,208,16,0.12289663461538461,0.8756009615384616,2,0.009615384615384616,3,0.014423076923076924,0.009615384615384616,0.0,16,0.15384615384615385,8,0.04201699129120584,0.9579830087087942,2.3992512963964625,2.437334440234602,0.5633300009287734,0.5605385647893748,2.3909599618459527,0.08173076923076923,0.057134310499551304,0.7815446620969468,0.8526016465006739,1770,4.432910216220808
marioDiffusion,marioDiffusion::level_7.txt,208,16,0.09134615384615384,0.9044471153846154,1,0.004807692307692308,13,0.0625,0.11057692307692307,0.0,10,0.5192307692307693,26,0.010833332249143401,0.9891666677508566,2.423867524159986,2.414847325050962,0.30173453952941537,0.5165093605795268,2.5499037594216887,0.10576923076923077,0.049356865091235415,0.7815446620969468,0.8526016465006739,1770,5.498880606769409
marioDiffusion,marioDiffusion::level_70.txt,208,16,0.13161057692307693,0.8635817307692307,7,0.03365384615384615,9,0.04326923076923077,0.3942307692307692,0.0,16,0.28846153846153844,10,0.07005288847257585,0.9299471115274242,2.816230952523296,2.9014761753007154,0.46818668457011153,0.7011008278200317,3.3468044449374097,0.1201923076923077,0.06192043075082262,0.7815446620969468,0.8526016465006739,1770,4.129817720289119
marioDiffusion,marioDiffusion::level_71.txt,208,16,0.1271033653846154,0.8725961538461539,1,0.004807692307692308,0,0.0,0.0,0.0,14,0.16826923076923078,19,0.002338283892554305,0.9976617161074457,2.530238239129488,2.5188491120060355,0.4211805204009315,0.5533305525733642,2.33914255591108,0.0625,0.05833084056236913,0.7815446620969468,0.8526016465006739,1770,4.757605849691718
marioDiffusion,marioDiffusion::level_72.txt,208,16,0.1349158653846154,0.8641826923076923,3,0.014423076923076924,0,0.0,0.02403846153846154,0.028846153846153848,12,0.39903846153846156,18,0.04108967476141612,0.9589103252385839,2.73035460276881,2.766708252818323,0.34431083783148003,0.6101380371599219,2.4347686143817673,0.09615384615384616,0.05264732276398445,0.7815446620969468,0.8526016465006739,1770,4.840014256924352
marioDiffusion,marioDiffusion::level_73.txt,208,16,0.15504807692307693,0.8446514423076923,1,0.004807692307692308,0,0.0,0.0,0.0,10,0.3557692307692308,17,0.0021505266435820625,0.9978494733564179,2.8902114860945307,2.871651099994221,0.36456051178687227,0.6262064019194746,2.4757662771648996,0.057692307692307696,0.05384385282680227,0.7815446620969468,0.8526016465006739,1770,4.823116517144339
marioDiffusion,marioDiffusion::level_74.txt,208,16,0.0859375,0.9131610576923077,3,0.014423076923076924,0,0.0,0.0,0.028846153846153848,8,0.6490384615384616,34,0.03160580473379204,0.968394195266208,2.0639217317388856,2.079632449477685,0.23076496366561267,0.44914678898393867,2.615944017136874,0.09615384615384616,0.05025426263834879,0.7815446620969468,0.8526016465006739,1770,6.432054708892847
marioDiffusion,marioDiffusion::level_75.txt,208,16,0.15324519230769232,0.8452524038461539,5,0.02403846153846154,0,0.0,0.3269230769230769,0.0,7,0.3269230769230769,31,0.019822953915407227,0.9801770460845928,2.450385856160087,2.457423781783985,0.30193006844040005,0.7236859786769764,2.823976501773614,0.09615384615384616,0.05533951540532456,0.7815446620969468,0.8526016465006739,1770,4.158409780444311
marioDiffusion,marioDiffusion::level_76.txt,208,16,0.10667067307692307,0.890625,6,0.028846153846153848,3,0.014423076923076924,0.009615384615384616,0.0,13,0.20673076923076922,10,7.899220332863166e-05,0.9999210077966714,1.9888438317087325,1.977779877926046,0.49580642235123373,0.5241542335179826,2.7287732052062084,0.10096153846153846,0.057732575530960215,0.7815446620969468,0.8526016465006739,1770,4.522168244507315
marioDiffusion,marioDiffusion::level_77.txt,208,16,0.15564903846153846,0.8434495192307693,3,0.014423076923076924,0,0.0,0.0,0.0,5,0.3173076923076923,22,8.084465354052384e-06,0.999991915534646,2.7158301936945746,2.6975524710028886,0.34434235576525124,0.6339966142353066,2.531463794724077,0.07692307692307693,0.05025426263834879,0.7815446620969468,0.8526016465006739,1770,4.648824807864347
marioDiffusion,marioDiffusion::level_78.txt,208,16,0.10667067307692307,0.8924278846153846,3,0.014423076923076924,0,0.0,0.4567307692307692,0.0,11,0.5769230769230769,29,0.2669941186258684,0.7330058813741316,3.383308981080498,3.9209828007057217,0.26533957935579233,0.5894538310393067,3.1531727285765787,0.11538461538461539,0.049356865091235415,0.7815446620969468,0.8526016465006739,1770,12.269841335833956
marioDiffusion,marioDiffusion::level_79.txt,208,16,0.1045673076923077,0.8939302884615384,5,0.02403846153846154,0,0.0,0.125,0.019230769230769232,7,0.3894230769230769,30,0.0403702968156443,0.9596297031843557,3.5911505512192274,3.642334542631563,0.2889027538726334,0.5511389779525502,2.4589863814129638,0.08653846153846154,0.04486987735566856,0.7815446620969468,0.8526016465006739,1770,5.9248518415752685
marioDiffusion,marioDiffusion::level_8.txt,208,16,0.1544471153846154,0.8455528846153846,0,0.0,0,0.0,0.09615384615384616,0.0,8,0.33653846153846156,20,0.00027194995229051777,0.9997280500477095,2.7394487790982036,2.720594297520904,0.35386893140700243,0.6575045667143551,2.657042979507886,0.08173076923076923,0.05384385282680227,0.7815446620969468,0.8526016465006739,1770,4.623163884723717
marioDiffusion,marioDiffusion::level_80.txt,208,16,0.14513221153846154,0.8530649038461539,6,0.028846153846153848,0,0.0,0.5432692307692307,0.0,8,0.4807692307692308,25,0.09935720474828735,0.9006427952517126,4.039432271545279,4.230696986928956,0.29875465797178596,0.7300537112925867,3.3735787907381583,0.10576923076923077,0.05204905773257553,0.7815446620969468,0.8526016465006739,1770,6.621553897827094
marioDiffusion,marioDiffusion::level_81.txt,208,16,0.13641826923076922,0.86328125,1,0.004807692307692308,5,0.02403846153846154,0.04807692307692308,0.0,6,0.08173076923076923,6,1.2591994114075078e-10,0.9999999998740801,2.4534181266868442,2.4406730114015387,0.6725345727721983,0.6024988260259294,2.3325922870807694,0.07692307692307693,0.056536045468142386,0.7815446620969468,0.8526016465006739,1770,4.237019735171357
marioDiffusion,marioDiffusion::level_82.txt,208,16,0.1102764423076923,0.8870192307692307,9,0.04326923076923077,6,0.028846153846153848,0.08173076923076923,0.038461538461538464,13,0.11057692307692307,6,0.006357674558489013,0.993642325441511,2.0539758163572386,2.049719831682847,0.6332756668850348,0.5832190060606883,2.5004540819501697,0.1201923076923077,0.06939874364343404,0.7815446620969468,0.8526016465006739,1770,3.792217967175293
marioDiffusion,marioDiffusion::level_83.txt,208,16,0.12650240384615385,0.8725961538461539,3,0.014423076923076924,4,0.019230769230769232,0.019230769230769232,0.0,11,0.25961538461538464,16,0.0390310721829471,0.9609689278170529,2.549772309217231,2.5844179606602298,0.41364328454697846,0.5678097239198637,2.782066793914305,0.07211538461538461,0.057732575530960215,0.7815446620969468,0.8526016465006739,1770,4.551614846794349
marioDiffusion,marioDiffusion::level_84.txt,208,16,0.11328125,0.8843149038461539,8,0.038461538461538464,0,0.0,0.009615384615384616,0.019230769230769232,10,0.3269230769230769,27,0.0023114659192763343,0.9976885340807237,1.6939053600313685,1.6837960853617706,0.3130683606405628,0.5511045163947279,2.243702505573233,0.10576923076923077,0.049655997606939874,0.7815446620969468,0.8526016465006739,1770,4.9743186396654595
marioDiffusion,marioDiffusion::level_85.txt,208,16,0.13762019230769232,0.859375,4,0.019230769230769232,6,0.028846153846153848,0.125,0.0,10,0.14423076923076922,8,0.05683367932510164,0.9431663206748984,2.33703389686201,2.393084850585769,0.5759764355362947,0.6530301679083206,2.8889368876117585,0.10096153846153846,0.0634160933293449,0.7815446620969468,0.8526016465006739,1770,3.8606462302445665
marioDiffusion,marioDiffusion::level_86.txt,208,16,0.12319711538461539,0.8725961538461539,8,0.038461538461538464,11,0.052884615384615384,0.4423076923076923,0.028846153846153848,13,0.22115384615384615,10,0.03156515872884902,0.968434841271151,2.703150048006797,2.731198346619004,0.5077252842423166,0.7015811560714266,3.723179064735515,0.1971153846153846,0.06909961112772958,0.7815446620969468,0.8526016465006739,1770,3.0487567699423352
marioDiffusion,marioDiffusion::level_87.txt,208,16,0.14393028846153846,0.85546875,2,0.009615384615384616,0,0.0,0.0,0.0,8,0.3798076923076923,19,0.00889570221657443,0.9911042977834256,2.8022108786205644,2.7931891241667546,0.34402911015547466,0.601602566596663,2.2755850232054295,0.0673076923076923,0.04726293748130422,0.7815446620969468,0.8526016465006739,1770,4.979142810618639
marioDiffusion,marioDiffusion::level_88.txt,208,16,0.1141826923076923,0.8852163461538461,2,0.009615384615384616,5,0.02403846153846154,0.4519230769230769,0.0,20,0.21634615384615385,6,0.13161760273309608,0.8683823972669039,3.1114827020564686,3.3206693053587815,0.5585549407668294,0.6202194625387251,3.828772059039812,0.19230769230769232,0.06431349087645827,0.7815446620969468,0.8526016465006739,1770,6.336033162400578
marioDiffusion,marioDiffusion::level_89.txt,208,16,0.10336538461538461,0.8951322115384616,3,0.014423076923076924,2,0.009615384615384616,0.014423076923076924,0.0,8,0.16346153846153846,16,0.007490450168300855,0.9925095498316991,2.231135229700413,2.227267034924751,0.45421162802322773,0.504513857871585,2.2679260130319667,0.09615384615384616,0.05174992521687107,0.7815446620969468,0.8526016465006739,1770,4.8430856094204895
marioDiffusion,marioDiffusion::level_9.txt,208,16,0.11478365384615384,0.8834134615384616,6,0.028846153846153848,1,0.004807692307692308,0.02403846153846154,0.028846153846153848,12,0.09134615384615384,4,0.0025075054388274953,0.9974924945611725,2.204853064055911,2.1960339639702493,0.6918186339522547,0.5623380857737841,2.2163923201881266,0.10096153846153846,0.05982650314089141,0.7815446620969468,0.8526016465006739,1770,4.301368063886077
marioDiffusion,marioDiffusion::level_90.txt,208,16,0.12920673076923078,0.8680889423076923,8,0.038461538461538464,3,0.014423076923076924,0.019230769230769232,0.0,7,0.09615384615384616,9,0.0009028280821394841,0.9990971719178605,2.187312610779896,2.1771072363040243,0.5870881732920323,0.5940832230451243,2.551425311977814,0.09615384615384616,0.06162129823511816,0.7815446620969468,0.8526016465006739,1770,3.917174108424406
marioDiffusion,marioDiffusion::level_91.txt,208,16,0.16165865384615385,0.8338341346153846,8,0.038461538461538464,7,0.03365384615384615,0.2932692307692308,0.0,7,0.2403846153846154,20,0.03251494724119264,0.9674850527588074,2.349627598806763,2.373807266291853,0.39790017226831664,0.7656729812700666,2.916928839204588,0.10576923076923077,0.06012563565659587,0.7815446620969468,0.8526016465006739,1770,3.215728823793608
marioDiffusion,marioDiffusion::level_92.txt,208,16,0.12139423076923077,0.8765024038461539,7,0.03365384615384615,0,0.0,0.2932692307692308,0.0,5,0.33653846153846156,36,0.008799791923298272,0.9912002080767017,2.2361643077003777,2.2311444038077224,0.27859861742204556,0.6290300706492057,2.8433395405741164,0.11538461538461539,0.04905773257553096,0.7815446620969468,0.8526016465006739,1770,4.669817550832821
marioDiffusion,marioDiffusion::level_93.txt,208,16,0.14453125,0.8536658653846154,6,0.028846153846153848,0,0.0,0.014423076923076924,0.038461538461538464,5,0.21634615384615385,12,0.010023035607438224,0.9899769643925618,2.256267300116666,2.25412194870579,0.4627162072032014,0.6444873036306193,2.2055100381428296,0.08653846153846154,0.0508525276697577,0.7815446620969468,0.8526016465006739,1770,4.051359037506097
marioDiffusion,marioDiffusion::level_94.txt,208,16,0.13581730769230768,0.8620793269230769,7,0.03365384615384615,7,0.03365384615384615,0.10576923076923077,0.0,10,0.2932692307692308,25,0.019384987340065885,0.9806150126599341,2.741554955893422,2.751052960867364,0.3462953494268416,0.6440871246266923,2.55363713122471,0.10576923076923077,0.05025426263834879,0.7815446620969468,0.8526016465006739,1770,4.186048081872856
marioDiffusion,marioDiffusion::level_95.txt,208,16,0.13131009615384615,0.8683894230769231,1,0.004807692307692308,0,0.0,0.10096153846153846,0.0,8,0.2980769230769231,34,0.06053178350430266,0.9394682164956973,3.0951390504218246,3.173399455231752,0.2919753191500769,0.6014225891517629,3.0542843735538545,0.08653846153846154,0.05354472031109782,0.7815446620969468,0.8526016465006739,1770,5.368992740272299
marioDiffusion,marioDiffusion::level_96.txt,208,16,0.12890625,0.8653846153846154,5,0.02403846153846154,14,0.0673076923076923,0.375,0.0,8,0.46153846153846156,61,0.0699036179579805,0.9300963820420195,2.730494697640594,2.8073516127243985,0.22255978686185146,0.6969749482460013,3.362154820682682,0.15865384615384615,0.055937780436733475,0.7815446620969468,0.8526016465006739,1770,4.945874226516219
marioDiffusion,marioDiffusion::level_97.txt,208,16,0.14693509615384615,0.8524639423076923,1,0.004807692307692308,1,0.004807692307692308,0.8365384615384616,0.019230769230769232,6,0.4326923076923077,27,0.0940632944577443,0.9059367055422557,3.8611946831098902,4.033044450438203,0.3095057573889968,0.7595717305624707,3.504191748930818,0.15865384615384615,0.049655997606939874,0.7815446620969468,0.8526016465006739,1770,6.195306859282183
marioDiffusion,marioDiffusion::level_98.txt,208,16,0.1180889423076923,0.8813100961538461,2,0.009615384615384616,1,0.004807692307692308,0.4182692307692308,0.0,10,0.33653846153846156,27,0.1909648182479341,0.8090351817520659,4.059637634236522,4.4882528427269905,0.3226889907965174,0.6234605398948534,3.450236889851258,0.1346153846153846,0.055937780436733475,0.7815446620969468,0.8526016465006739,1770,9.458452086662804
marioDiffusion,marioDiffusion::level_99.txt,208,16,0.11688701923076923,0.8801081730769231,3,0.014423076923076924,7,0.03365384615384615,0.07211538461538461,0.0673076923076923,6,0.5528846153846154,44,0.01647002451345403,0.983529975486546,2.81431148001721,2.812993077970647,0.2309424078368379,0.6132330191546388,2.9520035261294106,0.1201923076923077,0.05414298534250673,0.7815446620969468,0.8526016465006739,1770,5.2613277893953905
mariogan,mariogan::level_1.txt,168,14,0.11181972789115646,0.8856292517006803,6,0.03571428571428571,0,0.0,0.03571428571428571,0.1130952380952381,5,0.1488095238095238,17,0.07696599898358991,0.9230340010164101,1.4444519513633918,1.493134975410636,0.4453940104363609,0.610855102706637,2.89811201529951,0.16666666666666666,0.07484143763213531,0.7306290283774906,0.851949864333206,1770,4.664860872596191
mariogan,mariogan::level_10.txt,168,14,0.09863945578231292,0.8949829931972789,15,0.08928571428571429,0,0.0,0.20238095238095238,0.13690476190476192,4,0.23214285714285715,24,0.2830004042364903,0.7169995957635097,2.0758784847682166,2.43398556164282,0.3552548940554584,0.6478922539924624,3.0400630779488456,0.13690476190476192,0.0693446088794926,0.7306290283774906,0.851949864333206,1770,11.943081566779956
mariogan,mariogan::level_100.txt,168,14,0.10289115646258504,0.891156462585034,14,0.08333333333333333,0,0.0,0.16071428571428573,0.11904761904761904,10,0.20833333333333334,17,0.02200188324663732,0.9779981167533627,1.7928014483817984,1.7996709073942476,0.41417318982387474,0.6573382129399321,3.3814194948956215,0.17261904761904762,0.08498942917547568,0.7306290283774906,0.851949864333206,1770,3.7176308383350847
mariogan,mariogan::level_11.txt,168,14,0.10841836734693877,0.8869047619047619,11,0.06547619047619048,1,0.005952380952380952,0.19047619047619047,0.13690476190476192,6,0.13095238095238096,6,0.01511430737375008,0.9848856926262499,2.0316562818712005,2.033761769885622,0.6023778562552307,0.6819814810503183,3.1686960658469134,0.19047619047619047,0.07822410147991543,0.7306290283774906,0.851949864333206,1770,3.224229096226738
mariogan,mariogan::level_12.txt,168,14,0.10416666666666667,0.8894557823129252,15,0.08928571428571429,2,0.011904761904761904,0.1130952380952381,0.125,6,0.2261904761904762,19,0.018675479819845076,0.9813245201801549,2.1061094724079967,2.110704808610051,0.3936591810862872,0.6575399319065595,3.1496922634030633,0.17261904761904762,0.0828752642706131,0.7306290283774906,0.851949864333206,1770,3.60793012752684
mariogan,mariogan::level_13.txt,168,14,0.125,0.8698979591836735,12,0.07142857142857142,1,0.005952380952380952,0.10714285714285714,0.1488095238095238,2,0.047619047619047616,5,0.04169371422173229,0.9583062857782677,1.4866633159402225,1.5092561034075416,0.7071550607690774,0.7149901750191151,2.947119114282208,0.13690476190476192,0.07315010570824525,0.7306290283774906,0.851949864333206,1770,3.5148886323783697
mariogan,mariogan::level_14.txt,168,14,0.11096938775510204,0.8847789115646258,10,0.05952380952380952,1,0.005952380952380952,0.17857142857142858,0.15476190476190477,4,0.08333333333333333,8,0.06628852241212257,0.9337114775878774,1.9201871367592183,1.9746424606984057,0.6106241533343622,0.6913839727171517,2.9638997898616792,0.19047619047619047,0.07780126849894292,0.7306290283774906,0.851949864333206,1770,3.7715801377094227
mariogan,mariogan::level_15.txt,168,14,0.13860544217687074,0.85671768707483,11,0.06547619047619048,3,0.017857142857142856,0.09523809523809523,0.16071428571428573,4,0.05357142857142857,4,0.013325367283240963,0.986674632716759,1.9501029010114124,1.9512195121951217,0.731201889083587,0.7599634841051656,3.173393532588021,0.18452380952380953,0.08456659619450317,0.7306290283774906,0.851949864333206,1770,2.6992907718008023
mariogan,mariogan::level_16.txt,168,14,0.12797619047619047,0.8677721088435374,10,0.05952380952380952,0,0.0,0.15476190476190477,0.125,4,0.16071428571428573,17,0.017735150700600166,0.9822648492993998,2.0431095847105363,2.047004970943772,0.43855402503147445,0.7244764067949852,3.4502798471414304,0.22023809523809523,0.07906976744186046,0.7306290283774906,0.851949864333206,1770,3.053790393271541
mariogan,mariogan::level_17.txt,168,14,0.12414965986394558,0.8690476190476191,16,0.09523809523809523,4,0.023809523809523808,0.17857142857142858,0.15476190476190477,3,0.08928571428571429,12,0.07499408275333264,0.9250059172466674,1.8453193842693898,1.9062469187638222,0.5397087204344508,0.7573368298730246,3.3321303889465526,0.19642857142857142,0.0854122621564482,0.7306290283774906,0.851949864333206,1770,3.553041292377641
mariogan,mariogan::level_18.txt,168,14,0.11947278911564625,0.8767006802721088,9,0.05357142857142857,2,0.011904761904761904,0.22023809523809523,0.14285714285714285,2,0.06547619047619048,10,0.05187308889660347,0.9481269111033965,1.6112837278470395,1.6442006189273084,0.5954709918902058,0.7197891138922103,2.998867574674843,0.16666666666666666,0.07568710359408033,0.7306290283774906,0.851949864333206,1770,3.4510323391870137
mariogan,mariogan::level_19.txt,168,14,0.11479591836734694,0.8813775510204082,9,0.05357142857142857,2,0.011904761904761904,0.16071428571428573,0.15476190476190477,6,0.07142857142857142,4,0.02622460403316562,0.9737753959668344,1.9188868480439256,1.932362139325856,0.712226767358926,0.691207635725273,2.8053342565220953,0.16666666666666666,0.07906976744186046,0.7306290283774906,0.851949864333206,1770,3.2772825803115424
mariogan,mariogan::level_2.txt,168,14,0.10671768707482993,0.8860544217687075,17,0.10119047619047619,3,0.017857142857142856,0.22023809523809523,0.20833333333333334,0,0.0,0,0.016678472502888342,0.9833215274971117,1.582837790500967,1.5866752236378188,0.9401153428176249,0.7330990609837149,2.2689464746442134,0.13690476190476192,0.07019027484143764,0.7306290283774906,0.851949864333206,1770,4.074347923430595
mariogan,mariogan::level_20.txt,168,14,0.10884353741496598,0.8877551020408163,8,0.047619047619047616,0,0.0,0.17261904761904762,0.005952380952380952,9,0.17261904761904762,14,0.09662116603902049,0.9033788339609795,1.747729532334888,1.826005980139762,0.46486408103477583,0.6072067750218753,3.0752693074241675,0.14285714285714285,0.07441860465116279,0.7306290283774906,0.851949864333206,1770,5.065051005467737
mariogan,mariogan::level_21.txt,168,14,0.13010204081632654,0.8656462585034014,10,0.05952380952380952,4,0.023809523809523808,0.1488095238095238,0.13095238095238096,6,0.13690476190476192,11,0.02881432051690369,0.9711856794830963,2.2109021403224918,2.2286518010706633,0.5275971697837094,0.7411141719748457,3.3992884502595935,0.18452380952380953,0.08456659619450317,0.7306290283774906,0.851949864333206,1770,2.651595278394776
mariogan,mariogan::level_22.txt,168,14,0.13222789115646258,0.8647959183673469,7,0.041666666666666664,2,0.011904761904761904,0.21428571428571427,0.13690476190476192,0,0.0,0,0.011093226170016068,0.9889067738299839,1.5962901799693008,1.5956350563312394,0.9781493506493507,0.7544138081174795,2.984713006666176,0.1488095238095238,0.07610993657505286,0.7306290283774906,0.851949864333206,1770,3.964026531063262
mariogan,mariogan::level_23.txt,168,14,0.1296768707482993,0.8677721088435374,6,0.03571428571428571,0,0.0,0.07738095238095238,0.11904761904761904,3,0.08928571428571429,11,0.020005560443858372,0.9799944395561416,1.6810194110411665,1.6870998581357122,0.5571031746031746,0.6913345541400232,2.947909952673836,0.13095238095238096,0.07399577167019028,0.7306290283774906,0.851949864333206,1770,3.452276560996064
mariogan,mariogan::level_24.txt,168,14,0.13052721088435373,0.8652210884353742,10,0.05952380952380952,1,0.005952380952380952,0.1488095238095238,0.17261904761904762,3,0.041666666666666664,3,0.0010059762360605795,0.9989940237639394,1.608696787851614,1.5994783783801991,0.7749953624896337,0.7511397475861054,2.911568811786824,0.16071428571428573,0.07568710359408033,0.7306290283774906,0.851949864333206,1770,3.333308496049742
mariogan,mariogan::level_25.txt,168,14,0.11522108843537415,0.8813775510204082,8,0.047619047619047616,1,0.005952380952380952,0.07142857142857142,0.27976190476190477,2,0.02976190476190476,4,0.04760461763079127,0.9523953823692087,1.4351910034749242,1.4615719466497512,0.7668013186646763,0.7260687578414582,2.6707434457422403,0.1488095238095238,0.07822410147991543,0.7306290283774906,0.851949864333206,1770,3.7961623833393747
mariogan,mariogan::level_26.txt,168,14,0.11054421768707483,0.8826530612244898,16,0.09523809523809523,0,0.0,0.15476190476190477,0.20833333333333334,1,0.005952380952380952,1,0.020677741398163474,0.9793222586018365,1.4066779118020158,1.412913555684772,0.8831371448527028,0.7111747949755574,2.271382237889358,0.11904761904761904,0.07019027484143764,0.7306290283774906,0.851949864333206,1770,4.15763840171055
mariogan,mariogan::level_27.txt,168,14,0.12329931972789115,0.8732993197278912,8,0.047619047619047616,0,0.0,0.11904761904761904,0.07738095238095238,6,0.1488095238095238,17,0.013322224391372206,0.9866777756086278,1.9788101722663103,1.9784326900797526,0.4453021229583317,0.6651157263887599,3.1348560748571956,0.19047619047619047,0.07230443974630021,0.7306290283774906,0.851949864333206,1770,3.428692941235119
mariogan,mariogan::level_28.txt,168,14,0.11181972789115646,0.8830782312925171,12,0.07142857142857142,3,0.017857142857142856,0.125,0.125,1,0.13690476190476192,23,0.0013506554474592702,0.9986493445525407,1.6341915016742277,1.6240569531429554,0.40154869067103105,0.6785830706171198,3.0361899002823076,0.17857142857142858,0.07780126849894292,0.7306290283774906,0.851949864333206,1770,3.5810177119602615
mariogan,mariogan::level_29.txt,168,14,0.10374149659863946,0.8924319727891157,9,0.05357142857142857,0,0.0,0.11904761904761904,0.16071428571428573,2,0.047619047619047616,4,0.002546286504422124,0.9974537134955779,1.2486972038648214,1.242499971958598,0.7380936740800984,0.6551608231175394,2.354253753228744,0.13690476190476192,0.06892177589852008,0.7306290283774906,0.851949864333206,1770,4.197767208478571
mariogan,mariogan::level_3.txt,168,14,0.09991496598639456,0.8962585034013606,9,0.05357142857142857,2,0.011904761904761904,0.20833333333333334,0.06547619047619048,4,0.22023809523809523,27,0.05808245353088659,0.9419175464691134,1.8107067841141227,1.8517239834404966,0.3483798873258442,0.6168184841642812,2.902547304648159,0.11904761904761904,0.07061310782241015,0.7306290283774906,0.851949864333206,1770,4.481843778632608
mariogan,mariogan::level_30.txt,168,14,0.13095238095238096,0.8652210884353742,9,0.05357142857142857,1,0.005952380952380952,0.13690476190476192,0.14285714285714285,2,0.011904761904761904,1,0.17729995330390558,0.8227000466960944,1.3857082915990215,1.5185144699290638,0.8977260259671235,0.7355751188381006,2.8320030775114104,0.1488095238095238,0.07610993657505286,0.7306290283774906,0.851949864333206,1770,7.681529679759404
mariogan,mariogan::level_31.txt,168,14,0.12457482993197279,0.8707482993197279,11,0.06547619047619048,3,0.017857142857142856,0.17261904761904762,0.13690476190476192,3,0.07142857142857142,7,0.03774125186747579,0.9622587481325242,1.4354026854143576,1.4538710258804959,0.6435450521464953,0.7447848138212649,3.2895165199046903,0.16071428571428573,0.07780126849894292,0.7306290283774906,0.851949864333206,1770,3.1526766609495684
mariogan,mariogan::level_32.txt,168,14,0.11734693877551021,0.877125850340136,13,0.07738095238095238,0,0.0,0.17857142857142858,0.14285714285714285,4,0.14285714285714285,15,0.01025729116206442,0.9897427088379356,2.5736341471389848,2.570716628563911,0.4654270986745214,0.7236844914162279,3.2282137476337973,0.17261904761904762,0.07695560253699789,0.7306290283774906,0.851949864333206,1770,3.2635993859942944
mariogan,mariogan::level_33.txt,168,14,0.09268707482993198,0.9056122448979592,4,0.023809523809523808,1,0.005952380952380952,0.08928571428571429,0.05952380952380952,6,0.16666666666666666,11,0.01090781597039514,0.9890921840296049,1.4196934703524682,1.4173399992262865,0.5077682677750164,0.5407762382516998,2.374211136518864,0.1130952380952381,0.06427061310782241,0.7306290283774906,0.851949864333206,1770,4.666742450565126
mariogan,mariogan::level_34.txt,168,14,0.13137755102040816,0.8656462585034014,7,0.041666666666666664,2,0.011904761904761904,0.05952380952380952,0.07142857142857142,3,0.05357142857142857,4,0.011967474505184206,0.9880325254948158,1.5103727751579334,1.5099055866975515,0.7378620480239185,0.6705788414315277,2.450595291251213,0.10714285714285714,0.06807610993657505,0.7306290283774906,0.851949864333206,1770,3.7310238285450854
mariogan,mariogan::level_35.txt,168,14,0.10799319727891156,0.8877551020408163,10,0.05952380952380952,1,0.005952380952380952,0.16071428571428573,0.10119047619047619,6,0.2261904761904762,21,0.012323982070196027,0.987676017929804,2.0163300787575156,2.013897299098164,0.38122064433291775,0.6638227938817004,3.3138104244765128,0.17261904761904762,0.07864693446088795,0.7306290283774906,0.851949864333206,1770,3.6647068179008353
mariogan,mariogan::level_36.txt,168,14,0.12287414965986394,0.8724489795918368,11,0.06547619047619048,3,0.017857142857142856,0.21428571428571427,0.16071428571428573,4,0.05952380952380952,3,0.032127091590368195,0.9678729084096318,1.7949947163293698,1.8131033478541703,0.7524213402517113,0.7428453066413483,3.0195248676602113,0.13690476190476192,0.07822410147991543,0.7306290283774906,0.851949864333206,1770,3.1648414657045505
mariogan,mariogan::level_37.txt,168,14,0.11989795918367346,0.8758503401360545,10,0.05952380952380952,1,0.005952380952380952,0.08333333333333333,0.16071428571428573,5,0.14285714285714285,11,0.02121078244507346,0.9787892175549265,1.509701422749158,1.5153376095734092,0.5161013266239708,0.6927168989365773,3.0195440697088705,0.14285714285714285,0.08329809725158563,0.7306290283774906,0.851949864333206,1770,3.40077726423034
mariogan,mariogan::level_38.txt,168,14,0.13903061224489796,0.8550170068027211,14,0.08333333333333333,1,0.005952380952380952,0.22023809523809523,0.18452380952380953,6,0.09523809523809523,7,3.638228389402087e-05,0.999963617716106,2.358276685883478,2.343440450333341,0.612330143561211,0.814726411361394,3.870655074342258,0.21428571428571427,0.09133192389006342,0.7306290283774906,0.851949864333206,1770,2.5698611243753366
mariogan,mariogan::level_39.txt,168,14,0.09821428571428571,0.8945578231292517,17,0.10119047619047619,2,0.011904761904761904,0.10119047619047619,0.17261904761904762,3,0.13095238095238096,17,0.040443274405290386,0.9595567255947096,1.4736871972197336,1.4941538472915652,0.44998918177758485,0.6632336683792344,2.8979712089787397,0.1488095238095238,0.07695560253699789,0.7306290283774906,0.851949864333206,1770,3.917933138145618
mariogan,mariogan::level_4.txt,168,14,0.12414965986394558,0.8711734693877551,11,0.06547619047619048,2,0.011904761904761904,0.2261904761904762,0.13690476190476192,2,0.10119047619047619,15,0.007707110372288439,0.9922928896277116,2.3574685746091006,2.3518607089735983,0.496000120860527,0.743254988346616,3.3532813487326125,0.19642857142857142,0.08414376321353066,0.7306290283774906,0.851949864333206,1770,2.901558813402368
mariogan,mariogan::level_40.txt,168,14,0.12457482993197279,0.8681972789115646,17,0.10119047619047619,5,0.02976190476190476,0.24404761904761904,0.16666666666666666,0,0.0,0,0.029802829516998752,0.9701971704830012,1.6036203605102295,1.618344450769943,0.944758199960482,0.7810887136221993,3.064885483157285,0.20238095238095238,0.08498942917547568,0.7306290283774906,0.851949864333206,1770,3.540667658688063
mariogan,mariogan::level_41.txt,168,14,0.11607142857142858,0.8813775510204082,6,0.03571428571428571,2,0.011904761904761904,0.23809523809523808,0.03571428571428571,4,0.1130952380952381,12,0.007162180847011812,0.9928378191529882,2.459744517267582,2.4527252751738544,0.5326193444959031,0.6567922918411122,2.9376208181201253,0.16666666666666666,0.07357293868921776,0.7306290283774906,0.851949864333206,1770,3.482307761509715
mariogan,mariogan::level_42.txt,168,14,0.1475340136054422,0.8511904761904762,3,0.017857142857142856,0,0.0,0.09523809523809523,0.13095238095238096,2,0.023809523809523808,2,0.060430552396514625,0.9395694476034854,1.7002798950980238,1.7435076467314563,0.8544802503594688,0.7383731464850399,2.7623015449382553,0.125,0.07315010570824525,0.7306290283774906,0.851949864333206,1770,4.101487942017143
mariogan,mariogan::level_43.txt,168,14,0.11267006802721088,0.8805272108843537,16,0.09523809523809523,4,0.023809523809523808,0.2619047619047619,0.16666666666666666,5,0.1130952380952381,6,0.003846097562754891,0.9961539024372451,1.7795934248042151,1.7714096478023384,0.6181054336092119,0.7432660046518674,3.457572880955212,0.20833333333333334,0.0854122621564482,0.7306290283774906,0.851949864333206,1770,2.929170724278443
mariogan,mariogan::level_44.txt,168,14,0.1050170068027211,0.8894557823129252,13,0.07738095238095238,2,0.011904761904761904,0.25,0.1130952380952381,5,0.23809523809523808,24,0.0026629566040362596,0.9973370433959637,2.7043452942820276,2.6889498632021764,0.35964126768888427,0.6710658569541037,3.1451476653005708,0.18452380952380953,0.07906976744186046,0.7306290283774906,0.851949864333206,1770,3.8047067805725776
mariogan,mariogan::level_45.txt,168,14,0.13052721088435373,0.8622448979591837,17,0.10119047619047619,2,0.011904761904761904,0.10714285714285714,0.25595238095238093,2,0.10119047619047619,16,0.030127922578629063,0.9698720774213709,1.685173868073909,1.69985283296514,0.476042502979103,0.7986548219545979,3.4460011980390615,0.17857142857142858,0.08498942917547568,0.7306290283774906,0.851949864333206,1770,2.8313838936494617
mariogan,mariogan::level_46.txt,168,14,0.09693877551020408,0.9009353741496599,5,0.02976190476190476,0,0.0,0.10714285714285714,0.08928571428571429,6,0.07142857142857142,3,0.029490529710337055,0.970509470289663,1.5728015564092215,1.5864460419021305,0.7423940137852894,0.5685062028517474,2.2736929388557092,0.13690476190476192,0.06553911205073996,0.7306290283774906,0.851949864333206,1770,4.444432438536027
mariogan,mariogan::level_47.txt,168,14,0.11522108843537415,0.8758503401360545,21,0.125,1,0.005952380952380952,0.10119047619047619,0.1488095238095238,5,0.08333333333333333,4,0.044701359772602256,0.9552986402273977,1.5457666870521782,1.571282342480779,0.6698491678224688,0.7138780865999396,3.0351809381701838,0.14285714285714285,0.0828752642706131,0.7306290283774906,0.851949864333206,1770,3.6318793603062325
mariogan,mariogan::level_48.txt,168,14,0.10586734693877552,0.8920068027210885,5,0.02976190476190476,1,0.005952380952380952,0.09523809523809523,0.07142857142857142,7,0.14285714285714285,8,0.003355933055010474,0.9966440669449895,1.8343810025916505,1.82483801402869,0.5659549793324254,0.605894201788501,2.712856121896659,0.16071428571428573,0.07061310782241015,0.7306290283774906,0.851949864333206,1770,3.90447719125957
mariogan,mariogan::level_49.txt,168,14,0.08758503401360544,0.9094387755102041,7,0.041666666666666664,0,0.0,0.1130952380952381,0.023809523809523808,3,0.02976190476190476,2,0.015724205423017112,0.9842757945769829,1.294499439675027,1.296818052493507,0.8316867381363802,0.5231736831415672,1.7224802615236752,0.08928571428571429,0.054122621564482026,0.7306290283774906,0.851949864333206,1770,5.226742713311722
mariogan,mariogan::level_5.txt,168,14,0.13392857142857142,0.8635204081632653,6,0.03571428571428571,1,0.005952380952380952,0.25,0.10714285714285714,6,0.1130952380952381,7,0.0012950637535147358,0.9987049362464853,2.0403235736884207,2.028345265673948,0.6096658297465327,0.7346003157575456,3.2892057285748235,0.15476190476190477,0.07906976744186046,0.7306290283774906,0.851949864333206,1770,3.0753836107124193
mariogan,mariogan::level_50.txt,168,14,0.12032312925170068,0.8737244897959183,14,0.08333333333333333,0,0.0,0.23809523809523808,0.14285714285714285,2,0.09523809523809523,15,0.01017411435171478,0.9898258856482852,1.567542182638739,1.565177760872609,0.49242518487801507,0.7417487216070153,3.369142065492574,0.17857142857142858,0.07780126849894292,0.7306290283774906,0.851949864333206,1770,3.2386893271841575
mariogan,mariogan::level_51.txt,168,14,0.141156462585034,0.8507653061224489,19,0.1130952380952381,3,0.017857142857142856,0.10714285714285714,0.2857142857142857,3,0.03571428571428571,2,0.007722844183593813,0.9922771558164062,1.973552216363609,1.9692461492367914,0.7932562068275102,0.8492158139808367,3.494017450205545,0.23809523809523808,0.09175475687103594,0.7306290283774906,0.851949864333206,1770,2.708436334065211
mariogan,mariogan::level_52.txt,168,14,0.1130952380952381,0.8767006802721088,24,0.14285714285714285,1,0.005952380952380952,0.23214285714285715,0.17261904761904762,4,0.05952380952380952,3,0.024753100741655376,0.9752468992583446,1.8158234910700164,1.8273377458235207,0.7179878331518891,0.7582703101302382,3.256119352152544,0.20238095238095238,0.08625792811839324,0.7306290283774906,0.851949864333206,1770,3.366343949364134
mariogan,mariogan::level_53.txt,168,14,0.09183673469387756,0.9030612244897959,12,0.07142857142857142,1,0.005952380952380952,0.19642857142857142,0.13690476190476192,7,0.1130952380952381,4,0.09202872569288878,0.9079712743071112,2.006839275200798,2.092630545631784,0.6569224045681813,0.6158917374655046,2.4568194305803486,0.13095238095238096,0.06849894291754757,0.7306290283774906,0.851949864333206,1770,4.967613021285562
mariogan,mariogan::level_54.txt,168,14,0.09991496598639456,0.8949829931972789,12,0.07142857142857142,3,0.017857142857142856,0.18452380952380953,0.17857142857142858,2,0.13095238095238096,15,5.6702188655388674e-05,0.9999432978113446,1.583206650517707,1.5724442340135074,0.47921421920723595,0.6686138172510875,2.866987311027607,0.15476190476190477,0.07230443974630021,0.7306290283774906,0.851949864333206,1770,3.734980990841294
mariogan,mariogan::level_55.txt,168,14,0.10374149659863946,0.8915816326530612,11,0.06547619047619048,2,0.011904761904761904,0.16071428571428573,0.14285714285714285,8,0.19047619047619047,7,0.20130191249775387,0.7986980875022461,1.7541874495785492,1.949255170412968,0.5406296430649707,0.6581705503934531,3.2364261408279837,0.20833333333333334,0.07906976744186046,0.7306290283774906,0.851949864333206,1770,8.42236507839675
mariogan,mariogan::level_56.txt,168,14,0.13562925170068027,0.8601190476190477,10,0.05952380952380952,1,0.005952380952380952,0.23214285714285715,0.14285714285714285,3,0.05357142857142857,3,0.003238970656422202,0.9967610293435778,2.2472331716380007,2.237362468082098,0.7594143625192012,0.7765450081501972,3.21961841955893,0.19642857142857142,0.08118393234672304,0.7306290283774906,0.851949864333206,1770,2.894954383065254
mariogan,mariogan::level_57.txt,168,14,0.12032312925170068,0.875,11,0.06547619047619048,0,0.0,0.15476190476190477,0.1488095238095238,2,0.03571428571428571,3,0.00036786718159365073,0.9996321328184063,1.6472841954329909,1.6375101890596717,0.7792560142560143,0.7126778491804331,2.80826067908984,0.16666666666666666,0.07357293868921776,0.7306290283774906,0.851949864333206,1770,3.584170886349625
mariogan,mariogan::level_58.txt,168,14,0.08715986394557823,0.9090136054421769,9,0.05357142857142857,0,0.0,0.09523809523809523,0.1130952380952381,9,0.19642857142857142,17,0.01579302964972673,0.9842069703502733,1.9426662929360705,1.9441533228778904,0.4218522684664417,0.5597771559606315,2.478548848122689,0.13095238095238096,0.07230443974630021,0.7306290283774906,0.851949864333206,1770,4.390355716606356
mariogan,mariogan::level_59.txt,168,14,0.11522108843537415,0.8801020408163265,11,0.06547619047619048,2,0.011904761904761904,0.16666666666666666,0.15476190476190477,1,0.047619047619047616,8,0.10094743523905769,0.8990525647609423,1.819810876516246,1.9075208666310721,0.6451921617005123,0.7040886327771452,2.809799583660037,0.17857142857142858,0.07272727272727272,0.7306290283774906,0.851949864333206,1770,4.684309929177831
mariogan,mariogan::level_6.txt,168,14,0.13988095238095238,0.8528911564625851,17,0.10119047619047619,3,0.017857142857142856,0.2619047619047619,0.25595238095238093,1,0.011904761904761904,2,0.007205632041963228,0.9927943679580368,1.7441827397701886,1.7399872606168403,0.8409129286125706,0.86738267674832,3.4646421069439555,0.17857142857142858,0.08625792811839324,0.7306290283774906,0.851949864333206,1770,2.9206449814912316
mariogan,mariogan::level_60.txt,168,14,0.12797619047619047,0.8643707482993197,18,0.10714285714285714,2,0.011904761904761904,0.25,0.21428571428571427,3,0.05952380952380952,4,0.024734042381266308,0.9752659576187337,1.6753773040940225,1.6858527840161488,0.7088751214771623,0.8111701908150541,3.365767646652903,0.17261904761904762,0.08625792811839324,0.7306290283774906,0.851949864333206,1770,2.8404735135241217
mariogan,mariogan::level_61.txt,168,14,0.1288265306122449,0.8669217687074829,10,0.05952380952380952,1,0.005952380952380952,0.21428571428571427,0.07142857142857142,6,0.08333333333333333,4,0.004843603112790862,0.9951563968872091,1.9630454316551875,1.95524283986992,0.6946115711749674,0.7292284337307984,3.246149002025432,0.17261904761904762,0.08329809725158563,0.7306290283774906,0.851949864333206,1770,3.0185871604782535
mariogan,mariogan::level_62.txt,168,14,0.09651360544217687,0.9017857142857143,4,0.023809523809523808,1,0.005952380952380952,0.13095238095238096,0.05357142857142857,8,0.23809523809523808,20,0.007511245706776415,0.9924887542932236,2.0118260620904453,2.0042975658462288,0.38739030805944247,0.5587078663520415,2.8649479667433853,0.15476190476190477,0.06892177589852008,0.7306290283774906,0.851949864333206,1770,4.433978178684423
mariogan,mariogan::level_63.txt,168,14,0.11777210884353742,0.8775510204081632,11,0.06547619047619048,1,0.005952380952380952,0.13095238095238096,0.17261904761904762,8,0.19642857142857142,7,0.019382936563538844,0.9806170634364612,2.4749013894683496,2.4820641088760103,0.5337529241739208,0.7060078805674155,3.417499607168578,0.20833333333333334,0.08668076109936575,0.7306290283774906,0.851949864333206,1770,3.0524800186210133
mariogan,mariogan::level_64.txt,168,14,0.11054421768707483,0.8877551020408163,4,0.023809523809523808,1,0.005952380952380952,0.17857142857142858,0.10714285714285714,4,0.30357142857142855,26,0.0010063957252631761,0.9989936042747368,2.6049611566105026,2.585831285583033,0.33066927148108227,0.6496460428694587,3.246471701793045,0.16071428571428573,0.07568710359408033,0.7306290283774906,0.851949864333206,1770,4.209142542603156
mariogan,mariogan::level_65.txt,168,14,0.12074829931972789,0.8715986394557823,18,0.10714285714285714,1,0.005952380952380952,0.125,0.23809523809523808,0,0.0,0,0.03144436824481278,0.9685556317551872,1.3983239556048712,1.412358394964842,0.9302031680440772,0.7643818323414504,2.808886252313929,0.16666666666666666,0.0773784355179704,0.7306290283774906,0.851949864333206,1770,3.9198936464758534
mariogan,mariogan::level_66.txt,168,14,0.12074829931972789,0.8745748299319728,11,0.06547619047619048,3,0.017857142857142856,0.20238095238095238,0.06547619047619048,0,0.0,0,0.011061362147294473,0.9889386378527055,1.6604915107469278,1.6597832985280225,0.9634891084093212,0.70386095508836,2.648805962043312,0.1488095238095238,0.07441860465116279,0.7306290283774906,0.851949864333206,1770,3.999055841711435
mariogan,mariogan::level_67.txt,168,14,0.09991496598639456,0.8992346938775511,2,0.011904761904761904,0,0.0,0.17261904761904762,0.19642857142857142,4,0.2261904761904762,23,0.11682370250806995,0.88317629749193,2.2293698982292813,2.3549860630750836,0.3705050355296149,0.6195382965482747,2.896856578515345,0.15476190476190477,0.07230443974630021,0.7306290283774906,0.851949864333206,1770,5.954763445784619
mariogan,mariogan::level_68.txt,168,14,0.09906462585034014,0.8979591836734694,7,0.041666666666666664,1,0.005952380952380952,0.13095238095238096,0.1130952380952381,5,0.1488095238095238,13,0.04276842497177058,0.9572315750282294,2.1688969717964826,2.2019915228416904,0.4917294863299719,0.6078479014077178,2.613591219299103,0.15476190476190477,0.0693446088794926,0.7306290283774906,0.851949864333206,1770,4.011635654541487
mariogan,mariogan::level_69.txt,168,14,0.11054421768707483,0.8847789115646258,11,0.06547619047619048,0,0.0,0.125,0.24404761904761904,5,0.18452380952380953,17,0.00048053280815651966,0.9995194671918435,1.7299641135681318,1.7177029690249144,0.4261540158870256,0.6990595997522672,3.070931998787302,0.15476190476190477,0.07610993657505286,0.7306290283774906,0.851949864333206,1770,3.64584539155621
mariogan,mariogan::level_7.txt,168,14,0.1050170068027211,0.8903061224489796,11,0.06547619047619048,1,0.005952380952380952,0.125,0.16666666666666666,6,0.08333333333333333,3,0.007054444755302369,0.9929455552446976,1.9509718847550506,1.9455372790011576,0.715092954817791,0.6599880762494323,2.677289615720727,0.16071428571428573,0.07357293868921776,0.7306290283774906,0.851949864333206,1770,3.5852572006263634
mariogan,mariogan::level_70.txt,168,14,0.10246598639455783,0.891156462585034,15,0.08928571428571429,2,0.011904761904761904,0.18452380952380953,0.20238095238095238,4,0.05952380952380952,4,0.0006928899535195709,0.9993071100464804,1.5974009682375407,1.5879984667608413,0.714184660200006,0.697191729289795,2.657672224906228,0.1488095238095238,0.07272727272727272,0.7306290283774906,0.851949864333206,1770,3.676316933174021
mariogan,mariogan::level_71.txt,168,14,0.11224489795918367,0.8818027210884354,14,0.08333333333333333,3,0.017857142857142856,0.21428571428571427,0.19047619047619047,2,0.03571428571428571,3,0.00151220223436066,0.9984877977656393,1.872526961726152,1.8626893661729764,0.7787112972761121,0.7368739141490359,2.8202172481664625,0.15476190476190477,0.07864693446088795,0.7306290283774906,0.851949864333206,1770,3.3623744606295256
mariogan,mariogan::level_72.txt,168,14,0.12032312925170068,0.8737244897959183,14,0.08333333333333333,2,0.011904761904761904,0.26785714285714285,0.1130952380952381,5,0.15476190476190477,13,0.07871408129212365,0.9212859187078764,2.5292013598297745,2.6183032553907033,0.485849298608017,0.7420680276704398,3.4876791024605107,0.19642857142857142,0.08456659619450317,0.7306290283774906,0.851949864333206,1770,3.8703290767684333
mariogan,mariogan::level_73.txt,168,14,0.11479591836734694,0.8758503401360545,22,0.13095238095238096,3,0.017857142857142856,0.2261904761904762,0.18452380952380953,0,0.0,0,0.0005485024427753782,0.9994514975572246,1.597035453010491,1.5879363810031493,0.9213429152148664,0.7667852901175685,2.8761001165076414,0.16666666666666666,0.07864693446088795,0.7306290283774906,0.851949864333206,1770,3.9448375996560063
mariogan,mariogan::level_74.txt,168,14,0.1092687074829932,0.8843537414965986,15,0.08928571428571429,2,0.011904761904761904,0.13095238095238096,0.20238095238095238,2,0.02976190476190476,3,0.03067869010430102,0.969321309895699,1.3609054908171174,1.37376744958263,0.7811576893951865,0.707158654426773,2.7528819755288687,0.17261904761904762,0.07484143763213531,0.7306290283774906,0.851949864333206,1770,3.683951733094323
mariogan,mariogan::level_75.txt,168,14,0.10671768707482993,0.8864795918367347,16,0.09523809523809523,0,0.0,0.13690476190476192,0.11904761904761904,5,0.041666666666666664,2,0.09903961941515571,0.9009603805848443,1.3212092119114782,1.3834208907973693,0.7866858320556406,0.6675506367372321,2.5117689752992676,0.13690476190476192,0.07441860465116279,0.7306290283774906,0.851949864333206,1770,5.219418278553509
mariogan,mariogan::level_76.txt,168,14,0.1292517006802721,0.8635204081632653,17,0.10119047619047619,3,0.017857142857142856,0.2261904761904762,0.16666666666666666,1,0.011904761904761904,2,0.048689615516279705,0.9513103844837203,1.7111608823775923,1.7438674093920314,0.8401986428982849,0.8004938521011826,3.1063687691043187,0.19047619047619047,0.08202959830866807,0.7306290283774906,0.851949864333206,1770,3.3117213360122357
mariogan,mariogan::level_77.txt,168,14,0.09693877551020408,0.8988095238095238,10,0.05952380952380952,2,0.011904761904761904,0.1488095238095238,0.08928571428571429,3,0.10714285714285714,15,0.04048746693214311,0.9595125330678569,1.586414778782763,1.60898818367526,0.491991341991342,0.6139189660526703,2.7778134065087063,0.16666666666666666,0.07019027484143764,0.7306290283774906,0.851949864333206,1770,3.991315342448424
mariogan,mariogan::level_78.txt,168,14,0.10756802721088435,0.8894557823129252,7,0.041666666666666664,1,0.005952380952380952,0.20238095238095238,0.125,3,0.041666666666666664,3,7.606052656705664e-06,0.9999923939473433,1.8011081818337875,1.790098934118498,0.7840888129968357,0.6574595806827813,2.5423242143224116,0.13095238095238096,0.07019027484143764,0.7306290283774906,0.851949864333206,1770,3.997208366021822
mariogan,mariogan::level_79.txt,168,14,0.11352040816326531,0.8822278911564626,10,0.05952380952380952,1,0.005952380952380952,0.16666666666666666,0.08928571428571429,4,0.11904761904761904,12,0.00398829268387646,0.9960117073161235,1.8404388630774757,1.8319474400566722,0.5202802891000102,0.6780642288277792,3.21845087640606,0.20238095238095238,0.07780126849894292,0.7306290283774906,0.851949864333206,1770,3.340693933294261
mariogan,mariogan::level_8.txt,168,14,0.12287414965986394,0.8741496598639455,7,0.041666666666666664,0,0.0,0.10119047619047619,0.11904761904761904,3,0.15476190476190477,18,0.07808806989735817,0.9219119301026418,1.7566570807563275,1.8167919596616884,0.43340139329579563,0.6872097124945518,3.2210150598936638,0.16666666666666666,0.07484143763213531,0.7306290283774906,0.851949864333206,1770,4.257726843667656
mariogan,mariogan::level_80.txt,168,14,0.13477891156462585,0.8575680272108843,18,0.10714285714285714,4,0.023809523809523808,0.21428571428571427,0.2619047619047619,1,0.02976190476190476,5,0.01908005034449789,0.9809199496555021,1.9653056629771444,1.972337363528296,0.7244834543987088,0.8439694351688861,3.4199596829591488,0.19642857142857142,0.0879492600422833,0.7306290283774906,0.851949864333206,1770,2.4915812312073107
mariogan,mariogan::level_81.txt,168,14,0.10671768707482993,0.8881802721088435,12,0.07142857142857142,1,0.005952380952380952,0.08928571428571429,0.1488095238095238,2,0.14285714285714285,17,0.030052073387568434,0.9699479266124316,1.6570926427692634,1.6709236162291485,0.4462071202888738,0.6487838691742153,3.029841791446821,0.19642857142857142,0.07441860465116279,0.7306290283774906,0.851949864333206,1770,3.6385108837490603
mariogan,mariogan::level_82.txt,168,14,0.10076530612244898,0.8975340136054422,4,0.023809523809523808,0,0.0,0.13690476190476192,0.05952380952380952,2,0.02976190476190476,3,0.03576719112427462,0.9642328088757254,2.0613115266191917,2.0866618817999516,0.8077213247541469,0.583123334427305,2.045546017061311,0.13690476190476192,0.06215644820295983,0.7306290283774906,0.851949864333206,1770,4.487543746258484
mariogan,mariogan::level_83.txt,168,14,0.11649659863945579,0.8784013605442177,12,0.07142857142857142,0,0.0,0.11904761904761904,0.18452380952380953,0,0.0,0,0.01212939426694204,0.987870605733058,1.422432427444255,1.422594142041405,0.9515334947538338,0.7039575218980031,2.5361285956173165,0.13095238095238096,0.07019027484143764,0.7306290283774906,0.851949864333206,1770,4.289365752011051
mariogan,mariogan::level_84.txt,168,14,0.11437074829931973,0.8818027210884354,9,0.05357142857142857,1,0.005952380952380952,0.25,0.13690476190476192,1,0.023809523809523808,4,0.020229772029814574,0.9797702279701854,1.7442114520693373,1.7513485922942673,0.7764902488359667,0.7065588859029805,2.4982229885638674,0.11904761904761904,0.07188160676532769,0.7306290283774906,0.851949864333206,1770,3.6815492153982388
mariogan,mariogan::level_85.txt,168,14,0.13818027210884354,0.8554421768707483,15,0.08928571428571429,2,0.011904761904761904,0.32142857142857145,0.1488095238095238,4,0.10119047619047619,9,0.06892464773309637,0.9310753522669036,2.2754256830215898,2.3435419114554703,0.5755859897347202,0.8196328180703651,3.5779092708311793,0.17857142857142858,0.0879492600422833,0.7306290283774906,0.851949864333206,1770,3.173298833733137
mariogan,mariogan::level_86.txt,168,14,0.11181972789115646,0.8856292517006803,6,0.03571428571428571,1,0.005952380952380952,0.23809523809523808,0.125,1,0.011904761904761904,2,0.048190607874395996,0.951809392125604,1.5831424177845914,1.6129201677569092,0.8714875438080533,0.6868079054389632,2.5142559414719114,0.10714285714285714,0.07103594080338266,0.7306290283774906,0.851949864333206,1770,4.34108775150528
mariogan,mariogan::level_87.txt,168,14,0.11096938775510204,0.8873299319727891,4,0.023809523809523808,0,0.0,0.14285714285714285,0.125,7,0.2261904761904762,12,2.5981861219936953e-05,0.9999740181387801,2.646373038514957,2.6279653298115173,0.4608724100327153,0.6519864531687108,3.3322238956044155,0.16666666666666666,0.08202959830866807,0.7306290283774906,0.851949864333206,1770,3.89373275842988
mariogan,mariogan::level_88.txt,168,14,0.10034013605442177,0.8954081632653061,10,0.05952380952380952,1,0.005952380952380952,0.10119047619047619,0.17261904761904762,6,0.20833333333333334,20,4.947015005862809e-06,0.9999950529849941,2.1160118357791156,2.100627650474955,0.3938983261518064,0.6413504956382216,3.1279107801310215,0.19047619047619047,0.07864693446088795,0.7306290283774906,0.851949864333206,1770,3.8453095794182772
mariogan,mariogan::level_89.txt,168,14,0.09438775510204081,0.9030612244897959,6,0.03571428571428571,0,0.0,0.07142857142857142,0.11904761904761904,10,0.18452380952380953,5,0.10368178823206375,0.8963182117679362,2.2712256264728943,2.3823918076855013,0.5767710371819961,0.5736589304026951,2.659709587740001,0.17857142857142858,0.07315010570824525,0.7306290283774906,0.851949864333206,1770,5.377552958705558
mariogan,mariogan::level_9.txt,168,14,0.12670068027210885,0.8698979591836735,8,0.047619047619047616,1,0.005952380952380952,0.19642857142857142,0.125,5,0.18452380952380953,18,0.0008681484119134053,0.9991318515880866,2.0318306414566742,2.018141572874229,0.4231959127082668,0.7207104536089659,3.58183780077402,0.20238095238095238,0.0824524312896406,0.7306290283774906,0.851949864333206,1770,3.2257289731852428
mariogan,mariogan::level_90.txt,168,14,0.11947278911564625,0.8732993197278912,17,0.10119047619047619,3,0.017857142857142856,0.09523809523809523,0.19047619047619047,2,0.06547619047619048,10,0.003388963287044411,0.9966110367129556,1.4149952068313096,1.4083420463675425,0.5830050613059595,0.7260366688302278,3.011807514199495,0.19047619047619047,0.08076109936575053,0.7306290283774906,0.851949864333206,1770,3.2437937744912735
mariogan,mariogan::level_91.txt,168,14,0.11267006802721088,0.8847789115646258,6,0.03571428571428571,0,0.0,0.08928571428571429,0.14285714285714285,9,0.20238095238095238,8,0.0012121133548411711,0.9987878866451588,1.8239569915629363,1.8118858932450084,0.5191863918342206,0.6475111212325025,3.1297619135551136,0.15476190476190477,0.08118393234672304,0.7306290283774906,0.851949864333206,1770,3.7127059442908426
mariogan,mariogan::level_92.txt,168,14,0.11734693877551021,0.8775510204081632,12,0.07142857142857142,2,0.011904761904761904,0.22023809523809523,0.20833333333333334,1,0.08333333333333333,14,0.0031676914726059824,0.996832308527394,1.7613449624473416,1.7526484067969441,0.5182801664355062,0.7499061963237954,3.3618634246410295,0.20238095238095238,0.08498942917547568,0.7306290283774906,0.851949864333206,1770,3.045151732142755
mariogan,mariogan::level_93.txt,168,14,0.08673469387755102,0.9107142857142857,6,0.03571428571428571,0,0.0,0.06547619047619048,0.07738095238095238,4,0.1488095238095238,17,0.0544744242131594,0.9455255757868406,1.4205642672099466,1.4508023939209973,0.445989248531599,0.5257233130558204,2.3398762362443084,0.13690476190476192,0.0638477801268499,0.7306290283774906,0.851949864333206,1770,4.967600520425011
mariogan,mariogan::level_94.txt,168,14,0.12074829931972789,0.8732993197278912,14,0.08333333333333333,5,0.02976190476190476,0.16071428571428573,0.13095238095238096,1,0.08928571428571429,15,0.03628579874358717,0.9637142012564128,1.6643208763876467,1.6842466400187774,0.504859022556391,0.7168016767238258,3.0050407567885538,0.17261904761904762,0.07568710359408033,0.7306290283774906,0.851949864333206,1770,3.0609096686910053
mariogan,mariogan::level_95.txt,168,14,0.10119047619047619,0.8954081632653061,8,0.047619047619047616,3,0.017857142857142856,0.17261904761904762,0.07738095238095238,3,0.023809523809523808,2,0.2579242746724214,0.7420757253275786,1.2098832786321043,1.395902050362356,0.8463557674065643,0.627931495710206,2.314589968996976,0.13690476190476192,0.06638477801268498,0.7306290283774906,0.851949864333206,1770,11.027019618043681
mariogan,mariogan::level_96.txt,168,14,0.10374149659863946,0.8894557823129252,16,0.09523809523809523,1,0.005952380952380952,0.16666666666666666,0.14285714285714285,4,0.07142857142857142,4,0.002835214343150816,0.9971647856568492,1.7877070678833553,1.7789516910532732,0.6950718390804598,0.673864211938582,2.76064188131007,0.1488095238095238,0.07315010570824525,0.7306290283774906,0.851949864333206,1770,3.657576576363708
mariogan,mariogan::level_97.txt,168,14,0.11564625850340136,0.8737244897959183,25,0.1488095238095238,1,0.005952380952380952,0.20238095238095238,0.22023809523809523,1,0.023809523809523808,4,0.1727909396185029,0.8272090603814971,1.4652159709209325,1.6011410268135,0.7354558926891791,0.7789072236722566,2.8581962577147535,0.16666666666666666,0.0828752642706131,0.7306290283774906,0.851949864333206,1770,7.425486505537811
mariogan,mariogan::level_98.txt,168,14,0.13222789115646258,0.8639455782312925,9,0.05357142857142857,1,0.005952380952380952,0.22023809523809523,0.1130952380952381,7,0.16666666666666666,12,0.05674770096135584,0.9432522990386442,2.5440844325611334,2.60220447775426,0.4926695451006332,0.7414782121466029,3.72413172901639,0.22023809523809523,0.0854122621564482,0.7306290283774906,0.851949864333206,1770,3.2873249750065776
mariogan,mariogan::level_99.txt,168,14,0.10884353741496598,0.8886054421768708,6,0.03571428571428571,2,0.011904761904761904,0.19047619047619047,0.08928571428571429,4,0.125,9,0.05289277077433652,0.9471072292256635,1.8605430132995966,1.8990867319142273,0.5668584260051326,0.6458944345541985,2.9273167420079593,0.16071428571428573,0.07568710359408033,0.7306290283774906,0.851949864333206,1770,3.797318647153919
mariogpt,mariogpt::level_000.txt,150,14,0.19047619047619047,0.7971428571428572,15,0.1,27,0.18,1.5,0.16,7,0.14666666666666667,7,0.4692604686906817,0.5307395313093183,2.260942061088474,3.0816992492137394,0.6511395348837209,1.1239819283906582,4.650723950503043,0.37333333333333335,0.10884997633696167,0.7624339739920093,0.8538973407606367,1770,19.442598611991926
mariogpt,mariogpt::level_001.txt,150,14,0.1761904761904762,0.8180952380952381,10,0.06666666666666667,6,0.04,0.19333333333333333,0.25333333333333335,5,0.08666666666666667,5,0.19243772422651406,0.8075622757734859,3.380505267839087,3.7350072504625738,0.677207326007326,0.9214826243022752,2.8859692234639125,0.21333333333333335,0.08518693800283957,0.7624339739920093,0.8538973407606367,1770,7.97030401269982
mariogpt,mariogpt::level_002.txt,150,14,0.10809523809523809,0.8738095238095238,8,0.05333333333333334,34,0.22666666666666666,0.2733333333333333,0.13333333333333333,9,0.30666666666666664,13,0.018481807049080312,0.9815181929509197,1.8185729397451598,1.821217586147726,0.49185563093622797,0.8046537303067388,3.9343557025593876,0.24666666666666667,0.0955986748698533,0.7624339739920093,0.8538973407606367,1770,3.5666688795848036
mariogpt,mariogpt::level_003.txt,150,14,0.10428571428571429,0.8847619047619047,3,0.02,22,0.14666666666666667,0.14,0.0,8,0.5266666666666666,39,0.07182570623089624,0.9281742937691038,2.1253356197220987,2.1878798092357314,0.2876872453613598,0.6259201287296419,4.34954041807294,0.26,0.08471367723615712,0.7624339739920093,0.8538973407606367,1770,5.039437852124604
mariogpt,mariogpt::level_004.txt,150,14,0.1719047619047619,0.8223809523809524,12,0.08,21,0.14,0.35333333333333333,0.0,7,0.20666666666666667,10,0.01873603851842387,0.9812639614815761,3.4389720064842977,3.4433077939222394,0.5376075976457999,0.8419465624759216,3.7363593429715762,0.25333333333333335,0.0832938949361098,0.7624339739920093,0.8538973407606367,1770,2.638959996688729
mariogpt,mariogpt::level_005.txt,150,14,0.13095238095238096,0.861904761904762,8,0.05333333333333334,9,0.06,0.5066666666666667,0.2,12,0.32666666666666666,14,0.23067595499549054,0.7693240450045095,2.8411251976629117,3.2152789974031597,0.4222676227727075,0.829929365231472,4.412129294534618,0.30666666666666664,0.0955986748698533,0.7624339739920093,0.8538973407606367,1770,9.552374949088813
mariogpt,mariogpt::level_006.txt,150,14,0.16714285714285715,0.8266666666666667,10,0.06666666666666667,6,0.04,0.43333333333333335,0.02,8,0.26666666666666666,9,0.07780408713994191,0.9221959128600581,3.40251460154852,3.51578014943648,0.4842051282051281,0.8546709616285092,4.330559599190523,0.29333333333333333,0.10080454330336015,0.7624339739920093,0.8538973407606367,1770,4.014051332056127
mariogpt,mariogpt::level_007.txt,150,14,0.10333333333333333,0.8895238095238095,13,0.08666666666666667,10,0.06666666666666667,0.16,0.02666666666666667,6,0.06666666666666667,2,0.021874369751270217,0.9781256302487298,2.0520641204029575,2.060622443023664,0.7774720066750105,0.6420843280861187,2.4836573590910835,0.14,0.06672976810222432,0.7624339739920093,0.8538973407606367,1770,3.502992200212368
mariogpt,mariogpt::level_008.txt,150,14,0.15,0.8471428571428572,6,0.04,1,0.006666666666666667,0.3333333333333333,0.56,4,0.14,13,0.005952646864922473,0.9940473531350775,2.333912375984945,2.323865140524801,0.5016108374384236,0.9296699214075116,3.8336943357973694,0.25333333333333335,0.10033128253667771,0.7624339739920093,0.8538973407606367,1770,2.4994464538927064
mariogpt,mariogpt::level_009.txt,150,14,0.22142857142857142,0.7738095238095238,7,0.04666666666666667,6,0.04,1.58,0.5533333333333333,6,0.13333333333333333,9,0.4757575590990293,0.5242424409009707,2.681039854504849,3.6757315169164744,0.5955541704857928,1.2162730475696015,3.9912895198203793,0.2866666666666667,0.10317084713677237,0.7624339739920093,0.8538973407606367,1770,19.775961031104153
mariogpt,mariogpt::level_010.txt,150,14,0.2985714285714286,0.6980952380952381,7,0.04666666666666667,6,0.04,1.1133333333333333,0.18,6,0.15333333333333332,10,0.08803458212728632,0.9119654178727137,3.9777990481363963,4.133933459242017,0.5575525050680568,1.2782461753355177,3.9023334081128516,0.25333333333333335,0.0889730241362991,0.7624339739920093,0.8538973407606367,1770,5.738806756328615
mariogpt,mariogpt::level_011.txt,150,14,0.09142857142857143,0.8914285714285715,15,0.1,27,0.18,0.32,0.0,12,0.3333333333333333,24,0.008543633243512039,0.991456366756488,2.1549122459949426,2.1451090338267735,0.39111581769437,0.6691636352623169,3.4883382909008827,0.22,0.08755324183625178,0.7624339739920093,0.8538973407606367,1770,3.8525514213056984
mariogpt,mariogpt::level_012.txt,150,14,0.09476190476190476,0.9014285714285715,8,0.05333333333333334,9,0.06,0.17333333333333334,0.26666666666666666,6,0.4866666666666667,50,0.4977183559255709,0.5022816440744291,2.4253389503991345,3.387753680538182,0.23469792104648446,0.6564077239741168,3.121602894170651,0.18,0.08849976336961665,0.7624339739920093,0.8538973407606367,1770,20.983678033401695
mariogpt,mariogpt::level_013.txt,150,14,0.10095238095238095,0.878095238095238,12,0.08,36,0.24,0.2866666666666667,0.0,10,0.24666666666666667,15,0.09029860341231732,0.9097013965876827,1.4884761629221845,1.5484581016736176,0.5018212454212454,0.7402687510386966,3.352904344404869,0.22666666666666666,0.0889730241362991,0.7624339739920093,0.8538973407606367,1770,4.913382854621084
mariogpt,mariogpt::level_014.txt,150,14,0.15761904761904763,0.8371428571428572,8,0.05333333333333334,19,0.12666666666666668,0.35333333333333333,0.17333333333333334,4,0.04,2,0.0036990639613668774,0.9963009360386331,1.9451021761879481,1.9353163637142052,0.8578516129032259,0.9067083194821284,3.7274463293545175,0.2866666666666667,0.10743019403691434,0.7624339739920093,0.8538973407606367,1770,2.7289374438265677
mariogpt,mariogpt::level_015.txt,150,14,0.05142857142857143,0.9380952380952381,3,0.02,19,0.12666666666666668,0.08,0.013333333333333334,8,0.7933333333333333,41,0.00935118137746671,0.9906488186225333,2.8986680163139393,2.8782534440260106,0.24401850995928245,0.4141465441815286,3.027965138807895,0.14,0.0776147657359205,0.7624339739920093,0.8538973407606367,1770,6.900784313787694
mariogpt,mariogpt::level_016.txt,150,14,0.10095238095238095,0.8909523809523809,11,0.07333333333333333,7,0.04666666666666667,0.05333333333333334,0.013333333333333334,5,0.08666666666666667,5,0.11072363634420102,0.889276363655799,1.5411222753193097,1.6222781686230192,0.6745741511500547,0.5803717994662898,2.208696587014669,0.13333333333333333,0.07240889730241364,0.7624339739920093,0.8538973407606367,1770,5.40695848814551
mariogpt,mariogpt::level_017.txt,150,14,0.2795238095238095,0.7114285714285714,16,0.10666666666666667,17,0.11333333333333333,2.2333333333333334,0.6133333333333333,7,0.14666666666666667,6,0.005707915263940877,0.9942920847360591,1.9707720996720708,1.9625510020181691,0.656852417302799,1.4464052064731714,4.358401733577361,0.29333333333333333,0.1126360624704212,0.7624339739920093,0.8538973407606367,1770,4.035638299525647
mariogpt,mariogpt::level_018.txt,150,14,0.08857142857142856,0.8976190476190476,11,0.07333333333333333,29,0.19333333333333333,0.12666666666666668,0.18,11,0.22666666666666666,14,0.07274077320148653,0.9272592267985135,1.154937509514713,1.1899016059034728,0.5009250538406317,0.6953812478755853,3.351855019836935,0.24,0.08424041646947468,0.7624339739920093,0.8538973407606367,1770,4.517634750979361
mariogpt,mariogpt::level_019.txt,150,14,0.10095238095238095,0.8957142857142857,2,0.013333333333333334,6,0.04,0.04666666666666667,0.10666666666666667,6,0.41333333333333333,21,0.21915532065249665,0.7808446793475033,2.8046791525610275,3.14470201209698,0.3382091954022989,0.5851910650508104,3.0652901995491946,0.17333333333333334,0.08282063416942735,0.7624339739920093,0.8538973407606367,1770,9.710278329347721
mariogpt,mariogpt::level_020.txt,150,14,0.09333333333333334,0.8980952380952381,5,0.03333333333333333,23,0.15333333333333332,0.2,0.09333333333333334,3,0.04666666666666667,3,0.07198623389610148,0.9280137661038985,1.4472806504905096,1.491968191491798,0.8318602150537634,0.6632575487787562,2.2524618357694255,0.16,0.06862281116895409,0.7624339739920093,0.8538973407606367,1770,4.606448014485762
mariogpt,mariogpt::level_021.txt,150,14,0.16523809523809524,0.8295238095238096,10,0.06666666666666667,9,0.06,0.7666666666666667,0.34,8,0.10666666666666667,7,0.07532119676985116,0.9246788032301488,2.016802111873688,2.0818564546043645,0.6363333333333333,1.0096549580080387,3.9345769131906034,0.32,0.10743019403691434,0.7624339739920093,0.8538973407606367,1770,3.0426849365292505
mariogpt,mariogpt::level_022.txt,150,14,0.17904761904761904,0.8142857142857143,13,0.08666666666666667,1,0.006666666666666667,0.12,0.0,4,0.12666666666666668,10,0.00642026803150797,0.993579731968492,3.6627980772891826,3.646454702571807,0.5361770888692058,0.7971362178994837,2.7547623148290237,0.16,0.07382867960246095,0.7624339739920093,0.8538973407606367,1770,3.5254990916794493
mariogpt,mariogpt::level_023.txt,150,14,0.10666666666666667,0.8871428571428571,10,0.06666666666666667,8,0.05333333333333334,0.14,0.0,4,0.44666666666666666,58,0.05330169393020934,0.9466983060697907,2.6030218249111363,2.649195959313267,0.21883508771929822,0.6060170760534553,3.49251924229934,0.21333333333333335,0.08518693800283957,0.7624339739920093,0.8538973407606367,1770,4.666039474280388
mariogpt,mariogpt::level_024.txt,150,14,0.09952380952380953,0.8876190476190476,12,0.08,15,0.1,0.06,0.0,10,0.3333333333333333,13,0.021578074262684432,0.9784219257373156,2.516471774853301,2.522956548694806,0.42938479685452163,0.6029514956266822,4.020262754362701,0.26666666666666666,0.08092759110269758,0.7624339739920093,0.8538973407606367,1770,3.5912570513439985
mariogpt,mariogpt::level_025.txt,150,14,0.08,0.9047619047619048,16,0.10666666666666667,32,0.21333333333333335,0.14666666666666667,0.0,12,0.4266666666666667,34,0.12922926253469202,0.870770737465308,2.8271440432675274,3.0036685875048597,0.33756533795493937,0.5963285674748304,3.5938233307668206,0.2,0.08849976336961665,0.7624339739920093,0.8538973407606367,1770,6.823959806566018
mariogpt,mariogpt::level_026.txt,150,14,0.23809523809523808,0.758095238095238,7,0.04666666666666667,3,0.02,1.56,0.3,11,0.30666666666666664,15,0.18519415407484696,0.814805845925153,3.1104731327049975,3.418633407387921,0.43010071848465053,1.1964050400012372,4.623937625190664,0.2866666666666667,0.11121628017037388,0.7624339739920093,0.8538973407606367,1770,8.035920605176209
mariogpt,mariogpt::level_027.txt,150,14,0.14952380952380953,0.8442857142857143,7,0.04666666666666667,26,0.17333333333333334,1.28,0.0,7,0.43333333333333335,43,0.2282729657525594,0.7717270342474406,2.4713340369043864,2.7875016213907746,0.3205501496811141,0.862743300218467,4.326827456562721,0.28,0.10459062943681968,0.7624339739920093,0.8538973407606367,1770,9.574348951708316
mariogpt,mariogpt::level_028.txt,150,14,0.13047619047619047,0.8576190476190476,14,0.09333333333333334,19,0.12666666666666668,0.26,0.1,8,0.24666666666666667,14,0.05713500102744573,0.9428649989725543,2.2762478474284698,2.327396175811861,0.46852774674115455,0.8151768522118308,4.220686695885251,0.3466666666666667,0.09985802176999527,0.7624339739920093,0.8538973407606367,1770,3.102193619264184
mariogpt,mariogpt::level_029.txt,150,14,0.045714285714285714,0.9452380952380952,9,0.06,12,0.08,0.013333333333333334,0.08666666666666667,10,0.7533333333333333,35,0.10580333917374096,0.894196660826259,2.6543118519797777,2.769275878075149,0.24201800261251635,0.40008767172720294,3.076383704794841,0.16,0.0743019403691434,0.7624339739920093,0.8538973407606367,1770,7.6215420570624275
mariogpt,mariogpt::level_030.txt,150,14,0.18476190476190477,0.8123809523809524,6,0.04,7,0.04666666666666667,0.7266666666666667,0.38,4,0.06666666666666667,3,0.0001302128233943156,0.9998697871766057,3.757808500464266,3.7325745613583314,0.7734409240924093,1.0411044683976545,3.1512163942129807,0.23333333333333334,0.0922858495030762,0.7624339739920093,0.8538973407606367,1770,3.3806907951939658
mariogpt,mariogpt::level_031.txt,150,14,0.12380952380952381,0.8614285714285714,12,0.08,22,0.14666666666666667,0.6066666666666667,0.07333333333333333,5,0.09333333333333334,5,0.1314140306907715,0.8685859693092285,1.796315582024657,1.913602623325961,0.7114148308135348,0.8594474260634846,3.6782336603987877,0.28,0.09654519640321817,0.7624339739920093,0.8538973407606367,1770,5.2971642183510905
mariogpt,mariogpt::level_032.txt,150,14,0.12761904761904763,0.8690476190476191,3,0.02,11,0.07333333333333333,0.25333333333333335,0.3333333333333333,7,0.12666666666666668,5,0.16727215757449942,0.8327278424255006,1.8729869845383758,2.037125490210355,0.6629778011942394,0.8229244922886817,3.22021869717346,0.22666666666666666,0.0955986748698533,0.7624339739920093,0.8538973407606367,1770,6.730203959508207
mariogpt,mariogpt::level_033.txt,150,14,0.10047619047619048,0.8928571428571429,13,0.08666666666666667,3,0.02,0.11333333333333333,0.02666666666666667,8,0.16,7,0.0025950344126128844,0.9974049655873871,1.736127958587789,1.7252649338843964,0.5602308539944904,0.6076223627353325,2.965039022156131,0.20666666666666667,0.0832938949361098,0.7624339739920093,0.8538973407606367,1770,3.6230836275432314
mariogpt,mariogpt::level_034.txt,150,14,0.19047619047619047,0.8080952380952381,0,0.0,22,0.14666666666666667,1.46,0.03333333333333333,7,0.12,5,0.4332287669369884,0.5667712330630116,2.372856805883017,3.1291077241474756,0.725694623655914,0.9782147644842943,3.5374166796835995,0.17333333333333334,0.07856128726928538,0.7624339739920093,0.8538973407606367,1770,17.868580552603447
mariogpt,mariogpt::level_035.txt,150,14,0.09476190476190476,0.8980952380952381,12,0.08,26,0.17333333333333334,0.24,0.006666666666666667,8,0.08666666666666667,3,0.000891665277338971,0.999108334722661,1.1830165527531549,1.1749987748964803,0.766401246105919,0.6322490368967851,2.7587865139997527,0.18,0.07808802650260294,0.7624339739920093,0.8538973407606367,1770,4.111568674033032
mariogpt,mariogpt::level_036.txt,150,14,0.055714285714285716,0.9338095238095238,5,0.03333333333333333,18,0.12,0.19333333333333333,0.0,8,0.64,29,0.1720945905617024,0.8279054094382976,3.153052350954688,3.4274265961262613,0.2912654396728016,0.4493533790152985,3.202658787273255,0.17333333333333334,0.07714150496923805,0.7624339739920093,0.8538973407606367,1770,9.034751469888947
mariogpt,mariogpt::level_037.txt,150,14,0.2642857142857143,0.729047619047619,13,0.08666666666666667,17,0.11333333333333333,2.14,0.32666666666666666,10,0.44666666666666666,17,0.34426289320607895,0.655737106793921,3.2753227912550553,4.0163427208454925,0.4123182334616089,1.3303869287901537,4.748256068178151,0.32666666666666666,0.11405584477046853,0.7624339739920093,0.8538973407606367,1770,14.758166692511434
mariogpt,mariogpt::level_038.txt,150,14,0.11523809523809524,0.8766666666666667,10,0.06666666666666667,21,0.14,0.12666666666666668,0.18666666666666668,5,0.16,13,0.0022451697628709244,0.9977548302371291,2.0239627662612762,2.011816858483612,0.5277238095238095,0.7381093607057646,3.3775700569193745,0.28,0.09039280643634642,0.7624339739920093,0.8538973407606367,1770,2.7558079106666438
mariogpt,mariogpt::level_039.txt,150,14,0.0838095238095238,0.8995238095238095,12,0.08,25,0.16666666666666666,0.09333333333333334,0.08666666666666667,5,0.15333333333333332,15,0.0016526626611814699,0.9983473373388185,1.300578648530065,1.2914454773231572,0.5161270516717326,0.6593955050061455,2.8029039339570314,0.19333333333333333,0.07714150496923805,0.7624339739920093,0.8538973407606367,1770,3.9273104082811825
mariogpt,mariogpt::level_040.txt,150,14,0.14523809523809525,0.8471428571428572,13,0.08666666666666667,6,0.04,1.0066666666666666,0.02666666666666667,8,0.14666666666666667,5,0.5359313385460833,0.4640686614539167,2.2888522915851577,3.3359880782048146,0.62878149983482,0.8537155944581677,3.6508671111130044,0.23333333333333334,0.08376715570279224,0.7624339739920093,0.8538973407606367,1770,22.188850421078968
mariogpt,mariogpt::level_041.txt,150,14,0.11,0.8823809523809524,13,0.08666666666666667,8,0.05333333333333334,0.11333333333333333,0.12,2,0.04,3,0.0056944582949987055,0.9943055417050013,1.7183660592005359,1.7115164978146244,0.781389607097592,0.6909153634050501,2.5279704060845543,0.19333333333333333,0.08045433033601515,0.7624339739920093,0.8538973407606367,1770,3.252694384061098
mariogpt,mariogpt::level_042.txt,150,14,0.20142857142857143,0.7866666666666666,3,0.02,31,0.20666666666666667,1.5066666666666666,0.2733333333333333,10,0.28,14,0.18496430160215005,0.81503569839785,3.0670302571240184,3.369073924387001,0.5165453416149068,1.1524345996114471,4.2655641552205195,0.2866666666666667,0.09701845716990061,0.7624339739920093,0.8538973407606367,1770,7.876694903134875
mariogpt,mariogpt::level_043.txt,150,14,0.1061904761904762,0.8866666666666667,13,0.08666666666666667,8,0.05333333333333334,0.18,0.18,8,0.28,14,0.2679633097433287,0.7320366902566713,3.604041924111583,4.178774923819848,0.4279461798512508,0.7236823552822442,3.6963541682824252,0.2866666666666667,0.09039280643634642,0.7624339739920093,0.8538973407606367,1770,11.554253276840686
mariogpt,mariogpt::level_044.txt,150,14,0.2814285714285714,0.7142857142857143,7,0.04666666666666667,9,0.06,0.9,0.16,7,0.18,9,0.08157926313990305,0.918420736860097,4.314408382173657,4.469205468707955,0.5557958656330749,1.2298886391635768,3.678581601182164,0.23333333333333334,0.08755324183625178,0.7624339739920093,0.8538973407606367,1770,5.6351880465925355
mariogpt,mariogpt::level_045.txt,150,14,0.14523809523809525,0.8523809523809524,5,0.03333333333333333,14,0.09333333333333334,0.21333333333333335,0.5666666666666667,7,0.08,3,0.03727634495475651,0.9627236550452435,1.8879814200860978,1.9102920926118299,0.7642060606060607,0.9051294487266253,3.4142079202242437,0.24,0.09985802176999527,0.7624339739920093,0.8538973407606367,1770,2.2881243212203106
mariogpt,mariogpt::level_046.txt,150,14,0.15666666666666668,0.8361904761904762,4,0.02666666666666667,24,0.16,0.9866666666666667,0.06,7,0.12,6,0.5065099635907111,0.4934900364092889,2.288288892224961,3.234861385088582,0.6930172839506172,0.9158619596229332,3.845199849012634,0.24,0.08991954566966398,0.7624339739920093,0.8538973407606367,1770,20.952224427564058
mariogpt,mariogpt::level_047.txt,150,14,0.32571428571428573,0.6695238095238095,7,0.04666666666666667,14,0.09333333333333334,1.5933333333333333,0.16,7,0.14,10,2.692583545504945e-05,0.999973074164545,4.043875135535917,4.0140846723655965,0.5950373121131742,1.3872227857098673,4.338151363475114,0.2866666666666667,0.09654519640321817,0.7624339739920093,0.8538973407606367,1770,5.511944843079831
mariogpt,mariogpt::level_048.txt,150,14,0.11952380952380952,0.8752380952380953,3,0.02,9,0.06,0.09333333333333334,0.12666666666666668,7,0.15333333333333332,13,0.016792937529462315,0.9832070624705377,2.0845703885662,2.086781676132132,0.511068456739897,0.7026478095567141,3.00764141899322,0.2,0.0889730241362991,0.7624339739920093,0.8538973407606367,1770,2.9587250096791817
mariogpt,mariogpt::level_049.txt,150,14,0.11,0.8828571428571429,12,0.08,6,0.04,0.4666666666666667,0.0,9,0.37333333333333335,18,0.39821310236682794,0.6017868976331721,2.1925837720516292,2.801936331487118,0.3689554531490015,0.6750885049214069,4.312160673212879,0.31333333333333335,0.08613345953620445,0.7624339739920093,0.8538973407606367,1770,16.584178555599422
mariogpt,mariogpt::level_050.txt,150,14,0.10666666666666667,0.8861904761904762,10,0.06666666666666667,11,0.07333333333333333,0.3,0.17333333333333334,3,0.04666666666666667,3,0.0007400373888165612,0.9992599626111834,1.5177691273173992,1.5078234346590504,0.7911603375527426,0.7535170211120479,2.7001327159099984,0.19333333333333333,0.07903454803596782,0.7624339739920093,0.8538973407606367,1770,3.207471458206645
mariogpt,mariogpt::level_051.txt,150,14,0.08571428571428572,0.9004761904761904,19,0.12666666666666668,15,0.1,0.26,0.013333333333333334,10,0.12666666666666668,3,0.037418882664899455,0.9625811173351005,1.3237312712350866,1.339032095759437,0.6805415154749199,0.6306019470820274,2.6296583941025875,0.14666666666666667,0.06720302886890676,0.7624339739920093,0.8538973407606367,1770,4.02992764333305
mariogpt,mariogpt::level_052.txt,150,14,0.07,0.9228571428571428,11,0.07333333333333333,4,0.02666666666666667,0.006666666666666667,0.0,10,0.5866666666666667,34,0.01905184962795814,0.9809481503720419,3.1215368381920796,3.117630633254428,0.2463399394657192,0.4364536281744756,3.252198739121339,0.16,0.06909607193563654,0.7624339739920093,0.8538973407606367,1770,6.02934398598163
mariogpt,mariogpt::level_053.txt,150,14,0.14047619047619048,0.8533333333333334,9,0.06,4,0.02666666666666667,0.2733333333333333,0.21333333333333335,2,0.02,2,0.0638274570302434,0.9361725429697566,1.8811786811305935,1.9309784736511448,0.8516200836820084,0.8534188190329228,3.0918090184668365,0.22,0.09417889256980597,0.7624339739920093,0.8538973407606367,1770,3.337124176411536
mariogpt,mariogpt::level_054.txt,150,14,0.31761904761904763,0.6671428571428571,6,0.04,37,0.24666666666666667,2.88,0.12,3,0.06666666666666667,6,0.045639670512247266,0.9543603294877527,1.528721030774118,1.5539426161609018,0.8120847809948033,1.4155267946664751,4.6344862185660665,0.32666666666666666,0.11168954093705631,0.7624339739920093,0.8538973407606367,1770,5.757728813801269
mariogpt,mariogpt::level_055.txt,150,14,0.06095238095238095,0.9352380952380952,7,0.04666666666666667,0,0.0,0.02666666666666667,0.0,11,0.54,31,0.2331702075123253,0.7668297924876747,2.745342533107229,3.1044818443526694,0.2546629394324439,0.38526201944625316,3.0673792713018804,0.12666666666666668,0.06152389966871746,0.7624339739920093,0.8538973407606367,1770,11.146819062969271
mariogpt,mariogpt::level_056.txt,150,14,0.09571428571428571,0.8942857142857142,10,0.06666666666666667,11,0.07333333333333333,0.08,0.26,5,0.10666666666666667,5,0.016833375648365068,0.9831666243516349,1.3839713800794706,1.3853136454213855,0.6655645390070922,0.6822102763096263,2.3544793433868683,0.14666666666666667,0.07477520113582584,0.7624339739920093,0.8538973407606367,1770,3.4481363790948425
mariogpt,mariogpt::level_057.txt,150,14,0.13857142857142857,0.8538095238095238,14,0.09333333333333334,15,0.1,0.2866666666666667,0.3466666666666667,7,0.14,13,0.03468057800691238,0.9653194219930876,2.0365442760877897,2.0575068005790564,0.5238251207729467,0.9019521318691281,3.8133033356242936,0.26,0.1012778040700426,0.7624339739920093,0.8538973407606367,1770,1.8962004359079303
mariogpt,mariogpt::level_058.txt,150,14,0.35285714285714287,0.6452380952380953,4,0.02666666666666667,7,0.04666666666666667,3.6,0.46,8,0.19333333333333333,9,1.4803725866818773e-05,0.9999851962741332,3.8443148195640315,3.8157604006072305,0.6002787258248009,1.4176473035549864,4.341292776084665,0.24666666666666667,0.09843823946994794,0.7624339739920093,0.8538973407606367,1770,5.998506896457446
mariogpt,mariogpt::level_059.txt,150,14,0.14,0.8538095238095238,9,0.06,28,0.18666666666666668,0.36666666666666664,0.12,2,0.04,4,0.00011881851425943335,0.9998811814857406,1.9998246974472573,1.9861980369909604,0.8161610904584883,0.835537639861714,3.15838999724353,0.24666666666666667,0.09370563180312352,0.7624339739920093,0.8538973407606367,1770,2.948722921783263
mariogpt,mariogpt::level_060.txt,150,14,0.15761904761904763,0.8366666666666667,6,0.04,4,0.02666666666666667,0.10666666666666667,0.3466666666666667,4,0.06,5,0.03343312927816078,0.9665668707218392,2.9959015073316824,3.0255854467206302,0.710767365967366,0.8883463061111857,2.368581675544136,0.18,0.07714150496923805,0.7624339739920093,0.8538973407606367,1770,2.6757544991135953
mariogpt,mariogpt::level_061.txt,150,14,0.11,0.8823809523809524,6,0.04,11,0.07333333333333333,0.09333333333333334,0.3466666666666667,6,0.3466666666666667,36,0.09952955816760356,0.9004704418323964,2.765162012417568,2.889174959195694,0.2980473098887887,0.7443089104121104,3.620010115361216,0.26666666666666666,0.09654519640321817,0.7624339739920093,0.8538973407606367,1770,5.055566687188707
mariogpt,mariogpt::level_062.txt,150,14,0.10571428571428572,0.8857142857142857,15,0.1,7,0.04666666666666667,0.18666666666666668,0.16,6,0.13333333333333333,8,0.032680099696486664,0.9673199003035133,1.9736314493692688,1.9911973442894417,0.5730620583717358,0.718864296684109,2.8274625336037253,0.2,0.0866067203028869,0.7624339739920093,0.8538973407606367,1770,2.888476107390164
mariogpt,mariogpt::level_063.txt,150,14,0.10428571428571429,0.8895238095238095,12,0.08,6,0.04,0.16666666666666666,0.08,5,0.07333333333333333,3,0.008649439382471424,0.9913505606175286,1.7243854172724893,1.7193868332176212,0.7350366826156299,0.644407750790449,2.5324540698096096,0.19333333333333333,0.07903454803596782,0.7624339739920093,0.8538973407606367,1770,3.409169293339352
mariogpt,mariogpt::level_064.txt,150,14,0.12238095238095238,0.8714285714285714,9,0.06,14,0.09333333333333334,0.19333333333333333,0.24,3,0.04,2,0.0009830590709613007,0.9990169409290387,1.8140462121913599,1.8022907181034165,0.8397461847389557,0.792366941423412,2.836839420893641,0.23333333333333334,0.09275911026975864,0.7624339739920093,0.8538973407606367,1770,2.8909020908706737
mariogpt,mariogpt::level_065.txt,150,14,0.16047619047619047,0.8323809523809523,13,0.08666666666666667,10,0.06666666666666667,0.18,0.05333333333333334,5,0.18666666666666668,15,0.00643929481210237,0.9935607051878976,3.600325768713691,3.583192705848536,0.4652094472851229,0.823886130471377,3.192362741158172,0.22,0.08282063416942735,0.7624339739920093,0.8538973407606367,1770,3.021073666858673
mariogpt,mariogpt::level_066.txt,150,14,0.12904761904761905,0.8661904761904762,6,0.04,13,0.08666666666666667,0.2866666666666667,0.13333333333333333,4,0.09333333333333334,5,0.0020333713502412865,0.9979666286497587,2.0146074015712974,2.0022022314217423,0.6968596182085169,0.7670899287925979,3.097729143637619,0.20666666666666667,0.08424041646947468,0.7624339739920093,0.8538973407606367,1770,2.4603687411244985
mariogpt,mariogpt::level_067.txt,150,14,0.08857142857142856,0.8995238095238095,17,0.11333333333333333,18,0.12,0.18666666666666668,0.05333333333333334,7,0.1,4,0.02056964325299493,0.9794303567470051,1.3119059913498798,1.3158272622510314,0.697199131378936,0.6382691375980072,2.635896235754001,0.18,0.07146237576904875,0.7624339739920093,0.8538973407606367,1770,3.7824868802418257
mariogpt,mariogpt::level_068.txt,150,14,0.11238095238095239,0.8690476190476191,9,0.06,30,0.2,0.06666666666666667,0.06,7,0.32,17,0.02321184481253824,0.9767881551874618,2.758801975308968,2.7699985600374246,0.44239084724799005,0.7189196706037294,4.138451184881296,0.3,0.09654519640321817,0.7624339739920093,0.8538973407606367,1770,3.724058191326335
mariogpt,mariogpt::level_069.txt,150,14,0.13333333333333333,0.8595238095238096,12,0.08,17,0.11333333333333333,0.19333333333333333,0.5333333333333333,9,0.16,8,0.010707915996776562,0.9892920840032234,2.078958660166804,2.0736560949441922,0.5811677419354838,0.9062241784182629,3.220513436910914,0.2733333333333333,0.10743019403691434,0.7624339739920093,0.8538973407606367,1770,2.035350121328217
mariogpt,mariogpt::level_070.txt,150,14,0.10380952380952381,0.8919047619047619,9,0.06,1,0.006666666666666667,0.12666666666666668,0.10666666666666667,7,0.43333333333333335,29,0.28076631683920217,0.7192336831607978,2.5269056382028654,2.95377524510128,0.28432637789163173,0.6195052232731455,3.9107675889568925,0.24,0.08140085186938002,0.7624339739920093,0.8538973407606367,1770,12.024909993481856
mariogpt,mariogpt::level_071.txt,150,14,0.11857142857142858,0.871904761904762,13,0.08666666666666667,12,0.08,0.18666666666666668,0.0,7,0.16,10,0.08804185322069635,0.9119581467793036,2.0726815407092802,2.1537948453563747,0.5406391857506361,0.6814972727000835,2.930648918848988,0.2,0.08045433033601515,0.7624339739920093,0.8538973407606367,1770,3.904124262667813
mariogpt,mariogpt::level_072.txt,150,14,0.09904761904761905,0.8961904761904762,2,0.013333333333333334,9,0.06,0.02666666666666667,0.12666666666666668,6,0.5933333333333334,68,0.17084033422408995,0.82915966577591,2.7747148105856927,3.0188415812121407,0.19121659125188536,0.5850493693344558,3.5796449236811894,0.20666666666666667,0.08282063416942735,0.7624339739920093,0.8538973407606367,1770,8.402987861685222
mariogpt,mariogpt::level_073.txt,150,14,0.26476190476190475,0.7228571428571429,11,0.07333333333333333,35,0.23333333333333334,2.5866666666666664,0.24666666666666667,9,0.15333333333333332,10,0.11016799265586807,0.8898320073441319,1.931517147924563,2.033228057379947,0.6493071367153912,1.31735562091539,4.539481961619181,0.32666666666666666,0.11784193090392807,0.7624339739920093,0.8538973407606367,1770,5.744470604519428
mariogpt,mariogpt::level_074.txt,150,14,0.10809523809523809,0.8842857142857142,13,0.08666666666666667,9,0.06,0.2,0.26,12,0.22666666666666666,14,0.12996709272610452,0.8700329072738955,2.0338092768543525,2.162775578971336,0.4538777698355969,0.7413188095256819,3.448643467814436,0.23333333333333334,0.09701845716990061,0.7624339739920093,0.8538973407606367,1770,5.49041779469992
mariogpt,mariogpt::level_075.txt,150,14,0.0880952380952381,0.9057142857142857,7,0.04666666666666667,14,0.09333333333333334,0.08666666666666667,0.10666666666666667,7,0.38666666666666666,20,0.016304304138487713,0.9836956958615123,2.185149024715682,2.184899527114025,0.36754825097168237,0.5932560418283287,3.773203443443434,0.26666666666666666,0.08566019876952201,0.7624339739920093,0.8538973407606367,1770,4.055448202507225
mariogpt,mariogpt::level_076.txt,150,14,0.2819047619047619,0.709047619047619,16,0.10666666666666667,9,0.06,2.2533333333333334,0.7266666666666667,12,0.20666666666666667,9,0.09073637988657723,0.9092636201134228,2.9546532594683073,3.077421248699975,0.5546660152008686,1.4517165443028517,5.0536474165538845,0.4066666666666667,0.12967345007098913,0.7624339739920093,0.8538973407606367,1770,5.9383518094222465
mariogpt,mariogpt::level_077.txt,150,14,0.10809523809523809,0.8866666666666667,11,0.07333333333333333,2,0.013333333333333334,0.20666666666666667,0.3333333333333333,4,0.07333333333333333,4,0.07040151375332493,0.9295984862466751,1.5190928005127453,1.564189927697548,0.7040491309385863,0.7334366765309663,2.5913833870754672,0.2,0.08376715570279224,0.7624339739920093,0.8538973407606367,1770,3.8697855508757164
mariogpt,mariogpt::level_078.txt,150,14,0.11047619047619048,0.8814285714285715,16,0.10666666666666667,15,0.1,0.15333333333333332,0.48,9,0.2866666666666667,17,0.007103066594031815,0.9928969334059682,2.661696479155216,2.6488467092092907,0.41590041981528125,0.7924460508281069,3.234954513275359,0.22,0.08755324183625178,0.7624339739920093,0.8538973407606367,1770,2.8810126749219447
mariogpt,mariogpt::level_079.txt,150,14,0.14238095238095239,0.85,15,0.1,7,0.04666666666666667,0.30666666666666664,0.21333333333333335,9,0.07333333333333333,2,0.08816167731763813,0.9118383226823619,1.8991105505964645,1.9746456368363685,0.7586629856850715,0.8682762974060213,3.6221905126235776,0.26,0.0979649787032655,0.7624339739920093,0.8538973407606367,1770,3.6593329249574067
mariogpt,mariogpt::level_080.txt,150,14,0.23095238095238096,0.7561904761904762,11,0.07333333333333333,27,0.18,1.7266666666666666,0.35333333333333333,11,0.17333333333333334,6,0.32814771938255716,0.6718522806174428,2.8867418912515066,3.4967847584170593,0.6567132028580305,1.2829491568707452,4.667355026945355,0.3333333333333333,0.10743019403691434,0.7624339739920093,0.8538973407606367,1770,13.696766312600367
mariogpt,mariogpt::level_081.txt,150,14,0.09380952380952381,0.9,9,0.06,15,0.1,0.20666666666666667,0.13333333333333333,3,0.25333333333333335,33,0.351541196164342,0.648458803835658,1.910299318551207,2.354208567607802,0.3395840093473544,0.6580796279959676,3.0118704978826645,0.2,0.07950780880265026,0.7624339739920093,0.8538973407606367,1770,14.60374096679729
mariogpt,mariogpt::level_082.txt,150,14,0.12428571428571429,0.8661904761904762,13,0.08666666666666667,6,0.04,0.05333333333333334,0.13333333333333333,9,0.22666666666666666,8,0.07142494112213926,0.9285750588778607,2.3651764173684886,2.4337416977208557,0.5072733934919332,0.7231720970197016,2.9522775122159284,0.19333333333333333,0.08140085186938002,0.7624339739920093,0.8538973407606367,1770,3.4370485891378006
mariogpt,mariogpt::level_083.txt,150,14,0.09142857142857143,0.9,13,0.08666666666666667,9,0.06,0.19333333333333333,0.02,3,0.04,3,0.017523304415494545,0.9824766955845055,1.6162385985087906,1.619381462784984,0.7853229404309253,0.626159658753238,2.4363469891200062,0.18666666666666668,0.07098911500236631,0.7624339739920093,0.8538973407606367,1770,3.7668820287906857
mariogpt,mariogpt::level_084.txt,150,14,0.12714285714285714,0.8676190476190476,5,0.03333333333333333,14,0.09333333333333334,0.25333333333333335,0.09333333333333334,10,0.22666666666666666,9,0.00923906303003219,0.9907609369699678,1.935879801964505,1.9293877689602352,0.5275292517006802,0.7532354071599253,3.9954178386516643,0.3,0.0955986748698533,0.7624339739920093,0.8538973407606367,1770,2.6889904150987216
mariogpt,mariogpt::level_085.txt,150,14,0.11523809523809524,0.8771428571428571,1,0.006666666666666667,17,0.11333333333333333,0.12,0.04,7,0.18666666666666668,13,0.006815067730815194,0.9931849322691848,1.9188976066775916,1.911363730744268,0.5133942393296674,0.6541035300602764,3.522216744355056,0.25333333333333335,0.08802650260293422,0.7624339739920093,0.8538973407606367,1770,3.3308264277040545
mariogpt,mariogpt::level_086.txt,150,14,0.11571428571428571,0.8752380952380953,15,0.1,4,0.02666666666666667,0.14666666666666667,0.04,5,0.06666666666666667,3,0.03242060336491115,0.9675793966350889,1.900253145671904,1.9181739988290354,0.7308295409181637,0.680269926994563,2.8238593348297636,0.20666666666666667,0.08613345953620445,0.7624339739920093,0.8538973407606367,1770,3.169027988219207
mariogpt,mariogpt::level_087.txt,150,14,0.1376190476190476,0.8547619047619047,12,0.08,11,0.07333333333333333,0.26,0.31333333333333335,5,0.14,12,0.0010624938710154241,0.9989375061289846,1.910179326854488,1.8976880660510393,0.5283791044776119,0.873000810410597,4.052977591439238,0.32,0.10033128253667771,0.7624339739920093,0.8538973407606367,1770,2.2993022669553094
mariogpt,mariogpt::level_088.txt,150,14,0.10571428571428572,0.8823809523809524,15,0.1,29,0.19333333333333333,0.5666666666666667,0.13333333333333333,12,0.30666666666666664,14,0.13194187058418838,0.8680581294158116,3.156704919748729,3.361759092091165,0.47244262295081974,0.7844103356322617,3.7302277502352323,0.23333333333333334,0.08944628490298154,0.7624339739920093,0.8538973407606367,1770,6.095976887815192
mariogpt,mariogpt::level_089.txt,150,14,0.14047619047619048,0.8528571428571429,12,0.08,0,0.0,0.02666666666666667,0.23333333333333334,6,0.20666666666666667,14,0.0334735374783246,0.9665264625216754,2.5283124500488703,2.552457003852548,0.4397719863347974,0.7736197981700988,3.4161270261351455,0.21333333333333335,0.0889730241362991,0.7624339739920093,0.8538973407606367,1770,2.8857645902976006
mariogpt,mariogpt::level_090.txt,150,14,0.2638095238095238,0.7323809523809524,8,0.05333333333333334,6,0.04,0.36,0.14,5,0.09333333333333334,6,0.10415349841856203,0.895846501581438,4.075255179049577,4.275427482766961,0.6567932203389831,1.0835698204435746,3.768348496325503,0.26,0.08282063416942735,0.7624339739920093,0.8538973407606367,1770,5.707723828985622
mariogpt,mariogpt::level_091.txt,150,14,0.11142857142857143,0.8833333333333333,8,0.05333333333333334,16,0.10666666666666667,0.3333333333333333,0.08,6,0.13333333333333333,6,0.023118147848442017,0.976881852151558,2.1788344747915325,2.1886622276949854,0.6416095617529881,0.7185291555592181,3.282793849104304,0.23333333333333334,0.0866067203028869,0.7624339739920093,0.8538973407606367,1770,2.590322181332683
mariogpt,mariogpt::level_092.txt,150,14,0.1261904761904762,0.8576190476190476,12,0.08,45,0.3,0.7,0.11333333333333333,7,0.28,13,0.017136134906593492,0.9828638650934065,2.795647247275274,2.7984683392730534,0.5339377593360995,0.8992551196876836,4.079166465425878,0.29333333333333333,0.09985802176999527,0.7624339739920093,0.8538973407606367,1770,4.332788710250953
mariogpt,mariogpt::level_093.txt,150,14,0.17285714285714285,0.8223809523809524,10,0.06666666666666667,0,0.0,0.10666666666666667,0.12,5,0.14666666666666667,10,0.19830621298171125,0.8016937870182888,3.006276048120104,3.331232044393448,0.5238724637681159,0.8241206317983426,3.2249389770712424,0.21333333333333335,0.08187411263606247,0.7624339739920093,0.8538973407606367,1770,8.177204234060241
mariogpt,mariogpt::level_094.txt,150,14,0.13285714285714287,0.861904761904762,6,0.04,2,0.013333333333333334,0.24666666666666667,0.18666666666666668,5,0.04666666666666667,2,0.0008406422933263658,0.9991593577066736,1.935058987077978,1.9223822789817873,0.8117390374331552,0.8124493706849559,3.079893747171413,0.23333333333333334,0.09843823946994794,0.7624339739920093,0.8538973407606367,1770,3.137498724424665
mariogpt,mariogpt::level_095.txt,150,14,0.24333333333333335,0.7538095238095238,3,0.02,19,0.12666666666666668,2.1266666666666665,0.2,11,0.18666666666666668,6,0.2861238718677963,0.7138761281322037,2.7453251793655555,3.225085998576896,0.6481388836919239,1.195789723510572,4.050720253114031,0.26,0.09512541410317085,0.7624339739920093,0.8538973407606367,1770,11.773357355131838
mariogpt,mariogpt::level_096.txt,150,14,0.12285714285714286,0.8733333333333333,4,0.02666666666666667,5,0.03333333333333333,0.04666666666666667,0.14,6,0.1,5,0.001276964435629302,0.9987230355643707,2.246172203852241,2.2308966499651635,0.6704947368421053,0.6869722919453707,2.2710550116680635,0.17333333333333334,0.08092759110269758,0.7624339739920093,0.8538973407606367,1770,3.1750869936173185
mariogpt,mariogpt::level_097.txt,150,14,0.12095238095238095,0.8728571428571429,11,0.07333333333333333,20,0.13333333333333333,0.30666666666666664,0.21333333333333335,8,0.16666666666666666,13,0.010805608268865674,0.9891943917311343,2.2622093178413216,2.257745103892875,0.5241275726630008,0.8017590766811302,3.7635374997175632,0.25333333333333335,0.08991954566966398,0.7624339739920093,0.8538973407606367,1770,2.253389005071446
mariogpt,mariogpt::level_098.txt,150,14,0.25333333333333335,0.7390476190476191,10,0.06666666666666667,7,0.04666666666666667,0.1,0.0,8,0.21333333333333335,10,0.02619009519713178,0.9738099048028682,4.401246197535086,4.423329347386743,0.4983333333333333,0.9345805939395562,3.3734761254538213,0.2,0.08234737340274491,0.7624339739920093,0.8538973407606367,1770,4.532422272586784
mariogpt,mariogpt::level_099.txt,150,14,0.2776190476190476,0.7171428571428572,11,0.07333333333333333,13,0.08666666666666667,2.506666666666667,0.35333333333333333,8,0.16,9,0.09856550380401097,0.901434496195989,3.3434421209650074,3.4949144546120507,0.6054010498687664,1.3275669035027513,4.536428997640123,0.29333333333333333,0.10364410790345481,0.7624339739920093,0.8538973407606367,1770,5.236412774542608
notch,notch::lvl-1.txt,200,16,0.1628125,0.83625,2,0.01,0,0.0,0.025,1.6,8,0.1,3,0.24631972938330204,0.753680270616698,1.0015584214318958,1.1472457624703492,0.7109795737122557,0.8817834629448501,2.679216692696765,0.07,0.05474339035769829,0.7540803892979902,0.839509998038342,1770,10.423323287178832
notch,notch::lvl-10.txt,200,16,0.1728125,0.825625,4,0.02,0,0.0,0.0,1.815,10,0.12,3,0.0766861590713932,0.9233138409286068,1.1823558748463687,1.223465791670707,0.68259385665529,0.9147617654454415,2.749249207554451,0.08,0.060342146189735615,0.7540803892979902,0.839509998038342,1770,4.267324675413064
notch,notch::lvl-100.txt,200,16,0.145,0.8525,7,0.035,2,0.01,0.055,1.265,7,0.09,3,0.030146285615346713,0.9698537143846533,1.491447929791993,1.506105995971905,0.7182485280999108,0.854255339940308,2.804349037868902,0.125,0.0640746500777605,0.7540803892979902,0.839509998038342,1770,3.113919503345013
notch,notch::lvl-11.txt,200,16,0.1934375,0.8046875,5,0.025,0,0.0,0.0,2.095,8,0.105,3,0.04269608255638524,0.9573039174436148,1.1776807430431633,1.1969135218196725,0.6986899563318778,0.9560862270184858,2.4554729724694364,0.08,0.05598755832037325,0.7540803892979902,0.839509998038342,1770,3.708880223148866
notch,notch::lvl-12.txt,200,16,0.1865625,0.8109375,7,0.035,0,0.0,0.0,1.875,6,0.075,3,0.028629905879480888,0.9713700941205191,1.1574374838445713,1.1680054234041612,0.7332722273143905,0.9747793288525607,2.7581773541759995,0.105,0.06158631415241057,0.7540803892979902,0.839509998038342,1770,3.373195432689802
notch,notch::lvl-13.txt,200,16,0.1359375,0.8625,4,0.02,1,0.005,0.015,1.21,8,0.09,3,0.5537306676562432,0.44626933234375676,0.9574114391099976,1.4252815033687016,0.7214744604316546,0.8386930624255072,2.8829204260817223,0.095,0.05816485225505443,0.7540803892979902,0.839509998038342,1770,23.079357288568474
notch,notch::lvl-14.txt,200,16,0.1365625,0.8615625,5,0.025,0,0.0,0.025,1.175,8,0.105,3,8.269385254922046e-05,0.9999173061474508,1.6272334914926445,1.61818417407377,0.6991899563318777,0.8025084046375479,2.552117263750876,0.09,0.05723172628304821,0.7540803892979902,0.839509998038342,1770,3.697912977721947
notch,notch::lvl-15.txt,200,16,0.188125,0.8103125,4,0.02,1,0.005,0.005,1.965,7,0.085,3,0.014981866667102328,0.9850181333328977,1.4024511218643971,1.4053333867083595,0.7278028130671507,0.9405027049130156,2.7578684498665775,0.105,0.06314152410575427,0.7540803892979902,0.839509998038342,1770,3.2280084402635008
notch,notch::lvl-16.txt,200,16,0.15625,0.8409375,8,0.04,1,0.005,0.03,1.49,9,0.115,3,0.0013789166914138784,0.9986210833085861,1.4991724548620138,1.4917073164214343,0.6837810051107325,0.8795049387139688,2.7654986741391085,0.11,0.061275272161741834,0.7540803892979902,0.839509998038342,1770,3.1535282796811877
notch,notch::lvl-17.txt,200,16,0.1575,0.8396875,8,0.04,0,0.0,0.005,1.44,7,0.095,3,0.024286666002019897,0.9757133339979801,1.7379103935721918,1.7496592960892596,0.7055673721340388,0.8943052910939641,3.0335179617907038,0.115,0.06438569206842924,0.7540803892979902,0.839509998038342,1770,2.901658245795865
notch,notch::lvl-18.txt,200,16,0.168125,0.829375,7,0.035,0,0.0,0.015,1.615,7,0.09,3,0.00018239338787318093,0.9998176066121268,1.599962810444294,1.5912926485097907,0.7139485280999107,0.9621330955711755,3.006768690644594,0.115,0.06469673405909798,0.7540803892979902,0.839509998038342,1770,3.029963185873841
notch,notch::lvl-19.txt,200,16,0.13125,0.8671875,4,0.02,1,0.005,0.01,1.13,9,0.13,3,0.09381134598662055,0.9061886540133794,1.4678006322969332,1.5330183722428228,0.6730909395973155,0.7712319260828124,2.6441054354335147,0.09,0.059720062208398136,0.7540803892979902,0.839509998038342,1770,4.830901958154602
notch,notch::lvl-2.txt,200,16,0.17875,0.82,3,0.015,2,0.01,0.055,1.725,9,0.115,3,0.1316740825218552,0.8683259174781448,1.255196182462461,1.339376327855773,0.6948502157031925,0.9663429927950485,3.158901329389921,0.11,0.0671850699844479,0.7540803892979902,0.839509998038342,1770,5.677260556310335
notch,notch::lvl-20.txt,200,16,0.1825,0.815,7,0.035,0,0.0,0.025,1.715,8,0.1,3,0.10730480989347713,0.8926951901065229,1.4335986167166819,1.5088627063675035,0.7016393514460999,1.0161898765954251,3.2077484633565394,0.13,0.07060653188180405,0.7540803892979902,0.839509998038342,1770,4.622811154482418
notch,notch::lvl-21.txt,200,16,0.14,0.8578125,6,0.03,0,0.0,0.015,1.25,8,0.1,3,0.10245635587395108,0.8975436441260489,1.4036373966121738,1.4733329143622664,0.7032876977152899,0.8535695838745176,3.0021722996580316,0.105,0.060342146189735615,0.7540803892979902,0.839509998038342,1770,4.88538724859879
notch,notch::lvl-22.txt,200,16,0.13875,0.8578125,10,0.05,1,0.005,0.015,1.175,6,0.075,3,0.03223207703451769,0.9677679229654823,1.338178176465004,1.3529072124477202,0.7293227272727273,0.8245163093185829,2.655874338205587,0.105,0.060031104199066876,0.7540803892979902,0.839509998038342,1770,3.4781885081473485
notch,notch::lvl-23.txt,200,16,0.175625,0.8221875,6,0.03,0,0.0,0.0,1.845,11,0.13,3,0.3989415648442096,0.6010584351557904,0.9075592236360588,1.1638746955930785,0.667779632721202,0.9088586080350716,2.5579360432491316,0.07,0.05629860031104199,0.7540803892979902,0.839509998038342,1770,16.577586522921436
notch,notch::lvl-24.txt,200,16,0.174375,0.8228125,8,0.04,0,0.0,0.03,1.67,7,0.08,3,0.15518633887908906,0.8448136611209109,2.2449866616894356,2.4291821629148806,0.7252376811594204,0.9793113661188537,3.3614690139330503,0.14,0.06811819595645412,0.7540803892979902,0.839509998038342,1770,6.311030593628301
notch,notch::lvl-25.txt,200,16,0.1665625,0.831875,4,0.02,0,0.0,0.0,1.705,10,0.12,3,0.2267926852251323,0.7732073147748677,1.0930368353836413,1.2359619793759071,0.68259385665529,0.8858304465921023,2.748139982128353,0.07,0.05629860031104199,0.7540803892979902,0.839509998038342,1770,9.563167614414153
notch,notch::lvl-26.txt,200,16,0.1190625,0.880625,0,0.0,0,0.0,0.0,0.845,9,0.105,3,0.233348724426094,0.766651275573906,1.3711328100261262,1.557186785740223,0.7079646017699115,0.739032420150278,2.1464185186491562,0.055,0.04758942457231726,0.7540803892979902,0.839509998038342,1770,10.147099199518564
notch,notch::lvl-27.txt,200,16,0.1321875,0.8675,0,0.0,0,0.0,0.015,1.015,10,0.135,3,0.05818859820076161,0.9418114017992384,1.2878433939654144,1.3193380455664374,0.6725689075630251,0.8052360211514269,2.907366302761604,0.09,0.05816485225505443,0.7540803892979902,0.839509998038342,1770,4.270922487771246
notch,notch::lvl-28.txt,200,16,0.124375,0.8734375,6,0.03,2,0.01,0.035,0.97,7,0.1,3,0.059840674368321634,0.9401593256316784,1.2476743957281076,1.2796001497381426,0.7071876977152899,0.786901601856656,2.6734018412768417,0.095,0.05598755832037325,0.7540803892979902,0.839509998038342,1770,4.180018546028594
notch,notch::lvl-29.txt,200,16,0.1715625,0.82625,6,0.03,1,0.005,0.015,1.62,9,0.11,3,0.07756435224696923,0.9224356477530308,1.224054798510325,1.2672991818274693,0.692896286701209,0.9280101484895064,2.6566325244627684,0.12,0.06251944012441679,0.7540803892979902,0.839509998038342,1770,3.9683409016444045
notch,notch::lvl-3.txt,200,16,0.16875,0.83,3,0.015,0,0.0,0.015,1.69,10,0.115,3,0.004568179352002821,0.9954318206479972,1.0982493530188469,1.0945297928600508,0.6905502157031924,0.8998597774335048,2.5736239718674905,0.085,0.060342146189735615,0.7540803892979902,0.839509998038342,1770,3.7335284476036956
notch,notch::lvl-30.txt,200,16,0.1925,0.8053125,6,0.03,0,0.0,0.0,2.09,8,0.11,3,0.18107931651338127,0.8189206834866187,0.8253727439040791,0.9069336916892382,0.690846286701209,0.9227028871805986,2.5546971633855096,0.075,0.053499222395023326,0.7540803892979902,0.839509998038342,1770,7.899366430331511
notch,notch::lvl-31.txt,200,16,0.1634375,0.83375,8,0.04,0,0.0,0.015,1.565,7,0.085,3,0.29935106659986865,0.7006489334001313,1.1730613718752982,1.3937479575468423,0.7184328545780969,0.9146150933570502,2.97563054964193,0.115,0.05785381026438569,0.7540803892979902,0.839509998038342,1770,12.347371827496225
notch,notch::lvl-32.txt,200,16,0.1884375,0.8109375,1,0.005,2,0.01,0.045,1.98,6,0.08,3,0.03130052535174699,0.968699474648253,1.4905629697244258,1.5061997742412478,0.7430888273314865,0.9864816264812688,2.6201751256162544,0.11,0.06189735614307931,0.7540803892979902,0.839509998038342,1770,3.2901556516033312
notch,notch::lvl-33.txt,200,16,0.1621875,0.836875,2,0.01,2,0.01,0.025,1.61,8,0.095,3,0.012913430745869703,0.9870865692541303,0.8979239642426986,0.8987712445375803,0.7208458781362007,0.8632552307517184,2.353939142055841,0.07,0.05567651632970451,0.7540803892979902,0.839509998038342,1770,4.085558739311389
notch,notch::lvl-34.txt,200,16,0.1840625,0.8125,10,0.05,1,0.005,0.015,1.86,6,0.08,3,0.09158844642251318,0.9084115535774868,1.8435040293669573,1.9236654685953485,0.7227707207207206,0.9891297739966651,3.240323882133281,0.125,0.06251944012441679,0.7540803892979902,0.839509998038342,1770,4.00310324912303
notch,notch::lvl-35.txt,200,16,0.139375,0.85875,5,0.025,1,0.005,0.025,1.08,7,0.08,3,0.07486206349139235,0.9251379365086077,1.748229847576195,1.8076821437926434,0.7328436073059361,0.8550895230767256,3.0823807271677586,0.12,0.06469673405909798,0.7540803892979902,0.839509998038342,1770,3.921711142810319
notch,notch::lvl-36.txt,200,16,0.1321875,0.8665625,3,0.015,2,0.01,0.04,1.125,10,0.115,3,0.02069314378698217,0.9793068562130178,0.921146729047039,0.9255540977271897,0.6945502157031924,0.8121742599359142,2.7231499997218833,0.09,0.056920684292379474,0.7540803892979902,0.839509998038342,1770,4.08124181926937
notch,notch::lvl-37.txt,200,16,0.1525,0.8471875,0,0.0,0,0.0,0.0,1.4,11,0.145,3,0.5104347878091446,0.48956521219085536,0.9496922432190228,1.3493447169440547,0.6611570247933884,0.8616369223582978,2.7984788639595335,0.08,0.05536547433903577,0.7540803892979902,0.839509998038342,1770,21.285157093507234
notch,notch::lvl-38.txt,200,16,0.1621875,0.836875,2,0.01,1,0.005,0.02,1.64,8,0.11,3,0.0731656799559024,0.9268343200440976,1.1886977046895204,1.2277691121721297,0.7002302792321117,0.9223463951973426,2.810541438089845,0.09,0.05847589424572317,0.7540803892979902,0.839509998038342,1770,4.232280117925931
notch,notch::lvl-39.txt,200,16,0.1125,0.8859375,4,0.02,0,0.0,0.005,0.835,8,0.09,3,0.2063156151553437,0.7936843848446563,1.1031693992440477,1.2314558524297639,0.7195244604316546,0.7137487367900989,2.456018052062782,0.075,0.05132192846034215,0.7540803892979902,0.839509998038342,1770,9.116836389070787
notch,notch::lvl-4.txt,200,16,0.1559375,0.8425,4,0.02,4,0.02,0.05,1.5,9,0.115,3,0.0005984160069847366,0.9994015839930153,1.1035990866569267,1.0976748325364742,0.6964681583476764,0.8713025513093784,2.5598995873508414,0.085,0.05878693623639191,0.7540803892979902,0.839509998038342,1770,3.676945012861669
notch,notch::lvl-40.txt,200,16,0.1796875,0.8184375,5,0.025,0,0.0,0.035,1.82,9,0.11,3,0.02723994802355134,0.9727600519764487,1.8172704634100794,1.8321584801475883,0.6933406926406926,0.952087328930122,2.6330204380822084,0.1,0.06376360808709176,0.7540803892979902,0.839509998038342,1770,2.9413961118020087
notch,notch::lvl-41.txt,200,16,0.16875,0.829375,5,0.025,1,0.005,0.025,1.66,10,0.125,3,0.04152759669373829,0.9584724033062617,1.5985548645588397,1.623460652370706,0.6773554852320675,0.9309177846162986,2.973043700089274,0.11,0.06469673405909798,0.7540803892979902,0.839509998038342,1770,3.039790076915303
notch,notch::lvl-42.txt,200,16,0.164375,0.833125,7,0.035,1,0.005,0.025,1.595,9,0.11,3,0.005927548505806679,0.9940724514941933,1.1618405539918568,1.1587342523382904,0.6913111541774333,0.8858670479330882,2.6602232057758477,0.12,0.06376360808709176,0.7540803892979902,0.839509998038342,1770,3.286228364110492
notch,notch::lvl-43.txt,200,16,0.1615625,0.8359375,7,0.035,2,0.01,0.01,1.495,7,0.085,3,0.17769719130921602,0.822302808690784,1.3870767903126981,1.5212421864128007,0.7237720072007201,0.8923007290550617,2.884767021346717,0.11,0.06251944012441679,0.7540803892979902,0.839509998038342,1770,7.381427508825849
notch,notch::lvl-44.txt,200,16,0.1365625,0.8615625,5,0.025,1,0.005,0.01,1.115,7,0.085,3,0.1632254116892934,0.8367745883107066,1.5301279056490789,1.6635552790642196,0.7259319004524887,0.8406380618523739,2.9611408691784264,0.12,0.06283048211508553,0.7540803892979902,0.839509998038342,1770,6.930584479035494
notch,notch::lvl-45.txt,200,16,0.125,0.8728125,6,0.03,2,0.01,0.05,0.99,8,0.1,3,0.16260970054956192,0.8373902994504381,1.2523713992793197,1.3609523716958984,0.7074876977152899,0.7852295905279317,2.8954510038814076,0.115,0.05785381026438569,0.7540803892979902,0.839509998038342,1770,7.092707882489053
notch,notch::lvl-46.txt,200,16,0.1734375,0.825,4,0.02,3,0.015,0.025,1.705,8,0.095,3,0.08437393494218115,0.9156260650578188,1.337187129734202,1.3896977115748894,0.7187624777183601,0.936044263195064,2.7617631841379664,0.085,0.06220839813374806,0.7540803892979902,0.839509998038342,1770,4.2481317630352615
notch,notch::lvl-47.txt,200,16,0.1115625,0.888125,0,0.0,0,0.0,0.0,0.82,10,0.12,3,0.17625755239031105,0.823742447609689,0.9799797910019514,1.073593039499982,0.6896551724137931,0.7067694876953075,2.4698864799172897,0.06,0.05194401244167963,0.7540803892979902,0.839509998038342,1770,8.18670120670835
notch,notch::lvl-48.txt,200,16,0.106875,0.8925,1,0.005,0,0.0,0.015,0.78,13,0.15,3,0.3623289598223468,0.6376710401776532,0.9456992282430935,1.177293829613353,0.6544291905151267,0.6887067900115279,2.5276300225455755,0.06,0.05163297045101089,0.7540803892979902,0.839509998038342,1770,15.354929187780126
notch,notch::lvl-49.txt,200,16,0.20375,0.7953125,2,0.01,2,0.01,0.055,2.015,6,0.08,3,0.04070444669350426,0.9592955533064957,1.3222159921997916,1.3426195678133237,0.7412482504604052,1.0519199003947608,3.271907106279424,0.14,0.06656298600311042,0.7540803892979902,0.839509998038342,1770,3.277563532454284
notch,notch::lvl-5.txt,200,16,0.11,0.8896875,0,0.0,2,0.01,0.04,0.785,10,0.105,3,0.3035218951650508,0.6964781048349492,1.1113992552070666,1.3242698304874756,0.7122646017699115,0.7031355032760561,2.4192931437226637,0.07,0.050388802488335924,0.7540803892979902,0.839509998038342,1770,12.93551129936299
notch,notch::lvl-50.txt,200,16,0.13875,0.859375,5,0.025,0,0.0,0.025,1.12,6,0.08,3,0.0036498220476359755,0.996350177952364,1.1963824868051205,1.1920399981870922,0.7310936073059361,0.8487369326793716,2.627474734193047,0.115,0.0640746500777605,0.7540803892979902,0.839509998038342,1770,3.6666300451763476
notch,notch::lvl-51.txt,200,16,0.1940625,0.8046875,3,0.015,2,0.01,0.035,1.99,7,0.09,3,0.009783547373176438,0.9902164526268236,1.6932048377453188,1.692173892241678,0.725570604147881,0.9710541737691935,3.0017013671354813,0.11,0.06500777604976672,0.7540803892979902,0.839509998038342,1770,3.0139360773786037
notch,notch::lvl-52.txt,200,16,0.145625,0.853125,3,0.015,4,0.02,0.04,1.285,7,0.085,3,0.5001231544150401,0.49987684558495993,1.0996884638752704,1.5468631777968767,0.7357344858962693,0.8777567095313,2.991495219802395,0.1,0.05754276827371695,0.7540803892979902,0.839509998038342,1770,20.77674383599994
notch,notch::lvl-53.txt,200,16,0.1778125,0.8184375,11,0.055,3,0.015,0.05,1.755,4,0.045,3,0.05060189196333098,0.949398108036669,1.5638696700408947,1.5965796683622466,0.7732682166826462,0.9877005278358458,2.959415634350506,0.14,0.0656298600311042,0.7540803892979902,0.839509998038342,1770,2.947297294248473
notch,notch::lvl-54.txt,200,16,0.1525,0.8459375,4,0.02,2,0.01,0.035,1.33,9,0.11,3,0.061810020875797234,0.9381899791242028,1.1780605631726664,1.2093960771205712,0.6986444444444444,0.9052640134621327,2.8641868238108272,0.1,0.06314152410575427,0.7540803892979902,0.839509998038342,1770,3.827209661865746
notch,notch::lvl-55.txt,200,16,0.1596875,0.84,0,0.0,1,0.005,0.03,1.6,9,0.115,3,0.06335371591760763,0.9366462840823924,1.1738229669434466,1.2059996632856607,0.6980021739130434,0.8701985351317569,2.674052217755684,0.08,0.0594090202177294,0.7540803892979902,0.839509998038342,1770,4.217938278164532
notch,notch::lvl-56.txt,200,16,0.1309375,0.8675,4,0.02,1,0.005,0.03,1.14,7,0.085,3,0.0010507347567287884,0.9989492652432712,1.2752576387043364,1.2689367061830645,0.7283028130671506,0.807886111076795,2.464323682513436,0.085,0.05878693623639191,0.7540803892979902,0.839509998038342,1770,3.9595381291476746
notch,notch::lvl-57.txt,200,16,0.1665625,0.831875,4,0.02,0,0.0,0.0,1.605,8,0.09,3,0.002416490208403177,0.9975835097915968,1.3792493317198684,1.3733104032196632,0.7194244604316546,0.9076936604842241,2.5744080754135252,0.07,0.059720062208398136,0.7540803892979902,0.839509998038342,1770,3.6371798556629003
notch,notch::lvl-58.txt,200,16,0.1975,0.8009375,4,0.02,3,0.015,0.035,2.05,8,0.11,3,0.004946825234077412,0.9950531747659226,1.3110512044346947,1.30690145582035,0.7003944444444444,1.0495586538052348,2.964074052785393,0.12,0.06998444790046657,0.7540803892979902,0.839509998038342,1770,3.0351784663055756
notch,notch::lvl-59.txt,200,16,0.1271875,0.871875,2,0.01,0,0.0,0.0,1.005,8,0.095,3,0.010230183900056256,0.9897698160999437,1.5189712080868323,1.5183422157586677,0.7168458781362007,0.7863946411631011,2.638247393415243,0.08,0.053188180404354586,0.7540803892979902,0.839509998038342,1770,4.042836085804
notch,notch::lvl-6.txt,200,16,0.1340625,0.863125,8,0.04,0,0.0,0.01,1.065,8,0.09,3,0.08054631125123068,0.9194536887487693,1.393836771625883,1.4455980260571977,0.7119437722419929,0.8374153366776025,2.987503107146799,0.115,0.060964230171073094,0.7540803892979902,0.839509998038342,1770,4.25486279782253
notch,notch::lvl-60.txt,200,16,0.15625,0.843125,1,0.005,1,0.005,0.005,1.49,9,0.12,3,0.060028256825004456,0.9399717431749955,1.267619560340114,1.3000193696904088,0.6897261822871884,0.8469191997798062,2.70070971352095,0.075,0.053499222395023326,0.7540803892979902,0.839509998038342,1770,4.204103952150238
notch,notch::lvl-61.txt,200,16,0.1525,0.8459375,4,0.02,0,0.0,0.0,1.39,9,0.105,3,0.18975241256431585,0.8102475874356841,1.9345908103715572,2.13717637581317,0.7005253940455342,0.8618456825859409,2.760298164760186,0.08,0.05443234836702955,0.7540803892979902,0.839509998038342,1770,8.006728232892982
notch,notch::lvl-62.txt,200,16,0.1871875,0.8109375,5,0.025,0,0.0,0.02,1.85,7,0.08,3,0.09734391848952406,0.9026560815104759,1.616235972980811,1.6918832661548775,0.7309936073059361,1.0011098087051253,3.1360612036915114,0.13,0.06687402799377916,0.7540803892979902,0.839509998038342,1770,4.3545168868278
notch,notch::lvl-63.txt,200,16,0.2465625,0.7496875,11,0.055,0,0.0,0.0,2.72,8,0.09,3,0.000712254037361526,0.9992877459626385,2.277356407505951,2.265615884547078,0.706090026478376,1.1405446623893245,3.2563018062441205,0.155,0.07371695178849144,0.7540803892979902,0.839509998038342,1770,2.9904541788581205
notch,notch::lvl-64.txt,200,16,0.1428125,0.8553125,5,0.025,0,0.0,0.02,1.3,10,0.12,3,0.30521202145675985,0.6947879785432401,1.586223535262539,1.8921542249652163,0.6812510638297872,0.8351161541982346,2.69170692189479,0.085,0.0640746500777605,0.7540803892979902,0.839509998038342,1770,12.609397017493492
notch,notch::lvl-65.txt,200,16,0.1384375,0.8609375,1,0.005,0,0.0,0.02,1.135,11,0.135,3,0.15031068147024218,0.8496893185297578,1.6732898937976413,1.804746101282178,0.6709783738474434,0.8536395686329378,2.7875081438859004,0.085,0.06158631415241057,0.7540803892979902,0.839509998038342,1770,6.571431549358444
notch,notch::lvl-66.txt,200,16,0.1496875,0.849375,2,0.01,0,0.0,0.0,1.225,9,0.11,3,0.19708223047070372,0.8029177695292963,1.7456196640044819,1.937137388639964,0.6980802792321117,0.9026563732061476,3.1005387943614338,0.11,0.06220839813374806,0.7540803892979902,0.839509998038342,1770,8.194544535779485
notch,notch::lvl-67.txt,200,16,0.1953125,0.803125,4,0.02,0,0.0,0.0,2.13,8,0.105,3,0.04357418380679312,0.9564258161932069,1.5943702158305622,1.6211516600774136,0.7005253940455342,0.9385753398171699,2.248696016262567,0.085,0.05474339035769829,0.7540803892979902,0.839509998038342,1770,3.5124652754991694
notch,notch::lvl-68.txt,200,16,0.1696875,0.8278125,7,0.035,0,0.0,0.0,1.615,5,0.06,3,0.09151618837909492,0.9084838116209051,1.3913007192409081,1.4519108832039098,0.7540056550424129,0.9064040256144394,2.830843499951169,0.11,0.060342146189735615,0.7540803892979902,0.839509998038342,1770,4.455691252074157
notch,notch::lvl-69.txt,200,16,0.1821875,0.8175,0,0.0,0,0.0,0.0,1.98,11,0.135,3,0.23017982358428757,0.7698201764157124,1.031454862990774,1.1687741204508413,0.6722689075630252,0.9410915579390082,2.4139990571621612,0.07,0.05287713841368585,0.7540803892979902,0.839509998038342,1770,9.779218045985754
notch,notch::lvl-7.txt,200,16,0.2034375,0.794375,6,0.03,1,0.005,0.05,2.125,6,0.065,3,0.07066926748896285,0.9293307325110371,1.3302568376210802,1.3725096644588182,0.7518136704119851,1.024602525314746,2.8740926976660472,0.11,0.06251944012441679,0.7540803892979902,0.839509998038342,1770,3.8748273590860127
notch,notch::lvl-70.txt,200,16,0.1746875,0.82375,4,0.02,1,0.005,0.01,1.77,11,0.125,3,0.003979446557821453,0.9960205534421785,1.1349879069055602,1.1307357185948106,0.6787689509306261,0.9231214591833228,2.7450360665263815,0.085,0.0640746500777605,0.7540803892979902,0.839509998038342,1770,3.5212189496799695
notch,notch::lvl-71.txt,200,16,0.135625,0.8640625,0,0.0,0,0.0,0.0,1.215,11,0.135,3,0.03038151587768223,0.9696184841223178,1.078773353703776,1.0891928236313433,0.6722689075630252,0.7700109079553057,2.416674692346282,0.045,0.05225505443234837,0.7540803892979902,0.839509998038342,1770,4.496845559069318
notch,notch::lvl-72.txt,200,16,0.1471875,0.8509375,5,0.025,3,0.015,0.07,1.29,9,0.1,3,0.28750704802369587,0.7124929519763041,1.3441147295469875,1.5835063258322077,0.7114958149779737,0.872736968618021,3.0150236791546394,0.115,0.0640746500777605,0.7540803892979902,0.839509998038342,1770,11.821043896686644
notch,notch::lvl-73.txt,200,16,0.0921875,0.90625,4,0.02,2,0.01,0.02,0.395,9,0.1,3,0.12073120737425924,0.8792687926257408,1.1856445236610225,1.2573825203449966,0.710613780918728,0.6309746875818615,2.253732137746255,0.11,0.05629860031104199,0.7540803892979902,0.839509998038342,1770,6.278428404584993
notch,notch::lvl-74.txt,200,16,0.1615625,0.834375,12,0.06,1,0.005,0.03,1.42,6,0.07,3,0.054605499720076556,0.9453945002799234,2.2663347708475716,2.3183017634144254,0.73227700729927,0.9472778726686619,3.3316158508939715,0.165,0.07153965785381027,0.7540803892979902,0.839509998038342,1770,2.728730281872842
notch,notch::lvl-75.txt,200,16,0.1175,0.8815625,2,0.01,2,0.01,0.02,0.965,12,0.145,3,0.01467151057995364,0.9853284894200464,1.1328238436379314,1.1345330676648941,0.6617947368421053,0.7313732309199099,2.291521110477085,0.08,0.05567651632970451,0.7540803892979902,0.839509998038342,1770,4.276763365890803
notch,notch::lvl-76.txt,200,16,0.1565625,0.8425,2,0.01,0,0.0,0.0,1.54,8,0.105,3,0.06839800985115574,0.9316019901488443,1.176001870632219,1.2115823176711387,0.7042253521126761,0.8790631441797075,2.645633693871989,0.075,0.056920684292379474,0.7540803892979902,0.839509998038342,1770,4.33287295183447
notch,notch::lvl-77.txt,200,16,0.228125,0.76875,9,0.045,1,0.005,0.005,2.51,8,0.09,3,0.03369462036637749,0.9663053796336225,1.4385668301753654,1.4553699455950158,0.711699157054126,1.0604264577966873,2.4100049563592005,0.115,0.06842923794712286,0.7540803892979902,0.839509998038342,1770,3.105169281777417
notch,notch::lvl-78.txt,200,16,0.134375,0.864375,3,0.015,0,0.0,0.0,1.155,10,0.115,3,0.056087279914472266,0.9439127200855277,1.1643973974456565,1.1917020815054864,0.6902502157031924,0.8013322209247655,2.434380716325972,0.075,0.0510108864696734,0.7540803892979902,0.839509998038342,1770,4.394897001846209
notch,notch::lvl-79.txt,200,16,0.1290625,0.8703125,1,0.005,2,0.01,0.04,0.995,10,0.115,3,0.13030488700698417,0.8696951129930158,1.5736823495889851,1.677899521211358,0.6981421509106678,0.8230072208059199,2.862659716704178,0.09,0.060653188180404355,0.7540803892979902,0.839509998038342,1770,5.935564740767789
notch,notch::lvl-8.txt,200,16,0.20625,0.7925,3,0.015,4,0.02,0.1,2.195,6,0.075,3,0.03198410151272091,0.9680158984872791,1.1965163340644385,1.209531177097587,0.7504272474513439,1.069238497312565,3.013278533639256,0.145,0.06842923794712286,0.7540803892979902,0.839509998038342,1770,3.1740765073342847
notch,notch::lvl-80.txt,200,16,0.1334375,0.864375,6,0.03,2,0.01,0.055,1.055,6,0.065,3,0.4184899432170157,0.5815100567829843,1.1476792950380714,1.496948959353125,0.7536636704119851,0.8240618203686562,2.8325805356313434,0.1,0.05567651632970451,0.7540803892979902,0.839509998038342,1770,17.394636439358575
notch,notch::lvl-81.txt,200,16,0.1171875,0.8821875,1,0.005,0,0.0,0.015,0.975,10,0.135,3,0.052906786784406745,0.9470932132155933,0.9256584416712583,0.9456477802795408,0.6708783738474434,0.7009296772937462,2.258475774394661,0.055,0.05412130637636081,0.7540803892979902,0.839509998038342,1770,4.940755831396374
notch,notch::lvl-82.txt,200,16,0.14125,0.856875,5,0.025,0,0.0,0.0,1.24,8,0.1,3,0.15191963937867958,0.8480803606213204,1.5449874533393366,1.6683232507927839,0.7048458149779736,0.8594266690419838,2.5614695413995547,0.095,0.05785381026438569,0.7540803892979902,0.839509998038342,1770,6.578563685318279
notch,notch::lvl-83.txt,200,16,0.1396875,0.8578125,7,0.035,2,0.01,0.025,1.175,10,0.12,3,0.0002610644631451109,0.9997389355368549,1.2299980339755059,1.2231491119238078,0.6813920406435224,0.8568898019583209,2.7124904777743732,0.085,0.061275272161741834,0.7540803892979902,0.839509998038342,1770,3.598571581580002
notch,notch::lvl-84.txt,200,16,0.124375,0.873125,7,0.035,1,0.005,0.045,0.94,6,0.075,3,0.20856547963891237,0.7914345203610876,1.5533359377025062,1.7365911210456728,0.7359222273143905,0.8053882605778796,2.7475894587315497,0.12,0.059720062208398136,0.7540803892979902,0.839509998038342,1770,8.747349017422415
notch,notch::lvl-85.txt,200,16,0.143125,0.8540625,8,0.04,1,0.005,0.035,1.225,7,0.075,3,0.03746104238322989,0.9625389576167701,1.065184921726864,1.0798303575880501,0.7337114259597804,0.8341605782868114,2.7867232679192844,0.12,0.06220839813374806,0.7540803892979902,0.839509998038342,1770,3.6410501800819914
notch,notch::lvl-86.txt,200,16,0.1225,0.87625,3,0.015,4,0.02,0.035,0.935,8,0.1,3,0.18985466543672025,0.8101453345632798,1.1137675481542237,1.2305147974188146,0.71629167404783,0.7618777322816339,2.6473239305167864,0.09,0.053499222395023326,0.7540803892979902,0.839509998038342,1770,8.300186784156372
notch,notch::lvl-87.txt,200,16,0.16625,0.8325,3,0.015,2,0.01,0.055,1.665,8,0.11,3,0.0007900145360898447,0.9992099854639102,1.4499758351406573,1.4423767540657009,0.7008576153176675,0.8914573525535351,2.5316003703036127,0.085,0.061275272161741834,0.7540803892979902,0.839509998038342,1770,3.4417623691389183
notch,notch::lvl-88.txt,200,16,0.140625,0.8590625,0,0.0,0,0.0,0.015,1.285,11,0.13,3,0.03438399431873307,0.9656160056812669,1.2529566474860965,1.267720216047369,0.6782661016949152,0.8130965780963122,2.5780963579368747,0.065,0.05629860031104199,0.7540803892979902,0.839509998038342,1770,4.117718635297555
notch,notch::lvl-89.txt,200,16,0.1253125,0.8740625,1,0.005,1,0.005,0.02,0.985,10,0.125,3,0.011551414909296231,0.9884485850907038,1.1007884088051383,1.1008568091653492,0.6841619352088661,0.7722948501193065,2.6373055005465322,0.065,0.05412130637636081,0.7540803892979902,0.839509998038342,1770,4.3484957982564225
notch,notch::lvl-9.txt,200,16,0.125625,0.873125,3,0.015,1,0.005,0.03,1.01,10,0.125,3,0.22119345687283942,0.7788065431271606,1.3708275689511433,1.5444436287702377,0.6808911365564038,0.7824326653178892,2.760797008126328,0.095,0.05754276827371695,0.7540803892979902,0.839509998038342,1770,9.368338199688589
notch,notch::lvl-90.txt,200,16,0.11875,0.880625,1,0.005,2,0.01,0.03,0.82,11,0.13,3,0.17405025513968087,0.8259497448603191,1.3343972658711953,1.4598153672051977,0.6803468300929839,0.7662316824798748,2.839122359763089,0.095,0.05785381026438569,0.7540803892979902,0.839509998038342,1770,7.659504300686384
notch,notch::lvl-91.txt,200,16,0.130625,0.8678125,4,0.02,0,0.0,0.015,1.075,11,0.135,3,0.2691425254444131,0.7308574745555869,1.328160096424387,1.544575298829385,0.6658574043261232,0.8072652251412207,2.6528873722921573,0.085,0.05598755832037325,0.7540803892979902,0.839509998038342,1770,11.264344993547144
notch,notch::lvl-92.txt,200,16,0.114375,0.8853125,0,0.0,1,0.005,0.025,0.795,12,0.125,3,0.28896843767236413,0.7110315623276359,1.1015514425056134,1.2988660674698105,0.6860106837606837,0.7338499941330177,2.673649518795486,0.08,0.05287713841368585,0.7540803892979902,0.839509998038342,1770,12.287438311127138
notch,notch::lvl-93.txt,200,16,0.2003125,0.796875,8,0.04,0,0.0,0.02,2.085,8,0.1,3,0.0523171669741499,0.9476828330258501,1.5282884214534054,1.5611605369795327,0.6997006993006992,1.022311261656554,2.9064931464763055,0.115,0.06438569206842924,0.7540803892979902,0.839509998038342,1770,3.1875375547504445
notch,notch::lvl-94.txt,200,16,0.103125,0.89625,1,0.005,0,0.0,0.0,0.64,12,0.15,3,0.06588774036291323,0.9341122596370868,1.2284549355590588,1.2635425566191048,0.6541291905151267,0.6774511937067231,2.2980091932986295,0.06,0.05194401244167963,0.7540803892979902,0.839509998038342,1770,5.1016370149549966
notch,notch::lvl-95.txt,200,16,0.1521875,0.84625,4,0.02,1,0.005,0.035,1.365,8,0.085,3,0.4714663076129908,0.5285336923870092,1.3084928908081992,1.7899824430775084,0.7284028130671506,0.8876229317269477,2.8916030615850175,0.11,0.0594090202177294,0.7540803892979902,0.839509998038342,1770,19.539490407415446
notch,notch::lvl-96.txt,200,16,0.189375,0.808125,7,0.035,1,0.005,0.02,2.025,7,0.085,3,0.19577123043573785,0.8042287695642621,0.9207733900602583,1.0211198058882447,0.72222200720072,0.9513825056521485,2.5970343508521494,0.09,0.0594090202177294,0.7540803892979902,0.839509998038342,1770,8.299037128923487
notch,notch::lvl-97.txt,200,16,0.13375,0.865,3,0.015,1,0.005,0.025,1.15,9,0.11,3,0.039978458361307534,0.9600215416386925,1.4048520019328012,1.425727144891456,0.6985076153176675,0.8273266195264238,2.626578515109483,0.075,0.05754276827371695,0.7540803892979902,0.839509998038342,1770,3.8696562566358805
notch,notch::lvl-98.txt,200,16,0.1515625,0.8471875,3,0.015,0,0.0,0.0,1.315,10,0.13,3,0.3082468524263444,0.6917531475736556,1.036512289824422,1.2390490047827558,0.6728343145500421,0.864566239418958,2.7263520538888484,0.08,0.05598755832037325,0.7540803892979902,0.839509998038342,1770,12.8612271099
notch,notch::lvl-99.txt,200,16,0.2021875,0.7965625,3,0.015,0,0.0,0.005,2.15,10,0.125,3,0.010610322098550395,0.9893896779014496,1.4604446764411183,1.459840639891064,0.6786411365564038,0.9935894950135274,2.703943988023734,0.1,0.06842923794712286,0.7540803892979902,0.839509998038342,1770,3.177649202265937
notchParam,notchParam::lvl-1.txt,200,16,0.078125,0.919375,7,0.035,0,0.0,0.0,0.33,3,0.08,8,0.10581790880384279,0.8941820911961572,0.77524117566986,0.8153623059604217,0.6149116064565718,0.5297401922714157,1.5703651295384193,0.05,0.03608087091757387,0.6993856014860634,0.8503967018607245,1770,6.910560682671067
notchParam,notchParam::lvl-10.txt,200,16,0.0796875,0.919375,2,0.01,0,0.0,0.045,0.3,7,0.13,5,0.0682237041723498,0.9317762958276502,0.7921566567001453,0.8159148666534435,0.6328115323854661,0.5600733855986458,2.1221500439700995,0.06,0.04510108864696734,0.6993856014860634,0.8503967018607245,1770,6.0079619298962506
notchParam,notchParam::lvl-100.txt,200,16,0.073125,0.925625,3,0.015,0,0.0,0.0,0.245,2,0.075,8,0.0008528217043728414,0.9991471782956272,0.6094143534024974,0.6063698881029258,0.6254886630179829,0.4863221206967665,1.3221077111828579,0.035,0.03421461897356143,0.6993856014860634,0.8503967018607245,1770,6.42856290769923
notchParam,notchParam::lvl-11.txt,200,16,0.07875,0.92,3,0.015,0,0.0,0.0,0.335,6,0.075,3,0.05043229631345747,0.9495677036865425,0.6936806454136396,0.7080049440014244,0.7414272474513439,0.5229536288963816,1.433956873270457,0.035,0.03608087091757387,0.6993856014860634,0.8503967018607245,1770,6.2927669681988165
notchParam,notchParam::lvl-12.txt,200,16,0.09125,0.9071875,4,0.02,1,0.005,0.045,0.445,6,0.125,5,0.0559014782091094,0.9440985217908906,0.9283338252510802,0.9499473669630334,0.6365644215530903,0.643423774597534,2.4922527132095906,0.08,0.05412130637636081,0.6993856014860634,0.8503967018607245,1770,5.114505583325915
notchParam,notchParam::lvl-13.txt,200,16,0.0865625,0.9121875,3,0.015,0,0.0,0.04,0.335,2,0.025,3,0.1205991833929988,0.8794008166070012,0.8504913307164997,0.9022726802251106,0.8179603677221655,0.590283361128991,1.7408453353385605,0.065,0.039502332814930013,0.6993856014860634,0.8503967018607245,1770,7.142974592590183
notchParam,notchParam::lvl-14.txt,200,16,0.094375,0.904375,3,0.015,0,0.0,0.04,0.455,2,0.025,3,0.03155229119975134,0.9684477088002487,0.980049144003825,0.9907660455435343,0.8179603677221655,0.6274849172422312,1.593282778508251,0.05,0.042301710730948676,0.6993856014860634,0.8503967018607245,1770,5.510071251250328
notchParam,notchParam::lvl-15.txt,200,16,0.078125,0.9209375,2,0.01,1,0.005,0.045,0.25,2,0.075,8,0.10774578440705784,0.8922542155929422,0.6675821240528723,0.7029105721652298,0.6296092476489029,0.538134661184253,1.7718503113470028,0.05,0.037636080870917576,0.6993856014860634,0.8503967018607245,1770,7.056916812574268
notchParam,notchParam::lvl-16.txt,200,16,0.0821875,0.916875,2,0.01,0,0.0,0.045,0.29,3,0.08,8,0.05067542955226201,0.949324570447738,1.0314866441920492,1.0528900724795052,0.6229839813374806,0.5550426499115717,1.557856812533099,0.055,0.04354587869362364,0.6993856014860634,0.8503967018607245,1770,5.702080582229187
notchParam,notchParam::lvl-17.txt,200,16,0.0746875,0.9240625,3,0.015,0,0.0,0.0,0.245,3,0.08,8,0.10684451721543253,0.8931554827845675,0.7365910342358427,0.7751570058658511,0.6206361520558572,0.49669394371736986,1.3812691516524598,0.05,0.03359253499222395,0.6993856014860634,0.8503967018607245,1770,7.1890631819939115
notchParam,notchParam::lvl-18.txt,200,16,0.0784375,0.9196875,5,0.025,0,0.0,0.045,0.175,3,0.03,3,0.11659679481635699,0.883403205183643,0.9189322662170788,0.972643670873335,0.8049201005025126,0.5405290853669801,1.3888939965880145,0.07,0.042301710730948676,0.6993856014860634,0.8503967018607245,1770,7.066519243184872
notchParam,notchParam::lvl-19.txt,200,16,0.0790625,0.9184375,7,0.035,0,0.0,0.0,0.235,3,0.03,3,0.059838691640483055,0.940161308359517,0.8010879305361056,0.8219184906753594,0.7992007992007992,0.5375354442412904,1.427692931815428,0.065,0.039191290824261274,0.6993856014860634,0.8503967018607245,1770,6.107588634153444
notchParam,notchParam::lvl-2.txt,200,16,0.08125,0.9165625,6,0.03,0,0.0,0.0,0.345,2,0.075,8,0.016768741535479026,0.983231258464521,0.9904812348944001,0.9934776336784992,0.6211180124223603,0.5581322202472223,1.4690057335826352,0.06,0.04105754276827372,0.6993856014860634,0.8503967018607245,1770,5.515533192056812
notchParam,notchParam::lvl-20.txt,200,16,0.07875,0.91875,7,0.035,0,0.0,0.0,0.29,3,0.03,3,0.08831453417920676,0.9116854658207932,0.6844504337479707,0.7131308703307737,0.7992007992007992,0.524372535957044,1.047639514538314,0.03,0.03452566096423017,0.6993856014860634,0.8503967018607245,1770,6.860356437608455
notchParam,notchParam::lvl-21.txt,200,16,0.0803125,0.918125,4,0.02,0,0.0,0.04,0.23,2,0.025,3,0.13818518636647337,0.8618148136335266,0.7524678512704036,0.80638477804111,0.8154639511201629,0.5469927831727899,1.5291497063483908,0.055,0.037947122861586316,0.6993856014860634,0.8503967018607245,1770,7.830695242661369
notchParam,notchParam::lvl-22.txt,200,16,0.08875,0.9096875,4,0.02,0,0.0,0.045,0.335,2,0.025,3,0.012334717007712825,0.9876652829922872,1.0524866844481842,1.0535934565085496,0.8155639511201629,0.606508411843196,1.712289139011073,0.065,0.04354587869362364,0.6993856014860634,0.8503967018607245,1770,5.452988313610555
notchParam,notchParam::lvl-23.txt,200,16,0.095,0.9025,7,0.035,0,0.0,0.0,0.5,7,0.13,5,0.04621814063294105,0.953781859367059,1.29167222280562,1.314974680098859,0.624512099921936,0.6511330968028294,2.294339962841407,0.075,0.050388802488335924,0.6993856014860634,0.8503967018607245,1770,4.744572309078948
notchParam,notchParam::lvl-24.txt,200,16,0.0825,0.9165625,2,0.01,0,0.0,0.0,0.42,7,0.13,5,0.057377379005579154,0.9426226209944208,0.7815223140233124,0.8003170200243316,0.631911532385466,0.5593185684918835,1.8645400055325752,0.045,0.03732503888024884,0.6993856014860634,0.8503967018607245,1770,6.047707592743615
notchParam,notchParam::lvl-25.txt,200,16,0.0921875,0.9065625,3,0.015,0,0.0,0.0,0.57,6,0.125,5,0.00017865381923642953,0.9998213461807636,1.0304089329518182,1.0245954901166345,0.6354249404289118,0.6214979105563195,2.054580093238155,0.06,0.04727838258164852,0.6993856014860634,0.8503967018607245,1770,5.20411884563611
notchParam,notchParam::lvl-26.txt,200,16,0.1021875,0.8953125,7,0.035,0,0.0,0.0,0.705,7,0.13,5,0.04786339867997691,0.9521366013200231,1.2548742890317586,1.2786161638625904,0.624512099921936,0.6786089178230166,2.386646129781371,0.08,0.049455676516329705,0.6993856014860634,0.8503967018607245,1770,4.627756418141032
notchParam,notchParam::lvl-27.txt,200,16,0.07875,0.91875,7,0.035,0,0.0,0.0,0.26,3,0.03,3,0.03544791967999905,0.964552080320001,0.7785625614938488,0.788642948408465,0.7992007992007992,0.5303660856158631,1.1058342200979872,0.04,0.037636080870917576,0.6993856014860634,0.8503967018607245,1770,6.076083109574853
notchParam,notchParam::lvl-28.txt,200,16,0.1090625,0.8896875,3,0.015,0,0.0,0.0,0.76,6,0.075,3,0.024520375676380657,0.9754796243236193,1.3275339362356537,1.336830087277294,0.7414272474513439,0.6958283300132244,2.0891938655947233,0.055,0.053188180404354586,0.6993856014860634,0.8503967018607245,1770,4.609830557363869
notchParam,notchParam::lvl-29.txt,200,16,0.0825,0.91625,3,0.015,0,0.0,0.0,0.365,5,0.075,3,0.0298704520328118,0.9701295479671882,0.8530392507997941,0.8613781065901217,0.7414272474513439,0.5569220202176635,1.6583022152253621,0.055,0.037947122861586316,0.6993856014860634,0.8503967018607245,1770,5.818713593339327
notchParam,notchParam::lvl-3.txt,200,16,0.09625,0.9015625,6,0.03,0,0.0,0.0,0.56,7,0.08,3,0.0263010414778464,0.9736989585221536,1.1528766912865804,1.1619763491211101,0.7285974499089253,0.6413117713621148,1.9605847012228623,0.075,0.047900466562986,0.6993856014860634,0.8503967018607245,1770,4.877880483480241
notchParam,notchParam::lvl-30.txt,200,16,0.0871875,0.9115625,3,0.015,0,0.0,0.0,0.42,2,0.025,3,0.061961976764711824,0.9380380232352882,0.8868322373308785,0.9109459288053823,0.8171603677221655,0.5647662834820992,1.362343952338223,0.045,0.03608087091757387,0.6993856014860634,0.8503967018607245,1770,6.175350560826907
notchParam,notchParam::lvl-31.txt,200,16,0.089375,0.909375,3,0.015,0,0.0,0.0,0.475,2,0.075,8,0.12562536658136025,0.8743746334186397,0.96242462993412,1.0236644811905569,0.6254886630179829,0.5921500052269781,1.7910752457331633,0.05,0.037947122861586316,0.6993856014860634,0.8503967018607245,1770,7.105671871121505
notchParam,notchParam::lvl-32.txt,200,16,0.0775,0.92125,3,0.015,0,0.0,0.0,0.285,2,0.075,8,0.01211386480663279,0.9878861351933672,0.9790013266561423,0.9796467812043442,0.6254886630179829,0.514223455102747,1.2804812892833588,0.045,0.034836702954898914,0.6993856014860634,0.8503967018607245,1770,5.959788906651389
notchParam,notchParam::lvl-33.txt,200,16,0.0828125,0.9159375,3,0.015,0,0.0,0.0,0.35,2,0.025,3,0.00017322225086713328,0.9998267777491329,0.7010553146704516,0.6975113081402791,0.8171603677221655,0.5431976212651702,1.2870638829734387,0.035,0.03359253499222395,0.6993856014860634,0.8503967018607245,1770,6.302138685607385
notchParam,notchParam::lvl-34.txt,200,16,0.08125,0.9175,3,0.015,0,0.0,0.0,0.345,2,0.075,8,0.001007682114486208,0.9989923178855138,0.7770026140839161,0.7731808452297826,0.6254886630179829,0.547749398281611,1.5664650049306772,0.05,0.04105754276827372,0.6993856014860634,0.8503967018607245,1770,5.862804112684712
notchParam,notchParam::lvl-35.txt,200,16,0.07375,0.925,3,0.015,0,0.0,0.0,0.195,2,0.075,8,0.01647052547143557,0.9835294745285644,0.8324590673514621,0.8348508218919909,0.6254886630179829,0.49475088192185407,1.3723969640983729,0.055,0.03701399688958009,0.6993856014860634,0.8503967018607245,1770,6.056244311658876
notchParam,notchParam::lvl-36.txt,200,16,0.0990625,0.8996875,3,0.015,0,0.0,0.0,0.66,2,0.075,8,0.08136624501539147,0.9186337549846085,1.1063102812543018,1.1480093610509579,0.6254886630179829,0.6296046329426381,1.6173276822941807,0.04,0.038880248833592534,0.6993856014860634,0.8503967018607245,1770,5.866560580533803
notchParam,notchParam::lvl-37.txt,200,16,0.0725,0.92625,3,0.015,0,0.0,0.0,0.185,2,0.025,3,0.0121200325416696,0.9878799674583304,0.49556569566809294,0.4960329144346153,0.8171603677221655,0.47284879735486773,1.0246754684209998,0.035,0.030482115085536547,0.6993856014860634,0.8503967018607245,1770,6.7505137076486665
notchParam,notchParam::lvl-38.txt,200,16,0.075625,0.923125,3,0.015,0,0.0,0.0,0.21,3,0.03,3,0.03231611860401995,0.96768388139598,0.724420879101618,0.7326118764717472,0.8088978766430738,0.4947247926243599,1.0365023791530423,0.05,0.03452566096423017,0.6993856014860634,0.8503967018607245,1770,6.352351968271896
notchParam,notchParam::lvl-39.txt,200,16,0.070625,0.928125,3,0.015,0,0.0,0.0,0.18,3,0.08,8,0.19634487425223646,0.8036551257477635,0.5496277114602158,0.6097622642502499,0.6206361520558572,0.4743280346079618,1.3006488262289144,0.045,0.03234836702954899,0.6993856014860634,0.8503967018607245,1770,9.898237888629764
notchParam,notchParam::lvl-4.txt,200,16,0.09125,0.90625,7,0.035,0,0.0,0.0,0.475,6,0.075,3,0.011219111279572869,0.9887808887204271,1.0267581570544773,1.0269701264465225,0.7332722273143905,0.6190513769856542,1.8141393022449608,0.065,0.04696734059097978,0.6993856014860634,0.8503967018607245,1770,5.128593796897553
notchParam,notchParam::lvl-40.txt,200,16,0.091875,0.906875,3,0.015,0,0.0,0.0,0.515,6,0.075,3,0.0022701244709246726,0.9977298755290753,0.8945651726016377,0.8907281515047824,0.7414272474513439,0.6086769097668614,1.7113449468865047,0.045,0.041990668740279936,0.6993856014860634,0.8503967018607245,1770,5.5664443103642345
notchParam,notchParam::lvl-41.txt,200,16,0.08375,0.915,3,0.015,0,0.0,0.0,0.39,7,0.08,3,0.0989464573725457,0.9010535426274543,0.9991738501747037,1.0468694893769135,0.7346189164370982,0.570521981624264,1.6709408471189042,0.065,0.0416796267496112,0.6993856014860634,0.8503967018607245,1770,6.459341285480601
notchParam,notchParam::lvl-42.txt,200,16,0.0834375,0.9140625,7,0.035,0,0.0,0.0,0.3,2,0.025,3,0.024091215567797808,0.9759087844322022,0.796345199282442,0.8019699611210098,0.8072653884964682,0.5742010046776298,1.59411736808731,0.06,0.041990668740279936,0.6993856014860634,0.8503967018607245,1770,5.7190759785415555
notchParam,notchParam::lvl-43.txt,200,16,0.0778125,0.9209375,3,0.015,0,0.0,0.0,0.31,6,0.125,5,8.068723618637197e-05,0.9999193127638136,0.7398677028111202,0.7356574180518362,0.6354249404289118,0.5355142132964668,1.82380063405664,0.045,0.042612752721617415,0.6993856014860634,0.8503967018607245,1770,5.932755271059366
notchParam,notchParam::lvl-44.txt,200,16,0.0865625,0.9109375,7,0.035,0,0.0,0.0,0.485,7,0.13,5,0.037280098577550325,0.9627199014224497,0.9404891379197019,0.9530011145444142,0.624512099921936,0.5953655478542021,2.1500220487580375,0.065,0.04292379471228616,0.6993856014860634,0.8503967018607245,1770,5.318170695208103
notchParam,notchParam::lvl-45.txt,200,16,0.08875,0.90875,7,0.035,0,0.0,0.0,0.545,6,0.125,5,0.008788574241064495,0.9912114257589355,0.9427097464689486,0.9414535006454388,0.6294256490952006,0.5983792612049598,2.0819843788794326,0.045,0.041990668740279936,0.6993856014860634,0.8503967018607245,1770,5.372436448944479
notchParam,notchParam::lvl-46.txt,200,16,0.09625,0.9025,3,0.015,0,0.0,0.0,0.665,6,0.125,5,0.008778113556354494,0.9912218864436455,1.0595019879083423,1.0580845226837303,0.6354249404289118,0.620000656160308,2.03684248810068,0.04,0.04447900466562986,0.6993856014860634,0.8503967018607245,1770,5.238949063421324
notchParam,notchParam::lvl-47.txt,200,16,0.086875,0.91125,5,0.025,0,0.0,0.045,0.305,2,0.025,3,0.08893580010309465,0.9110641998969053,0.7855928484990845,0.8188123404756351,0.8130827411167513,0.6060306047470849,1.8766258708665728,0.07,0.04541213063763608,0.6993856014860634,0.8503967018607245,1770,6.268235431340591
notchParam,notchParam::lvl-48.txt,200,16,0.103125,0.8946875,6,0.03,1,0.005,0.045,0.535,2,0.025,3,0.0743886600299799,0.9256113399700201,1.2036238004232216,1.2446228856756838,0.8123665991902834,0.7141904060657287,2.242559763013549,0.1,0.05443234836702955,0.6993856014860634,0.8503967018607245,1770,5.053370949852355
notchParam,notchParam::lvl-49.txt,200,16,0.084375,0.913125,7,0.035,0,0.0,0.0,0.345,2,0.025,3,0.009559894272969882,0.9904401057270301,0.8836431637173471,0.8833324029618114,0.8072653884964682,0.5741078806515578,1.5475822359746516,0.055,0.0401244167962675,0.6993856014860634,0.8503967018607245,1770,5.724157141826873
notchParam,notchParam::lvl-5.txt,200,16,0.0803125,0.9171875,7,0.035,0,0.0,0.0,0.335,6,0.08,3,0.08512614686446718,0.9148738531355328,0.9025128813774322,0.9384250319778997,0.7266121707538601,0.549216592082072,1.5421868650052553,0.045,0.038880248833592534,0.6993856014860634,0.8503967018607245,1770,6.350186920381927
notchParam,notchParam::lvl-50.txt,200,16,0.079375,0.91875,5,0.025,0,0.0,0.04,0.185,2,0.025,3,0.0752674007445111,0.9247325992554889,0.8556041577245375,0.8851689089491064,0.8129827411167513,0.5559762706681657,1.660953758415777,0.09,0.04416796267496112,0.6993856014860634,0.8503967018607245,1770,6.128107081877865
notchParam,notchParam::lvl-51.txt,200,16,0.0728125,0.9246875,7,0.035,0,0.0,0.0,0.165,3,0.03,3,0.044707048429424634,0.9552929515705754,0.5045242728031637,0.5135272898240019,0.7992007992007992,0.4942514707834664,1.278291600440661,0.055,0.034836702954898914,0.6993856014860634,0.8503967018607245,1770,6.483888401057543
notchParam,notchParam::lvl-52.txt,200,16,0.074375,0.924375,3,0.015,0,0.0,0.0,0.235,2,0.075,8,0.035802246329402654,0.9641977536705973,0.5888761540072139,0.5964589934760528,0.6254886630179829,0.5077167433468334,1.4838732273000241,0.05,0.035147744945567654,0.6993856014860634,0.8503967018607245,1770,6.268074146510858
notchParam,notchParam::lvl-53.txt,200,16,0.07625,0.9228125,2,0.01,0,0.0,0.04,0.195,3,0.08,8,0.02854744171265,0.97145255828735,0.8595857170041166,0.8673715536598481,0.6228839813374806,0.5214518064532593,1.6186217212741747,0.055,0.04136858475894246,0.6993856014860634,0.8503967018607245,1770,5.879886090231963
notchParam,notchParam::lvl-54.txt,200,16,0.0821875,0.9165625,3,0.015,1,0.005,0.045,0.255,2,0.075,8,0.0049165899921697065,0.9950834100078303,0.8794846676834001,0.8768760541359422,0.6281386630179829,0.5749302128593258,1.971300704032152,0.07,0.04292379471228616,0.6993856014860634,0.8503967018607245,1770,5.545858703839487
notchParam,notchParam::lvl-55.txt,200,16,0.0975,0.90125,3,0.015,1,0.005,0.045,0.475,2,0.025,3,0.03936669720461827,0.9606333027953817,1.222555433367912,1.2409408744095778,0.8198103677221655,0.6645046310051518,1.8648378651342148,0.075,0.04696734059097978,0.6993856014860634,0.8503967018607245,1770,5.067456886312023
notchParam,notchParam::lvl-56.txt,200,16,0.08875,0.91,3,0.015,1,0.005,0.045,0.34,3,0.03,3,0.20616548408540447,0.7938345159145955,0.9095339181611484,1.0155554932803919,0.8115478766430738,0.5974372326894296,1.5747160920927499,0.06,0.04136858475894246,0.6993856014860634,0.8503967018607245,1770,9.686031784189783
notchParam,notchParam::lvl-57.txt,200,16,0.1015625,0.8971875,3,0.015,0,0.0,0.04,0.675,7,0.13,5,0.3168920584185244,0.6831079415814756,0.8972779982712243,1.0793739958952733,0.6312176516942475,0.6720379670587656,2.480981622255964,0.055,0.048833592534992226,0.6993856014860634,0.8503967018607245,1770,13.576234411329862
notchParam,notchParam::lvl-58.txt,200,16,0.1,0.89875,3,0.015,0,0.0,0.0,0.615,6,0.075,3,0.04674988236214217,0.9532501176378578,1.1558730370078587,1.1774605897725385,0.7414272474513439,0.6523812940983801,2.0713165983815784,0.06,0.04727838258164852,0.6993856014860634,0.8503967018607245,1770,5.100316869326724
notchParam,notchParam::lvl-59.txt,200,16,0.0925,0.9065625,2,0.01,1,0.005,0.045,0.47,6,0.125,5,0.11617403960559147,0.8838259603944085,1.1443052497586887,1.2102150255897774,0.6395926751592357,0.6429146221038773,2.3770298360128903,0.085,0.05225505443234837,0.6993856014860634,0.8503967018607245,1770,6.291289880186012
notchParam,notchParam::lvl-6.txt,200,16,0.09375,0.90375,7,0.035,0,0.0,0.0,0.545,5,0.075,3,0.03844336314707908,0.9615566368529209,0.9155048103918024,0.9285662109839848,0.7332722273143905,0.6322252913598967,2.0962138829170787,0.06,0.04385692068429238,0.6993856014860634,0.8503967018607245,1770,5.258097381111187
notchParam,notchParam::lvl-60.txt,200,16,0.0821875,0.9165625,3,0.015,0,0.0,0.0,0.335,7,0.08,3,0.0031320165813757406,0.9968679834186243,0.9736625866564205,0.9698765097858618,0.7346189164370982,0.5650208667344765,1.5882246550405696,0.055,0.04416796267496112,0.6993856014860634,0.8503967018607245,1770,5.63425792556139
notchParam,notchParam::lvl-61.txt,200,16,0.0996875,0.899375,2,0.01,1,0.005,0.045,0.59,7,0.13,5,0.05945614509303798,0.940543854906962,1.208030999145472,1.238449074629442,0.6345615323854661,0.6742581324134188,2.4612121881163085,0.075,0.05412130637636081,0.6993856014860634,0.8503967018607245,1770,4.895498073567048
notchParam,notchParam::lvl-62.txt,200,16,0.070625,0.926875,7,0.035,0,0.0,0.0,0.18,3,0.08,8,0.09439605227925263,0.9056039477207474,0.5748574326556675,0.6007832002363251,0.6149116064565718,0.48772603820424965,1.413867780560095,0.05,0.03545878693623639,0.6993856014860634,0.8503967018607245,1770,6.99148180493998
notchParam,notchParam::lvl-63.txt,200,16,0.1046875,0.8928125,7,0.035,0,0.0,0.0,0.72,6,0.075,3,0.024458594129630917,0.9755414058703691,1.1736143008954816,1.181795195085159,0.7332722273143905,0.6829046445727178,2.1447866213005846,0.065,0.05225505443234837,0.6993856014860634,0.8503967018607245,1770,4.6174727043381925
notchParam,notchParam::lvl-64.txt,200,16,0.091875,0.905625,7,0.035,0,0.0,0.0,0.515,6,0.075,3,0.06005192390449876,0.9399480760955012,0.8800268459440739,0.9027836183187796,0.7332722273143905,0.6223575749061461,2.076988689577106,0.065,0.0463452566096423,0.6993856014860634,0.8503967018607245,1770,5.4680112778580305
notchParam,notchParam::lvl-65.txt,200,16,0.10125,0.89625,7,0.035,0,0.0,0.0,0.635,6,0.075,3,0.008556411132685904,0.9914435888673141,1.083177796149181,1.0819456002764802,0.7332722273143905,0.6746903308820685,2.201133537501271,0.055,0.047900466562986,0.6993856014860634,0.8503967018607245,1770,4.883061226514868
notchParam,notchParam::lvl-66.txt,200,16,0.0775,0.92,7,0.035,0,0.0,0.0,0.2,7,0.08,3,0.02089513678793209,0.9791048632120679,0.9211887617457641,0.9258930190889937,0.7266121707538601,0.5300462055648872,1.564939769576731,0.07,0.0432348367029549,0.6993856014860634,0.8503967018607245,1770,5.624258889047437
notchParam,notchParam::lvl-67.txt,200,16,0.089375,0.9084375,6,0.03,0,0.0,0.0,0.475,2,0.075,8,0.05011728358770817,0.9498827164122918,1.0682724437613949,1.0901511411688165,0.6211180124223603,0.5988251990039383,1.757289800902181,0.05,0.041990668740279936,0.6993856014860634,0.8503967018607245,1770,5.42794587347475
notchParam,notchParam::lvl-68.txt,200,16,0.080625,0.9171875,6,0.03,0,0.0,0.0,0.365,2,0.075,8,0.05600505302550707,0.9439949469744929,0.7741983696993076,0.7925142835940002,0.6211180124223603,0.5407918793946198,1.2963835649745108,0.03,0.03608087091757387,0.6993856014860634,0.8503967018607245,1770,6.122306201198278
notchParam,notchParam::lvl-69.txt,200,16,0.074375,0.9234375,6,0.03,0,0.0,0.0,0.265,2,0.075,8,0.0004562029134307366,0.9995437970865693,0.745733831425083,0.7418611227804439,0.6211180124223603,0.5121864453329162,1.4740333684895064,0.06,0.03701399688958009,0.6993856014860634,0.8503967018607245,1770,6.029568562779081
notchParam,notchParam::lvl-7.txt,200,16,0.085,0.9125,7,0.035,0,0.0,0.0,0.405,2,0.075,8,0.013327370095007285,0.9866726299049927,1.0282171139357899,1.0295275392047596,0.6196746707978311,0.5803549141000139,1.781390486700993,0.06,0.042612752721617415,0.6993856014860634,0.8503967018607245,1770,5.342189824338093
notchParam,notchParam::lvl-70.txt,200,16,0.08375,0.91375,7,0.035,0,0.0,0.0,0.385,2,0.075,8,0.055511720372563356,0.9444882796274366,0.9249440076624834,0.9465789387911813,0.6196746707978311,0.5694688340340319,1.7472144901178772,0.055,0.038880248833592534,0.6993856014860634,0.8503967018607245,1770,5.72974800984123
notchParam,notchParam::lvl-71.txt,200,16,0.095625,0.901875,7,0.035,0,0.0,0.0,0.52,6,0.08,3,0.09002392184203012,0.9099760781579699,1.0561790346080693,1.1011572362651965,0.7266121707538601,0.6605137547603136,2.2641388136732603,0.075,0.049766718506998445,0.6993856014860634,0.8503967018607245,1770,5.65751852728595
notchParam,notchParam::lvl-72.txt,200,16,0.088125,0.909375,7,0.035,0,0.0,0.0,0.43,7,0.08,3,0.02401659441368753,0.9759834055863125,0.9873875691781814,0.9940156476386438,0.7266121707538601,0.6081849198656962,2.0213892871244252,0.07,0.0432348367029549,0.6993856014860634,0.8503967018607245,1770,5.241638622513458
notchParam,notchParam::lvl-73.txt,200,16,0.103125,0.894375,7,0.035,0,0.0,0.0,0.7,7,0.08,3,0.12672806353966426,0.8732719364603357,1.0779118443207925,1.147189793992456,0.7266121707538601,0.6755787956401308,2.1334247987710784,0.06,0.0447900466562986,0.6993856014860634,0.8503967018607245,1770,6.630821301272662
notchParam,notchParam::lvl-74.txt,200,16,0.09375,0.90375,7,0.035,0,0.0,0.0,0.545,6,0.075,3,0.00415738397059584,0.9958426160294042,1.0829466508387027,1.0793228946352693,0.7332722273143905,0.6309678806681676,2.0516342731536534,0.06,0.0463452566096423,0.6993856014860634,0.8503967018607245,1770,5.100782662186997
notchParam,notchParam::lvl-75.txt,200,16,0.0934375,0.9040625,7,0.035,0,0.0,0.0,0.515,6,0.08,3,0.0017389123394427886,0.9982610876605572,1.145246224753549,1.1399966628478997,0.7266121707538601,0.6348310293865019,2.076149261090076,0.08,0.045723172628304824,0.6993856014860634,0.8503967018607245,1770,4.990003572074367
notchParam,notchParam::lvl-76.txt,200,16,0.0965625,0.9025,2,0.01,1,0.005,0.045,0.535,6,0.125,5,0.05292077936330997,0.94707922063669,1.092785472151254,1.1164667299940798,0.6395926751592357,0.6668639291605907,2.4048128049152577,0.085,0.05660964230171073,0.6993856014860634,0.8503967018607245,1770,4.85874671661857
notchParam,notchParam::lvl-77.txt,200,16,0.091875,0.906875,3,0.015,0,0.0,0.0,0.485,5,0.075,3,4.179053856012693e-05,0.9999582094614399,1.1565166962148,1.1502723023757706,0.7414272474513439,0.6100438124696146,1.7443301323268843,0.055,0.041990668740279936,0.6993856014860634,0.8503967018607245,1770,5.37322656636841
notchParam,notchParam::lvl-78.txt,200,16,0.0859375,0.913125,2,0.01,0,0.0,0.04,0.37,7,0.13,5,0.012250727349226165,0.9877492726507738,1.0185870531469579,1.0189770243951581,0.6327115323854661,0.598626323729898,2.3182780567989125,0.075,0.04852255054432349,0.6993856014860634,0.8503967018607245,1770,5.22511300108726
notchParam,notchParam::lvl-79.txt,200,16,0.0925,0.90625,3,0.015,0,0.0,0.0,0.53,7,0.08,3,0.0258462532971655,0.9741537467028345,1.0341990883687524,1.0421186794962507,0.7346189164370982,0.6110757686862636,1.900065974591973,0.055,0.042301710730948676,0.6993856014860634,0.8503967018607245,1770,5.348328286232229
notchParam,notchParam::lvl-8.txt,200,16,0.101875,0.8971875,2,0.01,1,0.005,0.045,0.62,6,0.125,5,0.05781486277013215,0.9421851372298679,1.1493021034553623,1.1772538089181301,0.6395926751592357,0.6864630447625013,2.52961356878965,0.06,0.05132192846034215,0.6993856014860634,0.8503967018607245,1770,4.967907239305239
notchParam,notchParam::lvl-80.txt,200,16,0.0859375,0.9128125,3,0.015,0,0.0,0.045,0.26,2,0.025,3,0.07083660072207398,0.929163399277926,0.9879511380783622,1.0196491642452106,0.8180603677221655,0.5992867645169493,1.6615580154551264,0.065,0.04696734059097978,0.6993856014860634,0.8503967018607245,1770,5.895044565697096
notchParam,notchParam::lvl-81.txt,200,16,0.099375,0.899375,3,0.015,0,0.0,0.0,0.635,6,0.075,3,0.004407332189787061,0.9955926678102129,1.0723859951358312,1.0689317319080354,0.7414272474513439,0.6475073973042975,2.0720050713877076,0.05,0.04510108864696734,0.6993856014860634,0.8503967018607245,1770,5.1865917559299675
notchParam,notchParam::lvl-82.txt,200,16,0.08875,0.91,3,0.015,0,0.0,0.04,0.34,3,0.03,3,0.12699154476998353,0.8730084552300165,0.9345498696495484,0.9950456504753529,0.8096978766430738,0.6037658908038351,1.7188989394478595,0.065,0.042612752721617415,0.6993856014860634,0.8503967018607245,1770,7.159852897826934
notchParam,notchParam::lvl-83.txt,200,16,0.084375,0.914375,3,0.015,1,0.005,0.045,0.235,2,0.025,3,0.08565415505321927,0.9143458449467807,0.7681028910550853,0.799144842085888,0.8198103677221655,0.5893583513661625,1.7461491203886927,0.06,0.04354587869362364,0.6993856014860634,0.8503967018607245,1770,6.372941255057763
notchParam,notchParam::lvl-84.txt,200,16,0.0809375,0.918125,2,0.01,1,0.005,0.045,0.265,2,0.075,8,0.022240766133798662,0.9777592338662013,0.9920101448312638,0.997791571648551,0.6296092476489029,0.5530573340418342,1.7940493784117024,0.065,0.042301710730948676,0.6993856014860634,0.8503967018607245,1770,5.564849150561278
notchParam,notchParam::lvl-85.txt,200,16,0.089375,0.9096875,2,0.01,0,0.0,0.045,0.4,2,0.075,8,0.1932208941792749,0.8067791058207251,1.0184279573972075,1.1276976422084568,0.6278592476489029,0.604848601482606,1.934718789817429,0.06,0.04292379471228616,0.6993856014860634,0.8503967018607245,1770,9.087974409471588
notchParam,notchParam::lvl-86.txt,200,16,0.085,0.9140625,2,0.01,1,0.005,0.045,0.385,7,0.13,5,0.000471356011300883,0.9995286439886991,1.0210672736989368,1.015421451420942,0.6345615323854661,0.5912811963999983,2.132834280498624,0.065,0.04665629860031104,0.6993856014860634,0.8503967018607245,1770,5.357278162640405
notchParam,notchParam::lvl-87.txt,200,16,0.076875,0.920625,7,0.035,0,0.0,0.0,0.255,2,0.025,3,0.020814447118684742,0.9791855528813153,0.6436690436548794,0.6471299099219427,0.8072653884964682,0.5166259520511194,1.3021386486087438,0.05,0.03545878693623639,0.6993856014860634,0.8503967018607245,1770,6.215471650133805
notchParam,notchParam::lvl-88.txt,200,16,0.0740625,0.9234375,7,0.035,0,0.0,0.0,0.185,3,0.03,3,0.01600691845034463,0.9839930815496554,0.7824798335708943,0.784741970085159,0.7992007992007992,0.4924528244266647,0.9909628760867202,0.05,0.03701399688958009,0.6993856014860634,0.8503967018607245,1770,6.175703437814397
notchParam,notchParam::lvl-89.txt,200,16,0.085625,0.913125,3,0.015,0,0.0,0.04,0.32,3,0.03,3,0.06930254527941959,0.9306974547205804,0.9659690261601496,0.996113181788137,0.8096978766430738,0.5681469512031291,1.419134020926614,0.05,0.039502332814930013,0.6993856014860634,0.8503967018607245,1770,6.132203092486571
notchParam,notchParam::lvl-9.txt,200,16,0.105625,0.893125,3,0.015,0,0.0,0.0,0.71,7,0.08,3,0.0025813596181967213,0.9974186403818033,1.3712571610611,1.365547938383228,0.7346189164370982,0.6767295848048441,1.780092292107427,0.05,0.047900466562986,0.6993856014860634,0.8503967018607245,1770,4.8363587265240975
notchParam,notchParam::lvl-90.txt,200,16,0.0871875,0.9115625,3,0.015,0,0.0,0.04,0.34,2,0.025,3,0.09331990157397219,0.9066800984260278,0.8358533363594021,0.8733018649193027,0.8179603677221655,0.5907582962253202,1.8140661543267431,0.06,0.041990668740279936,0.6993856014860634,0.8503967018607245,1770,6.495436664342548
notchParam,notchParam::lvl-91.txt,200,16,0.0803125,0.9171875,7,0.035,0,0.0,0.0,0.41,6,0.125,5,2.503297990219533e-05,0.9999749670200978,0.8451632169659259,0.840330352921288,0.6294256490952006,0.5527062054857387,1.94835830569674,0.05,0.042301710730948676,0.6993856014860634,0.8503967018607245,1770,5.676320867559454
notchParam,notchParam::lvl-92.txt,200,16,0.085,0.91375,3,0.015,0,0.0,0.0,0.485,6,0.125,5,0.018293198320409654,0.9817068016795903,0.9741604826773003,0.9775604788430833,0.6354249404289118,0.574614790329111,1.9207049541373298,0.055,0.04292379471228616,0.6993856014860634,0.8503967018607245,1770,5.470974591508283
notchParam,notchParam::lvl-93.txt,200,16,0.0828125,0.9159375,3,0.015,0,0.0,0.0,0.395,7,0.13,5,0.009796285362538293,0.9902037146374617,0.8564390867475269,0.855704475442994,0.6304176516942475,0.5662020060257857,1.8613655027573863,0.055,0.041990668740279936,0.6993856014860634,0.8503967018607245,1770,5.6311037535857436
notchParam,notchParam::lvl-94.txt,200,16,0.1090625,0.8884375,7,0.035,0,0.0,0.0,0.84,6,0.125,5,0.016849196094376406,0.9831508039056236,1.2636760713306552,1.2671549363250971,0.6294256490952006,0.7099927968690476,2.33987116359752,0.07,0.05163297045101089,0.6993856014860634,0.8503967018607245,1770,4.338779019857318
notchParam,notchParam::lvl-95.txt,200,16,0.1090625,0.8884375,7,0.035,0,0.0,0.0,0.75,6,0.125,5,0.010485282434653853,0.9895147175653461,1.5068853313225512,1.5061669148903134,0.6294256490952006,0.7253803120771093,2.317688317316746,0.085,0.056920684292379474,0.6993856014860634,0.8503967018607245,1770,4.022726608022337
notchParam,notchParam::lvl-96.txt,200,16,0.091875,0.906875,3,0.015,0,0.0,0.0,0.515,6,0.075,3,0.00011945261029311371,0.9998805473897069,0.9372648644475486,0.9322404816134097,0.7414272474513439,0.6193659651242771,1.847748521373925,0.055,0.0447900466562986,0.6993856014860634,0.8503967018607245,1770,5.430371821198464
notchParam,notchParam::lvl-97.txt,200,16,0.091875,0.906875,3,0.015,0,0.0,0.0,0.545,6,0.075,3,0.013622909375671566,0.9863770906243284,1.01935417248497,1.0208061953827352,0.7414272474513439,0.5947625551608919,1.6828901657387139,0.04,0.042301710730948676,0.6993856014860634,0.8503967018607245,1770,5.48863971964968
notchParam,notchParam::lvl-98.txt,200,16,0.0903125,0.9084375,3,0.015,0,0.0,0.0,0.47,2,0.025,3,0.06597094288898464,0.9340290571110154,0.9904092291397997,1.0195201975770696,0.8171603677221655,0.5895339778532998,1.4390589827843472,0.05,0.037947122861586316,0.6993856014860634,0.8503967018607245,1770,6.018093596920166
notchParam,notchParam::lvl-99.txt,200,16,0.0740625,0.9246875,3,0.015,0,0.0,0.0,0.2,2,0.075,8,0.05625450695464762,0.9437454930453524,0.7301769379097829,0.7475501747014234,0.6254886630179829,0.49669694302048034,1.347697082712361,0.06,0.037636080870917576,0.6993856014860634,0.8503967018607245,1770,6.265571709453234
notchParamRand,notchParamRand::lvl-1.txt,200,16,0.08125,0.9153125,10,0.05,1,0.005,0.03,0.305,4,0.095,6,0.32478103281412374,0.6752189671858763,0.8308851794288227,1.005555217804191,0.6372706349206348,0.5805410657049819,2.0243510597772594,0.085,0.04696734059097978,0.7266689974220728,0.8521514203752114,1770,13.983343959298656
notchParamRand,notchParamRand::lvl-10.txt,200,16,0.0965625,0.9003125,9,0.045,0,0.0,0.045,0.47,4,0.08,4,0.19458482118196818,0.8054151788180318,1.0966052019079504,1.215254335597712,0.6983716652136007,0.6898619222794514,2.4638174609223626,0.095,0.05412130637636081,0.7266689974220728,0.8521514203752114,1770,8.664680044290904
notchParamRand,notchParamRand::lvl-100.txt,200,16,0.08875,0.9109375,0,0.0,0,0.0,0.005,0.535,5,0.15,6,0.00515934210086777,0.9948406578991322,1.029197519344778,1.025775088833791,0.5971149253731343,0.5861421438424377,2.107165659693731,0.045,0.038258164852255055,0.7266689974220728,0.8521514203752114,1770,5.627900796058595
notchParamRand,notchParamRand::lvl-11.txt,200,16,0.08875,0.9090625,6,0.03,1,0.005,0.07,0.255,1,0.01,2,0.06743744876904423,0.9325625512309558,0.8915411876157338,0.9185395620485054,0.8746096949891068,0.6166434100242875,1.7820266529781432,0.055,0.04074650077760498,0.7266689974220728,0.8521514203752114,1770,5.988387915751692
notchParamRand,notchParamRand::lvl-12.txt,200,16,0.098125,0.9009375,2,0.01,0,0.0,0.05,0.5,3,0.035,3,0.21546998428982755,0.7845300157101724,0.9835694979673706,1.1046845986517246,0.8042128514056224,0.6615457868437785,2.088752900522835,0.065,0.047900466562986,0.7266689974220728,0.8521514203752114,1770,9.794542613639198
notchParamRand,notchParamRand::lvl-13.txt,200,16,0.0965625,0.9025,2,0.01,1,0.005,0.025,0.655,7,0.175,5,2.7612301160995223e-05,0.999972387698839,1.1393849328661219,1.1324741517208619,0.5922205014749262,0.6400564770971369,2.1297278655525242,0.05,0.0447900466562986,0.7266689974220728,0.8521514203752114,1770,5.125214814791616
notchParamRand,notchParamRand::lvl-14.txt,200,16,0.0809375,0.916875,6,0.03,0,0.0,0.015,0.34,5,0.105,5,0.14065312539492603,0.859346874605074,0.9469974255717163,1.0158384923066552,0.6517657980456025,0.5569237674261976,1.760285946197739,0.06,0.039191290824261274,0.7266689974220728,0.8521514203752114,1770,7.554994326601079
notchParamRand,notchParamRand::lvl-15.txt,200,16,0.0996875,0.8978125,7,0.035,0,0.0,0.045,0.51,3,0.06,4,0.0570390733571845,0.9429609266428155,0.9810080181038202,1.0048546714920397,0.7275121707538601,0.6914300635088333,2.467304930024964,0.075,0.04852255054432349,0.7266689974220728,0.8521514203752114,1770,5.045908931411546
notchParamRand,notchParamRand::lvl-16.txt,200,16,0.083125,0.914375,7,0.035,0,0.0,0.005,0.315,2,0.04,4,0.0702881723923714,0.9297118276076286,0.7180512428021737,0.7408110408625731,0.7541056550424129,0.5789503513856632,1.8503248644384471,0.075,0.04074650077760498,0.7266689974220728,0.8521514203752114,1770,6.032870913808374
notchParamRand,notchParamRand::lvl-17.txt,200,16,0.104375,0.894375,3,0.015,0,0.0,0.065,0.475,0,0.0,0,0.251063249620738,0.748936750379262,0.9067233365163019,1.0424850118826647,0.9901751545117429,0.7043478680642533,2.099985044474597,0.055,0.04074650077760498,0.7266689974220728,0.8521514203752114,1770,11.344283507294108
notchParamRand,notchParamRand::lvl-18.txt,200,16,0.1034375,0.8953125,3,0.015,1,0.005,0.03,0.735,7,0.185,6,0.12066553591160278,0.8793344640883972,1.1493164799652196,1.2180965759414246,0.5661273079633544,0.7013922936399931,2.7385723301024516,0.075,0.05132192846034215,0.7266689974220728,0.8521514203752114,1770,6.227223546699584
notchParamRand,notchParamRand::lvl-19.txt,200,16,0.0778125,0.92,6,0.03,0,0.0,0.04,0.17,3,0.025,2,0.1500992095224778,0.8499007904775222,0.7082743923398367,0.7643262450092848,0.8446818565400843,0.5423289060490125,1.608597717532679,0.07,0.041990668740279936,0.7266689974220728,0.8521514203752114,1770,8.120992257845744
notchParamRand,notchParamRand::lvl-2.txt,200,16,0.0765625,0.921875,4,0.02,0,0.0,0.03,0.125,1,0.01,2,0.02912416105585236,0.9708758389441476,0.7210318299789358,0.7280614410141796,0.8777929824561403,0.5146682843546223,1.3375774938839065,0.055,0.03297045101088647,0.7266689974220728,0.8521514203752114,1770,6.391152675619566
notchParamRand,notchParamRand::lvl-20.txt,200,16,0.10125,0.8959375,8,0.04,2,0.01,0.03,0.7,6,0.15,5,0.06644440353183245,0.9335555964681675,1.1833015865022374,1.2174623332456622,0.6083296072507552,0.69796392766395,2.6024815175643354,0.095,0.05132192846034215,0.7266689974220728,0.8521514203752114,1770,4.70881628251633
notchParamRand,notchParamRand::lvl-21.txt,200,16,0.0921875,0.9046875,9,0.045,0,0.0,0.04,0.305,0,0.0,0,0.301352936989996,0.698647063010004,0.8053101446149902,0.9586318375685213,0.9681518742442564,0.6466799421821247,2.0216872697134116,0.08,0.045723172628304824,0.7266689974220728,0.8521514203752114,1770,13.216597818540402
notchParamRand,notchParamRand::lvl-22.txt,200,16,0.1140625,0.88375,6,0.03,1,0.005,0.04,0.78,8,0.11,3,0.18907877044973753,0.8109212295502625,1.0182047149810542,1.1243256054912372,0.693396286701209,0.7605854708916567,2.859519752797529,0.075,0.049144634525660966,0.7266689974220728,0.8521514203752114,1770,8.410186901343952
notchParamRand,notchParamRand::lvl-23.txt,200,16,0.094375,0.905,1,0.005,0,0.0,0.035,0.505,4,0.1,5,0.07614825955456761,0.9238517404454324,1.0375038065686593,1.0734017691548172,0.6657041562759768,0.6546633010033214,2.437144884735226,0.07,0.04665629860031104,0.7266689974220728,0.8521514203752114,1770,5.588829920694886
notchParamRand,notchParamRand::lvl-24.txt,200,16,0.0990625,0.900625,0,0.0,0,0.0,0.03,0.465,1,0.015,3,0.17187640788830205,0.828123592111698,0.9953976682931385,1.0882614194699989,0.8427052631578947,0.6658673996175649,1.9926868393566695,0.055,0.04416796267496112,0.7266689974220728,0.8521514203752114,1770,8.426816250176977
notchParamRand,notchParamRand::lvl-25.txt,200,16,0.08125,0.9146875,12,0.06,0,0.0,0.015,0.245,1,0.005,1,0.35038544546712747,0.6496145545328725,0.6991168738109826,0.8630351534081809,0.9032345372460497,0.5648224543939557,1.4631370392203822,0.075,0.03421461897356143,0.7266689974220728,0.8521514203752114,1770,15.3056091191727
notchParamRand,notchParamRand::lvl-26.txt,200,16,0.1003125,0.8975,6,0.03,0,0.0,0.035,0.55,5,0.05,2,0.1406490539938422,0.8593509460061578,0.9853343231412109,1.057305413228413,0.8023032064128256,0.7039602510728135,2.531837873482428,0.085,0.05256609642301711,0.7266689974220728,0.8521514203752114,1770,6.997833163653732
notchParamRand,notchParamRand::lvl-27.txt,200,16,0.0740625,0.924375,4,0.02,2,0.01,0.055,0.07,2,0.025,4,0.11388772747389253,0.8861122725261075,0.6805352030793302,0.71922962658166,0.7873788649706458,0.5012249151075457,1.5039782028887352,0.06,0.037947122861586316,0.7266689974220728,0.8521514203752114,1770,7.332028243709048
notchParamRand,notchParamRand::lvl-28.txt,200,16,0.0940625,0.9053125,1,0.005,1,0.005,0.03,0.445,6,0.06,2,0.0018611706561746377,0.9981388293438254,1.0645102859985958,1.0598195691906593,0.799957178464606,0.6423714688714471,2.1634006732500857,0.065,0.04385692068429238,0.7266689974220728,0.8521514203752114,1770,5.35113001867722
notchParamRand,notchParamRand::lvl-29.txt,200,16,0.0821875,0.9165625,3,0.015,1,0.005,0.02,0.26,1,0.005,1,0.35529997296027704,0.644700027039723,0.613404846465317,0.7601073528116195,0.9334654831199068,0.5533504964511566,1.3951415924560258,0.06,0.034836702954898914,0.7266689974220728,0.8521514203752114,1770,15.623427950924173
notchParamRand,notchParamRand::lvl-3.txt,200,16,0.08125,0.918125,1,0.005,0,0.0,0.03,0.32,5,0.105,5,0.046722616381202564,0.9532773836187974,0.9690126905355495,0.9869154269038474,0.6601218466611708,0.552431593322104,1.8120265517742238,0.045,0.03608087091757387,0.7266689974220728,0.8521514203752114,1770,5.928707273931922
notchParamRand,notchParamRand::lvl-30.txt,200,16,0.09,0.9084375,4,0.02,1,0.005,0.015,0.54,6,0.18,6,0.07498810342855722,0.9250118965714428,0.8697693594622954,0.8988061352530868,0.56862223796034,0.623356238717528,2.5119002104427524,0.07,0.046034214618973564,0.7266689974220728,0.8521514203752114,1770,5.662142697843883
notchParamRand,notchParamRand::lvl-31.txt,200,16,0.1028125,0.895,6,0.03,0,0.0,0.035,0.57,5,0.05,2,0.035806277103230255,0.9641937228967697,1.0037383443253296,1.0168115937451319,0.8023032064128256,0.702251215685852,2.4805781900432042,0.07,0.049144634525660966,0.7266689974220728,0.8521514203752114,1770,4.91401977430456
notchParamRand,notchParamRand::lvl-32.txt,200,16,0.090625,0.9084375,2,0.01,1,0.005,0.015,0.445,2,0.015,2,0.35358538813340024,0.6464146118665998,0.7490105957636705,0.9268651895475088,0.8754124454148472,0.5892038939009535,1.4122859304933262,0.05,0.03576982892690513,0.7266689974220728,0.8521514203752114,1770,15.41603122924152
notchParamRand,notchParamRand::lvl-33.txt,200,16,0.1259375,0.8728125,3,0.015,0,0.0,0.025,1.06,7,0.185,6,0.38785711951181256,0.6121428804881874,0.9048945324592929,1.1494516248962325,0.5642773079633544,0.7860838242230388,2.826469003993466,0.06,0.050388802488335924,0.7266689974220728,0.8521514203752114,1770,16.282004891330484
notchParamRand,notchParamRand::lvl-34.txt,200,16,0.0803125,0.9175,6,0.03,0,0.0,0.03,0.26,5,0.105,5,0.3039177756941671,0.6960822243058329,0.7193347142832045,0.8573553561229442,0.6520657980456026,0.573664589693243,2.143823466926196,0.065,0.04292379471228616,0.7266689974220728,0.8521514203752114,1770,13.311633260654306
notchParamRand,notchParamRand::lvl-35.txt,200,16,0.0875,0.911875,1,0.005,2,0.01,0.03,0.42,4,0.06,3,0.0001897662994700955,0.9998102337005299,0.8190764081005779,0.8147852825049621,0.7711182166826462,0.5915917131362646,1.8027514253037422,0.055,0.04136858475894246,0.7266689974220728,0.8521514203752114,1770,5.738830208907298
notchParamRand,notchParamRand::lvl-36.txt,200,16,0.09125,0.9053125,10,0.05,0,0.0,0.055,0.32,0,0.0,0,0.30061877399207704,0.699381226007923,0.7884619210183402,0.9380831519646858,0.9649554216867469,0.6429277910981206,2.025334259184896,0.06,0.041990668740279936,0.7266689974220728,0.8521514203752114,1770,13.25182336505502
notchParamRand,notchParamRand::lvl-37.txt,200,16,0.0959375,0.9021875,5,0.025,1,0.005,0.075,0.43,4,0.05,3,0.31625047291107933,0.6837495270889207,0.8458419198152709,1.0175196609342798,0.7761968599033816,0.6624473110708435,2.226898507927712,0.07,0.0447900466562986,0.7266689974220728,0.8521514203752114,1770,13.626061318554347
notchParamRand,notchParamRand::lvl-38.txt,200,16,0.0803125,0.9184375,3,0.015,0,0.0,0.0,0.405,6,0.18,6,0.0016975399804179947,0.998302460019582,1.0348238988638687,1.0293687097010478,0.5677785663591199,0.5523944524998363,2.075562296418103,0.05,0.03732503888024884,0.7266689974220728,0.8521514203752114,1770,5.732695563118796
notchParamRand,notchParamRand::lvl-39.txt,200,16,0.093125,0.904375,7,0.035,0,0.0,0.025,0.535,7,0.155,5,0.26055530491673107,0.7394446950832689,0.8929574789500606,1.0322688294779387,0.6015518407212621,0.6676227123182508,2.7156892286482583,0.08,0.05225505443234837,0.7266689974220728,0.8521514203752114,1770,11.296144008561917
notchParamRand,notchParamRand::lvl-4.txt,200,16,0.099375,0.9003125,0,0.0,1,0.005,0.04,0.64,6,0.15,5,0.07760522623684452,0.9223947737631555,0.9717136240414381,1.005796349952541,0.6179346153846155,0.6721099288706928,2.5714266091579696,0.06,0.04696734059097978,0.7266689974220728,0.8521514203752114,1770,5.582145909635148
notchParamRand,notchParamRand::lvl-40.txt,200,16,0.080625,0.9178125,4,0.02,1,0.005,0.035,0.405,7,0.21,6,0.04932339235936145,0.9506766076406385,0.9476842923941727,0.9657862859536762,0.5459282608695651,0.5774483415545999,2.4212379281171135,0.065,0.04354587869362364,0.7266689974220728,0.8521514203752114,1770,5.558834767426111
notchParamRand,notchParamRand::lvl-41.txt,200,16,0.07375,0.9225,11,0.055,0,0.0,0.0,0.1,1,0.005,1,0.2947297328772457,0.7052702671227543,0.5780883769107711,0.6848934688402339,0.9060022650056625,0.49502008392531477,1.0320979617894717,0.04,0.030171073094867808,0.7266689974220728,0.8521514203752114,1770,13.431918284310017
notchParamRand,notchParamRand::lvl-42.txt,200,16,0.11375,0.8853125,2,0.01,0,0.0,0.035,0.81,6,0.06,2,0.01174917629780492,0.9882508237021951,1.0957485278360988,1.0963642123823851,0.7959286282306163,0.7233415055779123,2.4261661310957563,0.055,0.04696734059097978,0.7266689974220728,0.8521514203752114,1770,4.88906651291497
notchParamRand,notchParamRand::lvl-43.txt,200,16,0.0778125,0.921875,0,0.0,1,0.005,0.06,0.09,2,0.025,4,0.2793987745353972,0.7206012254646028,0.6706455487094606,0.7859716784273724,0.7950292079207921,0.5187803555179741,1.5692470774431728,0.04,0.03576982892690513,0.7266689974220728,0.8521514203752114,1770,12.724922807261082
notchParamRand,notchParamRand::lvl-44.txt,200,16,0.1003125,0.8959375,11,0.055,1,0.005,0.05,0.46,2,0.03,3,0.10322888842985845,0.8967711115701416,1.0380884628116356,1.0905442920913722,0.7924834649555776,0.7068605547439019,2.3814677611818125,0.085,0.0510108864696734,0.7266689974220728,0.8521514203752114,1770,5.821659522367267
notchParamRand,notchParamRand::lvl-45.txt,200,16,0.08875,0.90875,7,0.035,0,0.0,0.025,0.4,3,0.09,6,0.17609323532758836,0.8239067646724116,0.9651672494431329,1.0574603713159918,0.64514141821112,0.620000155274234,2.2143518164026594,0.07,0.046034214618973564,0.7266689974220728,0.8521514203752114,1770,8.359366110346533
notchParamRand,notchParamRand::lvl-46.txt,200,16,0.0946875,0.9046875,1,0.005,0,0.0,0.065,0.44,2,0.05,5,0.05747318208786123,0.9425268179121388,1.0638968702014246,1.0900710287157573,0.7265946509519491,0.6326553126583696,1.933072063649224,0.045,0.0432348367029549,0.7266689974220728,0.8521514203752114,1770,5.5764824610714
notchParamRand,notchParamRand::lvl-47.txt,200,16,0.08625,0.9103125,10,0.05,0,0.0,0.025,0.4,7,0.095,3,0.007749291478510001,0.99225070852149,0.9683205095202223,0.9667087504132333,0.7022543859649122,0.6118434444131897,2.1860694942080303,0.085,0.042301710730948676,0.7266689974220728,0.8521514203752114,1770,5.1743626404429595
notchParamRand,notchParamRand::lvl-48.txt,200,16,0.0740625,0.92375,6,0.03,0,0.0,0.02,0.285,6,0.15,5,0.00586763310317151,0.9941323668968285,0.8639040773454906,0.8613379790691058,0.6073802731411229,0.5270197444084245,2.0226384830138073,0.07,0.039502332814930013,0.7266689974220728,0.8521514203752114,1770,5.761207941728006
notchParamRand,notchParamRand::lvl-49.txt,200,16,0.0878125,0.91,6,0.03,0,0.0,0.035,0.42,7,0.095,3,0.07723617232924329,0.9227638276707567,0.9015213706305201,0.9332929243659085,0.7099198581560283,0.6113135373230356,2.1891138034397053,0.06,0.041990668740279936,0.7266689974220728,0.8521514203752114,1770,5.868766710894316
notchParamRand,notchParamRand::lvl-5.txt,200,16,0.0825,0.9171875,0,0.0,0,0.0,0.025,0.205,3,0.03,2,0.08550932609049322,0.9144906739095068,0.8121412761267731,0.8448735080194475,0.851563829787234,0.5503797778553146,1.6363471256238395,0.04,0.03670295489891135,0.7266689974220728,0.8521514203752114,1770,6.780191071378793
notchParamRand,notchParamRand::lvl-50.txt,200,16,0.0975,0.9009375,4,0.02,2,0.01,0.04,0.63,7,0.14,4,0.09929527207874733,0.9007047279212527,0.9930221622467649,1.0402266050916542,0.6432776357827475,0.670419746323633,2.482723503415047,0.08,0.050077760497667184,0.7266689974220728,0.8521514203752114,1770,5.796131108573002
notchParamRand,notchParamRand::lvl-51.txt,200,16,0.09625,0.903125,1,0.005,1,0.005,0.065,0.36,1,0.015,3,0.09252627954462922,0.9074737204553708,1.0563610041314526,1.1032641970441515,0.8425043546694647,0.6467730077671512,1.9193612912146485,0.05,0.0463452566096423,0.7266689974220728,0.8521514203752114,1770,6.193809359389056
notchParamRand,notchParamRand::lvl-52.txt,200,16,0.0940625,0.904375,4,0.02,1,0.005,0.06,0.475,3,0.075,5,0.07283431582899658,0.9271656841710034,1.0546681740089858,1.0893736011814583,0.6914181583476764,0.641123649005726,2.190213965730973,0.07,0.04510108864696734,0.7266689974220728,0.8521514203752114,1770,5.493526818854942
notchParamRand,notchParamRand::lvl-53.txt,200,16,0.0846875,0.91375,4,0.02,0,0.0,0.01,0.42,6,0.105,4,0.08929858233277732,0.9107014176672227,0.8962934546875858,0.9339472255863248,0.677018950930626,0.5756721191795457,1.9026214511190316,0.06,0.038569206842923795,0.7266689974220728,0.8521514203752114,1770,6.2952997794841465
notchParamRand,notchParamRand::lvl-54.txt,200,16,0.105625,0.891875,7,0.035,0,0.0,0.025,0.825,7,0.175,5,0.035085870328782964,0.964914129671217,1.2127428060618015,1.2270893989523015,0.5840156819839533,0.7036426282005571,2.5854310694574014,0.085,0.05443234836702955,0.7266689974220728,0.8521514203752114,1770,4.330861606692256
notchParamRand,notchParamRand::lvl-55.txt,200,16,0.094375,0.901875,11,0.055,2,0.01,0.03,0.55,6,0.18,6,0.10000491437769732,0.8999950856223027,1.0697208489519014,1.1206912331129413,0.5623693649685974,0.6796750430773562,2.7511262963592302,0.095,0.05287713841368585,0.7266689974220728,0.8521514203752114,1770,5.56211945027441
notchParamRand,notchParamRand::lvl-56.txt,200,16,0.0921875,0.9071875,1,0.005,0,0.0,0.0,0.515,2,0.06,6,0.18801679602512666,0.8119832039748733,0.8447466389675045,0.9324606145280313,0.6878761822871883,0.610532574035698,1.8080629697898574,0.05,0.04292379471228616,0.7266689974220728,0.8521514203752114,1770,9.019555092948307
notchParamRand,notchParamRand::lvl-57.txt,200,16,0.0853125,0.9140625,1,0.005,0,0.0,0.025,0.345,4,0.1,5,0.01587740529852788,0.9841225947014721,0.8573512219528523,0.8594248722902491,0.6655041562759767,0.5895855723934198,2.1356955814766705,0.045,0.0401244167962675,0.7266689974220728,0.8521514203752114,1770,5.6849470926552135
notchParamRand,notchParamRand::lvl-58.txt,200,16,0.084375,0.913125,7,0.035,0,0.0,0.035,0.37,7,0.095,3,0.14003167161228836,0.8599683283877116,0.904376907943427,0.9698296652934265,0.7080386383731211,0.5939644806514331,2.0149837335571656,0.07,0.04354587869362364,0.7266689974220728,0.8521514203752114,1770,7.372645238889259
notchParamRand,notchParamRand::lvl-59.txt,200,16,0.098125,0.90125,1,0.005,1,0.005,0.05,0.49,4,0.05,3,0.24494437689277426,0.7550556231072257,0.9218213756610946,1.0552598766191272,0.7847636852394917,0.6582088481619012,2.2283268813546675,0.055,0.042612752721617415,0.7266689974220728,0.8521514203752114,1770,10.954400353397851
notchParamRand,notchParamRand::lvl-6.txt,200,16,0.085,0.9128125,6,0.03,1,0.005,0.03,0.295,3,0.045,3,0.02023699455636907,0.9797630054436309,0.8502515570517273,0.8544784925015012,0.7805601167315174,0.5988371447225657,2.000274164386667,0.07,0.04043545878693624,0.7266689974220728,0.8521514203752114,1770,5.528260355115248
notchParamRand,notchParamRand::lvl-60.txt,200,16,0.1009375,0.8978125,3,0.015,1,0.005,0.07,0.525,4,0.065,4,0.18959580035545642,0.8104041996445436,1.0545397105025989,1.1651374401194714,0.7310844858962693,0.6835738935478645,2.1957242995090014,0.055,0.0447900466562986,0.7266689974220728,0.8521514203752114,1770,8.758368413398369
notchParamRand,notchParamRand::lvl-61.txt,200,16,0.0809375,0.918125,2,0.01,0,0.0,0.045,0.2,8,0.075,2,0.004616835900360772,0.9953831640996392,0.8374956296208697,0.8348858195160139,0.7731007722007722,0.5649531464749469,2.061271205346783,0.05,0.0401244167962675,0.7266689974220728,0.8521514203752114,1770,5.89186524459793
notchParamRand,notchParamRand::lvl-62.txt,200,16,0.1040625,0.8921875,11,0.055,0,0.0,0.035,0.63,7,0.065,2,0.08091382060967356,0.9190861793903264,1.0564220391952712,1.0960349325738548,0.7677182166826463,0.7240311944816525,2.2556003588858813,0.09,0.04852255054432349,0.7266689974220728,0.8521514203752114,1770,5.207645936162138
notchParamRand,notchParamRand::lvl-63.txt,200,16,0.1,0.899375,1,0.005,0,0.0,0.03,0.58,6,0.15,5,0.109461032317132,0.890538967682868,0.9845002086161312,1.0370973600660913,0.6145677666922488,0.6775435514799365,2.533063007455523,0.05,0.046034214618973564,0.7266689974220728,0.8521514203752114,1770,6.312206756497564
notchParamRand,notchParamRand::lvl-64.txt,200,16,0.090625,0.9071875,6,0.03,1,0.005,0.02,0.39,2,0.03,3,0.046125472724571126,0.9538745272754289,0.888807380926608,0.9053401402103154,0.8037532064128255,0.6253942418598653,1.9631617826867798,0.065,0.042612752721617415,0.7266689974220728,0.8521514203752114,1770,5.501408473680268
notchParamRand,notchParamRand::lvl-65.txt,200,16,0.0946875,0.9040625,3,0.015,1,0.005,0.01,0.66,6,0.18,6,0.23883277681905513,0.7611672231809449,0.964588043725963,1.098847484490062,0.56972856635912,0.639746388178938,2.335873235328343,0.06,0.042301710730948676,0.7266689974220728,0.8521514203752114,1770,10.62891177510271
notchParamRand,notchParamRand::lvl-66.txt,200,16,0.09,0.9084375,4,0.02,0,0.0,0.025,0.385,2,0.025,4,0.314550604273514,0.685449395726486,0.8880874764444383,1.0671596493923747,0.7832788649706457,0.6164079360318667,1.771960044849801,0.07,0.038258164852255055,0.7266689974220728,0.8521514203752114,1770,13.70044274834172
notchParamRand,notchParamRand::lvl-67.txt,200,16,0.09375,0.905,3,0.015,0,0.0,0.035,0.41,2,0.03,3,0.32742299962730304,0.672577000372697,0.8091135435201837,0.9814952771473734,0.8095978766430738,0.6358276200548613,2.043484867918423,0.06,0.04354587869362364,0.7266689974220728,0.8521514203752114,1770,14.19156957853688
notchParamRand,notchParamRand::lvl-68.txt,200,16,0.0946875,0.9034375,5,0.025,0,0.0,0.035,0.6,6,0.15,5,0.028276324616820503,0.9717236753831795,0.9145733962047667,0.9223109234126888,0.6090650190114069,0.645256290074582,2.4962486269358286,0.065,0.047900466562986,0.7266689974220728,0.8521514203752114,1770,5.027605075716044
notchParamRand,notchParamRand::lvl-69.txt,200,16,0.0878125,0.9115625,1,0.005,1,0.005,0.045,0.285,1,0.02,4,0.24373035607826832,0.7562696439217317,0.7693922117153277,0.8802018576936657,0.8002571784646061,0.5991668875358547,1.8177673515748267,0.045,0.038569206842923795,0.7266689974220728,0.8521514203752114,1770,11.174386003388447
notchParamRand,notchParamRand::lvl-7.txt,200,16,0.084375,0.915,1,0.005,1,0.005,0.045,0.205,1,0.02,4,0.08580178584853582,0.9141982141514642,0.8913145966722861,0.9274353893934473,0.8002571784646061,0.5694746800258725,1.72166418555463,0.05,0.039191290824261274,0.7266689974220728,0.8521514203752114,1770,6.486636990668221
notchParamRand,notchParamRand::lvl-70.txt,200,16,0.1075,0.8921875,0,0.0,0,0.0,0.04,0.685,5,0.075,3,0.030356019234726972,0.969643980765273,1.1132898875673634,1.1244542544467142,0.7484635514018693,0.7113221322393501,2.4790247237789025,0.055,0.050077760497667184,0.7266689974220728,0.8521514203752114,1770,4.900452407018045
notchParamRand,notchParamRand::lvl-71.txt,200,16,0.098125,0.899375,7,0.035,0,0.0,0.03,0.52,4,0.04,2,0.0265569534075617,0.9734430465924383,1.056631848208629,1.0653556396287998,0.8160943934760448,0.6716215957111298,2.111564855037788,0.07,0.047900466562986,0.7266689974220728,0.8521514203752114,1770,4.99330279632339
notchParamRand,notchParamRand::lvl-72.txt,200,16,0.0846875,0.91375,4,0.02,1,0.005,0.07,0.215,1,0.01,2,0.028457700925038854,0.9715422990749611,0.8431531303794085,0.8510812846768703,0.8803429824561403,0.5801173880024191,1.718265544901696,0.065,0.0432348367029549,0.7266689974220728,0.8521514203752114,1770,5.799643980085148
notchParamRand,notchParamRand::lvl-73.txt,200,16,0.095625,0.900625,11,0.055,4,0.02,0.045,0.41,2,0.04,4,0.2459800949188946,0.7540199050811054,0.8380610907619573,0.9600867112170418,0.7534731593662628,0.6934156502732249,2.594498594043083,0.09,0.05225505443234837,0.7266689974220728,0.8521514203752114,1770,10.686079401335686
notchParamRand,notchParamRand::lvl-74.txt,200,16,0.0809375,0.9178125,3,0.015,0,0.0,0.025,0.195,0,0.0,0,0.17560004868385182,0.8243999513161482,0.784451783109766,0.8596365511075015,0.9893751545117428,0.5380463715132713,1.2431014191076573,0.045,0.034836702954898914,0.7266689974220728,0.8521514203752114,1770,9.25913051392409
notchParamRand,notchParamRand::lvl-75.txt,200,16,0.079375,0.9196875,2,0.01,0,0.0,0.045,0.105,0,0.0,0,0.16523128956482747,0.8347687104351725,0.7321788963356667,0.7973550024926161,0.9934558312655086,0.5269137961927804,1.4136818949698378,0.045,0.03390357698289269,0.7266689974220728,0.8521514203752114,1770,9.043915509148485
notchParamRand,notchParamRand::lvl-76.txt,200,16,0.0865625,0.9096875,11,0.055,0,0.0,0.035,0.43,6,0.12,4,0.22011245030223447,0.7798875496977655,0.8349683847414221,0.9400962672702925,0.64952400648824,0.632646546446878,2.5016291823851207,0.1,0.0510108864696734,0.7266689974220728,0.8521514203752114,1770,9.814744431640202
notchParamRand,notchParamRand::lvl-77.txt,200,16,0.07,0.926875,9,0.045,0,0.0,0.015,0.205,5,0.15,6,0.07435331271857715,0.9256466872814229,0.7370441221585997,0.7615545928716309,0.5855231163130943,0.5198294105382373,2.0638872186462294,0.08,0.0447900466562986,0.7266689974220728,0.8521514203752114,1770,6.1370336642711845
notchParamRand,notchParamRand::lvl-78.txt,200,16,0.0840625,0.9153125,1,0.005,0,0.0,0.025,0.335,4,0.1,5,0.11097696358435849,0.8890230364156415,0.8258332381330808,0.8709828420302612,0.6655041562759767,0.5779036018938001,2.0412250919954342,0.045,0.042301710730948676,0.7266689974220728,0.8521514203752114,1770,6.875671963694363
notchParamRand,notchParamRand::lvl-79.txt,200,16,0.1028125,0.89375,10,0.05,0,0.0,0.065,0.485,4,0.035,2,0.2975226110908531,0.7024773889091469,0.9042530302224367,1.0732770106415146,0.8176265306122448,0.7233779160386474,2.5630880352212806,0.085,0.05069984447900466,0.7266689974220728,0.8521514203752114,1770,12.7287762554107
notchParamRand,notchParamRand::lvl-8.txt,200,16,0.0815625,0.916875,4,0.02,0,0.0,0.01,0.325,2,0.05,5,0.10937979267050157,0.8906202073294984,0.7533316545318355,0.7940394290955888,0.7196244604316546,0.5616300518038763,1.6025929662750835,0.065,0.03670295489891135,0.7266689974220728,0.8521514203752114,1770,6.947865818318839
notchParamRand,notchParamRand::lvl-80.txt,200,16,0.0765625,0.9209375,7,0.035,0,0.0,0.045,0.1,2,0.03,5,0.26863313237143127,0.7313668676285687,0.7019138326166544,0.8165182752027268,0.7409555041628122,0.5245487959265338,1.5898766575391097,0.06,0.037947122861586316,0.7266689974220728,0.8521514203752114,1770,12.15077097024093
notchParamRand,notchParamRand::lvl-81.txt,200,16,0.090625,0.9078125,4,0.02,1,0.005,0.055,0.345,2,0.03,3,0.00859029479333795,0.991409705206662,0.972119964119266,0.971276829738693,0.8093016129032259,0.6228504754918553,1.9805197910590653,0.07,0.0463452566096423,0.7266689974220728,0.8521514203752114,1770,5.342464209269935
notchParamRand,notchParamRand::lvl-82.txt,200,16,0.0940625,0.90375,6,0.03,0,0.0,0.01,0.535,6,0.09,3,0.003831851555873622,0.9961681484441264,1.110193687257346,1.1061982991179204,0.7157635062611807,0.6382523770391711,2.1023064160200167,0.065,0.04292379471228616,0.7266689974220728,0.8521514203752114,1770,5.104336401698043
notchParamRand,notchParamRand::lvl-83.txt,200,16,0.10375,0.89375,7,0.035,1,0.005,0.025,0.64,7,0.14,4,0.008560243115816935,0.9914397568841831,1.157350802845247,1.155558906865567,0.6366671292624901,0.7145729994512703,2.768269965582085,0.07,0.0510108864696734,0.7266689974220728,0.8521514203752114,1770,4.45260385953474
notchParamRand,notchParamRand::lvl-84.txt,200,16,0.10125,0.8965625,6,0.03,0,0.0,0.025,0.57,5,0.045,2,0.07377356451597372,0.9262264354840263,1.0732366066299646,1.1093053560006014,0.8102165991902834,0.6833664141475305,2.227780354909376,0.075,0.04447900466562986,0.7266689974220728,0.8521514203752114,1770,5.454772807027515
notchParamRand,notchParamRand::lvl-85.txt,200,16,0.0725,0.9271875,0,0.0,0,0.0,0.055,0.05,1,0.005,1,0.21605648598046434,0.7839435140195357,0.5858233570174578,0.6583106368758392,0.9422764705882353,0.45775323160363,0.9759395789623063,0.03,0.026438569206842923,0.7266689974220728,0.8521514203752114,1770,10.952313676617331
notchParamRand,notchParamRand::lvl-86.txt,200,16,0.111875,0.884375,11,0.055,0,0.0,0.03,0.74,7,0.07,2,0.056322450266251156,0.9436775497337488,1.1035710397418474,1.1299023784823132,0.7603340930674264,0.7784674291175161,2.889717448163947,0.115,0.060031104199066876,0.7266689974220728,0.8521514203752114,1770,4.2657190473845725
notchParamRand,notchParamRand::lvl-87.txt,200,16,0.1021875,0.8965625,3,0.015,0,0.0,0.015,0.74,7,0.175,5,0.159455299302933,0.840544700697067,1.0212892573627017,1.1071849826738918,0.5889681383370124,0.6722224423272565,2.5826975064199456,0.055,0.04385692068429238,0.7266689974220728,0.8521514203752114,1770,7.723600380218261
notchParamRand,notchParamRand::lvl-88.txt,200,16,0.098125,0.899375,7,0.035,1,0.005,0.065,0.385,2,0.03,3,0.05192735176074792,0.9480726482392521,1.0564987410610138,1.0794385514486182,0.8022507992007992,0.6866343254856364,2.349497692858734,0.075,0.04696734059097978,0.7266689974220728,0.8521514203752114,1770,5.080157937089399
notchParamRand,notchParamRand::lvl-89.txt,200,16,0.089375,0.90875,5,0.025,1,0.005,0.07,0.335,1,0.03,6,0.2375036796744432,0.7624963203255568,0.8370752524185273,0.9536639716234773,0.7206387892376681,0.625767780514741,2.02945148608276,0.08,0.04541213063763608,0.7266689974220728,0.8521514203752114,1770,10.63372623983949
notchParamRand,notchParamRand::lvl-9.txt,200,16,0.106875,0.8925,1,0.005,0,0.0,0.04,0.635,3,0.06,4,0.21476281314648593,0.7852371868535141,1.0164730502097465,1.1409667459820418,0.7394888273314866,0.7151068302736829,2.4569320065340845,0.06,0.04758942457231726,0.7266689974220728,0.8521514203752114,1770,9.626547094950073
notchParamRand,notchParamRand::lvl-90.txt,200,16,0.0728125,0.9246875,7,0.035,0,0.0,0.01,0.21,3,0.065,6,0.043024313684380644,0.9569756863156194,0.6296031318417047,0.6401496150436542,0.6719044500419815,0.49896976488103517,1.3877435406565697,0.055,0.03359253499222395,0.7266689974220728,0.8521514203752114,1770,6.26265153150167
notchParamRand,notchParamRand::lvl-91.txt,200,16,0.0825,0.915625,5,0.025,0,0.0,0.055,0.145,0,0.0,0,0.2619596214216938,0.7380403785783062,0.7223766987831196,0.8366450860430604,0.9826950920245399,0.5650180760815373,1.6622968764384038,0.05,0.039502332814930013,0.7266689974220728,0.8521514203752114,1770,12.05518694587557
notchParamRand,notchParamRand::lvl-92.txt,200,16,0.09125,0.9059375,8,0.04,0,0.0,0.04,0.44,7,0.105,3,0.004890470083986909,0.9951095299160131,0.9707276438124356,0.9676584031472503,0.6940409012131716,0.6571293892423707,2.5598824931477195,0.09,0.0510108864696734,0.7266689974220728,0.8521514203752114,1770,4.8536756160093235
notchParamRand,notchParamRand::lvl-93.txt,200,16,0.0990625,0.8990625,5,0.025,0,0.0,0.065,0.43,3,0.035,3,0.3730818096775874,0.6269181903224126,0.8536611371265929,1.0725513753618887,0.7973199004975123,0.682955332485943,2.306307966236221,0.07,0.045723172628304824,0.7266689974220728,0.8521514203752114,1770,15.88640634430647
notchParamRand,notchParamRand::lvl-94.txt,200,16,0.093125,0.9028125,12,0.06,1,0.005,0.035,0.585,7,0.175,5,0.14518035927801554,0.8548196407219845,1.0046173910025333,1.0799789135104358,0.5796505772005772,0.6606533445362265,2.632894822693334,0.085,0.04758942457231726,0.7266689974220728,0.8521514203752114,1770,7.074183755127047
notchParamRand,notchParamRand::lvl-95.txt,200,16,0.094375,0.9053125,0,0.0,0,0.0,0.005,0.595,6,0.09,3,0.01903685243340092,0.9809631475665991,0.8814166236559899,0.8850248182245086,0.7273727272727273,0.603497376312033,1.6701868857191693,0.03,0.038569206842923795,0.7266689974220728,0.8521514203752114,1770,5.712679922294806
notchParamRand,notchParamRand::lvl-96.txt,200,16,0.111875,0.886875,3,0.015,1,0.005,0.055,0.69,2,0.04,4,0.14844260667629505,0.851557393323705,1.1633721222213227,1.2541164857070584,0.7654810772163966,0.7551004294023084,2.439571724658798,0.085,0.05256609642301711,0.7266689974220728,0.8521514203752114,1770,7.025952797115684
notchParamRand,notchParamRand::lvl-97.txt,200,16,0.0909375,0.9053125,11,0.055,0,0.0,0.035,0.525,7,0.14,4,0.00018381381253240736,0.9998161861874676,1.0903853002212534,1.0841269575749037,0.6291367635506677,0.6426988196783487,2.47354159210271,0.085,0.046034214618973564,0.7266689974220728,0.8521514203752114,1770,4.863146464558664
notchParamRand,notchParamRand::lvl-98.txt,200,16,0.0821875,0.9146875,9,0.045,0,0.0,0.01,0.275,2,0.025,4,0.36544433344726424,0.6345556665527358,0.6960444050559229,0.8692874953126288,0.7716561234329796,0.566323073131342,1.6219894048728283,0.06,0.03639191290824261,0.7266689974220728,0.8521514203752114,1770,15.82577139458255
notchParamRand,notchParamRand::lvl-99.txt,200,16,0.095625,0.9028125,4,0.02,0,0.0,0.03,0.455,3,0.03,2,0.0935531357573618,0.9064468642426382,1.0047182822392708,1.0498394271645575,0.8409361344537816,0.6452066772906541,1.9938246441238732,0.06,0.0447900466562986,0.7266689974220728,0.8521514203752114,1770,6.1672301175427195
ore,ore::lvl-1.txt,200,16,0.38125,0.6134375,13,0.065,7,0.035,0.23,4.73,11,0.15,3,0.0393955581355947,0.9606044418644053,2.22203099794939,2.2539943420890687,0.6522749404289119,1.5008526823300286,5.002087593363592,0.335,0.11228615863141524,0.8510858936455925,0.8943959422883506,1770,6.280237106331435
ore,ore::lvl-10.txt,200,16,0.428125,0.5678125,12,0.06,5,0.025,0.155,5.4,12,0.15,3,0.07915980035811365,0.9208401996418863,2.7549635423072427,2.8543900588403015,0.6487926751592357,1.5490606370750315,5.327337146030122,0.375,0.12286158631415241,0.8510858936455925,0.8943959422883506,1770,8.083990303452575
ore,ore::lvl-100.txt,200,16,0.3271875,0.6696875,9,0.045,2,0.01,0.08,4.015,11,0.145,3,0.05989760734229821,0.9401023926577018,2.454216663684762,2.5165196459271018,0.6518259498787389,1.3994349229326586,4.738038654077796,0.315,0.10637636080870917,0.8510858936455925,0.8943959422883506,1770,5.237732214886694
ore,ore::lvl-11.txt,200,16,0.3121875,0.680625,14,0.07,14,0.07,0.31,3.41,13,0.165,3,0.04750922606701058,0.9524907739329894,2.3236993484291473,2.3670628237488383,0.6498950464396285,1.503930850999005,5.670211792281371,0.45,0.1297045101088647,0.8510858936455925,0.8943959422883506,1770,5.742714232060778
ore,ore::lvl-12.txt,200,16,0.415625,0.5803125,9,0.045,5,0.025,0.085,5.445,9,0.145,8,0.0950509604105616,0.9049490395894384,2.618936087008723,2.7372651329681723,0.567165379262352,1.504016852201918,4.504411513970167,0.27,0.09486780715396578,0.8510858936455925,0.8943959422883506,1770,7.573085951491811
ore,ore::lvl-13.txt,200,16,0.235625,0.760625,11,0.055,7,0.035,0.33,2.11,13,0.17,3,0.26321266671220556,0.7367873332877944,2.424223938099273,2.80777237717232,0.6375661639597835,1.3732297676403964,5.456185143153373,0.455,0.12783825816485225,0.8510858936455925,0.8943959422883506,1770,11.346460438543858
ore,ore::lvl-14.txt,200,16,0.3565625,0.639375,12,0.06,6,0.03,0.29,4.105,12,0.16,5,0.22288216087619328,0.7771178391238067,2.2035189413558194,2.4851256528610786,0.6062705014749262,1.512729300761913,5.720667320094137,0.44,0.13032659409020217,0.8510858936455925,0.8943959422883506,1770,10.804850506269487
ore,ore::lvl-15.txt,200,16,0.358125,0.6378125,12,0.06,5,0.025,0.215,4.165,13,0.175,3,0.042445244244528224,0.9575547557554718,2.802904163149758,2.8476504409903387,0.6256074272588055,1.5206273244068065,5.542758507721796,0.415,0.12472783825816486,0.8510858936455925,0.8943959422883506,1770,6.473426817950342
ore,ore::lvl-16.txt,200,16,0.37375,0.6225,11,0.055,4,0.02,0.27,4.385,12,0.14,3,0.05194838812304026,0.9480516118769597,2.5637977063777075,2.6180129557996255,0.66122400648824,1.533244924426128,5.630969074203721,0.44,0.12752721617418353,0.8510858936455925,0.8943959422883506,1770,6.975625331549717
ore,ore::lvl-17.txt,200,16,0.359375,0.6359375,11,0.055,4,0.02,0.1,4.45,11,0.15,3,0.0021083078258520294,0.997891692174148,2.643366062068592,2.6309052382852127,0.6474676775738227,1.4528064102348222,5.169966791558311,0.36,0.11912908242612753,0.8510858936455925,0.8943959422883506,1770,6.0054973100256435
ore,ore::lvl-18.txt,200,16,0.27,0.7259375,12,0.06,0,0.0,0.04,3.255,10,0.135,3,0.06341993971307769,0.9365800602869223,1.6340902208872086,1.6788334142055492,0.6533285481239804,1.2703860608249202,4.438615050093105,0.25,0.08833592534992224,0.8510858936455925,0.8943959422883506,1770,3.8523629904562506
ore,ore::lvl-19.txt,200,16,0.260625,0.734375,15,0.075,2,0.01,0.145,2.99,11,0.15,6,0.029424272370957127,0.9705757276290429,2.191251878018492,2.2114728677734123,0.5840173285198555,1.2649590678804683,4.5707335077099165,0.285,0.09984447900466563,0.8510858936455925,0.8943959422883506,1770,3.163014586846187
ore,ore::lvl-2.txt,200,16,0.4528125,0.5434375,11,0.055,3,0.015,0.135,5.68,12,0.165,3,0.0053962462489562935,0.9946037537510437,2.527732654478961,2.5196271075787533,0.6314885814497272,1.6497658180228407,5.446272821249234,0.4,0.12317262830482115,0.8510858936455925,0.8943959422883506,1770,8.486700034346153
ore,ore::lvl-20.txt,200,16,0.4,0.595625,13,0.065,3,0.015,0.29,4.86,11,0.155,3,0.09640063841060542,0.9035993615893946,2.3695960902987094,2.4781732456268646,0.6414676516942474,1.5472895736874457,5.1713855192753755,0.37,0.13250388802488336,0.8510858936455925,0.8943959422883506,1770,7.9090463631614965
ore,ore::lvl-21.txt,200,16,0.285,0.7090625,15,0.075,6,0.03,0.31,2.755,13,0.18,5,0.16626586962903267,0.8337341303709673,2.430021336486457,2.645706070239522,0.5860950177935943,1.52357904546017,5.815090027084714,0.475,0.14525660964230172,0.8510858936455925,0.8943959422883506,1770,8.651175825896043
ore,ore::lvl-22.txt,200,16,0.3815625,0.614375,12,0.06,0,0.0,0.045,4.925,10,0.14,3,0.19684025223962465,0.8031597477603754,2.2295215610861403,2.473266679216466,0.6481491909385114,1.4678844137825913,4.705298543714129,0.29,0.10015552099533437,0.8510858936455925,0.8943959422883506,1770,9.716752672671682
ore,ore::lvl-23.txt,200,16,0.2871875,0.70875,12,0.06,1,0.005,0.065,3.545,11,0.14,3,0.37427966448958516,0.6257203355104148,2.24829665890392,2.8258758611002452,0.6502991909385114,1.3077887202360259,4.477211314487807,0.24,0.0942457231726283,0.8510858936455925,0.8943959422883506,1770,15.606964028143006
ore,ore::lvl-24.txt,200,16,0.3209375,0.675,12,0.06,6,0.03,0.16,3.7,10,0.14,3,0.034111851551000605,0.9658881484489994,2.2403468917699993,2.2663493412158573,0.6609491909385115,1.441981705784691,5.193523585408017,0.365,0.10668740279937791,0.8510858936455925,0.8943959422883506,1770,4.966001577810887
ore,ore::lvl-25.txt,200,16,0.3928125,0.6034375,11,0.055,3,0.015,0.295,4.485,11,0.165,5,0.11003696789841,0.88996303210159,2.4233984666612254,2.553694995783147,0.598090572267058,1.5894380925863323,5.705203650314199,0.445,0.14245723172628305,0.8510858936455925,0.8943959422883506,1770,8.539721812965785
ore,ore::lvl-26.txt,200,16,0.285625,0.7103125,12,0.06,8,0.04,0.32,2.895,11,0.14,3,0.08123246049721,0.91876753950279,2.275432234985702,2.3602102063711796,0.6676491909385114,1.4438352161907597,5.506709045659151,0.425,0.12939346811819596,0.8510858936455925,0.8943959422883506,1770,5.676571810755875
ore,ore::lvl-27.txt,200,16,0.41125,0.5846875,12,0.06,4,0.02,0.17,5.27,11,0.16,4,0.0007756447778827225,0.9992243552221173,2.488348343939294,2.474883015833856,0.61830273556231,1.5088291069477795,4.91644160463962,0.31,0.11010886469673406,0.8510858936455925,0.8943959422883506,1770,6.9270679673953275
ore,ore::lvl-28.txt,200,16,0.33,0.6671875,8,0.04,4,0.02,0.255,3.865,11,0.135,4,0.005119907762540343,0.9948800922374597,2.7877926903811034,2.779121255756177,0.6500585326953747,1.4150298706773812,5.068965378437665,0.34,0.11104199066874028,0.8510858936455925,0.8943959422883506,1770,5.255570741376989
ore,ore::lvl-29.txt,200,16,0.386875,0.60875,13,0.065,4,0.02,0.18,4.995,12,0.145,3,0.004164926637396427,0.9958350733626036,2.4809347046132006,2.471704958819892,0.6511124099279424,1.4666161888913136,4.578668660467946,0.26,0.104199066874028,0.8510858936455925,0.8943959422883506,1770,6.176156171770922
ore,ore::lvl-3.txt,200,16,0.2421875,0.7540625,11,0.055,1,0.005,0.16,2.625,11,0.145,3,0.049683025007426496,0.9503169749925735,2.0558428962238064,2.096672909218044,0.6485541834271923,1.2659940092226338,4.299585281678806,0.275,0.10948678071539658,0.8510858936455925,0.8943959422883506,1770,3.377143111364722
ore,ore::lvl-30.txt,200,16,0.178125,0.8175,10,0.05,6,0.03,0.065,1.81,11,0.145,3,0.00830676630977234,0.9916932336902277,1.62692305264205,1.6242517431572978,0.6569612903225807,1.0698116719345971,3.8420319819017763,0.21,0.08553654743390357,0.8510858936455925,0.8943959422883506,1770,1.8087760315848858
ore,ore::lvl-31.txt,200,16,0.239375,0.755625,15,0.075,2,0.01,0.225,2.385,12,0.17,5,0.025516106566427443,0.9744838934335726,2.4964486944911517,2.5141752666626305,0.5856173285198556,1.309355747653923,5.453917111455483,0.43,0.12503888024883358,0.8510858936455925,0.8943959422883506,1770,4.238057137208605
ore,ore::lvl-32.txt,200,16,0.36,0.63375,11,0.055,9,0.045,0.095,4.42,11,0.14,3,0.07877205881471572,0.9212279411852843,2.286189719106195,2.368199667625566,0.66647400648824,1.4750416638216768,4.759586315926334,0.295,0.11228615863141524,0.8510858936455925,0.8943959422883506,1770,6.179441031213847
ore,ore::lvl-33.txt,200,16,0.3759375,0.6203125,11,0.055,7,0.035,0.415,4.055,11,0.19,9,0.1566738334166854,0.8433261665833146,2.559464852948374,2.7710284300085126,0.5291323267641449,1.6340600095116258,5.903719978152641,0.53,0.14743390357698288,0.8510858936455925,0.8943959422883506,1770,9.842397081026991
ore,ore::lvl-34.txt,200,16,0.3846875,0.6096875,17,0.085,7,0.035,0.255,4.76,10,0.15,4,0.12033979823914631,0.8796602017608537,2.1411988262180843,2.2696545554276537,0.6275712051868803,1.5326759431157586,5.452916233461284,0.4,0.11446345256609643,0.8510858936455925,0.8943959422883506,1770,7.845766836091323
ore,ore::lvl-35.txt,200,16,0.308125,0.6875,13,0.065,5,0.025,0.31,3.445,11,0.155,3,0.16387760395734452,0.8361223960426555,2.302780998861741,2.503674962532024,0.6453676516942474,1.4079842038236101,5.196131306945318,0.37,0.12690513219284602,0.8510858936455925,0.8943959422883506,1770,7.947774335795234
ore,ore::lvl-36.txt,200,16,0.331875,0.6640625,12,0.06,5,0.025,0.29,3.885,11,0.165,6,0.1118895079242509,0.8881104920757491,2.5050179932573,2.642990727771624,0.5835400426742531,1.4215996679609526,5.463547846265913,0.405,0.11912908242612753,0.8510858936455925,0.8943959422883506,1770,6.751768295803201
ore,ore::lvl-37.txt,200,16,0.405,0.5903125,9,0.045,8,0.04,0.19,5.085,11,0.125,3,0.022981516268261726,0.9770184837317383,2.074017030101658,2.0863795597639494,0.6861375104427736,1.5447085338081405,4.9805223905434115,0.325,0.11259720062208398,0.8510858936455925,0.8943959422883506,1770,6.856372416358639
ore,ore::lvl-38.txt,200,16,0.328125,0.6675,13,0.065,8,0.04,0.36,3.65,10,0.145,3,0.09548935900153832,0.9045106409984617,2.0257206664969214,2.1175464994642232,0.6617124099279423,1.5148470358376767,5.48845934537979,0.425,0.12068429237947123,0.8510858936455925,0.8943959422883506,1770,6.526329348388551
ore,ore::lvl-39.txt,200,16,0.35375,0.6415625,11,0.055,4,0.02,0.085,4.405,10,0.14,3,0.005515132716712112,0.9944848672832879,2.7361170885035064,2.727787862537662,0.65752400648824,1.4493812335581735,4.91400843284011,0.32,0.10917573872472784,0.8510858936455925,0.8943959422883506,1770,5.656381502446246
ore,ore::lvl-4.txt,200,16,0.3421875,0.653125,11,0.055,8,0.04,0.295,3.46,16,0.205,3,0.2909618218994745,0.7090381781005255,2.556039165281903,3.0176083588849725,0.606840572267058,1.6481818091712033,5.941336772927454,0.545,0.1552099533437014,0.8510858936455925,0.8943959422883506,1770,13.935102905244344
ore,ore::lvl-40.txt,200,16,0.3209375,0.675625,10,0.05,4,0.02,0.37,3.39,16,0.205,4,0.013475693752515339,0.9865243062474847,2.3147702596350124,2.316937059222381,0.5858285714285714,1.504468281098568,5.681663216375689,0.465,0.13810264385692067,0.8510858936455925,0.8943959422883506,1770,6.20017007875911
ore,ore::lvl-41.txt,200,16,0.4021875,0.59375,12,0.06,4,0.02,0.2,4.88,10,0.165,6,0.05221553363395315,0.9477844663660469,2.5196090730071488,2.57299301666722,0.5799900426742531,1.5654131690394253,5.515155565150343,0.42,0.12939346811819596,0.8510858936455925,0.8943959422883506,1770,7.51316753430688
ore,ore::lvl-42.txt,200,16,0.315625,0.68,10,0.05,9,0.045,0.32,3.665,10,0.135,3,0.0030067786767834503,0.9969932213232165,2.3014943570202666,2.291677025883695,0.6778877049180329,1.3977002271316739,5.066969417799704,0.365,0.11135303265940902,0.8510858936455925,0.8943959422883506,1770,4.817799844750956
ore,ore::lvl-43.txt,200,16,0.35625,0.6403125,10,0.05,6,0.03,0.23,4.395,10,0.13,3,0.00216827640486561,0.9978317235951344,2.0541706233871784,2.044616624909702,0.6762570247933883,1.4466766407424103,4.855194913285486,0.315,0.104199066874028,0.8510858936455925,0.8943959422883506,1770,5.551370528973644
ore,ore::lvl-44.txt,200,16,0.3853125,0.61,11,0.055,7,0.035,0.16,4.59,13,0.175,3,0.327331159259345,0.672668840740655,2.587559612565431,3.1365336106695754,0.6294177666922486,1.5497931658035704,5.818298794903257,0.475,0.14276827371695178,0.8510858936455925,0.8943959422883506,1770,15.173812931661317
ore,ore::lvl-45.txt,200,16,0.333125,0.663125,11,0.055,4,0.02,0.26,3.6,13,0.165,4,0.032965732263461,0.967034267736539,2.5627644943017986,2.5907950795754013,0.6168863189720333,1.5535359652474898,5.618977478106408,0.465,0.1368584758942457,0.8510858936455925,0.8943959422883506,1770,6.519553837732534
ore,ore::lvl-46.txt,200,16,0.3321875,0.663125,14,0.07,5,0.025,0.165,4.035,10,0.125,3,0.2081330398885568,0.7918669601114432,2.4088368688626822,2.6914437366876354,0.6721160066006601,1.3855551631906398,4.806408861641871,0.325,0.1104199066874028,0.8510858936455925,0.8943959422883506,1770,9.473551584312712
ore,ore::lvl-47.txt,200,16,0.3309375,0.6646875,10,0.05,10,0.05,0.435,3.39,12,0.165,3,0.0009090723399235445,0.9990909276600765,2.3830630849519796,2.3702451620407103,0.6512,1.5958178399222722,5.907114878578934,0.505,0.14090202177293934,0.8510858936455925,0.8943959422883506,1770,6.816592717662761
ore,ore::lvl-48.txt,200,16,0.37125,0.6240625,11,0.055,8,0.04,0.24,4.445,11,0.14,4,1.2257598573928163e-05,0.9999877424014261,2.485759321391753,2.471529312562799,0.6472367635506677,1.5073116349521467,5.334538763539681,0.405,0.128149300155521,0.8510858936455925,0.8943959422883506,1770,6.576773124153052
ore,ore::lvl-49.txt,200,16,0.271875,0.7246875,10,0.05,3,0.015,0.15,2.89,10,0.13,3,0.21867197329697108,0.7813280267030289,2.536378061312189,2.8529969920654827,0.6694070247933883,1.3953289000483056,5.250021594116551,0.385,0.1104199066874028,0.8510858936455925,0.8943959422883506,1770,9.557627115894322
ore,ore::lvl-5.txt,200,16,0.2771875,0.7178125,15,0.075,5,0.025,0.23,2.795,11,0.16,3,0.43221200333206056,0.5677879966679394,1.9260406893829147,2.5409875338259384,0.6359180933852139,1.4659983467911977,5.709761401178402,0.46,0.1290824261275272,0.8510858936455925,0.8943959422883506,1770,18.363488709962127
ore,ore::lvl-50.txt,200,16,0.305,0.6925,7,0.035,5,0.025,0.25,3.505,13,0.18,4,0.2597586387329698,0.7402413612670302,2.028372813559084,2.343723659838537,0.6103197240865026,1.4243061653343496,5.13857002825545,0.37,0.1150855365474339,0.8510858936455925,0.8943959422883506,1770,11.32505879793148
ore,ore::lvl-51.txt,200,16,0.364375,0.63,13,0.065,9,0.045,0.23,4.36,10,0.15,4,0.061406587260672385,0.9385934127393276,2.2549499592805344,2.313973574179507,0.6362083525789068,1.5078159707628787,5.259069684947075,0.37,0.1166407465007776,0.8510858936455925,0.8943959422883506,1770,6.2796868815255795
ore,ore::lvl-52.txt,200,16,0.285,0.709375,13,0.065,8,0.04,0.305,2.91,10,0.145,3,0.41421416640366937,0.5857858335963306,2.3185527549711895,3.0116728020358456,0.6606124099279423,1.442283314019996,5.547328266162693,0.425,0.13374805598755832,0.8510858936455925,0.8943959422883506,1770,17.653574915189964
ore,ore::lvl-53.txt,200,16,0.3434375,0.6521875,13,0.065,5,0.025,0.22,3.6,11,0.15,3,0.07652710015842612,0.9234728998415739,3.266005309385315,3.379160625157118,0.6485749404289118,1.6101015843720847,5.852053811502042,0.47,0.14743390357698288,0.8510858936455925,0.8943959422883506,1770,7.701034385289227
ore,ore::lvl-54.txt,200,16,0.3940625,0.60125,14,0.07,6,0.03,0.26,4.6,10,0.15,4,0.027207878399182928,0.9727921216008171,2.3506918172885625,2.369441062034999,0.6301393241167436,1.6221455716767788,5.877613800882758,0.49,0.13810264385692067,0.8510858936455925,0.8943959422883506,1770,7.7494936014150815
ore,ore::lvl-55.txt,200,16,0.308125,0.6884375,10,0.05,3,0.015,0.13,3.735,11,0.15,3,0.00915022826959866,0.9908497717304013,2.1481941333341665,2.145579559052673,0.64785,1.3343323360875559,4.93514833775272,0.33,0.10606531881804043,0.8510858936455925,0.8943959422883506,1770,4.411834977901286
ore,ore::lvl-56.txt,200,16,0.3340625,0.659375,13,0.065,12,0.06,0.22,3.955,11,0.135,3,0.014821890941727145,0.9851781090582729,2.3018437704223786,2.3058045654125916,0.6763357200976403,1.4504605092010336,5.228748073072815,0.37,0.12379471228615863,0.8510858936455925,0.8943959422883506,1770,5.413821466100286
ore,ore::lvl-57.txt,200,16,0.3353125,0.6596875,12,0.06,10,0.05,0.36,3.47,13,0.17,3,0.17244302576198478,0.8275569742380152,2.3028401632782143,2.516748667717992,0.641983950617284,1.6224531638541677,5.904543963334545,0.535,0.15178849144634526,0.8510858936455925,0.8943959422883506,1770,9.795180202951766
ore,ore::lvl-58.txt,200,16,0.380625,0.6159375,10,0.05,6,0.03,0.26,4.76,14,0.19,5,0.156761221932727,0.843238778067273,2.1589508564425555,2.3372909028202167,0.5830758865248228,1.4985765979198835,4.943301538352979,0.335,0.10606531881804043,0.8510858936455925,0.8943959422883506,1770,8.498265669862521
ore,ore::lvl-59.txt,200,16,0.3740625,0.621875,8,0.04,10,0.05,0.26,4.205,14,0.185,3,0.013135685181516088,0.9868643148184839,2.910909288738019,2.912930544977273,0.63152800608828,1.6167036991269244,5.811354122566351,0.5,0.1443234836702955,0.8510858936455925,0.8943959422883506,1770,7.665250377703446
ore,ore::lvl-6.txt,200,16,0.2040625,0.7925,10,0.05,5,0.025,0.275,1.765,10,0.145,3,0.2714948077403868,0.7285051922596132,2.240220648989186,2.6093642470785587,0.6594112903225806,1.2497527509280113,5.137610533101554,0.385,0.11632970451010886,0.8510858936455925,0.8943959422883506,1770,11.2414082125055
ore,ore::lvl-60.txt,200,16,0.4140625,0.580625,16,0.08,4,0.02,0.16,4.95,12,0.165,3,0.007878829449812219,0.9921211705501878,2.3336819205876775,2.3291072290534554,0.6265328197226502,1.6338037703100263,5.585213001936782,0.425,0.13810264385692067,0.8510858936455925,0.8943959422883506,1770,7.930972540766587
ore,ore::lvl-61.txt,200,16,0.2890625,0.70625,14,0.07,5,0.025,0.185,3.01,10,0.14,3,9.363888447122548e-05,0.9999063611155288,3.426489455018178,3.406785088169516,0.656572383252818,1.4753239970332235,5.515121050526715,0.42,0.12877138413685849,0.8510858936455925,0.8943959422883506,1770,5.654532295819564
ore,ore::lvl-62.txt,200,16,0.2984375,0.6971875,13,0.065,1,0.005,0.09,3.69,11,0.15,3,0.22847217461028013,0.7715278253897199,2.2049144561697087,2.4956069433474806,0.6389749404289119,1.305620124770118,4.498819527956477,0.25,0.09766718506998445,0.8510858936455925,0.8943959422883506,1770,9.732262460607041
ore,ore::lvl-63.txt,200,16,0.4103125,0.585625,12,0.06,4,0.02,0.205,5.25,11,0.145,4,0.004204170625254688,0.9957958293747453,2.3514142600852694,2.3427912613883977,0.6331839813374806,1.508302611547473,4.9563589160371775,0.3,0.10824261275272162,0.8510858936455925,0.8943959422883506,1770,6.845715050169345
ore,ore::lvl-64.txt,200,16,0.366875,0.6284375,10,0.05,4,0.02,0.05,4.83,10,0.13,4,0.15569245458177872,0.8443075454182213,2.3749347622113555,2.5700036508458832,0.648,1.3706769499841769,4.375267577030375,0.22,0.09393468118195956,0.8510858936455925,0.8943959422883506,1770,7.951163819059701
ore,ore::lvl-65.txt,200,16,0.3184375,0.67625,13,0.065,7,0.035,0.2,3.845,11,0.155,3,0.10479819167303661,0.8952018083269634,1.7638689757889936,1.8532586095978196,0.6466676516942473,1.405439651962274,4.63588558183207,0.275,0.104199066874028,0.8510858936455925,0.8943959422883506,1770,5.78188619960667
ore,ore::lvl-66.txt,200,16,0.37375,0.62,13,0.065,10,0.05,0.195,4.37,11,0.165,5,0.45959007029910803,0.540409929700892,2.2214160186168233,3.0039895617656915,0.6057681519357194,1.5698711077043137,5.291103770596734,0.395,0.1312597200622084,0.8510858936455925,0.8943959422883506,1770,19.97763954676205
ore,ore::lvl-67.txt,200,16,0.205,0.7903125,10,0.05,9,0.045,0.2,1.93,12,0.165,5,0.1307275933658888,0.8692724066341112,2.164438861631285,2.307956468634995,0.607985294117647,1.2066125275280846,4.94036754219241,0.345,0.11290824261275272,0.8510858936455925,0.8943959422883506,1770,5.424758328211116
ore,ore::lvl-68.txt,200,16,0.3428125,0.6515625,13,0.065,6,0.03,0.18,4.1,10,0.14,3,0.0029275266167320124,0.997072473383268,2.003002497678889,1.9943791572855274,0.659782001614205,1.4762006961162706,5.190396944767305,0.355,0.1104199066874028,0.8510858936455925,0.8943959422883506,1770,5.498949233117261
ore,ore::lvl-69.txt,200,16,0.3459375,0.65,12,0.06,1,0.005,0.22,3.795,13,0.2,8,0.3046910243543869,0.6953089756456131,2.183873794298255,2.603747442369404,0.5202888174807198,1.5606469994374392,5.7741188120102,0.48,0.1368584758942457,0.8510858936455925,0.8943959422883506,1770,13.958501718193345
ore,ore::lvl-7.txt,200,16,0.2790625,0.718125,8,0.04,6,0.03,0.145,3.215,12,0.15,3,0.12641208931524173,0.8735879106847583,2.4754714342435995,2.63326284166401,0.6564868167202571,1.3079351270785018,4.614439352826123,0.305,0.10979782270606532,0.8510858936455925,0.8943959422883506,1770,5.9434823418793465
ore,ore::lvl-70.txt,200,16,0.3896875,0.604375,11,0.055,14,0.07,0.245,4.535,12,0.16,3,0.0009420592754952883,0.9990579407245047,2.433842596690973,2.420623972289978,0.6578367635506677,1.6219351977369534,5.639845687472594,0.44,0.136547433903577,0.8510858936455925,0.8943959422883506,1770,7.421958291863629
ore,ore::lvl-71.txt,200,16,0.3309375,0.6653125,11,0.055,3,0.015,0.175,3.79,12,0.16,3,0.0015151884298113538,0.9984848115701886,2.548340292237795,2.535315354315807,0.6371867635506677,1.453075547546575,5.005835227015549,0.36,0.12223950233281493,0.8510858936455925,0.8943959422883506,1770,5.541745628422156
ore,ore::lvl-72.txt,200,16,0.3678125,0.6275,14,0.07,2,0.01,0.135,4.755,10,0.13,3,0.17714048366746982,0.8228595163325302,2.406609638614255,2.63791680101368,0.6608644844517184,1.4449707811627137,4.692078482075283,0.29,0.09984447900466563,0.8510858936455925,0.8943959422883506,1770,8.833888386621945
ore,ore::lvl-73.txt,200,16,0.415,0.5803125,14,0.07,6,0.03,0.22,4.825,11,0.145,3,0.11650868619139376,0.8834913138086062,2.4149031178670612,2.554395670999633,0.6538776357827476,1.6968540082878683,5.653287089400967,0.455,0.1328149300155521,0.8510858936455925,0.8943959422883506,1770,9.094210181728158
ore,ore::lvl-74.txt,200,16,0.385,0.61,15,0.075,4,0.02,0.315,4.53,11,0.14,3,0.2293364493218274,0.7706635506781726,2.4692987460496574,2.7966030415141243,0.655870281124498,1.5784719653846255,5.306438758217579,0.395,0.1368584758942457,0.8510858936455925,0.8943959422883506,1770,11.473508253758503
ore,ore::lvl-75.txt,200,16,0.3259375,0.66875,13,0.065,5,0.025,0.125,3.925,10,0.14,3,0.36037309480722257,0.6396269051927774,2.3124100585999505,2.87459384710718,0.656932001614205,1.4079603720887923,5.0549601008208125,0.34,0.11415241057542769,0.8510858936455925,0.8943959422883506,1770,15.409096799077817
ore,ore::lvl-76.txt,200,16,0.3115625,0.685,10,0.05,3,0.015,0.185,3.755,11,0.155,3,0.1473776044119206,0.8526223955880794,2.0493758794154915,2.2063450495125756,0.6438706349206349,1.3450174188825126,4.78486003349432,0.305,0.10793157076205288,0.8510858936455925,0.8943959422883506,1770,7.016034677505954
ore,ore::lvl-77.txt,200,16,0.3328125,0.6621875,11,0.055,7,0.035,0.145,3.97,11,0.145,3,0.005057019145252584,0.9949429808547474,1.961302095299757,1.9548813334230064,0.6587541834271923,1.4393409273664377,5.224917749427222,0.37,0.11695178849144634,0.8510858936455925,0.8943959422883506,1770,5.355458902689126
ore,ore::lvl-78.txt,200,16,0.31375,0.6825,11,0.055,2,0.01,0.15,3.55,11,0.16,3,0.10381254099756587,0.8961874590024341,2.3353405116766712,2.4523415828049577,0.6349367635506676,1.4263745614738992,5.074572363493964,0.35,0.12099533437013997,0.8510858936455925,0.8943959422883506,1770,6.204780793182289
ore,ore::lvl-79.txt,200,16,0.2153125,0.779375,12,0.06,8,0.04,0.225,2.025,13,0.185,5,0.19515243532076954,0.8048475646792305,2.58605632846029,2.865770451122862,0.5874900426742531,1.2698852043434286,5.219659017006523,0.375,0.12503888024883358,0.8510858936455925,0.8943959422883506,1770,8.307524329909088
ore,ore::lvl-8.txt,200,16,0.446875,0.548125,12,0.06,7,0.035,0.245,5.46,11,0.16,4,0.06748478639989897,0.932515213600101,2.1767843070675346,2.240952917195488,0.62505273556231,1.644279658785394,5.528508655126848,0.435,0.13250388802488336,0.8510858936455925,0.8943959422883506,1770,8.720486318859173
ore,ore::lvl-80.txt,200,16,0.2534375,0.743125,10,0.05,5,0.025,0.135,2.985,11,0.165,5,0.011907395668275034,0.988092604331725,2.4032506876539275,2.403672277089864,0.5996852941176469,1.2223818633202073,4.217322226566579,0.235,0.09455676516329704,0.8510858936455925,0.8943959422883506,1770,2.756882217088354
ore,ore::lvl-81.txt,200,16,0.4065625,0.5890625,10,0.05,6,0.03,0.13,5.345,11,0.165,5,0.020716458394008264,0.9792835416059917,2.0851743468693003,2.094899288071932,0.601335294117647,1.4795374600827358,4.463370027352458,0.265,0.09797822706065319,0.8510858936455925,0.8943959422883506,1770,6.514458222079995
ore,ore::lvl-82.txt,200,16,0.2871875,0.70875,12,0.06,5,0.025,0.2,2.89,12,0.16,3,0.25113848830716134,0.7488615116928387,2.5488806872185483,2.928154909384489,0.6397092476489029,1.4747390558309657,5.506670430481559,0.43,0.1328149300155521,0.8510858936455925,0.8943959422883506,1770,11.273548093055046
ore,ore::lvl-83.txt,200,16,0.2646875,0.7315625,11,0.055,4,0.02,0.16,2.9,11,0.155,3,0.1949709859404617,0.8050290140595383,2.5134518911722585,2.7849990265977387,0.6436125098970704,1.3243518349723042,4.984007495752417,0.32,0.10979782270606532,0.8510858936455925,0.8943959422883506,1770,8.357086946811656
ore,ore::lvl-84.txt,200,16,0.3275,0.6675,15,0.075,6,0.03,0.345,3.715,10,0.18,8,0.010100006976217157,0.9898999930237828,2.0702058796886096,2.068607592452515,0.5419901639344262,1.4811013789253524,5.416203720487963,0.405,0.12379471228615863,0.8510858936455925,0.8943959422883506,1770,5.597562596870156
ore,ore::lvl-85.txt,200,16,0.205625,0.788125,13,0.065,8,0.04,0.075,2.165,10,0.13,3,0.05333276799112474,0.9466672320088753,2.0792148851915595,2.124734797376763,0.671775635767022,1.1686076090805857,4.4973102147551725,0.265,0.09828926905132193,0.8510858936455925,0.8943959422883506,1770,2.3171171766430203
ore,ore::lvl-86.txt,200,16,0.3109375,0.6840625,11,0.055,8,0.04,0.175,3.75,11,0.16,4,0.0008338254891351315,0.9991661745108649,2.711626488004761,2.6969397430839743,0.6267916984006092,1.3965058594024404,4.778294390350282,0.31,0.11477449455676517,0.8510858936455925,0.8943959422883506,1770,4.705080438934559
ore,ore::lvl-87.txt,200,16,0.3053125,0.690625,12,0.06,4,0.02,0.24,3.535,10,0.14,5,0.45379029683944005,0.54620970316056,2.002630131735556,2.6942589306586484,0.61970273556231,1.384029010818719,5.1257824342662595,0.355,0.11321928460342146,0.8510858936455925,0.8943959422883506,1770,19.106953889936165
ore,ore::lvl-88.txt,200,16,0.4134375,0.5828125,11,0.055,1,0.005,0.11,5.44,11,0.145,3,0.0833170080601473,0.9166829919398527,2.2331546365739166,2.3188328682207655,0.6475541834271923,1.482446819587359,4.782530005971852,0.28,0.09673405909797823,0.8510858936455925,0.8943959422883506,1770,7.291424425427521
ore,ore::lvl-89.txt,200,16,0.269375,0.724375,12,0.06,14,0.07,0.335,2.495,11,0.15,3,0.3446794674661916,0.6553205325338084,2.274643051860527,2.7934866756300556,0.6681426751592356,1.4882750444726403,5.634481147931455,0.505,0.13810264385692067,0.8510858936455925,0.8943959422883506,1770,14.978590035899401
ore,ore::lvl-9.txt,200,16,0.2421875,0.7540625,11,0.055,3,0.015,0.15,2.735,10,0.13,3,0.2342030856495707,0.7657969143504293,1.5519620567667478,1.7633085784561768,0.6677718466611706,1.2066765011212082,3.783078023564764,0.215,0.09051321928460342,0.8510858936455925,0.8943959422883506,1770,9.517179343951941
ore,ore::lvl-90.txt,200,16,0.396875,0.598125,11,0.055,5,0.025,0.155,4.525,14,0.24,8,0.044535868048759863,0.9554641319512401,2.772518567870384,2.819762732073266,0.5017458971218617,1.6547157725123596,5.686183253046713,0.475,0.14743390357698288,0.8510858936455925,0.8943959422883506,1770,8.20712555111015
ore,ore::lvl-91.txt,200,16,0.33,0.6665625,10,0.05,3,0.015,0.155,4.155,10,0.14,3,0.0010358003058374976,0.9989641996941625,1.895428129133555,1.885416758004685,0.6587565040650406,1.354727337038059,4.29384065115971,0.245,0.09237947122861587,0.8510858936455925,0.8943959422883506,1770,4.690101436727973
ore,ore::lvl-92.txt,200,16,0.321875,0.6746875,10,0.05,6,0.03,0.31,3.475,12,0.16,3,0.0034858033174188785,0.9965141966825811,2.809437934200893,2.7981261896266196,0.6466212598425197,1.5141386806195702,5.565501171058219,0.42,0.1334370139968896,0.8510858936455925,0.8943959422883506,1770,6.014366021575158
ore,ore::lvl-93.txt,200,16,0.3753125,0.619375,13,0.065,6,0.03,0.175,4.645,12,0.165,3,0.0038348767103610903,0.9961651232896389,2.7363847564929187,2.7255665664787623,0.6346361520558572,1.5091904142594728,5.156624949354359,0.37,0.12472783825816486,0.8510858936455925,0.8943959422883506,1770,6.525286455824588
ore,ore::lvl-94.txt,200,16,0.3371875,0.658125,14,0.07,5,0.025,0.355,3.64,10,0.155,5,0.0045573830377636515,0.9954426169622363,2.353008161873113,2.344636685528949,0.607565976331361,1.5306592741230673,5.8006413051666055,0.445,0.12783825816485225,0.8510858936455925,0.8943959422883506,1770,6.178715426241675
ore,ore::lvl-95.txt,200,16,0.32625,0.6684375,13,0.065,9,0.045,0.275,3.355,11,0.165,9,0.08268779968625306,0.9173122003137469,2.625137234919534,2.7250120736546655,0.5444677894048398,1.5838889123234017,5.7400331339000354,0.475,0.13965785381026438,0.8510858936455925,0.8943959422883506,1770,7.065326176843054
ore,ore::lvl-96.txt,200,16,0.434375,0.5596875,15,0.075,6,0.03,0.13,5.81,12,0.16,4,0.004822779988566506,0.9951772200114335,2.3224189460300497,2.31454354708097,0.6168735849056604,1.4772120369472257,4.54752301847042,0.28,0.09860031104199067,0.8510858936455925,0.8943959422883506,1770,7.154712430198741
ore,ore::lvl-97.txt,200,16,0.3275,0.6675,12,0.06,3,0.015,0.09,4.055,10,0.14,3,0.1292544497841176,0.8707455502158824,2.599374471499654,2.7694799232118186,0.6542991909385114,1.402913661234433,4.761103069392216,0.31,0.10357698289269052,0.8510858936455925,0.8943959422883506,1770,6.784114909937756
ore,ore::lvl-98.txt,200,16,0.33125,0.6646875,12,0.06,1,0.005,0.08,4.04,11,0.17,5,0.06460871670705215,0.9353912832929479,2.3341317735286125,2.399158228965413,0.5847453488372093,1.4152696081384082,5.145484224915586,0.36,0.1119751166407465,0.8510858936455925,0.8943959422883506,1770,5.569101102357962
ore,ore::lvl-99.txt,200,16,0.3840625,0.61125,11,0.055,10,0.05,0.33,4.475,11,0.215,17,0.010838964354839664,0.9891610356451603,2.4855452133792486,2.4847217786599516,0.4358344312918168,1.6186814789251307,5.759599649521769,0.475,0.12939346811819596,0.8510858936455925,0.8943959422883506,1770,7.409538479861043
original,original::lvl-1.txt,202,16,0.17233910891089108,0.8224009900990099,15,0.07425742574257425,11,0.054455445544554455,0.19306930693069307,0.16831683168316833,3,0.034653465346534656,3,0.03938887784504008,0.9606111221549599,1.851889031083028,1.8798593057199695,0.7967189150441571,0.9621108657362014,3.023008713322271,0.15346534653465346,0.070218663381583,0.8292159416501925,0.7835430370197274,105,2.240308381992862
original,original::lvl-10.txt,150,16,0.18625,0.8008333333333333,8,0.05333333333333334,23,0.15333333333333332,0.06666666666666667,1.6066666666666667,16,0.41333333333333333,18,0.0062396288387900345,0.99376037116121,3.0534392594255673,3.036941589832065,0.39132286995515697,1.1474534754689738,4.721304638532372,0.32666666666666666,0.10393374741200828,0.8292159416501925,0.7835430370197274,105,3.317423693588903
original,original::lvl-11.txt,184,16,0.15794836956521738,0.8335597826086957,15,0.08152173913043478,16,0.08695652173913043,0.15760869565217392,0.03260869565217391,11,0.20108695652173914,7,0.024064832438938644,0.9759351675610614,1.9773520328222767,1.9895609454265808,0.556091571032601,0.9217157151876048,3.803741466581745,0.29347826086956524,0.08144643460628591,0.8292159416501925,0.7835430370197274,105,1.2253684350914742
original,original::lvl-12.txt,214,16,0.2003504672897196,0.7970210280373832,8,0.037383177570093455,2,0.009345794392523364,0.205607476635514,0.7850467289719626,4,0.04205607476635514,6,0.005307313986996354,0.9946926860130036,2.2025745170461564,2.1979512892575697,0.7051334221087305,1.076712679326644,3.4215364386796256,0.1822429906542056,0.07327711544053504,0.8292159416501925,0.7835430370197274,105,2.3865352531781863
original,original::lvl-13.txt,165,16,0.13674242424242425,0.8534090909090909,0,0.0,25,0.15151515151515152,0.2606060606060606,1.0909090909090908,15,0.4484848484848485,18,0.013724001576117417,0.9862759984238826,2.9126913277178317,2.9117099728680156,0.3892354031792347,0.8982920448589193,4.592828175398039,0.26666666666666666,0.0967984934086629,0.8292159416501925,0.7835430370197274,105,3.607852287712937
original,original::lvl-14.txt,176,16,0.17578125,0.8160511363636364,10,0.056818181818181816,5,0.028409090909090908,0.21022727272727273,0.14772727272727273,2,0.017045454545454544,2,0.08511523578767177,0.9148847642123282,1.7690954855607963,1.8388363499566465,0.8578677656236381,1.014955468537249,2.896648189116672,0.21022727272727273,0.07559166372306605,0.8292159416501925,0.7835430370197274,105,3.664634510884902
original,original::lvl-15.txt,373,16,0.1380697050938338,0.8507037533512064,50,0.13404825737265416,17,0.045576407506702415,0.04289544235924933,0.21983914209115282,25,0.11528150134048257,6,0.007647554098210718,0.9923524459017893,1.434789254580927,1.435936037874546,0.6089671367896602,0.8371355898592122,2.5695199021526522,0.08042895442359249,0.05198061173324419,0.8292159416501925,0.7835430370197274,105,3.446904008787778
original,original::lvl-2.txt,158,16,0.2444620253164557,0.7409018987341772,18,0.11392405063291139,21,0.13291139240506328,1.7278481012658229,0.11392405063291139,5,0.10126582278481013,7,0.0002057228787446519,0.9997942771212553,2.1505028343279298,2.1365277186408735,0.6732798474180631,1.317362208907488,4.137171586199971,0.26582278481012656,0.09909555642941408,0.8292159416501925,0.7835430370197274,105,2.9191425769937283
original,original::lvl-3.txt,150,16,0.1875,0.8,8,0.05333333333333334,23,0.15333333333333332,0.08666666666666667,1.6066666666666667,16,0.41333333333333333,18,0.008639976285056639,0.9913600237149434,3.0766548169839467,3.0643888122156118,0.391722869955157,1.1515427413739039,4.758418503408287,0.3333333333333333,0.1031055900621118,0.8292159416501925,0.7835430370197274,105,3.339815310993289
original,original::lvl-4.txt,197,16,0.1671954314720812,0.8239213197969543,26,0.1319796954314721,20,0.10152284263959391,0.23857868020304568,0.29441624365482233,4,0.06091370558375635,4,0.0017764770578484468,0.9982235229421516,2.1867299977296666,2.1770638378083147,0.7293566846524379,0.981399347961942,3.2559174879738815,0.20812182741116753,0.07388695926744553,0.8292159416501925,0.7835430370197274,105,1.853475114993484
original,original::lvl-5.txt,196,16,0.17091836734693877,0.8195153061224489,28,0.14285714285714285,10,0.05102040816326531,0.2653061224489796,0.16326530612244897,6,0.11734693877551021,8,0.03568650175094967,0.9643134982490503,2.040103296785457,2.066187915549539,0.5785613950879303,1.0215181513754834,3.5134637187158035,0.2193877551020408,0.08124404950809266,0.8292159416501925,0.7835430370197274,105,1.8224985046548872
original,original::lvl-6.txt,149,16,0.17659395973154363,0.8108221476510067,7,0.04697986577181208,23,0.15436241610738255,0.21476510067114093,1.5973154362416107,15,0.42953020134228187,14,0.002449998580076884,0.9975500014199231,2.843007931194942,2.824344961875949,0.41431306868791984,1.0715527250302446,5.0943160179491205,0.3959731543624161,0.11754897874114215,0.8292159416501925,0.7835430370197274,105,3.798289948352321
original,original::lvl-7.txt,222,16,0.14498873873873874,0.8465653153153153,12,0.05405405405405406,37,0.16666666666666666,0.1036036036036036,0.11711711711711711,6,0.06756756756756757,4,0.043888140289747746,0.9561118597102523,1.5156972461792022,1.542659715321465,0.7698972558368532,0.8316081109048419,2.25832761081764,0.13063063063063063,0.056349873843566024,0.8292159416501925,0.7835430370197274,105,3.260318789662617
original,original::lvl-8.txt,187,16,0.2807486631016043,0.7105614973262032,12,0.06417112299465241,25,0.13368983957219252,2.336898395721925,0.3850267379679144,11,0.20320855614973263,6,6.0085151560529404e-05,0.9999399148484395,2.2684268135548664,2.2556421998749734,0.6322790516379412,1.4165195152086638,4.465119567743749,0.25668449197860965,0.08713002993016296,0.8292159416501925,0.7835430370197274,105,3.6154423221382115
original,original::lvl-9.txt,198,16,0.1404671717171717,0.8472222222222222,31,0.15656565656565657,6,0.030303030303030304,0.020202020202020204,0.10101010101010101,4,0.05555555555555555,4,0.028227130508015952,0.971772869491984,1.1450063925825413,1.1553549450843075,0.6976756116742245,0.821092045092596,2.2342260299301735,0.12626262626262627,0.055922086082312285,0.8292159416501925,0.7835430370197274,105,3.727010836563748
patternCount,patternCount::lvl-1.txt,200,16,0.12375,0.86625,31,0.155,0,0.0,0.105,1.275,15,0.335,21,0.009936553018146888,0.9900634469818531,2.29169900050301,2.2866599606216496,0.3350171868497711,0.890584186391077,3.3626130531508536,0.095,0.09206842923794713,0.8274689631607893,0.8646076232528376,1770,3.905501412670237
patternCount,patternCount::lvl-10.txt,200,16,0.221875,0.7659375,38,0.19,0,0.0,0.055,2.675,1,0.005,1,0.3333866711913137,0.6666133288086863,1.273524025819452,1.5519464111851038,0.8309755186721991,1.3041939291670053,3.0890000536906514,0.095,0.080248833592535,0.8274689631607893,0.8646076232528376,1770,14.078486109547855
patternCount,patternCount::lvl-100.txt,200,16,0.2184375,0.769375,38,0.19,0,0.0,0.035,2.63,4,0.02,1,0.19993260545650127,0.8000673945434987,1.5599554528603603,1.735179272420581,0.8055289738430584,1.302410019214618,3.107595750385929,0.09,0.08118195956454122,0.8274689631607893,0.8646076232528376,1770,8.770541196072553
patternCount,patternCount::lvl-11.txt,200,16,0.17125,0.803125,81,0.405,0,0.0,0.105,1.955,9,0.05,2,0.011154174726970556,0.9888458252730294,1.9920915281530422,1.9929956242263565,0.6562291905151267,1.1698062395338493,3.4101714243881127,0.1,0.10077760497667185,0.8274689631607893,0.8646076232528376,1770,7.688519090051152
patternCount,patternCount::lvl-12.txt,200,16,0.1909375,0.7953125,43,0.215,0,0.0,0.14,1.76,4,0.02,1,0.1340070641495772,0.8659929358504228,1.3838115286407182,1.479462502672033,0.7956642220019822,1.1919450935768836,3.1108039258709606,0.1,0.07651632970451011,0.8274689631607893,0.8646076232528376,1770,6.518977647823888
patternCount,patternCount::lvl-13.txt,200,16,0.1609375,0.8221875,53,0.265,0,0.0,0.17,1.495,3,0.015,1,0.2084183938778923,0.7915816061221077,1.2976168746923553,1.451126297440354,0.7808538386783285,1.0659586920720623,2.704691037645075,0.075,0.06376360808709176,0.8274689631607893,0.8646076232528376,1770,9.60545747517712
patternCount,patternCount::lvl-14.txt,200,16,0.1915625,0.7921875,51,0.255,0,0.0,0.065,2.52,2,0.01,1,0.010938338889300847,0.9890616611106992,1.4554326957282007,1.4560859723691901,0.7910334649555776,1.1707616035403585,2.869386514821082,0.095,0.07620528771384137,0.8274689631607893,0.8646076232528376,1770,5.015976083795738
patternCount,patternCount::lvl-15.txt,200,16,0.2390625,0.7503125,33,0.165,0,0.0,0.08,3.07,8,0.04,1,0.1352131108215746,0.8647868891784254,1.931008202632574,2.065921250061605,0.7866834151128558,1.3362959627196307,3.3715106904310645,0.1,0.09206842923794713,0.8274689631607893,0.8646076232528376,1770,6.370884517973802
patternCount,patternCount::lvl-16.txt,200,16,0.17,0.8159375,44,0.22,0,0.0,0.045,1.455,2,0.01,1,0.1494024603665376,0.8505975396334624,1.2937844617849508,1.3957461699843507,0.8073516129032259,1.1197111218938538,2.803917254475096,0.095,0.071850699844479,0.8274689631607893,0.8646076232528376,1770,7.0977753376438635
patternCount,patternCount::lvl-17.txt,200,16,0.2125,0.776875,33,0.165,0,0.0,0.13,2.59,8,0.045,2,0.004682211102106648,0.9953177888978934,2.0392177252802197,2.033711241698472,0.7509629560336765,1.25934156829733,3.63898267018976,0.1,0.10451010886469674,0.8274689631607893,0.8646076232528376,1770,3.8100733764731536
patternCount,patternCount::lvl-18.txt,200,16,0.23625,0.7484375,48,0.24,0,0.0,0.095,3.285,1,0.005,1,0.46408447760917393,0.5359155223908261,1.4053609258477282,1.9100567954102534,0.8067289738430584,1.298631873600936,2.8822795284822664,0.09,0.07558320373250389,0.8274689631607893,0.8646076232528376,1770,19.623975500836707
patternCount,patternCount::lvl-19.txt,200,16,0.246875,0.7403125,40,0.2,0,0.0,0.01,3.33,2,0.01,1,0.5920350368105376,0.4079649631894624,1.2192845405312425,1.8992803479793037,0.8165265306122448,1.3484800072735026,2.760435965896482,0.08,0.071850699844479,0.8274689631607893,0.8646076232528376,1770,24.88566537502285
patternCount,patternCount::lvl-2.txt,200,16,0.1703125,0.8146875,47,0.235,0,0.0,0.285,1.42,2,0.015,2,0.1278040392254426,0.8721959607745574,1.5479475602213468,1.649133383980396,0.7668798287345386,1.1212411788886736,2.9756943887920873,0.09,0.07371695178849144,0.8274689631607893,0.8646076232528376,1770,6.456174805825041
patternCount,patternCount::lvl-20.txt,200,16,0.180625,0.8065625,40,0.2,0,0.0,0.38,1.62,5,0.025,1,0.22412045357469057,0.7758795464253094,1.8648683301623228,2.1063726867626476,0.7996792079207922,1.1752037402570277,3.3592738328392096,0.095,0.0942457231726283,0.8274689631607893,0.8646076232528376,1770,9.578826599091363
patternCount,patternCount::lvl-21.txt,200,16,0.183125,0.805,37,0.185,0,0.0,0.425,1.645,4,0.025,2,0.005898259128203631,0.9941017408717964,1.608928131314677,1.6054819253517278,0.7769918347742555,1.1789052560910824,3.1643411552942498,0.1,0.09144634525660965,0.8274689631607893,0.8646076232528376,1770,3.8580915106640816
patternCount,patternCount::lvl-22.txt,200,16,0.1628125,0.8253125,37,0.185,0,0.0,0.305,1.35,17,0.235,6,0.4085793926701642,0.5914206073298358,2.642051710850715,3.4181296187837957,0.4996225169648365,1.1360949786182004,3.4706699798520564,0.1,0.09517884914463452,0.8274689631607893,0.8646076232528376,1770,17.09149346828389
patternCount,patternCount::lvl-23.txt,200,16,0.1321875,0.85625,36,0.18,0,0.0,0.11,1.38,10,0.3,17,0.0022946333489055615,0.9977053666510944,2.0273376146493423,2.0154241660076364,0.36783071297989023,0.9468825565260479,3.441738975080504,0.1,0.08926905132192846,0.8274689631607893,0.8646076232528376,1770,3.9323080365454777
patternCount,patternCount::lvl-24.txt,200,16,0.10625,0.8803125,42,0.21,0,0.0,0.07,1.105,16,0.365,26,0.019604901922892992,0.980395098077107,1.9990031535574433,2.0034205351561303,0.2981359050445104,0.8054252745659207,2.9977040712148537,0.1,0.08398133748055987,0.8274689631607893,0.8646076232528376,1770,4.885449392735501
patternCount,patternCount::lvl-25.txt,200,16,0.181875,0.806875,35,0.175,0,0.0,0.13,1.585,10,0.06,2,0.016594322613805557,0.9834056773861944,2.1472522808775314,2.1541605387160616,0.7265819004524887,1.1941007613113603,3.4295267177808166,0.09,0.09020217729393468,0.8274689631607893,0.8646076232528376,1770,3.483722432448083
patternCount,patternCount::lvl-26.txt,200,16,0.22375,0.7609375,48,0.24,0,0.0,0.0,1.865,1,0.005,1,0.5329210658225576,0.4670789341774424,1.298342141927668,1.8901687919786812,0.8048289738430584,1.2676269642180262,2.5435892473755795,0.07,0.06438569206842924,0.8274689631607893,0.8646076232528376,1770,22.4816397177281
patternCount,patternCount::lvl-27.txt,200,16,0.1734375,0.808125,58,0.29,0,0.0,0.135,1.855,2,0.01,1,0.004886820265374681,0.9951131797346253,1.6475885816965037,1.6433502365594501,0.7763943907156674,1.1494705645024745,3.1570423389778925,0.08,0.07807153965785381,0.8274689631607893,0.8646076232528376,1770,5.597332978490176
patternCount,patternCount::lvl-28.txt,200,16,0.2075,0.7809375,36,0.18,0,0.0,0.07,2.095,7,0.045,3,0.2604058372094301,0.7395941627905699,1.49035907267704,1.7240264627110462,0.7169635062611807,1.2465238274074002,3.3450149488090504,0.1,0.08429237947122861,0.8274689631607893,0.8646076232528376,1770,10.918212988693355
patternCount,patternCount::lvl-29.txt,200,16,0.158125,0.828125,43,0.215,0,0.0,0.085,1.565,2,0.01,1,0.06551149012082036,0.9344885098791796,1.6085031762624995,1.6555890190503197,0.8105978766430738,1.0399055108479616,2.5878792579083454,0.09,0.07807153965785381,0.8274689631607893,0.8646076232528376,1770,4.68694738799232
patternCount,patternCount::lvl-3.txt,200,16,0.1521875,0.8228125,79,0.395,0,0.0,0.16,1.635,9,0.055,2,0.05622974868179886,0.9437702513182011,2.114308697264257,2.1651929444098106,0.6551967400162999,1.0721851121910202,2.9586953095380624,0.09,0.07900466562986003,0.8274689631607893,0.8646076232528376,1770,7.57240817861187
patternCount,patternCount::lvl-30.txt,200,16,0.16375,0.825625,33,0.165,0,0.0,0.095,1.585,8,0.04,1,0.053817857641248246,0.9461821423587518,1.7781159911568727,1.8185869191883568,0.7869834151128557,1.0698831303467489,3.143550024572569,0.1,0.09362363919129083,0.8274689631607893,0.8646076232528376,1770,3.7024453559509056
patternCount,patternCount::lvl-31.txt,200,16,0.180625,0.7990625,64,0.32,0,0.0,0.045,2.32,3,0.015,1,0.028130544059715823,0.9718694559402842,1.5849100779270326,1.5995436677076313,0.7541956685499059,1.1538521412688205,2.7494138831655044,0.095,0.0671850699844479,0.8274689631607893,0.8646076232528376,1770,6.113140419041519
patternCount,patternCount::lvl-32.txt,200,16,0.166875,0.8134375,62,0.31,0,0.0,0.035,2.14,5,0.025,1,0.20478688714308735,0.7952131128569127,1.235985326285509,1.3789368501619983,0.7441944237918217,1.0837720817366272,2.6533968628302333,0.085,0.06749611197511664,0.8274689631607893,0.8646076232528376,1770,9.891560008249108
patternCount,patternCount::lvl-33.txt,200,16,0.1378125,0.834375,88,0.44,0,0.0,0.06,1.705,6,0.065,7,0.09890338480028538,0.9010966151997146,1.6835979804401822,1.764326279978344,0.5439408412483039,0.9823054945460543,2.5641347610142535,0.085,0.06905132192846034,0.8274689631607893,0.8646076232528376,1770,9.098541805637707
patternCount,patternCount::lvl-34.txt,200,16,0.138125,0.835625,83,0.415,0,0.0,0.03,1.595,7,0.045,2,0.0024503375149396156,0.9975496624850604,1.5672720878803288,1.561127898534215,0.6568756357670222,0.9759369868835428,2.2730406301432082,0.065,0.06189735614307931,0.8274689631607893,0.8646076232528376,1770,8.10689275802369
patternCount,patternCount::lvl-35.txt,200,16,0.215625,0.7715625,40,0.2,0,0.0,0.1,2.835,5,0.03,2,0.12471510334491698,0.875284896655083,1.7641596873379215,1.876111376912836,0.7567169811320754,1.251048636048706,3.2384807829136624,0.1,0.0864696734059098,0.8274689631607893,0.8646076232528376,1770,6.054088109264841
patternCount,patternCount::lvl-36.txt,200,16,0.1340625,0.835625,96,0.48,0,0.0,0.02,1.585,1,0.005,1,0.03506311928783057,0.9649368807121694,0.7876966468271315,0.7978405743513304,0.70338769771529,0.9454128219573241,2.0293712190851854,0.065,0.05785381026438569,0.8274689631607893,0.8646076232528376,1770,9.73577703061488
patternCount,patternCount::lvl-37.txt,200,16,0.241875,0.7421875,50,0.25,0,0.0,0.045,3.52,2,0.01,1,0.5070475950793778,0.4929524049206222,1.4711752800266709,2.084872598026076,0.7929792079207921,1.2754787065213862,2.300777917989542,0.065,0.05598755832037325,0.8274689631607893,0.8646076232528376,1770,21.492431826092375
patternCount,patternCount::lvl-38.txt,200,16,0.138125,0.830625,99,0.495,0,0.0,0.115,1.585,0,0.0,0,0.21279119957642234,0.7872088004235777,1.3287490967377267,1.4901006677402704,0.7315616226071103,0.9844098764873811,2.079606351702647,0.055,0.05474339035769829,0.8274689631607893,0.8646076232528376,1770,12.830549232181152
patternCount,patternCount::lvl-39.txt,200,16,0.183125,0.8,53,0.265,0,0.0,0.05,1.855,1,0.005,1,0.05461259341188662,0.9453874065881134,1.27728786154554,1.307044739232284,0.7938642220019821,1.149034410591616,2.9049614294152226,0.085,0.07433903576982892,0.8274689631607893,0.8646076232528376,1770,5.465464402543147
patternCount,patternCount::lvl-4.txt,200,16,0.2159375,0.77,44,0.22,0,0.0,0.045,2.525,6,0.03,1,0.09401303104039282,0.9059869689596072,1.8477857896112828,1.9314616426776345,0.7760937984496123,1.2856780090996909,3.222513280151151,0.095,0.08118195956454122,0.8274689631607893,0.8646076232528376,1770,5.478715995850166
patternCount,patternCount::lvl-40.txt,200,16,0.1621875,0.808125,94,0.47,0,0.0,0.11,1.9,8,0.04,1,0.053748278457963705,0.9462517215420363,1.8372012165644007,1.878997543376076,0.6677574043261232,1.1367848557367495,3.2480142473967897,0.1,0.0926905132192846,0.8274689631607893,0.8646076232528376,1770,9.118076934660229
patternCount,patternCount::lvl-41.txt,200,16,0.1696875,0.82,32,0.16,0,0.0,0.47,1.29,19,0.17,4,0.15373183025588477,0.8462681697441152,2.876274521290514,3.11087747227513,0.5824659025787965,1.135678091782362,3.33980521716251,0.09,0.10046656298600311,0.8274689631607893,0.8646076232528376,1770,6.725877335767277
patternCount,patternCount::lvl-42.txt,200,16,0.1971875,0.790625,38,0.19,0,0.0,0.07,1.92,8,0.045,2,0.0013657261731323533,0.9986342738268676,1.8732874252119973,1.8650280879568668,0.7394073800738007,1.1933425793587307,3.1298019622277495,0.1,0.08771384136858476,0.8274689631607893,0.8646076232528376,1770,3.8143778695375055
patternCount,patternCount::lvl-43.txt,200,16,0.1821875,0.8065625,35,0.175,0,0.0,0.035,2.035,6,0.03,1,0.004026131657214438,0.9959738683427856,1.5157481745890402,1.5110398266649352,0.7967199004975124,1.113119324809183,3.0234636822700947,0.095,0.0833592534992224,0.8274689631607893,0.8646076232528376,1770,3.742658555481156
patternCount,patternCount::lvl-44.txt,200,16,0.2078125,0.778125,44,0.22,0,0.0,0.06,2.815,3,0.02,2,0.16908973841171404,0.830910261588286,1.5130543788410302,1.6514784693050357,0.7616562737642586,1.2070452501999207,2.8150556448397177,0.08,0.07900466562986003,0.8274689631607893,0.8646076232528376,1770,7.7592727658190475
patternCount,patternCount::lvl-45.txt,200,16,0.19125,0.795,43,0.215,0,0.0,0.39,1.59,6,0.035,2,0.3985765020508777,0.6014234979491223,1.630154853591261,2.0912766796314908,0.749227247451344,1.2439693954768438,2.9634178596519245,0.09,0.0864696734059098,0.8274689631607893,0.8646076232528376,1770,16.702500793240052
patternCount,patternCount::lvl-46.txt,200,16,0.208125,0.774375,55,0.275,0,0.0,0.025,1.905,3,0.015,1,0.3068557520744357,0.6931442479255643,1.3580283287385475,1.6229026083647529,0.7734468599033816,1.2286614430868852,2.8282297053115775,0.085,0.07153965785381027,0.8274689631607893,0.8646076232528376,1770,13.390788930410046
patternCount,patternCount::lvl-47.txt,200,16,0.1978125,0.7825,62,0.31,0,0.0,0.06,2.63,4,0.03,2,0.14868689703969906,0.8513131029603009,1.9959397008875968,2.152332347003191,0.7116795737122558,1.2082699171274924,2.788080508679949,0.09,0.07371695178849144,0.8274689631607893,0.8646076232528376,1770,8.00763539393033
patternCount,patternCount::lvl-48.txt,200,16,0.1765625,0.8125,34,0.17,0,0.0,0.1,1.755,4,0.02,1,0.16167070786864857,0.8383292921313514,1.557525184565955,1.6924348118198018,0.8166639511201629,1.1406617481856862,3.2385960420052635,0.1,0.09300155520995335,0.8274689631607893,0.8646076232528376,1770,7.054963952545494
patternCount,patternCount::lvl-49.txt,200,16,0.1365625,0.8434375,63,0.315,0,0.0,0.04,1.405,4,0.025,2,0.01147091057973515,0.9885290894202649,1.511539657529321,1.512625418160511,0.7157240393208221,0.9398493630603879,2.1583178888149037,0.08,0.06998444790046657,0.8274689631607893,0.8646076232528376,1770,6.108611986285292
patternCount,patternCount::lvl-5.txt,200,16,0.2109375,0.77625,40,0.2,0,0.0,0.07,1.965,9,0.055,3,0.20112583870427225,0.7988741612957277,1.6042815824179337,1.7855318297164449,0.6970521739130434,1.2632808912969233,3.3390035743441313,0.1,0.08989113530326594,0.8274689631607893,0.8646076232528376,1770,8.712980483575608
patternCount,patternCount::lvl-50.txt,200,16,0.14125,0.8471875,36,0.18,0,0.0,0.445,1.18,23,0.3,9,0.4478125632249863,0.5521874367750137,2.764318824801155,3.7009881949724295,0.4371655246252677,0.9996862120170525,3.3299385840552302,0.095,0.10015552099533437,0.8274689631607893,0.8646076232528376,1770,18.828790330153744
patternCount,patternCount::lvl-51.txt,200,16,0.179375,0.8028125,56,0.28,0,0.0,0.37,1.505,1,0.005,1,0.6475483221009524,0.35245167789904763,1.1174838690976645,1.8728286586516811,0.7932546168958743,1.18956626880797,2.6546937262915393,0.075,0.06220839813374806,0.8274689631607893,0.8646076232528376,1770,27.357774164599086
patternCount,patternCount::lvl-52.txt,200,16,0.1903125,0.7975,38,0.19,0,0.0,0.11,2.495,7,0.035,1,0.039240811851077306,0.9607591881489227,1.6623680563368548,1.6873458369920402,0.78345,1.1396242839107917,2.939839615407521,0.09,0.07589424572317263,0.8274689631607893,0.8646076232528376,1770,3.9193931613739994
patternCount,patternCount::lvl-53.txt,200,16,0.17375,0.7984375,88,0.44,0,0.0,0.375,1.825,9,0.055,2,0.23524156133035845,0.7647584386696415,2.05905171242419,2.342491071717148,0.6454585326953748,1.2016051914407309,3.4840040765848204,0.095,0.08771384136858476,0.8274689631607893,0.8646076232528376,1770,12.432395137352515
patternCount,patternCount::lvl-54.txt,200,16,0.173125,0.8140625,40,0.2,0,0.0,0.095,1.78,9,0.05,2,0.05563243743226487,0.9443675625677351,1.8509664435609305,1.8948116395284778,0.7291727272727273,1.1304204334935575,3.3320445516587482,0.1,0.09611197511664074,0.8274689631607893,0.8646076232528376,1770,4.101068723230319
patternCount,patternCount::lvl-55.txt,200,16,0.1059375,0.880625,42,0.21,0,0.0,0.055,1.145,16,0.37,17,0.031971943394671465,0.9680280566053285,1.5858571697732473,1.598989705283124,0.34210596760443307,0.8040601804183302,2.8809756369546036,0.085,0.07807153965785381,0.8274689631607893,0.8646076232528376,1770,4.963186191110515
patternCount,patternCount::lvl-56.txt,200,16,0.2303125,0.754375,48,0.24,0,0.0,0.085,3.175,5,0.035,2,0.23965436263620354,0.7603456373637965,1.9384759866680439,2.211822831682309,0.7329614259597805,1.2867272257348146,2.8450828494479445,0.09,0.07807153965785381,0.8274689631607893,0.8646076232528376,1770,10.546188794283903
patternCount,patternCount::lvl-57.txt,200,16,0.2165625,0.7709375,39,0.195,0,0.0,0.03,1.885,5,0.025,1,0.2650931680420183,0.7349068319579817,1.4330077596016464,1.6630932170730168,0.7950389275074479,1.2438776115313468,2.9319813079411365,0.09,0.0818040435458787,0.8274689631607893,0.8646076232528376,1770,11.265480003830348
patternCount,patternCount::lvl-58.txt,200,16,0.1803125,0.789375,96,0.48,0,0.0,0.45,1.74,4,0.025,2,0.30064866112251154,0.6993513388774885,1.7495359395478205,2.0813637781535403,0.6658144499178982,1.2411641510898315,3.1396239114304723,0.1,0.09393468118195956,0.8274689631607893,0.8646076232528376,1770,15.146437569935085
patternCount,patternCount::lvl-59.txt,200,16,0.158125,0.828125,43,0.215,0,0.0,0.05,1.66,5,0.03,2,0.04614778871357639,0.9538522112864236,1.5770219740879055,1.6064604155219326,0.7493629560336762,1.0357971588488462,2.6974494874262804,0.095,0.0796267496111975,0.8274689631607893,0.8646076232528376,1770,4.27978932171537
patternCount,patternCount::lvl-6.txt,200,16,0.1759375,0.8128125,35,0.175,0,0.0,0.45,1.515,3,0.015,1,0.33666241618404624,0.6633375838159538,1.7524417256156708,2.140887666366454,0.8295128205128205,1.1298895832303644,3.0629218166178775,0.095,0.08304821150855365,0.8274689631607893,0.8646076232528376,1770,13.995192512033693
patternCount,patternCount::lvl-60.txt,200,16,0.1515625,0.83,58,0.29,0,0.0,0.1,1.595,3,0.015,1,0.044069084787549784,0.9559309152124502,1.6340270847329037,1.6628054446447211,0.7682835249042146,1.0248949056128158,2.524628577183765,0.09,0.07060653188180405,0.8274689631607893,0.8646076232528376,1770,5.623483799458194
patternCount,patternCount::lvl-61.txt,200,16,0.1803125,0.8028125,53,0.265,0,0.0,0.04,1.825,3,0.025,2,0.29380595983071234,0.7061940401692877,1.2764626303509239,1.5112289810149027,0.7354189164370982,1.134872091815038,2.8476160547229292,0.09,0.07278382581648522,0.8274689631607893,0.8646076232528376,1770,12.736634318816991
patternCount,patternCount::lvl-62.txt,200,16,0.150625,0.8365625,40,0.2,0,0.0,0.065,1.525,9,0.05,2,0.02511110970421293,0.9748888902957871,1.8893401280437305,1.9036799547589967,0.7285727272727273,1.0032599777569746,2.665937776045978,0.1,0.08211508553654744,0.8274689631607893,0.8646076232528376,1770,3.7669197928383635
patternCount,patternCount::lvl-63.txt,200,16,0.1940625,0.794375,36,0.18,0,0.0,0.105,1.81,7,0.035,1,0.018676077708949412,0.9813239222910506,1.7159867132844968,1.723423142377322,0.7879546168958743,1.1888626304008165,3.3066368988180654,0.1,0.09300155520995335,0.8274689631607893,0.8646076232528376,1770,3.745637650042395
patternCount,patternCount::lvl-64.txt,200,16,0.1953125,0.7928125,37,0.185,0,0.0,0.055,1.9,10,0.055,2,0.018873419079404874,0.9811265809205951,1.544108669425622,1.5507063270204924,0.7277121707538601,1.1767959377087294,3.1408389930426024,0.1,0.08678071539657854,0.8274689631607893,0.8646076232528376,1770,3.713067576751741
patternCount,patternCount::lvl-65.txt,200,16,0.2040625,0.783125,40,0.2,0,0.0,0.07,2.55,5,0.025,1,0.0005406285926002896,0.9994593714073997,1.7411270632894296,1.7327796318416409,0.7934792079207921,1.2240569715851324,3.3732994329217934,0.1,0.08367029548989113,0.8274689631607893,0.8646076232528376,1770,4.169340895100167
patternCount,patternCount::lvl-66.txt,200,16,0.1571875,0.829375,42,0.21,0,0.0,0.08,1.59,7,0.035,1,0.12119047672858485,0.8788095232714151,1.5345585724736484,1.628492796217189,0.7738007722007723,1.041477227821837,2.80153675159732,0.095,0.0864696734059098,0.8274689631607893,0.8646076232528376,1770,5.941861178675823
patternCount,patternCount::lvl-67.txt,200,16,0.19625,0.7928125,34,0.17,0,0.0,0.12,1.59,11,0.115,13,0.039120588991086946,0.960879411008913,1.856776016700816,1.883702447418851,0.48666150121065377,1.1754266206354005,3.416728508275464,0.1,0.0895800933125972,0.8274689631607893,0.8646076232528376,1770,3.4503586160587445
patternCount,patternCount::lvl-68.txt,200,16,0.1975,0.7896875,40,0.2,0,0.0,0.43,1.48,4,0.025,2,0.2530385756526068,0.7469614243473932,1.8388348811350088,2.116899407014108,0.7705047619047619,1.2749908097894016,2.8371327808815177,0.09,0.08087091757387248,0.8274689631607893,0.8646076232528376,1770,10.755227943936603
patternCount,patternCount::lvl-69.txt,200,16,0.1609375,0.8275,36,0.18,0,0.0,0.065,1.575,7,0.035,1,0.06966886638037406,0.9303311336196259,1.7676455913371008,1.8233104016989528,0.7871546168958743,1.050151763297297,2.739118361737712,0.095,0.08615863141524106,0.8274689631607893,0.8646076232528376,1770,4.169418612547118
patternCount,patternCount::lvl-7.txt,200,16,0.213125,0.773125,43,0.215,0,0.0,0.075,1.715,8,0.045,2,0.15728698735555313,0.8427130126444469,1.7551056268947243,1.9019602565577711,0.7294344858962692,1.2909656567622076,3.414483971503963,0.1,0.09611197511664074,0.8274689631607893,0.8646076232528376,1770,7.306350710694742
patternCount,patternCount::lvl-70.txt,200,16,0.185625,0.80375,33,0.165,0,0.0,0.44,1.45,4,0.02,1,0.22648425692238205,0.773515743077618,1.7730631988205856,2.005788226496019,0.8259603677221655,1.1977373862887553,3.4741144698528714,0.1,0.09331259720062209,0.8274689631607893,0.8646076232528376,1770,9.51963816408858
patternCount,patternCount::lvl-71.txt,200,16,0.1996875,0.7846875,49,0.245,0,0.0,0.04,1.89,6,0.035,2,0.19743339510461733,0.8025666048953827,1.7149982610282406,1.9046649164712208,0.7300616226071104,1.2039452526835124,3.0010015564184123,0.09,0.07993779160186625,0.8274689631607893,0.8646076232528376,1770,8.887861561654029
patternCount,patternCount::lvl-72.txt,200,16,0.1709375,0.8003125,91,0.455,0,0.0,0.08,2.005,4,0.025,2,0.15738427742073868,0.8426157225792613,1.6371210233638727,1.7744405229458955,0.6666041562759767,1.1705719402732158,3.1836072675840033,0.1,0.09455676516329704,0.8274689631607893,0.8646076232528376,1770,10.511844831257278
patternCount,patternCount::lvl-73.txt,200,16,0.175625,0.8059375,58,0.29,0,0.0,0.1,1.765,8,0.045,2,0.020521581257824884,0.9794784187421751,1.9690819542069253,1.979477405669689,0.7013006993006994,1.1500252228565775,3.269439409524053,0.1,0.08709175738724728,0.8274689631607893,0.8646076232528376,1770,5.320923607201272
patternCount,patternCount::lvl-74.txt,200,16,0.1478125,0.8171875,111,0.555,0,0.0,0.065,1.885,5,0.025,1,0.000595473331001517,0.9994045266689985,1.6306305748631933,1.6228574205794677,0.6554291905151267,1.0577570959624398,2.560799765377919,0.085,0.07589424572317263,0.8274689631607893,0.8646076232528376,1770,10.89301538603751
patternCount,patternCount::lvl-75.txt,200,16,0.1621875,0.8228125,47,0.235,0,0.0,0.34,1.395,2,0.015,2,0.1282577596488791,0.8717422403511209,1.3380638507329892,1.4259009805109417,0.7679798287345386,1.0752522711462886,2.77824834315872,0.085,0.06998444790046657,0.8274689631607893,0.8646076232528376,1770,6.558455875652887
patternCount,patternCount::lvl-76.txt,200,16,0.2340625,0.75375,38,0.19,0,0.0,0.065,3.135,9,0.045,1,0.23236859131502996,0.76763140868497,1.700289086958202,1.9306171006188222,0.7675835249042146,1.30417265435441,3.4499891147488984,0.1,0.0911353032659409,0.8274689631607893,0.8646076232528376,1770,9.988341967303171
patternCount,patternCount::lvl-77.txt,200,16,0.1925,0.7921875,48,0.24,0,0.0,0.05,1.505,3,0.015,1,0.2565516571327746,0.7434483428672254,1.685957402624064,1.9454346160490479,0.7899546351084812,1.2681735426822525,2.9589265216721308,0.09,0.09082426127527216,0.8274689631607893,0.8646076232528376,1770,11.164559940151971
patternCount,patternCount::lvl-78.txt,200,16,0.1884375,0.799375,38,0.19,0,0.0,0.335,1.86,7,0.05,3,2.9372598088994728e-05,0.999970627401911,1.9474926718705163,1.9375082447704792,0.7121673721340388,1.2106230406487133,3.5459169937257426,0.1,0.10171073094867807,0.8274689631607893,0.8646076232528376,1770,3.9015087447437637
patternCount,patternCount::lvl-79.txt,200,16,0.149375,0.840625,31,0.155,0,0.0,0.16,1.56,15,0.29,16,0.0029379726791114447,0.9970620273208886,1.9132119848897573,1.9026763963259234,0.3818086133459536,1.020677533740308,3.598629113389725,0.1,0.1020217729393468,0.8274689631607893,0.8646076232528376,1770,3.598563577304917
patternCount,patternCount::lvl-8.txt,200,16,0.131875,0.85375,45,0.225,0,0.0,0.26,1.245,12,0.18,13,0.1858248706459995,0.8141751293540005,3.0890555492443617,3.4062253525337436,0.44597134986225895,0.9259981485744596,2.6408486242844242,0.08,0.08304821150855365,0.8274689631607893,0.8646076232528376,1770,8.583237644779743
patternCount,patternCount::lvl-80.txt,200,16,0.1559375,0.816875,86,0.43,0,0.0,0.04,1.835,2,0.01,1,0.22348412750620983,0.7765158724937902,1.1680197929565639,1.3187742969752696,0.7163635062611807,1.080494067963847,2.705004377000432,0.095,0.07589424572317263,0.8274689631607893,0.8646076232528376,1770,12.021344179321217
patternCount,patternCount::lvl-81.txt,200,16,0.194375,0.79375,37,0.185,0,0.0,0.095,1.77,7,0.035,1,0.042113359442779164,0.9578866405572208,1.605776553094221,1.632260244039995,0.7854455435847209,1.1909794928353425,3.3316409411023677,0.095,0.09144634525660965,0.8274689631607893,0.8646076232528376,1770,3.96827250578542
patternCount,patternCount::lvl-82.txt,200,16,0.1746875,0.815625,30,0.15,0,0.0,0.065,1.755,8,0.04,1,0.09251189060325415,0.9074881093967458,1.7830949082731369,1.8621528971136596,0.7933792079207921,1.1136432456572196,3.104053489579482,0.1,0.0895800933125972,0.8274689631607893,0.8646076232528376,1770,4.461796728473823
patternCount,patternCount::lvl-83.txt,200,16,0.1790625,0.803125,56,0.28,0,0.0,0.355,1.465,2,0.01,1,0.6114577116753266,0.3885422883246734,1.2162143356374049,1.9413218660519498,0.7853101167315174,1.1928289111909638,2.6696402122299108,0.09,0.07029548989113531,0.8274689631607893,0.8646076232528376,1770,25.82037896997002
patternCount,patternCount::lvl-84.txt,200,16,0.210625,0.7765625,40,0.2,0,0.0,0.035,2.915,4,0.02,1,0.22440598541044354,0.7755940145895565,1.3373518252895142,1.5108197134502939,0.8007000000000001,1.198760222270528,2.9119649715632896,0.085,0.07216174183514774,0.8274689631607893,0.8646076232528376,1770,9.716045877267193
patternCount,patternCount::lvl-85.txt,200,16,0.20625,0.7834375,32,0.16,0,0.0,0.445,1.635,9,0.055,2,0.2109094245939357,0.7890905754060643,1.954631801055595,2.1891441580991438,0.7455482504604052,1.3152371865828223,3.1925711177284772,0.095,0.0942457231726283,0.8274689631607893,0.8646076232528376,1770,8.932468564810327
patternCount,patternCount::lvl-86.txt,200,16,0.1659375,0.8196875,45,0.225,0,0.0,0.04,1.475,6,0.03,1,0.22712517754352046,0.7728748224564795,1.1808162289133572,1.3362541971576491,0.7737468599033817,1.0985282542249237,2.892040414907512,0.1,0.07776049766718507,0.8274689631607893,0.8646076232528376,1770,9.892167279563296
patternCount,patternCount::lvl-87.txt,200,16,0.190625,0.7978125,36,0.18,0,0.0,0.12,2.03,6,0.035,2,0.012461131793272684,0.9875388682067273,1.8857805307594988,1.8879837036922509,0.7585436672967864,1.1927032497726973,3.500486402395329,0.095,0.09517884914463452,0.8274689631607893,0.8646076232528376,1770,3.700427794600047
patternCount,patternCount::lvl-88.txt,200,16,0.1490625,0.8365625,45,0.225,0,0.0,0.07,1.505,8,0.055,2,0.02301536549773653,0.9769846345022635,1.7445886850493864,1.7558013186005146,0.7125111111111111,1.0025808275377361,2.68453986519617,0.1,0.07807153965785381,0.8274689631607893,0.8646076232528376,1770,4.1926071929878805
patternCount,patternCount::lvl-89.txt,200,16,0.21,0.7775,39,0.195,0,0.0,0.075,1.915,7,0.04,2,0.02436686382392894,0.9756331361760711,2.0262115690362887,2.041023919985625,0.7443040854224698,1.249515505574561,3.382936083769069,0.1,0.08615863141524106,0.8274689631607893,0.8646076232528376,1770,3.929150617840494
patternCount,patternCount::lvl-9.txt,200,16,0.1821875,0.801875,50,0.25,0,0.0,0.075,1.765,8,0.04,1,0.06602479629409763,0.9339752037059024,1.6877689985564759,1.7374733884322382,0.7491635514018692,1.1408018403640132,2.8862514416256673,0.09,0.07993779160186625,0.8274689631607893,0.8646076232528376,1770,5.091387442296275
patternCount,patternCount::lvl-90.txt,200,16,0.1653125,0.82375,34,0.17,0,0.0,0.055,1.615,3,0.015,1,0.07295249250951785,0.9270475074904821,1.61894377418237,1.6729668889913276,0.8241452674897118,1.070106458044612,2.74897097308836,0.095,0.08055987558320374,0.8274689631607893,0.8646076232528376,1770,4.262989438834704
patternCount,patternCount::lvl-91.txt,200,16,0.1596875,0.8184375,69,0.345,0,0.0,0.065,1.65,2,0.01,1,0.008516126375181843,0.9914838736248182,1.4578341192218223,1.4567058278500158,0.7510656982193065,1.1016925068107386,2.928482561071544,0.09,0.07527216174183515,0.8274689631607893,0.8646076232528376,1770,6.619775101460182
patternCount,patternCount::lvl-92.txt,200,16,0.2065625,0.7825,34,0.17,0,0.0,0.095,2.565,2,0.01,1,0.003319143679584302,0.9966808563204157,1.5290242116238886,1.523890990195821,0.8335008316008315,1.2235256465917452,3.1562216662382716,0.095,0.08989113530326594,0.8274689631607893,0.8646076232528376,1770,4.007599560542505
patternCount,patternCount::lvl-93.txt,200,16,0.170625,0.7959375,106,0.53,0,0.0,0.375,1.825,7,0.04,2,0.40848947918483136,0.5915105208151686,1.7392752394845983,2.249882858258413,0.633478090766823,1.2045266425398284,3.1518188535260747,0.095,0.08740279937791602,0.8274689631607893,0.8646076232528376,1770,19.515270845470774
patternCount,patternCount::lvl-94.txt,200,16,0.188125,0.798125,43,0.215,0,0.0,0.07,2.285,5,0.03,2,0.09747633593771543,0.9025236640622846,1.258953974749532,1.3183487257694013,0.7497629560336762,1.1778368782847635,3.0792328300979364,0.085,0.08211508553654744,0.8274689631607893,0.8646076232528376,1770,5.481852646090266
patternCount,patternCount::lvl-95.txt,200,16,0.168125,0.8175,45,0.225,0,0.0,0.1,1.37,6,0.035,2,0.009327645625754277,0.9906723543742457,1.5898150793039685,1.5891116784849355,0.7393271889400921,1.1210590578312962,3.0452090600523136,0.095,0.08615863141524106,0.8274689631607893,0.8646076232528376,1770,4.319471131206709
patternCount,patternCount::lvl-96.txt,200,16,0.129375,0.8446875,82,0.41,0,0.0,0.095,1.395,2,0.015,2,0.07321164109871747,0.9267883589012825,0.8721808147766776,0.9013878188659973,0.6939415224913495,0.8972416323886395,1.9625997564606128,0.045,0.04541213063763608,0.8274689631607893,0.8646076232528376,1770,8.787796189529963
patternCount,patternCount::lvl-97.txt,200,16,0.1778125,0.8128125,29,0.145,0,0.0,0.345,1.765,12,0.275,20,0.38041597893466084,0.6195840210653392,2.6838999282747857,3.3924359344323105,0.3645218149307108,1.176145958234135,3.6740080047520456,0.1,0.1026438569206843,0.8274689631607893,0.8646076232528376,1770,15.912770167215479
patternCount,patternCount::lvl-98.txt,200,16,0.1615625,0.825,42,0.21,0,0.0,0.07,1.675,4,0.025,2,0.0012105902613338548,0.9987894097386661,1.5718375705632526,1.56474484721992,0.7589757575757575,1.0618028743054055,2.7786776494306316,0.1,0.07931570762052877,0.8274689631607893,0.8646076232528376,1770,4.145779320627881
patternCount,patternCount::lvl-99.txt,200,16,0.15625,0.828125,49,0.245,0,0.0,0.035,1.655,5,0.025,1,0.0200120696762649,0.9799879303237351,1.4166133791028175,1.4237587831313343,0.7721561234329797,1.0054597587649658,2.7522290255093815,0.09,0.06811819595645412,0.8274689631607893,0.8646076232528376,1770,4.819828913205111
patternOccur,patternOccur::lvl-1.txt,200,16,0.1865625,0.8059375,23,0.115,0,0.0,0.125,1.775,8,0.055,2,0.17543810354859513,0.8245618964514049,1.7797234384992409,1.9497499514427374,0.7579296506137866,1.1717311280906233,3.5724712678128943,0.1,0.10077760497667185,0.8727848867473499,0.9060962683057755,1770,7.284293150989837
patternOccur,patternOccur::lvl-10.txt,200,16,0.1890625,0.801875,28,0.14,0,0.0,0.17,1.95,15,0.075,1,0.028046649241682653,0.9719533507583173,2.0614876853203463,2.080100030042459,0.7482789571694599,1.1996353930426356,3.8602501199214196,0.1,0.11415241057542769,0.8727848867473499,0.9060962683057755,1770,3.4719633644143357
patternOccur,patternOccur::lvl-100.txt,200,16,0.199375,0.7915625,28,0.14,0,0.0,0.215,1.685,9,0.055,2,0.00029438964061223594,0.9997056103593878,2.0309338028478816,2.02078938625225,0.7491789571694599,1.2853306553394543,3.9813482029268745,0.1,0.11446345256609643,0.8727848867473499,0.9060962683057755,1770,3.788117196233696
patternOccur,patternOccur::lvl-11.txt,200,16,0.194375,0.7896875,50,0.25,0,0.0,0.13,2.155,11,0.08,6,0.011225219508752216,0.9887747804912478,2.03325723324082,2.0339184538805672,0.5951925925925926,1.2423980712920912,3.807284442032006,0.1,0.10979782270606532,0.8727848867473499,0.9060962683057755,1770,4.853832019214341
patternOccur,patternOccur::lvl-12.txt,200,16,0.2128125,0.775625,36,0.18,0,0.0,0.24,2.145,11,0.07,3,0.0028706139171840173,0.997129386082816,2.1743261442492643,2.166258495918114,0.6897315068493151,1.3320585080555754,4.0238974409036725,0.1,0.11975116640746501,0.8727848867473499,0.9060962683057755,1770,4.345460067862999
patternOccur,patternOccur::lvl-13.txt,200,16,0.19375,0.8,19,0.095,0,0.0,0.3,1.79,11,0.07,2,0.026444654213344965,0.973555345786655,2.0951126005440686,2.112459516085596,0.7488040854224699,1.2200518483178282,3.838036672600792,0.1,0.1104199066874028,0.8727848867473499,0.9060962683057755,1770,3.1822689329717275
patternOccur,patternOccur::lvl-14.txt,200,16,0.201875,0.78,57,0.285,0,0.0,0.32,2.125,16,0.095,2,0.03463819441083327,0.9653618055891667,2.218264847042705,2.2459212645123805,0.65104141821112,1.3088716643828824,3.899831199140214,0.1,0.1166407465007776,0.8727848867473499,0.9060962683057755,1770,5.6989535574448125
patternOccur,patternOccur::lvl-15.txt,200,16,0.2346875,0.7575,24,0.12,0,0.0,0.16,2.905,15,0.085,2,0.01396248179547166,0.9860375182045283,2.1763993674465314,2.180368505316247,0.7162124777183602,1.3206899410405968,3.7327290225405676,0.1,0.104199066874028,0.8727848867473499,0.9060962683057755,1770,3.5993768860621307
patternOccur,patternOccur::lvl-16.txt,200,16,0.17875,0.8125,27,0.135,0,0.0,0.32,1.725,10,0.23,34,0.37047226149064727,0.6295277385093527,2.5208290283713386,3.1606323791548494,0.30258659755646056,1.1670751516998705,3.8847585506951616,0.1,0.1026438569206843,0.8727848867473499,0.9060962683057755,1770,15.469392814076585
patternOccur,patternOccur::lvl-17.txt,200,16,0.2078125,0.7825,30,0.15,0,0.0,0.17,2.38,12,0.07,2,0.009803530220834134,0.9901964697791659,2.0690437952583025,2.0685153401934397,0.7241207207207208,1.252776329185745,3.786017194905677,0.1,0.10699844479004665,0.8727848867473499,0.9060962683057755,1770,3.555769915261421
patternOccur,patternOccur::lvl-18.txt,200,16,0.20125,0.79125,23,0.115,0,0.0,0.145,1.95,12,0.075,2,2.6577874588373795e-05,0.9999734221254116,1.9671481732742462,1.9568478694209863,0.7308344858962693,1.2630037262339013,3.822946739352272,0.1,0.10824261275272162,0.8727848867473499,0.9060962683057755,1770,3.411214404044164
patternOccur,patternOccur::lvl-19.txt,200,16,0.185,0.7965625,58,0.29,0,0.0,0.16,2.005,11,0.07,3,0.11235159250183668,0.8876484074981633,1.9868573594085075,2.097840117769279,0.6514982171799027,1.2217395233241257,3.829394960528321,0.1,0.11290824261275272,0.8727848867473499,0.9060962683057755,1770,6.817287534531542
patternOccur,patternOccur::lvl-2.txt,200,16,0.1978125,0.7925,30,0.15,0,0.0,0.305,1.735,6,0.03,1,0.0012465450536576217,0.9987534549463424,1.7725828697971033,1.764662241743993,0.8141808080808081,1.2583844106583504,3.847194486107798,0.1,0.10544323483670295,0.8727848867473499,0.9060962683057755,1770,3.83079070789345
patternOccur,patternOccur::lvl-20.txt,200,16,0.21625,0.7771875,20,0.1,0,0.0,0.125,1.98,13,0.07,2,0.01357997588165627,0.9864200241183437,2.000030361754233,2.0032893297629224,0.7432407407407406,1.293652168750119,3.814041159292323,0.1,0.10668740279937791,0.8727848867473499,0.9060962683057755,1770,3.39956771399114
patternOccur,patternOccur::lvl-21.txt,200,16,0.21375,0.77625,31,0.155,0,0.0,0.17,2.06,11,0.055,1,0.007352322142286649,0.9926476778577134,1.996293975102633,1.9933716592728286,0.7704182166826462,1.3383904635664152,4.0545540881345215,0.1,0.11788491446345256,0.8727848867473499,0.9060962683057755,1770,4.160909501732831
patternOccur,patternOccur::lvl-22.txt,200,16,0.1684375,0.821875,30,0.15,0,0.0,0.315,1.525,20,0.24,10,0.17153804169302644,0.8284619583069736,3.003224045084292,3.2824732554523766,0.45827740112994353,1.1287811817733568,3.8407912531957082,0.1,0.11384136858475895,0.8727848867473499,0.9060962683057755,1770,7.568477346607411
patternOccur,patternOccur::lvl-23.txt,200,16,0.1928125,0.7965625,33,0.165,0,0.0,0.305,1.75,13,0.08,3,0.08509172294554401,0.914908277054456,2.0440412448801446,2.1257050321379283,0.6846411365564038,1.2474923417970523,3.9642564869099655,0.1,0.11228615863141524,0.8727848867473499,0.9060962683057755,1770,4.599918229345742
patternOccur,patternOccur::lvl-24.txt,200,16,0.2184375,0.77125,32,0.16,0,0.0,0.175,2.15,7,0.035,1,0.05108949278735664,0.9489105072126434,1.7428616548763975,1.780012763830712,0.7987286282306162,1.318327850563741,3.8781283353212572,0.1,0.10668740279937791,0.8727848867473499,0.9060962683057755,1770,4.256178206036429
patternOccur,patternOccur::lvl-25.txt,200,16,0.1971875,0.793125,30,0.15,0,0.0,0.225,1.985,16,0.1,2,0.008264176041933191,0.9917358239580668,2.0999333019109634,2.0973579722006046,0.6882606837606837,1.2529912773838785,4.016094572572931,0.1,0.11415241057542769,0.8727848867473499,0.9060962683057755,1770,3.6011867837035574
patternOccur,patternOccur::lvl-26.txt,200,16,0.2003125,0.7940625,17,0.085,0,0.0,0.095,1.745,7,0.045,2,8.241957566934577e-05,0.9999175804243307,1.6426702125434773,1.634248252380642,0.7854455435847209,1.2430386954014403,3.5929231898506497,0.1,0.09860031104199067,0.8727848867473499,0.9060962683057755,1770,3.355936406347254
patternOccur,patternOccur::lvl-27.txt,200,16,0.2125,0.7715625,50,0.25,0,0.0,0.255,2.32,7,0.035,1,0.038598351646267126,0.9614016483537329,1.8980386680350378,1.9258632859278888,0.7598169811320755,1.329448090253826,3.926295823963135,0.1,0.10668740279937791,0.8727848867473499,0.9060962683057755,1770,5.201479572143007
patternOccur,patternOccur::lvl-28.txt,200,16,0.2065625,0.783125,32,0.16,0,0.0,0.165,2.355,15,0.08,2,0.0007433232942438694,0.9992566767057561,2.053420827164806,2.0434012358099376,0.7075253521126761,1.2608251602144116,3.8866681934168303,0.1,0.11726283048211508,0.8727848867473499,0.9060962683057755,1770,3.9219430704820346
patternOccur,patternOccur::lvl-29.txt,200,16,0.1846875,0.8090625,19,0.095,0,0.0,0.13,1.64,13,0.08,2,0.2829540121546913,0.7170459878453087,1.7368719111373918,2.0402537647410885,0.7318616226071104,1.1700018488354487,3.627967846949628,0.1,0.1026438569206843,0.8727848867473499,0.9060962683057755,1770,11.583280657633917
patternOccur,patternOccur::lvl-3.txt,200,16,0.20125,0.79,27,0.135,0,0.0,0.225,1.67,17,0.105,2,0.02762533956843105,0.972374660431569,2.324198159159987,2.3446742969107137,0.6876767719897523,1.2953753711901759,4.004002183196901,0.1,0.11321928460342146,0.8727848867473499,0.9060962683057755,1770,3.546788614641093
patternOccur,patternOccur::lvl-30.txt,200,16,0.19375,0.795625,33,0.165,0,0.0,0.125,2.02,5,0.035,2,0.008591733158983095,0.9914082668410169,1.8485747023229309,1.8470709023660536,0.7651310772163965,1.2215794699112434,3.740301979236364,0.1,0.10762052877138413,0.8727848867473499,0.9060962683057755,1770,3.7604637832592593
patternOccur,patternOccur::lvl-31.txt,200,16,0.1890625,0.7890625,69,0.345,0,0.0,0.125,2.125,11,0.055,1,0.1268401052853354,0.8731598947146646,1.7884146108984595,1.9039147809331056,0.6939433880726015,1.2404779022575623,3.739930136966102,0.1,0.09984447900466563,0.8727848867473499,0.9060962683057755,1770,7.971936538547218
patternOccur,patternOccur::lvl-32.txt,200,16,0.198125,0.7859375,50,0.25,0,0.0,0.145,2.17,16,0.09,2,0.11600236783069229,0.8839976321693077,2.126008477457034,2.2493325063943415,0.6640570247933885,1.2770371297944607,3.9632312071491143,0.1,0.1104199066874028,0.8727848867473499,0.9060962683057755,1770,6.3926562694610976
patternOccur,patternOccur::lvl-33.txt,200,16,0.2003125,0.7940625,17,0.085,0,0.0,0.14,2.06,11,0.08,4,0.04204508038685206,0.9579549196131479,1.8616807334909613,1.892059511927651,0.6859767719897524,1.212094735245369,3.8516465691856228,0.1,0.10917573872472784,0.8727848867473499,0.9060962683057755,1770,3.2097157816397837
patternOccur,patternOccur::lvl-34.txt,200,16,0.1765625,0.81375,30,0.15,0,0.0,0.145,1.78,13,0.08,2,0.05212907648331522,0.9478709235166848,1.9527675519215668,1.995105429848977,0.7108646017699115,1.1342213746314793,3.6639848915036133,0.1,0.10793157076205288,0.8727848867473499,0.9060962683057755,1770,3.5340491113311745
patternOccur,patternOccur::lvl-35.txt,200,16,0.2053125,0.785625,28,0.14,0,0.0,0.15,2.195,9,0.055,2,0.010841159088760932,0.9891588409112391,1.7750860568558366,1.775466900520466,0.74787895716946,1.257757739918995,3.9505107960447248,0.1,0.10668740279937791,0.8727848867473499,0.9060962683057755,1770,3.566414531752704
patternOccur,patternOccur::lvl-36.txt,200,16,0.190625,0.7984375,34,0.17,0,0.0,0.285,1.785,16,0.15,8,0.06954071735633871,0.9304592826436613,2.5687354954211403,2.6490180586363494,0.5313241787122208,1.2431090774267566,4.0868924813824385,0.1,0.1181959564541213,0.8727848867473499,0.9060962683057755,1770,4.435441890600155
patternOccur,patternOccur::lvl-37.txt,200,16,0.18375,0.7971875,60,0.3,0,0.0,0.155,1.825,6,0.035,2,0.0761291044154917,0.9238708955845083,1.929274192709118,1.9970261535118732,0.7110646017699115,1.218676008525718,3.7044570198851576,0.1,0.10668740279937791,0.8727848867473499,0.9060962683057755,1770,6.208881422672048
patternOccur,patternOccur::lvl-38.txt,200,16,0.2009375,0.7909375,25,0.125,0,0.0,0.125,2.12,12,0.07,2,0.05992417509075865,0.9400758249092414,2.0175381117484927,2.0699816297452105,0.7330936073059361,1.2313778180583372,3.7506389399065525,0.1,0.1104199066874028,0.8727848867473499,0.9060962683057755,1770,3.7395291432144693
patternOccur,patternOccur::lvl-39.txt,200,16,0.2115625,0.778125,32,0.16,0,0.0,0.16,2.03,11,0.07,2,0.003655340313343469,0.9963446596866565,1.701413380776098,1.6954406545580154,0.7200458781362007,1.2951042362010594,3.927682380131073,0.1,0.10637636080870917,0.8727848867473499,0.9060962683057755,1770,3.8749184922562643
patternOccur,patternOccur::lvl-4.txt,200,16,0.196875,0.7928125,32,0.16,0,0.0,0.12,2.28,15,0.08,2,0.0017138036311287186,0.9982861963688713,2.16648201254275,2.15713489357789,0.7066253521126761,1.2187021116446821,3.7728728354548857,0.1,0.10762052877138413,0.8727848867473499,0.9060962683057755,1770,3.5822930528926653
patternOccur,patternOccur::lvl-40.txt,200,16,0.1925,0.794375,41,0.205,0,0.0,0.155,1.925,10,0.055,2,0.023869081082577126,0.9761309189174229,2.045217058752722,2.0593735059237894,0.7218780772686434,1.2339878998155418,3.9044957084430347,0.1,0.11415241057542769,0.8727848867473499,0.9060962683057755,1770,4.266939219573116
patternOccur,patternOccur::lvl-41.txt,200,16,0.19625,0.7953125,26,0.13,0,0.0,0.135,1.885,13,0.075,2,4.164948519402856e-08,0.9999999583505148,1.8662308549862123,1.8563826409701452,0.7247216606498196,1.2421489518461593,3.984762489149771,0.1,0.11104199066874028,0.8727848867473499,0.9060962683057755,1770,3.5117094225367267
patternOccur,patternOccur::lvl-42.txt,200,16,0.1896875,0.7965625,43,0.215,0,0.0,0.29,1.93,16,0.095,2,0.008155984801204386,0.9918440151987956,2.2838580597392166,2.2811909459303563,0.6730226855713094,1.2339746159800202,4.0345472440592065,0.1,0.11446345256609643,0.8727848867473499,0.9060962683057755,1770,4.365632118958439
patternOccur,patternOccur::lvl-43.txt,200,16,0.224375,0.7671875,26,0.13,0,0.0,0.19,2.02,8,0.06,2,0.11510430536406557,0.8848956946359344,1.8996806377075943,2.0090202052597395,0.7459150278293135,1.3212307130218106,3.8206694377434927,0.1,0.10357698289269052,0.8727848867473499,0.9060962683057755,1770,5.441442379237451
patternOccur,patternOccur::lvl-44.txt,200,16,0.20125,0.7903125,26,0.13,0,0.0,0.285,1.93,11,0.065,2,0.041512692059506806,0.9584873079404932,2.1383629820953285,2.1730067415048606,0.7409941176470589,1.268299559067764,3.993976816724742,0.1,0.11539657853810265,0.8727848867473499,0.9060962683057755,1770,3.690603107329471
patternOccur,patternOccur::lvl-45.txt,200,16,0.2028125,0.785,38,0.19,0,0.0,0.165,2.205,9,0.055,2,0.03485887270807331,0.9651411272919267,1.8763767465172576,1.900039633289268,0.7279376811594204,1.2782527031642295,3.992038613311461,0.1,0.11228615863141524,0.8727848867473499,0.9060962683057755,1770,4.2067361674203
patternOccur,patternOccur::lvl-46.txt,200,16,0.22125,0.7709375,24,0.12,0,0.0,0.215,2.345,8,0.05,2,0.0008123873868984832,0.9991876126131015,1.8992535867900349,1.8902566885095167,0.7647562737642586,1.3342625136806037,3.9294295042791374,0.1,0.11539657853810265,0.8727848867473499,0.9060962683057755,1770,3.9606787586156402
patternOccur,patternOccur::lvl-47.txt,200,16,0.1903125,0.7934375,51,0.255,0,0.0,0.175,2.05,12,0.07,2,0.03701655990230279,0.9629834400976972,2.0765303383211644,2.1050717364238083,0.6855119352088661,1.2405527908388172,3.9427350320669348,0.1,0.11290824261275272,0.8727848867473499,0.9060962683057755,1770,5.0400689024349346
patternOccur,patternOccur::lvl-48.txt,200,16,0.2315625,0.7565625,37,0.185,0,0.0,0.14,2.235,3,0.015,1,0.020238904246774103,0.9797610957532259,1.6486603385651593,1.6571679891645883,0.8182943934760448,1.3672058206133115,3.707081847051138,0.1,0.10388802488335926,0.8727848867473499,0.9060962683057755,1770,4.574756700468062
patternOccur,patternOccur::lvl-49.txt,200,16,0.2065625,0.784375,28,0.14,0,0.0,0.13,1.86,8,0.04,1,0.0791445449159337,0.9208554550840663,1.741624753102375,1.8055461991503974,0.7994127490039842,1.3120640232736065,3.8501381825347756,0.1,0.10108864696734059,0.8727848867473499,0.9060962683057755,1770,4.46943742977018
patternOccur,patternOccur::lvl-5.txt,200,16,0.230625,0.760625,27,0.135,0,0.0,0.135,2.74,8,0.045,2,0.010961137316483294,0.9890388626835167,1.9118941576992465,1.91262574344424,0.7638798287345386,1.3373961102970806,3.8753652544158737,0.1,0.10855365474339036,0.8727848867473499,0.9060962683057755,1770,3.9229014933919606
patternOccur,patternOccur::lvl-50.txt,200,16,0.19375,0.795,35,0.175,0,0.0,0.32,1.785,16,0.09,2,0.000336483260557241,0.9996635167394428,2.112938877271816,2.102142423834099,0.6930952789699572,1.255234224051281,4.055726217669232,0.1,0.11726283048211508,0.8727848867473499,0.9060962683057755,1770,4.005248860645412
patternOccur,patternOccur::lvl-51.txt,200,16,0.1996875,0.789375,34,0.17,0,0.0,0.21,2.025,15,0.08,2,0.016182334586099967,0.9838176654139,2.1771020954082734,2.1834722343698094,0.7047253940455341,1.268440903919785,3.9853023793521163,0.1,0.11695178849144634,0.8727848867473499,0.9060962683057755,1770,3.9151235895466416
patternOccur,patternOccur::lvl-52.txt,200,16,0.1921875,0.7971875,33,0.165,0,0.0,0.25,1.835,18,0.1,2,0.03956606670741125,0.9604339332925887,2.308027479520598,2.3427257214229593,0.6835411365564038,1.2482623586270463,3.9351685238867424,0.1,0.11477449455676517,0.8727848867473499,0.9060962683057755,1770,3.8092982464933565
patternOccur,patternOccur::lvl-53.txt,200,16,0.1946875,0.7959375,29,0.145,0,0.0,0.28,1.855,15,0.09,2,0.023824862273318814,0.9761751377266812,2.2703011304105063,2.2859020826577043,0.7030716652136008,1.2463119459947842,4.045832007214236,0.1,0.1181959564541213,0.8727848867473499,0.9060962683057755,1770,3.630849609223558
patternOccur,patternOccur::lvl-54.txt,200,16,0.2084375,0.7803125,35,0.175,0,0.0,0.13,2.315,16,0.095,2,0.017970022453095313,0.9820299775469047,2.0220746417112028,2.02949156012049,0.6834510638297873,1.2671128472212203,3.885916989068766,0.095,0.1119751166407465,0.8727848867473499,0.9060962683057755,1770,3.890944067024249
patternOccur,patternOccur::lvl-55.txt,200,16,0.20625,0.785625,25,0.125,0,0.0,0.125,1.705,14,0.09,2,0.05014960860019746,0.9498503913998025,1.8981846537418892,1.9371501936951834,0.7073458149779736,1.3162488674744752,3.7010805828384346,0.1,0.1119751166407465,0.8727848867473499,0.9060962683057755,1770,3.7772046132442534
patternOccur,patternOccur::lvl-56.txt,200,16,0.210625,0.7815625,24,0.12,0,0.0,0.175,2.21,13,0.08,4,0.0068353932316405075,0.9931646067683595,2.129858135265979,2.126014616845723,0.6746409395973154,1.288740971712574,3.9734195279889786,0.1,0.11104199066874028,0.8727848867473499,0.9060962683057755,1770,3.461276129296294
patternOccur,patternOccur::lvl-57.txt,200,16,0.20625,0.7853125,26,0.13,0,0.0,0.19,2.13,20,0.11,2,0.008866903076400257,0.9911330969235997,2.2848365436528213,2.282858788554668,0.6829171477079796,1.2698800750840724,3.969098893998859,0.1,0.11477449455676517,0.8727848867473499,0.9060962683057755,1770,3.513470629567926
patternOccur,patternOccur::lvl-58.txt,200,16,0.196875,0.7803125,72,0.36,0,0.0,0.355,2.03,10,0.055,2,0.1327703305197484,0.8672296694802516,1.750118458796969,1.8694011513904512,0.6704499170812603,1.301249478843911,3.6366227856699176,0.1,0.10699844479004665,0.8727848867473499,0.9060962683057755,1770,8.47039274724148
patternOccur,patternOccur::lvl-59.txt,200,16,0.1840625,0.8071875,27,0.135,0,0.0,0.195,1.87,17,0.1,2,0.003361658670875567,0.9966383413291244,2.325552181512758,2.317178112366879,0.6929611541774333,1.174471764322459,3.7983651694866474,0.1,0.11010886469673406,0.8727848867473499,0.9060962683057755,1770,3.255294115402691
patternOccur,patternOccur::lvl-6.txt,200,16,0.190625,0.799375,31,0.155,0,0.0,0.185,1.78,17,0.095,2,0.005854053583658647,0.9941459464163414,2.2246906514455738,2.2195796937544467,0.6915761822871884,1.233348722076144,3.8983627949997155,0.1,0.11166407465007776,0.8727848867473499,0.9060962683057755,1770,3.5593519169347023
patternOccur,patternOccur::lvl-60.txt,200,16,0.201875,0.7821875,50,0.25,0,0.0,0.29,1.975,10,0.06,2,0.09603521032430129,0.9039647896756987,1.8695521405403466,1.9560862967314139,0.7014521739130435,1.303434065618301,3.9639284229035683,0.1,0.11353032659409021,0.8727848867473499,0.9060962683057755,1770,6.019169877372362
patternOccur,patternOccur::lvl-61.txt,200,16,0.2015625,0.79,26,0.13,0,0.0,0.12,2.18,16,0.095,2,0.031591599493248745,0.9684084005067513,1.9617610955064706,1.982756046532814,0.6992641114982577,1.229146407765162,3.7758551612567843,0.1,0.10948678071539658,0.8727848867473499,0.9060962683057755,1770,3.319163364216451
patternOccur,patternOccur::lvl-62.txt,200,16,0.191875,0.7996875,26,0.13,0,0.0,0.165,1.86,13,0.07,2,0.07770230581774973,0.9222976941822503,2.171177312163709,2.249163771845845,0.7318974499089252,1.2097758611946934,3.7705555694387134,0.1,0.10824261275272162,0.8727848867473499,0.9060962683057755,1770,4.069177073621878
patternOccur,patternOccur::lvl-63.txt,200,16,0.20625,0.7840625,30,0.15,0,0.0,0.205,2.24,13,0.075,3,0.0016922399462235838,0.9983077600537764,2.044024374910547,2.0351286867859506,0.6937551724137931,1.2679637586995336,3.987861731325847,0.1,0.11632970451010886,0.8727848867473499,0.9060962683057755,1770,3.8029209908340507
patternOccur,patternOccur::lvl-64.txt,200,16,0.201875,0.7878125,32,0.16,0,0.0,0.175,2.155,19,0.1,2,0.007637358375227721,0.9923626416247723,2.2684566096860492,2.265277751166632,0.6837721088435373,1.2611536888568953,3.9868427186670585,0.1,0.11975116640746501,0.8727848867473499,0.9060962683057755,1770,3.872847806563756
patternOccur,patternOccur::lvl-65.txt,200,16,0.2203125,0.7728125,21,0.105,0,0.0,0.165,2.3,11,0.06,2,0.014289315687110449,0.9857106843128896,1.9129556481473728,1.9168137603922057,0.7558870178739417,1.3227401293943677,3.941805313257126,0.1,0.10979782270606532,0.8727848867473499,0.9060962683057755,1770,3.627707886132482
patternOccur,patternOccur::lvl-66.txt,200,16,0.2140625,0.77625,30,0.15,0,0.0,0.155,1.955,13,0.065,1,0.0306421532667992,0.9693578467332008,1.9081350563482486,1.9278856195557492,0.7578169811320755,1.306724949156481,3.941374655749478,0.1,0.10637636080870917,0.8727848867473499,0.9060962683057755,1770,3.77486806122401
patternOccur,patternOccur::lvl-67.txt,200,16,0.1834375,0.8075,28,0.14,0,0.0,0.285,1.735,14,0.185,13,0.1907288042428542,0.8092711957571458,2.69907788188789,2.9847393000214146,0.45665828635851174,1.1939813495264504,3.9274956357206148,0.1,0.11757387247278382,0.8727848867473499,0.9060962683057755,1770,8.203404106822825
patternOccur,patternOccur::lvl-68.txt,200,16,0.2134375,0.778125,26,0.13,0,0.0,0.235,1.915,8,0.055,2,0.005610065288214172,0.9943899347117858,2.042860813479964,2.038082532093968,0.7537636704119851,1.3355834415458492,3.9274362432889296,0.1,0.11601866251944012,0.8727848867473499,0.9060962683057755,1770,3.901687879659305
patternOccur,patternOccur::lvl-69.txt,200,16,0.183125,0.80875,25,0.125,0,0.0,0.28,1.84,8,0.205,31,0.20691172479577757,0.7930882752042224,2.764405570035552,3.0881781330518425,0.32243168316831683,1.1827529566780772,3.8834573409756965,0.1,0.10451010886469674,0.8727848867473499,0.9060962683057755,1770,8.82827877121108
patternOccur,patternOccur::lvl-7.txt,200,16,0.214375,0.7765625,28,0.14,0,0.0,0.165,1.99,11,0.07,2,0.0013625928279026311,0.9986374071720974,1.9349306504051873,1.9260861468739354,0.7279376811594204,1.3107086837873552,4.04630572038662,0.1,0.11570762052877138,0.8727848867473499,0.9060962683057755,1770,3.903339090716668
patternOccur,patternOccur::lvl-70.txt,200,16,0.1803125,0.8003125,61,0.305,0,0.0,0.15,1.81,11,0.055,1,0.05068247039685525,0.9493175296031447,1.8745540957500042,1.9139485395522042,0.709090026478376,1.2008851516386194,3.716689023984174,0.095,0.11166407465007776,0.8727848867473499,0.9060962683057755,1770,6.013599312186725
patternOccur,patternOccur::lvl-71.txt,200,16,0.1996875,0.79,32,0.16,0,0.0,0.155,2.045,17,0.105,2,0.01399987953650983,0.9860001204634902,2.004031239933718,2.0073284626445664,0.6776362563237774,1.2356641183584232,3.940667073238584,0.1,0.11446345256609643,0.8727848867473499,0.9060962683057755,1770,3.65362096820716
patternOccur,patternOccur::lvl-72.txt,200,16,0.1884375,0.7925,60,0.3,0,0.0,0.14,2.02,6,0.045,2,0.08678982309052208,0.9132101769094779,1.8149473918243055,1.8894196126129061,0.6984521739130435,1.2355616761266681,3.7785481643939756,0.1,0.10388802488335926,0.8727848867473499,0.9060962683057755,1770,6.386857466770912
patternOccur,patternOccur::lvl-73.txt,200,16,0.2084375,0.7734375,57,0.285,0,0.0,0.265,2.205,9,0.05,2,0.056200306831684865,0.9437996931683151,2.0005221752017928,2.0486901677857103,0.7003477845351868,1.3240565891943965,3.8667455912458473,0.1,0.10699844479004665,0.8727848867473499,0.9060962683057755,1770,5.838941863812559
patternOccur,patternOccur::lvl-74.txt,200,16,0.1871875,0.794375,58,0.29,0,0.0,0.15,1.975,9,0.06,2,0.10423781234721274,0.8957621876527873,1.975643098861636,2.076643170934753,0.6844310051107326,1.2355184329454894,3.855674033538723,0.1,0.10855365474339036,0.8727848867473499,0.9060962683057755,1770,6.606630435697377
patternOccur,patternOccur::lvl-75.txt,200,16,0.20375,0.786875,29,0.145,0,0.0,0.24,2.22,13,0.115,9,0.13893031061003513,0.8610696893899649,2.4493860840489283,2.626234702648755,0.5464384563303994,1.2518981400636886,3.9323127274255967,0.1,0.11601866251944012,0.8727848867473499,0.9060962683057755,1770,6.252000711775602
patternOccur,patternOccur::lvl-76.txt,200,16,0.239375,0.7503125,32,0.16,0,0.0,0.11,3.035,8,0.05,2,0.14992602454450854,0.8500739754554915,1.892052136193809,2.041632489861192,0.7456944237918216,1.3462645676903373,3.632149411328902,0.1,0.10015552099533437,0.8727848867473499,0.9060962683057755,1770,6.855753967951489
patternOccur,patternOccur::lvl-77.txt,200,16,0.225,0.766875,25,0.125,0,0.0,0.175,2.4,9,0.05,2,0.00912025166903474,0.9908797483309653,2.003638991856241,2.0025428961228675,0.7617938388625591,1.3479256507002164,3.8990331142628234,0.1,0.10948678071539658,0.8727848867473499,0.9060962683057755,1770,3.8451336935355376
patternOccur,patternOccur::lvl-78.txt,200,16,0.191875,0.801875,19,0.095,0,0.0,0.33,1.85,14,0.075,2,0.0036533806128400403,0.99634661938716,2.0281934075949444,2.0213530312628114,0.7425705611775529,1.1960105315327247,3.638803013121351,0.1,0.10544323483670295,0.8727848867473499,0.9060962683057755,1770,3.0811793701631047
patternOccur,patternOccur::lvl-79.txt,200,16,0.184375,0.8040625,36,0.18,0,0.0,0.125,1.925,15,0.075,1,0.04409220803827729,0.9559077919617227,1.9816617486259465,2.0162099052583526,0.7310974499089252,1.1763744170087793,3.758303974632848,0.1,0.10668740279937791,0.8727848867473499,0.9060962683057755,1770,3.81318818164683
patternOccur,patternOccur::lvl-8.txt,200,16,0.2028125,0.786875,32,0.16,0,0.0,0.185,2.05,8,0.045,2,0.06441789112387253,0.9355821088761275,1.8169725912111254,1.868725238503668,0.75416904315197,1.2780511980835663,3.917191925238047,0.1,0.11477449455676517,0.8727848867473499,0.9060962683057755,1770,4.353160732190025
patternOccur,patternOccur::lvl-80.txt,200,16,0.1984375,0.785625,50,0.25,0,0.0,0.18,2.1,9,0.045,1,0.0674730877070473,0.9325269122929527,1.8953890362837778,1.9527223918652121,0.7443407407407407,1.2647561557170899,3.9217062473943853,0.1,0.11353032659409021,0.8727848867473499,0.9060962683057755,1770,5.44080500761474
patternOccur,patternOccur::lvl-81.txt,200,16,0.1784375,0.8140625,23,0.115,0,0.0,0.295,1.76,18,0.23,9,0.2512052439468715,0.7487947560531285,2.765799633438171,3.1795488640265677,0.4795530491415039,1.1532844924518568,3.879522218091528,0.1,0.11166407465007776,0.8727848867473499,0.9060962683057755,1770,10.483862174963338
patternOccur,patternOccur::lvl-82.txt,200,16,0.1928125,0.794375,40,0.2,0,0.0,0.175,1.95,12,0.07,2,0.011263946566711036,0.988736053433289,2.0246437512152826,2.0255110568033534,0.7052543859649122,1.244298233069375,3.952519884975683,0.1,0.11166407465007776,0.8727848867473499,0.9060962683057755,1770,4.150028448147827
patternOccur,patternOccur::lvl-83.txt,200,16,0.173125,0.820625,19,0.095,0,0.0,0.355,1.595,15,0.265,19,0.3238255962787936,0.6761744037212064,2.7057707807479865,3.273224986028448,0.3797129482999534,1.1322472618930797,3.790136316278132,0.1,0.1088646967340591,0.8727848867473499,0.9060962683057755,1770,13.489974430517302
patternOccur,patternOccur::lvl-84.txt,200,16,0.194375,0.79875,21,0.105,0,0.0,0.15,1.865,12,0.09,3,0.0004267825359965949,0.9995732174640034,1.985214910594559,1.975104707285745,0.6908761822871884,1.221641949483646,3.7576918003590105,0.1,0.10513219284603421,0.8727848867473499,0.9060962683057755,1770,3.1154461024251296
patternOccur,patternOccur::lvl-85.txt,200,16,0.190625,0.794375,47,0.235,0,0.0,0.18,1.94,10,0.05,1,0.001158365246334614,0.9988416347536654,2.1521257935398923,2.1424146372082693,0.7436555041628122,1.2528581253689604,3.8972751135990857,0.1,0.10948678071539658,0.8727848867473499,0.9060962683057755,1770,4.75856408877931
patternOccur,patternOccur::lvl-86.txt,200,16,0.1975,0.7865625,50,0.25,0,0.0,0.185,2.14,11,0.065,3,0.043593169188453795,0.9564068308115462,2.1870551075541362,2.2249037131288874,0.6703666666666667,1.2778083235528057,3.977808086701187,0.1,0.1181959564541213,0.8727848867473499,0.9060962683057755,1770,5.162990432219527
patternOccur,patternOccur::lvl-87.txt,200,16,0.1915625,0.8015625,21,0.105,0,0.0,0.12,1.975,12,0.075,2,0.03249248694691542,0.9675075130530846,2.0296677283672797,2.0527487793383767,0.7343304666056725,1.1869394083032376,3.7233841218666504,0.1,0.10668740279937791,0.8727848867473499,0.9060962683057755,1770,3.0686627580050327
patternOccur,patternOccur::lvl-88.txt,200,16,0.19625,0.79375,31,0.155,0,0.0,0.185,1.96,12,0.07,2,0.010073089064466245,0.9899269109355338,2.209145233310551,2.208881674679914,0.7224780772686434,1.2463309598041703,3.921949302143973,0.1,0.11384136858475895,0.8727848867473499,0.9060962683057755,1770,3.680424756607338
patternOccur,patternOccur::lvl-89.txt,200,16,0.21,0.780625,29,0.145,0,0.0,0.205,1.8,16,0.11,2,0.0009567065331188562,0.9990432934668811,2.446566558572575,2.434955714504316,0.6780679865206402,1.2911733972875972,3.9324059485207963,0.1,0.11632970451010886,0.8727848867473499,0.9060962683057755,1770,3.8128352149472797
patternOccur,patternOccur::lvl-9.txt,200,16,0.1978125,0.791875,32,0.16,0,0.0,0.14,2.195,14,0.075,2,0.06689916305180887,0.9331008369481911,2.1540812711837978,2.218498523821289,0.7132795737122558,1.21642468272792,3.81185016416704,0.095,0.10855365474339036,0.8727848867473499,0.9060962683057755,1770,4.073619698285392
patternOccur,patternOccur::lvl-90.txt,200,16,0.22,0.77,31,0.155,0,0.0,0.175,2.07,7,0.05,3,9.434203542268982e-05,0.9999056579645773,1.940554803427359,1.9306171006188222,0.7222780772686433,1.3290467996763722,3.955485133496855,0.1,0.11290824261275272,0.8727848867473499,0.9060962683057755,1770,4.072029858876523
patternOccur,patternOccur::lvl-91.txt,200,16,0.1765625,0.815625,24,0.12,0,0.0,0.14,1.71,12,0.06,1,0.10733516513357311,0.8926648348664269,2.041233689007309,2.1493634670779787,0.7779937984496124,1.1343495574948164,3.438050981340036,0.1,0.10015552099533437,0.8727848867473499,0.9060962683057755,1770,4.77282785236005
patternOccur,patternOccur::lvl-92.txt,200,16,0.2140625,0.778125,24,0.12,0,0.0,0.13,2.12,5,0.025,1,0.001064891134577084,0.9989351088654229,1.6635699599977063,1.655985857346309,0.8342008316008316,1.307962245437691,3.837263891656935,0.1,0.10451010886469674,0.8727848867473499,0.9060962683057755,1770,3.8810126547542896
patternOccur,patternOccur::lvl-93.txt,200,16,0.2034375,0.7875,28,0.14,0,0.0,0.14,1.955,11,0.055,1,0.0027743122432397627,0.9972256877567602,1.848815209578673,1.8418172075416133,0.7764943907156674,1.2826870744599432,3.9198802590150383,0.1,0.11135303265940902,0.8727848867473499,0.9060962683057755,1770,3.7849989882603214
patternOccur,patternOccur::lvl-94.txt,200,16,0.1934375,0.790625,50,0.25,0,0.0,0.305,1.805,15,0.085,2,0.04098452197003133,0.9590154780299687,1.9734067698626498,2.0043859643692015,0.6727666666666666,1.2729955924900427,3.9794986719094068,0.1,0.11353032659409021,0.8727848867473499,0.9060962683057755,1770,5.0357651496134235
patternOccur,patternOccur::lvl-95.txt,200,16,0.2140625,0.778125,24,0.12,0,0.0,0.18,2.205,10,0.065,2,0.0037926297044447166,0.9962073702955553,1.9823169434909855,1.9758226840959698,0.7429715341959335,1.291616300402864,3.9828333153385778,0.1,0.11632970451010886,0.8727848867473499,0.9060962683057755,1770,3.741085673701214
patternOccur,patternOccur::lvl-96.txt,200,16,0.1921875,0.7909375,53,0.265,0,0.0,0.195,2.23,11,0.06,2,0.002899130487145518,0.9971008695128545,2.0229625511103015,2.0153221671732786,0.6941502157031925,1.2381860528119009,3.857405530399259,0.1,0.1088646967340591,0.8727848867473499,0.9060962683057755,1770,5.172158870741508
patternOccur,patternOccur::lvl-97.txt,200,16,0.22375,0.7678125,26,0.13,0,0.0,0.17,1.81,15,0.095,2,0.03394458827326785,0.9660554117267321,1.9505542235515287,1.9738286494827226,0.7002641114982577,1.3247943101707578,3.919597624288939,0.1,0.11135303265940902,0.8727848867473499,0.9060962683057755,1770,3.734275771733156
patternOccur,patternOccur::lvl-98.txt,200,16,0.206875,0.7753125,56,0.28,0,0.0,0.255,2.265,8,0.05,2,0.05323277403457294,0.9467672259654271,1.8884502225398012,1.9307839648957972,0.7019641114982578,1.321897359796882,4.008434897871493,0.1,0.11695178849144634,0.8727848867473499,0.9060962683057755,1770,5.86171029071678
patternOccur,patternOccur::lvl-99.txt,200,16,0.213125,0.7815625,16,0.08,0,0.0,0.18,2.09,11,0.065,2,6.318960858564537e-06,0.9999936810391414,1.7558598352354757,1.7466481780851801,0.7597436672967864,1.260946389833371,3.8379998030170275,0.1,0.10482115085536547,0.8727848867473499,0.9060962683057755,1770,3.433051931907795
patternWeightCount,patternWeightCount::lvl-1.txt,200,16,0.1690625,0.821875,28,0.14,0,0.0,0.13,1.85,30,0.24,5,0.03347832187304034,0.9665216781269597,1.9569458267673512,1.9777485057190076,0.5141089514066497,1.0980065479904102,3.806415326691613,0.1,0.11539657853810265,0.8654046962644686,0.8963787077596355,1770,3.33341432989523
patternWeightCount,patternWeightCount::lvl-10.txt,200,16,0.224375,0.7696875,18,0.09,0,0.0,0.1,2.12,12,0.065,2,0.0038495904389095337,0.9961504095610905,1.6240632162620618,1.6186564776141152,0.7538796992481203,1.25986024807378,3.5557668483754137,0.095,0.1057542768273717,0.8654046962644686,0.8963787077596355,1770,3.566679301958973
patternWeightCount,patternWeightCount::lvl-100.txt,200,16,0.206875,0.7890625,12,0.06,0,0.0,0.21,2.225,13,0.08,2,0.0024458244573652976,0.9975541755426347,2.167036596555103,2.158478611930973,0.7476944237918216,1.2372272272179996,3.685595851991372,0.1,0.09766718506998445,0.8654046962644686,0.8963787077596355,1770,3.1144938549317462
patternWeightCount,patternWeightCount::lvl-11.txt,200,16,0.2334375,0.7625,12,0.06,0,0.0,0.135,2.895,9,0.055,2,0.0011905102299758497,0.9988094897700242,1.8309643209985824,1.8226839982612733,0.7824270955165693,1.2914798179217268,3.623847414370197,0.1,0.09797822706065319,0.8654046962644686,0.8963787077596355,1770,3.612476043344383
patternWeightCount,patternWeightCount::lvl-12.txt,200,16,0.201875,0.7909375,22,0.11,0,0.0,0.145,2.075,12,0.065,2,0.016082278760549573,0.9839177212394504,2.1211251612029,2.127395582822331,0.7463944237918216,1.2446810252457894,3.8777623948420237,0.1,0.11104199066874028,0.8654046962644686,0.8963787077596355,1770,3.3236330405255012
patternWeightCount,patternWeightCount::lvl-13.txt,200,16,0.2515625,0.74375,14,0.07,0,0.0,0.15,2.155,11,0.065,2,0.04314511525446185,0.9568548847455381,1.935330154204288,1.9683614619943557,0.7634562737642586,1.387276567799562,3.800591352472455,0.1,0.10544323483670295,0.8654046962644686,0.8963787077596355,1770,4.10541209879925
patternWeightCount,patternWeightCount::lvl-14.txt,200,16,0.2090625,0.781875,28,0.14,0,0.0,0.195,2.17,10,0.055,2,0.02418908499743988,0.9758109150025601,1.8545923526375372,1.8676341864581198,0.74877895716946,1.2842508412702394,3.9472961406538714,0.1,0.11446345256609643,0.8654046962644686,0.8963787077596355,1770,3.7620516488096194
patternWeightCount,patternWeightCount::lvl-15.txt,200,16,0.1996875,0.79375,20,0.1,0,0.0,0.455,1.76,10,0.075,3,0.08268209257543291,0.9173179074245671,1.9993309385947655,2.076647481917608,0.7170646017699115,1.2441705341447655,3.7265806803031998,0.1,0.1057542768273717,0.8654046962644686,0.8963787077596355,1770,4.092084628837885
patternWeightCount,patternWeightCount::lvl-16.txt,200,16,0.178125,0.814375,23,0.115,0,0.0,0.125,1.845,25,0.19,4,0.0022583050040851926,0.9977416949959148,1.8976371992983732,1.8883043973043867,0.5702785663591199,1.1418732660566524,3.843245799854691,0.1,0.1104199066874028,0.8654046962644686,0.8963787077596355,1770,3.0454041343096616
patternWeightCount,patternWeightCount::lvl-17.txt,200,16,0.244375,0.74875,21,0.105,0,0.0,0.11,2.005,9,0.045,1,0.0823047849677675,0.9176952150322325,1.70978529166433,1.7755396384796058,0.8078394763343404,1.369565350937819,3.7324908422497884,0.1,0.10357698289269052,0.8654046962644686,0.8963787077596355,1770,4.803988129558135
patternWeightCount,patternWeightCount::lvl-18.txt,200,16,0.1978125,0.7953125,21,0.105,0,0.0,0.125,1.81,9,0.055,3,0.02057968549084943,0.9794203145091506,1.8585460352912293,1.868265174556726,0.7344304666056725,1.2433414047782732,3.6961569395332132,0.1,0.09953343701399689,0.8654046962644686,0.8963787077596355,1770,3.090994422861966
patternWeightCount,patternWeightCount::lvl-19.txt,200,16,0.203125,0.7928125,12,0.06,0,0.0,0.135,2.035,10,0.055,2,0.0956402914021226,0.9043597085978774,1.5954743209749112,1.668957979002792,0.7824270955165693,1.1916664491935156,3.5426443831884353,0.1,0.1020217729393468,0.8654046962644686,0.8963787077596355,1770,4.543148137051642
patternWeightCount,patternWeightCount::lvl-2.txt,200,16,0.1609375,0.83625,8,0.04,0,0.0,0.07,1.545,32,0.16,1,0.2979217666406483,0.7020782333593517,1.486211204941078,1.7632043967608624,0.6770756756756756,1.0114327942450896,3.0107227124519853,0.095,0.09206842923794713,0.8654046962644686,0.8963787077596355,1770,12.170328997686163
patternWeightCount,patternWeightCount::lvl-20.txt,200,16,0.17125,0.8009375,88,0.44,0,0.0,0.255,1.685,11,0.06,2,0.3392861806569004,0.6607138193430996,1.5385993259846078,1.8829251706500691,0.6380113924050632,1.1937652576773206,3.302224226172042,0.1,0.08491446345256609,0.8654046962644686,0.8963787077596355,1770,15.99264517670848
patternWeightCount,patternWeightCount::lvl-21.txt,200,16,0.219375,0.776875,11,0.055,0,0.0,0.205,1.855,11,0.06,2,0.059229903521189065,0.9407700964788109,1.7353643443747266,1.7798159889233167,0.7785433688286544,1.3417518327624576,3.985788039107847,0.1,0.11539657853810265,0.8654046962644686,0.8963787077596355,1770,4.203942619077363
patternWeightCount,patternWeightCount::lvl-22.txt,200,16,0.18125,0.811875,21,0.105,0,0.0,0.2,1.9,27,0.2,3,1.3042777413652118e-08,0.9999999869572226,2.3322370407869246,2.3186378901771785,0.5824526391901663,1.1540987186646285,3.9676732375035795,0.1,0.11695178849144634,0.8654046962644686,0.8963787077596355,1770,3.186220375306817
patternWeightCount,patternWeightCount::lvl-23.txt,200,16,0.15625,0.8390625,14,0.07,0,0.0,0.115,1.465,30,0.155,2,0.22829138398436855,0.7717086160156315,1.6250637767884566,1.8389669132310342,0.6516506493506493,1.0129670332056373,3.1640234257228284,0.1,0.09175738724727839,0.8654046962644686,0.8963787077596355,1770,9.236613437468138
patternWeightCount,patternWeightCount::lvl-24.txt,200,16,0.1559375,0.836875,22,0.11,0,0.0,0.075,1.505,26,0.135,2,0.1880290955835433,0.8119709044164567,1.7275897949196255,1.9063506527219631,0.6593947368421053,1.0239004625358283,3.3034615286503315,0.1,0.0926905132192846,0.8654046962644686,0.8963787077596355,1770,7.621816400214232
patternWeightCount,patternWeightCount::lvl-25.txt,200,16,0.1884375,0.8015625,31,0.155,0,0.0,0.33,1.675,18,0.09,1,0.02345808292343743,0.9765419170765626,2.1213833033173866,2.135383219903368,0.7253780772686435,1.216444982328455,4.008731594839973,0.1,0.1150855365474339,0.8654046962644686,0.8963787077596355,1770,3.5959969197233077
patternWeightCount,patternWeightCount::lvl-26.txt,200,16,0.1934375,0.7959375,33,0.165,0,0.0,0.135,1.94,11,0.055,1,0.1454766606792698,0.8545233393207302,1.7001921104804585,1.8295751401318119,0.7653310772163966,1.2167600786075343,3.8014593431963672,0.1,0.10948678071539658,0.8654046962644686,0.8963787077596355,1770,6.525288736730744
patternWeightCount,patternWeightCount::lvl-27.txt,200,16,0.1921875,0.799375,26,0.13,0,0.0,0.24,1.87,20,0.13,3,0.004009648421056111,0.9959903515789439,2.290656763420545,2.282822442795838,0.6407300476947536,1.2145210837136737,4.033402873409862,0.1,0.12099533437013997,0.8654046962644686,0.8963787077596355,1770,3.517071708091865
patternWeightCount,patternWeightCount::lvl-28.txt,200,16,0.20375,0.78875,23,0.115,0,0.0,0.14,1.85,13,0.075,2,3.5624645653431486e-06,0.9999964375354347,1.8726926170759772,1.862916794807272,0.7307344858962693,1.2782873439791596,3.9472055815831486,0.1,0.10855365474339036,0.8654046962644686,0.8963787077596355,1770,3.484644251586582
patternWeightCount,patternWeightCount::lvl-29.txt,200,16,0.196875,0.7965625,20,0.1,0,0.0,0.405,1.735,5,0.03,2,0.001201904454006697,0.9987980955459933,1.4404154193821084,1.4339094874360447,0.8081,1.2303060958190284,3.470246172915682,0.1,0.09455676516329704,0.8654046962644686,0.8963787077596355,1770,3.470030342121462
patternWeightCount,patternWeightCount::lvl-3.txt,200,16,0.1984375,0.795625,18,0.09,0,0.0,0.425,1.735,9,0.045,1,0.0627837291264739,0.9372162708735261,1.7287747938676326,1.7766533720050022,0.8215081300813007,1.2340384249840124,3.438967906238484,0.1,0.095800933125972,0.8654046962644686,0.8963787077596355,1770,3.694321869384443
patternWeightCount,patternWeightCount::lvl-30.txt,200,16,0.205,0.7753125,62,0.31,0,0.0,0.305,2.12,9,0.045,1,0.1350448435392113,0.8649551564607887,1.8413936148116583,1.9698024174854938,0.7229458781362007,1.3240226506819819,3.7811145704379223,0.1,0.10357698289269052,0.8654046962644686,0.8963787077596355,1770,7.800508754139306
patternWeightCount,patternWeightCount::lvl-31.txt,200,16,0.26125,0.7346875,12,0.06,0,0.0,0.125,3.305,8,0.045,2,0.10647084516428251,0.8935291548357175,1.6431878305766585,1.7293487943819952,0.7977286282306163,1.377090732320372,3.422417098817133,0.1,0.09020217729393468,0.8654046962644686,0.8963787077596355,1770,5.492805613369349
patternWeightCount,patternWeightCount::lvl-32.txt,200,16,0.196875,0.799375,11,0.055,0,0.0,0.125,2.06,14,0.075,2,0.1230973420912792,0.8769026579087208,1.8308530827703589,1.9448223042257229,0.7550870178739417,1.1868426321468786,3.6608693689352294,0.1,0.10513219284603421,0.8654046962644686,0.8963787077596355,1770,5.358583563689931
patternWeightCount,patternWeightCount::lvl-33.txt,200,16,0.1928125,0.800625,20,0.1,0,0.0,0.15,1.975,13,0.075,2,0.13901605945346507,0.8609839405465349,1.931191179338522,2.0703413784750313,0.7369449541284403,1.1886209975934312,3.7351806063621527,0.1,0.10606531881804043,0.8654046962644686,0.8963787077596355,1770,5.897542490221733
patternWeightCount,patternWeightCount::lvl-34.txt,200,16,0.2240625,0.76875,22,0.11,0,0.0,0.195,2.66,14,0.095,4,0.006476440310066334,0.9935235596899337,2.3679783121358002,2.3634062777509084,0.6617947368421053,1.294281398016132,3.5668329425857714,0.1,0.10357698289269052,0.8654046962644686,0.8963787077596355,1770,3.3691513917284865
patternWeightCount,patternWeightCount::lvl-35.txt,200,16,0.1646875,0.8290625,19,0.095,0,0.0,0.21,1.41,17,0.095,2,0.16982781084737064,0.8301721891526294,2.0892495768323083,2.2809110902580247,0.714049157054126,1.071567541072001,3.3364677315372777,0.1,0.09300155520995335,0.8654046962644686,0.8963787077596355,1770,6.888563428755092
patternWeightCount,patternWeightCount::lvl-36.txt,200,16,0.1878125,0.804375,24,0.12,0,0.0,0.155,1.95,15,0.08,2,0.06696593760006342,0.9330340623999366,2.083535308321572,2.145686820249872,0.7225244604316546,1.1744980888928245,3.636973010739745,0.1,0.10513219284603421,0.8654046962644686,0.8963787077596355,1770,3.6120290643174195
patternWeightCount,patternWeightCount::lvl-37.txt,200,16,0.1915625,0.803125,16,0.08,0,0.0,0.165,1.805,10,0.05,1,0.19732483977651416,0.8026751602234858,1.9396927372368908,2.1540075468630806,0.8130165991902835,1.1851154725512183,3.514946297060857,0.1,0.10015552099533437,0.8654046962644686,0.8963787077596355,1770,8.158765015410005
patternWeightCount,patternWeightCount::lvl-38.txt,200,16,0.199375,0.7875,41,0.205,0,0.0,0.27,1.99,12,0.065,2,0.011917040308681792,0.9880829596913182,2.169075126876022,2.1708970989737577,0.711490026478376,1.27889606595312,3.9675038444366213,0.1,0.11601866251944012,0.8654046962644686,0.8963787077596355,1770,4.386596739731029
patternWeightCount,patternWeightCount::lvl-39.txt,200,16,0.19125,0.80375,15,0.075,0,0.0,0.19,1.43,11,0.06,2,0.023352078880017002,0.976647921119983,1.5129008291255333,1.5228448690401348,0.7693502392344498,1.2052311352297735,3.356389259775051,0.1,0.08989113530326594,0.8654046962644686,0.8963787077596355,1770,3.052359615584835
patternWeightCount,patternWeightCount::lvl-4.txt,200,16,0.18125,0.811875,21,0.105,0,0.0,0.08,1.895,11,0.055,1,0.18530888854477567,0.8146911114552243,1.6226288598090848,1.7882857893879098,0.7913334649555777,1.1340187241638036,3.404694745985904,0.1,0.10108864696734059,0.8654046962644686,0.8963787077596355,1770,7.678436145717034
patternWeightCount,patternWeightCount::lvl-40.txt,200,16,0.201875,0.7909375,22,0.11,0,0.0,0.145,2.005,8,0.055,3,0.11185602508805603,0.888143974911944,1.95373590428353,2.0624599292822166,0.7328270072992701,1.232758343982491,3.76322522045037,0.1,0.11073094867807154,0.8654046962644686,0.8963787077596355,1770,5.111415047542582
patternWeightCount,patternWeightCount::lvl-41.txt,200,16,0.2153125,0.775,30,0.15,0,0.0,0.185,2.27,14,0.07,1,0.009484017919718646,0.9905159820802814,1.8078476656490576,1.8068453830461564,0.7513635514018693,1.318567955034649,4.078541708689157,0.1,0.12068429237947123,0.8654046962644686,0.8963787077596355,1770,4.127156196921045
patternWeightCount,patternWeightCount::lvl-42.txt,200,16,0.1975,0.785,55,0.275,0,0.0,0.315,2.03,14,0.085,2,0.05971449900838499,0.940285500991615,2.115709832764356,2.1704631702159536,0.6647362139917695,1.2918361130606046,3.9270351983915335,0.1,0.1150855365474339,0.8654046962644686,0.8963787077596355,1770,5.6927738375110195
patternWeightCount,patternWeightCount::lvl-43.txt,200,16,0.18375,0.8096875,20,0.1,0,0.0,0.165,1.895,14,0.085,2,0.16368822334279487,0.8363117766572051,2.0419581382713394,2.221145183048535,0.7240207207207205,1.1518369846460788,3.614821874663153,0.1,0.10357698289269052,0.8654046962644686,0.8963787077596355,1770,6.754271398145851
patternWeightCount,patternWeightCount::lvl-44.txt,200,16,0.204375,0.7853125,32,0.16,0,0.0,0.215,2.1,11,0.065,2,4.0208465579505415e-05,0.9999597915344205,2.0002887048387517,1.9898832670955013,0.7276273056057867,1.2801121825578015,3.9969504981915467,0.1,0.11975116640746501,0.8654046962644686,0.8963787077596355,1770,4.060959236987143
patternWeightCount,patternWeightCount::lvl-45.txt,200,16,0.2053125,0.7796875,47,0.235,0,0.0,0.285,2.065,12,0.07,2,0.07603957171473541,0.9239604282852646,1.9022808003326408,1.9686211983109088,0.6947611541774333,1.3073418982900227,3.9502453161390743,0.1,0.1119751166407465,0.8654046962644686,0.8963787077596355,1770,5.369419807090381
patternWeightCount,patternWeightCount::lvl-46.txt,200,16,0.2128125,0.77125,50,0.25,0,0.0,0.3,2.26,11,0.06,2,0.059267269534103106,0.9407327304658969,1.8369519126867742,1.883991238649602,0.7016521739130435,1.3322827786620592,3.8825400810366215,0.1,0.11321928460342146,0.8654046962644686,0.8963787077596355,1770,5.433145649310562
patternWeightCount,patternWeightCount::lvl-47.txt,200,16,0.191875,0.804375,11,0.055,0,0.0,0.1,1.885,9,0.045,1,0.1498043803794129,0.8501956196205871,1.7244565019519955,1.8605552107965377,0.8327372793354103,1.1666642962786373,3.379394739859775,0.1,0.09922239502332815,0.8654046962644686,0.8963787077596355,1770,6.377527062415648
patternWeightCount,patternWeightCount::lvl-48.txt,200,16,0.2303125,0.7653125,13,0.065,0,0.0,0.175,1.94,10,0.055,2,0.09615891052731995,0.90384108947268,1.6663440866814776,1.7437330257869892,0.7809538386783285,1.4037738485309272,3.6980378882000244,0.095,0.10482115085536547,0.8654046962644686,0.8963787077596355,1770,5.102808390767288
patternWeightCount,patternWeightCount::lvl-49.txt,200,16,0.2059375,0.789375,14,0.07,0,0.0,0.315,1.935,9,0.055,2,0.0030016528935017384,0.9969983471064983,1.936699239703196,1.9296400825351427,0.7814937984496123,1.2467055024484812,3.8316048242558938,0.1,0.10108864696734059,0.8654046962644686,0.8963787077596355,1770,3.276804454508433
patternWeightCount,patternWeightCount::lvl-5.txt,200,16,0.2028125,0.7871875,31,0.155,0,0.0,0.21,1.815,11,0.065,2,0.013312118013737662,0.9866878819862623,2.0160198645331144,2.0190307760835338,0.7294946509519491,1.2912331572682971,4.127910001519776,0.1,0.11570762052877138,0.8654046962644686,0.8963787077596355,1770,3.849915533936662
patternWeightCount,patternWeightCount::lvl-50.txt,200,16,0.1940625,0.80125,14,0.07,0,0.0,0.55,1.525,11,0.07,3,0.10923795288673555,0.8907620471132645,1.9335574481955988,2.0381567261220828,0.7369528130671507,1.2036344743767244,3.48202610627015,0.1,0.09922239502332815,0.8654046962644686,0.8963787077596355,1770,4.7787313878350925
patternWeightCount,patternWeightCount::lvl-51.txt,200,16,0.2040625,0.7909375,15,0.075,0,0.0,0.39,2.04,14,0.08,2,0.1513596488135116,0.8486403511864884,1.834855851664981,1.981207728986465,0.7451271889400922,1.2320357280748109,3.588137759929841,0.1,0.1026438569206843,0.8654046962644686,0.8963787077596355,1770,6.38316512658213
patternWeightCount,patternWeightCount::lvl-52.txt,200,16,0.2084375,0.78125,32,0.16,0,0.0,0.19,2.295,11,0.06,2,0.011216348999479764,0.9887836510005202,1.9278787782723665,1.9287108044297232,0.7337270072992701,1.2798092843028372,4.039618138534607,0.1,0.11632970451010886,0.8654046962644686,0.8963787077596355,1770,3.9446292818443367
patternWeightCount,patternWeightCount::lvl-53.txt,200,16,0.1846875,0.798125,54,0.27,0,0.0,0.125,2.055,8,0.045,2,0.17225712857724074,0.8277428714227593,1.7345992824949943,1.8967111059540571,0.7092137809187279,1.1992797951411869,3.5901723663575695,0.095,0.104199066874028,0.8654046962644686,0.8963787077596355,1770,8.289801517143145
patternWeightCount,patternWeightCount::lvl-54.txt,200,16,0.2084375,0.785625,18,0.09,0,0.0,0.14,2.225,11,0.06,2,0.06609181765086725,0.9339081823491328,1.9371292235174578,1.9941960492819477,0.7618132827324479,1.2374602590249582,3.827935284603727,0.1,0.11010886469673406,0.8654046962644686,0.8963787077596355,1770,3.842325738750771
patternWeightCount,patternWeightCount::lvl-55.txt,200,16,0.226875,0.7659375,22,0.11,0,0.0,0.13,2.805,12,0.065,2,0.0015418742121796614,0.9984581257878203,1.7932228677327406,1.7852355509070008,0.7460944237918217,1.2936091837814918,3.8031660053661964,0.1,0.10357698289269052,0.8654046962644686,0.8963787077596355,1770,3.6018916913138646
patternWeightCount,patternWeightCount::lvl-56.txt,200,16,0.2134375,0.78,20,0.1,0,0.0,0.305,2.005,13,0.075,2,0.021179064612357856,0.9788209353876421,1.9646072690799306,1.975378433219084,0.7400449541284403,1.3171404763330632,4.060954438464544,0.1,0.11321928460342146,0.8654046962644686,0.8963787077596355,1770,3.5644604917729903
patternWeightCount,patternWeightCount::lvl-57.txt,200,16,0.2271875,0.768125,14,0.07,0,0.0,0.08,2.835,8,0.04,1,0.00027860966125314857,0.9997213903387469,1.241573331991233,1.235261965967532,0.8332008316008316,1.2627199810454504,3.3671320439091885,0.095,0.09455676516329704,0.8654046962644686,0.8963787077596355,1770,3.8956561987320826
patternWeightCount,patternWeightCount::lvl-58.txt,200,16,0.204375,0.7878125,24,0.12,0,0.0,0.17,2.22,15,0.085,2,0.010740032170673985,0.989259967829326,2.127865141433967,2.1282128872168715,0.7164124777183601,1.246919720849346,3.885817051895645,0.1,0.1166407465007776,0.8654046962644686,0.8963787077596355,1770,3.4819103821465953
patternWeightCount,patternWeightCount::lvl-59.txt,200,16,0.2265625,0.7690625,13,0.065,0,0.0,0.11,2.085,10,0.05,1,9.52401221885335e-05,0.9999047598778115,1.4715966966039205,1.4640217051931295,0.8193603677221655,1.3377410208008795,3.8383397527675265,0.1,0.09704510108864697,0.8654046962644686,0.8963787077596355,1770,3.8877096291113165
patternWeightCount,patternWeightCount::lvl-6.txt,200,16,0.2209375,0.7684375,33,0.165,0,0.0,0.145,2.57,10,0.05,1,0.00010072819755002627,0.99989927180245,1.9017643212171407,1.8920818432383317,0.7728711260827719,1.3102074604702163,3.910841056423832,0.1,0.10948678071539658,0.8654046962644686,0.8963787077596355,1770,4.13862716024529
patternWeightCount,patternWeightCount::lvl-60.txt,200,16,0.1953125,0.79625,26,0.13,0,0.0,0.19,1.875,13,0.095,4,0.02505023653574001,0.97494976346426,2.3509459174917677,2.3686520515229694,0.6552657980456027,1.2203543714841,3.956385286990178,0.1,0.11384136858475895,0.8654046962644686,0.8963787077596355,1770,3.3207444422574537
patternWeightCount,patternWeightCount::lvl-61.txt,200,16,0.156875,0.8384375,14,0.07,0,0.0,0.11,1.51,33,0.17,2,0.2872196723609348,0.7127803276390652,1.8338316550272515,2.159443521450931,0.6361144215530903,1.011543997510641,3.220893547307291,0.095,0.08740279937791602,0.8654046962644686,0.8963787077596355,1770,11.662395551597875
patternWeightCount,patternWeightCount::lvl-62.txt,200,16,0.181875,0.8134375,14,0.07,0,0.0,0.195,1.76,24,0.205,6,0.012241880846372455,0.9877581191536275,2.0857253351496245,2.0859298185731885,0.5400930294906167,1.1581247220054953,3.868616869205086,0.1,0.11446345256609643,0.8654046962644686,0.8963787077596355,1770,3.0000148834660987
patternWeightCount,patternWeightCount::lvl-63.txt,200,16,0.1675,0.825,23,0.115,0,0.0,0.185,1.58,18,0.11,2,0.05415702609711981,0.9458429739028802,2.1252473006017274,2.1733998504999943,0.6880455945252352,1.0858618387909862,3.59506926513356,0.1,0.10108864696734059,0.8654046962644686,0.8963787077596355,1770,3.0833105680573456
patternWeightCount,patternWeightCount::lvl-64.txt,200,16,0.22875,0.763125,25,0.125,0,0.0,0.125,2.835,12,0.065,2,0.013262693097513045,0.986737306902487,2.011499834893849,2.0146149680243504,0.7398271889400921,1.3016500604515568,3.7266176227853083,0.1,0.1057542768273717,0.8654046962644686,0.8963787077596355,1770,3.614788675579441
patternWeightCount,patternWeightCount::lvl-65.txt,200,16,0.2034375,0.7896875,21,0.105,0,0.0,0.225,1.8,13,0.075,3,0.031763424726114264,0.9682365752738857,1.9952968141342224,2.017172102209069,0.710590026478376,1.2814241465172513,4.072372290850596,0.1,0.1150855365474339,0.8654046962644686,0.8963787077596355,1770,3.4713863839485573
patternWeightCount,patternWeightCount::lvl-66.txt,200,16,0.2365625,0.7553125,25,0.125,0,0.0,0.175,1.995,9,0.05,2,0.07285372910225019,0.9271462708977498,1.8447616066703503,1.9060200831911354,0.7617938388625591,1.3685261802801765,3.8916972254246955,0.1,0.10699844479004665,0.8654046962644686,0.8963787077596355,1770,4.540509515681916
patternWeightCount,patternWeightCount::lvl-67.txt,200,16,0.215,0.78125,11,0.055,0,0.0,0.235,1.9,11,0.065,2,0.0005881020823024219,0.9994118979176976,1.7896230037614635,1.7808979960798652,0.7717182166826463,1.2497374901828024,3.514894858600264,0.1,0.09922239502332815,0.8654046962644686,0.8963787077596355,1770,3.3816951703110765
patternWeightCount,patternWeightCount::lvl-68.txt,200,16,0.2246875,0.769375,18,0.09,0,0.0,0.475,1.7,4,0.02,1,0.15562278322620327,0.8443772167737967,1.4660074878941785,1.5872748239335535,0.8660310492505353,1.3770582956786244,3.45361012668479,0.1,0.09891135303265941,0.8654046962644686,0.8963787077596355,1770,7.0315203517237705
patternWeightCount,patternWeightCount::lvl-69.txt,200,16,0.21,0.77875,35,0.175,0,0.0,0.19,2.19,11,0.055,1,0.02449304292745058,0.9755069570725494,2.0747221283566657,2.089861872663796,0.7620938388625592,1.3023653613723833,3.9934153757397257,0.1,0.11321928460342146,0.8654046962644686,0.8963787077596355,1770,4.103563046024277
patternWeightCount,patternWeightCount::lvl-7.txt,200,16,0.2403125,0.754375,16,0.08,0,0.0,0.15,2.47,9,0.055,2,0.016876331089294094,0.9831236689107059,1.77238424714321,1.7783414622463567,0.7737129094412332,1.365107932702184,3.8400297880427363,0.1,0.11290824261275272,0.8654046962644686,0.8963787077596355,1770,4.003020916250058
patternWeightCount,patternWeightCount::lvl-70.txt,200,16,0.21,0.779375,33,0.165,0,0.0,0.135,2.325,12,0.06,1,0.003751550749228283,0.9962484492507717,1.7480434518077625,1.7421382379697272,0.7581296506137867,1.2847580456465488,4.071649148392453,0.1,0.11539657853810265,0.8654046962644686,0.8963787077596355,1770,4.112407826117881
patternWeightCount,patternWeightCount::lvl-71.txt,200,16,0.1615625,0.8346875,11,0.055,0,0.0,0.075,1.485,27,0.135,1,0.1911969042684848,0.8088030957315152,1.5871202813780831,1.7546579409662495,0.701412510936133,1.0339200455330375,3.210166680270348,0.1,0.09020217729393468,0.8654046962644686,0.8963787077596355,1770,7.757868399132888
patternWeightCount,patternWeightCount::lvl-72.txt,200,16,0.1934375,0.78625,64,0.32,0,0.0,0.15,2.175,7,0.04,2,0.19014454783454715,0.8098554521654528,1.722086979072186,1.903711253672113,0.6974444444444444,1.261095234009506,3.636331762939547,0.1,0.10139968895800933,0.8654046962644686,0.8963787077596355,1770,9.491069845639926
patternWeightCount,patternWeightCount::lvl-73.txt,200,16,0.175,0.7996875,80,0.4,0,0.0,0.155,2.085,15,0.085,2,0.15202527039047742,0.8479747296095226,2.0768976512077804,2.2435608789633164,0.6232550387596899,1.183195362261382,3.5209169038303547,0.1,0.10108864696734059,0.8654046962644686,0.8963787077596355,1770,9.424069659604633
patternWeightCount,patternWeightCount::lvl-74.txt,200,16,0.1875,0.80625,19,0.095,0,0.0,0.13,1.69,12,0.07,2,0.16480038109144546,0.8351996189085545,1.7146980906426028,1.8663041496118402,0.7454040854224699,1.1667109217340974,3.644397481984214,0.1,0.10451010886469674,0.8654046962644686,0.8963787077596355,1770,6.854219507790544
patternWeightCount,patternWeightCount::lvl-75.txt,200,16,0.2178125,0.7765625,17,0.085,0,0.0,0.115,2.535,13,0.09,3,0.007501197724089859,0.9924988022759101,2.0067777584299464,2.003717113633595,0.6973477845351868,1.264955436587861,3.672821174649262,0.1,0.10108864696734059,0.8654046962644686,0.8963787077596355,1770,3.159440602016044
patternWeightCount,patternWeightCount::lvl-76.txt,200,16,0.2190625,0.7734375,23,0.115,0,0.0,0.185,2.1,14,0.07,1,0.0033549858081305395,0.9966450141918695,2.054632309681832,2.047506140117742,0.7663310772163966,1.3273161492902856,3.9915628680229385,0.1,0.1104199066874028,0.8654046962644686,0.8963787077596355,1770,3.730309796441118
patternWeightCount,patternWeightCount::lvl-77.txt,200,16,0.2528125,0.741875,16,0.08,0,0.0,0.135,2.075,9,0.055,2,0.05896912914103636,0.9410308708589636,1.812204057586625,1.8584672503915634,0.7734129094412332,1.388811929007544,3.7454392808555923,0.1,0.10730948678071539,0.8654046962644686,0.8963787077596355,1770,4.40098385490663
patternWeightCount,patternWeightCount::lvl-78.txt,200,16,0.1934375,0.7978125,27,0.135,0,0.0,0.19,1.805,15,0.11,4,0.004133734980747983,0.995866265019252,2.4362275356612884,2.4285302822071673,0.6382171292624902,1.2407218435611298,3.966481389627406,0.1,0.11850699844479004,0.8654046962644686,0.8963787077596355,1770,3.5682247683764956
patternWeightCount,patternWeightCount::lvl-79.txt,200,16,0.1934375,0.8021875,13,0.065,0,0.0,0.42,1.57,7,0.04,2,0.02599747940748598,0.974002520592514,1.4717726975442709,1.4835782276408698,0.8092008008008007,1.2020719030544729,3.4107676341327178,0.1,0.09206842923794713,0.8654046962644686,0.8963787077596355,1770,3.2392762389907914
patternWeightCount,patternWeightCount::lvl-8.txt,200,16,0.2209375,0.77625,8,0.04,0,0.0,0.18,1.475,9,0.05,2,0.06926277723099494,0.9307372227690051,1.719477653106451,1.773192247197889,0.8004127490039842,1.3537740710214305,3.326310313264203,0.1,0.09860031104199067,0.8654046962644686,0.8963787077596355,1770,4.276281944619627
patternWeightCount,patternWeightCount::lvl-80.txt,200,16,0.196875,0.7946875,26,0.13,0,0.0,0.16,2.015,11,0.07,2,0.03482481493491618,0.9651751850650838,1.986445294317407,2.0114607598892382,0.7317974499089253,1.2074503884502783,3.925712393606305,0.1,0.11446345256609643,0.8654046962644686,0.8963787077596355,1770,3.464749118195163
patternWeightCount,patternWeightCount::lvl-81.txt,200,16,0.18875,0.79375,55,0.275,0,0.0,0.14,2.005,9,0.05,2,0.02274484795343601,0.977255152046564,1.9749441371957672,1.9875756189135607,0.7014899563318778,1.2330959680986977,3.8394724554062645,0.1,0.10762052877138413,0.8654046962644686,0.8963787077596355,1770,5.28631144156628
patternWeightCount,patternWeightCount::lvl-82.txt,200,16,0.1859375,0.8128125,3,0.015,0,0.0,0.285,1.34,12,0.06,1,0.010224483085892966,0.989775516914107,1.9579121126167514,1.9577220206103416,0.8312933952528381,1.1310459073806327,3.385810439395949,0.085,0.09020217729393468,0.8654046962644686,0.8963787077596355,1770,3.3441851393847215
patternWeightCount,patternWeightCount::lvl-83.txt,200,16,0.213125,0.7809375,18,0.09,0,0.0,0.15,2.585,12,0.07,2,0.022998581240320726,0.9770014187596793,1.9463893057737331,1.9589883890813744,0.74787895716946,1.2368356904873141,3.557173603785186,0.1,0.09953343701399689,0.8654046962644686,0.8963787077596355,1770,3.1006867906166717
patternWeightCount,patternWeightCount::lvl-84.txt,200,16,0.23125,0.7615625,22,0.11,0,0.0,0.115,2.03,9,0.05,2,0.01601125129036496,0.983988748709635,1.7864227643342625,1.7916864419095349,0.7671183556405353,1.3308728052300267,3.6841943420642083,0.1,0.10451010886469674,0.8654046962644686,0.8963787077596355,1770,3.7191081600982603
patternWeightCount,patternWeightCount::lvl-85.txt,200,16,0.165625,0.82875,17,0.085,0,0.0,0.105,1.555,29,0.15,2,0.18388274632554535,0.8161172536744546,2.005427054379963,2.2073790813511778,0.6519781478472787,1.0623356118348761,3.452238502078998,0.1,0.09611197511664074,0.8654046962644686,0.8963787077596355,1770,7.411470728219112
patternWeightCount,patternWeightCount::lvl-86.txt,200,16,0.1703125,0.825,14,0.07,0,0.0,0.24,1.675,16,0.19,15,0.12280686047594225,0.8771931395240578,2.865142597711073,3.0430763361925495,0.44387793633369926,1.089730357118336,3.5802668125108923,0.1,0.10544323483670295,0.8654046962644686,0.8963787077596355,1770,5.436955962775563
patternWeightCount,patternWeightCount::lvl-87.txt,200,16,0.195625,0.7815625,72,0.36,0,0.0,0.405,2.06,10,0.06,2,0.1476531987575389,0.8523468012424611,1.9869078205465271,2.1410701668946013,0.6659947368421053,1.2870295498040454,3.6260871672632113,0.095,0.09797822706065319,0.8654046962644686,0.8963787077596355,1770,8.766464357914822
patternWeightCount,patternWeightCount::lvl-88.txt,200,16,0.2003125,0.7921875,23,0.115,0,0.0,0.175,1.905,18,0.1,2,2.259152665939901e-06,0.9999977408473341,2.1855143494820526,2.173983667406355,0.6997576153176674,1.2611890593988337,4.026163504765596,0.1,0.11632970451010886,0.8654046962644686,0.8963787077596355,1770,3.509747495779038
patternWeightCount,patternWeightCount::lvl-89.txt,200,16,0.2509375,0.7425,20,0.1,0,0.0,0.19,2.055,10,0.05,1,0.052035023303661054,0.947964976696339,1.8162001853718845,1.8557903767450301,0.8038000000000001,1.4057736857256888,3.7727131345763683,0.1,0.10077760497667185,0.8654046962644686,0.8963787077596355,1770,4.3158766626095915
patternWeightCount,patternWeightCount::lvl-9.txt,200,16,0.19625,0.796875,21,0.105,0,0.0,0.155,1.945,12,0.06,1,0.0857895314962146,0.9142104685037854,1.9355095098275736,2.0137717476720627,0.7851136852394917,1.2145948281331762,3.7488818551814185,0.1,0.10637636080870917,0.8654046962644686,0.8963787077596355,1770,4.257822696222544
patternWeightCount,patternWeightCount::lvl-90.txt,200,16,0.1896875,0.7903125,63,0.315,0,0.0,0.13,2.07,10,0.06,2,0.10373772896927225,0.8962622710307278,2.0138051404687167,2.1162220564586187,0.6754343145500421,1.2361121413931324,3.733835739785226,0.1,0.1088646967340591,0.8654046962644686,0.8963787077596355,1770,6.9939782549607825
patternWeightCount,patternWeightCount::lvl-91.txt,200,16,0.1971875,0.7934375,29,0.145,0,0.0,0.205,1.99,10,0.05,1,0.02197894240372944,0.9780210575962706,1.879646476071125,1.890827114283054,0.7830678675754625,1.2420674482580858,3.9174043944510597,0.1,0.11446345256609643,0.8654046962644686,0.8963787077596355,1770,3.721690528699508
patternWeightCount,patternWeightCount::lvl-92.txt,200,16,0.1884375,0.804375,22,0.11,0,0.0,0.365,1.75,21,0.22,7,0.18735096190773748,0.8126490380922625,2.726810287737506,3.0092146011337375,0.5117136191677175,1.211219117711439,3.9255389810300216,0.1,0.11539657853810265,0.8654046962644686,0.8963787077596355,1770,7.959056777027213
patternWeightCount,patternWeightCount::lvl-93.txt,200,16,0.2084375,0.7759375,49,0.245,0,0.0,0.155,2.255,13,0.075,2,0.07311333392714514,0.9268866660728549,2.077856255854895,2.146981830089076,0.6827941376380628,1.3130115418751214,3.987782734023989,0.1,0.11601866251944012,0.8654046962644686,0.8963787077596355,1770,5.52068597601763
patternWeightCount,patternWeightCount::lvl-94.txt,200,16,0.2234375,0.7690625,23,0.115,0,0.0,0.13,2.51,13,0.075,2,0.006378929196561356,0.9936210708034386,1.5380974340161115,1.5347084726308289,0.7305344858962693,1.3195476265359616,3.9501318404555166,0.1,0.11228615863141524,0.8654046962644686,0.8963787077596355,1770,3.850651446575993
patternWeightCount,patternWeightCount::lvl-95.txt,200,16,0.2015625,0.791875,20,0.1,0,0.0,0.095,1.7,8,0.05,3,0.00293301779901578,0.9970669822009842,1.5302480167515762,1.5245360100395373,0.7426407407407407,1.2562842247868633,3.6095961531887655,0.1,0.09984447900466563,0.8654046962644686,0.8963787077596355,1770,3.3755477424376736
patternWeightCount,patternWeightCount::lvl-96.txt,200,16,0.235,0.759375,17,0.085,0,0.0,0.12,2.015,10,0.06,2,0.006017115529502903,0.9939828844704971,1.6512555600642478,1.6475517253989074,0.7635798287345386,1.3317099408856878,3.7910062190936054,0.1,0.10855365474339036,0.8654046962644686,0.8963787077596355,1770,3.845555315163329
patternWeightCount,patternWeightCount::lvl-97.txt,200,16,0.195,0.798125,21,0.105,0,0.0,0.455,1.575,6,0.035,2,0.0046589760902174815,0.9953410239097825,1.6575965983775334,1.6530589269403402,0.7988334649555776,1.2235031897448825,3.394871480710892,0.1,0.08709175738724728,0.8654046962644686,0.8963787077596355,1770,3.2309448514814965
patternWeightCount,patternWeightCount::lvl-98.txt,200,16,0.1603125,0.835625,12,0.06,0,0.0,0.45,1.35,24,0.32,9,0.38083586533100944,0.6191641346689906,2.742865382099997,3.467778476935522,0.4447298474945534,1.0561889485247864,3.5344407432429183,0.1,0.10295489891135304,0.8654046962644686,0.8963787077596355,1770,15.845776558178674
patternWeightCount,patternWeightCount::lvl-99.txt,200,16,0.2109375,0.78125,24,0.12,0,0.0,0.185,2.32,16,0.095,2,0.01173113077933674,0.9882688692206633,2.157249521867366,2.1586242035947474,0.7042253940455342,1.278527073582112,3.9835174010555137,0.1,0.11695178849144634,0.8654046962644686,0.8963787077596355,1770,3.564570577839528
mariodpo,mariodpo::mariodpo_nintendo_0000.txt,191,16,0.14725130890052357,0.8439136125654451,24,0.1256544502617801,1,0.005235602094240838,0.09947643979057591,0.06282722513089005,14,0.11518324607329843,3,0.009995545099352632,0.9900044549006474,2.0373452267883976,2.035870169470238,0.6564787467473163,0.8774652404328133,3.0492677421129386,0.2198952879581152,0.07294041028980788,0.8168955085065326,0.8472941823800955,1770,2.4142253772165128
mariodpo,mariodpo::mariodpo_nintendo_0001.txt,166,16,0.13328313253012047,0.8595632530120482,14,0.08433734939759036,8,0.04819277108433735,0.08433734939759036,0.1566265060240964,17,0.13855421686746988,3,4.8030423875466965e-05,0.9999519695761245,1.5955050114318357,1.5847259615672222,0.6597284153997216,0.805887538505617,2.8435056957815847,0.21084337349397592,0.07974541370273305,0.8168955085065326,0.8472941823800955,1770,2.3942158748564566
mariodpo,mariodpo::mariodpo_nintendo_0002.txt,166,16,0.13855421686746988,0.8524096385542169,21,0.12650602409638553,11,0.06626506024096386,0.16265060240963855,0.14457831325301204,14,0.10240963855421686,3,0.03596601484287287,0.9640339851571271,1.6018245811866565,1.6206626271707611,0.6927110851594215,0.8367937376294289,2.747811461973392,0.19879518072289157,0.0711344065892924,0.8168955085065326,0.8472941823800955,1770,2.428714623069559
mariodpo,mariodpo::mariodpo_nintendo_0003.txt,191,16,0.13743455497382198,0.8570026178010471,15,0.07853403141361257,10,0.05235602094240838,0.16230366492146597,0.13612565445026178,17,0.10471204188481675,3,0.013182572062556797,0.9868174279374432,1.7441727129430327,1.7458921614649383,0.7015279607991516,0.8022261341641319,2.664300118481697,0.193717277486911,0.0719635297948551,0.8168955085065326,0.8472941823800955,1770,2.2482069666697995
mariodpo,mariodpo::mariodpo_nintendo_0004.txt,172,16,0.14607558139534885,0.8470203488372093,10,0.05813953488372093,5,0.029069767441860465,0.046511627906976744,0.1744186046511628,14,0.11046511627906977,3,0.03439699219516312,0.9656030078048369,1.8642478894483543,1.8853412915996755,0.6914843979982337,0.8695218479009708,2.581404869084895,0.1744186046511628,0.07625587278641127,0.8168955085065326,0.8472941823800955,1770,2.189103452037525
mariodpo,mariodpo::mariodpo_nintendo_0005.txt,196,16,0.15752551020408162,0.8351403061224489,19,0.09693877551020408,3,0.015306122448979591,0.10714285714285714,0.17346938775510204,16,0.10714285714285714,3,0.0003130181436382662,0.9996869818563617,2.114382553666363,2.1031259926939363,0.678388242341263,0.9383328251730603,3.087263612326959,0.22448979591836735,0.07394477943509997,0.8168955085065326,0.8472941823800955,1770,2.0327073492217314
mariodpo,mariodpo::mariodpo_nintendo_0006.txt,157,16,0.16202229299363058,0.8304140127388535,16,0.10191082802547771,2,0.012738853503184714,0.2611464968152866,0.1464968152866242,9,0.08917197452229299,3,0.0016566235708503907,0.9983433764291496,2.0482265936580655,2.0360273160141737,0.699639779596281,0.9743602761942028,3.154502347313649,0.22929936305732485,0.0890383854372774,0.8168955085065326,0.8472941823800955,1770,2.0574974930517564
mariodpo,mariodpo::mariodpo_nintendo_0007.txt,164,16,0.11966463414634146,0.8719512195121951,18,0.10975609756097561,4,0.024390243902439025,0.03048780487804878,0.036585365853658534,16,0.11585365853658537,3,0.014060485825599489,0.9859395141744005,1.291135571356205,1.2914334878400588,0.6661976235146967,0.6844699443637092,2.0216081891698594,0.12804878048780488,0.06290261462675256,0.8168955085065326,0.8472941823800955,1770,3.6406297747470977
mariodpo,mariodpo::mariodpo_nintendo_0008.txt,156,16,0.1858974358974359,0.8056891025641025,9,0.057692307692307696,12,0.07692307692307693,0.1858974358974359,0.9615384615384616,18,0.23717948717948717,3,0.016871384386180632,0.9831286156138194,2.8499488601519944,2.854127933613151,0.5904831214601536,1.1526692456392889,4.5898155186498455,0.3782051282051282,0.11589008363201912,0.8168955085065326,0.8472941823800955,1770,2.89631833720286
mariodpo,mariodpo::mariodpo_nintendo_0009.txt,181,16,0.16781767955801105,0.8238950276243094,13,0.0718232044198895,11,0.06077348066298342,0.20994475138121546,0.26519337016574585,14,0.10497237569060773,3,0.026645628177928038,0.973354371822072,2.0858494779986643,2.1015845947657965,0.7074590631466315,1.047760951824847,3.759169661125811,0.287292817679558,0.09584335279972518,0.8168955085065326,0.8472941823800955,1770,1.4703291448680271
mariodpo,mariodpo::mariodpo_nintendo_0010.txt,160,16,0.150390625,0.84296875,13,0.08125,6,0.0375,0.16875,0.3625,14,0.14375,3,0.05069023635700565,0.9493097636429944,2.21371269409331,2.2566429612028216,0.6533159203980099,0.946700227250543,3.237966474351049,0.275,0.09281553398058252,0.8168955085065326,0.8472941823800955,1770,2.075952199265915
mariodpo,mariodpo::mariodpo_nintendo_0011.txt,167,16,0.17028443113772454,0.8184880239520959,17,0.10179640718562874,14,0.08383233532934131,0.07784431137724551,0.6227544910179641,20,0.20359281437125748,3,0.07366284017102054,0.9263371598289795,2.635809104901858,2.7208793033029894,0.6071576928957819,1.1127397266997572,4.39849144203684,0.4251497005988024,0.11127651656122069,0.8168955085065326,0.8472941823800955,1770,3.738048801148489
mariodpo,mariodpo::mariodpo_nintendo_0012.txt,197,16,0.14562182741116753,0.8454949238578681,22,0.1116751269035533,16,0.08121827411167512,0.09137055837563451,0.3299492385786802,23,0.19796954314720813,3,0.003751792526994091,0.9962482074730059,1.9169719342731038,1.9089733172946988,0.6087298018210314,0.9565867016205475,3.662288661947914,0.25888324873096447,0.08999052731291443,0.8168955085065326,0.8472941823800955,1770,1.5589979170622148
mariodpo,mariodpo::mariodpo_nintendo_0013.txt,166,16,0.14984939759036145,0.8429969879518072,14,0.08433734939759036,3,0.018072289156626505,0.0963855421686747,0.25301204819277107,7,0.05421686746987952,2,0.002478885747735471,0.9975211142522645,1.606416171907164,1.5983267618043564,0.7781973534211056,0.8695541299719896,2.7418553937504075,0.18674698795180722,0.07824784724822163,0.8168955085065326,0.8472941823800955,1770,2.6341257294092575
mariodpo,mariodpo::mariodpo_nintendo_0014.txt,157,16,0.1445063694267516,0.8471337579617835,6,0.03821656050955414,13,0.08280254777070063,0.1337579617834395,0.5031847133757962,26,0.3248407643312102,3,0.0022722528332589365,0.9977277471667411,2.598479178643332,2.5815017476724327,0.5339756798147965,0.9619732152578985,4.301048543760343,0.36942675159235666,0.10130589631974674,0.8168955085065326,0.8472941823800955,1770,2.7373096554522287
mariodpo,mariodpo::mariodpo_nintendo_0015.txt,187,16,0.16644385026737968,0.8272058823529411,11,0.058823529411764705,6,0.03208556149732621,0.0053475935828877,0.8823529411764706,27,0.1711229946524064,3,0.08938802194311257,0.9106119780568874,2.6955352499061034,2.8077735124547782,0.6278881677659823,0.9773237582152661,3.0002242964409147,0.22459893048128343,0.08147655470568674,0.8168955085065326,0.8472941823800955,1770,3.4254109483728037
mariodpo,mariodpo::mariodpo_nintendo_0016.txt,150,16,0.15666666666666668,0.8370833333333333,10,0.06666666666666667,3,0.02,0.07333333333333333,0.3,13,0.16,3,0.028774452771430092,0.9712255472285699,2.2960482768365345,2.312228734053396,0.6334666666666666,0.9563743574019744,3.343211409562728,0.24666666666666667,0.09026915113871635,0.8168955085065326,0.8472941823800955,1770,1.71380938659346
mariodpo,mariodpo::mariodpo_nintendo_0017.txt,187,16,0.16510695187165775,0.8252005347593583,11,0.058823529411764705,18,0.0962566844919786,0.0748663101604278,0.786096256684492,21,0.1925133689839572,3,0.2915556820684573,0.7084443179315427,2.2117912166459632,2.6121052468960126,0.6320591734357904,1.0467916893929832,4.089010187110378,0.34759358288770054,0.09876953774526105,0.8168955085065326,0.8472941823800955,1770,11.743940591312263
mariodpo,mariodpo::mariodpo_nintendo_0018.txt,169,16,0.16013313609467456,0.8328402366863905,17,0.10059171597633136,0,0.0,0.029585798816568046,0.16568047337278108,16,0.11242603550295859,3,0.0009516191933549578,0.999048380806645,1.992797575912971,1.9806725572109243,0.6643780474767241,0.9259479640483229,2.9645594156295068,0.20118343195266272,0.07870540639941155,0.8168955085065326,0.8472941823800955,1770,2.2374307825208803
mariodpo,mariodpo::mariodpo_nintendo_0019.txt,161,16,0.16886645962732919,0.8249223602484472,13,0.08074534161490683,2,0.012422360248447204,0.15527950310559005,0.13664596273291926,13,0.09937888198757763,3,0.0008627447363600549,0.99913725526364,2.0612100923055414,2.048398005477108,0.6928514578689492,0.9886211247497485,3.267535387736358,0.2608695652173913,0.09069857197993053,0.8168955085065326,0.8472941823800955,1770,1.9959285335807453
mariodpo,mariodpo::mariodpo_nintendo_0020.txt,155,16,0.1971774193548387,0.7879032258064517,15,0.0967741935483871,18,0.11612903225806452,0.9870967741935484,0.12903225806451613,17,0.16129032258064516,3,0.36158997604984056,0.6384100239501594,2.3415355377375824,2.9097035812670833,0.6754664618535586,1.2022234269930816,4.190924967352254,0.32903225806451614,0.09899799599198397,0.8168955085065326,0.8472941823800955,1770,14.76574640972396
mariodpo,mariodpo::mariodpo_nintendo_0021.txt,161,16,0.14945652173913043,0.8404503105590062,23,0.14285714285714285,4,0.024844720496894408,0.14906832298136646,0.18012422360248448,11,0.08695652173913043,3,0.011970721908137638,0.9880292780918624,1.8165203634321885,1.8151850115836943,0.6898573050699346,0.9162806261886044,2.8508249632853517,0.2360248447204969,0.0845233500578927,0.8168955085065326,0.8472941823800955,1770,2.3788928522377413
mariodpo,mariodpo::mariodpo_nintendo_0022.txt,156,16,0.1233974358974359,0.8689903846153846,8,0.05128205128205128,6,0.038461538461538464,0.08974358974358974,0.05128205128205128,14,0.1346153846153846,3,0.018084338796938382,0.9819156612030616,1.5180128525183776,1.521024462896485,0.6709941151744431,0.7409928038815012,2.495598041721105,0.1858974358974359,0.0736758263639984,0.8168955085065326,0.8472941823800955,1770,2.853184342571954
mariodpo,mariodpo::mariodpo_nintendo_0023.txt,192,16,0.14778645833333334,0.8463541666666666,10,0.052083333333333336,8,0.041666666666666664,0.13020833333333334,0.3645833333333333,22,0.203125,3,0.057506455160256764,0.9424935448397432,2.2133252313806913,2.266237626336864,0.6065061003683242,0.9392083462761183,3.480700959511375,0.2552083333333333,0.08811143505021056,0.8168955085065326,0.8472941823800955,1770,2.2428355452906437
mariodpo,mariodpo::mariodpo_nintendo_0024.txt,158,16,0.13568037974683544,0.8575949367088608,13,0.08227848101265822,7,0.04430379746835443,0.05063291139240506,0.08860759493670886,16,0.13291139240506328,3,0.003310926501877698,0.9966890734981223,1.697241657741393,1.6879581619224406,0.6641926909695647,0.8044730758316915,2.407720142224637,0.20253164556962025,0.07274872198191112,0.8168955085065326,0.8472941823800955,1770,2.343017208948627
mariodpo,mariodpo::mariodpo_nintendo_0025.txt,152,16,0.15830592105263158,0.8322368421052632,17,0.1118421052631579,5,0.03289473684210526,0.05921052631578947,0.11842105263157894,10,0.09210526315789473,3,0.03929957033366571,0.9607004296663343,1.6793631016770085,1.7014278623654115,0.6956899543567974,0.9392100728940679,2.931836334870123,0.21052631578947367,0.08541070698814876,0.8168955085065326,0.8472941823800955,1770,2.0804140015312336
mariodpo,mariodpo::mariodpo_nintendo_0026.txt,195,16,0.18621794871794872,0.8051282051282052,18,0.09230769230769231,20,0.10256410256410256,0.2358974358974359,0.558974358974359,19,0.20512820512820512,3,0.06944288691000489,0.9305571130899951,2.679399652573413,2.7621878346067934,0.6179654956442521,1.1938228662636443,4.936165521381807,0.38974358974358975,0.11706539074960128,0.8168955085065326,0.8472941823800955,1770,3.622035516010443
mariodpo,mariodpo::mariodpo_nintendo_0027.txt,187,16,0.17580213903743316,0.8185160427807486,15,0.08021390374331551,7,0.0374331550802139,0.3582887700534759,0.2994652406417112,17,0.15508021390374332,3,0.3054464173837016,0.6945535826162984,2.447355542919903,2.920051570451142,0.6461040597326919,1.0732267960917934,4.2227824192669985,0.3315508021390374,0.09112071832391087,0.8168955085065326,0.8472941823800955,1770,12.37068928994667
mariodpo,mariodpo::mariodpo_nintendo_0028.txt,160,16,0.13125,0.8640625,8,0.05,5,0.03125,0.13125,0.20625,14,0.1375,3,0.0027748577181868628,0.9972251422818131,1.8387481653683837,1.828561873594876,0.6666237244897959,0.7762095706443368,2.6604704345413084,0.16875,0.07184466019417475,0.8168955085065326,0.8472941823800955,1770,2.693535342515631
mariodpo,mariodpo::mariodpo_nintendo_0029.txt,177,16,0.13135593220338984,0.8608757062146892,17,0.096045197740113,13,0.07344632768361582,0.14689265536723164,0.1016949152542373,15,0.14124293785310735,3,0.011395600845637177,0.9886043991543628,1.9133545582610922,1.912285527189912,0.6635077693748024,0.7992443645891731,2.9276082334533644,0.192090395480226,0.07727432384966632,0.8168955085065326,0.8472941823800955,1770,2.0634784157432593
mariodpo,mariodpo::mariodpo_nintendo_0030.txt,170,16,0.1514705882352941,0.8455882352941176,4,0.023529411764705882,2,0.011764705882352941,0.023529411764705882,0.07058823529411765,12,0.08823529411764706,2,0.0016087106637784343,0.9983912893362216,1.8797937259195014,1.8694380078650863,0.7518409825468648,0.8293566330622552,2.452132285796958,0.18823529411764706,0.07458866544789762,0.8168955085065326,0.8472941823800955,1770,2.8431030992337365
mariodpo,mariodpo::mariodpo_nintendo_0031.txt,150,16,0.14166666666666666,0.85125,1,0.006666666666666667,15,0.1,0.14,0.7266666666666667,19,0.25333333333333335,3,0.012060822998117282,0.9879391770018827,2.7158156475900856,2.711875507485512,0.596979869524697,0.9158215892938789,4.372978957277544,0.34,0.10848861283643893,0.8168955085065326,0.8472941823800955,1770,2.9332363122065255
mariodpo,mariodpo::mariodpo_nintendo_0032.txt,196,16,0.14317602040816327,0.8491709183673469,9,0.04591836734693878,14,0.07142857142857142,0.09693877551020408,0.5561224489795918,30,0.25,3,0.030436623984900102,0.9695633760150999,2.285650520693932,2.307634498253904,0.5795963252070883,0.9550687579915911,4.222407511555478,0.32142857142857145,0.0948905109489051,0.8168955085065326,0.8472941823800955,1770,1.9469871891897943
mariodpo,mariodpo::mariodpo_nintendo_0033.txt,170,16,0.14411764705882352,0.8503676470588235,13,0.07647058823529412,4,0.023529411764705882,0.052941176470588235,0.11764705882352941,11,0.07647058823529412,3,0.055582352256628664,0.9444176477433713,1.6932988653444045,1.7316922217864008,0.7243309210119379,0.8300487912244101,2.4128487871613067,0.19411764705882353,0.07422303473491773,0.8168955085065326,0.8472941823800955,1770,2.817694515010381
mariodpo,mariodpo::mariodpo_nintendo_0034.txt,164,16,0.17454268292682926,0.8170731707317073,20,0.12195121951219512,20,0.12195121951219512,0.20121951219512196,0.2804878048780488,11,0.07926829268292683,2,0.06205369302221342,0.9379463069777866,2.199614168139271,2.256790657074909,0.7663211828037544,1.0633133066803775,3.4523875530116865,0.2621951219512195,0.09435392194012884,0.8168955085065326,0.8472941823800955,1770,2.4963582268832956
mariodpo,mariodpo::mariodpo_nintendo_0035.txt,173,16,0.13222543352601157,0.8627167630057804,12,0.06936416184971098,0,0.0,0.046242774566473986,0.10404624277456648,11,0.06358381502890173,1,9.13209393926806e-05,0.9999086790606073,1.2177626066839924,1.2103238770002869,0.7939571727042564,0.717402514874662,1.6696341975171878,0.11560693641618497,0.05641394178943586,0.8168955085065326,0.8472941823800955,1770,4.055583066537137
mariodpo,mariodpo::mariodpo_nintendo_0036.txt,175,16,0.13857142857142857,0.8507142857142858,23,0.13142857142857142,15,0.08571428571428572,0.13714285714285715,0.06857142857142857,16,0.12,3,0.09260537878444464,0.9073946212155554,1.6802748426822514,1.7528743136274776,0.6784993147074329,0.87052198565942,2.8990305763255075,0.21714285714285714,0.07779751332149201,0.8168955085065326,0.8472941823800955,1770,3.6977500879195007
mariodpo,mariodpo::mariodpo_nintendo_0037.txt,176,16,0.14879261363636365,0.8441051136363636,16,0.09090909090909091,10,0.056818181818181816,0.11931818181818182,0.23863636363636365,11,0.07386363636363637,2,0.00013304335692410074,0.9998669566430759,1.8031344368260944,1.7923584996158843,0.7614579435684014,0.8867723835874979,2.7823883946150003,0.20454545454545456,0.07806428823737195,0.8168955085065326,0.8472941823800955,1770,2.1086538564225883
mariodpo,mariodpo::mariodpo_nintendo_0038.txt,152,16,0.15625,0.8392269736842105,8,0.05263157894736842,1,0.006578947368421052,0.07236842105263158,0.21052631578947367,13,0.09868421052631579,3,0.04893845073225456,0.9510615492677454,1.8679619003065853,1.901588689087823,0.7000395098488319,0.9156070369624085,2.5205464309799264,0.20394736842105263,0.08459337964854924,0.8168955085065326,0.8472941823800955,1770,2.4796768716737527
mariodpo,mariodpo::mariodpo_nintendo_0039.txt,155,16,0.1536290322580645,0.8375,13,0.08387096774193549,8,0.05161290322580645,0.08387096774193549,0.8,20,0.23870967741935484,3,0.037643895913664016,0.962356104086336,2.7189407479543726,2.7514508021202437,0.5723266057156,0.979590268521868,4.012863660426533,0.2709677419354839,0.10340681362725451,0.8168955085065326,0.8472941823800955,1770,2.0885861483936563
mariodpo,mariodpo::mariodpo_nintendo_0040.txt,178,16,0.16748595505617977,0.8258426966292135,14,0.07865168539325842,3,0.016853932584269662,0.12921348314606743,0.2247191011235955,14,0.11797752808988764,3,0.023920734004102773,0.9760792659958972,1.9945768412650025,2.006521472744059,0.6734065678081703,1.0102501316575678,3.581221458871454,0.25280898876404495,0.09395738735592037,0.8168955085065326,0.8472941823800955,1770,1.7360304493775223
mariodpo,mariodpo::mariodpo_nintendo_0041.txt,190,16,0.13289473684210526,0.8572368421052632,22,0.11578947368421053,4,0.021052631578947368,0.07368421052631578,0.10526315789473684,17,0.11052631578947368,3,0.0028134599570853736,0.9971865400429146,1.6380572901404404,1.6308570172085501,0.6697116704805492,0.8105689581726866,2.829956431078907,0.18421052631578946,0.0739770867430442,0.8168955085065326,0.8472941823800955,1770,2.7532705163944162
mariodpo,mariodpo::mariodpo_nintendo_0042.txt,192,16,0.14680989583333334,0.8440755208333334,18,0.09375,8,0.041666666666666664,0.0625,0.13541666666666666,19,0.13020833333333334,3,0.0032756420614029613,0.996724357938597,1.9532024070496994,1.944934643393867,0.6627336028751123,0.8989486329909131,3.1226497719258006,0.22916666666666666,0.08033689666342728,0.8168955085065326,0.8472941823800955,1770,1.7812613820981291
mariodpo,mariodpo::mariodpo_nintendo_0043.txt,168,16,0.15327380952380953,0.8415178571428571,10,0.05952380952380952,2,0.011904761904761904,0.023809523809523808,0.09523809523809523,8,0.06547619047619048,3,0.024698528438486522,0.9753014715615135,1.711374552247173,1.7219057877073602,0.740839176161262,0.8647668838695629,2.3445475217187934,0.18452380952380953,0.073621901590825,0.8168955085065326,0.8472941823800955,1770,2.4717474357977935
mariodpo,mariodpo::mariodpo_nintendo_0044.txt,198,16,0.13257575757575757,0.8560606060606061,24,0.12121212121212122,6,0.030303030303030304,0.05555555555555555,0.10101010101010101,9,0.0707070707070707,3,4.281123170379875e-05,0.9999571887682962,1.234088420528061,1.2274258192287129,0.7170965803384756,0.789767405801433,2.399407183064468,0.15656565656565657,0.06157712849513038,0.8168955085065326,0.8472941823800955,1770,3.40418185849753
mariodpo,mariodpo::mariodpo_nintendo_0045.txt,183,16,0.15710382513661203,0.8336748633879781,24,0.13114754098360656,4,0.02185792349726776,0.1092896174863388,0.16393442622950818,14,0.07650273224043716,1,0.048197392816734186,0.9518026071832658,1.8875311686771958,1.9234501005603426,0.7563178114436461,0.9428963481953689,2.8231732139893793,0.20218579234972678,0.07917091403329936,0.8168955085065326,0.8472941823800955,1770,2.5726302307285303
mariodpo,mariodpo::mariodpo_nintendo_0046.txt,198,16,0.15940656565656566,0.829229797979798,30,0.15151515151515152,17,0.08585858585858586,0.1111111111111111,0.15151515151515152,13,0.09595959595959595,3,0.0009177629814146604,0.9990822370185853,1.9542691154243694,1.9444531893004964,0.6973718203194186,0.9873019438772018,3.3811409645610233,0.21717171717171718,0.0860823122840088,0.8168955085065326,0.8472941823800955,1770,2.068952965119319
mariodpo,mariodpo::mariodpo_nintendo_0047.txt,175,16,0.14464285714285716,0.8496428571428571,12,0.06857142857142857,19,0.10857142857142857,0.13142857142857142,0.13714285714285715,16,0.15428571428571428,3,0.022146450955026986,0.977853549044973,2.0166412866373524,2.0263187774236973,0.6706915777292015,0.8758134643014879,3.0933021862078376,0.21142857142857144,0.08099467140319716,0.8168955085065326,0.8472941823800955,1770,1.3882323520637858
mariodpo,mariodpo::mariodpo_nintendo_0048.txt,195,16,0.15096153846153845,0.8416666666666667,20,0.10256410256410256,13,0.06666666666666667,0.12307692307692308,0.18461538461538463,14,0.08717948717948718,2,0.0690807425019091,0.9309192574980909,1.8933584928676184,1.95153975789357,0.7427066365007542,0.9132807238663264,2.980155206216068,0.2,0.0784688995215311,0.8168955085065326,0.8472941823800955,1770,2.6774611485439688
mariodpo,mariodpo::mariodpo_nintendo_0049.txt,186,16,0.15591397849462366,0.8353494623655914,15,0.08064516129032258,11,0.05913978494623656,0.10752688172043011,0.3655913978494624,24,0.20967741935483872,3,0.00889212554679919,0.9911078744532008,2.2741239274474334,2.270245378049559,0.599325520013197,1.02274415307428,3.9104451849372985,0.27956989247311825,0.09929789368104312,0.8168955085065326,0.8472941823800955,1770,1.4898272965761454
mariodpo,mariodpo::mariodpo_nintendo_0050.txt,190,16,0.16644736842105262,0.8236842105263158,20,0.10526315789473684,10,0.05263157894736842,0.09473684210526316,0.7473684210526316,20,0.17894736842105263,3,0.0005668593295643509,0.9994331406704356,2.126488606098539,2.1145422500710738,0.6168621003057093,1.0622157579378055,4.2748949780946885,0.32105263157894737,0.09034369885433716,0.8168955085065326,0.8472941823800955,1770,1.7464631081293815
mariodpo,mariodpo::mariodpo_nintendo_0051.txt,153,16,0.15359477124183007,0.8410947712418301,5,0.032679738562091505,15,0.09803921568627451,0.1503267973856209,0.6274509803921569,19,0.1895424836601307,3,0.11910902717925265,0.8808909728207474,2.1876302358559725,2.3138902095175826,0.6439816412951647,0.9692417325898677,3.5326993100031907,0.3006535947712418,0.09135200974421437,0.8168955085065326,0.8472941823800955,1770,4.526056557124568
mariodpo,mariodpo::mariodpo_nintendo_0052.txt,160,16,0.144921875,0.849609375,11,0.06875,6,0.0375,0.13125,0.2,8,0.0625,3,0.08166980786831812,0.9183301921316819,1.4935617645982608,1.5482731813807362,0.7522287111622554,0.8363033113821734,2.5682789868823708,0.2,0.07145631067961165,0.8168955085065326,0.8472941823800955,1770,3.5992043000225244
mariodpo,mariodpo::mariodpo_nintendo_0053.txt,181,16,0.14226519337016574,0.849792817679558,19,0.10497237569060773,0,0.0,0.04419889502762431,0.143646408839779,15,0.10497237569060773,3,0.008684385718721432,0.9913156142812786,1.6567203700601418,1.6538460060024476,0.67150272558488,0.8479837072082427,2.352543926701856,0.16022099447513813,0.06939196152524905,0.8168955085065326,0.8472941823800955,1770,2.775688798073244
mariodpo,mariodpo::mariodpo_nintendo_0054.txt,180,16,0.1638888888888889,0.8284722222222223,20,0.1111111111111111,2,0.011111111111111112,0.1111111111111111,0.2722222222222222,13,0.12222222222222222,3,0.00903288208498021,0.9909671179150198,2.0544648528894736,2.0514117107038072,0.6559306056959486,1.021130135098741,3.7727793689934543,0.2833333333333333,0.09568221070811744,0.8168955085065326,0.8472941823800955,1770,2.0801282023561565
mariodpo,mariodpo::mariodpo_nintendo_0055.txt,159,16,0.13757861635220126,0.8569182389937107,8,0.050314465408805034,4,0.025157232704402517,0.0880503144654088,0.16352201257861634,18,0.16981132075471697,3,0.015885459048621042,0.984114540951379,1.65440882705002,1.6560862078339331,0.6308117954889211,0.8411577032355856,3.3553268309410855,0.2641509433962264,0.08284486127393513,0.8168955085065326,0.8472941823800955,1770,2.3108319977577008
mariodpo,mariodpo::mariodpo_nintendo_0056.txt,169,16,0.1338757396449704,0.8587278106508875,13,0.07692307692307693,15,0.08875739644970414,0.15976331360946747,0.2485207100591716,19,0.20118343195266272,3,0.09592055572918767,0.9040794442708123,2.412246428417922,2.520351610677684,0.6188331672053036,0.8492449179412564,3.0848074668725283,0.23076923076923078,0.08238322912835601,0.8168955085065326,0.8472941823800955,1770,3.642008982378269
mariodpo,mariodpo::mariodpo_nintendo_0057.txt,183,16,0.21618852459016394,0.7715163934426229,22,0.12021857923497267,15,0.08196721311475409,1.2404371584699454,0.18579234972677597,17,0.1366120218579235,3,0.30638004882464154,0.6936199511753585,2.64725938853116,3.160278148092695,0.6857308141406303,1.2673496696277045,4.4339185178791585,0.3333333333333333,0.10159700985389059,0.8168955085065326,0.8472941823800955,1770,12.598507995673765
mariodpo,mariodpo::mariodpo_nintendo_0058.txt,171,16,0.18603801169590642,0.8055555555555556,13,0.07602339181286549,13,0.07602339181286549,0.14619883040935672,0.5906432748538012,19,0.15204678362573099,3,0.040378258332008365,0.9596217416679916,2.5876740112136623,2.624992559513265,0.659598486513508,1.1624891772334842,4.130235629829504,0.3567251461988304,0.10905125408942203,0.8168955085065326,0.8472941823800955,1770,2.510277592203939
mariodpo,mariodpo::mariodpo_nintendo_0059.txt,171,16,0.17690058479532164,0.8132309941520468,16,0.0935672514619883,16,0.0935672514619883,0.6198830409356725,0.1286549707602339,16,0.15204678362573099,3,0.3033507563047402,0.6966492436952598,2.501062881133561,2.9774966499179127,0.6700320018634808,1.0939367160261915,4.337030230657377,0.3333333333333333,0.09305707015630679,0.8168955085065326,0.8472941823800955,1770,12.26371406857062
mariodpo,mariodpo::mariodpo_nintendo_0060.txt,193,16,0.15900259067357514,0.832901554404145,18,0.09326424870466321,7,0.03626943005181347,0.03626943005181347,0.17616580310880828,13,0.10880829015544041,3,0.0040973471761676095,0.9959026528238324,1.9117161021236915,1.904666664285595,0.6836749417672002,0.9588823078318901,3.191166417471182,0.21761658031088082,0.0837898807605543,0.8168955085065326,0.8472941823800955,1770,1.6719236454884578
mariodpo,mariodpo::mariodpo_nintendo_0061.txt,180,16,0.1375,0.8579861111111111,11,0.06111111111111111,1,0.005555555555555556,0.06111111111111111,0.08888888888888889,13,0.10555555555555556,3,8.487592196815275e-05,0.9999151240780318,1.7001186643877348,1.689855216275728,0.6882285125277514,0.7843952598645122,2.435748623141861,0.18333333333333332,0.06701208981001727,0.8168955085065326,0.8472941823800955,1770,2.947153126453507
mariodpo,mariodpo::mariodpo_nintendo_0062.txt,174,16,0.14260057471264367,0.8498563218390804,19,0.10919540229885058,0,0.0,0.06896551724137931,0.2988505747126437,10,0.07471264367816093,2,0.11757112006532022,0.8824288799346798,1.8381839103214968,1.9449163798266254,0.732011264995258,0.8190528435981412,2.3572634771037064,0.13793103448275862,0.0660950339406931,0.8168955085065326,0.8472941823800955,1770,5.097890170300134
mariodpo,mariodpo::mariodpo_nintendo_0063.txt,169,16,0.13979289940828402,0.853180473372781,16,0.09467455621301775,2,0.011834319526627219,0.04142011834319527,0.05917159763313609,15,0.13609467455621302,3,0.00028758588339761193,0.9997124141166024,2.1525971057808833,2.1388811007070294,0.6454858585824605,0.8269571525993104,2.86340011886451,0.1952662721893491,0.07944097094520045,0.8168955085065326,0.8472941823800955,1770,2.4071218576030127
mariodpo,mariodpo::mariodpo_nintendo_0064.txt,163,16,0.13075153374233128,0.8596625766871165,15,0.09202453987730061,11,0.06748466257668712,0.1656441717791411,0.03680981595092025,15,0.12883435582822086,3,0.0031707987950246874,0.9968292012049753,1.7621120832142185,1.7530273286798523,0.6758178656558947,0.7960566980988857,2.7216639855857148,0.1901840490797546,0.07434235608082349,0.8168955085065326,0.8472941823800955,1770,2.3035081686383214
mariodpo,mariodpo::mariodpo_nintendo_0065.txt,188,16,0.1389627659574468,0.8550531914893617,15,0.0797872340425532,3,0.015957446808510637,0.047872340425531915,0.06382978723404255,18,0.13829787234042554,3,0.015147637220185195,0.9848523627798148,2.0652934425930054,2.068764636757802,0.6493874839488838,0.8076427490756505,2.6801349863218142,0.15425531914893617,0.06979821369500497,0.8168955085065326,0.8472941823800955,1770,2.4704605409625984
mariodpo,mariodpo::mariodpo_nintendo_0066.txt,174,16,0.16091954022988506,0.8318965517241379,17,0.09770114942528736,2,0.011494252873563218,0.16091954022988506,0.22988505747126436,14,0.10344827586206896,2,0.028724694484937974,0.971275305515062,2.5721709853738735,2.5939657932566047,0.7056158525192551,0.9719114975333585,3.107991817433201,0.22413793103448276,0.08431582708110039,0.8168955085065326,0.8472941823800955,1770,2.0208072168953044
mariodpo,mariodpo::mariodpo_nintendo_0067.txt,165,16,0.16477272727272727,0.8253787878787879,7,0.04242424242424243,17,0.10303030303030303,0.18787878787878787,1.0787878787878789,29,0.34545454545454546,3,0.10217244272860804,0.897827557271392,2.8808155256159056,3.019130666385587,0.5287070707070707,1.0343928979807202,4.93081949293539,0.37575757575757573,0.11186440677966102,0.8168955085065326,0.8472941823800955,1770,4.6605420333862195
mariodpo,mariodpo::mariodpo_nintendo_0068.txt,158,16,0.19580696202531644,0.7899525316455697,16,0.10126582278481013,35,0.22151898734177214,0.20253164556962025,1.1329113924050633,21,0.21518987341772153,3,0.2546647268982343,0.7453352731017657,2.548827933705451,2.9317545434316457,0.6485001112761328,1.252565657864866,5.010675297388692,0.46835443037974683,0.12465591820684231,0.8168955085065326,0.8472941823800955,1770,11.021274799703603
mariodpo,mariodpo::mariodpo_nintendo_0069.txt,163,16,0.15874233128834356,0.834739263803681,14,0.08588957055214724,2,0.012269938650306749,0.11042944785276074,0.3619631901840491,16,0.1165644171779141,3,0.014646526263708548,0.9853534737362915,2.194510726636837,2.1960708261287873,0.6705894394545138,0.937345215512047,3.20161859925122,0.2331288343558282,0.086923370186809,0.8168955085065326,0.8472941823800955,1770,1.812545836061291
mariodpo,mariodpo::mariodpo_nintendo_0070.txt,153,16,0.13480392156862744,0.8590686274509803,10,0.06535947712418301,3,0.0196078431372549,0.0915032679738562,0.0392156862745098,19,0.20915032679738563,3,0.046188927343305486,0.9538110726566945,2.1024468162235306,2.1370946137089275,0.5894481720061973,0.8132214113572556,2.934083648571752,0.24836601307189543,0.08363784003248072,0.8168955085065326,0.8472941823800955,1770,2.484511025173786
mariodpo,mariodpo::mariodpo_nintendo_0071.txt,155,16,0.17661290322580644,0.8185483870967742,7,0.04516129032258064,6,0.03870967741935484,0.2064516129032258,0.4774193548387097,14,0.13548387096774195,3,0.02290387748949163,0.9770961225105084,1.9543979019702877,1.9627918852688195,0.6744570803717878,1.0546970841618755,3.591247855039828,0.25806451612903225,0.09539078156312625,0.8168955085065326,0.8472941823800955,1770,1.6315525165865183
mariodpo,mariodpo::mariodpo_nintendo_0072.txt,200,16,0.1509375,0.8421875,15,0.075,5,0.025,0.045,0.145,16,0.13,3,0.043883346359971154,0.9561166536400288,1.87135770612403,1.9033344621245891,0.6627112244897959,0.8972207777641256,2.901778823647012,0.2,0.07589424572317263,0.8168955085065326,0.8472941823800955,1770,2.0988932552905775
mariodpo,mariodpo::mariodpo_nintendo_0073.txt,191,16,0.1482329842931937,0.8445680628272252,13,0.06806282722513089,9,0.04712041884816754,0.05759162303664921,0.5235602094240838,22,0.15706806282722513,3,0.03993838400606731,0.9600616159939327,2.4058604923316036,2.4413211545374023,0.6451078423953052,0.9169175581255309,3.461966599802971,0.24607329842931938,0.08303484207098664,0.8168955085065326,0.8472941823800955,1770,1.7113117912859135
mariodpo,mariodpo::mariodpo_nintendo_0074.txt,161,16,0.14673913043478262,0.8458850931677019,13,0.08074534161490683,10,0.062111801242236024,0.17391304347826086,0.2981366459627329,11,0.11801242236024845,3,0.0027471463699857424,0.9972528536300143,1.8338324984246446,1.8237354461843847,0.689408810446262,0.8937613865345017,3.2345486349280543,0.21739130434782608,0.07950598224623698,0.8168955085065326,0.8472941823800955,1770,1.731128372747451
mariodpo,mariodpo::mariodpo_nintendo_0075.txt,193,16,0.18329015544041452,0.802461139896373,20,0.10362694300518134,24,0.12435233160621761,0.06735751295336788,0.8963730569948186,22,0.20725388601036268,3,0.09364651801140966,0.9063534819885903,2.62154807575732,2.7377804758974578,0.6176557460363348,1.1834019812719692,4.8225338656764505,0.40932642487046633,0.11086045762165646,0.8168955085065326,0.8472941823800955,1770,4.309422898906271
mariodpo,mariodpo::mariodpo_nintendo_0076.txt,177,16,0.1426553672316384,0.849223163841808,21,0.11864406779661017,6,0.03389830508474576,0.15819209039548024,0.1694915254237288,20,0.15819209039548024,3,0.012917566058826546,0.9870824339411735,1.9803488937515326,1.9805281580064897,0.6268498870251786,0.8794218053722364,3.026481790634735,0.21468926553672316,0.08570425008781173,0.8168955085065326,0.8472941823800955,1770,1.971593917932396
mariodpo,mariodpo::mariodpo_nintendo_0077.txt,155,16,0.14637096774193548,0.8451612903225807,15,0.0967741935483871,5,0.03225806451612903,0.05806451612903226,0.12903225806451613,12,0.0967741935483871,3,0.06146473898191973,0.9385352610180803,1.821210418356465,1.866799841272905,0.6952709961631377,0.8676626225686337,2.5979803399415458,0.2064516129032258,0.07294589178356714,0.8168955085065326,0.8472941823800955,1770,2.6912413436435876
mariodpo,mariodpo::mariodpo_nintendo_0078.txt,165,16,0.14659090909090908,0.8450757575757576,16,0.09696969696969697,3,0.01818181818181818,0.0,0.15757575757575756,14,0.11515151515151516,3,0.03312674784323433,0.9668732521567657,1.8005743741925653,1.8190729989433534,0.6683495942372571,0.8698685519957082,2.8830469371925664,0.21818181818181817,0.08286252354048965,0.8168955085065326,0.8472941823800955,1770,2.151406963598938
mariodpo,mariodpo::mariodpo_nintendo_0079.txt,175,16,0.17892857142857144,0.8110714285714286,21,0.12,6,0.03428571428571429,0.13142857142857142,0.14857142857142858,18,0.14857142857142858,3,6.031649401427863e-05,0.9999396835059857,2.334023398184651,2.3196410593255865,0.6351959473150962,1.0768083136304192,3.783249894241434,0.28,0.09698046181172292,0.8168955085065326,0.8472941823800955,1770,1.9754529951798627
mariodpo,mariodpo::mariodpo_nintendo_0080.txt,185,16,0.15945945945945947,0.8334459459459459,15,0.08108108108108109,5,0.02702702702702703,0.32972972972972975,0.21621621621621623,13,0.08648648648648649,3,0.09025654722418297,0.909743452775817,2.2495584665683457,2.345223020047537,0.7168116298116297,0.9376496886353523,3.1525540708821125,0.21621621621621623,0.07798319327731093,0.8168955085065326,0.8472941823800955,1770,3.464217937896891
mariodpo,mariodpo::mariodpo_nintendo_0081.txt,171,16,0.133406432748538,0.8567251461988304,23,0.13450292397660818,1,0.005847953216374269,0.07602339181286549,0.07017543859649122,17,0.14619883040935672,3,0.04862597742650676,0.9513740225734932,2.010571147618425,2.0483070776666104,0.6222358476993256,0.8244373453885079,2.88352392635196,0.23976608187134502,0.07960741548527808,0.8168955085065326,0.8472941823800955,1770,2.9024113437872674
mariodpo,mariodpo::mariodpo_nintendo_0082.txt,186,16,0.14751344086021506,0.8450940860215054,15,0.08064516129032258,6,0.03225806451612903,0.08602150537634409,0.12903225806451613,11,0.06989247311827956,3,0.04302658099550272,0.9569734190044973,1.7113959276856516,1.7394204993242397,0.7349203199305552,0.8617521947649094,2.8211574982395673,0.20430107526881722,0.0732196589769308,0.8168955085065326,0.8472941823800955,1770,2.4030520089933085
mariodpo,mariodpo::mariodpo_nintendo_0083.txt,189,16,0.17063492063492064,0.8187830687830688,10,0.05291005291005291,24,0.12698412698412698,0.1693121693121693,0.9047619047619048,20,0.20634920634920634,3,0.24053583747229101,0.759464162527709,2.450842527454949,2.7959974351303516,0.6341499060717302,1.1103978397260146,4.57244437467613,0.37566137566137564,0.11187890753537348,0.8168955085065326,0.8472941823800955,1770,9.792452494796846
mariodpo,mariodpo::mariodpo_nintendo_0084.txt,167,16,0.1437125748502994,0.8491766467065869,17,0.10179640718562874,9,0.05389221556886228,0.08982035928143713,0.1497005988023952,5,0.029940119760479042,1,0.003815269892473383,0.9961847301075266,1.4354600833945876,1.4293556935983205,0.8531611751571633,0.8131483368074734,2.410884914615635,0.16766467065868262,0.06847785634536659,0.8168955085065326,0.8472941823800955,1770,3.0803271408346964
mariodpo,mariodpo::mariodpo_nintendo_0085.txt,153,16,0.15441176470588236,0.8386437908496732,8,0.05228758169934641,6,0.0392156862745098,0.1111111111111111,0.2679738562091503,16,0.1503267973856209,3,0.0012231584671842377,0.9987768415328158,2.025220058950596,2.012138328900878,0.6549120055901528,0.9583705252549404,3.3824326832134513,0.29411764705882354,0.10028420625253756,0.8168955085065326,0.8472941823800955,1770,2.0661093503538863
mariodpo,mariodpo::mariodpo_nintendo_0086.txt,190,16,0.14375,0.85,15,0.07894736842105263,2,0.010526315789473684,0.07894736842105263,0.09473684210526316,15,0.12631578947368421,3,0.0723861554598978,0.9276138445401022,1.5330217719413328,1.5824854129484187,0.6610008628127697,0.8505815202153024,3.2095495016902844,0.23157894736842105,0.0739770867430442,0.8168955085065326,0.8472941823800955,1770,3.2588001221797196
mariodpo,mariodpo::mariodpo_nintendo_0087.txt,151,16,0.14321192052980133,0.8501655629139073,14,0.09271523178807947,2,0.013245033112582781,0.10596026490066225,0.11920529801324503,12,0.10596026490066225,3,0.0005728965829513433,0.9994271034170487,1.7206307006609505,1.7087858202805395,0.6804110007932836,0.8452902059431824,2.638392228102405,0.2052980132450331,0.07774578362813657,0.8168955085065326,0.8472941823800955,1770,2.4745654435891775
mariodpo,mariodpo::mariodpo_nintendo_0088.txt,188,16,0.1545877659574468,0.836436170212766,17,0.09042553191489362,7,0.03723404255319149,0.047872340425531915,0.526595744680851,25,0.1702127659574468,3,0.01849489527038717,0.9815051047296128,2.482890677428762,2.491122320476462,0.6225020660232151,0.9761306735558495,3.473326637219928,0.25,0.09096923585841879,0.8168955085065326,0.8472941823800955,1770,1.503790103416048
mariodpo,mariodpo::mariodpo_nintendo_0089.txt,178,16,0.1271067415730337,0.8616573033707865,29,0.16292134831460675,0,0.0,0.016853932584269662,0.10112359550561797,11,0.0898876404494382,3,0.017821744532132366,0.9821782554678676,1.2465411782762108,1.2500592782060151,0.6683798634143051,0.7530045699021941,2.1990549195140408,0.1404494382022472,0.06147397834439399,0.8168955085065326,0.8472941823800955,1770,3.9626725462838315
mariodpo,mariodpo::mariodpo_nintendo_0090.txt,167,16,0.15531437125748504,0.8353293413173652,15,0.08982035928143713,8,0.04790419161676647,0.11976047904191617,0.1317365269461078,11,0.07784431137724551,2,0.00021638322847106206,0.9997836167715289,1.9587863711892262,1.9465601194594746,0.7533889793505976,0.9457899986443667,3.114766947190705,0.2155688622754491,0.08224786006698921,0.8168955085065326,0.8472941823800955,1770,1.8757080281206944
mariodpo,mariodpo::mariodpo_nintendo_0091.txt,172,16,0.15588662790697674,0.8382994186046512,13,0.0755813953488372,4,0.023255813953488372,0.20348837209302326,0.12790697674418605,13,0.09302325581395349,3,0.020435125342153304,0.9795648746578467,1.921279555984459,1.9294156182894273,0.7070184317943755,0.9319118168887242,3.187309563380281,0.26744186046511625,0.08529092880375859,0.8168955085065326,0.8472941823800955,1770,1.8578202647175366
mariodpo,mariodpo::mariodpo_nintendo_0092.txt,179,16,0.164804469273743,0.8289106145251397,11,0.061452513966480445,6,0.0335195530726257,0.1340782122905028,0.18994413407821228,16,0.10614525139664804,3,0.11373544805090174,0.8862645519490983,2.0563249205779632,2.171699085741797,0.6986641723472229,0.9714951610473881,3.3822481327457723,0.27932960893854747,0.08440430705105939,0.8168955085065326,0.8472941823800955,1770,4.304564607087486
mariodpo,mariodpo::mariodpo_nintendo_0093.txt,157,16,0.151671974522293,0.8423566878980892,12,0.07643312101910828,2,0.012738853503184714,0.39490445859872614,0.20382165605095542,13,0.1337579617834395,3,0.47886895582352607,0.5211310441764739,2.253336329344854,3.1002599946345835,0.6609830047747676,0.8982851524397671,3.412096587624643,0.2229299363057325,0.07320933913731698,0.8168955085065326,0.8472941823800955,1770,19.75453249223447
mariodpo,mariodpo::mariodpo_nintendo_0094.txt,169,16,0.1786242603550296,0.8128698224852071,14,0.08284023668639054,7,0.04142011834319527,0.0650887573964497,0.7988165680473372,20,0.15384615384615385,3,0.0025320940282386184,0.9974679059717614,2.6790935450873157,2.6652409280346014,0.6420726724138877,1.1257828844619389,3.818709972283702,0.3136094674556213,0.10408238322912836,0.8168955085065326,0.8472941823800955,1770,2.208011667925653
mariodpo,mariodpo::mariodpo_nintendo_0095.txt,186,16,0.1424731182795699,0.8514784946236559,16,0.08602150537634409,2,0.010752688172043012,0.04838709677419355,0.12903225806451613,19,0.1774193548387097,3,0.033413605005378155,0.9665863949946218,1.8229256473590723,1.842962490600997,0.607844023262625,0.8624350531457537,3.3046544805702083,0.22580645161290322,0.0802407221664995,0.8168955085065326,0.8472941823800955,1770,2.1963279460872136
mariodpo,mariodpo::mariodpo_nintendo_0096.txt,154,16,0.15503246753246752,0.8396915584415584,10,0.06493506493506493,3,0.01948051948051948,0.05194805194805195,0.03896103896103896,6,0.05194805194805195,3,0.008683980754810361,0.9913160192451896,2.028162532949739,2.023309061779565,0.7605453149001535,0.859975935474809,2.39165526234581,0.19480519480519481,0.07624041952400161,0.8168955085065326,0.8472941823800955,1770,2.3326161664917375
mariodpo,mariodpo::mariodpo_nintendo_0097.txt,189,16,0.14384920634920634,0.8508597883597884,12,0.06349206349206349,0,0.0,0.010582010582010581,0.19576719576719576,17,0.12169312169312169,3,0.012078468605757675,0.9879215313942423,1.9596110482479827,1.9598531766265008,0.6660562764631816,0.8510295709184501,2.4835640199219355,0.19047619047619047,0.07107601184600197,0.8168955085065326,0.8472941823800955,1770,2.4511474191786524
mariodpo,mariodpo::mariodpo_nintendo_0098.txt,152,16,0.1669407894736842,0.8219572368421053,17,0.1118421052631579,9,0.05921052631578947,0.07236842105263158,0.7171052631578947,16,0.19078947368421054,3,0.20040005293994623,0.7995999470600538,2.3955738667725943,2.6595190125024097,0.606674032827695,1.0710366896580814,3.65450858646905,0.3092105263157895,0.10257458111973845,0.8168955085065326,0.8472941823800955,1770,7.940091572361807
mariodpo,mariodpo::mariodpo_nintendo_0099.txt,169,16,0.1823224852071006,0.8091715976331361,20,0.11834319526627218,4,0.023668639053254437,0.21893491124260356,0.3668639053254438,10,0.08284023668639054,3,0.07927941621446377,0.9207205837855362,2.1519822946907836,2.228745050951571,0.7042935792702049,1.1310143362033402,3.7071582763498756,0.3136094674556213,0.10040456050018388,0.8168955085065326,0.8472941823800955,1770,3.4201405141465373
mariodpo,mariodpo::mariodpo_nintendo_0100.txt,168,16,0.15625,0.8370535714285714,15,0.08928571428571429,0,0.0,0.08333333333333333,0.17857142857142858,12,0.07738095238095238,2,6.850862447160821e-05,0.9999314913755284,1.7625507705223116,1.7514904625020802,0.7367355793772333,0.9062254595275601,2.6723241809625202,0.20238095238095238,0.07769145394006659,0.8168955085065326,0.8472941823800955,1770,2.515102242015259
mariodpo,mariodpo::mariodpo_nintendo_0101.txt,151,16,0.15397350993377484,0.8377483443708609,16,0.10596026490066225,4,0.026490066225165563,0.052980132450331126,0.10596026490066225,12,0.09271523178807947,3,0.028261185011689394,0.9717388149883106,2.104616078427328,2.1196962624154336,0.6946728434802053,0.9059299611739117,2.8317676096599267,0.2251655629139073,0.08473879062114356,0.8168955085065326,0.8472941823800955,1770,1.8846909850634592
mariodpo,mariodpo::mariodpo_nintendo_0102.txt,158,16,0.16890822784810128,0.8200158227848101,13,0.08227848101265822,11,0.06962025316455696,0.12658227848101267,0.189873417721519,6,0.056962025316455694,3,0.040688993523342654,0.9593110064766573,1.933200248877527,1.9607443140897942,0.7653890356495219,1.0209548396354264,3.104631729950904,0.22784810126582278,0.08415257569799449,0.8168955085065326,0.8472941823800955,1770,1.6593602244264947
mariodpo,mariodpo::mariodpo_nintendo_0103.txt,168,16,0.16331845238095238,0.8251488095238095,13,0.07738095238095238,18,0.10714285714285714,0.07738095238095238,0.5595238095238095,14,0.15476190476190477,3,0.05570073996882363,0.9442992600311764,2.3328579746684692,2.3846173697262207,0.6660302650636668,1.0599902775935799,3.693495082215773,0.32142857142857145,0.10099889012208657,0.8168955085065326,0.8472941823800955,1770,2.206127652259403
mariodpo,mariodpo::mariodpo_nintendo_0104.txt,192,16,0.1552734375,0.8349609375,22,0.11458333333333333,6,0.03125,0.20833333333333334,0.21875,16,0.11979166666666667,3,0.0019855162065064436,0.9980144837934936,2.650083137555543,2.6378566713777776,0.6663931761646315,0.9699131738821144,3.5954280992152787,0.2708333333333333,0.08649173955296405,0.8168955085065326,0.8472941823800955,1770,2.05649331965611
mariodpo,mariodpo::mariodpo_nintendo_0105.txt,185,16,0.1635135135135135,0.8277027027027027,17,0.0918918918918919,17,0.0918918918918919,0.0972972972972973,0.5243243243243243,21,0.17297297297297298,3,0.0419239278941943,0.9580760721058057,2.427601670928628,2.4658521327631675,0.6396727562259477,1.0370192676694996,3.817742467845445,0.3081081081081081,0.09243697478991597,0.8168955085065326,0.8472941823800955,1770,1.5743414110603418
mariodpo,mariodpo::mariodpo_nintendo_0106.txt,171,16,0.14948830409356725,0.8402777777777778,17,0.09941520467836257,10,0.05847953216374269,0.1111111111111111,0.17543859649122806,16,0.14619883040935672,3,0.0071302251532398,0.9928697748467602,2.0639747049473054,2.0580517299322008,0.6515977451290357,0.9388939177341585,3.3089438217377625,0.24561403508771928,0.0836059614685569,0.8168955085065326,0.8472941823800955,1770,1.4056101419716511
mariodpo,mariodpo::mariodpo_nintendo_0107.txt,163,16,0.14072085889570551,0.8542944785276073,6,0.03680981595092025,5,0.03067484662576687,0.18404907975460122,0.13496932515337423,18,0.19631901840490798,3,0.21509968663511847,0.7849003133648815,2.0857432439971304,2.3382942649276885,0.6137920630032813,0.8652833501388958,3.108791612244728,0.2883435582822086,0.08730461303850552,0.8168955085065326,0.8472941823800955,1770,8.608918880726685
mariodpo,mariodpo::mariodpo_nintendo_0108.txt,151,16,0.15769867549668873,0.8373344370860927,9,0.059602649006622516,7,0.046357615894039736,0.2980132450331126,0.3443708609271523,17,0.2119205298013245,3,0.09011759010514886,0.9098824098948511,2.3779848423547003,2.474966534067564,0.6020625425987528,1.0095147330794423,4.093697747830395,0.36423841059602646,0.10530645824763472,0.8168955085065326,0.8472941823800955,1770,3.7927459270651958
mariodpo,mariodpo::mariodpo_nintendo_0109.txt,159,16,0.1580188679245283,0.8364779874213837,11,0.06918238993710692,3,0.018867924528301886,0.050314465408805034,0.20754716981132076,10,0.07547169811320754,2,0.1168899485731526,0.8831100514268474,1.8237838857308641,1.927664694928335,0.753563616728409,0.9139941376779308,2.504671921578256,0.20754716981132076,0.07893708479874952,0.8168955085065326,0.8472941823800955,1770,4.615935919449434
mariodpo,mariodpo::mariodpo_nintendo_0110.txt,153,16,0.17116013071895425,0.8194444444444444,8,0.05228758169934641,17,0.1111111111111111,0.8235294117647058,0.13725490196078433,14,0.16993464052287582,3,0.608390303187771,0.391609696812229,2.071831127056359,3.2878474032363325,0.6749180922284551,1.0203402185332862,3.6593848312996444,0.2679738562091503,0.0876979293544458,0.8168955085065326,0.8472941823800955,1770,25.219532690015548
mariodpo,mariodpo::mariodpo_nintendo_0111.txt,162,16,0.17631172839506173,0.8171296296296297,14,0.08641975308641975,4,0.024691358024691357,0.30864197530864196,0.14814814814814814,18,0.16666666666666666,3,1.3507659532008276e-06,0.9999986492340468,2.562409218063989,2.545155459806026,0.6277546559044856,1.0476847793588173,3.50236440666983,0.29012345679012347,0.09589566551591867,0.8168955085065326,0.8472941823800955,1770,1.9702358393867097
mariodpo,mariodpo::mariodpo_nintendo_0112.txt,189,16,0.18816137566137567,0.7992724867724867,16,0.08465608465608465,26,0.13756613756613756,0.1693121693121693,1.0846560846560847,23,0.2275132275132275,3,0.001694402756270863,0.9983055972437291,2.779797403487871,2.76583768070167,0.6126149912078367,1.2044714303007589,5.2090492150258285,0.43386243386243384,0.11352418558736427,0.8168955085065326,0.8472941823800955,1770,3.3837643425551733
mariodpo,mariodpo::mariodpo_nintendo_0113.txt,177,16,0.1627824858757062,0.8315677966101694,13,0.07344632768361582,3,0.01694915254237288,0.096045197740113,0.24858757062146894,16,0.15254237288135594,3,4.693790059184799e-06,0.9999953062099408,2.0996325201546435,2.0868735760256416,0.6381949876865131,0.979880908151748,3.538080429215559,0.3107344632768362,0.08851422550052687,0.8168955085065326,0.8472941823800955,1770,2.027622109608335
mariodpo,mariodpo::mariodpo_nintendo_0114.txt,172,16,0.1308139534883721,0.8630087209302325,12,0.06976744186046512,2,0.011627906976744186,0.0755813953488372,0.20930232558139536,19,0.14534883720930233,3,0.02109558566764702,0.978904414332353,1.5820026188272833,1.5884037005086187,0.6442743028868988,0.7683419758562836,2.4815009092240867,0.1569767441860465,0.07083483917600289,0.8168955085065326,0.8472941823800955,1770,2.870903120827747
mariodpo,mariodpo::mariodpo_nintendo_0115.txt,164,16,0.15320121951219512,0.8391768292682927,13,0.07926829268292683,9,0.054878048780487805,0.024390243902439025,0.25,9,0.06097560975609756,2,8.382565072440062e-05,0.9999161743492756,1.786727523870805,1.7752372296806198,0.7819540110983261,0.8981089782972851,2.8751673718236,0.1951219512195122,0.07768093974990527,0.8168955085065326,0.8472941823800955,1770,2.163994637444818
mariodpo,mariodpo::mariodpo_nintendo_0116.txt,194,16,0.15012886597938144,0.8411726804123711,23,0.11855670103092783,10,0.05154639175257732,0.15463917525773196,0.1958762886597938,16,0.11855670103092783,3,0.016887782597470147,0.9831122174025299,1.7970356613516771,1.8021359077488484,0.6724685849965994,0.9315071509121741,3.4379196018797646,0.2268041237113402,0.08239820455274126,0.8168955085065326,0.8472941823800955,1770,1.7149245212229685
mariodpo,mariodpo::mariodpo_nintendo_0117.txt,162,16,0.1396604938271605,0.8499228395061729,24,0.14814814814814814,1,0.006172839506172839,0.09876543209876543,0.19753086419753085,11,0.09259259259259259,3,0.013444395836391676,0.9865556041636083,1.8036722994745864,1.8037738217415178,0.6741109885733543,0.8358078882749765,2.53475060186891,0.15432098765432098,0.0759493670886076,0.8168955085065326,0.8472941823800955,1770,2.9831628393998315
mariodpo,mariodpo::mariodpo_nintendo_0118.txt,170,16,0.1588235294117647,0.8345588235294118,16,0.09411764705882353,2,0.011764705882352941,0.11176470588235295,0.16470588235294117,12,0.08823529411764706,3,0.06338419656666783,0.9366158034333322,2.1054228528728545,2.162191596849643,0.7002304921968787,0.942479302885217,2.9675650938249727,0.24705882352941178,0.07970749542961608,0.8168955085065326,0.8472941823800955,1770,2.652593195389141
mariodpo,mariodpo::mariodpo_nintendo_0119.txt,179,16,0.1497905027932961,0.8372905027932961,29,0.16201117318435754,15,0.08379888268156424,0.1340782122905028,0.12290502793296089,12,0.11173184357541899,3,0.01169992267081843,0.9883000773291816,1.8382545631809215,1.8376539062855919,0.6768238532996314,0.9585181131672423,3.896789935923512,0.2681564245810056,0.089267106634248,0.8168955085065326,0.8472941823800955,1770,2.272630798790617
mariodpo,mariodpo::mariodpo_nintendo_0120.txt,162,16,0.21334876543209877,0.7754629629629629,15,0.09259259259259259,14,0.08641975308641975,0.08641975308641975,1.191358024691358,20,0.19753086419753085,3,0.33570555394281765,0.6642944460571824,2.5055344278036524,3.05254167222464,0.615653925107477,1.2873279466731387,4.531196779436426,0.35185185185185186,0.11238971998465669,0.8168955085065326,0.8472941823800955,1770,13.83763551910681
mariodpo,mariodpo::mariodpo_nintendo_0121.txt,164,16,0.12652439024390244,0.8666158536585366,12,0.07317073170731707,2,0.012195121951219513,0.042682926829268296,0.036585365853658534,14,0.0975609756097561,2,0.015507751213936771,0.9844922487860632,1.3768086760746847,1.3783282950331133,0.7200304080634529,0.7227396822423715,2.2810591063630934,0.15853658536585366,0.06669192876089428,0.8168955085065326,0.8472941823800955,1770,3.333628061633879
mariodpo,mariodpo::mariodpo_nintendo_0122.txt,177,16,0.16596045197740114,0.8273305084745762,17,0.096045197740113,2,0.011299435028248588,0.05084745762711865,0.2598870056497175,17,0.10734463276836158,3,0.0033719322316635436,0.9966280677683365,2.068305480418842,2.058972801818484,0.675934602056857,0.9638181896320067,2.957471412753826,0.1977401129943503,0.08043554618897085,0.8168955085065326,0.8472941823800955,1770,1.9470562231491788
mariodpo,mariodpo::mariodpo_nintendo_0123.txt,194,16,0.1333762886597938,0.8566365979381443,21,0.10824742268041238,18,0.09278350515463918,0.11855670103092783,0.17010309278350516,19,0.13917525773195877,3,0.0015057652480553463,0.9984942347519447,1.821928809733102,1.813144308639171,0.6681079689527005,0.8406314785222961,3.1332278668834874,0.23711340206185566,0.07694773966014748,0.8168955085065326,0.8472941823800955,1770,2.0431923658537987
mariodpo,mariodpo::mariodpo_nintendo_0124.txt,176,16,0.13707386363636365,0.8533380681818182,20,0.11363636363636363,6,0.03409090909090909,0.03977272727272727,0.23863636363636365,13,0.11363636363636363,3,0.01040532247442949,0.9895946775255705,1.6661850974552601,1.6644861834365818,0.670917250288978,0.8374824235806168,2.7485708676322815,0.19318181818181818,0.08018368067820558,0.8168955085065326,0.8472941823800955,1770,2.3626078848187793
mariodpo,mariodpo::mariodpo_nintendo_0125.txt,164,16,0.13033536585365854,0.8628048780487805,14,0.08536585365853659,1,0.006097560975609756,0.0,0.13414634146341464,9,0.0975609756097561,3,0.005849740465164954,0.994150259534835,1.445327926108943,1.4398124086429933,0.6880396252205934,0.7350746350412651,2.2097039243386716,0.10975609756097561,0.06631299734748011,0.8168955085065326,0.8472941823800955,1770,3.46830771183188
mariodpo,mariodpo::mariodpo_nintendo_0126.txt,196,16,0.1603954081632653,0.8325892857142857,19,0.09693877551020408,3,0.015306122448979591,0.05102040816326531,0.5663265306122449,22,0.21428571428571427,3,0.05237982583308021,0.9476201741669198,2.5229670400199575,2.576905278881343,0.5750704278519764,1.0326295057356363,3.9730232794516533,0.29081632653061223,0.09425579181212314,0.8168955085065326,0.8472941823800955,1770,2.422462389871401
mariodpo,mariodpo::mariodpo_nintendo_0127.txt,152,16,0.14679276315789475,0.844983552631579,18,0.11842105263157894,0,0.0,0.013157894736842105,0.20394736842105263,12,0.125,3,0.06994935533756619,0.9300506446624338,1.8916511526856197,1.9471273227821357,0.6448772376233204,0.8712320959692712,2.833773910371754,0.19078947368421054,0.07887208827135268,0.8168955085065326,0.8472941823800955,1770,3.2063305360656034
mariodpo,mariodpo::mariodpo_nintendo_0128.txt,200,16,0.149375,0.84125,23,0.115,6,0.03,0.03,0.14,20,0.11,2,0.03744377144828881,0.9625562285517112,1.9034611023463373,1.9294996076710835,0.6954455945252351,0.9006878311012932,2.827507419276136,0.205,0.07682737169517885,0.8168955085065326,0.8472941823800955,1770,2.1154939134883275
mariodpo,mariodpo::mariodpo_nintendo_0129.txt,184,16,0.15251358695652173,0.8396739130434783,19,0.10326086956521739,14,0.07608695652173914,0.08152173913043478,0.45108695652173914,15,0.11413043478260869,2,0.02204908188939969,0.9779509181106003,2.2232473992156283,2.2351376143391217,0.7118945310922469,0.9346724491482894,3.121546013920023,0.21195652173913043,0.08144643460628591,0.8168955085065326,0.8472941823800955,1770,1.3347406941137654
mariodpo,mariodpo::mariodpo_nintendo_0130.txt,194,16,0.18202319587628865,0.8099226804123711,16,0.08247422680412371,11,0.05670103092783505,0.5567010309278351,0.30927835051546393,17,0.13917525773195877,3,0.3472795291385885,0.6527204708614115,2.7490193140423247,3.38418312124223,0.6720897581782626,1.103579751883148,4.2403698337895355,0.30927835051546393,0.08816928502725233,0.8168955085065326,0.8472941823800955,1770,14.194249445404672
mariodpo,mariodpo::mariodpo_nintendo_0131.txt,166,16,0.1585090361445783,0.833960843373494,12,0.07228915662650602,6,0.03614457831325301,0.024096385542168676,0.7168674698795181,18,0.1686746987951807,3,0.05386269832324142,0.9461373016767586,2.536310952533482,2.589828374948302,0.6281751384939536,0.9470337571758487,3.0559014003226146,0.22289156626506024,0.08124298015724447,0.8168955085065326,0.8472941823800955,1770,2.0813597600624605
mariodpo,mariodpo::mariodpo_nintendo_0132.txt,199,16,0.13819095477386933,0.8542713567839196,21,0.10552763819095477,15,0.07537688442211055,0.1306532663316583,0.11557788944723618,12,0.07537688442211055,2,0.015350970207751558,0.9846490297922484,1.7028409053563827,1.7070551965736227,0.7602093786957939,0.8157201897040989,2.5536405834562705,0.20603015075376885,0.06939668646452016,0.8168955085065326,0.8472941823800955,1770,2.34920802838526
mariodpo,mariodpo::mariodpo_nintendo_0133.txt,191,16,0.1387434554973822,0.8527486910994765,16,0.08376963350785341,18,0.09424083769633508,0.18848167539267016,0.09424083769633508,18,0.1518324607329843,3,0.00980719708377864,0.9901928029162214,2.0516726689032305,2.0497855518432067,0.6647335420229581,0.8721548109418762,3.2021470572323323,0.24607329842931938,0.08140670791273201,0.8168955085065326,0.8472941823800955,1770,1.5101169138867332
mariodpo,mariodpo::mariodpo_nintendo_0134.txt,191,16,0.16099476439790575,0.8334424083769634,15,0.07853403141361257,1,0.005235602094240838,0.08900523560209424,0.10471204188481675,15,0.09947643979057591,2,0.01704809496897919,0.9829519050310208,2.216819629853501,2.223573308367512,0.7140458925791159,0.9288491713498745,2.949681988459824,0.21465968586387435,0.07847606642787365,0.8168955085065326,0.8472941823800955,1770,2.001595548713247
mariodpo,mariodpo::mariodpo_nintendo_0135.txt,189,16,0.14649470899470898,0.8432539682539683,18,0.09523809523809523,13,0.06878306878306878,0.10052910052910052,0.164021164021164,18,0.14814814814814814,3,0.014137394690357685,0.9858626053096423,2.174375970799929,2.177288819438087,0.6543046992955585,0.9452080138581725,3.5601875692446763,0.2804232804232804,0.09378084896347483,0.8168955085065326,0.8472941823800955,1770,1.4698278628513841
mariodpo,mariodpo::mariodpo_nintendo_0136.txt,192,16,0.14713541666666666,0.8450520833333334,22,0.11458333333333333,6,0.03125,0.10416666666666667,0.0625,16,0.10416666666666667,3,0.010088323860179327,0.9899116761398207,1.8454169141729313,1.84457718192405,0.6813118183663999,0.8591592662869769,2.8258911736387264,0.22916666666666666,0.07547781017168773,0.8168955085065326,0.8472941823800955,1770,2.1445910767059444
mariodpo,mariodpo::mariodpo_nintendo_0137.txt,193,16,0.172279792746114,0.8180051813471503,18,0.09326424870466321,10,0.05181347150259067,0.031088082901554404,0.5647668393782384,20,0.16580310880829016,3,0.0025883583356333117,0.9974116416643667,2.5602501030808784,2.5488789052187997,0.6305808545568179,1.0686757791209283,3.7413407160218908,0.3005181347150259,0.09474701901385756,0.8168955085065326,0.8472941823800955,1770,1.7077756504574397
mariodpo,mariodpo::mariodpo_nintendo_0138.txt,190,16,0.14046052631578948,0.850328947368421,22,0.11578947368421053,10,0.05263157894736842,0.22105263157894736,0.15789473684210525,17,0.16842105263157894,3,0.0015140943087660341,0.998485905691234,2.1906066952560295,2.179631323663415,0.626016708437761,0.9064727446325068,3.4808697171774776,0.2631578947368421,0.08052373158756138,0.8168955085065326,0.8472941823800955,1770,1.869024074279279
mariodpo,mariodpo::mariodpo_nintendo_0139.txt,177,16,0.1370056497175141,0.855225988700565,8,0.04519774011299435,15,0.0847457627118644,0.13559322033898305,0.4350282485875706,19,0.1977401129943503,3,0.0018813718142740576,0.9981186281857259,2.311055243947312,2.2982597587815325,0.6282321643049307,0.8932521407536721,3.566069199078685,0.2711864406779661,0.08570425008781173,0.8168955085065326,0.8472941823800955,1770,1.8219985844443023
mariodpo,mariodpo::mariodpo_nintendo_0140.txt,172,16,0.1373546511627907,0.8513808139534884,24,0.13953488372093023,9,0.05232558139534884,0.05232558139534884,0.19767441860465115,14,0.11627906976744186,3,0.03131471877605818,0.9686852812239418,1.4661696772831478,1.480099609944654,0.6664635501426146,0.8534521695709733,2.872666413009513,0.21511627906976744,0.07878568847126852,0.8168955085065326,0.8472941823800955,1770,2.5395506056605446
mariodpo,mariodpo::mariodpo_nintendo_0141.txt,165,16,0.15833333333333333,0.8340909090909091,11,0.06666666666666667,9,0.05454545454545454,0.12121212121212122,0.703030303030303,18,0.1696969696969697,3,0.30206736677179413,0.6979326332282059,2.0987998820018188,2.495453643907033,0.6371867933061962,0.9955262976961079,3.888768013421536,0.3212121212121212,0.10056497175141244,0.8168955085065326,0.8472941823800955,1770,12.179889315677855
mariodpo,mariodpo::mariodpo_nintendo_0142.txt,185,16,0.2706081081081081,0.7155405405405405,19,0.10270270270270271,24,0.12972972972972974,2.4918918918918918,0.17297297297297298,23,0.22162162162162163,3,0.07007551613978102,0.929924483860219,2.5426178259836685,2.6221516481296723,0.656699995898782,1.353553788172605,4.174612071132941,0.21621621621621623,0.08705882352941176,0.8168955085065326,0.8472941823800955,1770,3.848361763110276
mariodpo,mariodpo::mariodpo_nintendo_0143.txt,181,16,0.17852209944751382,0.8142265193370166,17,0.09392265193370165,2,0.011049723756906077,0.09944751381215469,0.2430939226519337,6,0.03867403314917127,2,0.00022865339258903994,0.999771346607411,2.1850574893928694,2.172855347594554,0.7950431859434602,1.030075590681353,3.1979536366445105,0.2430939226519337,0.078667124699416,0.8168955085065326,0.8472941823800955,1770,2.3153293793330842
mariodpo,mariodpo::mariodpo_nintendo_0144.txt,156,16,0.14583333333333334,0.8485576923076923,7,0.04487179487179487,5,0.03205128205128205,0.02564102564102564,0.16666666666666666,12,0.12179487179487179,3,0.01063215683053842,0.9893678431694616,1.77586227348187,1.7725802707709828,0.6837100929438857,0.852440120497405,2.741565662829095,0.19230769230769232,0.07964954201513341,0.8168955085065326,0.8472941823800955,1770,2.206236971237572
mariodpo,mariodpo::mariodpo_nintendo_0145.txt,158,16,0.1530854430379747,0.8362341772151899,9,0.056962025316455694,21,0.13291139240506328,0.20253164556962025,0.6012658227848101,24,0.2468354430379747,3,0.041824331435024176,0.9581756685649758,2.435222243878918,2.4697099067976604,0.6031137713285274,1.049765799130774,4.468053133164415,0.41139240506329117,0.11010617381046009,0.8168955085065326,0.8472941823800955,1770,2.9693422029923644
mariodpo,mariodpo::mariodpo_nintendo_0146.txt,167,16,0.1493263473053892,0.8413173652694611,7,0.041916167664670656,15,0.08982035928143713,0.16167664670658682,0.592814371257485,19,0.2215568862275449,3,0.00013070025693218135,0.9998692997430678,2.7076611757145557,2.6897253060902377,0.6109301479856023,0.9813533211349001,4.099779665647389,0.32335329341317365,0.09973948641607741,0.8168955085065326,0.8472941823800955,1770,2.2234357496159562
mariodpo,mariodpo::mariodpo_nintendo_0147.txt,166,16,0.15963855421686746,0.8301957831325302,9,0.05421686746987952,18,0.10843373493975904,0.08433734939759036,0.8795180722891566,24,0.23493975903614459,3,0.15845899194015833,0.8415410080598417,2.4150507601622873,2.614276671554122,0.6020644393600151,1.0174463795874282,4.096978295655642,0.35542168674698793,0.10520404342942719,0.8168955085065326,0.8472941823800955,1770,6.301850519999237
mariodpo,mariodpo::mariodpo_nintendo_0148.txt,172,16,0.18568313953488372,0.8045058139534884,12,0.06976744186046512,20,0.11627906976744186,1.0,0.13953488372093023,20,0.2441860465116279,3,0.12239260996011125,0.8776073900398887,2.872892895251019,3.046707299174135,0.6123333383057118,1.147413645795378,4.670595872379192,0.36046511627906974,0.09902421395012649,0.8168955085065326,0.8472941823800955,1770,5.016505566698233
mariodpo,mariodpo::mariodpo_nintendo_0149.txt,163,16,0.14302147239263804,0.8477760736196319,18,0.11042944785276074,3,0.018404907975460124,0.05521472392638037,0.03680981595092025,15,0.11042944785276074,2,0.036620808494878254,0.9633791915051217,1.6895440931375003,1.7096864500507738,0.692995970217794,0.8473398062513214,2.8512215419069475,0.1901840490797546,0.07548608463591308,0.8168955085065326,0.8472941823800955,1770,2.4981344152030744
mariodpo,mariodpo::mariodpo_nintendo_0150.txt,160,16,0.130078125,0.862890625,12,0.075,6,0.0375,0.09375,0.0875,10,0.1125,3,0.021529171979029815,0.9784708280209702,1.501522052275543,1.5075895121874603,0.6872689075630252,0.7671102300564208,2.782175512076906,0.1625,0.06873786407766991,0.8168955085065326,0.8472941823800955,1770,2.77765211281175
mariodpo,mariodpo::mariodpo_nintendo_0151.txt,154,16,0.1643668831168831,0.828327922077922,15,0.09740259740259741,3,0.01948051948051948,0.16233766233766234,0.22077922077922077,15,0.12337662337662338,3,0.012169001328496964,0.987830998671503,2.170112871663378,2.16800781487065,0.6630223232353825,0.987083955848715,3.5115886634964406,0.3051948051948052,0.09762000806776926,0.8168955085065326,0.8472941823800955,1770,2.002914761285543
mariodpo,mariodpo::mariodpo_nintendo_0152.txt,171,16,0.1652046783625731,0.8241959064327485,22,0.1286549707602339,12,0.07017543859649122,0.18128654970760233,0.14035087719298245,13,0.11695906432748537,3,0.014907583345146747,0.9850924166548533,2.154812806889496,2.15752921052735,0.6780066290877615,1.0233958907937937,3.6693509737705554,0.2982456140350877,0.09342057433660488,0.8168955085065326,0.8472941823800955,1770,1.6852399575959331
mariodpo,mariodpo::mariodpo_nintendo_0153.txt,162,16,0.1709104938271605,0.8186728395061729,17,0.10493827160493827,8,0.04938271604938271,0.043209876543209874,0.808641975308642,17,0.13580246913580246,3,0.04120508025876879,0.9587949197412312,2.5005262647577204,2.5364954736545293,0.655817898197351,1.0610660413074662,3.631844982394494,0.2777777777777778,0.10088224012274645,0.8168955085065326,0.8472941823800955,1770,1.9277799711161387
mariodpo,mariodpo::mariodpo_nintendo_0154.txt,162,16,0.2353395061728395,0.7523148148148148,15,0.09259259259259259,15,0.09259259259259259,1.5185185185185186,0.25925925925925924,17,0.19135802469135801,3,0.1572841484521491,0.8427158515478509,2.8385098707601144,3.0719296150999593,0.6517615989012099,1.3348689601799018,4.773209718782715,0.38271604938271603,0.10088224012274645,0.8168955085065326,0.8472941823800955,1770,6.781493620819436
mariodpo,mariodpo::mariodpo_nintendo_0155.txt,180,16,0.15763888888888888,0.8315972222222222,26,0.14444444444444443,5,0.027777777777777776,0.13333333333333333,0.16666666666666666,14,0.11666666666666667,3,0.06479634755887798,0.935203652441122,1.9771393876503953,2.032132730522476,0.6575501792114695,0.9780164834319754,3.5787746040451,0.3,0.08877374784110535,0.8168955085065326,0.8472941823800955,1770,2.936294854574266
mariodpo,mariodpo::mariodpo_nintendo_0156.txt,167,16,0.13697604790419163,0.8547904191616766,20,0.11976047904191617,5,0.029940119760479042,0.08982035928143713,0.09580838323353294,13,0.09580838323353294,3,0.0010326453488930243,0.998967354651107,1.6367115788667468,1.6269581174452266,0.6882519720728549,0.8144637713193976,2.8411960041481894,0.20359281437125748,0.07852623743952364,0.8168955085065326,0.8472941823800955,1770,2.6526090019241173
mariodpo,mariodpo::mariodpo_nintendo_0157.txt,184,16,0.14334239130434784,0.8495244565217391,16,0.08695652173913043,5,0.02717391304347826,0.08152173913043478,0.22826086956521738,14,0.09239130434782608,2,0.002329000060814712,0.9976709999391853,1.7616712473209215,1.7533817788857737,0.7273733012337739,0.8492568057758867,2.881863631262468,0.22826086956521738,0.07333558634673876,0.8168955085065326,0.8472941823800955,1770,2.3654165367164377
mariodpo,mariodpo::mariodpo_nintendo_0158.txt,187,16,0.17613636363636365,0.8161764705882353,12,0.06417112299465241,10,0.053475935828877004,0.0,0.7540106951871658,24,0.20320855614973263,3,0.005707362261183846,0.9942926377388162,2.522029183536395,2.51339963682161,0.6048316065324278,1.122574525204063,4.082524424506931,0.29411764705882354,0.10375789823744595,0.8168955085065326,0.8472941823800955,1770,1.890601144338479
mariodpo,mariodpo::mariodpo_nintendo_0159.txt,150,16,0.17625,0.8070833333333334,4,0.02666666666666667,36,0.24,0.21333333333333335,1.1333333333333333,23,0.32666666666666666,3,0.019968692721719306,0.9800313072782807,2.6736462447998144,2.6803641277047277,0.5916223713646531,1.1590989000402518,5.361939085214692,0.4533333333333333,0.1349896480331263,0.8168955085065326,0.8472941823800955,1770,4.909908477840441
mariodpo,mariodpo::mariodpo_nintendo_0160.txt,172,16,0.13408430232558138,0.8561046511627907,19,0.11046511627906977,15,0.0872093023255814,0.09302325581395349,0.1511627906976744,15,0.09883720930232558,2,8.235668820799624e-06,0.9999917643311792,1.4538696761922594,1.4448171594906491,0.7317128528676181,0.8192333608521849,2.6262756263215956,0.1744186046511628,0.07083483917600289,0.8168955085065326,0.8472941823800955,1770,2.66152561588667
mariodpo,mariodpo::mariodpo_nintendo_0161.txt,155,16,0.18588709677419354,0.8064516129032258,13,0.08387096774193549,4,0.025806451612903226,0.34838709677419355,0.7741935483870968,18,0.15483870967741936,3,0.5659402266780523,0.4340597733219477,1.9715336629178852,2.9719003652245672,0.641,1.1349792846504394,3.9670757529111316,0.3032258064516129,0.09498997995991984,0.8168955085065326,0.8472941823800955,1770,23.4243730100213
mariodpo,mariodpo::mariodpo_nintendo_0162.txt,161,16,0.1486801242236025,0.84472049689441,11,0.06832298136645963,8,0.049689440993788817,0.08074534161490683,0.515527950310559,19,0.19875776397515527,3,0.026219822175858498,0.9737801778241415,2.4989199908228388,2.5146920716616137,0.6078869719701755,0.9411598610661307,3.7665437288404386,0.3167701863354037,0.10111925897336936,0.8168955085065326,0.8472941823800955,1770,2.0076773217793487
mariodpo,mariodpo::mariodpo_nintendo_0163.txt,175,16,0.1332142857142857,0.8582142857142857,19,0.10857142857142857,12,0.06857142857142857,0.18857142857142858,0.04,16,0.14857142857142858,3,0.005188737189365633,0.9948112628106344,1.8293078347760856,1.8228546100028944,0.6516573465749936,0.823329603924172,3.166242183644692,0.2571428571428571,0.08241563055062166,0.8168955085065326,0.8472941823800955,1770,2.089499437254618
mariodpo,mariodpo::mariodpo_nintendo_0164.txt,163,16,0.16257668711656442,0.8305214723926381,13,0.07975460122699386,9,0.05521472392638037,0.11042944785276074,0.2883435582822086,17,0.19631901840490798,3,0.0038662854010753644,0.9961337145989246,2.433463962970619,2.4209506978237694,0.6095568303543764,1.0208578168914217,3.746793131622188,0.3128834355828221,0.10141059855127717,0.8168955085065326,0.8472941823800955,1770,1.8228812345039864
mariodpo,mariodpo::mariodpo_nintendo_0165.txt,190,16,0.12302631578947368,0.8697368421052631,17,0.08947368421052632,3,0.015789473684210527,0.042105263157894736,0.06315789473684211,20,0.15263157894736842,3,0.017975076992032046,0.982024923007968,1.4021163576639546,1.4062891663763188,0.6318828243448126,0.7266490345587917,2.394561083324368,0.1631578947368421,0.06546644844517185,0.8168955085065326,0.8472941823800955,1770,3.204947590404177
mariodpo,mariodpo::mariodpo_nintendo_0166.txt,176,16,0.14240056818181818,0.8519176136363636,12,0.06818181818181818,4,0.022727272727272728,0.09659090909090909,0.19318181818181818,14,0.14772727272727273,3,0.027648907078188234,0.9723510929218118,1.8196744496847317,1.833794627098411,0.6466446849098803,0.8616775534886484,3.0173192626983223,0.23863636363636365,0.08265630519251148,0.8168955085065326,0.8472941823800955,1770,2.040045057363391
mariodpo,mariodpo::mariodpo_nintendo_0167.txt,171,16,0.17543859649122806,0.8139619883040936,18,0.10526315789473684,26,0.15204678362573099,0.19883040935672514,0.22807017543859648,17,0.1695906432748538,3,0.012152036421259949,0.98784796357874,2.274230547799573,2.2738299704188525,0.662181484136664,1.1224711547186246,4.480469013350588,0.40350877192982454,0.10687022900763359,0.8168955085065326,0.8472941823800955,1770,2.7238193746162778
mariodpo,mariodpo::mariodpo_nintendo_0168.txt,169,16,0.14349112426035504,0.8502218934911243,15,0.08875739644970414,1,0.005917159763313609,0.029585798816568046,0.2603550295857988,12,0.08875739644970414,3,0.007801437680459822,0.9921985623195402,1.658851400456523,1.6548531124007602,0.6978498876688922,0.8337283155198674,2.6988468230332896,0.21301775147928995,0.07576314821625597,0.8168955085065326,0.8472941823800955,1770,2.567380211250072
mariodpo,mariodpo::mariodpo_nintendo_0169.txt,158,16,0.11669303797468354,0.8738132911392406,15,0.0949367088607595,11,0.06962025316455696,0.08227848101265822,0.0759493670886076,17,0.18354430379746836,3,0.03874088028408185,0.9612591197159182,1.6027032876278793,1.6225266076686053,0.6212283297290725,0.7332982386865001,2.744099039203455,0.2088607594936709,0.07550137632717263,0.8168955085065326,0.8472941823800955,1770,2.7238083489190665
mariodpo,mariodpo::mariodpo_nintendo_0170.txt,189,16,0.16071428571428573,0.8333333333333334,11,0.0582010582010582,4,0.021164021164021163,0.10052910052910052,0.3862433862433862,22,0.19047619047619047,3,0.014245986421048573,0.9857540135789514,2.4696718759861014,2.472513751165842,0.6082773050073431,1.01599651010069,3.4889149526593903,0.2804232804232804,0.09279368213228036,0.8168955085065326,0.8472941823800955,1770,1.811044878101792
mariodpo,mariodpo::mariodpo_nintendo_0171.txt,194,16,0.18943298969072164,0.7999355670103093,16,0.08247422680412371,18,0.09278350515463918,0.44329896907216493,0.8402061855670103,25,0.26804123711340205,3,0.24234785953047044,0.7576521404695296,2.652148881388575,3.029767520100399,0.5727014770702561,1.2507185762271964,5.3643159552293795,0.44329896907216493,0.11798653414555947,0.8168955085065326,0.8472941823800955,1770,10.18446377777616
mariodpo,mariodpo::mariodpo_nintendo_0172.txt,185,16,0.14425675675675675,0.8452702702702702,24,0.12972972972972974,6,0.032432432432432434,0.08108108108108109,0.23783783783783785,13,0.10810810810810811,3,0.002544676431745163,0.9974553235682548,1.9448848038800561,1.9358751139335937,0.6719222160718152,0.8790351669811152,3.3205157572850545,0.21081081081081082,0.08134453781512604,0.8168955085065326,0.8472941823800955,1770,2.2753120368794404
mariodpo,mariodpo::mariodpo_nintendo_0173.txt,194,16,0.16849226804123713,0.8240979381443299,14,0.07216494845360824,7,0.03608247422680412,0.08762886597938144,0.6597938144329897,24,0.23711340206185566,3,0.01899627424292305,0.981003725757077,2.65192359446561,2.6619548346497908,0.5708932046300075,1.0792850721132052,4.331371096018371,0.34536082474226804,0.09618467457518436,0.8168955085065326,0.8472941823800955,1770,2.1355870919179725
mariodpo,mariodpo::mariodpo_nintendo_0174.txt,181,16,0.1805939226519337,0.81146408839779,18,0.09944751381215469,8,0.04419889502762431,0.09944751381215469,0.07734806629834254,13,0.08287292817679558,2,0.025559070310074428,0.9744409296899256,2.182926626061879,2.1985501830860863,0.7411690793295942,1.0474437098463014,3.5873757540356834,0.2541436464088398,0.0975609756097561,0.8168955085065326,0.8472941823800955,1770,1.706442769120539
mariodpo,mariodpo::mariodpo_nintendo_0175.txt,157,16,0.1552547770700637,0.8359872611464968,17,0.10828025477707007,3,0.01910828025477707,0.0,0.08917197452229299,6,0.050955414012738856,3,8.521895928026435e-05,0.9999147810407197,1.8858683457620098,1.8734173473478826,0.742740406293579,0.8911265852673769,2.683270458229383,0.1910828025477707,0.07597942223981005,0.8168955085065326,0.8472941823800955,1770,2.4385603139390843
mariodpo,mariodpo::mariodpo_nintendo_0176.txt,161,16,0.15605590062111802,0.8373447204968945,13,0.08074534161490683,11,0.06832298136645963,0.19875776397515527,0.2360248447204969,13,0.08074534161490683,1,0.01680046150428005,0.98319953849572,1.7164356907177507,1.71968721170829,0.7898380331164956,0.9413827533244529,3.29928496701963,0.2236024844720497,0.08066383635661907,0.8168955085065326,0.8472941823800955,1770,1.7724879668211575
mariodpo,mariodpo::mariodpo_nintendo_0177.txt,165,16,0.14204545454545456,0.8488636363636364,20,0.12121212121212122,8,0.048484848484848485,0.07878787878787878,0.13333333333333333,15,0.14545454545454545,3,0.06283969498917574,0.9371603050108243,1.9298320740876733,1.9801487037313357,0.6417749163018285,0.8831294236899213,2.9879689097836026,0.21818181818181817,0.08248587570621468,0.8168955085065326,0.8472941823800955,1770,2.5862331391190816
mariodpo,mariodpo::mariodpo_nintendo_0178.txt,176,16,0.14417613636363635,0.8483664772727273,15,0.08522727272727272,0,0.0,0.125,0.21022727272727273,21,0.20454545454545456,3,0.08780758063535177,0.9121924193646482,2.2157223657955107,2.304602070403606,0.5821146879631154,0.9326407944991252,3.794645742491329,0.26136363636363635,0.09007417873542918,0.8168955085065326,0.8472941823800955,1770,3.588924010002135
mariodpo,mariodpo::mariodpo_nintendo_0179.txt,168,16,0.13504464285714285,0.8575148809523809,16,0.09523809523809523,0,0.0,0.10119047619047619,0.09523809523809523,13,0.09523809523809523,2,0.018651474165170878,0.9813485258348291,1.4355647673611853,1.4398233589793086,0.7114832689832691,0.7867701061509815,2.688930859453064,0.20238095238095238,0.07140214576396596,0.8168955085065326,0.8472941823800955,1770,2.9935014589520885
mariodpo,mariodpo::mariodpo_nintendo_0180.txt,153,16,0.14419934640522875,0.8476307189542484,18,0.11764705882352941,0,0.0,0.20915032679738563,0.19607843137254902,12,0.10457516339869281,3,0.007983371382690674,0.9920166286173093,1.7990113328730768,1.7934706290990614,0.6709949481354247,0.8468701655466908,2.6338987950564086,0.16993464052287582,0.07876573284612262,0.8168955085065326,0.8472941823800955,1770,2.6701577750113934
mariodpo,mariodpo::mariodpo_nintendo_0181.txt,161,16,0.15916149068322982,0.8315217391304348,19,0.11801242236024845,11,0.06832298136645963,0.15527950310559005,0.2111801242236025,7,0.06832298136645963,3,0.031324361494982966,0.968675638505017,1.8827010446585586,1.9001891558793758,0.7365823179828583,0.9691019161080713,3.2373616178767994,0.2360248447204969,0.08761096101891162,0.8168955085065326,0.8472941823800955,1770,1.724821995810031
mariodpo,mariodpo::mariodpo_nintendo_0182.txt,174,16,0.14906609195402298,0.8444683908045977,12,0.06896551724137931,3,0.017241379310344827,0.011494252873563218,0.26436781609195403,19,0.16091954022988506,3,0.00982099874945308,0.9901790012505469,2.0276981967334016,2.0241892751994257,0.6296968292994313,0.8981299566844584,2.959210717352164,0.21264367816091953,0.07895677027509825,0.8168955085065326,0.8472941823800955,1770,1.894470901647617
mariodpo,mariodpo::mariodpo_nintendo_0183.txt,197,16,0.15291878172588833,0.8401015228426396,18,0.09137055837563451,1,0.005076142131979695,0.050761421319796954,0.1319796954314721,17,0.1218274111675127,3,0.03124066087072319,0.9687593391292768,1.994408407675894,2.0153284039090575,0.6593491186325122,0.9103368969739608,3.1032302835124073,0.2233502538071066,0.0786233028102305,0.8168955085065326,0.8472941823800955,1770,2.055639334862084
mariodpo,mariodpo::mariodpo_nintendo_0184.txt,177,16,0.16596045197740114,0.8298022598870056,7,0.03954802259887006,4,0.022598870056497175,0.005649717514124294,0.3954802259887006,15,0.096045197740113,3,0.006483036188220104,0.9935169638117799,1.9877908482747795,1.9821424996424672,0.712360044154577,0.9432493568261645,3.025686293664261,0.1977401129943503,0.0828942746750966,0.8168955085065326,0.8472941823800955,1770,2.0478718492998484
mariodpo,mariodpo::mariodpo_nintendo_0185.txt,173,16,0.15173410404624277,0.840679190751445,15,0.08670520231213873,3,0.017341040462427744,0.08670520231213873,0.3468208092485549,10,0.09248554913294797,3,0.0020218954886145335,0.9979781045113855,1.819625964236304,1.8101194825709228,0.6992503107340718,0.9116362591356535,2.9661220734531115,0.2023121387283237,0.08084800574919151,0.8168955085065326,0.8472941823800955,1770,2.162592771241831
mariodpo,mariodpo::mariodpo_nintendo_0186.txt,190,16,0.1401315789473684,0.8532894736842105,14,0.07368421052631578,14,0.07368421052631578,0.08421052631578947,0.14736842105263157,10,0.06315789473684211,2,3.70281814844331e-05,0.9999629718185156,1.5106221313251755,1.5024176129949454,0.7889967303027107,0.8066483654598399,2.44650161779941,0.1736842105263158,0.06939443535188217,0.8168955085065326,0.8472941823800955,1770,2.735748587186966
mariodpo,mariodpo::mariodpo_nintendo_0187.txt,190,16,0.1805921052631579,0.8101973684210526,14,0.07368421052631578,15,0.07894736842105263,0.07368421052631578,0.5631578947368421,18,0.13157894736842105,3,0.13012873997403962,0.8698712600259604,2.392552073722827,2.550489307205561,0.6809062923174145,1.117584563958636,3.806940736942889,0.29473684210526313,0.09165302782324058,0.8168955085065326,0.8472941823800955,1770,4.894853635536257
mariodpo,mariodpo::mariodpo_nintendo_0188.txt,162,16,0.1396604938271605,0.8510802469135802,5,0.030864197530864196,17,0.10493827160493827,0.08641975308641975,0.4506172839506173,17,0.1419753086419753,3,0.11109457659084043,0.8889054234091596,2.045547309466761,2.155194206435509,0.6928700399719723,0.9232210951182136,3.889206770777567,0.3148148148148148,0.09781357882623705,0.8168955085065326,0.8472941823800955,1770,4.425128195887256
mariodpo,mariodpo::mariodpo_nintendo_0189.txt,196,16,0.16294642857142858,0.8290816326530612,22,0.11224489795918367,30,0.15306122448979592,0.30612244897959184,0.11734693877551021,14,0.08673469387755102,3,3.7459802889050486e-05,0.999962540197111,2.081970470309509,2.070474699265049,0.7488640603920893,0.9916905186770211,3.2584401150758104,0.22448979591836735,0.0806093303713107,0.8168955085065326,0.8472941823800955,1770,1.896034082314613
mariodpo,mariodpo::mariodpo_nintendo_0190.txt,195,16,0.1346153846153846,0.8586538461538461,16,0.08205128205128205,4,0.020512820512820513,0.10256410256410256,0.07179487179487179,20,0.14358974358974358,3,0.06022256707483109,0.9397774329251689,1.7202733729043158,1.7645391313791863,0.6459654631083203,0.8093876780859932,2.750700592070233,0.21025641025641026,0.07751196172248803,0.8168955085065326,0.8472941823800955,1770,2.8906300138128493
mariodpo,mariodpo::mariodpo_nintendo_0191.txt,159,16,0.16470125786163523,0.824685534591195,13,0.08176100628930817,23,0.14465408805031446,0.18867924528301888,0.9371069182389937,26,0.2830188679245283,3,0.005554266990007606,0.9944457330099924,2.679700971811367,2.6680479672855646,0.5755431253594553,1.0698984868875987,4.984502681518854,0.4276729559748428,0.12153184837827276,0.8168955085065326,0.8472941823800955,1770,3.430644122531645
mariodpo,mariodpo::mariodpo_nintendo_0192.txt,177,16,0.14018361581920905,0.8502824858757062,24,0.13559322033898305,1,0.005649717514124294,0.062146892655367235,0.1016949152542373,14,0.11299435028248588,3,0.001626830503881349,0.9983731694961187,1.6785548557179686,1.6698321738088817,0.6550340012920179,0.8491668337177858,2.9270020490851563,0.22033898305084745,0.07973305233579206,0.8168955085065326,0.8472941823800955,1770,2.80163789860724
mariodpo,mariodpo::mariodpo_nintendo_0193.txt,185,16,0.14493243243243242,0.8466216216216216,18,0.0972972972972973,24,0.12972972972972974,0.15675675675675677,0.14054054054054055,12,0.10810810810810811,3,0.00016801206258176826,0.9998319879374182,1.7908370168205636,1.7806048533077858,0.7182237984590926,0.8920737482348924,2.969070165249732,0.2,0.08100840336134454,0.8168955085065326,0.8472941823800955,1770,1.9513854339712906
mariodpo,mariodpo::mariodpo_nintendo_0194.txt,194,16,0.15689432989690721,0.8340850515463918,12,0.061855670103092786,15,0.07731958762886598,0.18041237113402062,0.3711340206185567,20,0.15979381443298968,3,0.002597357698875591,0.9974026423011244,2.532919492830757,2.522318188524944,0.6572850901728868,1.0247131467046668,4.079077590684166,0.29896907216494845,0.09874959923052261,0.8168955085065326,0.8472941823800955,1770,1.7323084436625669
mariodpo,mariodpo::mariodpo_nintendo_0195.txt,186,16,0.15893817204301075,0.834005376344086,13,0.06989247311827956,5,0.026881720430107527,0.1827956989247312,0.521505376344086,14,0.13978494623655913,3,0.36807800220831177,0.6319219977916882,2.0772435798213267,2.5982927386279293,0.6574435218452976,1.0020044314208365,3.7863921364911173,0.26881720430107525,0.09060514877967235,0.8168955085065326,0.8472941823800955,1770,14.962528291998636
mariodpo,mariodpo::mariodpo_nintendo_0196.txt,190,16,0.1555921052631579,0.837171052631579,19,0.1,4,0.021052631578947368,0.12631578947368421,0.09473684210526316,17,0.12631578947368421,3,0.015363711548477599,0.9846362884515224,1.996638546018699,2.000624392329473,0.65891267023237,0.9265108570405801,3.2162386808839662,0.23157894736842105,0.08216039279869067,0.8168955085065326,0.8472941823800955,1770,1.752302306089613
mariodpo,mariodpo::mariodpo_nintendo_0197.txt,162,16,0.1550925925925926,0.8352623456790124,20,0.12345679012345678,4,0.024691358024691357,0.12345679012345678,0.1419753086419753,13,0.15432098765432098,3,0.02401425142130631,0.9759857485786937,2.0280077516740596,2.03898206532301,0.6252127032263499,0.9832652262800367,4.031364962992792,0.29012345679012347,0.0985807441503644,0.8168955085065326,0.8472941823800955,1770,2.0841553638231147
mariodpo,mariodpo::mariodpo_nintendo_0198.txt,189,16,0.22420634920634921,0.7632275132275133,13,0.06878306878306878,24,0.12698412698412698,0.08994708994708994,1.8148148148148149,18,0.19576719576719576,3,0.09419643792150278,0.9058035620784972,2.80939193797336,2.9349408087762874,0.6376075914999569,1.249341729565171,5.042105223145846,0.4074074074074074,0.10825929582099375,0.8168955085065326,0.8472941823800955,1770,4.581413282563583
mariodpo,mariodpo::mariodpo_nintendo_0199.txt,153,16,0.1670751633986928,0.8231209150326797,8,0.05228758169934641,23,0.1503267973856209,0.09803921568627451,0.9281045751633987,20,0.23529411764705882,3,0.08409547809489137,0.9159045219051086,2.5131143424782447,2.606283853850803,0.6171785831449698,1.067886073164832,4.44172396574621,0.3790849673202614,0.11124644742184328,0.8168955085065326,0.8472941823800955,1770,3.841654723607908
mariodpo,mariodpo::mariodpo_nintendo_0200.txt,151,16,0.13079470198675497,0.8642384105960265,9,0.059602649006622516,2,0.013245033112582781,0.019867549668874173,0.18543046357615894,15,0.1390728476821192,3,0.0188806980446794,0.9811193019553206,1.7179423785173786,1.7213037325403713,0.6533800425956625,0.7571142522945729,2.5479749156727505,0.17880794701986755,0.07198683669271905,0.8168955085065326,0.8472941823800955,1770,2.7811135278844974
mariodpo,mariodpo::mariodpo_nintendo_0201.txt,189,16,0.15806878306878308,0.8336640211640212,19,0.10052910052910052,6,0.031746031746031744,0.20634920634920634,0.23809523809523808,14,0.12169312169312169,3,0.06422219070842616,0.9357778092915738,2.312785702665037,2.377362213049125,0.6689911218724778,0.9799400029093229,3.0507348693793936,0.2222222222222222,0.08292201382033564,0.8168955085065326,0.8472941823800955,1770,2.423075934362663
mariodpo,mariodpo::mariodpo_nintendo_0202.txt,156,16,0.1951121794871795,0.7944711538461539,14,0.08974358974358974,13,0.08333333333333333,0.08974358974358974,0.8910256410256411,19,0.1858974358974359,3,0.19632001206467187,0.8036799879353281,2.6326688742295454,2.91576491266085,0.6254737335834897,1.215990571645097,4.036694817560997,0.3525641025641026,0.1027479091995221,0.8168955085065326,0.8472941823800955,1770,7.925880871960289
mariodpo,mariodpo::mariodpo_nintendo_0203.txt,179,16,0.15712290502793297,0.8348463687150838,11,0.061452513966480445,20,0.11173184357541899,0.11731843575418995,0.5810055865921788,18,0.17318435754189945,3,0.049516675106997754,0.9504833248930022,2.3121639311720315,2.3572095999836926,0.6553071093025572,0.99513674550152,3.790403774531491,0.3016759776536313,0.09274053490795416,0.8168955085065326,0.8472941823800955,1770,1.8223062057208472
mariodpo,mariodpo::mariodpo_nintendo_0204.txt,200,16,0.1278125,0.8634375,20,0.1,14,0.07,0.075,0.09,18,0.13,3,0.019198469384980266,0.9808015306150197,1.6835309010857615,1.6903508546651458,0.6711612903225807,0.7685590657318245,2.785580454799294,0.185,0.07122861586314153,0.8168955085065326,0.8472941823800955,1770,2.4173051514376143
mariodpo,mariodpo::mariodpo_nintendo_0205.txt,170,16,0.16654411764705881,0.8235294117647058,15,0.08823529411764706,17,0.1,0.4764705882352941,0.2,15,0.1411764705882353,3,0.05738899224301297,0.942611007756987,3.0246865274230466,3.0959913774859302,0.6818302552511164,1.0376470816141652,3.7730159627349336,0.2823529411764706,0.09250457038391224,0.8168955085065326,0.8472941823800955,1770,2.47433007977826
mariodpo,mariodpo::mariodpo_nintendo_0206.txt,199,16,0.1771356783919598,0.8172110552763819,17,0.08542713567839195,1,0.005025125628140704,0.035175879396984924,0.32160804020100503,20,0.1457286432160804,3,0.0017673960349786633,0.9982326039650213,2.469355440349981,2.45769422746235,0.6360185038532363,1.0436135913828788,3.4292166190430993,0.23115577889447236,0.08315098468271334,0.8168955085065326,0.8472941823800955,1770,1.9157595956334987
mariodpo,mariodpo::mariodpo_nintendo_0207.txt,198,16,0.14267676767676768,0.8472222222222222,15,0.07575757575757576,15,0.07575757575757576,0.09595959595959595,0.4393939393939394,22,0.1717171717171717,3,0.016293214076199658,0.9837067859238003,2.3500502112772583,2.3561580836347877,0.6396397763715251,0.9329077742100944,3.7803676879925128,0.2676767676767677,0.08953817153628653,0.8168955085065326,0.8472941823800955,1770,1.3445058881946892
mariodpo,mariodpo::mariodpo_nintendo_0208.txt,176,16,0.1495028409090909,0.8419744318181818,17,0.09659090909090909,12,0.06818181818181818,0.1534090909090909,0.11363636363636363,18,0.11363636363636363,3,0.00020469383099797067,0.999795306169002,2.220414773242617,2.2071425918071834,0.6907070397545129,0.91306608377511,3.021855954866447,0.22727272727272727,0.0798304486047333,0.8168955085065326,0.8472941823800955,1770,1.602804318039827
mariodpo,mariodpo::mariodpo_nintendo_0209.txt,185,16,0.13952702702702702,0.8557432432432432,10,0.05405405405405406,2,0.010810810810810811,0.08108108108108109,0.16756756756756758,14,0.12432432432432433,3,0.006825259759245084,0.9931747402407549,2.0509975698792062,2.04581894651851,0.6714720120660713,0.8161737293437472,2.678460066239075,0.21081081081081082,0.06991596638655462,0.8168955085065326,0.8472941823800955,1770,2.5057895893427005
mariodpo,mariodpo::mariodpo_nintendo_0210.txt,154,16,0.14001623376623376,0.851461038961039,15,0.09740259740259741,16,0.1038961038961039,0.12987012987012986,0.16883116883116883,20,0.3051948051948052,3,0.006448585460430589,0.9935514145395694,2.137258540959922,2.128241093225021,0.542475833795108,0.918641270496769,3.9364926617415517,0.2987012987012987,0.09156918112141993,0.8168955085065326,0.8472941823800955,1770,1.8806790713637018
mariodpo,mariodpo::mariodpo_nintendo_0211.txt,160,16,0.149609375,0.8421875,17,0.10625,21,0.13125,0.1375,0.0875,14,0.10625,2,0.024678735319278222,0.9753212646807218,2.026373704696752,2.0381255004428835,0.7405793918918919,0.9085322755646368,3.0051987855018485,0.2625,0.08621359223300971,0.8168955085065326,0.8472941823800955,1770,1.704969210570778
mariodpo,mariodpo::mariodpo_nintendo_0212.txt,168,16,0.16703869047619047,0.8251488095238095,8,0.047619047619047616,16,0.09523809523809523,0.07142857142857142,0.7916666666666666,21,0.19642857142857142,3,0.0019248365210094986,0.9980751634789905,2.6183775259827025,2.6036012774978365,0.6311410314924691,1.0688591205386335,4.172020744625322,0.38095238095238093,0.10284868664446911,0.8168955085065326,0.8472941823800955,1770,2.446807527574929
mariodpo,mariodpo::mariodpo_nintendo_0213.txt,196,16,0.15943877551020408,0.8316326530612245,19,0.09693877551020408,7,0.03571428571428571,0.02040816326530612,0.6887755102040817,17,0.16326530612244897,3,0.06386433207572839,0.9361356679242716,2.3792345887375137,2.445120459946115,0.6260788186696545,0.9848415974158897,3.339475630143731,0.20918367346938777,0.08346556648682958,0.8168955085065326,0.8472941823800955,1770,2.332999539437046
mariodpo,mariodpo::mariodpo_nintendo_0214.txt,171,16,0.15570175438596492,0.8369883040935673,16,0.0935672514619883,4,0.023391812865497075,0.21052631578947367,0.36257309941520466,24,0.2046783625730994,3,0.046515696400182716,0.9534843035998173,2.210634708781676,2.249449425742753,0.5898077570537295,0.9889491745992322,4.195010475698209,0.34502923976608185,0.09960014540167211,0.8168955085065326,0.8472941823800955,1770,2.4726801032171597
mariodpo,mariodpo::mariodpo_nintendo_0215.txt,167,16,0.17926646706586827,0.811751497005988,13,0.07784431137724551,15,0.08982035928143713,0.20359281437125748,0.6766467065868264,17,0.1377245508982036,3,0.10416552994117889,0.8958344700588211,2.4111434039259683,2.5309818028931943,0.6795506326336913,1.1348117529417205,3.868247274634292,0.30538922155688625,0.09825083736509117,0.8168955085065326,0.8472941823800955,1770,3.91825217687722
mariodpo,mariodpo::mariodpo_nintendo_0216.txt,153,16,0.13480392156862744,0.858251633986928,13,0.08496732026143791,7,0.0457516339869281,0.032679738562091505,0.0915032679738562,8,0.058823529411764705,2,0.016591575112278933,0.9834084248877211,1.416003918741329,1.4180172387588805,0.7795686861131887,0.7605680655573546,2.2379031459838883,0.1568627450980392,0.06699147381242387,0.8168955085065326,0.8472941823800955,1770,3.0305642888028417
mariodpo,mariodpo::mariodpo_nintendo_0217.txt,176,16,0.1377840909090909,0.8544034090909091,12,0.06818181818181818,16,0.09090909090909091,0.09659090909090909,0.125,11,0.09090909090909091,3,0.008900891936170274,0.9910991080638297,1.923119159038342,1.9202710527251918,0.7338295544948289,0.8170454654714914,2.743386082052165,0.18181818181818182,0.07311903920876016,0.8168955085065326,0.8472941823800955,1770,2.120450633510377
mariodpo,mariodpo::mariodpo_nintendo_0218.txt,180,16,0.16944444444444445,0.821875,23,0.12777777777777777,12,0.06666666666666667,0.09444444444444444,0.07777777777777778,9,0.06111111111111111,3,0.04499169482872345,0.9550083051712766,2.078535326838868,2.114384742039689,0.7402172569789253,0.9889273581095178,3.127964509165942,0.2111111111111111,0.08013816925734024,0.8168955085065326,0.8472941823800955,1770,1.9780095777741349
mariodpo,mariodpo::mariodpo_nintendo_0219.txt,167,16,0.13997005988023953,0.8484281437125748,18,0.10778443113772455,10,0.059880239520958084,0.11976047904191617,0.46107784431137727,19,0.2215568862275449,3,0.2105411016967701,0.7894588983032299,2.173779326589788,2.429240638011311,0.5836619664546095,0.9247591477447785,3.7612213858175396,0.2994011976047904,0.09825083736509117,0.8168955085065326,0.8472941823800955,1770,8.362033377731576
mariodpo,mariodpo::mariodpo_nintendo_0220.txt,199,16,0.18310301507537688,0.8090452261306532,17,0.08542713567839195,11,0.05527638190954774,0.7336683417085427,0.31155778894472363,23,0.16080402010050251,2,0.332608296026773,0.667391703973227,2.638975127666762,3.212900931682905,0.6725569206533227,1.09954470040561,4.207815423449908,0.2663316582914573,0.08658955923726164,0.8168955085065326,0.8472941823800955,1770,13.50922704757542
mariodpo,mariodpo::mariodpo_nintendo_0221.txt,183,16,0.16120218579234974,0.83025956284153,17,0.09289617486338798,8,0.04371584699453552,0.08743169398907104,0.639344262295082,20,0.15846994535519127,3,9.435685753023115e-05,0.9999056431424698,2.7234576592221584,2.707422297953775,0.6359196571624985,0.9931930480938722,3.384052134624799,0.2459016393442623,0.08766564729867482,0.8168955085065326,0.8472941823800955,1770,1.7295134499629519
mariodpo,mariodpo::mariodpo_nintendo_0222.txt,190,16,0.13223684210526315,0.8608552631578947,17,0.08947368421052632,3,0.015789473684210527,0.06315789473684211,0.15789473684210525,14,0.10526315789473684,3,0.00027047778746913664,0.9997295222125309,1.7037843214887731,1.6942495780294773,0.6823450292397661,0.774353894823913,2.489875292797838,0.16842105263157894,0.07004909983633388,0.8168955085065326,0.8472941823800955,1770,2.896020030756414
mariodpo,mariodpo::mariodpo_nintendo_0223.txt,152,16,0.14967105263157895,0.844983552631579,11,0.07236842105263158,2,0.013157894736842105,0.09868421052631579,0.3026315789473684,9,0.07236842105263158,2,0.01640022603609126,0.9835997739639087,1.6620034345716301,1.6639587371186717,0.7555318914433162,0.8656062888533412,2.5875973620276285,0.18421052631578946,0.07560277891295464,0.8168955085065326,0.8472941823800955,1770,2.4824115958762905
mariodpo,mariodpo::mariodpo_nintendo_0224.txt,154,16,0.1546266233766234,0.8400974025974026,9,0.05844155844155844,8,0.05194805194805195,0.11038961038961038,0.14285714285714285,18,0.14935064935064934,3,0.02205806145168121,0.9779419385483188,1.9349043437947657,1.9425781049619477,0.6584670912265691,0.9213154482122403,2.9607198986463263,0.23376623376623376,0.08471157724889068,0.8168955085065326,0.8472941823800955,1770,1.3966704908951872
mariodpo,mariodpo::mariodpo_nintendo_0225.txt,170,16,0.13897058823529412,0.8525735294117647,16,0.09411764705882353,10,0.058823529411764705,0.052941176470588235,0.24705882352941178,14,0.11176470588235295,3,0.0048567068057392415,0.9951432931942608,1.5965666746798575,1.5902961423021555,0.6883137254901961,0.8367866415031507,2.8624107413877344,0.18823529411764706,0.08080438756855576,0.8168955085065326,0.8472941823800955,1770,2.2095802997664538
mariodpo,mariodpo::mariodpo_nintendo_0226.txt,153,16,0.1388888888888889,0.8525326797385621,17,0.1111111111111111,4,0.026143790849673203,0.0457516339869281,0.27450980392156865,9,0.09803921568627451,3,0.00044404621539140265,0.9995559537846086,1.7066073498524574,1.6950073825491678,0.6864579324214212,0.8195269816328653,2.650388337062045,0.1895424836601307,0.07714169711733658,0.8168955085065326,0.8472941823800955,1770,2.5885176159101526
mariodpo,mariodpo::mariodpo_nintendo_0227.txt,198,16,0.19602272727272727,0.7932449494949495,18,0.09090909090909091,26,0.13131313131313133,0.40404040404040403,0.4444444444444444,18,0.1414141414141414,3,0.06832301696838017,0.9316769830316198,3.0072164112969086,3.099089536570163,0.6902871906727948,1.2642385777903287,4.5813771597985244,0.3888888888888889,0.10681746779767515,0.8168955085065326,0.8472941823800955,1770,3.8062999774860304
mariodpo,mariodpo::mariodpo_nintendo_0228.txt,151,16,0.1452814569536424,0.8451986754966887,13,0.08609271523178808,7,0.046357615894039736,0.039735099337748346,0.26490066225165565,13,0.11920529801324503,3,0.011736240118096486,0.9882637598819035,1.8868759259567076,1.8842426052228822,0.6781407081801417,0.8904520807923557,3.117347383046114,0.271523178807947,0.09378856437679967,0.8168955085065326,0.8472941823800955,1770,1.870553271730186
mariodpo,mariodpo::mariodpo_nintendo_0229.txt,170,16,0.18088235294117647,0.8106617647058824,14,0.08235294117647059,9,0.052941176470588235,0.11176470588235295,0.6764705882352942,17,0.18235294117647058,3,0.011984989667548018,0.988015010332452,2.7079313151039215,2.706672681193969,0.620411972196286,1.1206875084689474,3.4575645976905,0.28823529411764703,0.09469835466179159,0.8168955085065326,0.8472941823800955,1770,1.6600969976257667
mariodpo,mariodpo::mariodpo_nintendo_0230.txt,178,16,0.15308988764044945,0.8381320224719101,15,0.08426966292134831,10,0.056179775280898875,0.43258426966292135,0.10112359550561797,16,0.15730337078651685,3,0.37099804715322804,0.629001952846772,2.483020036943696,3.111759738235459,0.6508010554214122,0.9512251335311135,3.656451906305623,0.25842696629213485,0.09011526370939574,0.8168955085065326,0.8472941823800955,1770,15.12539073136406
mariodpo,mariodpo::mariodpo_nintendo_0231.txt,187,16,0.15073529411764705,0.8392379679144385,22,0.11764705882352941,19,0.10160427807486631,0.12299465240641712,0.053475935828877004,16,0.12299465240641712,3,0.22564909001412803,0.774350909985872,1.7822447456360249,2.013801809332966,0.6849682853751964,0.9261387050878684,3.4611270693613565,0.24598930481283424,0.08247422680412371,0.8168955085065326,0.8472941823800955,1770,8.8913159173826
mariodpo,mariodpo::mariodpo_nintendo_0232.txt,190,16,0.15953947368421054,0.8309210526315789,8,0.042105263157894736,20,0.10526315789473684,0.06842105263157895,0.7315789473684211,25,0.21052631578947367,3,0.16883182549059628,0.8311681745094037,2.182008148966197,2.37942572469497,0.6237267050523072,1.026857665440925,4.454841208429256,0.3473684210526316,0.1044189852700491,0.8168955085065326,0.8472941823800955,1770,6.6792240199548045
mariodpo,mariodpo::mariodpo_nintendo_0233.txt,163,16,0.17714723926380369,0.8151840490797546,12,0.0736196319018405,9,0.05521472392638037,0.15950920245398773,0.7914110429447853,21,0.2392638036809816,3,0.10652651496254928,0.8934734850374507,2.5379611484551656,2.6661567111465163,0.5770314115855855,1.1297410006674837,4.534752641052587,0.4049079754601227,0.10827296988181472,0.8168955085065326,0.8472941823800955,1770,4.612854806687007
mariodpo,mariodpo::mariodpo_nintendo_0234.txt,200,16,0.1621875,0.828125,20,0.1,11,0.055,0.225,0.62,21,0.18,3,0.16117817037619353,0.8388218296238065,2.431508539471737,2.639982541250614,0.6207649253731344,1.059624487360083,4.206504431782118,0.25,0.08740279937791602,0.8168955085065326,0.8472941823800955,1770,6.167589571395119
mariodpo,mariodpo::mariodpo_nintendo_0235.txt,175,16,0.12357142857142857,0.8707142857142857,11,0.06285714285714286,5,0.02857142857142857,0.045714285714285714,0.10285714285714286,20,0.17142857142857143,3,0.0039183520885274215,0.9960816479114726,1.7660030326784077,1.7580201237366595,0.6260285212151644,0.7272313919345272,2.5788394295033354,0.19428571428571428,0.07317939609236235,0.8168955085065326,0.8472941823800955,1770,2.8288619751349837
mariodpo,mariodpo::mariodpo_nintendo_0236.txt,165,16,0.12462121212121212,0.8674242424242424,16,0.09696969696969697,4,0.024242424242424242,0.04242424242424243,0.09696969696969697,14,0.14545454545454545,3,0.025232538534565974,0.974767461465434,1.7545446870157153,1.7648099337490186,0.6397058261700095,0.7384246093940773,2.5555839376065856,0.1696969696969697,0.07382297551789077,0.8168955085065326,0.8472941823800955,1770,2.7918740192714515
mariodpo,mariodpo::mariodpo_nintendo_0237.txt,196,16,0.14253826530612246,0.8494897959183674,23,0.11734693877551021,2,0.01020408163265306,0.10204081632653061,0.14285714285714285,17,0.12755102040816327,3,0.032902124750171735,0.9670978752498283,1.7336192501380934,1.752817886985986,0.6479193069985655,0.8650789657722666,3.043441978852741,0.20918367346938777,0.07521421770866392,0.8168955085065326,0.8472941823800955,1770,2.4442798243623947
mariodpo,mariodpo::mariodpo_nintendo_0238.txt,164,16,0.1486280487804878,0.8418445121951219,13,0.07926829268292683,13,0.07926829268292683,0.1951219512195122,0.2926829268292683,18,0.2073170731707317,3,0.008704985317706249,0.9912950146822938,2.228709744077122,2.2235007433224654,0.6104358244350045,0.9679099724566991,4.170048988288017,0.35365853658536583,0.10003789314134141,0.8168955085065326,0.8472941823800955,1770,1.990196396742947
mariodpo,mariodpo::mariodpo_nintendo_0239.txt,165,16,0.1784090909090909,0.8125,17,0.10303030303030303,7,0.04242424242424243,0.22424242424242424,0.45454545454545453,14,0.10909090909090909,3,0.05942509404549601,0.940574905954504,2.3084911165138307,2.364892369837518,0.6859999999999999,1.1092392141406069,3.5192167716837446,0.3090909090909091,0.0967984934086629,0.8168955085065326,0.8472941823800955,1770,2.4832270913314143
mariodpo,mariodpo::mariodpo_nintendo_0240.txt,157,16,0.12818471337579618,0.8654458598726115,12,0.07643312101910828,2,0.012738853503184714,0.1464968152866242,0.10191082802547771,16,0.14012738853503184,3,0.0018217711152694882,0.9981782288847305,2.0734290295425057,2.0606535124165046,0.6493840369741902,0.760092975960465,2.59315321105026,0.1910828025477707,0.07241788682231895,0.8168955085065326,0.8472941823800955,1770,2.747267276215848
mariodpo,mariodpo::mariodpo_nintendo_0241.txt,151,16,0.17466887417218543,0.8133278145695364,27,0.17880794701986755,1,0.006622516556291391,0.6026490066225165,0.1986754966887417,10,0.08609271523178808,3,0.5293455802318674,0.4706544197681326,2.121516996822876,3.071144585877916,0.6813319916692018,1.0462241189410593,3.414986702683241,0.23178807947019867,0.0872069107363225,0.8168955085065326,0.8472941823800955,1770,21.988636939423394
mariodpo,mariodpo::mariodpo_nintendo_0242.txt,151,16,0.15149006622516556,0.8389900662251656,7,0.046357615894039736,15,0.09933774834437085,0.41721854304635764,0.32450331125827814,18,0.2251655629139073,3,0.547302981370434,0.452697018629566,1.7747016860986589,2.618065338751083,0.6152990170368566,0.9783885681819824,4.163873081515374,0.3443708609271523,0.10078157136980666,0.8168955085065326,0.8472941823800955,1770,22.61672835281035
mariodpo,mariodpo::mariodpo_nintendo_0243.txt,195,16,0.17435897435897435,0.8144230769230769,20,0.10256410256410256,14,0.07179487179487179,0.09230769230769231,0.6512820512820513,16,0.14871794871794872,3,0.0009276334705551337,0.9990723665294449,2.4804579807844354,2.4678606261957996,0.6524755618612875,1.107764875135143,3.6342906522016105,0.2717948717948718,0.08963317384370016,0.8168955085065326,0.8472941823800955,1770,1.4455731981076672
mariodpo,mariodpo::mariodpo_nintendo_0244.txt,174,16,0.14727011494252873,0.84375,23,0.13218390804597702,1,0.005747126436781609,0.20689655172413793,0.16091954022988506,13,0.13218390804597702,3,0.2023653640290306,0.7976346359709694,2.628184245212899,2.9246435406152944,0.6392220103337453,0.9134412436953077,3.426463641665902,0.22988505747126436,0.08145766345123258,0.8168955085065326,0.8472941823800955,1770,8.21395982071791
mariodpo,mariodpo::mariodpo_nintendo_0245.txt,193,16,0.12856217616580312,0.864961139896373,16,0.08290155440414508,2,0.010362694300518135,0.0051813471502590676,0.08290155440414508,21,0.12435233160621761,3,0.00038873373546344236,0.9996112662645366,1.6351529344177094,1.6261518486017055,0.6603048172691596,0.7390070977231289,2.4564445797580072,0.16580310880829016,0.06735417338059942,0.8168955085065326,0.8472941823800955,1770,3.12016864258508
mariodpo,mariodpo::mariodpo_nintendo_0246.txt,165,16,0.15151515151515152,0.8390151515151515,21,0.12727272727272726,10,0.06060606060606061,0.15151515151515152,0.13333333333333333,16,0.11515151515151516,2,0.007524415597926271,0.9924755844020737,2.0225337206837426,2.0167854099752898,0.6983997276132108,0.9362769698407016,2.9347489984573056,0.21212121212121213,0.07984934086629002,0.8168955085065326,0.8472941823800955,1770,1.7750886560152572
mariodpo,mariodpo::mariodpo_nintendo_0247.txt,183,16,0.17281420765027322,0.8206967213114754,17,0.09289617486338798,3,0.01639344262295082,0.14207650273224043,0.20765027322404372,16,0.10382513661202186,2,0.036885976345163995,0.963114023654836,2.3580443673084868,2.388599291299079,0.7082542493102804,1.0112430882126022,3.4377242426136294,0.26229508196721313,0.09038396194359496,0.8168955085065326,0.8472941823800955,1770,1.9442108025789546
mariodpo,mariodpo::mariodpo_nintendo_0248.txt,171,16,0.16885964912280702,0.8249269005847953,15,0.08771929824561403,8,0.04678362573099415,0.21637426900584794,0.2222222222222222,10,0.07017543859649122,3,0.00026486568534134225,0.9997351343146587,1.8827656215847706,1.8714271163988525,0.7394911616999623,1.0043723349899738,3.218408691793107,0.2222222222222222,0.07997091966557615,0.8168955085065326,0.8472941823800955,1770,1.74443547331004
mariodpo,mariodpo::mariodpo_nintendo_0249.txt,200,16,0.1659375,0.825,9,0.045,22,0.11,0.175,0.645,28,0.255,3,0.11445484760305291,0.8855451523969471,2.566133829273894,2.7111213097886497,0.5910734385724091,1.083876098666744,4.325091456442075,0.345,0.09735614307931571,0.8168955085065326,0.8472941823800955,1770,4.532060055153255
mariodpo,mariodpo::mariodpo_nintendo_0250.txt,191,16,0.15215968586387435,0.8399869109947644,19,0.09947643979057591,6,0.031413612565445025,0.16230366492146597,0.24083769633507854,17,0.14659685863874344,3,0.0022315325664757912,0.9977684674335242,2.215769251288881,2.2053111899604168,0.6427370535568155,0.9684394719221047,3.7053498221749006,0.24083769633507854,0.08889612504070335,0.8168955085065326,0.8472941823800955,1770,1.720096287788131
mariodpo,mariodpo::mariodpo_nintendo_0251.txt,193,16,0.17357512953367876,0.8157383419689119,9,0.046632124352331605,28,0.14507772020725387,0.25906735751295334,1.0569948186528497,36,0.36787564766839376,3,0.008228778004234605,0.9917712219957654,2.7819128198699214,2.7763444605011003,0.5310939505029555,1.1476776644488935,5.638991915478659,0.49222797927461137,0.12439574605220755,0.8168955085065326,0.8472941823800955,1770,4.300699934152964
mariodpo,mariodpo::mariodpo_nintendo_0252.txt,181,16,0.2064917127071823,0.7828038674033149,13,0.0718232044198895,26,0.143646408839779,1.0276243093922652,0.5248618784530387,19,0.22099447513812154,3,0.040885973709018364,0.9591140262909816,2.928167958835674,2.970700875492218,0.6401901636951055,1.2732012693084873,4.528423667252876,0.34806629834254144,0.10030917210580556,0.8168955085065326,0.8472941823800955,1770,2.9458094565900153
mariodpo,mariodpo::mariodpo_nintendo_0253.txt,168,16,0.16071428571428573,0.8329613095238095,10,0.05952380952380952,10,0.05952380952380952,0.047619047619047616,0.23809523809523808,9,0.06547619047619048,2,0.014461829756836853,0.9855381702431631,1.7985985994005527,1.800387870536513,0.786116924476797,0.9346106402046954,2.9844329914401286,0.2261904761904762,0.07991120976692564,0.8168955085065326,0.8472941823800955,1770,1.8370652580854918
mariodpo,mariodpo::mariodpo_nintendo_0254.txt,157,16,0.1449044585987261,0.8479299363057324,7,0.044585987261146494,10,0.06369426751592357,0.18471337579617833,0.3630573248407643,17,0.19745222929936307,3,0.005320989485474881,0.9946790105145251,2.2604072316939727,2.2507602097952644,0.6222652710211645,0.9260881355259689,3.696660220114935,0.267515923566879,0.0925999208547685,0.8168955085065326,0.8472941823800955,1770,1.7283516413393474
mariodpo,mariodpo::mariodpo_nintendo_0255.txt,192,16,0.142578125,0.849609375,20,0.10416666666666667,6,0.03125,0.10416666666666667,0.1875,12,0.09375,3,0.0021252703041144683,0.9978747296958855,1.9138861206888942,1.9053085165738797,0.6967815170940171,0.8562793297347051,2.9965961218056494,0.21354166666666666,0.07774538386783285,0.8168955085065326,0.8472941823800955,1770,2.2292103183878647
mariodpo,mariodpo::mariodpo_nintendo_0256.txt,154,16,0.15827922077922077,0.8340097402597403,15,0.09740259740259741,4,0.025974025974025976,0.09090909090909091,0.1038961038961039,17,0.17532467532467533,3,0.019271004106086398,0.9807289958939136,2.300073573841199,2.3057918716741317,0.6128242755876134,0.9527456325089476,3.55501587189622,0.2857142857142857,0.0935861234368697,0.8168955085065326,0.8472941823800955,1770,1.7497624836656513
mariodpo,mariodpo::mariodpo_nintendo_0257.txt,153,16,0.17279411764705882,0.8165849673202614,20,0.13071895424836602,4,0.026143790849673203,0.0196078431372549,0.11764705882352941,14,0.1437908496732026,3,0.021471389635141835,0.9785286103648582,2.3638979348065035,2.3724378305382765,0.6316201417207121,1.02108612887775,3.7569114201369094,0.27450980392156865,0.09703613479496549,0.8168955085065326,0.8472941823800955,1770,1.9860600957460484
mariodpo,mariodpo::mariodpo_nintendo_0258.txt,188,16,0.1595744680851064,0.8307845744680851,25,0.13297872340425532,5,0.026595744680851064,0.15425531914893617,0.13829787234042554,13,0.11170212765957446,3,0.022878375979352383,0.9771216240206476,2.182137268151975,2.1945118712235705,0.6664204042886275,0.9623143444312181,3.216364540141081,0.23404255319148937,0.08336089976844195,0.8168955085065326,0.8472941823800955,1770,1.913733605260389
mariodpo,mariodpo::mariodpo_nintendo_0259.txt,183,16,0.15949453551912568,0.8312841530054644,19,0.10382513661202186,2,0.01092896174863388,0.1912568306010929,0.20765027322404372,21,0.16393442622950818,3,0.0666471759571805,0.9333528240428195,2.664382678445226,2.7414042505145475,0.6182608838346544,1.0050148419769052,3.7033021984701193,0.28415300546448086,0.09004417261297995,0.8168955085065326,0.8472941823800955,1770,2.8972905827351636
mariodpo,mariodpo::mariodpo_nintendo_0260.txt,167,16,0.1407185628742515,0.8551646706586826,8,0.04790419161676647,5,0.029940119760479042,0.0718562874251497,0.31137724550898205,16,0.1497005988023952,3,0.011447889347672158,0.9885521106523278,1.7405021170702313,1.7390718698291183,0.6528680003263478,0.8475626401330056,2.976706827125386,0.2215568862275449,0.0796427242277633,0.8168955085065326,0.8472941823800955,1770,2.188262257422764
mariodpo,mariodpo::mariodpo_nintendo_0261.txt,172,16,0.19476744186046513,0.7946947674418605,17,0.09883720930232558,8,0.046511627906976744,0.16279069767441862,1.1337209302325582,20,0.18604651162790697,3,0.0023102504775849297,0.9976897495224151,3.190658587037593,3.173125439675935,0.6115156099298444,1.187581080640112,3.9609472517059277,0.28488372093023256,0.0986628117094326,0.8168955085065326,0.8472941823800955,1770,2.5836624310215557
mariodpo,mariodpo::mariodpo_nintendo_0262.txt,195,16,0.15128205128205127,0.8368589743589744,29,0.14871794871794872,7,0.035897435897435895,0.13333333333333333,0.13333333333333333,10,0.06153846153846154,2,0.02337293118017958,0.9766270688198204,1.7819053175202415,1.793381496709232,0.7476251354279524,0.9274527476852328,3.375683961417562,0.2358974358974359,0.07878787878787878,0.8168955085065326,0.8472941823800955,1770,2.4634947159271334
mariodpo,mariodpo::mariodpo_nintendo_0263.txt,195,16,0.15224358974358973,0.8394230769230769,21,0.1076923076923077,6,0.03076923076923077,0.08205128205128205,0.29743589743589743,15,0.10256410256410256,3,0.003985166308302479,0.9960148336916975,1.9680200325363861,1.960905791875044,0.6848240495137047,0.9314133491614163,3.0136212054158813,0.19487179487179487,0.07559808612440191,0.8168955085065326,0.8472941823800955,1770,1.966216496638224
mariodpo,mariodpo::mariodpo_nintendo_0264.txt,150,16,0.17166666666666666,0.8179166666666666,11,0.07333333333333333,14,0.09333333333333334,0.08666666666666667,0.7266666666666667,12,0.14666666666666667,3,0.20847820682366536,0.7915217931763346,2.3191053989261037,2.588395201813035,0.6706672322375397,1.0636215644835503,4.09210044032023,0.41333333333333333,0.11304347826086956,0.8168955085065326,0.8472941823800955,1770,8.513791614900951
mariodpo,mariodpo::mariodpo_nintendo_0265.txt,188,16,0.1529255319148936,0.839095744680851,11,0.05851063829787234,11,0.05851063829787234,0.09042553191489362,0.4627659574468085,18,0.16489361702127658,3,0.11740740913649395,0.882592590863506,2.0707223441686295,2.1909937276813984,0.6449068730556348,0.9746861413261234,4.010785185205565,0.30851063829787234,0.09626199139927225,0.8168955085065326,0.8472941823800955,1770,4.460471171226275
mariodpo,mariodpo::mariodpo_nintendo_0266.txt,156,16,0.16025641025641027,0.8313301282051282,15,0.09615384615384616,16,0.10256410256410256,0.1987179487179487,0.11538461538461539,13,0.10897435897435898,3,0.02254020011744906,0.9774597998825509,2.1946147717420312,2.204622214718487,0.7089689426307483,0.9687916235596975,3.6435103998040663,0.28846153846153844,0.09398645957785742,0.8168955085065326,0.8472941823800955,1770,1.3824453287900007
mariodpo,mariodpo::mariodpo_nintendo_0267.txt,162,16,0.16512345679012347,0.8260030864197531,17,0.10493827160493827,4,0.024691358024691357,0.07407407407407407,0.1111111111111111,17,0.14814814814814814,3,0.027923333832177266,0.9720766661678227,2.1010424098105154,2.1169392496487944,0.6354853560373731,0.9857345336650312,3.5240988394081665,0.24074074074074073,0.09167625623321826,0.8168955085065326,0.8472941823800955,1770,1.61602876023668
mariodpo,mariodpo::mariodpo_nintendo_0268.txt,156,16,0.16626602564102563,0.828125,12,0.07692307692307693,9,0.057692307692307696,0.2948717948717949,0.19230769230769232,12,0.10897435897435898,2,0.1721036146802356,0.8278963853197644,3.0513518117426064,3.331410312103573,0.7253277534507925,0.9715464685515748,3.2083247424385153,0.21794871794871795,0.08323377140581442,0.8168955085065326,0.8472941823800955,1770,6.89815727497633
mariodpo,mariodpo::mariodpo_nintendo_0269.txt,189,16,0.14153439153439154,0.8528439153439153,16,0.08465608465608465,2,0.010582010582010581,0.042328042328042326,0.3915343915343915,17,0.14285714285714285,3,0.028529006060893924,0.9714709939391061,2.0321946003253757,2.049795858400079,0.6412354590929629,0.8569530279267339,3.0628780996697658,0.20634920634920634,0.07568279039157617,0.8168955085065326,0.8472941823800955,1770,2.1729218474291923
mariodpo,mariodpo::mariodpo_nintendo_0270.txt,161,16,0.1906055900621118,0.7981366459627329,11,0.06832298136645963,18,0.11180124223602485,0.09316770186335403,1.3540372670807452,17,0.2236024844720497,3,0.0008896600396619547,0.999110339960338,2.6357474867296564,2.6187973479507876,0.6090954119673705,1.1598534205254731,4.852089183192941,0.422360248447205,0.11848707062910073,0.8168955085065326,0.8472941823800955,1770,3.243702329623669
mariodpo,mariodpo::mariodpo_nintendo_0271.txt,186,16,0.15288978494623656,0.8377016129032258,24,0.12903225806451613,2,0.010752688172043012,0.021505376344086023,0.16129032258064516,11,0.05913978494623656,1,0.028822400440261076,0.9711775995597389,1.814820460864352,1.8311784610580417,0.776618797556532,0.9043203031325396,2.7353641081426563,0.21505376344086022,0.07221664994984955,0.8168955085065326,0.8472941823800955,1770,2.6292609839903576
mariodpo,mariodpo::mariodpo_nintendo_0272.txt,173,16,0.15354046242774566,0.8377890173410405,22,0.12716763005780346,8,0.046242774566473986,0.4508670520231214,0.13872832369942195,16,0.13872832369942195,3,0.09920096378286802,0.900799036217132,2.1640393850453092,2.2662250420535215,0.6532654814979588,0.9325875607994907,3.697406816965681,0.2543352601156069,0.08659719726913402,0.8168955085065326,0.8472941823800955,1770,3.7854309507079402
mariodpo,mariodpo::mariodpo_nintendo_0273.txt,169,16,0.14829881656804733,0.8446745562130178,14,0.08284023668639054,16,0.09467455621301775,0.14792899408284024,0.26627218934911245,17,0.15976331360946747,3,0.03544490833165681,0.9645550916683432,2.313696702149713,2.340674209024873,0.6566197342220841,0.9410068851845043,3.535588736012418,0.33136094674556216,0.09452004413387274,0.8168955085065326,0.8472941823800955,1770,1.8014364388996678
mariodpo,mariodpo::mariodpo_nintendo_0274.txt,171,16,0.1608187134502924,0.8322368421052632,13,0.07602339181286549,10,0.05847953216374269,0.08771929824561403,0.21637426900584794,13,0.1286549707602339,3,0.028788817686662305,0.9712111823133377,2.202016745931137,2.2203173078258156,0.6763920768511434,0.967074929682961,3.1632298362046987,0.25146198830409355,0.08942202835332606,0.8168955085065326,0.8472941823800955,1770,1.2039577907563386
mariodpo,mariodpo::mariodpo_nintendo_0275.txt,186,16,0.13776881720430106,0.8511424731182796,29,0.15591397849462366,13,0.06989247311827956,0.13978494623655913,0.07526881720430108,12,0.08064516129032258,3,0.002329686937416642,0.9976703130625834,1.461461732792416,1.4546848877185456,0.7082026004853766,0.8460720342787516,2.962433707900588,0.22043010752688172,0.07689735874289536,0.8168955085065326,0.8472941823800955,1770,2.854804489711283
mariodpo,mariodpo::mariodpo_nintendo_0276.txt,166,16,0.1404367469879518,0.8475150602409639,25,0.15060240963855423,7,0.04216867469879518,0.04819277108433735,0.3313253012048193,19,0.15060240963855423,3,0.03679539037644275,0.9632046096235573,1.9046003770128488,1.9273003840867753,0.6256806354575015,0.9189270583490308,3.2460891023149916,0.25301204819277107,0.09135155372519656,0.8168955085065326,0.8472941823800955,1770,2.3991019126599205
mariodpo,mariodpo::mariodpo_nintendo_0277.txt,197,16,0.13388324873096447,0.8569162436548223,25,0.12690355329949238,3,0.015228426395939087,0.1116751269035533,0.1218274111675127,17,0.1218274111675127,3,2.5931933402834062e-05,0.9999740680665972,1.6589860972876538,1.6496610119542203,0.6528304023171018,0.8066109701750221,2.7418185743728745,0.17766497461928935,0.07167666561414587,0.8168955085065326,0.8472941823800955,1770,2.919800644201201
mariodpo,mariodpo::mariodpo_nintendo_0278.txt,185,16,0.17128378378378378,0.8189189189189189,17,0.0918918918918919,10,0.05405405405405406,0.032432432432432434,0.827027027027027,25,0.2,3,0.10044414512836242,0.8995558548716376,2.616551986222479,2.7415800091776883,0.6013285738568758,1.0788176165211931,3.8417164905301844,0.3081081081081081,0.09781512605042017,0.8168955085065326,0.8472941823800955,1770,3.8722527318491973
mariodpo,mariodpo::mariodpo_nintendo_0279.txt,160,16,0.135546875,0.8546875,20,0.125,11,0.06875,0.18125,0.175,17,0.1625,3,0.0040218325427150425,0.995978167457285,1.7336853011391,1.7246391530009297,0.633748106060606,0.865096051363138,3.2708844827637793,0.25,0.08310679611650486,0.8168955085065326,0.8472941823800955,1770,2.1167048835992452
mariodpo,mariodpo::mariodpo_nintendo_0280.txt,177,16,0.5434322033898306,0.4537429378531073,3,0.01694915254237288,10,0.05649717514124294,6.762711864406779,0.03389830508474576,14,0.0903954802259887,3,0.052794272267634335,0.9472057277323657,1.5277816398459314,1.5608872026905487,0.8751258889455853,1.511585465978176,2.238566301200825,0.12994350282485875,0.05830698981383913,0.8168955085065326,0.8472941823800955,1770,10.178530393851865
mariodpo,mariodpo::mariodpo_nintendo_0281.txt,157,16,0.15565286624203822,0.8379777070063694,14,0.08917197452229299,4,0.025477707006369428,0.06369426751592357,0.14012738853503184,5,0.044585987261146494,3,0.02998820734510088,0.9700117926548991,1.8469108033167412,1.862782182115297,0.763008153049491,0.8914272984513036,2.4246598744916357,0.18471337579617833,0.07241788682231895,0.8168955085065326,0.8472941823800955,1770,2.291404556624926
mariodpo,mariodpo::mariodpo_nintendo_0282.txt,151,16,0.15355960264900662,0.8402317880794702,13,0.08609271523178808,0,0.0,0.019867549668874173,0.15894039735099338,5,0.046357615894039736,3,0.05714838606337469,0.9428516139366253,1.8489681120217014,1.8911809326464648,0.7520150712522127,0.8655141839803151,2.4368447906975184,0.16556291390728478,0.07322089675030852,0.8168955085065326,0.8472941823800955,1770,3.0481822013701128
mariodpo,mariodpo::mariodpo_nintendo_0283.txt,198,16,0.16508838383838384,0.8248106060606061,19,0.09595959595959595,11,0.05555555555555555,0.0,0.7424242424242424,19,0.1414141414141414,3,0.1523584350235574,0.8476415649764426,2.2100390641513954,2.3870083906734663,0.6541615465441399,1.0208886332036924,3.462851033352693,0.25757575757575757,0.08231228400879673,0.8168955085065326,0.8472941823800955,1770,5.749347106186476
mariodpo,mariodpo::mariodpo_nintendo_0284.txt,200,16,0.165625,0.82375,20,0.1,14,0.07,0.075,0.75,19,0.16,3,0.19659642636994556,0.8034035736300544,2.4381514809256397,2.7055705681589495,0.6413846153846154,1.037270981678117,3.9085191707119713,0.3,0.09891135303265941,0.8168955085065326,0.8472941823800955,1770,7.723830976198921
mariodpo,mariodpo::mariodpo_nintendo_0285.txt,175,16,0.14285714285714285,0.8460714285714286,14,0.08,14,0.08,0.10285714285714286,0.37142857142857144,24,0.2571428571428571,3,0.16216454848269923,0.8378354515173008,2.2576821706640366,2.449903454367869,0.5697641590483534,0.9728387946080417,4.061529026473221,0.2857142857142857,0.0955595026642984,0.8168955085065326,0.8472941823800955,1770,6.265204501928473
mariodpo,mariodpo::mariodpo_nintendo_0286.txt,152,16,0.1825657894736842,0.8050986842105263,11,0.07236842105263158,19,0.125,0.16447368421052633,0.756578947368421,19,0.21710526315789475,3,0.0341437529140628,0.9658562470859372,2.4768848054956103,2.5012631779648715,0.6194363857535006,1.2178823876140163,4.391577027021956,0.32894736842105265,0.10339190845933796,0.8168955085065326,0.8472941823800955,1770,2.1670312856887826
mariodpo,mariodpo::mariodpo_nintendo_0287.txt,169,16,0.19563609467455623,0.7947485207100592,17,0.10059171597633136,19,0.11242603550295859,0.08284023668639054,0.9053254437869822,16,0.14792899408284024,3,0.05030822741275742,0.9496917725872426,2.79407136526781,2.8485642731583667,0.6678605165662915,1.2098557132811594,3.963857175195459,0.3076923076923077,0.10371460095623392,0.8168955085065326,0.8472941823800955,1770,2.602978342477041
mariodpo,mariodpo::mariodpo_nintendo_0288.txt,175,16,0.13607142857142857,0.8560714285714286,16,0.09142857142857143,6,0.03428571428571429,0.07428571428571429,0.26857142857142857,17,0.14285714285714285,3,0.12891620052690056,0.8710837994730994,1.7343392749131963,1.8463758603272225,0.6481185338686699,0.8405898221448209,3.0492433891679718,0.2,0.08099467140319716,0.8168955085065326,0.8472941823800955,1770,5.079328736272633
mariodpo,mariodpo::mariodpo_nintendo_0289.txt,194,16,0.19007731958762886,0.7999355670103093,12,0.061855670103092786,22,0.1134020618556701,0.06701030927835051,1.0670103092783505,19,0.18041237113402062,3,0.11997074018083376,0.8800292598191662,2.379645946672869,2.5222967534082543,0.6480396887862406,1.1855901484711424,4.287127092827152,0.31958762886597936,0.10804745110612375,0.8168955085065326,0.8472941823800955,1770,4.753062060078007
mariodpo,mariodpo::mariodpo_nintendo_0290.txt,174,16,0.19755747126436782,0.7902298850574713,9,0.05172413793103448,25,0.14367816091954022,0.14367816091954022,1.5344827586206897,26,0.27586206896551724,3,0.0532753641249929,0.9467246358750071,2.8679478660960673,2.928703700847476,0.5855152104993854,1.179102096984148,5.260168573044654,0.41379310344827586,0.1218292247231154,0.8168955085065326,0.8472941823800955,1770,3.8446093616024606
mariodpo,mariodpo::mariodpo_nintendo_0291.txt,163,16,0.16717791411042945,0.8251533742331288,16,0.09815950920245399,9,0.05521472392638037,0.20245398773006135,0.34355828220858897,9,0.05521472392638037,1,0.002580119559948857,0.9974198804400511,1.9810480448161767,1.9710936651861144,0.815983034490371,1.0110423522687848,3.2082620858092286,0.25766871165644173,0.08997331300038124,0.8168955085065326,0.8472941823800955,1770,2.0139181723930326
mariodpo,mariodpo::mariodpo_nintendo_0292.txt,190,16,0.1375,0.8552631578947368,18,0.09473684210526316,8,0.042105263157894736,0.12105263157894737,0.16842105263157894,18,0.13157894736842105,3,0.0012837203824914711,0.9987162796175085,1.8641204824003326,1.854441557011731,0.6623191850594228,0.8332376152965489,2.8687611375209787,0.18947368421052632,0.07495908346972177,0.8168955085065326,0.8472941823800955,1770,2.2193642081365303
mariodpo,mariodpo::mariodpo_nintendo_0293.txt,197,16,0.1434010152284264,0.8486675126903553,21,0.1065989847715736,12,0.06091370558375635,0.14720812182741116,0.17258883248730963,13,0.09137055837563451,3,0.1616454115057857,0.8383545884942143,1.6688656331367309,1.8126804092441424,0.7099583554924989,0.8710628081919066,2.9896994093816693,0.22842639593908629,0.07736027786548784,0.8168955085065326,0.8472941823800955,1770,6.328474099330341
mariodpo,mariodpo::mariodpo_nintendo_0294.txt,169,16,0.1327662721893491,0.8576183431952663,16,0.09467455621301775,6,0.03550295857988166,0.029585798816568046,0.0650887573964497,14,0.10650887573964497,3,0.0358869771535969,0.9641130228464031,1.5877094111989374,1.6065228640760665,0.6853869577653452,0.8016997491663844,2.593904974427751,0.20118343195266272,0.07649871276204487,0.8168955085065326,0.8472941823800955,1770,2.5300036125065164
mariodpo,mariodpo::mariodpo_nintendo_0295.txt,198,16,0.14551767676767677,0.8472222222222222,14,0.0707070707070707,7,0.03535353535353535,0.0707070707070707,0.601010101010101,28,0.25757575757575757,3,0.020973256934722073,0.9790267430652779,2.5326745519010205,2.5448202544190184,0.5552152782956721,0.9406220703597854,4.097111223887746,0.2828282828282828,0.0942507068803016,0.8168955085065326,0.8472941823800955,1770,1.9450447369971793
mariodpo,mariodpo::mariodpo_nintendo_0296.txt,195,16,0.14455128205128207,0.8487179487179487,11,0.05641025641025641,13,0.06666666666666667,0.15897435897435896,0.14871794871794872,24,0.20512820512820512,3,0.0003906653798416704,0.9996093346201583,2.462911609207035,2.4493562966784785,0.6129789859263544,0.9337987897599938,3.9982224578150034,0.3230769230769231,0.09441786283891547,0.8168955085065326,0.8472941823800955,1770,2.0360004716829456
mariodpo,mariodpo::mariodpo_nintendo_0297.txt,165,16,0.15568181818181817,0.8378787878787879,7,0.04242424242424243,8,0.048484848484848485,0.09696969696969697,0.24242424242424243,15,0.09696969696969697,2,0.0004184611422729523,0.999581538857727,2.1425137412457005,2.1290013472002554,0.7465827403026961,0.926790511255121,2.796847649316753,0.21212121212121213,0.08210922787193974,0.8168955085065326,0.8472941823800955,1770,1.9746456002969486
mariodpo,mariodpo::mariodpo_nintendo_0298.txt,158,16,0.15783227848101267,0.8354430379746836,14,0.08860759493670886,18,0.11392405063291139,0.16455696202531644,0.08860759493670886,8,0.056962025316455694,2,0.0005880412827281578,0.9994119587172718,1.8694167706337423,1.8577044515696952,0.8071877677937469,0.9318245068958436,2.926607392206625,0.2088607594936709,0.07825403067243414,0.8168955085065326,0.8472941823800955,1770,1.9845014426350178
mariodpo,mariodpo::mariodpo_nintendo_0299.txt,153,16,0.1454248366013072,0.8480392156862745,14,0.0915032679738562,1,0.006535947712418301,0.13071895424836602,0.35947712418300654,18,0.23529411764705882,3,0.05926008071418143,0.9407399192858186,2.491319100236607,2.5497709668889796,0.5583474301277754,0.9318244114012033,3.5957212463319563,0.3006535947712418,0.09460008120178644,0.8168955085065326,0.8472941823800955,1770,2.87302105742737
mariodpo,mariodpo::mariodpo_nintendo_0300.txt,155,16,0.17903225806451614,0.8068548387096774,27,0.17419354838709677,8,0.05161290322580645,0.1935483870967742,0.7290322580645161,16,0.14838709677419354,3,0.07166749229216085,0.9283325077078391,2.5614297074039736,2.639541573707452,0.6274042338709678,1.139123629531083,3.8362847114854226,0.3032258064516129,0.09939879759519038,0.8168955085065326,0.8472941823800955,1770,3.5235454185152677
mariodpo,mariodpo::mariodpo_nintendo_0301.txt,200,16,0.135625,0.8553125,25,0.125,0,0.0,0.04,0.09,15,0.115,3,0.00020264528188596032,0.999797354718114,1.5785855513728475,1.5700471335119528,0.6538612244897959,0.8167274429980366,2.812176432879334,0.2,0.07309486780715396,0.8168955085065326,0.8472941823800955,1770,3.0070452966763925
mariodpo,mariodpo::mariodpo_nintendo_0302.txt,164,16,0.16234756097560976,0.8277439024390244,21,0.12804878048780488,5,0.03048780487804878,0.07317073170731707,0.18292682926829268,11,0.0975609756097561,3,0.03007514902155284,0.9699248509784472,2.23938070222683,2.2589241384033274,0.6833025523164992,0.9870698979329144,3.31167998120484,0.25,0.09018567639257294,0.8168955085065326,0.8472941823800955,1770,1.9181509384743785
mariodpo,mariodpo::mariodpo_nintendo_0303.txt,163,16,0.1334355828220859,0.8634969325153374,6,0.03680981595092025,3,0.018404907975460124,0.10429447852760736,0.17177914110429449,15,0.17791411042944785,3,0.026131339164499612,0.9738686608355004,1.8082238252341443,1.8193733866187338,0.6249012129584843,0.7915311092918973,2.6300167833737254,0.18404907975460122,0.07319862752573389,0.8168955085065326,0.8472941823800955,1770,2.6466160535068126
mariodpo,mariodpo::mariodpo_nintendo_0304.txt,171,16,0.14364035087719298,0.8508771929824561,11,0.06432748538011696,1,0.005847953216374269,0.017543859649122806,0.15204678362573099,16,0.1286549707602339,3,0.11120952575141174,0.8887904742485883,1.8393538745256863,1.9380735582386923,0.6603430244200985,0.840526853917643,2.53359065077182,0.18128654970760233,0.07560886950199927,0.8168955085065326,0.8472941823800955,1770,4.545976747818114
mariodpo,mariodpo::mariodpo_nintendo_0305.txt,160,16,0.13203125,0.858984375,21,0.13125,5,0.03125,0.09375,0.075,11,0.08125,2,3.4258733019987275e-05,0.99996574126698,1.6852979767942224,1.6740536298325557,0.726301909141583,0.7667471801806418,2.2864167321287425,0.15,0.06951456310679612,0.8168955085065326,0.8472941823800955,1770,3.1577063956576534
mariodpo,mariodpo::mariodpo_nintendo_0306.txt,151,16,0.16928807947019867,0.8236754966887417,15,0.09933774834437085,0,0.0,0.019867549668874173,0.10596026490066225,7,0.059602649006622516,3,0.0005563699428035029,0.9994436300571965,2.135174886564824,2.120885518349457,0.7284590674832521,0.9530149685513281,2.8663323841557786,0.23178807947019867,0.08144796380090498,0.8168955085065326,0.8472941823800955,1770,2.296048878481412
mariodpo,mariodpo::mariodpo_nintendo_0307.txt,153,16,0.13766339869281047,0.8525326797385621,9,0.058823529411764705,16,0.10457516339869281,0.0915032679738562,0.41830065359477125,18,0.2222222222222222,3,0.1544878043076917,0.8455121956923083,1.8538083026387755,2.0014041489733727,0.6099666732587693,0.8975144448044902,3.682342283359025,0.2875816993464052,0.09135200974421437,0.8168955085065326,0.8472941823800955,1770,5.970684786070515
mariodpo,mariodpo::mariodpo_nintendo_0308.txt,197,16,0.1516497461928934,0.8410532994923858,19,0.09644670050761421,2,0.01015228426395939,0.015228426395939087,0.41624365482233505,11,0.09137055837563451,3,0.00015345830890067802,0.9998465416910993,1.744620747195261,1.7351942546001609,0.6931510800566936,0.8870156635490859,2.7802478136639523,0.17258883248730963,0.07104515314177455,0.8168955085065326,0.8472941823800955,1770,2.5090895887058413
mariodpo,mariodpo::mariodpo_nintendo_0309.txt,166,16,0.17243975903614459,0.8211596385542169,14,0.08433734939759036,4,0.024096385542168676,0.10843373493975904,0.1566265060240964,11,0.07228915662650602,2,0.0057774167678675825,0.9942225832321324,2.036021131078632,2.0290452540573214,0.7546633688496702,1.0078874042066277,3.3739260299578646,0.24096385542168675,0.09247472856608012,0.8168955085065326,0.8472941823800955,1770,1.9430129532160096
mariodpo,mariodpo::mariodpo_nintendo_0310.txt,184,16,0.19938858695652173,0.7907608695652174,17,0.09239130434782608,14,0.07608695652173914,0.842391304347826,0.41847826086956524,24,0.21195652173913043,3,0.13595478214950452,0.8640452178504955,2.6535138673271534,2.8379087252351223,0.6151731497929767,1.2363211271852323,4.7221751397241745,0.3423913043478261,0.10273741128759716,0.8168955085065326,0.8472941823800955,1770,5.524596950808469
mariodpo,mariodpo::mariodpo_nintendo_0311.txt,191,16,0.1318717277486911,0.8612565445026178,16,0.08376963350785341,4,0.020942408376963352,0.010471204188481676,0.08376963350785341,16,0.13089005235602094,3,0.006367677284828344,0.9936323227151717,1.5331741186343364,1.528841139445312,0.6568678408725825,0.7696854186574045,2.2935019022274576,0.14659685863874344,0.06707912732009118,0.8168955085065326,0.8472941823800955,1770,2.956779391764661
mariodpo,mariodpo::mariodpo_nintendo_0312.txt,159,16,0.1430817610062893,0.8459119496855346,10,0.06289308176100629,16,0.10062893081761007,0.050314465408805034,0.4276729559748428,14,0.13836477987421383,3,0.08756561011283504,0.912434389887165,2.0623055603233214,2.144360309245066,0.6842802157872274,0.9251221242571266,3.2924940136342205,0.27044025157232704,0.09066041422430637,0.8168955085065326,0.8472941823800955,1770,3.2125573469754194
mariodpo,mariodpo::mariodpo_nintendo_0313.txt,159,16,0.1509433962264151,0.8419811320754716,13,0.08176100628930817,3,0.018867924528301886,0.018867924528301886,0.3018867924528302,14,0.09433962264150944,2,0.008861185279585904,0.9911388147204141,1.9639431167956323,1.959328397294369,0.722713745174729,0.8970056621504797,2.650566721440068,0.22012578616352202,0.08089097303634232,0.8168955085065326,0.8472941823800955,1770,2.0498130424650776
mariodpo,mariodpo::mariodpo_nintendo_0314.txt,182,16,0.1411401098901099,0.8533653846153846,12,0.06593406593406594,12,0.06593406593406594,0.08791208791208792,0.14285714285714285,21,0.13736263736263737,2,0.004105082183227693,0.9958949178167723,1.9381588048491718,1.930270545376016,0.6946916241653083,0.8375159333873641,2.9603083363153986,0.21428571428571427,0.08131192347113085,0.8168955085065326,0.8472941823800955,1770,1.8888071190191154
mariodpo,mariodpo::mariodpo_nintendo_0315.txt,175,16,0.1225,0.8703571428571428,12,0.06857142857142857,6,0.03428571428571429,0.06857142857142857,0.03428571428571429,15,0.11428571428571428,3,0.015614846435127006,0.984385153564873,1.1886686662910562,1.1903545831098277,0.6858017839989022,0.6951918236121737,1.9397013410147186,0.13142857142857142,0.06145648312611012,0.8168955085065326,0.8472941823800955,1770,3.5643296657013726
mariodpo,mariodpo::mariodpo_nintendo_0316.txt,162,16,0.1392746913580247,0.8526234567901234,14,0.08641975308641975,12,0.07407407407407407,0.09876543209876543,0.21604938271604937,17,0.12962962962962962,2,0.0001491685281712618,0.9998508314718287,1.7734310455414255,1.7612893882482137,0.6995430256126773,0.8899288332326022,3.408941199551305,0.22839506172839505,0.09129267357115459,0.8168955085065326,0.8472941823800955,1770,1.9244407211084207
mariodpo,mariodpo::mariodpo_nintendo_0317.txt,199,16,0.1454145728643216,0.8483040201005025,16,0.08040201005025126,4,0.020100502512562814,0.04020100502512563,0.07035175879396985,9,0.08040201005025126,3,0.01831492027553583,0.9816850797244642,1.852038395931631,1.8591581309691398,0.7164024859923616,0.8312616376909143,2.4484000440846856,0.15577889447236182,0.06970928415129728,0.8168955085065326,0.8472941823800955,1770,2.4798798852494905
mariodpo,mariodpo::mariodpo_nintendo_0318.txt,160,16,0.121484375,0.8671875,18,0.1125,13,0.08125,0.1,0.1125,20,0.2,3,0.007878752656587218,0.9921212473434128,1.810168243906526,1.8040275564330974,0.6070140765765766,0.7895495739199638,2.8524690546071705,0.20625,0.08116504854368932,0.8168955085065326,0.8472941823800955,1770,2.3171704612698876
mariodpo,mariodpo::mariodpo_nintendo_0319.txt,173,16,0.12933526011560695,0.8641618497109826,16,0.09248554913294797,1,0.005780346820809248,0.06358381502890173,0.09248554913294797,19,0.15606936416184972,3,0.015722267289009495,0.9842777327109905,1.6547188424652057,1.6568729882011086,0.6245912602484646,0.7757959094923811,2.708726850401985,0.20809248554913296,0.08048868127919512,0.8168955085065326,0.8472941823800955,1770,2.7136079494261254
mariodpo,mariodpo::mariodpo_nintendo_0320.txt,154,16,0.15543831168831168,0.838474025974026,12,0.07792207792207792,0,0.0,0.11038961038961038,0.18181818181818182,13,0.12987012987012986,3,0.09521468915935072,0.9047853108406493,1.9404598496530612,2.0253841913200024,0.6544737811955093,0.9178919372181926,2.8188615804976385,0.22727272727272727,0.08592174263816055,0.8168955085065326,0.8472941823800955,1770,3.7871799649205453
mariodpo,mariodpo::mariodpo_nintendo_0321.txt,162,16,0.15625,0.8356481481481481,10,0.06172839506172839,10,0.06172839506172839,0.08024691358024691,0.6172839506172839,23,0.25308641975308643,3,0.0010080126010857393,0.9989919873989143,2.7584206493844157,2.740168923275003,0.5699530422536384,1.0441716673306392,4.2269032702278855,0.32098765432098764,0.10433448408131953,0.8168955085065326,0.8472941823800955,1770,2.2843983083506205
mariodpo,mariodpo::mariodpo_nintendo_0322.txt,185,16,0.18074324324324326,0.8111486486486487,21,0.11351351351351352,4,0.021621621621621623,0.005405405405405406,0.9081081081081082,16,0.14054054054054055,3,0.22877978322845938,0.7712202167715406,2.1273940409815215,2.4080950160627657,0.6379993554031034,1.0891875200922345,3.489056759559027,0.24324324324324326,0.08235294117647059,0.8168955085065326,0.8472941823800955,1770,9.065103218567428
mariodpo,mariodpo::mariodpo_nintendo_0323.txt,163,16,0.18558282208588958,0.8006134969325154,15,0.09202453987730061,19,0.1165644171779141,0.08588957055214724,1.3987730061349692,24,0.31901840490797545,3,0.07141155614003791,0.9285884438599621,3.0944077949408073,3.1871351166410316,0.5384082488927379,1.1415240813454999,4.309009997193089,0.34355828220858897,0.09988562714449103,0.8168955085065326,0.8472941823800955,1770,3.4624805372061966
mariodpo,mariodpo::mariodpo_nintendo_0324.txt,152,16,0.14021381578947367,0.8540296052631579,10,0.06578947368421052,9,0.05921052631578947,0.05263157894736842,0.11842105263157894,11,0.08552631578947369,2,0.006100614462163034,0.993899385537837,1.5427067242929229,1.5363412341518083,0.7553670493802073,0.8047407590778858,2.5216430987938576,0.18421052631578946,0.0723334695545566,0.8168955085065326,0.8472941823800955,1770,2.5362858043582164
mariodpo,mariodpo::mariodpo_nintendo_0325.txt,192,16,0.17447916666666666,0.814453125,24,0.125,18,0.09375,0.11979166666666667,0.5260416666666666,18,0.13541666666666666,3,0.06910916204056383,0.9308908379594362,2.4225802004874173,2.4966701946213323,0.6672030667105552,1.1173508366106564,3.826111311634417,0.2708333333333333,0.09944930353093619,0.8168955085065326,0.8472941823800955,1770,2.678270184797758
mariodpo,mariodpo::mariodpo_nintendo_0326.txt,151,16,0.21026490066225165,0.7831125827814569,14,0.09271523178807947,0,0.0,0.8410596026490066,0.7152317880794702,17,0.15894039735099338,3,0.09744839928978777,0.9025516007102122,2.8987052424709505,3.0296180614222017,0.6352934427185546,1.210076001594278,3.809680171350789,0.23841059602649006,0.08761826408885233,0.8168955085065326,0.8472941823800955,1770,4.244906536197555
mariodpo,mariodpo::mariodpo_nintendo_0327.txt,163,16,0.13496932515337423,0.8592791411042945,11,0.06748466257668712,3,0.018404907975460124,0.11042944785276074,0.19631901840490798,19,0.2085889570552147,3,0.00024506066986895725,0.999754939330131,2.2318948470503623,2.216280850844139,0.5893414360680245,0.8426553407115631,3.189064714596176,0.26380368098159507,0.08387342737323675,0.8168955085065326,0.8472941823800955,1770,2.32293488299264
mariodpo,mariodpo::mariodpo_nintendo_0328.txt,162,16,0.13618827160493827,0.8580246913580247,8,0.04938271604938271,8,0.04938271604938271,0.05555555555555555,0.08641975308641975,11,0.11728395061728394,3,0.00080656981899907,0.9991934301810009,1.879082815652339,1.8670092504101652,0.6939580308693459,0.7680703683984196,2.3803272628799514,0.18518518518518517,0.07211354046797085,0.8168955085065326,0.8472941823800955,1770,2.5541925081093533
mariodpo,mariodpo::mariodpo_nintendo_0329.txt,163,16,0.2691717791411043,0.723159509202454,9,0.05521472392638037,19,0.1165644171779141,2.312883435582822,0.25766871165644173,18,0.1901840490797546,3,2.832573678945849e-07,0.9999997167426321,2.271556050999254,2.2573144995768755,0.686981604124,1.3496750925752559,3.966052721725295,0.3128834355828221,0.09187952725886389,0.8168955085065326,0.8472941823800955,1770,3.3399834805505964
mariodpo,mariodpo::mariodpo_nintendo_0330.txt,155,16,0.16008064516129034,0.8290322580645161,12,0.07741935483870968,15,0.0967741935483871,0.16129032258064516,0.5870967741935483,19,0.2129032258064516,3,0.061534793692438416,0.9384652063075616,2.4731908246122973,2.534685404944925,0.6117028909683399,1.0576042817226952,4.273635330047265,0.3741935483870968,0.11102204408817636,0.8168955085065326,0.8472941823800955,1770,2.963312547174486
mariodpo,mariodpo::mariodpo_nintendo_0331.txt,191,16,0.1881544502617801,0.8007198952879581,16,0.08376963350785341,15,0.07853403141361257,0.04712041884816754,1.1518324607329844,22,0.225130890052356,3,0.002231047876655179,0.9977689521233448,2.9642174965228794,2.9500219927630145,0.5916019568477708,1.1522946617821035,4.222856193999667,0.3298429319371728,0.10126994464343862,0.8168955085065326,0.8472941823800955,1770,2.3343533157327125
mariodpo,mariodpo::mariodpo_nintendo_0332.txt,172,16,0.15152616279069767,0.8444767441860465,9,0.05232558139534884,2,0.011627906976744186,0.09883720930232558,0.16279069767441862,17,0.13372093023255813,3,0.018629228328054026,0.981370771671946,2.0031329852193456,2.0092986243929154,0.6624098010764854,0.8705551100284983,3.131085163212149,0.2558139534883721,0.07806288398988073,0.8168955085065326,0.8472941823800955,1770,2.1040095369395493
mariodpo,mariodpo::mariodpo_nintendo_0333.txt,164,16,0.13910060975609756,0.848704268292683,29,0.17682926829268292,0,0.0,0.006097560975609756,0.07317073170731707,15,0.12195121951219512,3,0.01038684004134205,0.989613159958658,1.8687482509476432,1.8659641535201643,0.6300432110620319,0.8491584667067269,2.682223321210823,0.17682926829268292,0.07957559681697612,0.8168955085065326,0.8472941823800955,1770,3.2609683587830314
mariodpo,mariodpo::mariodpo_nintendo_0334.txt,182,16,0.16861263736263737,0.8238324175824175,14,0.07692307692307693,8,0.04395604395604396,0.02197802197802198,0.6868131868131868,23,0.1978021978021978,3,0.04800663286309037,0.9519933671369096,2.650137708184276,2.6988903225068275,0.6032999666569712,1.0582623559302333,3.4651672375628944,0.2967032967032967,0.0960027331738982,0.8168955085065326,0.8472941823800955,1770,2.090353772865064
mariodpo,mariodpo::mariodpo_nintendo_0335.txt,174,16,0.1440373563218391,0.8455459770114943,26,0.14942528735632185,9,0.05172413793103448,0.14367816091954022,0.06896551724137931,8,0.06896551724137931,3,0.00021609042822423596,0.9997839095717758,1.7569722000206658,1.7464801279904574,0.7180923961096375,0.8706179911948171,2.9679496941759145,0.19540229885057472,0.07574133619149696,0.8168955085065326,0.8472941823800955,1770,2.6553979884142325
mariodpo,mariodpo::mariodpo_nintendo_0336.txt,185,16,0.15202702702702703,0.8388513513513514,19,0.10270270270270271,8,0.043243243243243246,0.016216216216216217,0.5081081081081081,19,0.15135135135135136,3,0.057550212403438494,0.9424497875965615,2.1092925135883602,2.1596112481680168,0.6383550823550823,0.96977301643109,3.5811592528914282,0.24324324324324326,0.08571428571428572,0.8168955085065326,0.8472941823800955,1770,2.1036511407686302
mariodpo,mariodpo::mariodpo_nintendo_0337.txt,160,16,0.156640625,0.834375,19,0.11875,1,0.00625,0.075,0.2,9,0.0625,2,0.010915773422844888,0.9890842265771551,1.8763196916460512,1.8742734648323973,0.747009218931475,0.9323265999976538,2.8307082593494917,0.23125,0.07844660194174757,0.8168955085065326,0.8472941823800955,1770,2.389829756783448
mariodpo,mariodpo::mariodpo_nintendo_0338.txt,173,16,0.1448699421965318,0.8486271676300579,14,0.08092485549132948,2,0.011560693641618497,0.10404624277456648,0.30057803468208094,15,0.15028901734104047,3,0.14787091511325168,0.8521290848867483,1.4163554479066016,1.5244655836003167,0.636478779945598,0.8920601855025673,3.2178253611889835,0.2138728323699422,0.07725476104922745,0.8168955085065326,0.8472941823800955,1770,5.90272340735527
mariodpo,mariodpo::mariodpo_nintendo_0339.txt,196,16,0.1597576530612245,0.8303571428571429,21,0.10714285714285714,8,0.04081632653061224,0.08673469387755102,0.3163265306122449,15,0.12244897959183673,3,0.13447733296031839,0.8655226670396816,2.186528013093458,2.337238603404958,0.6668588607616383,1.0097535010259533,3.3885388795087588,0.25510204081632654,0.08663916217073944,0.8168955085065326,0.8472941823800955,1770,5.092618031132858
mariodpo,mariodpo::mariodpo_nintendo_0340.txt,155,16,0.14758064516129032,0.8475806451612903,9,0.05806451612903226,4,0.025806451612903226,0.12903225806451613,0.03870967741935484,12,0.12258064516129032,3,0.00605349890143736,0.9939465010985626,2.0239651558516156,2.0156697150528107,0.6782795698924731,0.8561288520099245,2.710324511900078,0.2064516129032258,0.08296593186372746,0.8168955085065326,0.8472941823800955,1770,2.075380166832129
mariodpo,mariodpo::mariodpo_nintendo_0341.txt,184,16,0.19327445652173914,0.7948369565217391,10,0.05434782608695652,28,0.15217391304347827,0.125,1.3478260869565217,30,0.2826086956521739,3,0.1674075096559663,0.8325924903440337,2.5300016022489342,2.7555420040376544,0.5828304771275205,1.1821322794203215,5.361455274537687,0.45652173913043476,0.12031091584994931,0.8168955085065326,0.8472941823800955,1770,7.337291835708784
mariodpo,mariodpo::mariodpo_nintendo_0342.txt,199,16,0.155464824120603,0.8376256281407035,15,0.07537688442211055,5,0.02512562814070352,0.09547738693467336,0.18090452261306533,13,0.10050251256281408,3,6.96712019259138e-05,0.9999303287980741,1.8920910378822409,1.8817317669370832,0.6966738726379225,0.9387179489111676,3.1796231785968976,0.22110552763819097,0.08127539856205064,0.8168955085065326,0.8472941823800955,1770,1.9536676035847962
mariodpo,mariodpo::mariodpo_nintendo_0343.txt,153,16,0.17565359477124182,0.8174019607843137,11,0.0718954248366013,5,0.032679738562091505,0.1830065359477124,1.0392156862745099,17,0.22875816993464052,3,0.0024901346140966396,0.9975098653859034,2.4033905064992913,2.3883628538924775,0.5782191286525652,1.0687197913931497,4.079289822959146,0.3006535947712418,0.10150223304912707,0.8168955085065326,0.8472941823800955,1770,1.9833164353961183
mariodpo,mariodpo::mariodpo_nintendo_0344.txt,152,16,0.14473684210526316,0.844983552631579,22,0.14473684210526316,4,0.02631578947368421,0.07236842105263158,0.13157894736842105,4,0.05263157894736842,3,0.02837197272269587,0.9716280272773041,1.4792066867294869,1.4906768432457087,0.7300142600941539,0.8599416415967231,2.4343102009921593,0.21710526315789475,0.07928075194115243,0.8168955085065326,0.8472941823800955,1770,2.8366529398525206
mariodpo,mariodpo::mariodpo_nintendo_0345.txt,152,16,0.13692434210526316,0.8540296052631579,20,0.13157894736842105,5,0.03289473684210526,0.23684210526315788,0.039473684210526314,19,0.19078947368421054,3,0.004673698318463315,0.9953263016815367,2.1074129991617534,2.0968796985370735,0.5957391345787266,0.855795333710808,3.189106891945188,0.23684210526315788,0.085002043318349,0.8168955085065326,0.8472941823800955,1770,2.2885968538167885
mariodpo,mariodpo::mariodpo_nintendo_0346.txt,168,16,0.14136904761904762,0.8526785714285714,13,0.07738095238095238,18,0.10714285714285714,0.13690476190476192,0.21428571428571427,15,0.10119047619047619,2,0.10164535600751867,0.8983546439924813,1.6369682923427222,1.7159167950254968,0.7489493375920291,0.8269474067805708,2.5268159346421477,0.19047619047619047,0.07103218645948946,0.8168955085065326,0.8472941823800955,1770,4.0673929743929875
mariodpo,mariodpo::mariodpo_nintendo_0347.txt,171,16,0.1425438596491228,0.8472222222222222,17,0.09941520467836257,9,0.05263157894736842,0.05847953216374269,0.2222222222222222,17,0.1695906432748538,3,0.020208029550851103,0.9797919704491489,1.8255733168510122,1.8322881584044703,0.6261887277019557,0.8957056127620313,3.4715831420859042,0.23976608187134502,0.08869501999272991,0.8168955085065326,0.8472941823800955,1770,1.6537378394706397
mariodpo,mariodpo::mariodpo_nintendo_0348.txt,189,16,0.1779100529100529,0.8134920634920635,24,0.12698412698412698,12,0.06349206349206349,0.17989417989417988,0.2328042328042328,12,0.08465608465608465,3,8.74344948820216e-06,0.9999912565505118,2.384840472689402,2.371490284261524,0.712219234202165,1.0729100475656597,3.5900459778339053,0.25925925925925924,0.09279368213228036,0.8168955085065326,0.8472941823800955,1770,1.8808476371296314
mariodpo,mariodpo::mariodpo_nintendo_0349.txt,200,16,0.1528125,0.8375,15,0.075,17,0.085,0.12,0.52,21,0.205,3,0.0014693409983248529,0.9985306590016751,2.4954415688462066,2.483364404478751,0.6139681818181818,0.9859523949390085,3.7837879315386984,0.285,0.08615863141524106,0.8168955085065326,0.8472941823800955,1770,1.3969441124854252
mariodpo,mariodpo::mariodpo_nintendo_0350.txt,166,16,0.13365963855421686,0.8606927710843374,8,0.04819277108433735,7,0.04216867469879518,0.060240963855421686,0.1746987951807229,14,0.13855421686746988,3,0.02888174227862539,0.9711182577213746,1.802919975201304,1.817377100027702,0.668479578692127,0.8229292304719198,2.824717106719212,0.23493975903614459,0.08086858854361663,0.8168955085065326,0.8472941823800955,1770,2.2118053096547694
mariodpo,mariodpo::mariodpo_nintendo_0351.txt,187,16,0.15240641711229946,0.8402406417112299,17,0.09090909090909091,11,0.058823529411764705,0.13903743315508021,0.22459893048128343,12,0.0855614973262032,3,3.2632193724957403e-08,0.9999999673678063,2.0304382398326277,2.018934280814196,0.721651284181267,0.9221058327589513,3.070895563154917,0.22459893048128343,0.0784835384103758,0.8168955085065326,0.8472941823800955,1770,1.7409983521357484
mariodpo,mariodpo::mariodpo_nintendo_0352.txt,186,16,0.15994623655913978,0.8313172043010753,20,0.10752688172043011,6,0.03225806451612903,0.04838709677419355,0.1935483870967742,19,0.13978494623655913,3,0.0013089035757888334,0.9986910964242112,2.2807522881855116,2.268456262798287,0.6451263870748224,0.9787221247980508,3.332304991856786,0.24193548387096775,0.09227683049147442,0.8168955085065326,0.8472941823800955,1770,1.7654103098566831
mariodpo,mariodpo::mariodpo_nintendo_0353.txt,190,16,0.1375,0.8529605263157894,16,0.08421052631578947,9,0.04736842105263158,0.031578947368421054,0.14736842105263157,15,0.1368421052631579,3,0.016134054211790483,0.9838659457882095,1.7031174491670336,1.7071852953481825,0.6601885296998842,0.8512911515862883,3.0130363846203005,0.22105263157894736,0.07823240589198036,0.8168955085065326,0.8472941823800955,1770,1.9544729374228202
mariodpo,mariodpo::mariodpo_nintendo_0354.txt,160,16,0.163671875,0.830078125,14,0.0875,6,0.0375,0.1875,0.3125,12,0.09375,2,0.005139813933055737,0.9948601860669443,2.21503353251062,2.205793298451171,0.7311607142857143,0.9808388757681058,2.9137097654072317,0.2125,0.08388349514563107,0.8168955085065326,0.8472941823800955,1770,1.6483979936940072
mariodpo,mariodpo::mariodpo_nintendo_0355.txt,169,16,0.14460059171597633,0.8465236686390533,15,0.08875739644970414,8,0.047337278106508875,0.11242603550295859,0.2603550295857988,16,0.1242603550295858,3,0.024536009963383676,0.9754639900366163,1.8259777771441337,1.8369861828641814,0.6736015351143655,0.8813403456691112,3.135524443162157,0.22485207100591717,0.07907318867230599,0.8168955085065326,0.8472941823800955,1770,1.7228601103380912
mariodpo,mariodpo::mariodpo_nintendo_0356.txt,193,16,0.15058290155440415,0.8380829015544041,27,0.13989637305699482,10,0.05181347150259067,0.05699481865284974,0.3005181347150259,15,0.08290155440414508,2,0.01568627650581711,0.9843137234941829,1.7946489337967633,1.7988707628645717,0.7274015605825997,0.9232386366568107,3.306107964151059,0.23834196891191708,0.08701256848211408,0.8168955085065326,0.8472941823800955,1770,2.1689360715737163
mariodpo,mariodpo::mariodpo_nintendo_0357.txt,169,16,0.15088757396449703,0.8369082840236687,16,0.09467455621301775,14,0.08284023668639054,0.33136094674556216,0.10650887573964497,15,0.1242603550295858,3,0.15049037240506669,0.8495096275949333,2.471788108169098,2.664776818254616,0.6885090746165619,0.9490938214442072,3.5150521976276887,0.3136094674556213,0.08753218094887827,0.8168955085065326,0.8472941823800955,1770,5.828150030181676
mariodpo,mariodpo::mariodpo_nintendo_0358.txt,170,16,0.13455882352941176,0.8573529411764705,20,0.11764705882352941,1,0.0058823529411764705,0.023529411764705882,0.22941176470588234,12,0.08235294117647059,2,0.0076654169987544485,0.9923345830012456,1.5980734035399848,1.5941758009626794,0.7198289898237776,0.7700072654774733,2.1575075812841975,0.1588235294117647,0.06544789762340036,0.8168955085065326,0.8472941823800955,1770,3.212901591325857
mariodpo,mariodpo::mariodpo_nintendo_0359.txt,176,16,0.1338778409090909,0.8607954545454546,11,0.0625,0,0.0,0.09090909090909091,0.22727272727272727,17,0.16477272727272727,3,0.0017390800326781974,0.9982609199673218,1.7123923530467955,1.7028614198230076,0.6233968503684202,0.8172585138602179,2.919751514983001,0.20454545454545456,0.07665135994348286,0.8168955085065326,0.8472941823800955,1770,2.7188869657225943
mariodpo,mariodpo::mariodpo_nintendo_0360.txt,173,16,0.14089595375722544,0.854407514450867,11,0.06358381502890173,4,0.023121387283236993,0.12716763005780346,0.06936416184971098,14,0.11560693641618497,3,0.002933198560796768,0.9970668014392032,1.5973537764965577,1.589734535356569,0.6832641429714399,0.7978534559559283,2.632073157971625,0.2254335260115607,0.07473948975925261,0.8168955085065326,0.8472941823800955,1770,2.575170193608199
mariodpo,mariodpo::mariodpo_nintendo_0361.txt,174,16,0.13757183908045978,0.8530890804597702,20,0.11494252873563218,2,0.011494252873563218,0.10344827586206896,0.21839080459770116,16,0.1206896551724138,3,0.020879804549869485,0.9791201954501305,1.708766213389271,1.7159253876284095,0.6563161692696252,0.8493610928752459,2.7166789083646044,0.19540229885057472,0.0811003929974991,0.8168955085065326,0.8472941823800955,1770,2.466996590734684
mariodpo,mariodpo::mariodpo_nintendo_0362.txt,199,16,0.16080402010050251,0.8272613065326633,27,0.135678391959799,17,0.08542713567839195,0.18592964824120603,0.5577889447236181,26,0.23618090452261306,3,0.17116471305346936,0.8288352869465306,2.5320426817383606,2.7653824104512306,0.5764440588101445,1.071266799428753,4.450009885590483,0.34673366834170855,0.10190684588934042,0.8168955085065326,0.8472941823800955,1770,6.890755770687296
mariodpo,mariodpo::mariodpo_nintendo_0363.txt,191,16,0.1325261780104712,0.8599476439790575,18,0.09424083769633508,9,0.04712041884816754,0.2356020942408377,0.28272251308900526,21,0.225130890052356,3,0.006229195243000918,0.9937708047569991,2.620714818489912,2.6138500807999603,0.5818969816711661,0.8633354730118505,3.708085092856809,0.23036649214659685,0.0778248127645718,0.8168955085065326,0.8472941823800955,1770,2.0696678309480103
mariodpo,mariodpo::mariodpo_nintendo_0364.txt,155,16,0.1403225806451613,0.8512096774193548,15,0.0967741935483871,4,0.025806451612903226,0.01935483870967742,0.2709677419354839,11,0.09032258064516129,2,1.778374552063866e-07,0.9999998221625448,1.5729253407004875,1.5618092601360185,0.7245289280797708,0.8227599611680095,2.6014657852758183,0.1935483870967742,0.07775551102204409,0.8168955085065326,0.8472941823800955,1770,2.6472225293035527
mariodpo,mariodpo::mariodpo_nintendo_0365.txt,155,16,0.1592741935483871,0.8306451612903226,10,0.06451612903225806,15,0.0967741935483871,0.4645161290322581,0.14193548387096774,13,0.12903225806451613,3,0.3006806047826115,0.6993193952173885,2.510511257438257,2.981027099564972,0.7006374303013717,0.976458722458352,3.2513044348658062,0.24516129032258063,0.08176352705410822,0.8168955085065326,0.8472941823800955,1770,12.101847254167888
mariodpo,mariodpo::mariodpo_nintendo_0366.txt,160,16,0.13046875,0.86171875,17,0.10625,1,0.00625,0.04375,0.1375,13,0.10625,3,0.01080855591205998,0.98919144408794,1.6251228492408163,1.6226693704665096,0.6718190308254963,0.7595696639440199,2.3737240247274842,0.15625,0.06951456310679612,0.8168955085065326,0.8472941823800955,1770,3.0676652322440447
mariodpo,mariodpo::mariodpo_nintendo_0367.txt,174,16,0.1440373563218391,0.8487787356321839,16,0.09195402298850575,2,0.011494252873563218,0.040229885057471264,0.26436781609195403,13,0.09195402298850575,3,0.0069329273312001005,0.9930670726687999,1.589350092649922,1.585073540216166,0.6950298868812322,0.8161054037450415,2.7172586421446856,0.1839080459770115,0.07324044301536263,0.8168955085065326,0.8472941823800955,1770,2.662357412059334
mariodpo,mariodpo::mariodpo_nintendo_0368.txt,182,16,0.1349587912087912,0.8567994505494505,16,0.08791208791208792,17,0.09340659340659341,0.10989010989010989,0.12087912087912088,13,0.0989010989010989,3,0.009810057522647408,0.9901899424773526,1.683640155474424,1.6818583783646242,0.7183298395183486,0.7997222018265364,2.703465160493827,0.17582417582417584,0.07311240177656303,0.8168955085065326,0.8472941823800955,1770,2.285583671648529
mariodpo,mariodpo::mariodpo_nintendo_0369.txt,193,16,0.14766839378238342,0.8432642487046632,25,0.12953367875647667,5,0.025906735751295335,0.09844559585492228,0.08290155440414508,22,0.15544041450777202,3,9.454147061549456e-06,0.9999905458529385,2.2656703207755173,2.252469950110161,0.6223761490626144,0.9096305569942083,3.39096312914919,0.21761658031088082,0.08507895584917821,0.8168955085065326,0.8472941823800955,1770,2.1793656838270774
mariodpo,mariodpo::mariodpo_nintendo_0370.txt,190,16,0.14901315789473685,0.8414473684210526,19,0.1,8,0.042105263157894736,0.11578947368421053,0.11578947368421053,15,0.11578947368421053,3,1.2236137802101865e-05,0.9999877638621979,2.0255735332962304,2.0138432999566724,0.6773480268873747,0.9112538622346888,3.0113921959029324,0.20526315789473684,0.0828150572831424,0.8168955085065326,0.8472941823800955,1770,1.8499437759680222
mariodpo,mariodpo::mariodpo_nintendo_0371.txt,197,16,0.1446700507614213,0.850253807106599,12,0.06091370558375635,7,0.03553299492385787,0.12690355329949238,0.1218274111675127,16,0.1319796954314721,3,0.10431931080507117,0.8956806891949288,1.821578486226603,1.9142473978535366,0.6704396001577481,0.8617462102693026,2.923130624984194,0.2233502538071066,0.0732554467950742,0.8168955085065326,0.8472941823800955,1770,4.076996890865024
mariodpo,mariodpo::mariodpo_nintendo_0372.txt,195,16,0.17596153846153847,0.8176282051282051,13,0.06666666666666667,5,0.02564102564102564,0.6717948717948717,0.31794871794871793,19,0.14871794871794872,3,0.3401905017993372,0.6598094982006628,2.6579025621725414,3.2539959069352835,0.6586255908311374,1.0375584203791923,3.6099276226048636,0.24615384615384617,0.08070175438596491,0.8168955085065326,0.8472941823800955,1770,13.865949264535265
mariodpo,mariodpo::mariodpo_nintendo_0373.txt,197,16,0.15862944162436549,0.8334390862944162,13,0.06598984771573604,11,0.05583756345177665,0.13705583756345177,0.22842639593908629,17,0.116751269035533,3,0.057882081862225765,0.9421179181377742,2.1021786174699995,2.153727389124879,0.6928084300587782,0.9930319641555994,3.423318853867603,0.2436548223350254,0.08241237764445848,0.8168955085065326,0.8472941823800955,1770,1.9960483787271417
mariodpo,mariodpo::mariodpo_nintendo_0374.txt,155,16,0.1439516129032258,0.8487903225806451,15,0.0967741935483871,2,0.012903225806451613,0.15483870967741936,0.2064516129032258,14,0.11612903225806452,3,0.0012916154039405159,0.9987083845960595,1.9936148517916834,1.9808051569069183,0.668593713460348,0.873895945514508,2.781686055147272,0.2129032258064516,0.08096192384769539,0.8168955085065326,0.8472941823800955,1770,2.2523214127763223
mariodpo,mariodpo::mariodpo_nintendo_0375.txt,162,16,0.19753086419753085,0.7932098765432098,11,0.06790123456790123,12,0.07407407407407407,0.7407407407407407,0.2222222222222222,11,0.1111111111111111,3,0.030203157317570617,0.9697968426824294,2.8043269206598125,2.82934768689416,0.7170087432454371,1.1671023550832853,4.01953872849565,0.3148148148148148,0.09014192558496356,0.8168955085065326,0.8472941823800955,1770,2.0760261079036666
mariodpo,mariodpo::mariodpo_nintendo_0376.txt,195,16,0.15929487179487178,0.8294871794871795,32,0.1641025641025641,1,0.005128205128205128,0.11282051282051282,0.1641025641025641,10,0.08205128205128205,3,7.593883807333057e-07,0.9999992406116193,2.007919382472425,1.9972111610719498,0.6805473791891831,0.9711037506786223,3.210908325316421,0.24102564102564103,0.07974481658692185,0.8168955085065326,0.8472941823800955,1770,2.8125187033352086
mariodpo,mariodpo::mariodpo_nintendo_0377.txt,163,16,0.17024539877300612,0.8236196319018405,7,0.04294478527607362,15,0.09202453987730061,0.09815950920245399,0.6441717791411042,25,0.2392638036809816,3,0.023145546139550333,0.9768544538604497,2.803998907498647,2.816830752129518,0.5958533780384164,1.1071088564689788,4.389288124587388,0.37423312883435583,0.11780404117422798,0.8168955085065326,0.8472941823800955,1770,2.9088135098816017
mariodpo,mariodpo::mariodpo_nintendo_0378.txt,171,16,0.1385233918128655,0.8548976608187134,14,0.08187134502923976,10,0.05847953216374269,0.08187134502923976,0.14035087719298245,15,0.12280701754385964,3,0.031066082857329258,0.9689339171426707,1.6422329652434782,1.6576914951054513,0.6806841193104077,0.835552225972938,2.758393972717234,0.19298245614035087,0.07597237368229735,0.8168955085065326,0.8472941823800955,1770,2.085469189598594
mariodpo,mariodpo::mariodpo_nintendo_0379.txt,185,16,0.14966216216216216,0.8405405405405405,21,0.11351351351351352,6,0.032432432432432434,0.21621621621621623,0.22702702702702704,18,0.15135135135135136,3,0.08510589776200461,0.9148941022379954,1.9161911710171962,1.9911558354546732,0.635441169813029,0.9534713749086281,3.8922818600003555,0.2756756756756757,0.0880672268907563,0.8168955085065326,0.8472941823800955,1770,3.291462205231418
mariodpo,mariodpo::mariodpo_nintendo_0380.txt,193,16,0.20045336787564766,0.7908031088082902,16,0.08290155440414508,10,0.05181347150259067,0.046632124352331605,1.3575129533678756,23,0.20725388601036268,3,0.15049289194089188,0.8495071080591081,2.5929119083583707,2.796819835068456,0.5969981854812121,1.1741356121747306,4.522992260468569,0.3471502590673575,0.09732516919110538,0.8168955085065326,0.8472941823800955,1770,6.02224128337444
mariodpo,mariodpo::mariodpo_nintendo_0381.txt,187,16,0.14171122994652408,0.8526069518716578,15,0.08021390374331551,10,0.053475935828877004,0.09090909090909091,0.10695187165775401,17,0.12299465240641712,3,0.00796605139855,0.99203394860145,2.211268133818055,2.2073324072712115,0.6794494880404593,0.8408813222547904,2.7918115611210967,0.17647058823529413,0.0734951779181909,0.8168955085065326,0.8472941823800955,1770,1.9560543614292638
mariodpo,mariodpo::mariodpo_nintendo_0382.txt,198,16,0.13478535353535354,0.8551136363636364,27,0.13636363636363635,5,0.025252525252525252,0.05555555555555555,0.09090909090909091,10,0.0707070707070707,2,0.10701388970950543,0.8929861102904946,1.4565798240315335,1.533078444784655,0.7350914103496048,0.795586966925107,2.4470695098658823,0.16161616161616163,0.06440464970153943,0.8168955085065326,0.8472941823800955,1770,4.868828916634788
mariodpo,mariodpo::mariodpo_nintendo_0383.txt,174,16,0.14080459770114942,0.8484195402298851,24,0.13793103448275862,9,0.05172413793103448,0.1896551724137931,0.034482758620689655,17,0.14367816091954022,3,1.0420944509648145e-05,0.9999895790554904,1.7023988083780626,1.6915295630187588,0.6419963378966255,0.88582343309951,3.466350424792458,0.28160919540229884,0.08467309753483387,0.8168955085065326,0.8472941823800955,1770,2.4015121177013334
mariodpo,mariodpo::mariodpo_nintendo_0384.txt,152,16,0.1435032894736842,0.8495065789473685,13,0.08552631578947369,10,0.06578947368421052,0.08552631578947369,0.07894736842105263,11,0.07894736842105263,2,0.0009271178624289389,0.9990728821375711,1.6365817471826662,1.625769468226262,0.7592137688991748,0.8408998027853989,2.8338246562716294,0.20394736842105263,0.08009807928075194,0.8168955085065326,0.8472941823800955,1770,2.2869580083520877
mariodpo,mariodpo::mariodpo_nintendo_0385.txt,173,16,0.20339595375722544,0.7854046242774566,27,0.15606936416184972,4,0.023121387283236993,0.057803468208092484,0.47398843930635837,9,0.06358381502890173,2,0.06780663203674553,0.9321933679632545,2.263982372285006,2.33053494802415,0.7359866351485395,1.223804143825164,3.7543064861114686,0.27167630057803466,0.09522098454904779,0.8168955085065326,0.8472941823800955,1770,3.498643165530151
mariodpo,mariodpo::mariodpo_nintendo_0386.txt,169,16,0.1327662721893491,0.856508875739645,20,0.11834319526627218,4,0.023668639053254437,0.07692307692307693,0.17751479289940827,16,0.13609467455621302,3,0.007574065458907819,0.9924259345410922,1.4668438233698318,1.4627751782756993,0.6431370814222027,0.8296722861392652,2.916730915787325,0.20710059171597633,0.07686649503493932,0.8168955085065326,0.8472941823800955,1770,2.6705244029304906
mariodpo,mariodpo::mariodpo_nintendo_0387.txt,186,16,0.2110215053763441,0.7778897849462365,17,0.0913978494623656,15,0.08064516129032258,0.08602150537634409,1.3440860215053763,23,0.22043010752688172,3,0.0050195104258586865,0.9949804895741413,2.9629851607821327,2.952715454840889,0.5950381399466531,1.2840031058577508,4.828477775505445,0.3978494623655914,0.11133400200601805,0.8168955085065326,0.8472941823800955,1770,3.3516285424540393
mariodpo,mariodpo::mariodpo_nintendo_0388.txt,184,16,0.14300271739130435,0.8522418478260869,12,0.06521739130434782,11,0.059782608695652176,0.09239130434782608,0.2826086956521739,16,0.14130434782608695,3,0.016341433852089415,0.9836585661479106,1.7453260503046915,1.748934390027546,0.6670294422116673,0.8490711594431819,3.0363949980395684,0.19021739130434784,0.07434944237918216,0.8168955085065326,0.8472941823800955,1770,1.8826676173506167
mariodpo,mariodpo::mariodpo_nintendo_0389.txt,174,16,0.15589080459770116,0.8358477011494253,19,0.10919540229885058,0,0.0,0.06321839080459771,0.13793103448275862,11,0.08620689655172414,3,0.031241551112345167,0.9687584488876548,1.8909320325442118,1.9095720409533266,0.6921518008119228,0.9359347098805374,3.161705013831648,0.2471264367816092,0.07931404072883172,0.8168955085065326,0.8472941823800955,1770,2.2661853612600074
mariodpo,mariodpo::mariodpo_nintendo_0390.txt,192,16,0.16569010416666666,0.82421875,19,0.09895833333333333,12,0.0625,0.08854166666666667,0.6510416666666666,25,0.18229166666666666,3,0.11681823853523154,0.8831817614647685,2.196136340168061,2.3229996038340572,0.6189023827055238,1.0782577944332274,3.7842161954182467,0.28125,0.0923226433430515,0.8168955085065326,0.8472941823800955,1770,4.299909951153375
mariodpo,mariodpo::mariodpo_nintendo_0391.txt,151,16,0.13369205298013245,0.8572019867549668,20,0.13245033112582782,1,0.006622516556291391,0.07947019867549669,0.13245033112582782,13,0.10596026490066225,2,0.001222146282861325,0.9987778537171387,1.8566784985932994,1.8443025513351012,0.6868561766723277,0.8030050720617722,2.537143975120434,0.17880794701986755,0.07774578362813657,0.8168955085065326,0.8472941823800955,1770,2.959555489467535
mariodpo,mariodpo::mariodpo_nintendo_0392.txt,195,16,0.13685897435897437,0.857051282051282,15,0.07692307692307693,6,0.03076923076923077,0.07692307692307693,0.19487179487179487,18,0.11282051282051282,3,0.007695698033535314,0.9923043019664647,1.8319203309282657,1.8286495279505386,0.6835641466966769,0.8053691978163727,2.6688541875029705,0.15384615384615385,0.0711323763955343,0.8168955085065326,0.8472941823800955,1770,2.5071419332610763
mariodpo,mariodpo::mariodpo_nintendo_0393.txt,161,16,0.13548136645962733,0.8579192546583851,15,0.09316770186335403,2,0.012422360248447204,0.13664596273291926,0.08695652173913043,12,0.09316770186335403,3,0.034953827429717754,0.9650461725702822,1.8517797943095773,1.8725746086124166,0.6954090907883871,0.7788142618485454,2.610984818433268,0.16149068322981366,0.07526051717483596,0.8168955085065326,0.8472941823800955,1770,2.7639541968688133
mariodpo,mariodpo::mariodpo_nintendo_0394.txt,168,16,0.12946428571428573,0.8649553571428571,12,0.07142857142857142,1,0.005952380952380952,0.07142857142857142,0.14285714285714285,20,0.1488095238095238,3,0.007577114668331997,0.992422885331668,1.5197288729996665,1.5150345868038326,0.6381926754456978,0.7584162898060619,2.477570748906144,0.16071428571428573,0.07140214576396596,0.8168955085065326,0.8472941823800955,1770,3.0393304399815397
mariodpo,mariodpo::mariodpo_nintendo_0395.txt,161,16,0.19254658385093168,0.7989130434782609,14,0.08695652173913043,7,0.043478260869565216,0.049689440993788817,1.0186335403726707,18,0.13664596273291926,3,0.11633894958208213,0.8836610504179179,2.6128598675230386,2.7610732123539887,0.6585411222746326,1.1840728017149251,3.953956036432665,0.3167701863354037,0.10613662678502508,0.8168955085065326,0.8472941823800955,1770,4.7398315351483244
mariodpo,mariodpo::mariodpo_nintendo_0396.txt,169,16,0.22633136094674555,0.7655325443786982,8,0.047337278106508875,12,0.07100591715976332,1.2899408284023668,0.1893491124260355,13,0.1242603550295858,3,0.32514844508952245,0.6748515549104775,2.6736283299398633,3.234316617359513,0.7190313502989002,1.2564957288227812,3.7537747838427804,0.2781065088757396,0.08679661640308937,0.8168955085065326,0.8472941823800955,1770,13.33840169395958
mariodpo,mariodpo::mariodpo_nintendo_0397.txt,193,16,0.15090673575129535,0.8406735751295337,17,0.08808290155440414,8,0.04145077720207254,0.031088082901554404,0.27979274611398963,21,0.19170984455958548,3,0.010358750331051492,0.9896412496689485,2.0105881787013815,2.0092294140989018,0.6049828344122528,0.9473195173033861,3.73152521549798,0.24870466321243523,0.08572349339349017,0.8168955085065326,0.8472941823800955,1770,1.4440247504687156
mariodpo,mariodpo::mariodpo_nintendo_0398.txt,188,16,0.14095744680851063,0.8517287234042553,18,0.09574468085106383,3,0.015957446808510637,0.1595744680851064,0.07446808510638298,22,0.15425531914893617,3,1.137591873612287e-05,0.9999886240812639,2.0638064093488575,2.0511176083078198,0.6308811622569244,0.8536654465688187,2.8374382074944084,0.19680851063829788,0.07211379424412835,0.8168955085065326,0.8472941823800955,1770,2.3222766802552193
mariodpo,mariodpo::mariodpo_nintendo_0399.txt,188,16,0.18351063829787234,0.8038563829787234,22,0.11702127659574468,14,0.07446808510638298,0.6968085106382979,0.0851063829787234,18,0.11170212765957446,3,0.4616627107216761,0.5383372892783239,2.128194319243812,2.8841406727069216,0.699186535764376,1.1072160792051855,4.026800965495453,0.2712765957446808,0.09163083030102546,0.8168955085065326,0.8472941823800955,1770,18.95266989224755
mariodpo,mariodpo::mariodpo_nintendo_0400.txt,164,16,0.15167682926829268,0.838795731707317,17,0.10365853658536585,22,0.13414634146341464,0.27439024390243905,0.08536585365853659,10,0.07926829268292683,3,0.0025226382810314973,0.9974773617189685,1.738722781905178,1.72972428094767,0.7537432792544732,0.9350868446883365,3.4519533155875197,0.2621951219512195,0.08222811671087533,0.8168955085065326,0.8472941823800955,1770,1.9910527761194652
mariodpo,mariodpo::mariodpo_nintendo_0401.txt,170,16,0.16433823529411765,0.8294117647058824,14,0.08235294117647059,3,0.01764705882352941,0.13529411764705881,0.12941176470588237,14,0.08235294117647059,1,0.02241440945521156,0.9775855905447884,2.0978035979364695,2.108330513250501,0.7678109243697478,0.9620667455229129,2.901417325882547,0.21764705882352942,0.08519195612431445,0.8168955085065326,0.8472941823800955,1770,1.9313370482217533
mariodpo,mariodpo::mariodpo_nintendo_0402.txt,177,16,0.1995056497175141,0.7856638418079096,20,0.11299435028248588,24,0.13559322033898305,0.6666666666666666,0.7627118644067796,19,0.1807909604519774,3,0.22668275207020605,0.773317247929794,2.6276206562795403,2.9698577569336098,0.6536564771158528,1.2788788150124273,4.690723608719688,0.3728813559322034,0.10642781875658588,0.8168955085065326,0.8472941823800955,1770,9.348226236505605
mariodpo,mariodpo::mariodpo_nintendo_0403.txt,180,16,0.14930555555555555,0.8392361111111111,26,0.14444444444444443,14,0.07777777777777778,0.17777777777777778,0.12222222222222222,16,0.1111111111111111,3,0.0010445181690555971,0.9989554818309444,1.9123821270935029,1.9020931831823198,0.6817723528229858,0.9552620146294873,3.3044212034179368,0.3,0.0918825561312608,0.8168955085065326,0.8472941823800955,1770,2.24436154622455
mariodpo,mariodpo::mariodpo_nintendo_0404.txt,195,16,0.16025641025641027,0.8336538461538462,17,0.08717948717948718,0,0.0,0.07179487179487179,0.20512820512820512,21,0.13333333333333333,3,0.014977662372921863,0.9850223376270781,2.1560194641772985,2.1599710377180967,0.647131261674308,0.9481075131581832,3.4848814047609773,0.22564102564102564,0.08452950558213716,0.8168955085065326,0.8472941823800955,1770,1.9211422016775503
mariodpo,mariodpo::mariodpo_nintendo_0405.txt,189,16,0.14252645502645503,0.8505291005291006,15,0.07936507936507936,20,0.10582010582010581,0.24338624338624337,0.13756613756613756,10,0.10582010582010581,3,0.0262073302926914,0.9737926697073086,1.711728450318416,1.724668557332991,0.7202967217037568,0.8606039575768148,3.1651023923343993,0.20105820105820105,0.0723922342875946,0.8168955085065326,0.8472941823800955,1770,1.872598578067543
mariodpo,mariodpo::mariodpo_nintendo_0406.txt,174,16,0.1533764367816092,0.8376436781609196,17,0.09770114942528736,9,0.05172413793103448,0.21264367816091953,0.10344827586206896,18,0.13218390804597702,3,7.571408988304995e-05,0.999924285910117,1.8733255194471177,1.8615767881361884,0.6659664568492525,0.9589266133677515,3.506303744671577,0.27586206896551724,0.0932475884244373,0.8168955085065326,0.8472941823800955,1770,1.7966011912891673
mariodpo,mariodpo::mariodpo_nintendo_0407.txt,195,16,0.15737179487179487,0.8365384615384616,11,0.05641025641025641,7,0.035897435897435895,0.07692307692307693,0.5538461538461539,16,0.13846153846153847,3,0.0035243855481030817,0.9964756144518969,2.4505831058811935,2.4410823485588105,0.664102564102564,0.9436642843661798,3.369398398237074,0.2153846153846154,0.08580542264752791,0.8168955085065326,0.8472941823800955,1770,1.727439178505029
mariodpo,mariodpo::mariodpo_nintendo_0408.txt,167,16,0.14146706586826346,0.8484281437125748,14,0.08383233532934131,13,0.07784431137724551,0.1377245508982036,0.3652694610778443,19,0.17964071856287425,3,0.15441948261441796,0.845580517385582,2.0534339758474434,2.2183348144566617,0.6316933885786346,0.9263239827711274,3.6751187665379463,0.2934131736526946,0.09341272794938593,0.8168955085065326,0.8472941823800955,1770,5.930129281352566
mariodpo,mariodpo::mariodpo_nintendo_0409.txt,193,16,0.15058290155440415,0.8393782383419689,24,0.12435233160621761,12,0.06217616580310881,0.05699481865284974,0.10362694300518134,10,0.07253886010362694,2,0.0007917079773978042,0.9992082920226022,1.794906815011045,1.7856142388199483,0.7503798808270625,0.9087523402545186,2.895381771332884,0.20725388601036268,0.07702223654527876,0.8168955085065326,0.8472941823800955,1770,2.1926954998039214
mariodpo,mariodpo::mariodpo_nintendo_0410.txt,184,16,0.18953804347826086,0.8006114130434783,22,0.11956521739130435,13,0.07065217391304347,1.0271739130434783,0.05434782608695652,17,0.15760869565217392,3,0.2853460070991518,0.7146539929008482,2.448013723966592,2.8783902338157943,0.6573808542335619,1.1104172709420324,4.164417229626871,0.28804347826086957,0.08685366677931734,0.8168955085065326,0.8472941823800955,1770,11.47550250780982
mariodpo,mariodpo::mariodpo_nintendo_0411.txt,157,16,0.16162420382165604,0.8320063694267515,13,0.08280254777070063,10,0.06369426751592357,0.15286624203821655,0.17834394904458598,11,0.09554140127388536,2,0.0682620588625531,0.9317379411374469,2.037541298514503,2.0967408571929487,0.7391489090601078,0.9807614430408427,3.1706363866002927,0.25477707006369427,0.08785120696478037,0.8168955085065326,0.8472941823800955,1770,2.4436695798332093
mariodpo,mariodpo::mariodpo_nintendo_0412.txt,198,16,0.1720328282828283,0.8175505050505051,28,0.1414141414141414,1,0.005050505050505051,0.050505050505050504,0.13131313131313133,17,0.12121212121212122,3,6.043417196710532e-05,0.9999395658280329,2.4479126825791138,2.4344242974264967,0.6441771946873988,1.02169378122771,3.3176655391652585,0.2222222222222222,0.08639648130694313,0.8168955085065326,0.8472941823800955,1770,2.3988947131272194
mariodpo,mariodpo::mariodpo_nintendo_0413.txt,199,16,0.13819095477386933,0.8527010050251256,19,0.09547738693467336,24,0.12060301507537688,0.1407035175879397,0.11055276381909548,17,0.11557788944723618,3,0.0016978034776472528,0.9983021965223527,1.8448016722858718,1.8365223491881202,0.7070344403320663,0.8328800969774124,2.973436079298932,0.21608040201005024,0.07658643326039387,0.8168955085065326,0.8472941823800955,1770,2.0540409789768836
mariodpo,mariodpo::mariodpo_nintendo_0414.txt,179,16,0.18226256983240224,0.8076117318435754,26,0.1452513966480447,3,0.01675977653631285,0.7262569832402235,0.33519553072625696,16,0.1452513966480447,3,0.4372023028768045,0.5627976971231955,2.2410590775092825,2.9695595083346693,0.6368883922601599,1.1089148194317193,4.38043807107886,0.30726256983240224,0.08996179228898923,0.8168955085065326,0.8472941823800955,1770,18.017543019586483
mariodpo,mariodpo::mariodpo_nintendo_0415.txt,198,16,0.16792929292929293,0.8232323232323232,21,0.10606060606060606,7,0.03535353535353535,0.1414141414141414,0.10101010101010101,11,0.05555555555555555,1,8.40689145380491e-05,0.999915931085462,2.0118844410947894,2.0013516900479082,0.8035755021848989,1.0008417774958507,3.08406744185229,0.25252525252525254,0.08356896010053409,0.8168955085065326,0.8472941823800955,1770,2.1506046435954116
mariodpo,mariodpo::mariodpo_nintendo_0416.txt,154,16,0.23376623376623376,0.7536525974025974,17,0.11038961038961038,15,0.09740259740259741,0.1038961038961039,1.5974025974025974,20,0.21428571428571427,3,0.13434140412810036,0.8656585958718996,2.728445240883624,2.91223177920143,0.6016177021069623,1.3737945206553854,5.209737251394112,0.44805194805194803,0.12787414279951592,0.8168955085065326,0.8472941823800955,1770,6.601333713068197
mariodpo,mariodpo::mariodpo_nintendo_0417.txt,182,16,0.14835164835164835,0.8451236263736264,11,0.06043956043956044,11,0.06043956043956044,0.12087912087912088,0.35714285714285715,13,0.11538461538461539,3,0.08742915854255173,0.9125708414574483,2.047945692445262,2.131081333570438,0.6975206972253816,0.9174625151252432,3.3064923453304234,0.24175824175824176,0.08609497779296207,0.8168955085065326,0.8472941823800955,1770,3.227368954736034
mariodpo,mariodpo::mariodpo_nintendo_0418.txt,184,16,0.13383152173913043,0.8586956521739131,16,0.08695652173913043,6,0.03260869565217391,0.09239130434782608,0.06521739130434782,15,0.125,3,0.026395975227741397,0.9736040247722586,1.8066296767676,1.8200250389184895,0.6678321964951356,0.8012243830433041,2.71702392798197,0.20108695652173914,0.07130787428185198,0.8168955085065326,0.8472941823800955,1770,2.337627124716208
mariodpo,mariodpo::mariodpo_nintendo_0419.txt,195,16,0.14326923076923076,0.8503205128205128,17,0.08717948717948718,10,0.05128205128205128,0.10256410256410256,0.13333333333333333,16,0.11282051282051282,3,0.028389181012044684,0.9716108189879553,1.7275932024463505,1.7427203666192954,0.6878082191780822,0.8722718195341458,3.1148468853210756,0.2205128205128205,0.08133971291866028,0.8168955085065326,0.8472941823800955,1770,1.8462923974742722
mariodpo,mariodpo::mariodpo_nintendo_0420.txt,183,16,0.20184426229508196,0.7868852459016393,17,0.09289617486338798,20,0.1092896174863388,0.726775956284153,0.6721311475409836,14,0.15300546448087432,3,0.3178072231973529,0.6821927768026471,2.3423916447112156,2.8190667229082425,0.6769342249457653,1.2602033011174287,4.568991602063912,0.3114754098360656,0.09582059123343527,0.8168955085065326,0.8472941823800955,1770,12.911684610604238
mariodpo,mariodpo::mariodpo_nintendo_0421.txt,157,16,0.1500796178343949,0.8395700636942676,18,0.11464968152866242,13,0.08280254777070063,0.1337579617834395,0.16560509554140126,9,0.07643312101910828,3,0.00018245180853626586,0.9998175481914637,1.6344717997421856,1.623613252777532,0.7323924937137269,0.9364100580762384,2.9827468650684117,0.2356687898089172,0.08705975464978236,0.8168955085065326,0.8472941823800955,1770,2.0360897959618853
mariodpo,mariodpo::mariodpo_nintendo_0422.txt,168,16,0.20684523809523808,0.7864583333333334,10,0.05952380952380952,8,0.047619047619047616,0.07738095238095238,0.7678571428571429,22,0.20238095238095238,3,0.03701188152332113,0.9629881184766789,3.0065457617179847,3.044075469417742,0.6062436871843593,1.2462018313278513,4.4548590426349675,0.39880952380952384,0.11912689604143545,0.8168955085065326,0.8472941823800955,1770,3.6385033096937764
mariodpo,mariodpo::mariodpo_nintendo_0423.txt,184,16,0.13960597826086957,0.8498641304347826,23,0.125,7,0.03804347826086957,0.043478260869565216,0.2391304347826087,19,0.17391304347826086,3,0.00449774140369219,0.9955022585963078,1.8793042311672983,1.8720946268848218,0.6099432414074653,0.8826146584749704,3.406892727004249,0.21739130434782608,0.08043257857384252,0.8168955085065326,0.8472941823800955,1770,2.1290412788400204
mariodpo,mariodpo::mariodpo_nintendo_0424.txt,198,16,0.16224747474747475,0.8254419191919192,18,0.09090909090909091,19,0.09595959595959595,0.1414141414141414,0.8181818181818182,26,0.2777777777777778,3,0.01299489424560929,0.9870051057543907,2.6488155602589902,2.6503724140176113,0.5592554405955515,1.0952611184665015,4.506536071788064,0.3434343434343434,0.10021991831605404,0.8168955085065326,0.8472941823800955,1770,2.0485579993499576
mariodpo,mariodpo::mariodpo_nintendo_0425.txt,186,16,0.12533602150537634,0.8649193548387096,18,0.0967741935483871,10,0.053763440860215055,0.043010752688172046,0.20430107526881722,21,0.16666666666666666,3,0.008241273314906095,0.9917587266850939,1.7258790534104846,1.7223701029397316,0.6297134967572657,0.7849826791141692,2.727093998781671,0.1935483870967742,0.0758943497158141,0.8168955085065326,0.8472941823800955,1770,2.3858814605041756
mariodpo,mariodpo::mariodpo_nintendo_0426.txt,187,16,0.1483957219251337,0.8449197860962567,12,0.06417112299465241,15,0.08021390374331551,0.3315508021390374,0.16042780748663102,23,0.20320855614973263,3,0.0023020796749202432,0.9976979203250798,2.4889107020436025,2.4767242799025353,0.6208209113452621,0.9461457256963179,3.8335358987743637,0.3155080213903743,0.09211839042234786,0.8168955085065326,0.8472941823800955,1770,1.7774705947070755
mariodpo,mariodpo::mariodpo_nintendo_0427.txt,178,16,0.13764044943820225,0.8563904494382022,11,0.06179775280898876,5,0.028089887640449437,0.11235955056179775,0.056179775280898875,10,0.09550561797752809,3,0.007174952467467355,0.9928250475325326,1.833729661890766,1.8290184368041362,0.708888203456777,0.7604404843471892,2.4914038599853736,0.15168539325842698,0.06496681802305274,0.8168955085065326,0.8472941823800955,1770,2.837565176819128
mariodpo,mariodpo::mariodpo_nintendo_0428.txt,169,16,0.15384615384615385,0.8350591715976331,20,0.11834319526627218,7,0.04142011834319527,0.011834319526627219,0.11834319526627218,9,0.0650887573964497,2,0.04110857056782391,0.9588914294321761,1.6936991339202339,1.7190445437413902,0.7546636752712462,0.9076980155172294,2.985171493738068,0.23076923076923078,0.0838543582199338,0.8168955085065326,0.8472941823800955,1770,2.310994800099293
mariodpo,mariodpo::mariodpo_nintendo_0429.txt,173,16,0.14089595375722544,0.8500722543352601,17,0.09826589595375723,6,0.03468208092485549,0.046242774566473986,0.11560693641618497,14,0.11560693641618497,2,0.005949803136451548,0.9940501968635485,1.793739023622886,1.7876031923877924,0.6967229396735549,0.8492893438044277,2.5649076682141034,0.1907514450867052,0.07186489399928135,0.8168955085065326,0.8472941823800955,1770,2.2636696011283486
mariodpo,mariodpo::mariodpo_nintendo_0430.txt,169,16,0.22522189349112426,0.7622041420118343,20,0.11834319526627218,12,0.07100591715976332,0.8520710059171598,1.029585798816568,27,0.30177514792899407,3,0.05527167576449776,0.9447283242355022,2.9133067442848293,2.978165093004332,0.5436004823666531,1.4046913116247488,5.134084056398319,0.42011834319526625,0.11695476278043399,0.8168955085065326,0.8472941823800955,1770,4.457383513953924
mariodpo,mariodpo::mariodpo_nintendo_0431.txt,167,16,0.2286676646706587,0.7657185628742516,10,0.059880239520958084,14,0.08383233532934131,1.8023952095808384,0.11976047904191617,17,0.19161676646706588,3,0.32674880317930344,0.6732511968206966,2.5280996798057096,3.061659509058551,0.6627778819038724,1.194225539874189,4.192373119334194,0.31137724550898205,0.09043542984741347,0.8168955085065326,0.8472941823800955,1770,13.33316319696804
mariodpo,mariodpo::mariodpo_nintendo_0432.txt,179,16,0.1490921787709497,0.8449720670391061,13,0.07262569832402235,2,0.0111731843575419,0.027932960893854747,0.0893854748603352,13,0.10614525139664804,3,0.0010883085619842747,0.9989116914380157,2.1068172673457757,2.095227574526217,0.6848189506719411,0.8541234214395427,2.5577782187324356,0.2011173184357542,0.07433136505731157,0.8168955085065326,0.8472941823800955,1770,2.313198575345987
mariodpo,mariodpo::mariodpo_nintendo_0433.txt,195,16,0.14615384615384616,0.8467948717948718,20,0.10256410256410256,14,0.07179487179487179,0.12307692307692308,0.24615384615384617,16,0.09230769230769231,2,0.006581390361598993,0.993418609638401,1.7884028912342302,1.7844310689477776,0.7379722572509457,0.8587433054251431,2.868800000612944,0.16923076923076924,0.07527910685805422,0.8168955085065326,0.8472941823800955,1770,2.1020034739447007
mariodpo,mariodpo::mariodpo_nintendo_0434.txt,158,16,0.20134493670886075,0.785996835443038,12,0.0759493670886076,19,0.12025316455696203,0.0759493670886076,1.5569620253164558,27,0.2911392405063291,3,0.1750959773167705,0.8249040226832295,2.9318965352324056,3.2044502261799255,0.5604541765526722,1.1945265562400926,4.877765436193009,0.4177215189873418,0.1163979551710578,0.8168955085065326,0.8472941823800955,1770,7.531075067550443
mariodpo,mariodpo::mariodpo_nintendo_0435.txt,200,16,0.1659375,0.8259375,22,0.11,2,0.01,0.035,0.16,15,0.085,3,0.005125960042395072,0.9948740399576049,2.0861708494419595,2.0802630862551044,0.6962415224913494,0.9694781850540939,3.071807897437929,0.2,0.07496111975116641,0.8168955085065326,0.8472941823800955,1770,2.098492039333386
mariodpo,mariodpo::mariodpo_nintendo_0436.txt,180,16,0.1996527777777778,0.7913194444444445,16,0.08888888888888889,10,0.05555555555555555,0.18888888888888888,0.8055555555555556,20,0.2222222222222222,3,0.00018156077070041743,0.9998184392292996,2.8585853025757872,2.841142845546575,0.5874855451062349,1.2603301508420788,4.770399345440248,0.37777777777777777,0.11329879101899827,0.8168955085065326,0.8472941823800955,1770,3.2007303216699894
mariodpo,mariodpo::mariodpo_nintendo_0437.txt,175,16,0.13642857142857143,0.8553571428571428,19,0.10857142857142857,2,0.011428571428571429,0.09714285714285714,0.08,8,0.045714285714285714,1,0.003279184740550778,0.9967208152594492,1.3906088829256218,1.3846280280614263,0.8086951507208388,0.7749052062515795,2.1628503881310728,0.14285714285714285,0.06039076376554174,0.8168955085065326,0.8472941823800955,1770,3.586931854498664
mariodpo,mariodpo::mariodpo_nintendo_0438.txt,156,16,0.16987179487179488,0.8197115384615384,2,0.01282051282051282,22,0.14102564102564102,0.23717948717948717,0.8333333333333334,23,0.2564102564102564,3,0.1203729763397875,0.8796270236602125,2.4491091720848264,2.593241008823789,0.6094603426714499,1.1229684380676226,5.154973122325924,0.4423076923076923,0.12544802867383512,0.8168955085065326,0.8472941823800955,1770,5.758275173756802
mariodpo,mariodpo::mariodpo_nintendo_0439.txt,188,16,0.14128989361702127,0.8480718085106383,26,0.13829787234042554,8,0.0425531914893617,0.06382978723404255,0.11702127659574468,15,0.09042553191489362,2,0.0006674612576618166,0.9993325387423382,1.7223698091874928,1.713183098585665,0.7155749746707194,0.8581860402177796,2.722288292701827,0.1702127659574468,0.07608336089976844,0.8168955085065326,0.8472941823800955,1770,2.6616114978590444
mariodpo,mariodpo::mariodpo_nintendo_0440.txt,160,16,0.19765625,0.79453125,14,0.0875,8,0.05,0.5875,0.6,11,0.0875,3,0.5579542867564594,0.4420457132435406,2.1879471529661445,3.269650237041238,0.7264177559912854,1.1447538147461254,3.683634840827861,0.2375,0.08194174757281554,0.8168955085065326,0.8472941823800955,1770,23.099954695979875
mariodpo,mariodpo::mariodpo_nintendo_0441.txt,173,16,0.13041907514450868,0.865606936416185,9,0.05202312138728324,2,0.011560693641618497,0.08670520231213873,0.16184971098265896,16,0.12138728323699421,3,0.0004322331290416148,0.9995677668709584,1.2252273255105728,1.2174030574520622,0.6758035846209641,0.7443195062804794,2.168849055721788,0.14450867052023122,0.0643190801293568,0.8168955085065326,0.8472941823800955,1770,3.5191458563306175
mariodpo,mariodpo::mariodpo_nintendo_0442.txt,158,16,0.15783227848101267,0.8318829113924051,16,0.10126582278481013,12,0.0759493670886076,0.06329113924050633,0.2468354430379747,10,0.10126582278481013,3,0.006628889305179686,0.9933711106948203,1.9703501683189564,1.9634189859755695,0.7039285462807993,0.9755473763625361,3.655471387130026,0.3037974683544304,0.09673613841918993,0.8168955085065326,0.8472941823800955,1770,1.7548659689747246
mariodpo,mariodpo::mariodpo_nintendo_0443.txt,166,16,0.14871987951807228,0.8418674698795181,16,0.0963855421686747,7,0.04216867469879518,0.14457831325301204,0.2891566265060241,18,0.15060240963855423,3,0.11747977415715072,0.8825202258428493,2.242250216414044,2.370649296330923,0.643121589598787,0.9537651743660238,3.5137652894696947,0.25301204819277107,0.08873081242980158,0.8168955085065326,0.8472941823800955,1770,4.419773150309079
mariodpo,mariodpo::mariodpo_nintendo_0444.txt,198,16,0.1710858585858586,0.8210227272727273,19,0.09595959595959595,9,0.045454545454545456,0.16161616161616163,0.2727272727272727,12,0.0707070707070707,2,0.019249135454838195,0.9807508645451618,1.9488433846909936,1.957379956652128,0.7605756024956549,1.021060086648288,3.4449695460529446,0.21212121212121213,0.08294062205466542,0.8168955085065326,0.8472941823800955,1770,1.5952217090544263
mariodpo,mariodpo::mariodpo_nintendo_0445.txt,170,16,0.13786764705882354,0.8566176470588235,13,0.07647058823529412,1,0.0058823529411764705,0.041176470588235294,0.1411764705882353,13,0.09411764705882353,3,0.023441762446610337,0.9765582375533897,1.4787317981485646,1.486873748070592,0.6960525873958145,0.7853202647477678,2.2299889559234947,0.1411764705882353,0.06727605118829982,0.8168955085065326,0.8472941823800955,1770,3.047966913758683
mariodpo,mariodpo::mariodpo_nintendo_0446.txt,187,16,0.14070855614973263,0.8519385026737968,20,0.10695187165775401,9,0.0481283422459893,0.15508021390374332,0.1657754010695187,25,0.25133689839572193,3,0.026232326946753703,0.9737676730532463,2.3944533514510082,2.412342351171088,0.5579986029017484,0.9084649258561595,4.02556000539894,0.29411764705882354,0.08180911207183239,0.8168955085065326,0.8472941823800955,1770,1.9039282916134643
mariodpo,mariodpo::mariodpo_nintendo_0447.txt,198,16,0.15751262626262627,0.8377525252525253,11,0.05555555555555555,5,0.025252525252525252,0.5,0.3787878787878788,24,0.20707070707070707,3,0.42682719466964414,0.5731728053303559,2.375663357611104,3.1210963207068168,0.6038583277001064,0.9934286857034511,4.434116923601401,0.29292929292929293,0.09142318567389256,0.8168955085065326,0.8472941823800955,1770,17.536365827799848
mariodpo,mariodpo::mariodpo_nintendo_0448.txt,152,16,0.15213815789473684,0.8429276315789473,6,0.039473684210526314,5,0.03289473684210526,0.05921052631578947,0.3157894736842105,15,0.13157894736842105,3,0.022827671014496453,0.9771723289855035,1.8709441746908093,1.8785994257608873,0.6755844159570318,0.932896742829395,3.3152225918937015,0.26973684210526316,0.08827135267674703,0.8168955085065326,0.8472941823800955,1770,1.9280943278672245
mariodpo,mariodpo::mariodpo_nintendo_0449.txt,189,16,0.14384920634920634,0.8488756613756614,9,0.047619047619047616,14,0.07407407407407407,0.15343915343915343,0.5978835978835979,25,0.25396825396825395,3,0.29645080839404525,0.7035491916059547,2.190152814705007,2.595248890647622,0.5782536453504196,0.930783454894216,3.788990804436667,0.291005291005291,0.08390918065153011,0.8168955085065326,0.8472941823800955,1770,11.931939591804108
mariodpo,mariodpo::mariodpo_nintendo_0450.txt,159,16,0.16745283018867924,0.8231132075471698,21,0.1320754716981132,3,0.018867924528301886,0.16352201257861634,0.11320754716981132,17,0.13836477987421383,3,0.022612586852856942,0.9773874131471431,2.472955696286685,2.484554331216094,0.6368458226692856,1.0214918082538123,3.6114343293047027,0.27672955974842767,0.09691285658460336,0.8168955085065326,0.8472941823800955,1770,2.1541807158309054
mariodpo,mariodpo::mariodpo_nintendo_0451.txt,194,16,0.15496134020618557,0.8402061855670103,13,0.06701030927835051,1,0.005154639175257732,0.07216494845360824,0.2268041237113402,14,0.08247422680412371,3,0.0011162563294060401,0.998883743670594,1.9000420448270512,1.8906289218358308,0.7142607999939546,0.8868786422401592,2.394749601551663,0.18041237113402062,0.06925296569413274,0.8168955085065326,0.8472941823800955,1770,2.5013253670800712
mariodpo,mariodpo::mariodpo_nintendo_0452.txt,172,16,0.140625,0.8506540697674418,17,0.09883720930232558,7,0.040697674418604654,0.0872093023255814,0.19767441860465115,18,0.13953488372093023,3,0.0005529360788921744,0.9994470639211078,1.844608432440745,1.8329394854174035,0.6517303791157547,0.861477530607831,2.9777823929360663,0.18604651162790697,0.07770148174918684,0.8168955085065326,0.8472941823800955,1770,2.1268852541458725
mariodpo,mariodpo::mariodpo_nintendo_0453.txt,181,16,0.14295580110497239,0.8491022099447514,19,0.10497237569060773,5,0.027624309392265192,0.13259668508287292,0.16574585635359115,20,0.14917127071823205,3,0.0682956895789606,0.9317043104210394,1.7725875854290059,1.8250347368983244,0.6366736672390365,0.8825539311369307,3.301164172763372,0.24861878453038674,0.08450704225352113,0.8168955085065326,0.8472941823800955,1770,2.8444276428665467
mariodpo,mariodpo::mariodpo_nintendo_0454.txt,150,16,0.14708333333333334,0.8433333333333334,18,0.12,4,0.02666666666666667,0.12,0.16,7,0.06666666666666667,3,0.0678067845680016,0.9321932154319984,1.6496681518286487,1.696622252399825,0.7226338072669827,0.8852238901721768,2.6146149003607597,0.22666666666666666,0.07950310559006211,0.8168955085065326,0.8472941823800955,1770,3.083570167460991
mariodpo,mariodpo::mariodpo_nintendo_0455.txt,163,16,0.3293711656441718,0.6464723926380368,27,0.1656441717791411,34,0.2085889570552147,3.312883435582822,0.03680981595092025,10,0.08588957055214724,3,0.009927814398124624,0.9900721856018754,2.1453214024355174,2.1427824035400613,0.8108748461202069,1.4747803061585312,4.047072917857625,0.2147239263803681,0.08654212733511246,0.8168955085065326,0.8472941823800955,1770,5.545825183085934
mariodpo,mariodpo::mariodpo_nintendo_0456.txt,187,16,0.1413770053475936,0.8509358288770054,15,0.08021390374331551,9,0.0481283422459893,0.0748663101604278,0.1925133689839572,13,0.09090909090909091,3,0.0005825039015809885,0.999417496098419,1.6808707989022522,1.6718343709070136,0.7140267697988285,0.8390003421872996,2.9407088755168322,0.21390374331550802,0.07449285001662787,0.8168955085065326,0.8472941823800955,1770,2.282556568399297
mariodpo,mariodpo::mariodpo_nintendo_0457.txt,196,16,0.14955357142857142,0.8399234693877551,26,0.1326530612244898,15,0.07653061224489796,0.09693877551020408,0.10204081632653061,15,0.11734693877551021,3,0.005632156714630909,0.9943678432853691,1.8749284976303855,1.8700398233280286,0.6768726379440665,0.9264839356912631,3.242455140285801,0.20918367346938777,0.08187876864487464,0.8168955085065326,0.8472941823800955,1770,1.846085425591497
mariodpo,mariodpo::mariodpo_nintendo_0458.txt,155,16,0.15645161290322582,0.8338709677419355,22,0.14193548387096774,1,0.0064516129032258064,0.07741935483870968,0.09032258064516129,8,0.05806451612903226,2,0.08181530970809414,0.9181846902919059,1.860494150971243,1.9285407442621418,0.7436632535222112,0.9226619933543844,2.7719337519853036,0.22580645161290322,0.08216432865731463,0.8168955085065326,0.8472941823800955,1770,3.684542643950889
mariodpo,mariodpo::mariodpo_nintendo_0459.txt,166,16,0.18373493975903615,0.8012048192771084,11,0.06626506024096386,48,0.2891566265060241,0.30120481927710846,1.0240963855421688,23,0.25903614457831325,3,0.14605734483446187,0.8539426551655381,2.5855078550090087,2.7790543538516994,0.6485626838022234,1.1933399327310286,5.491160256772779,0.5481927710843374,0.13178584799700488,0.8168955085065326,0.8472941823800955,1770,7.9372140826430355
mariodpo,mariodpo::mariodpo_nintendo_0460.txt,191,16,0.13678010471204188,0.856020942408377,19,0.09947643979057591,3,0.015706806282722512,0.08376963350785341,0.13612565445026178,18,0.10471204188481675,2,0.09875796261205494,0.9012420373879451,1.7053723747234995,1.7862606699223662,0.7033637717708777,0.8113399562915354,2.7254268592055717,0.17801047120418848,0.07521979811136438,0.8168955085065326,0.8472941823800955,1770,4.213467616871315
mariodpo,mariodpo::mariodpo_nintendo_0461.txt,172,16,0.1504360465116279,0.8397529069767442,25,0.14534883720930233,5,0.029069767441860465,0.12209302325581395,0.3430232558139535,23,0.18023255813953487,3,0.0001376475650575193,0.9998623524349425,1.9668732118985832,1.954024896565776,0.5975508140128043,0.9787635929554516,3.6655845493857644,0.27325581395348836,0.09179616913624865,0.8168955085065326,0.8472941823800955,1770,2.3514300579207825
mariodpo,mariodpo::mariodpo_nintendo_0462.txt,179,16,0.14420391061452514,0.8509078212290503,11,0.061452513966480445,3,0.01675977653631285,0.01675977653631285,0.17318435754189945,14,0.12290502793296089,3,0.0018845096863756572,0.9981154903136243,1.833666864453685,1.8240322946480183,0.6713813477160575,0.8372802373823834,2.73664385274967,0.2011173184357542,0.07398402222994095,0.8168955085065326,0.8472941823800955,1770,2.3955166400903973
mariodpo,mariodpo::mariodpo_nintendo_0463.txt,158,16,0.14833860759493672,0.8477056962025317,7,0.04430379746835443,5,0.03164556962025317,0.11392405063291139,0.27848101265822783,6,0.056962025316455694,3,0.07548679028254579,0.9245132097174542,1.4686538255097947,1.5173533085670559,0.7677110787445117,0.8350341602476576,2.2376742692444953,0.18354430379746836,0.06802988596146284,0.8168955085065326,0.8472941823800955,1770,3.6116129943042288
mariodpo,mariodpo::mariodpo_nintendo_0464.txt,179,16,0.1337290502793296,0.861731843575419,9,0.05027932960893855,4,0.0223463687150838,0.09497206703910614,0.0335195530726257,13,0.10614525139664804,3,0.016174195105585598,0.9838258048944144,1.7708546631106445,1.7744321510431333,0.697917517757459,0.7560871247427317,2.296153822706267,0.16759776536312848,0.06634248002778742,0.8168955085065326,0.8472941823800955,1770,2.8566737083328797
mariodpo,mariodpo::mariodpo_nintendo_0465.txt,166,16,0.12462349397590361,0.8655873493975904,20,0.12048192771084337,4,0.024096385542168676,0.10843373493975904,0.04819277108433735,20,0.18072289156626506,3,0.014403483642399961,0.9855965163576,1.838200200740096,1.8389442492057222,0.6015600458080095,0.7814132935249016,3.1148935765347243,0.22289156626506024,0.07937102208910521,0.8168955085065326,0.8472941823800955,1770,2.6148146497424345
mariodpo,mariodpo::mariodpo_nintendo_0466.txt,182,16,0.1304945054945055,0.8595467032967034,21,0.11538461538461539,4,0.02197802197802198,0.02197802197802198,0.1978021978021978,17,0.12087912087912088,3,0.02317547816183374,0.9768245218381663,1.5071600979051356,1.5154918144680145,0.6580158174266371,0.792662785320551,2.6827690540916187,0.17032967032967034,0.07208746156474205,0.8168955085065326,0.8472941823800955,1770,2.8267149687022965
mariodpo,mariodpo::mariodpo_nintendo_0467.txt,179,16,0.2122905027932961,0.776536312849162,18,0.1005586592178771,12,0.0670391061452514,0.30726256983240224,0.8659217877094972,15,0.12290502793296089,3,0.33216300159212764,0.6678369984078724,2.5263495823676356,3.0730745162212583,0.6820601869528077,1.317525889255334,4.367684327405976,0.329608938547486,0.10281347690170198,0.8168955085065326,0.8472941823800955,1770,13.666521499993536
mariodpo,mariodpo::mariodpo_nintendo_0468.txt,164,16,0.1604420731707317,0.8311737804878049,11,0.06707317073170732,13,0.07926829268292683,0.024390243902439025,0.4451219512195122,18,0.13414634146341464,3,0.026132028849983335,0.9738679711500167,2.263335745831074,2.2780564109929635,0.6794129660027988,0.9966311939943348,3.1344417342228676,0.2682926829268293,0.08980674497915878,0.8168955085065326,0.8472941823800955,1770,1.077425358146198
mariodpo,mariodpo::mariodpo_nintendo_0469.txt,199,16,0.12782663316582915,0.864321608040201,21,0.10552763819095477,6,0.03015075376884422,0.06030150753768844,0.11055276381909548,21,0.18592964824120603,3,0.01743325220797043,0.9825667477920296,1.7176903860505712,1.7230988253504207,0.6020880731155034,0.8020858702172171,3.0901841320401013,0.21105527638190955,0.07502344482650829,0.8168955085065326,0.8472941823800955,1770,2.430939886191667
mariodpo,mariodpo::mariodpo_nintendo_0470.txt,159,16,0.2598270440251572,0.7185534591194969,15,0.09433962264150944,38,0.2389937106918239,1.9433962264150944,0.16352201257861634,15,0.15723270440251572,3,0.30332534124668165,0.6966746587533184,2.2303352156415754,2.654592683993519,0.7421571885861067,1.4279914577801942,4.624826126585827,0.31446540880503143,0.10003907776475186,0.8168955085065326,0.8472941823800955,1770,12.865554732668059
mariodpo,mariodpo::mariodpo_nintendo_0471.txt,172,16,0.1867732558139535,0.8008720930232558,14,0.08139534883720931,22,0.12790697674418605,0.13372093023255813,0.6802325581395349,22,0.19186046511627908,3,0.14403734554527148,0.8559626544547285,2.443862687615839,2.6247210120245135,0.6389136623908384,1.2284641551723932,4.96772790983459,0.4476744186046512,0.1264907842428623,0.8168955085065326,0.8472941823800955,1770,6.462955526389311
mariodpo,mariodpo::mariodpo_nintendo_0472.txt,176,16,0.1512784090909091,0.8433948863636364,11,0.0625,4,0.022727272727272728,0.07386363636363637,0.2159090909090909,15,0.10227272727272728,2,0.029806368925721083,0.9701936310742789,1.8585050226941244,1.8751543146375191,0.7224154114570865,0.882711550488443,3.073061673650743,0.22727272727272727,0.08053691275167785,0.8168955085065326,0.8472941823800955,1770,2.0696998115732703
mariodpo,mariodpo::mariodpo_nintendo_0473.txt,180,16,0.1284722222222222,0.8635416666666667,13,0.07222222222222222,9,0.05,0.05555555555555555,0.08888888888888889,23,0.2222222222222222,3,9.145849358405123e-06,0.9999908541506416,1.732550476693523,1.720812105492787,0.5868826186091379,0.7989600204094406,2.9943091372391266,0.2111111111111111,0.0770293609671848,0.8168955085065326,0.8472941823800955,1770,2.3800342632501392
mariodpo,mariodpo::mariodpo_nintendo_0474.txt,196,16,0.1533801020408163,0.8367346938775511,13,0.0663265306122449,22,0.11224489795918367,0.17857142857142858,0.4642857142857143,21,0.18877551020408162,3,0.0028242768845454513,0.9971757231154545,2.2102406037604236,2.2004623481669436,0.6410564408885788,1.0368242655684239,4.091355352963725,0.3163265306122449,0.09457315138051413,0.8168955085065326,0.8472941823800955,1770,1.6021110680186963
mariodpo,mariodpo::mariodpo_nintendo_0475.txt,199,16,0.16363065326633167,0.8260050251256281,25,0.12562814070351758,6,0.03015075376884422,0.035175879396984924,0.6080402010050251,17,0.135678391959799,3,0.13020740769697092,0.8697925923030291,2.2605965991823047,2.410547957694651,0.6428018225050993,1.0132852177362603,3.322957892890986,0.22613065326633167,0.08033760550171928,0.8168955085065326,0.8472941823800955,1770,4.99892739261998
mariodpo,mariodpo::mariodpo_nintendo_0476.txt,188,16,0.18650265957446807,0.801529255319149,16,0.0851063829787234,20,0.10638297872340426,0.0851063829787234,1.053191489361702,28,0.2553191489361702,3,0.0011444061553351759,0.9988555938446648,2.992548528315126,2.9760599735260507,0.578855756657338,1.1831530988812027,4.7154234292604205,0.425531914893617,0.1184254052265961,0.8168955085065326,0.8472941823800955,1770,3.498253652800864
mariodpo,mariodpo::mariodpo_nintendo_0477.txt,192,16,0.17936197916666666,0.8092447916666666,19,0.09895833333333333,26,0.13541666666666666,0.11458333333333333,1.0416666666666667,23,0.22916666666666666,3,0.19462542072324918,0.8053745792767508,2.565472874071298,2.8420303112187995,0.6061285954934068,1.129315906455386,4.221854612291076,0.3072916666666667,0.10204081632653061,0.8168955085065326,0.8472941823800955,1770,7.733431677656668
mariodpo,mariodpo::mariodpo_nintendo_0478.txt,194,16,0.16623711340206185,0.8250644329896907,22,0.1134020618556701,11,0.05670103092783505,0.26288659793814434,0.18556701030927836,22,0.18556701030927836,3,0.06362590275669844,0.9363740972433016,2.114748792802616,2.1733081973104813,0.6136953257932138,1.0632844731555684,4.410989150907335,0.3402061855670103,0.09907021481243988,0.8168955085065326,0.8472941823800955,1770,2.6483737403080045
mariodpo,mariodpo::mariodpo_nintendo_0479.txt,173,16,0.18388728323699421,0.8085260115606936,13,0.07514450867052024,10,0.057803468208092484,0.03468208092485549,0.7572254335260116,14,0.11560693641618497,3,0.024706045108477626,0.9752939548915224,2.636464025176806,2.653320220879317,0.6896531121592847,1.1167544378438687,3.3693403762638257,0.28901734104046245,0.09270571325907294,0.8168955085065326,0.8472941823800955,1770,1.6342442828847805
mariodpo,mariodpo::mariodpo_nintendo_0480.txt,178,16,0.14747191011235955,0.8430477528089888,24,0.1348314606741573,3,0.016853932584269662,0.11797752808988764,0.25842696629213485,15,0.10112359550561797,2,0.00444378548717006,0.9955562145128299,1.6197055846356228,1.6132648439701784,0.6960482260389351,0.891407913477172,2.9498927226494973,0.17415730337078653,0.08173244848061474,0.8168955085065326,0.8472941823800955,1770,2.6602283057897864
mariodpo,mariodpo::mariodpo_nintendo_0481.txt,160,16,0.191796875,0.7953125,6,0.0375,28,0.175,0.125,1.4125,21,0.275,3,0.0020331568872903327,0.9979668431127097,2.9402358826670314,2.9228608141480636,0.5997634003350083,1.1628187492013478,5.406937376012265,0.51875,0.12970873786407766,0.8168955085065326,0.8472941823800955,1770,4.808368265444498
mariodpo,mariodpo::mariodpo_nintendo_0482.txt,163,16,0.15184049079754602,0.8358895705521472,19,0.1165644171779141,12,0.0736196319018405,0.10429447852760736,0.5521472392638037,19,0.17177914110429449,3,0.01812034122563222,0.9818796587743678,2.4585893561613745,2.4641190359602145,0.62777915013627,0.9870610028365814,3.5350094575236657,0.2822085889570552,0.09645444147922226,0.8168955085065326,0.8472941823800955,1770,1.5959031723706607
mariodpo,mariodpo::mariodpo_nintendo_0483.txt,172,16,0.2688953488372093,0.7129360465116279,26,0.1511627906976744,22,0.12790697674418605,1.8953488372093024,0.4127906976744186,12,0.11627906976744186,3,0.07144399531119427,0.9285560046888057,2.1127654369237217,2.1796789460347163,0.726146173187517,1.462371671335512,4.6244903134676845,0.3546511627906977,0.10589085652331044,0.8168955085065326,0.8472941823800955,1770,4.812585783104285
mariodpo,mariodpo::mariodpo_nintendo_0484.txt,175,16,0.15357142857142858,0.8385714285714285,16,0.09142857142857143,4,0.022857142857142857,0.08571428571428572,0.2571428571428571,21,0.21142857142857144,3,0.05833726879790113,0.9416627312020989,2.4038914995925107,2.4609904521806447,0.5820773274150215,0.9659027736250337,3.538527044019875,0.2742857142857143,0.09165186500888099,0.8168955085065326,0.8472941823800955,1770,2.4215878368760726
mariodpo,mariodpo::mariodpo_nintendo_0485.txt,190,16,0.19967105263157894,0.7898026315789474,14,0.07368421052631578,20,0.10526315789473684,0.6578947368421053,0.6578947368421053,19,0.1736842105263158,3,0.019695631726250995,0.980304368273749,3.0424529833847584,3.0553551331505506,0.6599518459069021,1.2908115393853472,5.138464123514436,0.41578947368421054,0.10638297872340426,0.8168955085065326,0.8472941823800955,1770,3.330590817689834
mariodpo,mariodpo::mariodpo_nintendo_0486.txt,163,16,0.15567484662576686,0.838957055214724,10,0.06134969325153374,4,0.024539877300613498,0.049079754601226995,0.25766871165644173,14,0.11042944785276074,3,0.050432193008661974,0.949567806991338,1.8356957141804606,1.8712117286222139,0.6888787413533238,0.924249243314346,2.989005175570245,0.2392638036809816,0.08349218452154022,0.8168955085065326,0.8472941823800955,1770,2.224071107090829
mariodpo,mariodpo::mariodpo_nintendo_0487.txt,196,16,0.1527423469387755,0.8370535714285714,15,0.07653061224489796,16,0.08163265306122448,0.04081632653061224,0.6275510204081632,21,0.15816326530612246,3,0.1536378372075029,0.8463621627924971,2.171403873026198,2.346976932056664,0.6532935325968682,0.9782802900440142,3.9133541004265724,0.29591836734693877,0.09330371310695018,0.8168955085065326,0.8472941823800955,1770,5.849102360435507
mariodpo,mariodpo::mariodpo_nintendo_0488.txt,168,16,0.16257440476190477,0.8292410714285714,12,0.07142857142857142,14,0.08333333333333333,0.18452380952380953,0.6785714285714286,21,0.27380952380952384,3,0.043478107180819126,0.9565218928191809,2.7890303516099637,2.832378919444976,0.5624914429832463,1.038831102534026,4.132155100141602,0.35119047619047616,0.10432852386237514,0.8168955085065326,0.8472941823800955,1770,2.5000146730053507
mariodpo,mariodpo::mariodpo_nintendo_0489.txt,183,16,0.1523224043715847,0.8346994535519126,11,0.060109289617486336,28,0.15300546448087432,0.2568306010928962,0.6939890710382514,30,0.3551912568306011,3,0.007237807694882137,0.9927621923051179,2.810962075664248,2.8032777327813663,0.5387514836667641,1.0335988992387406,4.896984105910288,0.4371584699453552,0.10975195378865103,0.8168955085065326,0.8472941823800955,1770,3.492312227304907
mariodpo,mariodpo::mariodpo_nintendo_0490.txt,190,16,0.1493421052631579,0.843421052631579,20,0.10526315789473684,2,0.010526315789473684,0.02631578947368421,0.4,23,0.1368421052631579,2,0.00021423615476279245,0.9997857638452372,1.7848450720582605,1.7743152562909048,0.6616499726825714,0.8927512558839096,2.9241097451138565,0.18947368421052632,0.07659574468085106,0.8168955085065326,0.8472941823800955,1770,2.351857582370899
mariodpo,mariodpo::mariodpo_nintendo_0491.txt,179,16,0.1585195530726257,0.8327513966480447,16,0.0893854748603352,8,0.0446927374301676,0.17318435754189945,0.7653631284916201,23,0.2569832402234637,3,0.216311197845244,0.783688802154756,2.3094976142065904,2.5914948960468758,0.5568859259333855,1.0179255895248787,4.297822172844732,0.3240223463687151,0.09725599166377215,0.8168955085065326,0.8472941823800955,1770,8.605309118704332
mariodpo,mariodpo::mariodpo_nintendo_0492.txt,160,16,0.143359375,0.85,13,0.08125,5,0.03125,0.11875,0.1,9,0.0625,2,0.031915403736520465,0.9680845962634795,1.4502142343570126,1.464196431881916,0.7725058570581257,0.8409570637029592,2.8310365027123203,0.2,0.08038834951456311,0.8168955085065326,0.8472941823800955,1770,2.6070730401248823
mariodpo,mariodpo::mariodpo_nintendo_0493.txt,154,16,0.18871753246753248,0.8031655844155844,10,0.06493506493506493,8,0.05194805194805195,0.08441558441558442,0.7987012987012987,19,0.17532467532467533,3,0.06476427038109744,0.9352357296189026,2.750222073735667,2.8231706431902603,0.6307388327658061,1.1548415488013544,3.9405652663548936,0.33116883116883117,0.10568777732956837,0.8168955085065326,0.8472941823800955,1770,3.0150641191456344
mariodpo,mariodpo::mariodpo_nintendo_0494.txt,198,16,0.15625,0.8361742424242424,8,0.04040404040404041,19,0.09595959595959595,0.11616161616161616,0.5858585858585859,21,0.18686868686868688,3,0.0909686466648093,0.9090313533351907,2.110729818172663,2.2014221494391295,0.6428986678557493,1.014534207320513,4.301689951020377,0.3181818181818182,0.09362236883443292,0.8168955085065326,0.8472941823800955,1770,3.41619341169148
mariodpo,mariodpo::mariodpo_nintendo_0495.txt,199,16,0.1611180904522613,0.8300879396984925,24,0.12060301507537688,5,0.02512562814070352,0.020100502512562814,0.11055276381909548,14,0.08542713567839195,2,0.0051154823369128355,0.9948845176630872,2.0366095272255618,2.030711448891212,0.7214364952896192,0.9334100288396094,2.8958173480300777,0.18592964824120603,0.07314785870584557,0.8168955085065326,0.8472941823800955,1770,2.172394110719511
mariodpo,mariodpo::mariodpo_nintendo_0496.txt,183,16,0.20150273224043716,0.7855191256830601,12,0.06557377049180328,26,0.14207650273224043,0.48633879781420764,1.2131147540983607,27,0.2896174863387978,3,0.1872759501201492,0.8127240498798508,2.66117975569592,2.934177562882999,0.5794137735349578,1.304608972154963,5.747709884006446,0.4808743169398907,0.12436289500509684,0.8168955085065326,0.8472941823800955,1770,8.353407626194652
mariodpo,mariodpo::mariodpo_nintendo_0497.txt,176,16,0.1473721590909091,0.8419744318181818,20,0.11363636363636363,14,0.07954545454545454,0.09659090909090909,0.17045454545454544,17,0.10227272727272728,2,0.048689714170606635,0.9513102858293934,1.7466345997980453,1.779754495488119,0.7237790364209923,0.9256469073332766,3.2653512431363434,0.25,0.08371600141292829,0.8168955085065326,0.8472941823800955,1770,2.090493513968675
mariodpo,mariodpo::mariodpo_nintendo_0498.txt,175,16,0.13392857142857142,0.8610714285714286,12,0.06857142857142857,1,0.005714285714285714,0.08571428571428572,0.14857142857142858,18,0.10857142857142857,2,0.0005012426434427564,0.9994987573565572,1.6579461591357965,1.6480932390169003,0.7065255306942053,0.7740915306696914,2.3301197984494433,0.17142857142857143,0.06678507992895204,0.8168955085065326,0.8472941823800955,1770,3.052426097779463
mariodpo,mariodpo::mariodpo_nintendo_0499.txt,161,16,0.14518633540372672,0.8470496894409938,18,0.11180124223602485,3,0.018633540372670808,0.13664596273291926,0.2981366459627329,14,0.09937888198757763,3,0.0029542496577372734,0.9970457503422627,1.7798026396157611,1.7705146772117486,0.6838827748736749,0.8605127918271834,2.830284132505266,0.2111801242236025,0.07487456580470861,0.8168955085065326,0.8472941823800955,1770,2.4044096936400337
