vote_id,battle_id,session_id,player_id,created_at_utc,created_at,side,generator_id,level_id,opponent_generator_id,opponent_level_id,vote_result,result_for_side,score_for_side,played,skipped_play,completed,deaths,died,duration_seconds,jumps,coins_collected,enemies_killed,trajectory_length,trajectory_max_x,trajectory_min_x,trajectory_y_std,trajectory_x_std,event_count,death_count_locations,tag_count,tag_fun,tag_boring,tag_too_hard,tag_too_easy,tag_creative,tag_impossible,tag_broken_graphics
v_c778af22-8c6e-4006-ad72-63e94418d6a2,btl_3e366049-469b-4132-ab73-73d222f733e4,112c0f47-d1ce-4d53-869d-349673aec9e5,anon_64941084-f829-4939-8305-bb3433681a53,2026-05-03T13:43:53.109517+00:00,2026-05-03 13:43:53.109517+00:00,left,notchParam,notchParam::lvl-73.txt,patternOccur,patternOccur::lvl-54.txt,LEFT,win,1.0,True,False,False,1,1,8.505,6,0,1,33,733.0,8.0,29.341002002841726,256.9950852238251,16,1,0,0,0,0,0,0,0,0
v_c778af22-8c6e-4006-ad72-63e94418d6a2,btl_3e366049-469b-4132-ab73-73d222f733e4,112c0f47-d1ce-4d53-869d-349673aec9e5,anon_64941084-f829-4939-8305-bb3433681a53,2026-05-03T13:43:53.109517+00:00,2026-05-03 13:43:53.109517+00:00,right,patternOccur,patternOccur::lvl-54.txt,notchParam,notchParam::lvl-73.txt,LEFT,loss,0.0,True,False,False,1,1,0.716,0,0,0,3,35.0,8.0,75.07477753694793,11.08552609887726,6,1,1,0,0,1,0,0,0,0
v_39dc82dd-094f-4e30-a116-69cb0eed7b1c,btl_eea0d20b-e0f4-4bad-859c-d008f90cdc13,112c0f47-d1ce-4d53-869d-349673aec9e5,anon_64941084-f829-4939-8305-bb3433681a53,2026-05-03T13:43:29.600624+00:00,2026-05-03 13:43:29.600624+00:00,left,patternOccur,patternOccur::lvl-97.txt,mariodpo,mariodpo::mariodpo_nintendo_0187.txt,RIGHT,loss,0.0,True,False,False,1,1,14.068,15,1,0,53,763.0,8.0,35.19653410232247,239.29502191138442,38,1,0,0,0,0,0,0,0,0
v_39dc82dd-094f-4e30-a116-69cb0eed7b1c,btl_eea0d20b-e0f4-4bad-859c-d008f90cdc13,112c0f47-d1ce-4d53-869d-349673aec9e5,anon_64941084-f829-4939-8305-bb3433681a53,2026-05-03T13:43:29.600624+00:00,2026-05-03 13:43:29.600624+00:00,right,mariodpo,mariodpo::mariodpo_nintendo_0187.txt,patternOccur,patternOccur::lvl-97.txt,RIGHT,win,1.0,True,False,False,1,1,48.606,36,9,0,183,2215.0,40.0,51.92818689407061,520.7444160165197,91,1,2,1,0,0,0,1,0,0
v_97138801-80dd-4402-b6bf-7659b63f306f,btl_56bd75d9-26c6-49aa-a3f5-729405a5b182,112c0f47-d1ce-4d53-869d-349673aec9e5,anon_64941084-f829-4939-8305-bb3433681a53,2026-05-03T13:42:17.652921+00:00,2026-05-03 13:42:17.652921+00:00,left,hopper,hopper::lvl-67.txt,notch,notch::lvl-65.txt,RIGHT,loss,0.0,True,False,True,0,0,26.449,19,1,4,99,3140.0,8.0,42.542348827142014,981.7719480322643,61,0,0,0,0,0,0,0,0,0
v_97138801-80dd-4402-b6bf-7659b63f306f,btl_56bd75d9-26c6-49aa-a3f5-729405a5b182,112c0f47-d1ce-4d53-869d-349673aec9e5,anon_64941084-f829-4939-8305-bb3433681a53,2026-05-03T13:42:17.652921+00:00,2026-05-03 13:42:17.652921+00:00,right,notch,notch::lvl-65.txt,hopper,hopper::lvl-67.txt,RIGHT,win,1.0,True,False,True,0,0,37.414,37,2,0,141,2283.0,8.0,34.60732027140191,642.6365251333298,77,0,1,1,0,0,0,0,0,0
v_c064b539-73e1-46ff-9a6b-f7605862a306,btl_484ba936-2b5d-4b2c-9f26-aa353fad7358,112c0f47-d1ce-4d53-869d-349673aec9e5,anon_64941084-f829-4939-8305-bb3433681a53,2026-05-03T13:41:04.894363+00:00,2026-05-03 13:41:04.894363+00:00,left,genetic,genetic::lvl-61.txt,mariogan,mariogan::level_41.txt,LEFT,win,1.0,True,False,False,1,1,2.779,1,0,0,11,395.0,8.0,15.811388300841896,133.3483600347861,3,1,0,0,0,0,0,0,0,0
v_c064b539-73e1-46ff-9a6b-f7605862a306,btl_484ba936-2b5d-4b2c-9f26-aa353fad7358,112c0f47-d1ce-4d53-869d-349673aec9e5,anon_64941084-f829-4939-8305-bb3433681a53,2026-05-03T13:41:04.894363+00:00,2026-05-03 13:41:04.894363+00:00,right,mariogan,mariogan::level_41.txt,genetic,genetic::lvl-61.txt,LEFT,loss,0.0,True,False,False,1,1,2.182,0,0,0,9,369.0,8.0,0.0,130.96649274613037,2,1,0,0,0,0,0,0,0,0
v_2e3218e9-6549-421f-81d8-86f4bcba1d21,btl_6eb40f89-0928-4eb3-96cc-6741690a89b1,7beec95e-b422-4fcb-addc-03f96b1c68c5,anon_7f556d66-9db3-4f99-890e-799fd9038dfc,2026-04-25T16:15:52.251023+00:00,2026-04-25 16:15:52.251023+00:00,left,hopper,hopper::lvl-73.txt,ore,ore::lvl-22.txt,RIGHT,loss,0.0,True,False,True,0,0,11.218,15,0,1,43,3137.0,8.0,50.199580044742106,956.876871219008,43,0,0,0,0,0,0,0,0,0
v_2e3218e9-6549-421f-81d8-86f4bcba1d21,btl_6eb40f89-0928-4eb3-96cc-6741690a89b1,7beec95e-b422-4fcb-addc-03f96b1c68c5,anon_7f556d66-9db3-4f99-890e-799fd9038dfc,2026-04-25T16:15:52.251023+00:00,2026-04-25 16:15:52.251023+00:00,right,ore,ore::lvl-22.txt,hopper,hopper::lvl-73.txt,RIGHT,win,1.0,True,False,False,1,1,12.07,14,1,1,45,849.0,8.0,38.027709195620325,222.66842536453387,34,1,0,0,0,0,0,0,0,0
v_00502e23-43e8-4c71-8381-2cd1215a5ab5,btl_202d0bc1-5fa1-4b0d-b7d8-6f69054adb17,7beec95e-b422-4fcb-addc-03f96b1c68c5,anon_7f556d66-9db3-4f99-890e-799fd9038dfc,2026-04-25T16:15:25.899536+00:00,2026-04-25 16:15:25.899536+00:00,left,mariogan,mariogan::level_14.txt,patternOccur,patternOccur::lvl-30.txt,LEFT,win,1.0,True,False,False,1,1,1.383,1,0,1,6,52.0,8.0,7.951240294584376,19.728715675943587,5,1,0,0,0,0,0,0,0,0
v_00502e23-43e8-4c71-8381-2cd1215a5ab5,btl_202d0bc1-5fa1-4b0d-b7d8-6f69054adb17,7beec95e-b422-4fcb-addc-03f96b1c68c5,anon_7f556d66-9db3-4f99-890e-799fd9038dfc,2026-04-25T16:15:25.899536+00:00,2026-04-25 16:15:25.899536+00:00,right,patternOccur,patternOccur::lvl-30.txt,mariogan,mariogan::level_14.txt,LEFT,loss,0.0,True,False,False,1,1,2.203,2,0,0,9,75.0,0.0,30.765942369388643,27.37440455409684,8,1,0,0,0,0,0,0,0,0
v_a28b8659-16d8-4b21-9bdc-de7366b024b4,btl_a8a36fe4-0622-44e3-96d9-67a6e012fc6c,e003ece7-0621-485e-bfad-18aa3d0873ee,anon_64941084-f829-4939-8305-bb3433681a53,2026-04-20T16:57:04.726625+00:00,2026-04-20 16:57:04.726625+00:00,left,mariogan,mariogan::level_59.txt,marioDiffusion,marioDiffusion::level_31.txt,RIGHT,loss,0.0,True,False,False,1,1,4.247,4,0,0,17,523.0,8.0,27.5829042886448,193.57112012568615,10,1,0,0,0,0,0,0,0,0
v_a28b8659-16d8-4b21-9bdc-de7366b024b4,btl_a8a36fe4-0622-44e3-96d9-67a6e012fc6c,e003ece7-0621-485e-bfad-18aa3d0873ee,anon_64941084-f829-4939-8305-bb3433681a53,2026-04-20T16:57:04.726625+00:00,2026-04-20 16:57:04.726625+00:00,right,marioDiffusion,marioDiffusion::level_31.txt,mariogan,mariogan::level_59.txt,RIGHT,win,1.0,True,False,False,1,1,13.777,14,0,0,52,1189.0,8.0,54.65354503787564,355.7922154737452,28,1,1,0,0,1,0,0,0,0
v_b29d10d0-9d7f-499f-85ff-5a457fce3537,btl_2ebb7f8d-91ee-400f-a160-68dc1f37b697,e003ece7-0621-485e-bfad-18aa3d0873ee,anon_64941084-f829-4939-8305-bb3433681a53,2026-04-20T16:56:36.739390+00:00,2026-04-20 16:56:36.739390+00:00,left,genetic,genetic::lvl-56.txt,notchParamRand,notchParamRand::lvl-43.txt,TIE,tie,0.5,True,False,False,1,1,2.981,2,0,0,12,303.0,8.0,27.322533435487518,109.29429562221239,6,1,1,0,0,1,0,0,0,0
v_b29d10d0-9d7f-499f-85ff-5a457fce3537,btl_2ebb7f8d-91ee-400f-a160-68dc1f37b697,e003ece7-0621-485e-bfad-18aa3d0873ee,anon_64941084-f829-4939-8305-bb3433681a53,2026-04-20T16:56:36.739390+00:00,2026-04-20 16:56:36.739390+00:00,right,notchParamRand,notchParamRand::lvl-43.txt,genetic,genetic::lvl-56.txt,TIE,tie,0.5,True,False,True,0,0,20.416,19,4,0,75,3084.0,8.0,17.839531633114387,857.4512066195566,51,0,1,0,0,0,1,0,0,0
v_8e239290-bba7-485e-9663-e5de9cbd49ca,btl_6701093d-7409-4205-972f-df34b4a398bf,e003ece7-0621-485e-bfad-18aa3d0873ee,anon_64941084-f829-4939-8305-bb3433681a53,2026-04-20T16:56:00.829538+00:00,2026-04-20 16:56:00.829538+00:00,left,ore,ore::lvl-77.txt,mariogan,mariogan::level_49.txt,LEFT,win,1.0,True,False,True,0,0,79.144,84,7,2,297,3022.0,8.0,44.64385704711981,964.250152705744,189,0,0,0,0,0,0,0,0,0
v_8e239290-bba7-485e-9663-e5de9cbd49ca,btl_6701093d-7409-4205-972f-df34b4a398bf,e003ece7-0621-485e-bfad-18aa3d0873ee,anon_64941084-f829-4939-8305-bb3433681a53,2026-04-20T16:56:00.829538+00:00,2026-04-20 16:56:00.829538+00:00,right,mariogan,mariogan::level_49.txt,ore,ore::lvl-77.txt,LEFT,loss,0.0,True,False,False,1,1,14.979,12,0,1,57,1419.0,8.0,25.79700331660558,422.58922103903814,27,1,2,0,1,0,0,0,0,1
v_fa61c9e1-dfac-4670-9eb8-532732792041,btl_f06e6001-4ff8-41ca-a687-05ed87bfc303,e003ece7-0621-485e-bfad-18aa3d0873ee,anon_64941084-f829-4939-8305-bb3433681a53,2026-04-20T16:54:05.463697+00:00,2026-04-20 16:54:05.463697+00:00,left,notchParam,notchParam::lvl-19.txt,patternWeightCount,patternWeightCount::lvl-7.txt,LEFT,win,1.0,True,False,True,0,0,24.474,20,0,1,92,3060.0,8.0,30.110751774088204,850.2177064688753,42,0,1,0,0,0,1,0,0,0
v_fa61c9e1-dfac-4670-9eb8-532732792041,btl_f06e6001-4ff8-41ca-a687-05ed87bfc303,e003ece7-0621-485e-bfad-18aa3d0873ee,anon_64941084-f829-4939-8305-bb3433681a53,2026-04-20T16:54:05.463697+00:00,2026-04-20 16:54:05.463697+00:00,right,patternWeightCount,patternWeightCount::lvl-7.txt,notchParam,notchParam::lvl-19.txt,LEFT,loss,0.0,True,False,False,1,1,12.076,13,0,0,45,552.0,8.0,37.76289903079313,176.04784142140397,34,1,1,0,0,1,0,0,0,0
v_6aef3ed1-e540-438e-a476-5517ffbd47a8,btl_d064f00b-f5e9-43e3-bbb7-686d98f053e1,e003ece7-0621-485e-bfad-18aa3d0873ee,anon_64941084-f829-4939-8305-bb3433681a53,2026-04-20T16:53:16.071148+00:00,2026-04-20 16:53:16.071148+00:00,left,patternOccur,patternOccur::lvl-55.txt,notchParamRand,notchParamRand::lvl-67.txt,RIGHT,loss,0.0,True,False,False,1,1,3.076,2,0,0,12,108.0,8.0,28.06676068867862,35.028857151402086,8,1,1,0,0,1,0,0,0,0
v_6aef3ed1-e540-438e-a476-5517ffbd47a8,btl_d064f00b-f5e9-43e3-bbb7-686d98f053e1,e003ece7-0621-485e-bfad-18aa3d0873ee,anon_64941084-f829-4939-8305-bb3433681a53,2026-04-20T16:53:16.071148+00:00,2026-04-20 16:53:16.071148+00:00,right,notchParamRand,notchParamRand::lvl-67.txt,patternOccur,patternOccur::lvl-55.txt,RIGHT,win,1.0,True,False,True,0,0,42.835,45,13,4,159,3091.0,8.0,24.731170411472338,822.2709611093194,119,0,2,0,1,0,1,0,0,0
v_9d53fcd7-4c02-4b19-a223-8d2c85f26f21,btl_1cc1591e-557a-43f2-9fd6-04749916a78b,e003ece7-0621-485e-bfad-18aa3d0873ee,anon_64941084-f829-4939-8305-bb3433681a53,2026-04-20T16:52:19.709246+00:00,2026-04-20 16:52:19.709246+00:00,left,marioDiffusion,marioDiffusion::level_7.txt,notchParam,notchParam::lvl-30.txt,TIE,tie,0.5,True,False,False,1,1,0.775,0,0,0,3,8.0,8.0,75.07477753694793,0.0,1,1,1,0,0,0,0,0,1,0
v_9d53fcd7-4c02-4b19-a223-8d2c85f26f21,btl_1cc1591e-557a-43f2-9fd6-04749916a78b,e003ece7-0621-485e-bfad-18aa3d0873ee,anon_64941084-f829-4939-8305-bb3433681a53,2026-04-20T16:52:19.709246+00:00,2026-04-20 16:52:19.709246+00:00,right,notchParam,notchParam::lvl-30.txt,marioDiffusion,marioDiffusion::level_7.txt,TIE,tie,0.5,True,False,False,1,1,17.213,8,0,0,65,2215.0,8.0,31.772802928246033,687.847798631965,18,1,1,0,1,0,0,0,0,0
v_8f96ce20-7de1-4998-b320-7bf8e957ed02,btl_88858c04-d0d8-4dcd-81be-6799df262845,e003ece7-0621-485e-bfad-18aa3d0873ee,anon_64941084-f829-4939-8305-bb3433681a53,2026-04-20T16:51:45.011547+00:00,2026-04-20 16:51:45.011547+00:00,left,patternOccur,patternOccur::lvl-30.txt,mariogpt,mariogpt::level_094.txt,RIGHT,loss,0.0,True,False,False,1,1,12.208,9,1,0,46,519.0,8.0,34.95423013254319,143.64997136168083,33,1,1,0,1,0,0,0,0,0
v_8f96ce20-7de1-4998-b320-7bf8e957ed02,btl_88858c04-d0d8-4dcd-81be-6799df262845,e003ece7-0621-485e-bfad-18aa3d0873ee,anon_64941084-f829-4939-8305-bb3433681a53,2026-04-20T16:51:45.011547+00:00,2026-04-20 16:51:45.011547+00:00,right,mariogpt,mariogpt::level_094.txt,patternOccur,patternOccur::lvl-30.txt,RIGHT,win,1.0,True,False,False,1,1,0.848,0,0,0,4,24.0,8.0,0.0,5.889609494694874,2,1,0,0,0,0,0,0,0,0
v_4147aa4f-37c6-4d94-ba5d-95b9ce384a77,btl_c10a75e3-7ae5-4ccd-bca7-fde95dcc578c,9434b508-0a65-4290-b91c-34b2ac8f93f4,anon_7fd917a4-994c-4a2c-8ff4-d9f9e44d2530,2026-04-15T16:43:54.845231+00:00,2026-04-15 16:43:54.845231+00:00,left,hopper,hopper::lvl-71.txt,patternWeightCount,patternWeightCount::lvl-99.txt,LEFT,win,1.0,True,False,False,1,1,12.018,5,0,2,46,957.0,8.0,28.96285346624832,263.99623715597573,17,1,0,0,0,0,0,0,0,0
v_4147aa4f-37c6-4d94-ba5d-95b9ce384a77,btl_c10a75e3-7ae5-4ccd-bca7-fde95dcc578c,9434b508-0a65-4290-b91c-34b2ac8f93f4,anon_7fd917a4-994c-4a2c-8ff4-d9f9e44d2530,2026-04-15T16:43:54.845231+00:00,2026-04-15 16:43:54.845231+00:00,right,patternWeightCount,patternWeightCount::lvl-99.txt,hopper,hopper::lvl-71.txt,LEFT,loss,0.0,True,False,False,1,1,11.984,15,1,0,44,929.0,8.0,32.59495822443853,292.7452731266835,41,1,0,0,0,0,0,0,0,0
v_4c579da2-26ed-41bb-a9fd-a8007c4749ec,btl_bd3a2b5d-0d32-4438-a234-51126eac832f,77fe0301-e9df-4719-beae-30e33777b294,anon_a9445e2d-8170-40b8-bfa3-9fdf5b9366fb,2026-04-11T11:49:41.897776+00:00,2026-04-11 11:49:41.897776+00:00,left,patternWeightCount,patternWeightCount::lvl-55.txt,hopper,hopper::lvl-18.txt,RIGHT,loss,0.0,True,False,False,1,1,26.443,26,0,0,100,1851.0,8.0,38.105709545946,536.0857300842841,59,1,0,0,0,0,0,0,0,0
v_4c579da2-26ed-41bb-a9fd-a8007c4749ec,btl_bd3a2b5d-0d32-4438-a234-51126eac832f,77fe0301-e9df-4719-beae-30e33777b294,anon_a9445e2d-8170-40b8-bfa3-9fdf5b9366fb,2026-04-11T11:49:41.897776+00:00,2026-04-11 11:49:41.897776+00:00,right,hopper,hopper::lvl-18.txt,patternWeightCount,patternWeightCount::lvl-55.txt,RIGHT,win,1.0,True,False,True,0,0,15.549,16,0,4,59,3117.0,8.0,36.143717088528426,861.1503233147021,53,0,0,0,0,0,0,0,0,0
v_98a0bf27-6680-4069-81c1-b817cdf3ebff,btl_bea3cc0c-9ad9-44d5-82d5-98c622ed151b,77fe0301-e9df-4719-beae-30e33777b294,anon_a9445e2d-8170-40b8-bfa3-9fdf5b9366fb,2026-04-11T11:48:56.691991+00:00,2026-04-11 11:48:56.691991+00:00,left,mariogan,mariogan::level_79.txt,ore,ore::lvl-76.txt,LEFT,win,1.0,True,False,False,1,1,10.709,9,0,0,41,1123.0,8.0,46.47367532821985,320.0129180170684,18,1,0,0,0,0,0,0,0,0
v_98a0bf27-6680-4069-81c1-b817cdf3ebff,btl_bea3cc0c-9ad9-44d5-82d5-98c622ed151b,77fe0301-e9df-4719-beae-30e33777b294,anon_a9445e2d-8170-40b8-bfa3-9fdf5b9366fb,2026-04-11T11:48:56.691991+00:00,2026-04-11 11:48:56.691991+00:00,right,ore,ore::lvl-76.txt,mariogan,mariogan::level_79.txt,LEFT,loss,0.0,True,False,False,1,1,13.548,12,1,0,51,842.0,8.0,54.32219088838615,208.2116156546087,31,1,0,0,0,0,0,0,0,0
v_16f266a1-2b1c-4211-9ea2-1986cfbc2695,btl_0036c7d2-ebeb-4fd9-8356-c87555936f9d,95b32c22-7dd0-48d0-8508-0b41ab1d9bf0,anon_a9445e2d-8170-40b8-bfa3-9fdf5b9366fb,2026-04-11T11:47:54.781601+00:00,2026-04-11 11:47:54.781601+00:00,left,original,original::lvl-5.txt,mariogpt,mariogpt::level_052.txt,TIE,tie,0.5,True,False,False,1,1,23.647,16,2,0,87,1516.0,24.0,44.94304612101871,357.5009201580594,47,1,1,1,0,0,0,0,0,0
v_16f266a1-2b1c-4211-9ea2-1986cfbc2695,btl_0036c7d2-ebeb-4fd9-8356-c87555936f9d,95b32c22-7dd0-48d0-8508-0b41ab1d9bf0,anon_a9445e2d-8170-40b8-bfa3-9fdf5b9366fb,2026-04-11T11:47:54.781601+00:00,2026-04-11 11:47:54.781601+00:00,right,mariogpt,mariogpt::level_052.txt,original,original::lvl-5.txt,TIE,tie,0.5,True,False,True,0,0,22.015,20,0,3,83,2353.0,8.0,56.788013717329875,677.1626374994411,51,0,1,0,0,0,0,1,0,0
v_5ca08d66-cabe-42e7-8474-44c5d7c2a54d,btl_61c4f599-aa91-4562-862f-5c2b468e3cde,95b32c22-7dd0-48d0-8508-0b41ab1d9bf0,anon_a9445e2d-8170-40b8-bfa3-9fdf5b9366fb,2026-04-11T11:46:53.057954+00:00,2026-04-11 11:46:53.057954+00:00,left,genetic,genetic::lvl-6.txt,patternCount,patternCount::lvl-65.txt,LEFT,win,1.0,True,False,False,1,1,10.749,9,0,0,41,1480.0,8.0,40.841097450093315,444.07113251337034,20,1,0,0,0,0,0,0,0,0
v_5ca08d66-cabe-42e7-8474-44c5d7c2a54d,btl_61c4f599-aa91-4562-862f-5c2b468e3cde,95b32c22-7dd0-48d0-8508-0b41ab1d9bf0,anon_a9445e2d-8170-40b8-bfa3-9fdf5b9366fb,2026-04-11T11:46:53.057954+00:00,2026-04-11 11:46:53.057954+00:00,right,patternCount,patternCount::lvl-65.txt,genetic,genetic::lvl-6.txt,LEFT,loss,0.0,True,False,False,1,1,11.849,12,0,0,45,811.0,3.0,40.24425424827748,282.54080531255426,41,1,0,0,0,0,0,0,0,0
v_ddfaceb0-e669-473c-9a16-8405259ce835,btl_ad01c9fc-d666-427f-962a-18d71118625e,95b32c22-7dd0-48d0-8508-0b41ab1d9bf0,anon_a9445e2d-8170-40b8-bfa3-9fdf5b9366fb,2026-04-11T11:46:26.581999+00:00,2026-04-11 11:46:26.581999+00:00,left,notchParam,notchParam::lvl-28.txt,notch,notch::lvl-16.txt,TIE,tie,0.5,True,False,True,0,0,106.716,22,0,1,267,3088.0,8.0,23.501156710523748,701.9979605275836,46,0,0,0,0,0,0,0,0,0
v_ddfaceb0-e669-473c-9a16-8405259ce835,btl_ad01c9fc-d666-427f-962a-18d71118625e,95b32c22-7dd0-48d0-8508-0b41ab1d9bf0,anon_a9445e2d-8170-40b8-bfa3-9fdf5b9366fb,2026-04-11T11:46:26.581999+00:00,2026-04-11 11:46:26.581999+00:00,right,notch,notch::lvl-16.txt,notchParam,notchParam::lvl-28.txt,TIE,tie,0.5,True,False,False,1,1,3.445,3,0,0,14,656.0,8.0,28.60498029992651,215.1186312484441,8,1,0,0,0,0,0,0,0,0
v_4246c1e4-f33c-4e3c-8296-13526e015029,btl_df16e5cc-1f9f-4d5a-8b17-65654ce4dc6f,a9736245-5fb9-4d79-9b04-b26463484bc3,anon_376d7289-fc63-4549-9336-2b8703819566,2026-04-01T18:10:06.386432+00:00,2026-04-01 18:10:06.386432+00:00,left,marioDiffusion,marioDiffusion::level_1.txt,mariogan,mariogan::level_82.txt,RIGHT,loss,0.0,True,False,False,1,1,0.717,0,0,0,3,8.0,8.0,75.07477753694793,0.0,1,1,0,0,0,0,0,0,0,0
v_4246c1e4-f33c-4e3c-8296-13526e015029,btl_df16e5cc-1f9f-4d5a-8b17-65654ce4dc6f,a9736245-5fb9-4d79-9b04-b26463484bc3,anon_376d7289-fc63-4549-9336-2b8703819566,2026-04-01T18:10:06.386432+00:00,2026-04-01 18:10:06.386432+00:00,right,mariogan,mariogan::level_82.txt,marioDiffusion,marioDiffusion::level_1.txt,RIGHT,win,1.0,True,False,False,1,1,5.413,6,0,0,21,879.0,8.0,23.28683413413961,308.71008789371774,14,1,0,0,0,0,0,0,0,0
v_e6bd1f81-402a-408b-8a32-1854f974a3f4,btl_5e96a2db-044c-427e-91f0-c865ebb2a5eb,a9736245-5fb9-4d79-9b04-b26463484bc3,anon_376d7289-fc63-4549-9336-2b8703819566,2026-04-01T18:09:57.733171+00:00,2026-04-01 18:09:57.733171+00:00,left,original,original::lvl-9.txt,notch,notch::lvl-63.txt,LEFT,win,1.0,True,False,False,1,1,3.511,3,0,1,14,731.0,24.0,27.739035340700894,244.54173092391676,7,1,0,0,0,0,0,0,0,0
v_e6bd1f81-402a-408b-8a32-1854f974a3f4,btl_5e96a2db-044c-427e-91f0-c865ebb2a5eb,a9736245-5fb9-4d79-9b04-b26463484bc3,anon_376d7289-fc63-4549-9336-2b8703819566,2026-04-01T18:09:57.733171+00:00,2026-04-01 18:09:57.733171+00:00,right,notch,notch::lvl-63.txt,original,original::lvl-9.txt,LEFT,loss,0.0,True,False,False,1,1,3.182,3,0,0,13,764.0,8.0,47.71847917146847,267.3037852509153,7,1,0,0,0,0,0,0,0,0
v_39c85800-3802-46ab-a4e5-56a1122d09d4,btl_a4af15d5-282b-4e32-9440-6944dcbfaa15,a9736245-5fb9-4d79-9b04-b26463484bc3,anon_376d7289-fc63-4549-9336-2b8703819566,2026-04-01T18:09:49.716894+00:00,2026-04-01 18:09:49.716894+00:00,left,marioDiffusion,marioDiffusion::level_53.txt,genetic,genetic::lvl-28.txt,LEFT,win,1.0,True,False,False,1,1,2.704,2,0,0,11,117.0,8.0,25.223627910328,32.31968414868986,4,1,0,0,0,0,0,0,0,0
v_39c85800-3802-46ab-a4e5-56a1122d09d4,btl_a4af15d5-282b-4e32-9440-6944dcbfaa15,a9736245-5fb9-4d79-9b04-b26463484bc3,anon_376d7289-fc63-4549-9336-2b8703819566,2026-04-01T18:09:49.716894+00:00,2026-04-01 18:09:49.716894+00:00,right,genetic,genetic::lvl-28.txt,marioDiffusion,marioDiffusion::level_53.txt,LEFT,loss,0.0,True,False,False,1,1,3.148,1,0,0,12,694.0,8.0,17.520622769246025,239.2990197082582,2,1,0,0,0,0,0,0,0,0
v_2b4215f2-6cca-4119-afca-74c356e4f9a4,btl_8990f918-69e7-4b56-a947-18c37a123000,a9736245-5fb9-4d79-9b04-b26463484bc3,anon_376d7289-fc63-4549-9336-2b8703819566,2026-04-01T18:09:41.405898+00:00,2026-04-01 18:09:41.405898+00:00,left,mariogpt,mariogpt::level_065.txt,original,original::lvl-6.txt,TIE,tie,0.5,True,False,False,1,1,26.379,18,1,4,100,1180.0,8.0,25.374418219931666,362.3634341376072,53,1,2,1,0,0,0,0,1,0
v_2b4215f2-6cca-4119-afca-74c356e4f9a4,btl_8990f918-69e7-4b56-a947-18c37a123000,a9736245-5fb9-4d79-9b04-b26463484bc3,anon_376d7289-fc63-4549-9336-2b8703819566,2026-04-01T18:09:41.405898+00:00,2026-04-01 18:09:41.405898+00:00,right,original,original::lvl-6.txt,mariogpt,mariogpt::level_065.txt,TIE,tie,0.5,True,False,True,0,0,19.28,26,11,1,73,2347.0,24.0,62.23775079740398,707.148215182692,65,0,2,1,0,0,0,1,0,0
v_fbe22377-31fd-4f2b-9487-c7ee5e896add,btl_285c1352-4b20-43da-9190-ed498c025df9,a9736245-5fb9-4d79-9b04-b26463484bc3,anon_376d7289-fc63-4549-9336-2b8703819566,2026-04-01T17:46:38.570999+00:00,2026-04-01 17:46:38.570999+00:00,left,notch,notch::lvl-84.txt,mariogan,mariogan::level_13.txt,RIGHT,loss,0.0,True,False,False,1,1,12.982,16,0,1,49,1591.0,8.0,32.331812596717405,443.5655624180774,35,1,0,0,0,0,0,0,0,0
v_fbe22377-31fd-4f2b-9487-c7ee5e896add,btl_285c1352-4b20-43da-9190-ed498c025df9,a9736245-5fb9-4d79-9b04-b26463484bc3,anon_376d7289-fc63-4549-9336-2b8703819566,2026-04-01T17:46:38.570999+00:00,2026-04-01 17:46:38.570999+00:00,right,mariogan,mariogan::level_13.txt,notch,notch::lvl-84.txt,RIGHT,win,1.0,True,False,True,0,0,15.679,21,0,1,59,2596.0,8.0,48.69829847780851,736.05243379231,44,0,0,0,0,0,0,0,0,0
v_1c62c109-faac-4c07-8789-4e23d02ec2f4,btl_0e784af2-81fe-44fb-be5a-fbac56c31045,a9736245-5fb9-4d79-9b04-b26463484bc3,anon_376d7289-fc63-4549-9336-2b8703819566,2026-04-01T17:46:05.366954+00:00,2026-04-01 17:46:05.366954+00:00,left,patternCount,patternCount::lvl-1.txt,patternWeightCount,patternWeightCount::lvl-32.txt,TIE,tie,0.5,True,False,False,1,1,0.71,0,0,0,3,8.0,8.0,75.07477753694793,0.0,4,1,0,0,0,0,0,0,0,0
v_1c62c109-faac-4c07-8789-4e23d02ec2f4,btl_0e784af2-81fe-44fb-be5a-fbac56c31045,a9736245-5fb9-4d79-9b04-b26463484bc3,anon_376d7289-fc63-4549-9336-2b8703819566,2026-04-01T17:46:05.366954+00:00,2026-04-01 17:46:05.366954+00:00,right,patternWeightCount,patternWeightCount::lvl-32.txt,patternCount,patternCount::lvl-1.txt,TIE,tie,0.5,True,False,False,1,1,7.347,9,0,0,28,907.0,8.0,54.66549484391971,269.6716540914305,24,1,0,0,0,0,0,0,0,0
v_d0810f31-24e6-4be6-af92-67c24505a4c0,btl_56581b03-9cf6-48c7-b414-e46ad9559c71,a9736245-5fb9-4d79-9b04-b26463484bc3,anon_376d7289-fc63-4549-9336-2b8703819566,2026-04-01T17:45:55.465353+00:00,2026-04-01 17:45:55.465353+00:00,left,notchParamRand,notchParamRand::lvl-11.txt,patternOccur,patternOccur::lvl-16.txt,RIGHT,loss,0.0,True,False,False,1,1,7.351,7,0,0,28,1582.0,7.0,33.74574803147919,527.0353016484507,14,1,0,0,0,0,0,0,0,0
v_d0810f31-24e6-4be6-af92-67c24505a4c0,btl_56581b03-9cf6-48c7-b414-e46ad9559c71,a9736245-5fb9-4d79-9b04-b26463484bc3,anon_376d7289-fc63-4549-9336-2b8703819566,2026-04-01T17:45:55.465353+00:00,2026-04-01 17:45:55.465353+00:00,right,patternOccur,patternOccur::lvl-16.txt,notchParamRand,notchParamRand::lvl-11.txt,RIGHT,win,1.0,False,True,False,0,0,0.0,0,0,0,0,,,,,0,0,0,0,0,0,0,0,0,0
v_8ba9489c-23be-4805-bb0a-a9b9e2064e72,btl_ef842e76-f7ca-4f48-b9b6-39ad8caab98f,8785441c-5a51-46b2-a08c-3a2a3999c6ef,anon_3671cb82-b46b-414a-916a-69c2c19e992e,2026-03-30T10:27:09.468987+00:00,2026-03-30 10:27:09.468987+00:00,left,marioDiffusion,marioDiffusion::level_82.txt,ore,ore::lvl-18.txt,LEFT,win,1.0,True,False,False,1,1,18.315,12,0,0,69,916.0,8.0,42.09116340215537,285.35440844027465,27,1,0,0,0,0,0,0,0,0
v_8ba9489c-23be-4805-bb0a-a9b9e2064e72,btl_ef842e76-f7ca-4f48-b9b6-39ad8caab98f,8785441c-5a51-46b2-a08c-3a2a3999c6ef,anon_3671cb82-b46b-414a-916a-69c2c19e992e,2026-03-30T10:27:09.468987+00:00,2026-03-30 10:27:09.468987+00:00,right,ore,ore::lvl-18.txt,marioDiffusion,marioDiffusion::level_82.txt,LEFT,loss,0.0,True,False,False,1,1,5.98,2,0,0,23,109.0,8.0,21.631035604502422,34.711122191319575,4,1,0,0,0,0,0,0,0,0
v_fb5a57c2-9a9a-435e-8171-1725cc10182d,btl_e6e68706-e1bb-4db0-9457-0c6d78213a05,58043f9f-0046-49cb-a255-3c113546e1b6,anon_376d7289-fc63-4549-9336-2b8703819566,2026-03-29T19:40:32.401083+00:00,2026-03-29 19:40:32.401083+00:00,left,marioDiffusion,marioDiffusion::level_73.txt,notch,notch::lvl-97.txt,RIGHT,loss,0.0,True,False,False,1,1,3.013,1,0,0,12,252.0,0.0,19.187669651801563,74.91119742735394,2,1,0,0,0,0,0,0,0,0
v_fb5a57c2-9a9a-435e-8171-1725cc10182d,btl_e6e68706-e1bb-4db0-9457-0c6d78213a05,58043f9f-0046-49cb-a255-3c113546e1b6,anon_376d7289-fc63-4549-9336-2b8703819566,2026-03-29T19:40:32.401083+00:00,2026-03-29 19:40:32.401083+00:00,right,notch,notch::lvl-97.txt,marioDiffusion,marioDiffusion::level_73.txt,RIGHT,win,1.0,True,False,False,1,1,5.415,7,0,0,21,791.0,8.0,45.376330149853246,240.66809881421358,15,1,0,0,0,0,0,0,0,0
v_113ffa6a-8b47-4cc0-ad2f-36e38dc62c48,btl_06811c94-88a0-4049-86e0-7117776e1b38,58043f9f-0046-49cb-a255-3c113546e1b6,anon_376d7289-fc63-4549-9336-2b8703819566,2026-03-29T19:40:22.007206+00:00,2026-03-29 19:40:22.007206+00:00,left,patternCount,patternCount::lvl-71.txt,notchParam,notchParam::lvl-47.txt,LEFT,win,1.0,True,False,True,0,0,29.408,37,0,0,111,3151.0,8.0,34.149903243892844,918.0124366591598,124,0,0,0,0,0,0,0,0,0
v_113ffa6a-8b47-4cc0-ad2f-36e38dc62c48,btl_06811c94-88a0-4049-86e0-7117776e1b38,58043f9f-0046-49cb-a255-3c113546e1b6,anon_376d7289-fc63-4549-9336-2b8703819566,2026-03-29T19:40:22.007206+00:00,2026-03-29 19:40:22.007206+00:00,right,notchParam,notchParam::lvl-47.txt,patternCount,patternCount::lvl-71.txt,LEFT,loss,0.0,True,False,False,1,1,9.414,8,0,0,36,1971.0,8.0,35.672464049432094,553.8821986389668,17,1,0,0,0,0,0,0,0,0
v_7ab4ab3f-0982-4a5a-be8d-d151a418f3ed,btl_f0701b37-f99d-4401-ae16-db63be9032f6,58043f9f-0046-49cb-a255-3c113546e1b6,anon_376d7289-fc63-4549-9336-2b8703819566,2026-03-29T19:39:40.123730+00:00,2026-03-29 19:39:40.123730+00:00,left,mariodpo,mariodpo::mariodpo_nintendo_0144.txt,notch,notch::lvl-90.txt,LEFT,win,1.0,True,False,True,0,0,48.015,48,6,2,181,2438.0,40.0,55.267993287971855,597.6457202107589,108,0,0,0,0,0,0,0,0,0
v_7ab4ab3f-0982-4a5a-be8d-d151a418f3ed,btl_f0701b37-f99d-4401-ae16-db63be9032f6,58043f9f-0046-49cb-a255-3c113546e1b6,anon_376d7289-fc63-4549-9336-2b8703819566,2026-03-29T19:39:40.123730+00:00,2026-03-29 19:39:40.123730+00:00,right,notch,notch::lvl-90.txt,mariodpo,mariodpo::mariodpo_nintendo_0144.txt,LEFT,loss,0.0,True,False,False,1,1,11.647,12,0,1,44,1510.0,8.0,32.04284322048985,415.18284580958476,26,1,0,0,0,0,0,0,0,0
v_8231e11c-8cda-417f-810c-e9ac2fdbd1af,btl_7408e475-1f89-493a-95e1-49ff669ba56b,58043f9f-0046-49cb-a255-3c113546e1b6,anon_376d7289-fc63-4549-9336-2b8703819566,2026-03-29T19:38:38.019692+00:00,2026-03-29 19:38:38.019692+00:00,left,ore,ore::lvl-51.txt,genetic,genetic::lvl-99.txt,LEFT,win,1.0,True,False,False,1,1,1.803,1,1,0,7,73.0,8.0,9.00566714998542,26.248420749384803,5,1,0,0,0,0,0,0,0,0
v_8231e11c-8cda-417f-810c-e9ac2fdbd1af,btl_7408e475-1f89-493a-95e1-49ff669ba56b,58043f9f-0046-49cb-a255-3c113546e1b6,anon_376d7289-fc63-4549-9336-2b8703819566,2026-03-29T19:38:38.019692+00:00,2026-03-29 19:38:38.019692+00:00,right,genetic,genetic::lvl-99.txt,ore,ore::lvl-51.txt,LEFT,loss,0.0,True,False,True,0,0,7.781,5,0,0,30,2052.0,8.0,31.242492431515988,634.077991172134,10,0,0,0,0,0,0,0,0,0
v_051b5e38-b3b8-40fa-8eda-b9d1b4782125,btl_98e0c7ed-31be-4b7d-8ce7-abb7f2f87a75,58043f9f-0046-49cb-a255-3c113546e1b6,anon_376d7289-fc63-4549-9336-2b8703819566,2026-03-29T19:38:25.351141+00:00,2026-03-29 19:38:25.351141+00:00,left,ore,ore::lvl-32.txt,genetic,genetic::lvl-19.txt,LEFT,win,1.0,True,False,False,1,1,7.404,6,1,1,28,486.0,8.0,29.013082024690664,141.96961804900226,16,1,0,0,0,0,0,0,0,0
v_051b5e38-b3b8-40fa-8eda-b9d1b4782125,btl_98e0c7ed-31be-4b7d-8ce7-abb7f2f87a75,58043f9f-0046-49cb-a255-3c113546e1b6,anon_376d7289-fc63-4549-9336-2b8703819566,2026-03-29T19:38:25.351141+00:00,2026-03-29 19:38:25.351141+00:00,right,genetic,genetic::lvl-19.txt,ore,ore::lvl-32.txt,LEFT,loss,0.0,True,False,False,1,1,4.381,5,0,0,17,736.0,8.0,30.6092687864336,242.20239470327292,11,1,0,0,0,0,0,0,0,0
v_e0299f95-e13a-4a93-9165-a59e85d8a41e,btl_c5531fff-8926-46fa-b925-888e8bdaf34e,58043f9f-0046-49cb-a255-3c113546e1b6,anon_376d7289-fc63-4549-9336-2b8703819566,2026-03-29T19:38:11.185027+00:00,2026-03-29 19:38:11.185027+00:00,left,ore,ore::lvl-92.txt,patternOccur,patternOccur::lvl-88.txt,LEFT,win,1.0,True,False,False,1,1,12.136,5,0,0,46,460.0,8.0,22.974136851755187,129.1166659325979,13,1,0,0,0,0,0,0,0,0
v_e0299f95-e13a-4a93-9165-a59e85d8a41e,btl_c5531fff-8926-46fa-b925-888e8bdaf34e,58043f9f-0046-49cb-a255-3c113546e1b6,anon_376d7289-fc63-4549-9336-2b8703819566,2026-03-29T19:38:11.185027+00:00,2026-03-29 19:38:11.185027+00:00,right,patternOccur,patternOccur::lvl-88.txt,ore,ore::lvl-92.txt,LEFT,loss,0.0,True,False,False,1,1,1.949,2,0,0,8,107.0,8.0,49.198418419701255,35.103418636936205,10,1,0,0,0,0,0,0,0,0
v_21e26233-b8f7-471c-a670-c38e609563c3,btl_564ee0c3-86b8-40b1-b891-c03d23055357,58043f9f-0046-49cb-a255-3c113546e1b6,anon_376d7289-fc63-4549-9336-2b8703819566,2026-03-29T19:37:55.818631+00:00,2026-03-29 19:37:55.818631+00:00,left,notchParam,notchParam::lvl-100.txt,patternOccur,patternOccur::lvl-35.txt,LEFT,win,1.0,True,False,False,1,1,4.538,4,0,0,18,1212.0,8.0,31.797196863797,402.5793572562916,8,1,0,0,0,0,0,0,0,0
v_21e26233-b8f7-471c-a670-c38e609563c3,btl_564ee0c3-86b8-40b1-b891-c03d23055357,58043f9f-0046-49cb-a255-3c113546e1b6,anon_376d7289-fc63-4549-9336-2b8703819566,2026-03-29T19:37:55.818631+00:00,2026-03-29 19:37:55.818631+00:00,right,patternOccur,patternOccur::lvl-35.txt,notchParam,notchParam::lvl-100.txt,LEFT,loss,0.0,True,False,False,1,1,0.716,0,0,0,3,15.0,8.0,75.07477753694793,3.2998316455372216,3,1,0,0,0,0,0,0,0,0
v_54ad2ae7-aa1f-45a2-a57b-199b0a49f2bb,btl_f25f7fdf-260b-43cd-b3f4-671c067da4f2,58043f9f-0046-49cb-a255-3c113546e1b6,anon_376d7289-fc63-4549-9336-2b8703819566,2026-03-29T19:37:49.102697+00:00,2026-03-29 19:37:49.102697+00:00,left,notchParam,notchParam::lvl-95.txt,notchParamRand,notchParamRand::lvl-93.txt,LEFT,win,1.0,True,False,False,1,1,7.643,9,0,0,29,1177.0,8.0,42.39825899999525,360.6850134863197,21,1,0,0,0,0,0,0,0,0
v_54ad2ae7-aa1f-45a2-a57b-199b0a49f2bb,btl_f25f7fdf-260b-43cd-b3f4-671c067da4f2,58043f9f-0046-49cb-a255-3c113546e1b6,anon_376d7289-fc63-4549-9336-2b8703819566,2026-03-29T19:37:49.102697+00:00,2026-03-29 19:37:49.102697+00:00,right,notchParamRand,notchParamRand::lvl-93.txt,notchParam,notchParam::lvl-95.txt,LEFT,loss,0.0,True,False,False,1,1,8.981,11,0,0,34,2075.0,8.0,40.92672158617628,656.1075589358298,23,1,0,0,0,0,0,0,0,0
v_076f9734-9c20-4102-9a81-94acf61f701a,btl_a0d396c2-5fea-416c-ab46-8821c9a2d806,58043f9f-0046-49cb-a255-3c113546e1b6,anon_376d7289-fc63-4549-9336-2b8703819566,2026-03-29T19:37:31.246875+00:00,2026-03-29 19:37:31.246875+00:00,left,marioDiffusion,marioDiffusion::level_24.txt,hopper,hopper::lvl-15.txt,LEFT,win,1.0,True,False,False,1,1,2.509,1,0,0,10,331.0,8.0,19.412367192076292,125.35712983312915,2,1,0,0,0,0,0,0,0,0
v_076f9734-9c20-4102-9a81-94acf61f701a,btl_a0d396c2-5fea-416c-ab46-8821c9a2d806,58043f9f-0046-49cb-a255-3c113546e1b6,anon_376d7289-fc63-4549-9336-2b8703819566,2026-03-29T19:37:31.246875+00:00,2026-03-29 19:37:31.246875+00:00,right,hopper,hopper::lvl-15.txt,marioDiffusion,marioDiffusion::level_24.txt,LEFT,loss,0.0,True,False,False,1,1,3.781,4,0,1,15,940.0,8.0,32.31607786982958,325.59882609670996,11,1,0,0,0,0,0,0,0,0
v_ab585941-4497-4867-aebd-32d24e2ed430,btl_c6d3300a-c6d7-4536-add2-d70f21ad4fa1,5ae92f4a-93e4-4532-89f6-f50d56a997d0,anon_64e4cafb-01c2-4a94-b89d-7542388b8615,2026-03-28T14:05:24.525311+00:00,2026-03-28 14:05:24.525311+00:00,left,mariodpo,mariodpo::mariodpo_nintendo_0022.txt,patternCount,patternCount::lvl-46.txt,LEFT,win,1.0,True,False,False,1,1,7.206,6,0,0,28,705.0,40.0,24.542757358852533,227.11397783617684,14,1,0,0,0,0,0,0,0,0
v_ab585941-4497-4867-aebd-32d24e2ed430,btl_c6d3300a-c6d7-4536-add2-d70f21ad4fa1,5ae92f4a-93e4-4532-89f6-f50d56a997d0,anon_64e4cafb-01c2-4a94-b89d-7542388b8615,2026-03-28T14:05:24.525311+00:00,2026-03-28 14:05:24.525311+00:00,right,patternCount,patternCount::lvl-46.txt,mariodpo,mariodpo::mariodpo_nintendo_0022.txt,LEFT,loss,0.0,True,False,False,1,1,1.638,1,0,0,7,46.0,8.0,34.445461180224704,14.888702743615882,11,1,0,0,0,0,0,0,0,0
v_4683698d-22c1-45bc-a90e-38947bd4ff22,btl_6662e247-83f2-4b9a-adaf-e19b11ee07fa,c237b949-f073-453e-8d76-3e46db06dc74,anon_01f06b56-688b-42ca-9612-970ea110d6af,2026-03-28T13:55:30.050520+00:00,2026-03-28 13:55:30.050520+00:00,left,patternWeightCount,patternWeightCount::lvl-34.txt,hopper,hopper::lvl-85.txt,RIGHT,loss,0.0,True,False,False,1,1,4.133,3,0,0,16,215.0,8.0,37.87479372881125,77.57695272276425,13,1,0,0,0,0,0,0,0,0
v_4683698d-22c1-45bc-a90e-38947bd4ff22,btl_6662e247-83f2-4b9a-adaf-e19b11ee07fa,c237b949-f073-453e-8d76-3e46db06dc74,anon_01f06b56-688b-42ca-9612-970ea110d6af,2026-03-28T13:55:30.050520+00:00,2026-03-28 13:55:30.050520+00:00,right,hopper,hopper::lvl-85.txt,patternWeightCount,patternWeightCount::lvl-34.txt,RIGHT,win,1.0,True,False,False,1,1,4.933,5,0,2,19,1278.0,8.0,31.493304921008928,420.3796793283945,15,1,0,0,0,0,0,0,0,0
v_418dafd4-091b-4d9f-98f0-b6bfb2b15bbd,btl_7f093d7b-1c11-49a9-a8d6-e49efcb364da,c237b949-f073-453e-8d76-3e46db06dc74,anon_01f06b56-688b-42ca-9612-970ea110d6af,2026-03-28T13:55:17.193769+00:00,2026-03-28 13:55:17.193769+00:00,left,patternWeightCount,patternWeightCount::lvl-29.txt,notch,notch::lvl-84.txt,RIGHT,loss,0.0,True,False,False,1,1,0.716,0,0,0,3,8.0,8.0,75.07477753694793,0.0,3,1,0,0,0,0,0,0,0,0
v_418dafd4-091b-4d9f-98f0-b6bfb2b15bbd,btl_7f093d7b-1c11-49a9-a8d6-e49efcb364da,c237b949-f073-453e-8d76-3e46db06dc74,anon_01f06b56-688b-42ca-9612-970ea110d6af,2026-03-28T13:55:17.193769+00:00,2026-03-28 13:55:17.193769+00:00,right,notch,notch::lvl-84.txt,patternWeightCount,patternWeightCount::lvl-29.txt,RIGHT,win,1.0,True,False,False,1,1,11.083,10,1,0,40,1518.0,8.0,29.17961617293826,459.5497517951674,23,1,0,0,0,0,0,0,0,0
v_37c3e480-aaaa-47b2-8718-778c2c4ad869,btl_8fe5a159-fc53-4afb-b114-3127a6fae162,0c05b5d4-17da-4879-b6bd-1803bcc5c54c,anon_01f06b56-688b-42ca-9612-970ea110d6af,2026-03-28T13:54:42.189031+00:00,2026-03-28 13:54:42.189031+00:00,left,patternCount,patternCount::lvl-67.txt,notch,notch::lvl-22.txt,RIGHT,loss,0.0,True,False,False,1,1,0.767,0,0,0,3,8.0,8.0,75.07477753694793,0.0,2,1,0,0,0,0,0,0,0,0
v_37c3e480-aaaa-47b2-8718-778c2c4ad869,btl_8fe5a159-fc53-4afb-b114-3127a6fae162,0c05b5d4-17da-4879-b6bd-1803bcc5c54c,anon_01f06b56-688b-42ca-9612-970ea110d6af,2026-03-28T13:54:42.189031+00:00,2026-03-28 13:54:42.189031+00:00,right,notch,notch::lvl-22.txt,patternCount,patternCount::lvl-67.txt,RIGHT,win,1.0,True,False,False,1,1,6.033,3,0,3,23,426.0,8.0,30.544151315499356,131.9777004707617,13,1,0,0,0,0,0,0,0,0
v_9275f8b7-bd59-4bf1-948d-10935226b332,btl_00574b42-745f-4627-a3bd-564607e65968,8b836a93-37df-4663-b89d-e768c3c72ded,anon_67727a39-e98e-4154-9070-30f589713663,2026-03-28T12:26:03.381358+00:00,2026-03-28 12:26:03.381358+00:00,left,notchParamRand,notchParamRand::lvl-87.txt,patternCount,patternCount::lvl-92.txt,LEFT,win,1.0,True,False,True,0,0,16.733,22,0,0,63,3089.0,8.0,36.71369896387421,885.4620787874101,47,0,0,0,0,0,0,0,0,0
v_9275f8b7-bd59-4bf1-948d-10935226b332,btl_00574b42-745f-4627-a3bd-564607e65968,8b836a93-37df-4663-b89d-e768c3c72ded,anon_67727a39-e98e-4154-9070-30f589713663,2026-03-28T12:26:03.381358+00:00,2026-03-28 12:26:03.381358+00:00,right,patternCount,patternCount::lvl-92.txt,notchParamRand,notchParamRand::lvl-87.txt,LEFT,loss,0.0,True,False,False,1,1,3.951,6,1,0,15,395.0,8.0,34.3760898817122,134.7981206595008,17,1,0,0,0,0,0,0,0,0
v_6c660d45-8d9a-451f-9e7f-4507c79f1bda,btl_fd404d23-4b9c-438b-aff8-31b967a371ff,8b836a93-37df-4663-b89d-e768c3c72ded,anon_67727a39-e98e-4154-9070-30f589713663,2026-03-28T12:25:40.099747+00:00,2026-03-28 12:25:40.099747+00:00,left,patternCount,patternCount::lvl-34.txt,notchParam,notchParam::lvl-32.txt,TIE,tie,0.5,True,False,False,1,1,0.683,0,0,0,3,8.0,8.0,75.07477753694793,0.0,10,1,0,0,0,0,0,0,0,0
v_6c660d45-8d9a-451f-9e7f-4507c79f1bda,btl_fd404d23-4b9c-438b-aff8-31b967a371ff,8b836a93-37df-4663-b89d-e768c3c72ded,anon_67727a39-e98e-4154-9070-30f589713663,2026-03-28T12:25:40.099747+00:00,2026-03-28 12:25:40.099747+00:00,right,notchParam,notchParam::lvl-32.txt,patternCount,patternCount::lvl-34.txt,TIE,tie,0.5,True,False,False,1,1,4.583,2,0,0,18,1101.0,8.0,20.87920874996683,380.99112542724794,4,1,0,0,0,0,0,0,0,0
v_33a79877-eb9f-488b-b509-004cb6cba29e,btl_253bd988-2fe2-439e-8b29-3950745d0da3,8b836a93-37df-4663-b89d-e768c3c72ded,anon_67727a39-e98e-4154-9070-30f589713663,2026-03-28T12:25:31.997428+00:00,2026-03-28 12:25:31.997428+00:00,left,notchParamRand,notchParamRand::lvl-13.txt,mariogan,mariogan::level_99.txt,RIGHT,loss,0.0,True,False,True,0,0,16.0,22,0,0,61,3117.0,8.0,35.58463987454901,944.6320490767674,45,0,0,0,0,0,0,0,0,0
v_33a79877-eb9f-488b-b509-004cb6cba29e,btl_253bd988-2fe2-439e-8b29-3950745d0da3,8b836a93-37df-4663-b89d-e768c3c72ded,anon_67727a39-e98e-4154-9070-30f589713663,2026-03-28T12:25:31.997428+00:00,2026-03-28 12:25:31.997428+00:00,right,mariogan,mariogan::level_99.txt,notchParamRand,notchParamRand::lvl-13.txt,RIGHT,win,1.0,True,False,True,0,0,28.584,32,0,0,107,2650.0,8.0,55.85434403340102,598.4725873879559,74,0,0,0,0,0,0,0,0,0
v_5295a855-e411-47ba-9ff4-1074dc1a11c7,btl_ee69915c-9773-4151-a8ff-d0a91755300b,ac72b3d6-9828-4f51-bbb7-babbef3afabf,anon_64941084-f829-4939-8305-bb3433681a53,2026-03-27T22:32:03.742035+00:00,2026-03-27 22:32:03.742035+00:00,left,original,original::lvl-13.txt,patternOccur,patternOccur::lvl-68.txt,LEFT,win,1.0,True,False,False,1,1,22.915,17,11,0,85,1105.0,24.0,54.468156469667235,318.6420742587037,47,1,2,1,0,0,0,1,0,0
v_5295a855-e411-47ba-9ff4-1074dc1a11c7,btl_ee69915c-9773-4151-a8ff-d0a91755300b,ac72b3d6-9828-4f51-bbb7-babbef3afabf,anon_64941084-f829-4939-8305-bb3433681a53,2026-03-27T22:32:03.742035+00:00,2026-03-27 22:32:03.742035+00:00,right,patternOccur,patternOccur::lvl-68.txt,original,original::lvl-13.txt,LEFT,loss,0.0,True,False,False,1,1,2.935,3,1,0,12,276.0,8.0,42.00686121205545,92.82282256475985,12,1,0,0,0,0,0,0,0,0
v_3193cdb6-6c93-45a2-9b94-630ebcf7d621,btl_f89e0f40-f084-411d-855d-f32c503fe051,ac72b3d6-9828-4f51-bbb7-babbef3afabf,anon_64941084-f829-4939-8305-bb3433681a53,2026-03-27T22:31:25.171520+00:00,2026-03-27 22:31:25.171520+00:00,left,patternWeightCount,patternWeightCount::lvl-55.txt,ore,ore::lvl-50.txt,TIE,tie,0.5,True,False,False,1,1,10.805,12,1,0,41,732.0,8.0,29.059151145865616,245.62005936680976,29,1,0,0,0,0,0,0,0,0
v_3193cdb6-6c93-45a2-9b94-630ebcf7d621,btl_f89e0f40-f084-411d-855d-f32c503fe051,ac72b3d6-9828-4f51-bbb7-babbef3afabf,anon_64941084-f829-4939-8305-bb3433681a53,2026-03-27T22:31:25.171520+00:00,2026-03-27 22:31:25.171520+00:00,right,ore,ore::lvl-50.txt,patternWeightCount,patternWeightCount::lvl-55.txt,TIE,tie,0.5,True,False,False,1,1,3.269,1,0,0,13,144.0,8.0,19.410544319241303,47.87347723411375,2,1,0,0,0,0,0,0,0,0
v_052bd6e2-a40a-42f0-896c-43a5dd8615d8,btl_3094ba56-b2dc-4e3f-b8a3-2533382e5e68,ac72b3d6-9828-4f51-bbb7-babbef3afabf,anon_64941084-f829-4939-8305-bb3433681a53,2026-03-27T22:31:01.489589+00:00,2026-03-27 22:31:01.489589+00:00,left,ore,ore::lvl-9.txt,marioDiffusion,marioDiffusion::level_93.txt,LEFT,win,1.0,True,False,False,1,1,2.576,1,0,0,10,111.0,8.0,10.244998779892558,35.22271994040211,3,1,0,0,0,0,0,0,0,0
v_052bd6e2-a40a-42f0-896c-43a5dd8615d8,btl_3094ba56-b2dc-4e3f-b8a3-2533382e5e68,ac72b3d6-9828-4f51-bbb7-babbef3afabf,anon_64941084-f829-4939-8305-bb3433681a53,2026-03-27T22:31:01.489589+00:00,2026-03-27 22:31:01.489589+00:00,right,marioDiffusion,marioDiffusion::level_93.txt,ore,ore::lvl-9.txt,LEFT,loss,0.0,True,False,False,1,1,2.736,1,0,0,11,406.0,8.0,19.978914504882102,146.5661501289993,2,1,1,0,0,0,0,0,1,0
v_cf3e4f9c-1887-4fe2-8093-cd795e3aa655,btl_b4b501e8-bf18-45aa-9a1a-bedd17cd3801,ac72b3d6-9828-4f51-bbb7-babbef3afabf,anon_64941084-f829-4939-8305-bb3433681a53,2026-03-27T22:30:46.356073+00:00,2026-03-27 22:30:46.356073+00:00,left,notchParamRand,notchParamRand::lvl-62.txt,hopper,hopper::lvl-49.txt,RIGHT,loss,0.0,True,False,False,1,1,2.546,1,0,0,10,317.0,8.0,20.875823337056673,107.68384279918692,4,1,0,0,0,0,0,0,0,0
v_cf3e4f9c-1887-4fe2-8093-cd795e3aa655,btl_b4b501e8-bf18-45aa-9a1a-bedd17cd3801,ac72b3d6-9828-4f51-bbb7-babbef3afabf,anon_64941084-f829-4939-8305-bb3433681a53,2026-03-27T22:30:46.356073+00:00,2026-03-27 22:30:46.356073+00:00,right,hopper,hopper::lvl-49.txt,notchParamRand,notchParamRand::lvl-62.txt,RIGHT,win,1.0,True,False,False,1,1,5.304,6,0,0,21,1291.0,8.0,44.17210209141742,417.94126679993093,15,1,0,0,0,0,0,0,0,0
v_e4258d97-0584-438d-8fbf-ac3d63c7dbbd,btl_0cd13bf3-cfb2-4fab-8923-0247f29fa324,ac72b3d6-9828-4f51-bbb7-babbef3afabf,anon_64941084-f829-4939-8305-bb3433681a53,2026-03-27T22:30:33.421591+00:00,2026-03-27 22:30:33.421591+00:00,left,ore,ore::lvl-46.txt,notch,notch::lvl-73.txt,RIGHT,loss,0.0,True,False,False,1,1,9.583,9,1,0,37,521.0,8.0,28.32099732884616,122.23547190432389,20,1,0,0,0,0,0,0,0,0
v_e4258d97-0584-438d-8fbf-ac3d63c7dbbd,btl_0cd13bf3-cfb2-4fab-8923-0247f29fa324,ac72b3d6-9828-4f51-bbb7-babbef3afabf,anon_64941084-f829-4939-8305-bb3433681a53,2026-03-27T22:30:33.421591+00:00,2026-03-27 22:30:33.421591+00:00,right,notch,notch::lvl-73.txt,ore,ore::lvl-46.txt,RIGHT,win,1.0,True,False,False,1,1,11.076,10,0,1,42,1352.0,8.0,37.73922936556305,400.25955368668,24,1,0,0,0,0,0,0,0,0
v_59ad9e0d-8f05-4c08-83a3-03ccaefabfe4,btl_43b15fb8-17c9-453c-87d6-fee71f1dc823,ac72b3d6-9828-4f51-bbb7-babbef3afabf,anon_64941084-f829-4939-8305-bb3433681a53,2026-03-27T22:30:05.367611+00:00,2026-03-27 22:30:05.367611+00:00,left,patternOccur,patternOccur::lvl-52.txt,notch,notch::lvl-57.txt,RIGHT,loss,0.0,True,False,False,1,1,4.914,4,1,0,19,171.0,8.0,26.231866180737118,54.85816514019108,11,1,2,0,0,1,0,0,0,1
v_59ad9e0d-8f05-4c08-83a3-03ccaefabfe4,btl_43b15fb8-17c9-453c-87d6-fee71f1dc823,ac72b3d6-9828-4f51-bbb7-babbef3afabf,anon_64941084-f829-4939-8305-bb3433681a53,2026-03-27T22:30:05.367611+00:00,2026-03-27 22:30:05.367611+00:00,right,notch,notch::lvl-57.txt,patternOccur,patternOccur::lvl-52.txt,RIGHT,win,1.0,True,False,False,1,1,5.671,4,0,1,22,733.0,8.0,26.406430784505115,254.44049784212567,11,1,0,0,0,0,0,0,0,0
v_bb35e6a9-03d9-448b-8c42-131f948038b9,btl_5d384d6c-7d94-45f7-a562-4f76ae266295,ac72b3d6-9828-4f51-bbb7-babbef3afabf,anon_64941084-f829-4939-8305-bb3433681a53,2026-03-27T22:29:43.881153+00:00,2026-03-27 22:29:43.881153+00:00,left,mariogpt,mariogpt::level_069.txt,hopper,hopper::lvl-32.txt,RIGHT,loss,0.0,True,False,False,1,1,3.88,2,0,1,15,367.0,8.0,50.20650688240852,150.10514833127996,7,1,0,0,0,0,0,0,0,0
v_bb35e6a9-03d9-448b-8c42-131f948038b9,btl_5d384d6c-7d94-45f7-a562-4f76ae266295,ac72b3d6-9828-4f51-bbb7-babbef3afabf,anon_64941084-f829-4939-8305-bb3433681a53,2026-03-27T22:29:43.881153+00:00,2026-03-27 22:29:43.881153+00:00,right,hopper,hopper::lvl-32.txt,mariogpt,mariogpt::level_069.txt,RIGHT,win,1.0,True,False,False,1,1,3.003,2,0,0,12,496.0,8.0,22.976286084183016,153.31854548256348,6,1,0,0,0,0,0,0,0,0
v_123cfce0-babe-4a57-9150-7d3501d9764a,btl_c862f5d8-2e6c-4d9f-b2f1-49cc3f69e3bb,ac72b3d6-9828-4f51-bbb7-babbef3afabf,anon_64941084-f829-4939-8305-bb3433681a53,2026-03-27T22:29:30.943467+00:00,2026-03-27 22:29:30.943467+00:00,left,mariogan,mariogan::level_46.txt,notch,notch::lvl-59.txt,RIGHT,loss,0.0,True,False,False,1,1,2.083,2,0,0,8,253.0,8.0,21.305809067012685,96.06174771989109,6,1,0,0,0,0,0,0,0,0
v_123cfce0-babe-4a57-9150-7d3501d9764a,btl_c862f5d8-2e6c-4d9f-b2f1-49cc3f69e3bb,ac72b3d6-9828-4f51-bbb7-babbef3afabf,anon_64941084-f829-4939-8305-bb3433681a53,2026-03-27T22:29:30.943467+00:00,2026-03-27 22:29:30.943467+00:00,right,notch,notch::lvl-59.txt,mariogan,mariogan::level_46.txt,RIGHT,win,1.0,True,False,False,1,1,18.281,15,0,0,69,1373.0,8.0,30.168803253875627,419.3271447907088,32,1,0,0,0,0,0,0,0,0
v_c9e6c69e-1e9d-4cac-ad1d-7691d4477489,btl_4cb62f9f-57ee-401a-a6ca-69305fbe3a2f,ac72b3d6-9828-4f51-bbb7-babbef3afabf,anon_64941084-f829-4939-8305-bb3433681a53,2026-03-27T22:29:04.808729+00:00,2026-03-27 22:29:04.808729+00:00,left,notchParamRand,notchParamRand::lvl-19.txt,mariogan,mariogan::level_7.txt,RIGHT,loss,0.0,True,False,True,0,0,22.814,12,0,1,86,3092.0,8.0,29.39904672060037,910.2665208575183,26,0,0,0,0,0,0,0,0,0
v_c9e6c69e-1e9d-4cac-ad1d-7691d4477489,btl_4cb62f9f-57ee-401a-a6ca-69305fbe3a2f,ac72b3d6-9828-4f51-bbb7-babbef3afabf,anon_64941084-f829-4939-8305-bb3433681a53,2026-03-27T22:29:04.808729+00:00,2026-03-27 22:29:04.808729+00:00,right,mariogan,mariogan::level_7.txt,notchParamRand,notchParamRand::lvl-19.txt,RIGHT,win,1.0,True,False,False,1,1,5.369,3,0,0,21,994.0,8.0,24.99315098925868,301.4003672955554,8,1,0,0,0,0,0,0,0,0
v_2a2720b4-6163-4e88-a81e-342bf90456dc,btl_e741737c-9e90-4934-8134-882cbc48d50d,ac72b3d6-9828-4f51-bbb7-babbef3afabf,anon_64941084-f829-4939-8305-bb3433681a53,2026-03-27T22:28:29.883964+00:00,2026-03-27 22:28:29.883964+00:00,left,notchParamRand,notchParamRand::lvl-97.txt,patternWeightCount,patternWeightCount::lvl-80.txt,LEFT,win,1.0,True,False,False,1,1,19.043,19,0,2,71,2318.0,8.0,35.51892075222021,676.0035184765388,45,1,0,0,0,0,0,0,0,0
v_2a2720b4-6163-4e88-a81e-342bf90456dc,btl_e741737c-9e90-4934-8134-882cbc48d50d,ac72b3d6-9828-4f51-bbb7-babbef3afabf,anon_64941084-f829-4939-8305-bb3433681a53,2026-03-27T22:28:29.883964+00:00,2026-03-27 22:28:29.883964+00:00,right,patternWeightCount,patternWeightCount::lvl-80.txt,notchParamRand,notchParamRand::lvl-97.txt,LEFT,loss,0.0,True,False,False,1,1,11.475,11,1,0,44,682.0,8.0,35.39668939088387,193.94007871564713,33,1,0,0,0,0,0,0,0,0
v_97907926-d1f4-4e73-a9b6-be253cd87958,btl_1a00432f-4fe9-402e-914a-dbd1a8d491d6,ac72b3d6-9828-4f51-bbb7-babbef3afabf,anon_64941084-f829-4939-8305-bb3433681a53,2026-03-27T22:27:52.471796+00:00,2026-03-27 22:27:52.471796+00:00,left,hopper,hopper::lvl-80.txt,mariogan,mariogan::level_40.txt,LEFT,win,1.0,True,False,True,0,0,20.871,22,4,2,78,3138.0,8.0,37.75684340877305,939.5752708952293,67,0,0,0,0,0,0,0,0,0
v_97907926-d1f4-4e73-a9b6-be253cd87958,btl_1a00432f-4fe9-402e-914a-dbd1a8d491d6,ac72b3d6-9828-4f51-bbb7-babbef3afabf,anon_64941084-f829-4939-8305-bb3433681a53,2026-03-27T22:27:52.471796+00:00,2026-03-27 22:27:52.471796+00:00,right,mariogan,mariogan::level_40.txt,hopper,hopper::lvl-80.txt,LEFT,loss,0.0,True,False,True,0,0,35.279,30,0,12,129,2635.0,8.0,41.99434805916301,733.6837493087602,77,0,1,0,0,0,0,0,0,1
v_21ed583a-b48b-4935-bd81-bc2e550d841a,btl_2ca36746-d019-4bf1-8057-2ca345807156,ac72b3d6-9828-4f51-bbb7-babbef3afabf,anon_64941084-f829-4939-8305-bb3433681a53,2026-03-27T22:26:45.198414+00:00,2026-03-27 22:26:45.198414+00:00,left,notch,notch::lvl-83.txt,mariogpt,mariogpt::level_079.txt,RIGHT,loss,0.0,True,False,False,1,1,8.138,6,0,0,31,656.0,8.0,26.44299623620536,216.4374208125565,15,1,0,0,0,0,0,0,0,0
v_21ed583a-b48b-4935-bd81-bc2e550d841a,btl_2ca36746-d019-4bf1-8057-2ca345807156,ac72b3d6-9828-4f51-bbb7-babbef3afabf,anon_64941084-f829-4939-8305-bb3433681a53,2026-03-27T22:26:45.198414+00:00,2026-03-27 22:26:45.198414+00:00,right,mariogpt,mariogpt::level_079.txt,notch,notch::lvl-83.txt,RIGHT,win,1.0,True,False,True,0,0,44.337,48,5,1,165,2374.0,8.0,39.37751825579296,704.311632910776,133,0,0,0,0,0,0,0,0,0
v_0c6f824d-0928-47f5-860e-5374cef7ffc0,btl_3ee1fb22-7ec4-4392-886c-dc7cfbab4588,ac72b3d6-9828-4f51-bbb7-babbef3afabf,anon_64941084-f829-4939-8305-bb3433681a53,2026-03-27T22:25:47.945500+00:00,2026-03-27 22:25:47.945500+00:00,left,notch,notch::lvl-14.txt,mariogan,mariogan::level_85.txt,LEFT,win,1.0,True,False,False,1,1,20.274,21,2,0,76,1983.0,8.0,34.27706080612697,499.8959122959438,51,1,0,0,0,0,0,0,0,0
v_0c6f824d-0928-47f5-860e-5374cef7ffc0,btl_3ee1fb22-7ec4-4392-886c-dc7cfbab4588,ac72b3d6-9828-4f51-bbb7-babbef3afabf,anon_64941084-f829-4939-8305-bb3433681a53,2026-03-27T22:25:47.945500+00:00,2026-03-27 22:25:47.945500+00:00,right,mariogan,mariogan::level_85.txt,notch,notch::lvl-14.txt,LEFT,loss,0.0,True,False,False,1,1,1.801,1,0,0,7,167.0,8.0,21.239162902909488,56.7266988934394,2,1,1,0,0,0,0,0,1,0
v_34da7c62-ddd8-4fc8-8718-27b7043cde59,btl_6ec5619a-84c0-40ca-a717-f7bf86fabf6f,ac72b3d6-9828-4f51-bbb7-babbef3afabf,anon_64941084-f829-4939-8305-bb3433681a53,2026-03-27T22:25:16.843891+00:00,2026-03-27 22:25:16.843891+00:00,left,genetic,genetic::lvl-95.txt,notch,notch::lvl-93.txt,RIGHT,loss,0.0,True,False,True,0,0,30.245,17,0,0,113,2061.0,8.0,37.08223954433316,587.6125603710349,35,0,0,0,0,0,0,0,0,0
v_34da7c62-ddd8-4fc8-8718-27b7043cde59,btl_6ec5619a-84c0-40ca-a717-f7bf86fabf6f,ac72b3d6-9828-4f51-bbb7-babbef3afabf,anon_64941084-f829-4939-8305-bb3433681a53,2026-03-27T22:25:16.843891+00:00,2026-03-27 22:25:16.843891+00:00,right,notch,notch::lvl-93.txt,genetic,genetic::lvl-95.txt,RIGHT,win,1.0,True,False,False,1,1,2.101,1,0,0,9,290.0,8.0,20.747155092793914,104.12385787022001,4,1,0,0,0,0,0,0,0,0
v_710cdd05-9239-4839-845e-e764d77f7bdb,btl_42238597-18cd-419e-bb8f-6a6c7a5b32d5,ac72b3d6-9828-4f51-bbb7-babbef3afabf,anon_64941084-f829-4939-8305-bb3433681a53,2026-03-27T22:24:33.814342+00:00,2026-03-27 22:24:33.814342+00:00,left,patternWeightCount,patternWeightCount::lvl-44.txt,hopper,hopper::lvl-94.txt,LEFT,win,1.0,True,False,False,1,1,0.708,0,0,0,3,8.0,8.0,75.07477753694793,0.0,3,1,1,0,0,1,0,0,0,0
v_710cdd05-9239-4839-845e-e764d77f7bdb,btl_42238597-18cd-419e-bb8f-6a6c7a5b32d5,ac72b3d6-9828-4f51-bbb7-babbef3afabf,anon_64941084-f829-4939-8305-bb3433681a53,2026-03-27T22:24:33.814342+00:00,2026-03-27 22:24:33.814342+00:00,right,hopper,hopper::lvl-94.txt,patternWeightCount,patternWeightCount::lvl-44.txt,LEFT,loss,0.0,True,False,True,0,0,31.075,23,0,7,117,3098.0,8.0,48.04667234423751,918.0929588722673,64,0,1,1,0,0,0,0,0,0
v_9c9ef4c0-7744-4a1b-90d0-8ffb3f8a2b86,btl_a3d07bb2-3ce9-4590-a351-7147c5c0d68c,ac72b3d6-9828-4f51-bbb7-babbef3afabf,anon_64941084-f829-4939-8305-bb3433681a53,2026-03-27T22:23:50.030170+00:00,2026-03-27 22:23:50.030170+00:00,left,notch,notch::lvl-56.txt,patternCount,patternCount::lvl-13.txt,LEFT,win,1.0,True,False,False,1,1,10.375,10,0,1,40,1061.0,8.0,34.227036097214146,380.3799252063652,23,1,0,0,0,0,0,0,0,0
v_9c9ef4c0-7744-4a1b-90d0-8ffb3f8a2b86,btl_a3d07bb2-3ce9-4590-a351-7147c5c0d68c,ac72b3d6-9828-4f51-bbb7-babbef3afabf,anon_64941084-f829-4939-8305-bb3433681a53,2026-03-27T22:23:50.030170+00:00,2026-03-27 22:23:50.030170+00:00,right,patternCount,patternCount::lvl-13.txt,notch,notch::lvl-56.txt,LEFT,loss,0.0,True,False,False,1,1,0.583,1,0,0,3,42.0,8.0,31.899146627387317,15.797327481430381,10,1,1,0,0,1,0,0,0,0
v_984402e3-5353-4948-8f40-12864545d3ee,btl_f65e7ee0-cb11-47dd-9eae-bd8100f687ca,ac72b3d6-9828-4f51-bbb7-babbef3afabf,anon_64941084-f829-4939-8305-bb3433681a53,2026-03-27T22:23:30.112022+00:00,2026-03-27 22:23:30.112022+00:00,left,ore,ore::lvl-52.txt,mariogpt,mariogpt::level_048.txt,SKIP,skip,,True,False,False,1,1,1.978,1,0,0,8,115.0,8.0,29.439556722206262,39.279248656256144,3,1,0,0,0,0,0,0,0,0
v_984402e3-5353-4948-8f40-12864545d3ee,btl_f65e7ee0-cb11-47dd-9eae-bd8100f687ca,ac72b3d6-9828-4f51-bbb7-babbef3afabf,anon_64941084-f829-4939-8305-bb3433681a53,2026-03-27T22:23:30.112022+00:00,2026-03-27 22:23:30.112022+00:00,right,mariogpt,mariogpt::level_048.txt,ore,ore::lvl-52.txt,SKIP,skip,,True,False,False,1,1,3.684,3,0,0,14,331.0,8.0,39.40015798165779,112.9663350611272,8,1,0,0,0,0,0,0,0,0
v_2c4a7cec-c365-4ef8-bec4-2aa25ad49b5d,btl_d948a95d-aabf-483c-8b35-8f64e9f37ae6,ac72b3d6-9828-4f51-bbb7-babbef3afabf,anon_64941084-f829-4939-8305-bb3433681a53,2026-03-27T22:23:15.946870+00:00,2026-03-27 22:23:15.946870+00:00,left,mariodpo,mariodpo::mariodpo_nintendo_0034.txt,mariogan,mariogan::level_65.txt,LEFT,win,1.0,True,False,False,1,1,26.474,15,2,2,100,855.0,40.0,23.218432332954784,237.45017898498202,40,1,0,0,0,0,0,0,0,0
v_2c4a7cec-c365-4ef8-bec4-2aa25ad49b5d,btl_d948a95d-aabf-483c-8b35-8f64e9f37ae6,ac72b3d6-9828-4f51-bbb7-babbef3afabf,anon_64941084-f829-4939-8305-bb3433681a53,2026-03-27T22:23:15.946870+00:00,2026-03-27 22:23:15.946870+00:00,right,mariogan,mariogan::level_65.txt,mariodpo,mariodpo::mariodpo_nintendo_0034.txt,LEFT,loss,0.0,True,False,False,1,1,5.77,3,0,1,22,571.0,8.0,30.225632217957106,188.8177058251102,9,1,0,0,0,0,0,0,0,0
v_13a957f7-0614-4fb6-a6a6-58706f3b703d,btl_33a93b4d-12c8-4119-8764-5aad5e6b1616,ac72b3d6-9828-4f51-bbb7-babbef3afabf,anon_64941084-f829-4939-8305-bb3433681a53,2026-03-27T22:22:36.734741+00:00,2026-03-27 22:22:36.734741+00:00,left,mariogan,mariogan::level_9.txt,genetic,genetic::lvl-74.txt,LEFT,win,1.0,True,False,False,1,1,33.345,30,0,1,125,2434.0,8.0,44.90902020752624,671.2675697097246,66,1,3,1,0,0,0,0,1,1
v_13a957f7-0614-4fb6-a6a6-58706f3b703d,btl_33a93b4d-12c8-4119-8764-5aad5e6b1616,ac72b3d6-9828-4f51-bbb7-babbef3afabf,anon_64941084-f829-4939-8305-bb3433681a53,2026-03-27T22:22:36.734741+00:00,2026-03-27 22:22:36.734741+00:00,right,genetic,genetic::lvl-74.txt,mariogan,mariogan::level_9.txt,LEFT,loss,0.0,True,False,False,1,1,3.469,2,1,0,14,431.0,8.0,21.26233135603614,158.2524462202524,6,1,0,0,0,0,0,0,0,0
v_ff0139b7-2080-4f6d-875e-52277fa46c86,btl_2c56192c-1869-4bc3-96ed-550f3e68203a,65531623-1659-47a9-b5f3-1a95a2b20f17,anon_ff6ea069-f874-4a33-b0fc-81e0bca7f935,2026-03-27T10:46:48.453806+00:00,2026-03-27 10:46:48.453806+00:00,left,notch,notch::lvl-85.txt,notchParam,notchParam::lvl-83.txt,LEFT,win,1.0,True,False,False,1,1,19.184,21,0,0,73,2139.0,8.0,35.59000072524857,649.9241891786222,42,1,0,0,0,0,0,0,0,0
v_ff0139b7-2080-4f6d-875e-52277fa46c86,btl_2c56192c-1869-4bc3-96ed-550f3e68203a,65531623-1659-47a9-b5f3-1a95a2b20f17,anon_ff6ea069-f874-4a33-b0fc-81e0bca7f935,2026-03-27T10:46:48.453806+00:00,2026-03-27 10:46:48.453806+00:00,right,notchParam,notchParam::lvl-83.txt,notch,notch::lvl-85.txt,LEFT,loss,0.0,True,False,True,0,0,23.35,20,0,1,88,3086.0,8.0,34.26078131572069,845.8284556238193,42,0,0,0,0,0,0,0,0,0
v_f812c457-e8d3-41fa-9b49-0fa67df130be,btl_8f710d55-5e0a-4166-824c-04435944500e,65531623-1659-47a9-b5f3-1a95a2b20f17,anon_ff6ea069-f874-4a33-b0fc-81e0bca7f935,2026-03-27T10:46:03.310205+00:00,2026-03-27 10:46:03.310205+00:00,left,notchParam,notchParam::lvl-40.txt,patternOccur,patternOccur::lvl-90.txt,RIGHT,loss,0.0,True,False,False,1,1,5.017,3,0,1,19,948.0,8.0,22.25326394560328,326.8741742043456,8,1,0,0,0,0,0,0,0,0
v_f812c457-e8d3-41fa-9b49-0fa67df130be,btl_8f710d55-5e0a-4166-824c-04435944500e,65531623-1659-47a9-b5f3-1a95a2b20f17,anon_ff6ea069-f874-4a33-b0fc-81e0bca7f935,2026-03-27T10:46:03.310205+00:00,2026-03-27 10:46:03.310205+00:00,right,patternOccur,patternOccur::lvl-90.txt,notchParam,notchParam::lvl-40.txt,RIGHT,win,1.0,True,False,False,1,1,1.067,0,0,0,5,43.0,8.0,31.2,13.862178760930766,3,1,0,0,0,0,0,0,0,0
v_8970e2f5-3aab-487a-8c00-4b013e3d2014,btl_7e38895b-331e-480c-86eb-1e271ef915d5,0601637a-b4c3-45a1-beab-3226a91827f3,anon_4380a976-3891-4b06-80a4-e76c6419fbcc,2026-03-27T10:43:16.090591+00:00,2026-03-27 10:43:16.090591+00:00,left,notchParam,notchParam::lvl-10.txt,patternWeightCount,patternWeightCount::lvl-53.txt,RIGHT,loss,0.0,True,False,True,0,0,21.534,22,0,0,81,3071.0,8.0,30.96973068770658,917.0417087045355,44,0,0,0,0,0,0,0,0,0
v_8970e2f5-3aab-487a-8c00-4b013e3d2014,btl_7e38895b-331e-480c-86eb-1e271ef915d5,0601637a-b4c3-45a1-beab-3226a91827f3,anon_4380a976-3891-4b06-80a4-e76c6419fbcc,2026-03-27T10:43:16.090591+00:00,2026-03-27 10:43:16.090591+00:00,right,patternWeightCount,patternWeightCount::lvl-53.txt,notchParam,notchParam::lvl-10.txt,RIGHT,win,1.0,True,False,False,1,1,34.217,17,1,0,76,1233.0,8.0,31.20381351436607,325.6934098124966,51,1,0,0,0,0,0,0,0,0
v_b09c3842-9eab-41aa-8ee0-2d180b8ca312,btl_8122e1ea-aaa1-4ada-8208-0702bccdeef1,0601637a-b4c3-45a1-beab-3226a91827f3,anon_4380a976-3891-4b06-80a4-e76c6419fbcc,2026-03-27T10:42:16.413234+00:00,2026-03-27 10:42:16.413234+00:00,left,notch,notch::lvl-74.txt,mariogpt,mariogpt::level_050.txt,RIGHT,loss,0.0,True,False,False,1,1,2.4,0,0,0,10,351.0,8.0,17.7,118.84090204975728,1,1,0,0,0,0,0,0,0,0
v_b09c3842-9eab-41aa-8ee0-2d180b8ca312,btl_8122e1ea-aaa1-4ada-8208-0702bccdeef1,0601637a-b4c3-45a1-beab-3226a91827f3,anon_4380a976-3891-4b06-80a4-e76c6419fbcc,2026-03-27T10:42:16.413234+00:00,2026-03-27 10:42:16.413234+00:00,right,mariogpt,mariogpt::level_050.txt,notch,notch::lvl-74.txt,RIGHT,win,1.0,True,False,False,1,1,35.017,34,5,3,129,2086.0,8.0,42.412815802469574,627.4787992681806,83,1,0,0,0,0,0,0,0,0
v_bf8e42ba-6a6d-4bfc-8818-f0c4317ae117,btl_88de413f-2162-475d-ba1d-553a6deb29f7,0601637a-b4c3-45a1-beab-3226a91827f3,anon_4380a976-3891-4b06-80a4-e76c6419fbcc,2026-03-27T10:41:34.240855+00:00,2026-03-27 10:41:34.240855+00:00,left,notch,notch::lvl-1.txt,marioDiffusion,marioDiffusion::level_34.txt,RIGHT,loss,0.0,True,False,True,0,0,18.25,22,0,0,69,2409.0,8.0,32.88693531780931,721.3760366572972,44,0,0,0,0,0,0,0,0,0
v_bf8e42ba-6a6d-4bfc-8818-f0c4317ae117,btl_88de413f-2162-475d-ba1d-553a6deb29f7,0601637a-b4c3-45a1-beab-3226a91827f3,anon_4380a976-3891-4b06-80a4-e76c6419fbcc,2026-03-27T10:41:34.240855+00:00,2026-03-27 10:41:34.240855+00:00,right,marioDiffusion,marioDiffusion::level_34.txt,notch,notch::lvl-1.txt,RIGHT,win,1.0,True,False,False,1,1,40.451,48,12,1,152,2700.0,8.0,48.07737552525223,814.7067460260959,111,1,0,0,0,0,0,0,0,0
v_49927574-7a8e-43b2-b07e-4581d3873bbd,btl_5745f7dd-ec4b-48bd-ba8c-4a4226c41ebf,0601637a-b4c3-45a1-beab-3226a91827f3,anon_4380a976-3891-4b06-80a4-e76c6419fbcc,2026-03-27T10:40:32.869077+00:00,2026-03-27 10:40:32.869077+00:00,left,genetic,genetic::lvl-6.txt,ore,ore::lvl-71.txt,RIGHT,loss,0.0,True,False,True,0,0,22.034,15,0,0,83,2029.0,8.0,36.99753810078372,608.0542211347147,33,0,0,0,0,0,0,0,0,0
v_49927574-7a8e-43b2-b07e-4581d3873bbd,btl_5745f7dd-ec4b-48bd-ba8c-4a4226c41ebf,0601637a-b4c3-45a1-beab-3226a91827f3,anon_4380a976-3891-4b06-80a4-e76c6419fbcc,2026-03-27T10:40:32.869077+00:00,2026-03-27 10:40:32.869077+00:00,right,ore,ore::lvl-71.txt,genetic,genetic::lvl-6.txt,RIGHT,win,1.0,True,False,True,0,0,36.768,41,2,2,136,3045.0,8.0,56.199610263520746,858.606801288745,95,0,0,0,0,0,0,0,0,0
v_eb0628f1-4a23-40b8-9b56-b549b33c9c5b,btl_1d9bd292-11b3-4fb1-8c47-aa676907e055,0601637a-b4c3-45a1-beab-3226a91827f3,anon_4380a976-3891-4b06-80a4-e76c6419fbcc,2026-03-27T10:39:31.152339+00:00,2026-03-27 10:39:31.152339+00:00,left,genetic,genetic::lvl-57.txt,hopper,hopper::lvl-64.txt,RIGHT,loss,0.0,True,False,False,1,1,1.9,0,0,0,8,163.0,8.0,8.59869176095992,53.91660226683428,1,1,0,0,0,0,0,0,0,0
v_eb0628f1-4a23-40b8-9b56-b549b33c9c5b,btl_1d9bd292-11b3-4fb1-8c47-aa676907e055,0601637a-b4c3-45a1-beab-3226a91827f3,anon_4380a976-3891-4b06-80a4-e76c6419fbcc,2026-03-27T10:39:31.152339+00:00,2026-03-27 10:39:31.152339+00:00,right,hopper,hopper::lvl-64.txt,genetic,genetic::lvl-57.txt,RIGHT,win,1.0,True,False,False,1,1,7.466,6,0,1,29,780.0,8.0,24.715744258846986,257.0411719751694,21,1,0,0,0,0,0,0,0,0
v_a1a2b605-b918-4423-a57d-fcf9ead00354,btl_4c29e7e9-d768-4f74-a902-89e2b8d4de25,0601637a-b4c3-45a1-beab-3226a91827f3,anon_4380a976-3891-4b06-80a4-e76c6419fbcc,2026-03-27T10:39:18.474929+00:00,2026-03-27 10:39:18.474929+00:00,left,hopper,hopper::lvl-32.txt,original,original::lvl-10.txt,RIGHT,loss,0.0,True,False,False,1,1,30.851,6,0,1,34,1655.0,8.0,33.67903920335169,547.4466904573756,15,1,0,0,0,0,0,0,0,0
v_a1a2b605-b918-4423-a57d-fcf9ead00354,btl_4c29e7e9-d768-4f74-a902-89e2b8d4de25,0601637a-b4c3-45a1-beab-3226a91827f3,anon_4380a976-3891-4b06-80a4-e76c6419fbcc,2026-03-27T10:39:18.474929+00:00,2026-03-27 10:39:18.474929+00:00,right,original,original::lvl-10.txt,hopper,hopper::lvl-32.txt,RIGHT,win,1.0,True,False,False,1,1,3.35,4,0,0,13,525.0,24.0,39.40248993423832,162.9792160125671,9,1,0,0,0,0,0,0,0,0
v_97bbe490-3a3e-4884-8894-04d39853c8e4,btl_c104eee5-7a23-42e4-a149-6cccb37c7dec,0601637a-b4c3-45a1-beab-3226a91827f3,anon_4380a976-3891-4b06-80a4-e76c6419fbcc,2026-03-27T10:38:38.038524+00:00,2026-03-27 10:38:38.038524+00:00,left,notchParam,notchParam::lvl-74.txt,notchParamRand,notchParamRand::lvl-29.txt,LEFT,win,1.0,True,False,False,1,1,12.15,11,0,1,46,1887.0,8.0,29.303033450074437,603.8415556179579,24,1,0,0,0,0,0,0,0,0
v_97bbe490-3a3e-4884-8894-04d39853c8e4,btl_c104eee5-7a23-42e4-a149-6cccb37c7dec,0601637a-b4c3-45a1-beab-3226a91827f3,anon_4380a976-3891-4b06-80a4-e76c6419fbcc,2026-03-27T10:38:38.038524+00:00,2026-03-27 10:38:38.038524+00:00,right,notchParamRand,notchParamRand::lvl-29.txt,notchParam,notchParam::lvl-74.txt,LEFT,loss,0.0,True,False,True,0,0,13.4,9,0,0,51,3110.0,8.0,33.82966127992556,970.622800731314,18,0,0,0,0,0,0,0,0,0
v_167722d2-38fd-4cfb-b7e8-86768d10d055,btl_4c522513-6818-4145-be85-e6578437d5b1,73f03ca2-9ed4-4e4a-8623-4350f160da43,anon_a9445e2d-8170-40b8-bfa3-9fdf5b9366fb,2026-03-25T13:42:02.459852+00:00,2026-03-25 13:42:02.459852+00:00,left,genetic,genetic::lvl-53.txt,original,original::lvl-13.txt,RIGHT,loss,0.0,True,False,False,1,1,2.015,1,0,0,8,335.0,8.0,7.275816105427624,118.12010571871328,3,1,0,0,0,0,0,0,0,0
v_167722d2-38fd-4cfb-b7e8-86768d10d055,btl_4c522513-6818-4145-be85-e6578437d5b1,73f03ca2-9ed4-4e4a-8623-4350f160da43,anon_a9445e2d-8170-40b8-bfa3-9fdf5b9366fb,2026-03-25T13:42:02.459852+00:00,2026-03-25 13:42:02.459852+00:00,right,original,original::lvl-13.txt,genetic,genetic::lvl-53.txt,RIGHT,win,1.0,True,False,False,1,1,12.445,17,2,0,46,1279.0,24.0,48.59630782493152,346.8009192595139,38,1,0,0,0,0,0,0,0,0
v_757013da-75fe-430d-9fe2-d80b7b139c82,btl_41fcee9b-9a88-4f04-9729-67fa97b2c596,73f03ca2-9ed4-4e4a-8623-4350f160da43,anon_a9445e2d-8170-40b8-bfa3-9fdf5b9366fb,2026-03-25T13:41:46.116407+00:00,2026-03-25 13:41:46.116407+00:00,left,marioDiffusion,marioDiffusion::level_34.txt,notchParam,notchParam::lvl-80.txt,TIE,tie,0.5,True,False,False,1,1,0.77,1,0,0,4,11.0,8.0,5.629165124598851,1.299038105676658,3,1,0,0,0,0,0,0,0,0
v_757013da-75fe-430d-9fe2-d80b7b139c82,btl_41fcee9b-9a88-4f04-9729-67fa97b2c596,73f03ca2-9ed4-4e4a-8623-4350f160da43,anon_a9445e2d-8170-40b8-bfa3-9fdf5b9366fb,2026-03-25T13:41:46.116407+00:00,2026-03-25 13:41:46.116407+00:00,right,notchParam,notchParam::lvl-80.txt,marioDiffusion,marioDiffusion::level_34.txt,TIE,tie,0.5,True,False,False,1,1,7.582,7,1,0,29,1131.0,8.0,29.487980985346425,337.9247395613556,18,1,0,0,0,0,0,0,0,0
v_ce4b11d3-630a-4c63-83cc-9333492f55e4,btl_eec9881f-5eda-4c84-b70c-e9e423109782,73f03ca2-9ed4-4e4a-8623-4350f160da43,anon_a9445e2d-8170-40b8-bfa3-9fdf5b9366fb,2026-03-25T13:41:35.697596+00:00,2026-03-25 13:41:35.697596+00:00,left,mariogan,mariogan::level_84.txt,hopper,hopper::lvl-55.txt,LEFT,win,1.0,True,False,False,1,1,11.314,14,0,2,42,1490.0,8.0,47.953048891172536,404.90225087845573,31,1,0,0,0,0,0,0,0,0
v_ce4b11d3-630a-4c63-83cc-9333492f55e4,btl_eec9881f-5eda-4c84-b70c-e9e423109782,73f03ca2-9ed4-4e4a-8623-4350f160da43,anon_a9445e2d-8170-40b8-bfa3-9fdf5b9366fb,2026-03-25T13:41:35.697596+00:00,2026-03-25 13:41:35.697596+00:00,right,hopper,hopper::lvl-55.txt,mariogan,mariogan::level_84.txt,LEFT,loss,0.0,True,False,False,1,1,5.01,6,0,0,19,1349.0,8.0,47.627129771850726,442.17773215575255,18,1,0,0,0,0,0,0,0,0
v_40dc25f2-07d6-4516-b678-b189016407ed,btl_cceb688c-bb18-40ac-a542-854b40467c4f,73f03ca2-9ed4-4e4a-8623-4350f160da43,anon_a9445e2d-8170-40b8-bfa3-9fdf5b9366fb,2026-03-25T13:41:17.434680+00:00,2026-03-25 13:41:17.434680+00:00,left,ore,ore::lvl-5.txt,patternCount,patternCount::lvl-18.txt,LEFT,win,1.0,True,False,False,1,1,20.21,17,0,0,75,1280.0,8.0,58.23040213954677,431.57622342087177,43,1,0,0,0,0,0,0,0,0
v_40dc25f2-07d6-4516-b678-b189016407ed,btl_cceb688c-bb18-40ac-a542-854b40467c4f,73f03ca2-9ed4-4e4a-8623-4350f160da43,anon_a9445e2d-8170-40b8-bfa3-9fdf5b9366fb,2026-03-25T13:41:17.434680+00:00,2026-03-25 13:41:17.434680+00:00,right,patternCount,patternCount::lvl-18.txt,ore,ore::lvl-5.txt,LEFT,loss,0.0,True,False,False,1,1,7.617,10,0,0,29,756.0,8.0,37.47703220540668,233.9236691667451,38,1,0,0,0,0,0,0,0,0
v_cc7ce509-ca08-4610-ab84-568522d055c0,btl_a4fd500d-9cd9-4687-a1e2-b5e8bd8210d7,73f03ca2-9ed4-4e4a-8623-4350f160da43,anon_a9445e2d-8170-40b8-bfa3-9fdf5b9366fb,2026-03-25T13:39:49.443825+00:00,2026-03-25 13:39:49.443825+00:00,left,mariogan,mariogan::level_28.txt,hopper,hopper::lvl-19.txt,LEFT,win,1.0,True,False,False,1,1,3.579,2,0,0,14,524.0,8.0,38.304433057242015,173.41246394957088,6,1,0,0,0,0,0,0,0,0
v_cc7ce509-ca08-4610-ab84-568522d055c0,btl_a4fd500d-9cd9-4687-a1e2-b5e8bd8210d7,73f03ca2-9ed4-4e4a-8623-4350f160da43,anon_a9445e2d-8170-40b8-bfa3-9fdf5b9366fb,2026-03-25T13:39:49.443825+00:00,2026-03-25 13:39:49.443825+00:00,right,hopper,hopper::lvl-19.txt,mariogan,mariogan::level_28.txt,LEFT,loss,0.0,True,False,False,1,1,6.11,6,0,1,24,1671.0,8.0,48.82878249557324,536.821095793458,19,1,0,0,0,0,0,0,0,0
v_dae3d1d2-b5cb-43c3-b225-4907717c8ece,btl_48f3b1db-c114-44e8-816b-7d368d67de2f,1ebb87c6-4663-4e19-86a2-795d39927cb8,anon_72677589-2e4f-445f-9be1-de98ed1ec474,2026-03-23T13:52:11.831998+00:00,2026-03-23 13:52:11.831998+00:00,left,notch,notch::lvl-95.txt,notchParam,notchParam::lvl-62.txt,LEFT,win,1.0,True,False,False,1,1,2.8,2,0,0,11,483.0,8.0,28.746828786654994,163.3641169619075,5,1,0,0,0,0,0,0,0,0
v_dae3d1d2-b5cb-43c3-b225-4907717c8ece,btl_48f3b1db-c114-44e8-816b-7d368d67de2f,1ebb87c6-4663-4e19-86a2-795d39927cb8,anon_72677589-2e4f-445f-9be1-de98ed1ec474,2026-03-23T13:52:11.831998+00:00,2026-03-23 13:52:11.831998+00:00,right,notchParam,notchParam::lvl-62.txt,notch,notch::lvl-95.txt,LEFT,loss,0.0,True,False,False,1,1,2.15,3,0,0,9,461.0,8.0,30.954367050646873,159.83950283539633,7,1,0,0,0,0,0,0,0,0
v_8ba00f1c-60c8-4a87-92c5-121669675581,btl_d7bf752a-72c3-455e-8fc6-5ebfea516814,1ebb87c6-4663-4e19-86a2-795d39927cb8,anon_72677589-2e4f-445f-9be1-de98ed1ec474,2026-03-23T13:52:04.655841+00:00,2026-03-23 13:52:04.655841+00:00,left,mariogpt,mariogpt::level_024.txt,genetic,genetic::lvl-56.txt,LEFT,win,1.0,True,False,True,0,0,27.6,29,15,2,104,2354.0,8.0,57.02702307631659,693.8198282332065,84,0,2,1,0,0,0,1,0,0
v_8ba00f1c-60c8-4a87-92c5-121669675581,btl_d7bf752a-72c3-455e-8fc6-5ebfea516814,1ebb87c6-4663-4e19-86a2-795d39927cb8,anon_72677589-2e4f-445f-9be1-de98ed1ec474,2026-03-23T13:52:04.655841+00:00,2026-03-23 13:52:04.655841+00:00,right,genetic,genetic::lvl-56.txt,mariogpt,mariogpt::level_024.txt,LEFT,loss,0.0,True,False,False,1,1,1.767,2,0,0,7,257.0,8.0,33.13485124980854,92.53703064620308,5,1,0,0,0,0,0,0,0,0
v_bd63ffd7-baac-48a7-8185-514c296d7af5,btl_b03fb375-8ca1-410c-b6ac-280fda6a864f,1ebb87c6-4663-4e19-86a2-795d39927cb8,anon_72677589-2e4f-445f-9be1-de98ed1ec474,2026-03-23T13:51:27.150764+00:00,2026-03-23 13:51:27.150764+00:00,left,mariogan,mariogan::level_50.txt,genetic,genetic::lvl-79.txt,RIGHT,loss,0.0,True,False,False,1,1,0.65,0,0,0,3,8.0,8.0,75.07477753694793,0.0,1,1,0,0,0,0,0,0,0,0
v_bd63ffd7-baac-48a7-8185-514c296d7af5,btl_b03fb375-8ca1-410c-b6ac-280fda6a864f,1ebb87c6-4663-4e19-86a2-795d39927cb8,anon_72677589-2e4f-445f-9be1-de98ed1ec474,2026-03-23T13:51:27.150764+00:00,2026-03-23 13:51:27.150764+00:00,right,genetic,genetic::lvl-79.txt,mariogan,mariogan::level_50.txt,RIGHT,win,1.0,True,False,True,0,0,63.818,8,0,0,57,2023.0,8.0,31.665446834648005,569.0513648455329,16,0,0,0,0,0,0,0,0,0
v_c2300f1f-7bdc-46dc-b7f5-f9bfc6aebb1a,btl_37c5328c-9f30-42fa-a470-d950ac65788a,1ebb87c6-4663-4e19-86a2-795d39927cb8,anon_72677589-2e4f-445f-9be1-de98ed1ec474,2026-03-23T13:50:19.144897+00:00,2026-03-23 13:50:19.144897+00:00,left,mariodpo,mariodpo::mariodpo_nintendo_0019.txt,notch,notch::lvl-94.txt,LEFT,win,1.0,True,False,False,1,1,134.936,28,1,0,136,2123.0,40.0,50.506328507333194,611.0559341592882,66,1,0,0,0,0,0,0,0,0
v_c2300f1f-7bdc-46dc-b7f5-f9bfc6aebb1a,btl_37c5328c-9f30-42fa-a470-d950ac65788a,1ebb87c6-4663-4e19-86a2-795d39927cb8,anon_72677589-2e4f-445f-9be1-de98ed1ec474,2026-03-23T13:50:19.144897+00:00,2026-03-23 13:50:19.144897+00:00,right,notch,notch::lvl-94.txt,mariodpo,mariodpo::mariodpo_nintendo_0019.txt,LEFT,loss,0.0,True,False,False,1,1,6.517,7,0,0,25,1214.0,8.0,34.081877882534585,372.6626485173957,14,1,0,0,0,0,0,0,0,0
v_924f0fb8-7cbf-49df-ba0b-90aa6c6617b7,btl_2ef7f67f-085b-4b49-bd3c-8bee9549892b,1ebb87c6-4663-4e19-86a2-795d39927cb8,anon_72677589-2e4f-445f-9be1-de98ed1ec474,2026-03-23T13:47:53.283774+00:00,2026-03-23 13:47:53.283774+00:00,left,patternCount,patternCount::lvl-21.txt,patternOccur,patternOccur::lvl-90.txt,TIE,tie,0.5,False,True,False,0,0,0.0,0,0,0,0,,,,,0,0,0,0,0,0,0,0,0,0
v_924f0fb8-7cbf-49df-ba0b-90aa6c6617b7,btl_2ef7f67f-085b-4b49-bd3c-8bee9549892b,1ebb87c6-4663-4e19-86a2-795d39927cb8,anon_72677589-2e4f-445f-9be1-de98ed1ec474,2026-03-23T13:47:53.283774+00:00,2026-03-23 13:47:53.283774+00:00,right,patternOccur,patternOccur::lvl-90.txt,patternCount,patternCount::lvl-21.txt,TIE,tie,0.5,True,False,False,1,1,7.434,7,0,0,29,398.0,8.0,45.26859988505181,146.41471892117184,22,1,0,0,0,0,0,0,0,0
v_820ccf07-c096-4fec-8a2f-3f7c886d62c9,btl_1f1b6646-22d8-4202-9999-4e12aeee2fd8,1ebb87c6-4663-4e19-86a2-795d39927cb8,anon_72677589-2e4f-445f-9be1-de98ed1ec474,2026-03-23T13:47:33.360018+00:00,2026-03-23 13:47:33.360018+00:00,left,ore,ore::lvl-63.txt,mariogan,mariogan::level_57.txt,LEFT,win,1.0,True,False,False,1,1,62.101,37,0,1,233,2653.0,8.0,43.87950929112227,690.2645211352899,81,1,0,0,0,0,0,0,0,0
v_820ccf07-c096-4fec-8a2f-3f7c886d62c9,btl_1f1b6646-22d8-4202-9999-4e12aeee2fd8,1ebb87c6-4663-4e19-86a2-795d39927cb8,anon_72677589-2e4f-445f-9be1-de98ed1ec474,2026-03-23T13:47:33.360018+00:00,2026-03-23 13:47:33.360018+00:00,right,mariogan,mariogan::level_57.txt,ore,ore::lvl-63.txt,LEFT,loss,0.0,True,False,False,1,1,28.151,26,0,0,106,2601.0,8.0,47.30277204129826,774.3565311791788,55,1,0,0,0,0,0,0,0,0
v_67d81bc5-84a1-4dcc-a539-535a64d4c074,btl_f628e080-a411-455d-91ad-9328b6d7afb4,1ebb87c6-4663-4e19-86a2-795d39927cb8,anon_72677589-2e4f-445f-9be1-de98ed1ec474,2026-03-23T13:46:00.325928+00:00,2026-03-23 13:46:00.325928+00:00,left,notchParam,notchParam::lvl-38.txt,mariodpo,mariodpo::mariodpo_nintendo_0191.txt,RIGHT,loss,0.0,True,False,False,1,1,3.8,3,0,0,15,782.0,8.0,33.11689733185899,263.06877850140677,7,1,0,0,0,0,0,0,0,0
v_67d81bc5-84a1-4dcc-a539-535a64d4c074,btl_f628e080-a411-455d-91ad-9328b6d7afb4,1ebb87c6-4663-4e19-86a2-795d39927cb8,anon_72677589-2e4f-445f-9be1-de98ed1ec474,2026-03-23T13:46:00.325928+00:00,2026-03-23 13:46:00.325928+00:00,right,mariodpo,mariodpo::mariodpo_nintendo_0191.txt,notchParam,notchParam::lvl-38.txt,RIGHT,win,1.0,True,False,False,1,1,1.867,1,0,1,8,361.0,40.0,32.42274471725057,116.71165055383288,3,1,0,0,0,0,0,0,0,0
v_606c680b-8c4e-4131-8066-590331f44784,btl_bb652f02-1c26-4fa5-a254-395474b44ae6,5d45ebf2-ecd8-482e-8151-888fbe6242cc,anon_376d7289-fc63-4549-9336-2b8703819566,2026-03-21T15:49:21.677097+00:00,2026-03-21 15:49:21.677097+00:00,left,patternCount,patternCount::lvl-3.txt,mariodpo,mariodpo::mariodpo_nintendo_0180.txt,LEFT,win,1.0,True,False,False,1,1,2.336,2,0,0,9,85.0,8.0,20.516178500074364,26.02135874836499,12,1,0,0,0,0,0,0,0,0
v_606c680b-8c4e-4131-8066-590331f44784,btl_bb652f02-1c26-4fa5-a254-395474b44ae6,5d45ebf2-ecd8-482e-8151-888fbe6242cc,anon_376d7289-fc63-4549-9336-2b8703819566,2026-03-21T15:49:21.677097+00:00,2026-03-21 15:49:21.677097+00:00,right,mariodpo,mariodpo::mariodpo_nintendo_0180.txt,patternCount,patternCount::lvl-3.txt,LEFT,loss,0.0,True,False,False,1,1,16.48,11,0,0,62,952.0,40.0,50.11701448089928,241.29540112388793,26,1,0,0,0,0,0,0,0,0
v_afafaee1-6589-4276-80b5-fc641132e6c4,btl_75fb88f7-b22e-4c40-ae5b-1c630450d941,5d45ebf2-ecd8-482e-8151-888fbe6242cc,anon_376d7289-fc63-4549-9336-2b8703819566,2026-03-21T15:49:00.783225+00:00,2026-03-21 15:49:00.783225+00:00,left,mariodpo,mariodpo::mariodpo_nintendo_0168.txt,genetic,genetic::lvl-47.txt,LEFT,win,1.0,True,False,False,1,1,26.974,29,0,1,102,1896.0,40.0,55.92450078939345,557.0792909533377,66,1,0,0,0,0,0,0,0,0
v_afafaee1-6589-4276-80b5-fc641132e6c4,btl_75fb88f7-b22e-4c40-ae5b-1c630450d941,5d45ebf2-ecd8-482e-8151-888fbe6242cc,anon_376d7289-fc63-4549-9336-2b8703819566,2026-03-21T15:49:00.783225+00:00,2026-03-21 15:49:00.783225+00:00,right,genetic,genetic::lvl-47.txt,mariodpo,mariodpo::mariodpo_nintendo_0168.txt,LEFT,loss,0.0,True,False,False,1,1,2.267,1,0,0,9,404.0,8.0,19.703982175698567,142.66571477702522,2,1,0,0,0,0,0,0,0,0
v_cbcd30da-b5c0-4d4f-abff-ba3542452def,btl_f0405d58-055c-4bc3-bf05-5d5d7f031f87,5d45ebf2-ecd8-482e-8151-888fbe6242cc,anon_376d7289-fc63-4549-9336-2b8703819566,2026-03-21T15:48:29.010517+00:00,2026-03-21 15:48:29.010517+00:00,left,ore,ore::lvl-18.txt,patternCount,patternCount::lvl-21.txt,LEFT,win,1.0,True,False,False,1,1,12.68,15,1,0,48,589.0,8.0,42.551067154329075,186.3758232245773,34,1,0,0,0,0,0,0,0,0
v_cbcd30da-b5c0-4d4f-abff-ba3542452def,btl_f0405d58-055c-4bc3-bf05-5d5d7f031f87,5d45ebf2-ecd8-482e-8151-888fbe6242cc,anon_376d7289-fc63-4549-9336-2b8703819566,2026-03-21T15:48:29.010517+00:00,2026-03-21 15:48:29.010517+00:00,right,patternCount,patternCount::lvl-21.txt,ore,ore::lvl-18.txt,LEFT,loss,0.0,False,True,False,0,0,0.0,0,0,0,0,,,,,0,0,0,0,0,0,0,0,0,0
v_a2116c6b-02be-431a-9ba8-9ebf96862aef,btl_ec0d749b-59a0-407d-ba09-0c124a5c3448,5d45ebf2-ecd8-482e-8151-888fbe6242cc,anon_376d7289-fc63-4549-9336-2b8703819566,2026-03-21T15:48:11.805615+00:00,2026-03-21 15:48:11.805615+00:00,left,notchParamRand,notchParamRand::lvl-24.txt,marioDiffusion,marioDiffusion::level_85.txt,RIGHT,loss,0.0,True,False,False,1,1,2.875,0,0,0,11,197.0,8.0,4.5996765966085515,59.37164083581647,1,1,0,0,0,0,0,0,0,0
v_a2116c6b-02be-431a-9ba8-9ebf96862aef,btl_ec0d749b-59a0-407d-ba09-0c124a5c3448,5d45ebf2-ecd8-482e-8151-888fbe6242cc,anon_376d7289-fc63-4549-9336-2b8703819566,2026-03-21T15:48:11.805615+00:00,2026-03-21 15:48:11.805615+00:00,right,marioDiffusion,marioDiffusion::level_85.txt,notchParamRand,notchParamRand::lvl-24.txt,RIGHT,win,1.0,True,False,False,1,1,5.404,6,0,0,21,878.0,8.0,56.414806438447776,275.26082456817227,13,1,0,0,0,0,0,0,0,0
v_a2edddad-d615-4573-99b1-de8dd92e1bf9,btl_060eb7e0-0031-445b-8fdc-53a8cb3136aa,5d45ebf2-ecd8-482e-8151-888fbe6242cc,anon_376d7289-fc63-4549-9336-2b8703819566,2026-03-21T15:48:02.071336+00:00,2026-03-21 15:48:02.071336+00:00,left,notchParamRand,notchParamRand::lvl-53.txt,mariogan,mariogan::level_98.txt,RIGHT,loss,0.0,True,False,False,1,1,2.747,2,0,0,11,313.0,8.0,19.329675725070082,94.07970947838427,5,1,0,0,0,0,0,0,0,0
v_a2edddad-d615-4573-99b1-de8dd92e1bf9,btl_060eb7e0-0031-445b-8fdc-53a8cb3136aa,5d45ebf2-ecd8-482e-8151-888fbe6242cc,anon_376d7289-fc63-4549-9336-2b8703819566,2026-03-21T15:48:02.071336+00:00,2026-03-21 15:48:02.071336+00:00,right,mariogan,mariogan::level_98.txt,notchParamRand,notchParamRand::lvl-53.txt,RIGHT,win,1.0,True,False,False,1,1,4.603,3,0,0,17,489.0,0.0,26.682809416159692,149.59079130845808,8,1,0,0,0,0,0,0,0,0
v_981d25ec-d535-45f2-9fab-ee172e4eb746,btl_5883034c-ee72-4723-87ba-39e171b782f0,5d45ebf2-ecd8-482e-8151-888fbe6242cc,anon_376d7289-fc63-4549-9336-2b8703819566,2026-03-21T15:47:50.062589+00:00,2026-03-21 15:47:50.062589+00:00,left,notch,notch::lvl-87.txt,original,original::lvl-12.txt,RIGHT,loss,0.0,True,False,False,1,1,2.14,1,0,0,9,347.0,8.0,31.31914572412359,117.46436286469985,2,1,0,0,0,0,0,0,0,0
v_981d25ec-d535-45f2-9fab-ee172e4eb746,btl_5883034c-ee72-4723-87ba-39e171b782f0,5d45ebf2-ecd8-482e-8151-888fbe6242cc,anon_376d7289-fc63-4549-9336-2b8703819566,2026-03-21T15:47:50.062589+00:00,2026-03-21 15:47:50.062589+00:00,right,original,original::lvl-12.txt,notch,notch::lvl-87.txt,RIGHT,win,1.0,True,False,True,0,0,64.019,52,1,1,241,3364.0,8.0,50.893455366844684,931.2108594427282,106,0,0,0,0,0,0,0,0,0
v_ab061e9a-0297-43da-9c97-a3d238ecee3d,btl_78bfc7f8-bda2-4b51-ae6a-4f3b3bc436d7,5d45ebf2-ecd8-482e-8151-888fbe6242cc,anon_376d7289-fc63-4549-9336-2b8703819566,2026-03-21T15:46:40.772970+00:00,2026-03-21 15:46:40.772970+00:00,left,marioDiffusion,marioDiffusion::level_25.txt,mariogan,mariogan::level_9.txt,RIGHT,loss,0.0,True,False,True,0,0,28.448,35,3,0,107,3242.0,8.0,49.77551668556941,997.7282508294908,73,0,0,0,0,0,0,0,0,0
v_ab061e9a-0297-43da-9c97-a3d238ecee3d,btl_78bfc7f8-bda2-4b51-ae6a-4f3b3bc436d7,5d45ebf2-ecd8-482e-8151-888fbe6242cc,anon_376d7289-fc63-4549-9336-2b8703819566,2026-03-21T15:46:40.772970+00:00,2026-03-21 15:46:40.772970+00:00,right,mariogan,mariogan::level_9.txt,marioDiffusion,marioDiffusion::level_25.txt,RIGHT,win,1.0,True,False,False,1,1,15.644,15,0,0,58,1961.0,8.0,54.74393151802253,501.3311993707798,33,1,0,0,0,0,0,0,0,0
v_9bf14508-d76a-49bc-9e9b-3d5c2e5b9b6a,btl_841cf7ce-0c5f-4fee-8f42-898493c620ee,5d45ebf2-ecd8-482e-8151-888fbe6242cc,anon_376d7289-fc63-4549-9336-2b8703819566,2026-03-21T15:45:53.983138+00:00,2026-03-21 15:45:53.983138+00:00,left,hopper,hopper::lvl-2.txt,mariogpt,mariogpt::level_029.txt,RIGHT,loss,0.0,True,False,True,0,0,14.883,17,0,2,56,3083.0,8.0,39.09717338679018,889.5085521149947,43,0,0,0,0,0,0,0,0,0
v_9bf14508-d76a-49bc-9e9b-3d5c2e5b9b6a,btl_841cf7ce-0c5f-4fee-8f42-898493c620ee,5d45ebf2-ecd8-482e-8151-888fbe6242cc,anon_376d7289-fc63-4549-9336-2b8703819566,2026-03-21T15:45:53.983138+00:00,2026-03-21 15:45:53.983138+00:00,right,mariogpt,mariogpt::level_029.txt,hopper,hopper::lvl-2.txt,RIGHT,win,1.0,True,False,False,1,1,16.212,11,8,1,61,939.0,8.0,39.96327257702806,293.17914263265493,33,1,0,0,0,0,0,0,0,0
v_766e81c9-6cc2-498a-99f9-29f4714b91fd,btl_b120804c-44e9-494d-96b1-1a577316c7b1,5d45ebf2-ecd8-482e-8151-888fbe6242cc,anon_376d7289-fc63-4549-9336-2b8703819566,2026-03-21T15:45:21.251201+00:00,2026-03-21 15:45:21.251201+00:00,left,notchParamRand,notchParamRand::lvl-43.txt,patternOccur,patternOccur::lvl-64.txt,RIGHT,loss,0.0,True,False,True,0,0,10.608,8,0,0,40,3034.0,8.0,38.84873710946084,939.204443931139,16,0,0,0,0,0,0,0,0,0
v_766e81c9-6cc2-498a-99f9-29f4714b91fd,btl_b120804c-44e9-494d-96b1-1a577316c7b1,5d45ebf2-ecd8-482e-8151-888fbe6242cc,anon_376d7289-fc63-4549-9336-2b8703819566,2026-03-21T15:45:21.251201+00:00,2026-03-21 15:45:21.251201+00:00,right,patternOccur,patternOccur::lvl-64.txt,notchParamRand,notchParamRand::lvl-43.txt,RIGHT,win,1.0,True,False,False,1,1,17.914,14,0,0,68,859.0,3.0,32.79908957298372,286.5356596587157,37,1,0,0,0,0,0,0,0,0
v_d0d317eb-f145-4d1d-85d4-a783af6e3f43,btl_293549a1-e600-454a-b423-6d57dadbe701,5d45ebf2-ecd8-482e-8151-888fbe6242cc,anon_376d7289-fc63-4549-9336-2b8703819566,2026-03-21T15:44:50.359269+00:00,2026-03-21 15:44:50.359269+00:00,left,marioDiffusion,marioDiffusion::level_67.txt,notchParam,notchParam::lvl-52.txt,LEFT,win,1.0,True,False,False,1,1,2.11,1,0,0,9,370.0,8.0,26.816247148158354,130.4939334477533,4,1,0,0,0,0,0,0,0,0
v_d0d317eb-f145-4d1d-85d4-a783af6e3f43,btl_293549a1-e600-454a-b423-6d57dadbe701,5d45ebf2-ecd8-482e-8151-888fbe6242cc,anon_376d7289-fc63-4549-9336-2b8703819566,2026-03-21T15:44:50.359269+00:00,2026-03-21 15:44:50.359269+00:00,right,notchParam,notchParam::lvl-52.txt,marioDiffusion,marioDiffusion::level_67.txt,LEFT,loss,0.0,True,False,False,1,1,3.168,3,0,0,13,771.0,8.0,21.23634263522582,264.4898852664956,7,1,0,0,0,0,0,0,0,0
v_584c1f69-c3fb-4f70-8dff-c5f592dc9e16,btl_3ab155b8-0c11-476d-8e3b-b8abf2f99ba8,79505382-1a32-4ab5-a8be-4c30669452ee,anon_052f1356-fd9d-4579-8a5d-bd475652cde1,2026-03-21T15:34:11.744625+00:00,2026-03-21 15:34:11.744625+00:00,left,marioDiffusion,marioDiffusion::level_6.txt,patternWeightCount,patternWeightCount::lvl-28.txt,RIGHT,loss,0.0,True,False,False,1,1,0.534,0,0,0,2,8.0,8.0,0.0,0.0,2,1,0,0,0,0,0,0,0,0
v_584c1f69-c3fb-4f70-8dff-c5f592dc9e16,btl_3ab155b8-0c11-476d-8e3b-b8abf2f99ba8,79505382-1a32-4ab5-a8be-4c30669452ee,anon_052f1356-fd9d-4579-8a5d-bd475652cde1,2026-03-21T15:34:11.744625+00:00,2026-03-21 15:34:11.744625+00:00,right,patternWeightCount,patternWeightCount::lvl-28.txt,marioDiffusion,marioDiffusion::level_6.txt,RIGHT,win,1.0,True,False,False,1,1,22.05,27,1,0,83,1227.0,8.0,32.412567610732985,362.985981093768,70,1,0,0,0,0,0,0,0,0
v_e2d6391d-6def-46b9-abd1-45fe67878775,btl_2c50b136-db1e-492a-b5a3-f8830d204a37,0161e5d6-96d5-41e2-a13b-b53aa7e4dabc,anon_376d7289-fc63-4549-9336-2b8703819566,2026-03-21T07:34:02.799888+00:00,2026-03-21 07:34:02.799888+00:00,left,ore,ore::lvl-99.txt,mariodpo,mariodpo::mariodpo_nintendo_0158.txt,RIGHT,loss,0.0,True,False,False,1,1,31.878,39,2,0,119,2568.0,8.0,56.27475547656747,700.5421712237435,87,1,0,0,0,0,0,0,0,0
v_e2d6391d-6def-46b9-abd1-45fe67878775,btl_2c50b136-db1e-492a-b5a3-f8830d204a37,0161e5d6-96d5-41e2-a13b-b53aa7e4dabc,anon_376d7289-fc63-4549-9336-2b8703819566,2026-03-21T07:34:02.799888+00:00,2026-03-21 07:34:02.799888+00:00,right,mariodpo,mariodpo::mariodpo_nintendo_0158.txt,ore,ore::lvl-99.txt,RIGHT,win,1.0,True,False,False,1,1,20.983,25,3,0,79,1498.0,40.0,56.577045038747436,440.6626654051169,58,1,0,0,0,0,0,0,0,0
v_50e592ef-cc07-4a47-b33a-188553383e5a,btl_14f5deb0-bc30-4e12-aefa-94ef5a09e8e8,0161e5d6-96d5-41e2-a13b-b53aa7e4dabc,anon_376d7289-fc63-4549-9336-2b8703819566,2026-03-21T07:33:07.318320+00:00,2026-03-21 07:33:07.318320+00:00,left,notchParamRand,notchParamRand::lvl-25.txt,patternOccur,patternOccur::lvl-7.txt,LEFT,win,1.0,True,False,False,1,1,3.539,3,0,1,14,744.0,8.0,32.05225325582447,256.05118469492277,10,1,0,0,0,0,0,0,0,0
v_50e592ef-cc07-4a47-b33a-188553383e5a,btl_14f5deb0-bc30-4e12-aefa-94ef5a09e8e8,0161e5d6-96d5-41e2-a13b-b53aa7e4dabc,anon_376d7289-fc63-4549-9336-2b8703819566,2026-03-21T07:33:07.318320+00:00,2026-03-21 07:33:07.318320+00:00,right,patternOccur,patternOccur::lvl-7.txt,notchParamRand,notchParamRand::lvl-25.txt,LEFT,loss,0.0,False,True,False,0,0,0.0,0,0,0,0,,,,,0,0,0,0,0,0,0,0,0,0
v_47589f48-5c4c-4ac4-860c-37762fee0fae,btl_45bad72a-e525-4d96-87bf-dfc8af91c19e,0161e5d6-96d5-41e2-a13b-b53aa7e4dabc,anon_376d7289-fc63-4549-9336-2b8703819566,2026-03-21T07:32:59.986717+00:00,2026-03-21 07:32:59.986717+00:00,left,patternWeightCount,patternWeightCount::lvl-98.txt,hopper,hopper::lvl-7.txt,RIGHT,loss,0.0,True,False,False,1,1,5.912,7,0,0,23,778.0,8.0,39.80234720591474,263.0782010858719,23,1,0,0,0,0,0,0,0,0
v_47589f48-5c4c-4ac4-860c-37762fee0fae,btl_45bad72a-e525-4d96-87bf-dfc8af91c19e,0161e5d6-96d5-41e2-a13b-b53aa7e4dabc,anon_376d7289-fc63-4549-9336-2b8703819566,2026-03-21T07:32:59.986717+00:00,2026-03-21 07:32:59.986717+00:00,right,hopper,hopper::lvl-7.txt,patternWeightCount,patternWeightCount::lvl-98.txt,RIGHT,win,1.0,True,False,False,1,1,4.469,5,0,0,17,1038.0,8.0,24.662567071026324,344.60546620104583,13,1,0,0,0,0,0,0,0,0
v_963f604e-744f-4370-87b3-01c642eabd62,btl_cbf6b4d8-e0b1-46fc-b9a8-5a2d10290763,0161e5d6-96d5-41e2-a13b-b53aa7e4dabc,anon_376d7289-fc63-4549-9336-2b8703819566,2026-03-21T07:32:47.862104+00:00,2026-03-21 07:32:47.862104+00:00,left,notchParamRand,notchParamRand::lvl-29.txt,patternOccur,patternOccur::lvl-10.txt,RIGHT,loss,0.0,True,False,True,0,0,10.374,5,0,0,40,3116.0,8.0,32.13696275319122,980.5567394980261,11,0,0,0,0,0,0,0,0,0
v_963f604e-744f-4370-87b3-01c642eabd62,btl_cbf6b4d8-e0b1-46fc-b9a8-5a2d10290763,0161e5d6-96d5-41e2-a13b-b53aa7e4dabc,anon_376d7289-fc63-4549-9336-2b8703819566,2026-03-21T07:32:47.862104+00:00,2026-03-21 07:32:47.862104+00:00,right,patternOccur,patternOccur::lvl-10.txt,notchParamRand,notchParamRand::lvl-29.txt,RIGHT,win,1.0,True,False,False,1,1,21.684,21,1,0,82,1236.0,8.0,56.03331421753554,385.1865677808745,62,1,0,0,0,0,0,0,0,0
v_e0647564-fd98-4336-8235-65ae64814348,btl_91ef4187-cdc9-4e17-9c52-817b1d6e6f36,0161e5d6-96d5-41e2-a13b-b53aa7e4dabc,anon_376d7289-fc63-4549-9336-2b8703819566,2026-03-21T07:32:14.326958+00:00,2026-03-21 07:32:14.326958+00:00,left,patternOccur,patternOccur::lvl-9.txt,original,original::lvl-2.txt,RIGHT,loss,0.0,True,False,False,1,1,5.711,7,0,0,22,654.0,8.0,32.27506393589509,201.17939447252186,22,1,0,0,0,0,0,0,0,0
v_e0647564-fd98-4336-8235-65ae64814348,btl_91ef4187-cdc9-4e17-9c52-817b1d6e6f36,0161e5d6-96d5-41e2-a13b-b53aa7e4dabc,anon_376d7289-fc63-4549-9336-2b8703819566,2026-03-21T07:32:14.326958+00:00,2026-03-21 07:32:14.326958+00:00,right,original,original::lvl-2.txt,patternOccur,patternOccur::lvl-9.txt,RIGHT,win,1.0,True,False,False,1,1,11.642,13,6,2,42,1159.0,56.0,31.00537587795596,294.5935446949979,45,1,0,0,0,0,0,0,0,0
v_f8c33ec1-45e1-4d03-b2b3-74397136520e,btl_958196b1-453a-4efc-99fb-3e4f88ff95dd,0161e5d6-96d5-41e2-a13b-b53aa7e4dabc,anon_376d7289-fc63-4549-9336-2b8703819566,2026-03-21T07:31:55.103437+00:00,2026-03-21 07:31:55.103437+00:00,left,genetic,genetic::lvl-93.txt,mariogan,mariogan::level_79.txt,TIE,tie,0.5,True,False,False,1,1,3.938,5,0,0,15,945.0,8.0,34.09359666173889,320.85070256013677,11,1,0,0,0,0,0,0,0,0
v_f8c33ec1-45e1-4d03-b2b3-74397136520e,btl_958196b1-453a-4efc-99fb-3e4f88ff95dd,0161e5d6-96d5-41e2-a13b-b53aa7e4dabc,anon_376d7289-fc63-4549-9336-2b8703819566,2026-03-21T07:31:55.103437+00:00,2026-03-21 07:31:55.103437+00:00,right,mariogan,mariogan::level_79.txt,genetic,genetic::lvl-93.txt,TIE,tie,0.5,True,False,False,1,1,8.606,11,0,0,32,1094.0,8.0,49.866844179650066,313.3694763548893,23,1,0,0,0,0,0,0,0,0
v_149eea68-6c15-45fc-858d-f34f0a781618,btl_837ec3fb-f352-4973-a9d6-d7e73c6bdab8,0161e5d6-96d5-41e2-a13b-b53aa7e4dabc,anon_376d7289-fc63-4549-9336-2b8703819566,2026-03-21T07:31:41.040390+00:00,2026-03-21 07:31:41.040390+00:00,left,notchParam,notchParam::lvl-98.txt,patternCount,patternCount::lvl-63.txt,TIE,tie,0.5,True,False,False,1,1,1.417,1,0,0,6,156.0,8.0,10.062305898749054,54.96589851899085,3,1,0,0,0,0,0,0,0,0
v_149eea68-6c15-45fc-858d-f34f0a781618,btl_837ec3fb-f352-4973-a9d6-d7e73c6bdab8,0161e5d6-96d5-41e2-a13b-b53aa7e4dabc,anon_376d7289-fc63-4549-9336-2b8703819566,2026-03-21T07:31:41.040390+00:00,2026-03-21 07:31:41.040390+00:00,right,patternCount,patternCount::lvl-63.txt,notchParam,notchParam::lvl-98.txt,TIE,tie,0.5,True,False,False,1,1,1.917,2,0,0,8,133.0,8.0,29.52091419654886,46.46352736286818,10,1,0,0,0,0,0,0,0,0
v_58dde53b-3bbd-48ea-a39b-da28b1d74c5b,btl_621546f0-18b5-4082-9a76-4a4a41c40270,0161e5d6-96d5-41e2-a13b-b53aa7e4dabc,anon_376d7289-fc63-4549-9336-2b8703819566,2026-03-21T07:31:35.721136+00:00,2026-03-21 07:31:35.721136+00:00,left,notch,notch::lvl-74.txt,genetic,genetic::lvl-15.txt,LEFT,win,1.0,True,False,False,1,1,3.244,2,0,0,13,683.0,8.0,35.15595011377685,236.19373253738303,5,1,0,0,0,0,0,0,0,0
v_58dde53b-3bbd-48ea-a39b-da28b1d74c5b,btl_621546f0-18b5-4082-9a76-4a4a41c40270,0161e5d6-96d5-41e2-a13b-b53aa7e4dabc,anon_376d7289-fc63-4549-9336-2b8703819566,2026-03-21T07:31:35.721136+00:00,2026-03-21 07:31:35.721136+00:00,right,genetic,genetic::lvl-15.txt,notch,notch::lvl-74.txt,LEFT,loss,0.0,True,False,False,1,1,5.437,3,0,0,21,1052.0,8.0,31.67314649062799,312.5195830598754,7,1,0,0,0,0,0,0,0,0
v_7da3afb2-2645-4418-9dbe-796a1a832d79,btl_d1bd74bf-7ab6-45ac-910f-9ea9090783cf,0161e5d6-96d5-41e2-a13b-b53aa7e4dabc,anon_376d7289-fc63-4549-9336-2b8703819566,2026-03-21T07:31:25.550134+00:00,2026-03-21 07:31:25.550134+00:00,left,mariogpt,mariogpt::level_011.txt,patternOccur,patternOccur::lvl-70.txt,LEFT,win,1.0,True,False,False,1,1,34.484,31,24,1,129,1370.0,0.0,42.51900319945113,391.7524158076736,99,1,0,0,0,0,0,0,0,0
v_7da3afb2-2645-4418-9dbe-796a1a832d79,btl_d1bd74bf-7ab6-45ac-910f-9ea9090783cf,0161e5d6-96d5-41e2-a13b-b53aa7e4dabc,anon_376d7289-fc63-4549-9336-2b8703819566,2026-03-21T07:31:25.550134+00:00,2026-03-21 07:31:25.550134+00:00,right,patternOccur,patternOccur::lvl-70.txt,mariogpt,mariogpt::level_011.txt,LEFT,loss,0.0,True,False,False,1,1,40.982,46,1,0,153,2740.0,8.0,40.22268315577016,938.4553104367158,157,1,0,0,0,0,0,0,0,0
v_da8ca6e1-4f37-49e8-864d-1eb3f5c0cfab,btl_83f3381b-34fa-4766-ac80-19301f17e877,0161e5d6-96d5-41e2-a13b-b53aa7e4dabc,anon_376d7289-fc63-4549-9336-2b8703819566,2026-03-21T07:30:06.532736+00:00,2026-03-21 07:30:06.532736+00:00,left,patternWeightCount,patternWeightCount::lvl-31.txt,ore,ore::lvl-41.txt,RIGHT,loss,0.0,True,False,False,1,1,1.613,1,0,0,7,85.0,8.0,45.76292055757787,33.520630260501136,4,1,0,0,0,0,0,0,0,0
v_da8ca6e1-4f37-49e8-864d-1eb3f5c0cfab,btl_83f3381b-34fa-4766-ac80-19301f17e877,0161e5d6-96d5-41e2-a13b-b53aa7e4dabc,anon_376d7289-fc63-4549-9336-2b8703819566,2026-03-21T07:30:06.532736+00:00,2026-03-21 07:30:06.532736+00:00,right,ore,ore::lvl-41.txt,patternWeightCount,patternWeightCount::lvl-31.txt,RIGHT,win,1.0,True,False,False,1,1,5.371,5,0,0,21,777.0,8.0,52.9023401785959,246.04316307355117,13,1,0,0,0,0,0,0,0,0
v_d3010e87-884b-4895-a437-90fc1921c149,btl_88399a24-dacc-4e5b-922b-c5be62d5f118,0161e5d6-96d5-41e2-a13b-b53aa7e4dabc,anon_376d7289-fc63-4549-9336-2b8703819566,2026-03-21T07:29:57.502054+00:00,2026-03-21 07:29:57.502054+00:00,left,notch,notch::lvl-3.txt,hopper,hopper::lvl-74.txt,LEFT,win,1.0,True,False,False,1,1,2.344,1,0,0,9,386.0,8.0,27.753322568302465,135.57786701630675,3,1,0,0,0,0,0,0,0,0
v_d3010e87-884b-4895-a437-90fc1921c149,btl_88399a24-dacc-4e5b-922b-c5be62d5f118,0161e5d6-96d5-41e2-a13b-b53aa7e4dabc,anon_376d7289-fc63-4549-9336-2b8703819566,2026-03-21T07:29:57.502054+00:00,2026-03-21 07:29:57.502054+00:00,right,hopper,hopper::lvl-74.txt,notch,notch::lvl-3.txt,LEFT,loss,0.0,True,False,False,1,1,4.403,4,0,2,17,1142.0,8.0,30.070620454737412,381.86485589288,15,1,0,0,0,0,0,0,0,0
v_6b3920c9-dc8c-44d6-8270-45885a64a2d8,btl_cf99fbb1-4252-4181-81d7-93324e5a0bff,0161e5d6-96d5-41e2-a13b-b53aa7e4dabc,anon_376d7289-fc63-4549-9336-2b8703819566,2026-03-21T07:29:48.253980+00:00,2026-03-21 07:29:48.253980+00:00,left,mariogpt,mariogpt::level_024.txt,notch,notch::lvl-4.txt,LEFT,win,1.0,True,False,False,1,1,13.815,13,0,0,52,899.0,8.0,45.26610995059296,309.750180881647,29,1,0,0,0,0,0,0,0,0
v_6b3920c9-dc8c-44d6-8270-45885a64a2d8,btl_cf99fbb1-4252-4181-81d7-93324e5a0bff,0161e5d6-96d5-41e2-a13b-b53aa7e4dabc,anon_376d7289-fc63-4549-9336-2b8703819566,2026-03-21T07:29:48.253980+00:00,2026-03-21 07:29:48.253980+00:00,right,notch,notch::lvl-4.txt,mariogpt,mariogpt::level_024.txt,LEFT,loss,0.0,True,False,False,1,1,3.581,2,0,0,14,608.0,8.0,21.746686353257104,197.48722510996163,5,1,0,0,0,0,0,0,0,0
v_5ac14cf8-ee1c-4aae-aef9-5e91e69f8040,btl_ad5be82f-a60c-4127-95d6-0ba3bc69e649,05db1b44-a111-409e-9098-f21e03dc8d0c,anon_d6554a56-db8c-4b80-9e65-b0014eca7dbf,2026-03-20T19:09:29.423257+00:00,2026-03-20 19:09:29.423257+00:00,left,mariogpt,mariogpt::level_081.txt,notch,notch::lvl-15.txt,LEFT,win,1.0,True,False,True,0,0,21.834,17,1,2,83,2384.0,8.0,47.84281067531442,708.1578866281664,41,0,1,0,0,0,0,1,0,0
v_5ac14cf8-ee1c-4aae-aef9-5e91e69f8040,btl_ad5be82f-a60c-4127-95d6-0ba3bc69e649,05db1b44-a111-409e-9098-f21e03dc8d0c,anon_d6554a56-db8c-4b80-9e65-b0014eca7dbf,2026-03-20T19:09:29.423257+00:00,2026-03-20 19:09:29.423257+00:00,right,notch,notch::lvl-15.txt,mariogpt,mariogpt::level_081.txt,LEFT,loss,0.0,True,False,False,1,1,7.066,7,0,0,27,773.0,8.0,35.50204306414484,230.43937873165947,16,1,0,0,0,0,0,0,0,0
v_f9759627-f6d8-413c-861a-796da28f797b,btl_d0db2c0b-512d-427a-bba7-6d7e6e0dc542,05db1b44-a111-409e-9098-f21e03dc8d0c,anon_d6554a56-db8c-4b80-9e65-b0014eca7dbf,2026-03-20T19:08:47.388235+00:00,2026-03-20 19:08:47.388235+00:00,left,original,original::lvl-6.txt,marioDiffusion,marioDiffusion::level_28.txt,TIE,tie,0.5,True,False,False,1,1,13.6,18,9,0,52,1831.0,24.0,60.35620350697307,528.7167852255969,48,1,0,0,0,0,0,0,0,0
v_f9759627-f6d8-413c-861a-796da28f797b,btl_d0db2c0b-512d-427a-bba7-6d7e6e0dc542,05db1b44-a111-409e-9098-f21e03dc8d0c,anon_d6554a56-db8c-4b80-9e65-b0014eca7dbf,2026-03-20T19:08:47.388235+00:00,2026-03-20 19:08:47.388235+00:00,right,marioDiffusion,marioDiffusion::level_28.txt,original,original::lvl-6.txt,TIE,tie,0.5,True,False,True,0,0,28.501,32,0,0,108,3309.0,8.0,57.538734940199355,906.1284048788327,65,0,0,0,0,0,0,0,0,0
v_dfe23850-7fca-43c2-967a-bb9d9e71fc34,btl_e79eabae-d47c-442b-8e58-bace72887dbe,5734180c-3f03-4b46-847e-193e81172143,anon_a083e297-896c-414b-9906-aeea4a491cef,2026-03-20T19:06:40.038440+00:00,2026-03-20 19:06:40.038440+00:00,left,notchParam,notchParam::lvl-58.txt,patternOccur,patternOccur::lvl-27.txt,LEFT,win,1.0,True,False,False,1,1,2.867,2,0,0,11,455.0,8.0,31.68908877054432,156.72838008467687,5,1,0,0,0,0,0,0,0,0
v_dfe23850-7fca-43c2-967a-bb9d9e71fc34,btl_e79eabae-d47c-442b-8e58-bace72887dbe,5734180c-3f03-4b46-847e-193e81172143,anon_a083e297-896c-414b-9906-aeea4a491cef,2026-03-20T19:06:40.038440+00:00,2026-03-20 19:06:40.038440+00:00,right,patternOccur,patternOccur::lvl-27.txt,notchParam,notchParam::lvl-58.txt,LEFT,loss,0.0,True,False,False,1,1,9.217,8,0,0,35,840.0,8.0,32.68244239368176,264.62499303500323,25,1,0,0,0,0,0,0,0,0
v_6f846da3-85fd-438d-8671-459dfd75873f,btl_e7f0539e-6938-4137-9bc0-6ee417522afb,5734180c-3f03-4b46-847e-193e81172143,anon_a083e297-896c-414b-9906-aeea4a491cef,2026-03-20T19:06:24.658517+00:00,2026-03-20 19:06:24.658517+00:00,left,original,original::lvl-7.txt,ore,ore::lvl-80.txt,LEFT,win,1.0,True,False,True,0,0,90.435,76,35,1,338,3486.0,24.0,35.27699057265671,908.2777361345893,192,0,0,0,0,0,0,0,0,0
v_6f846da3-85fd-438d-8671-459dfd75873f,btl_e7f0539e-6938-4137-9bc0-6ee417522afb,5734180c-3f03-4b46-847e-193e81172143,anon_a083e297-896c-414b-9906-aeea4a491cef,2026-03-20T19:06:24.658517+00:00,2026-03-20 19:06:24.658517+00:00,right,ore,ore::lvl-80.txt,original,original::lvl-7.txt,LEFT,loss,0.0,True,False,False,1,1,4.35,3,0,0,17,222.0,8.0,40.24930956445371,59.768295399384584,9,1,0,0,0,0,0,0,0,0
v_a05c56ff-10f2-49b6-95e6-389baf9256c8,btl_c7b5bd30-ad20-447c-ba0b-8ac428f2cf5b,9478efab-ad6a-42aa-9acc-e3ee7fe3183d,anon_279752ab-25b8-4149-883c-ca0ea05b4baf,2026-03-20T19:01:54.327127+00:00,2026-03-20 19:01:54.327127+00:00,left,patternWeightCount,patternWeightCount::lvl-9.txt,patternOccur,patternOccur::lvl-55.txt,RIGHT,loss,0.0,True,False,False,1,1,3.367,4,1,0,13,267.0,8.0,36.41038280945918,79.1078957601429,13,1,0,0,0,0,0,0,0,0
v_a05c56ff-10f2-49b6-95e6-389baf9256c8,btl_c7b5bd30-ad20-447c-ba0b-8ac428f2cf5b,9478efab-ad6a-42aa-9acc-e3ee7fe3183d,anon_279752ab-25b8-4149-883c-ca0ea05b4baf,2026-03-20T19:01:54.327127+00:00,2026-03-20 19:01:54.327127+00:00,right,patternOccur,patternOccur::lvl-55.txt,patternWeightCount,patternWeightCount::lvl-9.txt,RIGHT,win,1.0,True,False,False,1,1,1.9,1,0,0,8,219.0,8.0,48.79549159502341,87.224476925918,6,1,0,0,0,0,0,0,0,0
v_79a70c55-9e97-4cfc-a576-716b6544b9a6,btl_33f63e1d-0385-4013-819b-b4076f19b462,9478efab-ad6a-42aa-9acc-e3ee7fe3183d,anon_279752ab-25b8-4149-883c-ca0ea05b4baf,2026-03-20T19:01:45.850610+00:00,2026-03-20 19:01:45.850610+00:00,left,patternOccur,patternOccur::lvl-1.txt,patternWeightCount,patternWeightCount::lvl-9.txt,TIE,tie,0.5,True,False,False,1,1,5.684,5,0,0,22,469.0,8.0,28.836816458670924,143.26699486686326,13,1,0,0,0,0,0,0,0,0
v_79a70c55-9e97-4cfc-a576-716b6544b9a6,btl_33f63e1d-0385-4013-819b-b4076f19b462,9478efab-ad6a-42aa-9acc-e3ee7fe3183d,anon_279752ab-25b8-4149-883c-ca0ea05b4baf,2026-03-20T19:01:45.850610+00:00,2026-03-20 19:01:45.850610+00:00,right,patternWeightCount,patternWeightCount::lvl-9.txt,patternOccur,patternOccur::lvl-1.txt,TIE,tie,0.5,True,False,False,1,1,6.55,6,2,0,25,294.0,8.0,29.178786815081946,91.64496712858814,18,1,0,0,0,0,0,0,0,0
v_dfce0342-dc9c-48ba-b8c5-bb0f75cf9b9d,btl_bbc1cce4-56a1-4d7d-aaaa-997cee0ad588,9478efab-ad6a-42aa-9acc-e3ee7fe3183d,anon_279752ab-25b8-4149-883c-ca0ea05b4baf,2026-03-20T19:01:30.769523+00:00,2026-03-20 19:01:30.769523+00:00,left,patternOccur,patternOccur::lvl-98.txt,hopper,hopper::lvl-18.txt,LEFT,win,1.0,True,False,False,1,1,5.133,5,0,0,20,443.0,8.0,38.838479630387184,142.7271785610575,17,1,0,0,0,0,0,0,0,0
v_dfce0342-dc9c-48ba-b8c5-bb0f75cf9b9d,btl_bbc1cce4-56a1-4d7d-aaaa-997cee0ad588,9478efab-ad6a-42aa-9acc-e3ee7fe3183d,anon_279752ab-25b8-4149-883c-ca0ea05b4baf,2026-03-20T19:01:30.769523+00:00,2026-03-20 19:01:30.769523+00:00,right,hopper,hopper::lvl-18.txt,patternOccur,patternOccur::lvl-98.txt,LEFT,loss,0.0,True,False,False,1,1,2.284,2,0,0,9,448.0,8.0,23.362415738442,158.25608251919098,6,1,0,0,0,0,0,0,0,0
v_f4a6bf60-a5c2-4757-9d88-98f7025837a5,btl_f2d83b97-5c79-4107-9fa4-182abc2b75c6,9478efab-ad6a-42aa-9acc-e3ee7fe3183d,anon_279752ab-25b8-4149-883c-ca0ea05b4baf,2026-03-20T19:01:19.964089+00:00,2026-03-20 19:01:19.964089+00:00,left,notchParamRand,notchParamRand::lvl-8.txt,notch,notch::lvl-50.txt,LEFT,win,1.0,True,False,True,0,0,17.6,11,0,0,66,3087.0,8.0,27.652241584480358,936.667301084067,24,0,0,0,0,0,0,0,0,0
v_f4a6bf60-a5c2-4757-9d88-98f7025837a5,btl_f2d83b97-5c79-4107-9fa4-182abc2b75c6,9478efab-ad6a-42aa-9acc-e3ee7fe3183d,anon_279752ab-25b8-4149-883c-ca0ea05b4baf,2026-03-20T19:01:19.964089+00:00,2026-03-20 19:01:19.964089+00:00,right,notch,notch::lvl-50.txt,notchParamRand,notchParamRand::lvl-8.txt,LEFT,loss,0.0,True,False,False,1,1,1.717,1,0,0,7,332.0,8.0,21.365621823817047,118.63801916686208,4,1,0,0,0,0,0,0,0,0
v_bbb1bd2e-183b-4a65-a254-ff2d48e78078,btl_f3dac5ce-da02-4fb7-a590-684f378afb1d,d5f100f8-438c-48dc-a1fb-51f4f64d3458,anon_376d7289-fc63-4549-9336-2b8703819566,2026-03-20T18:51:42.368412+00:00,2026-03-20 18:51:42.368412+00:00,left,patternCount,patternCount::lvl-56.txt,patternWeightCount,patternWeightCount::lvl-17.txt,TIE,tie,0.5,True,False,False,1,1,6.613,7,0,0,25,290.0,8.0,33.96902118107026,86.4415085476879,26,1,0,0,0,0,0,0,0,0
v_bbb1bd2e-183b-4a65-a254-ff2d48e78078,btl_f3dac5ce-da02-4fb7-a590-684f378afb1d,d5f100f8-438c-48dc-a1fb-51f4f64d3458,anon_376d7289-fc63-4549-9336-2b8703819566,2026-03-20T18:51:42.368412+00:00,2026-03-20 18:51:42.368412+00:00,right,patternWeightCount,patternWeightCount::lvl-17.txt,patternCount,patternCount::lvl-56.txt,TIE,tie,0.5,True,False,False,1,1,0.716,0,0,0,3,8.0,8.0,75.07477753694793,0.0,5,1,0,0,0,0,0,0,0,0
v_b6dcb74c-3b20-49f1-9392-279f54b03d77,btl_70599bc3-9d29-4a81-b9f1-02963f42b9b0,d5f100f8-438c-48dc-a1fb-51f4f64d3458,anon_376d7289-fc63-4549-9336-2b8703819566,2026-03-20T18:51:33.231874+00:00,2026-03-20 18:51:33.231874+00:00,left,original,original::lvl-4.txt,patternCount,patternCount::lvl-12.txt,LEFT,win,1.0,True,False,False,1,1,8.502,7,3,1,33,790.0,40.0,56.431500363197024,245.5158995522816,20,1,0,0,0,0,0,0,0,0
v_b6dcb74c-3b20-49f1-9392-279f54b03d77,btl_70599bc3-9d29-4a81-b9f1-02963f42b9b0,d5f100f8-438c-48dc-a1fb-51f4f64d3458,anon_376d7289-fc63-4549-9336-2b8703819566,2026-03-20T18:51:33.231874+00:00,2026-03-20 18:51:33.231874+00:00,right,patternCount,patternCount::lvl-12.txt,original,original::lvl-4.txt,LEFT,loss,0.0,True,False,False,1,1,2.05,2,0,0,8,131.0,8.0,34.132096331752024,39.567782032861025,10,1,0,0,0,0,0,0,0,0
v_cc51f3a4-9e05-421e-9c7e-ce9e7aa7f4a5,btl_85ed03c3-5294-42ab-a88c-0c20f4a93425,d5f100f8-438c-48dc-a1fb-51f4f64d3458,anon_376d7289-fc63-4549-9336-2b8703819566,2026-03-20T18:51:20.913058+00:00,2026-03-20 18:51:20.913058+00:00,left,patternCount,patternCount::lvl-62.txt,notchParam,notchParam::lvl-41.txt,TIE,tie,0.5,True,False,False,1,1,0.708,0,0,0,3,8.0,8.0,75.07477753694793,0.0,8,1,0,0,0,0,0,0,0,0
v_cc51f3a4-9e05-421e-9c7e-ce9e7aa7f4a5,btl_85ed03c3-5294-42ab-a88c-0c20f4a93425,d5f100f8-438c-48dc-a1fb-51f4f64d3458,anon_376d7289-fc63-4549-9336-2b8703819566,2026-03-20T18:51:20.913058+00:00,2026-03-20 18:51:20.913058+00:00,right,notchParam,notchParam::lvl-41.txt,patternCount,patternCount::lvl-62.txt,TIE,tie,0.5,True,False,False,1,1,9.675,11,0,0,37,2159.0,8.0,37.123232680828664,684.1117993288874,22,1,0,0,0,0,0,0,0,0
v_a39ee348-8f34-4ad6-868e-c38f55c7145e,btl_b4a08c7c-c4e4-45a0-bc8c-f54b697ea914,d5f100f8-438c-48dc-a1fb-51f4f64d3458,anon_376d7289-fc63-4549-9336-2b8703819566,2026-03-20T18:51:08.619610+00:00,2026-03-20 18:51:08.619610+00:00,left,mariogpt,mariogpt::level_082.txt,mariogan,mariogan::level_30.txt,RIGHT,loss,0.0,True,False,False,1,1,0.083,0,0,0,1,8.0,8.0,0.0,0.0,2,1,0,0,0,0,0,0,0,0
v_a39ee348-8f34-4ad6-868e-c38f55c7145e,btl_b4a08c7c-c4e4-45a0-bc8c-f54b697ea914,d5f100f8-438c-48dc-a1fb-51f4f64d3458,anon_376d7289-fc63-4549-9336-2b8703819566,2026-03-20T18:51:08.619610+00:00,2026-03-20 18:51:08.619610+00:00,right,mariogan,mariogan::level_30.txt,mariogpt,mariogpt::level_082.txt,RIGHT,win,1.0,True,False,False,1,1,2.768,4,0,0,11,347.0,8.0,40.834072630626814,125.41890139227931,10,1,0,0,0,0,0,0,0,0
v_88894a21-13c2-4b51-88d0-124a1fe1d53b,btl_9046941a-43e2-4c1c-80f6-3c8f3bd4c251,d5f100f8-438c-48dc-a1fb-51f4f64d3458,anon_376d7289-fc63-4549-9336-2b8703819566,2026-03-20T18:51:03.616576+00:00,2026-03-20 18:51:03.616576+00:00,left,notchParamRand,notchParamRand::lvl-70.txt,mariogpt,mariogpt::level_062.txt,RIGHT,loss,0.0,True,False,False,1,1,4.208,5,1,0,16,1022.0,8.0,33.33020167580749,345.7431985954315,12,1,0,0,0,0,0,0,0,0
v_88894a21-13c2-4b51-88d0-124a1fe1d53b,btl_9046941a-43e2-4c1c-80f6-3c8f3bd4c251,d5f100f8-438c-48dc-a1fb-51f4f64d3458,anon_376d7289-fc63-4549-9336-2b8703819566,2026-03-20T18:51:03.616576+00:00,2026-03-20 18:51:03.616576+00:00,right,mariogpt,mariogpt::level_062.txt,notchParamRand,notchParamRand::lvl-70.txt,RIGHT,win,1.0,True,False,False,1,1,6.737,8,0,1,26,1243.0,8.0,37.01041353537098,405.9738692876411,18,1,0,0,0,0,0,0,0,0
v_e8e426b4-b149-4ddc-977b-4a44d254b349,btl_b8bd7273-d7f5-4265-9903-30c2e647fa4a,d5f100f8-438c-48dc-a1fb-51f4f64d3458,anon_376d7289-fc63-4549-9336-2b8703819566,2026-03-20T18:50:50.724383+00:00,2026-03-20 18:50:50.724383+00:00,left,patternCount,patternCount::lvl-36.txt,mariogan,mariogan::level_2.txt,RIGHT,loss,0.0,True,False,False,1,1,0.702,0,0,0,3,8.0,8.0,75.07477753694793,0.0,10,1,0,0,0,0,0,0,0,0
v_e8e426b4-b149-4ddc-977b-4a44d254b349,btl_b8bd7273-d7f5-4265-9903-30c2e647fa4a,d5f100f8-438c-48dc-a1fb-51f4f64d3458,anon_376d7289-fc63-4549-9336-2b8703819566,2026-03-20T18:50:50.724383+00:00,2026-03-20 18:50:50.724383+00:00,right,mariogan,mariogan::level_2.txt,patternCount,patternCount::lvl-36.txt,RIGHT,win,1.0,True,False,False,1,1,10.441,11,0,3,40,2362.0,8.0,44.98621316581337,709.2999889856196,27,1,0,0,0,0,0,0,0,0
v_3a027b56-11a8-4b5f-bddc-a501eb98ddf8,btl_1216576a-0b97-41ff-9dc0-39d3a27fafd6,d5f100f8-438c-48dc-a1fb-51f4f64d3458,anon_376d7289-fc63-4549-9336-2b8703819566,2026-03-20T18:50:37.765102+00:00,2026-03-20 18:50:37.765102+00:00,left,mariogan,mariogan::level_7.txt,ore,ore::lvl-92.txt,RIGHT,loss,0.0,True,False,False,1,1,5.102,6,0,0,20,989.0,8.0,41.83476425175598,327.40269928636815,14,1,0,0,0,0,0,0,0,0
v_3a027b56-11a8-4b5f-bddc-a501eb98ddf8,btl_1216576a-0b97-41ff-9dc0-39d3a27fafd6,d5f100f8-438c-48dc-a1fb-51f4f64d3458,anon_376d7289-fc63-4549-9336-2b8703819566,2026-03-20T18:50:37.765102+00:00,2026-03-20 18:50:37.765102+00:00,right,ore,ore::lvl-92.txt,mariogan,mariogan::level_7.txt,RIGHT,win,1.0,True,False,False,1,1,12.542,14,0,0,48,955.0,8.0,42.485761503773894,282.0909157031155,31,1,0,0,0,0,0,0,0,0
v_38b417e7-8693-4a6f-a64f-0875ae2577f4,btl_6317a02f-f392-43e2-afc0-0d00f3a34ea8,d5f100f8-438c-48dc-a1fb-51f4f64d3458,anon_376d7289-fc63-4549-9336-2b8703819566,2026-03-20T18:50:16.932138+00:00,2026-03-20 18:50:16.932138+00:00,left,patternWeightCount,patternWeightCount::lvl-39.txt,mariogan,mariogan::level_67.txt,LEFT,win,1.0,True,False,False,1,1,8.535,8,0,0,33,629.0,8.0,36.17199501189416,175.55731537749375,24,1,0,0,0,0,0,0,0,0
v_38b417e7-8693-4a6f-a64f-0875ae2577f4,btl_6317a02f-f392-43e2-afc0-0d00f3a34ea8,d5f100f8-438c-48dc-a1fb-51f4f64d3458,anon_376d7289-fc63-4549-9336-2b8703819566,2026-03-20T18:50:16.932138+00:00,2026-03-20 18:50:16.932138+00:00,right,mariogan,mariogan::level_67.txt,patternWeightCount,patternWeightCount::lvl-39.txt,LEFT,loss,0.0,True,False,False,1,1,0.65,0,0,0,3,9.0,8.0,75.07477753694793,0.4714045207910317,1,1,0,0,0,0,0,0,0,0
v_08d980d9-d619-4da3-853b-791f0136ef86,btl_7af03c06-33a6-465b-a218-005da3e72c36,d5f100f8-438c-48dc-a1fb-51f4f64d3458,anon_376d7289-fc63-4549-9336-2b8703819566,2026-03-20T18:50:03.065879+00:00,2026-03-20 18:50:03.065879+00:00,left,marioDiffusion,marioDiffusion::level_57.txt,mariodpo,mariodpo::mariodpo_nintendo_0098.txt,RIGHT,loss,0.0,True,False,False,1,1,2.545,1,0,0,10,177.0,8.0,20.219792283799556,54.16096380235493,2,1,0,0,0,0,0,0,0,0
v_08d980d9-d619-4da3-853b-791f0136ef86,btl_7af03c06-33a6-465b-a218-005da3e72c36,d5f100f8-438c-48dc-a1fb-51f4f64d3458,anon_376d7289-fc63-4549-9336-2b8703819566,2026-03-20T18:50:03.065879+00:00,2026-03-20 18:50:03.065879+00:00,right,mariodpo,mariodpo::mariodpo_nintendo_0098.txt,marioDiffusion,marioDiffusion::level_57.txt,RIGHT,win,1.0,True,False,False,1,1,19.115,16,0,0,72,1519.0,40.0,59.54973638392585,439.58136650428867,42,1,0,0,0,0,0,0,0,0
v_6b646d99-286a-48f3-9c92-a9140914c558,btl_017caf56-a5e2-47f0-a784-b59280c989f0,d5f100f8-438c-48dc-a1fb-51f4f64d3458,anon_376d7289-fc63-4549-9336-2b8703819566,2026-03-20T18:49:38.441272+00:00,2026-03-20 18:49:38.441272+00:00,left,patternWeightCount,patternWeightCount::lvl-44.txt,mariogpt,mariogpt::level_059.txt,RIGHT,loss,0.0,True,False,False,1,1,0.709,0,0,0,3,8.0,8.0,75.07477753694793,0.0,3,1,0,0,0,0,0,0,0,0
v_6b646d99-286a-48f3-9c92-a9140914c558,btl_017caf56-a5e2-47f0-a784-b59280c989f0,d5f100f8-438c-48dc-a1fb-51f4f64d3458,anon_376d7289-fc63-4549-9336-2b8703819566,2026-03-20T18:49:38.441272+00:00,2026-03-20 18:49:38.441272+00:00,right,mariogpt,mariogpt::level_059.txt,patternWeightCount,patternWeightCount::lvl-44.txt,RIGHT,win,1.0,True,False,True,0,0,55.311,56,26,3,206,2360.0,0.0,40.40901613703978,845.6763058469252,147,0,0,0,0,0,0,0,0,0
v_5f435467-adb3-4a5b-b1c0-fc3533cb7b8e,btl_e363841f-3cc3-4cac-8e6f-80f83db91641,d5f100f8-438c-48dc-a1fb-51f4f64d3458,anon_376d7289-fc63-4549-9336-2b8703819566,2026-03-20T18:48:40.162580+00:00,2026-03-20 18:48:40.162580+00:00,left,hopper,hopper::lvl-16.txt,patternWeightCount,patternWeightCount::lvl-24.txt,LEFT,win,1.0,True,False,True,0,0,21.285,21,0,3,80,3098.0,8.0,40.843596499329,900.6032006383277,52,0,0,0,0,0,0,0,0,0
v_5f435467-adb3-4a5b-b1c0-fc3533cb7b8e,btl_e363841f-3cc3-4cac-8e6f-80f83db91641,d5f100f8-438c-48dc-a1fb-51f4f64d3458,anon_376d7289-fc63-4549-9336-2b8703819566,2026-03-20T18:48:40.162580+00:00,2026-03-20 18:48:40.162580+00:00,right,patternWeightCount,patternWeightCount::lvl-24.txt,hopper,hopper::lvl-16.txt,LEFT,loss,0.0,True,False,False,1,1,6.637,8,0,0,26,520.0,8.0,39.93169093374838,151.1497161306978,22,1,0,0,0,0,0,0,0,0
v_1a7e32dd-1d9f-49fe-9a6f-a0425cc57271,btl_cc885109-248d-4306-959b-d43ae79c5823,d5f100f8-438c-48dc-a1fb-51f4f64d3458,anon_376d7289-fc63-4549-9336-2b8703819566,2026-03-20T18:48:10.235691+00:00,2026-03-20 18:48:10.235691+00:00,left,patternOccur,patternOccur::lvl-71.txt,mariodpo,mariodpo::mariodpo_nintendo_0119.txt,RIGHT,loss,0.0,True,False,False,1,1,4.683,3,1,0,18,171.0,8.0,32.68026927673638,41.21877793337628,9,1,0,0,0,0,0,0,0,0
v_1a7e32dd-1d9f-49fe-9a6f-a0425cc57271,btl_cc885109-248d-4306-959b-d43ae79c5823,d5f100f8-438c-48dc-a1fb-51f4f64d3458,anon_376d7289-fc63-4549-9336-2b8703819566,2026-03-20T18:48:10.235691+00:00,2026-03-20 18:48:10.235691+00:00,right,mariodpo,mariodpo::mariodpo_nintendo_0119.txt,patternOccur,patternOccur::lvl-71.txt,RIGHT,win,1.0,True,False,False,1,1,9.874,9,1,0,38,554.0,40.0,41.5190107643191,148.62296130153908,22,1,0,0,0,0,0,0,0,0
v_a215f2cd-98d6-4cd7-b41b-ef895e06b214,btl_503495b1-22b5-47be-bb86-ea4908855ae2,d5f100f8-438c-48dc-a1fb-51f4f64d3458,anon_376d7289-fc63-4549-9336-2b8703819566,2026-03-20T18:47:53.722567+00:00,2026-03-20 18:47:53.722567+00:00,left,patternCount,patternCount::lvl-93.txt,mariodpo,mariodpo::mariodpo_nintendo_0151.txt,RIGHT,loss,0.0,True,False,False,1,1,0.71,0,0,0,3,8.0,8.0,75.07477753694793,0.0,8,1,0,0,0,0,0,0,0,0
v_a215f2cd-98d6-4cd7-b41b-ef895e06b214,btl_503495b1-22b5-47be-bb86-ea4908855ae2,d5f100f8-438c-48dc-a1fb-51f4f64d3458,anon_376d7289-fc63-4549-9336-2b8703819566,2026-03-20T18:47:53.722567+00:00,2026-03-20 18:47:53.722567+00:00,right,mariodpo,mariodpo::mariodpo_nintendo_0151.txt,patternCount,patternCount::lvl-93.txt,RIGHT,win,1.0,True,False,False,1,1,9.974,8,0,0,38,356.0,40.0,62.444679117908066,80.43824303046566,18,1,0,0,0,0,0,0,0,0
v_03d92902-ca2b-4599-bfd6-8800283450d0,btl_8dd6bca2-6118-426d-8bd8-26043318775c,d5f100f8-438c-48dc-a1fb-51f4f64d3458,anon_376d7289-fc63-4549-9336-2b8703819566,2026-03-20T18:47:40.849109+00:00,2026-03-20 18:47:40.849109+00:00,left,genetic,genetic::lvl-48.txt,mariodpo,mariodpo::mariodpo_nintendo_0077.txt,TIE,tie,0.5,True,False,False,1,1,10.014,7,0,0,38,683.0,8.0,26.117847667045666,228.17864441553908,16,1,0,0,0,0,0,0,0,0
v_03d92902-ca2b-4599-bfd6-8800283450d0,btl_8dd6bca2-6118-426d-8bd8-26043318775c,d5f100f8-438c-48dc-a1fb-51f4f64d3458,anon_376d7289-fc63-4549-9336-2b8703819566,2026-03-20T18:47:40.849109+00:00,2026-03-20 18:47:40.849109+00:00,right,mariodpo,mariodpo::mariodpo_nintendo_0077.txt,genetic,genetic::lvl-48.txt,TIE,tie,0.5,True,False,False,1,1,1.85,1,0,0,8,274.0,40.0,22.158167230165947,88.63936766471205,4,1,0,0,0,0,0,0,0,0
v_c54fef74-7cae-4698-980c-d5e703fdaef0,btl_f61ada74-8a66-4ad8-8bdc-3d12cf489df7,21ef9fa5-122a-4d6d-bcdc-5b608ee2e545,anon_160509a4-6404-4ae8-93c9-fa4bc251f103,2026-03-18T19:22:43.316310+00:00,2026-03-18 19:22:43.316310+00:00,left,mariogan,mariogan::level_64.txt,notch,notch::lvl-43.txt,RIGHT,loss,0.0,True,False,False,1,1,10.301,4,0,0,39,533.0,8.0,28.49266027730376,148.67699259210465,8,1,0,0,0,0,0,0,0,0
v_c54fef74-7cae-4698-980c-d5e703fdaef0,btl_f61ada74-8a66-4ad8-8bdc-3d12cf489df7,21ef9fa5-122a-4d6d-bcdc-5b608ee2e545,anon_160509a4-6404-4ae8-93c9-fa4bc251f103,2026-03-18T19:22:43.316310+00:00,2026-03-18 19:22:43.316310+00:00,right,notch,notch::lvl-43.txt,mariogan,mariogan::level_64.txt,RIGHT,win,1.0,True,False,False,1,1,6.466,6,0,1,25,1144.0,8.0,24.846730167166868,342.41436885738307,15,1,0,0,0,0,0,0,0,0
v_73b6cb93-f34f-45ce-b161-437fe4c27bef,btl_3c19c72c-e550-4977-859d-9272ae477774,21ef9fa5-122a-4d6d-bcdc-5b608ee2e545,anon_160509a4-6404-4ae8-93c9-fa4bc251f103,2026-03-18T19:22:24.036662+00:00,2026-03-18 19:22:24.036662+00:00,left,notchParamRand,notchParamRand::lvl-72.txt,notch,notch::lvl-42.txt,LEFT,win,1.0,True,False,True,0,0,23.251,23,0,1,88,3105.0,8.0,35.632259663386606,756.1545384049567,48,0,0,0,0,0,0,0,0,0
v_73b6cb93-f34f-45ce-b161-437fe4c27bef,btl_3c19c72c-e550-4977-859d-9272ae477774,21ef9fa5-122a-4d6d-bcdc-5b608ee2e545,anon_160509a4-6404-4ae8-93c9-fa4bc251f103,2026-03-18T19:22:24.036662+00:00,2026-03-18 19:22:24.036662+00:00,right,notch,notch::lvl-42.txt,notchParamRand,notchParamRand::lvl-72.txt,LEFT,loss,0.0,True,False,False,1,1,2.116,2,0,0,9,402.0,8.0,46.50315268749575,141.01781692877685,4,1,0,0,0,0,0,0,0,0
v_337ee1d4-8fda-4193-b147-66e007c5ce1e,btl_39988422-2252-4171-aaef-8dbcf551dbf5,21ef9fa5-122a-4d6d-bcdc-5b608ee2e545,anon_160509a4-6404-4ae8-93c9-fa4bc251f103,2026-03-18T19:21:57.065085+00:00,2026-03-18 19:21:57.065085+00:00,left,notchParam,notchParam::lvl-23.txt,patternCount,patternCount::lvl-54.txt,LEFT,win,1.0,True,False,False,1,1,4.816,5,0,0,19,684.0,8.0,29.10397827181943,245.7924377145748,12,1,0,0,0,0,0,0,0,0
v_337ee1d4-8fda-4193-b147-66e007c5ce1e,btl_39988422-2252-4171-aaef-8dbcf551dbf5,21ef9fa5-122a-4d6d-bcdc-5b608ee2e545,anon_160509a4-6404-4ae8-93c9-fa4bc251f103,2026-03-18T19:21:57.065085+00:00,2026-03-18 19:21:57.065085+00:00,right,patternCount,patternCount::lvl-54.txt,notchParam,notchParam::lvl-23.txt,LEFT,loss,0.0,True,False,False,1,1,0.717,0,0,0,3,8.0,8.0,75.07477753694793,0.0,8,1,0,0,0,0,0,0,0,0
v_88d38287-78e4-4f53-a161-a9046ef9be75,btl_5c942bdc-dbe3-4bb2-80c9-ddbe6c7d4311,21ef9fa5-122a-4d6d-bcdc-5b608ee2e545,anon_160509a4-6404-4ae8-93c9-fa4bc251f103,2026-03-18T19:21:49.558210+00:00,2026-03-18 19:21:49.558210+00:00,left,genetic,genetic::lvl-51.txt,notchParam,notchParam::lvl-98.txt,LEFT,win,1.0,True,False,False,1,1,71.718,9,0,0,270,1828.0,8.0,18.55326407082473,413.41014056380817,19,1,0,0,0,0,0,0,0,0
v_88d38287-78e4-4f53-a161-a9046ef9be75,btl_5c942bdc-dbe3-4bb2-80c9-ddbe6c7d4311,21ef9fa5-122a-4d6d-bcdc-5b608ee2e545,anon_160509a4-6404-4ae8-93c9-fa4bc251f103,2026-03-18T19:21:49.558210+00:00,2026-03-18 19:21:49.558210+00:00,right,notchParam,notchParam::lvl-98.txt,genetic,genetic::lvl-51.txt,LEFT,loss,0.0,True,False,False,1,1,16.783,13,0,0,64,2276.0,8.0,30.577769702841312,650.0988596696275,27,1,0,0,0,0,0,0,0,0
v_656ce6a4-5b5c-4128-a87d-71873f3df718,btl_cc13580b-85cd-4b5c-80fc-7da57e65403b,21ef9fa5-122a-4d6d-bcdc-5b608ee2e545,anon_160509a4-6404-4ae8-93c9-fa4bc251f103,2026-03-18T19:20:13.683856+00:00,2026-03-18 19:20:13.683856+00:00,left,notchParamRand,notchParamRand::lvl-44.txt,patternWeightCount,patternWeightCount::lvl-33.txt,LEFT,win,1.0,True,False,False,1,1,9.617,10,0,0,37,2093.0,8.0,43.982714580668926,651.4829563132799,20,1,0,0,0,0,0,0,0,0
v_656ce6a4-5b5c-4128-a87d-71873f3df718,btl_cc13580b-85cd-4b5c-80fc-7da57e65403b,21ef9fa5-122a-4d6d-bcdc-5b608ee2e545,anon_160509a4-6404-4ae8-93c9-fa4bc251f103,2026-03-18T19:20:13.683856+00:00,2026-03-18 19:20:13.683856+00:00,right,patternWeightCount,patternWeightCount::lvl-33.txt,notchParamRand,notchParamRand::lvl-44.txt,LEFT,loss,0.0,True,False,False,1,1,1.85,2,0,0,8,91.0,8.0,38.80318930191177,33.54637648092562,9,1,0,0,0,0,0,0,0,0
v_a5bbae54-f9b7-40a0-a50c-f1a748629c3b,btl_976f74b0-25d9-452f-97af-89fc8d48e0b6,21ef9fa5-122a-4d6d-bcdc-5b608ee2e545,anon_160509a4-6404-4ae8-93c9-fa4bc251f103,2026-03-18T19:19:59.175244+00:00,2026-03-18 19:19:59.175244+00:00,left,genetic,genetic::lvl-99.txt,patternWeightCount,patternWeightCount::lvl-4.txt,LEFT,win,1.0,True,False,True,0,0,179.587,5,0,0,674,2036.0,8.0,7.863476848962027,222.84290270202447,10,0,0,0,0,0,0,0,0,0
v_a5bbae54-f9b7-40a0-a50c-f1a748629c3b,btl_976f74b0-25d9-452f-97af-89fc8d48e0b6,21ef9fa5-122a-4d6d-bcdc-5b608ee2e545,anon_160509a4-6404-4ae8-93c9-fa4bc251f103,2026-03-18T19:19:59.175244+00:00,2026-03-18 19:19:59.175244+00:00,right,patternWeightCount,patternWeightCount::lvl-4.txt,genetic,genetic::lvl-99.txt,LEFT,loss,0.0,True,False,False,1,1,2.733,2,0,0,11,235.0,8.0,32.42894330126043,82.64801398022843,8,1,0,0,0,0,0,0,0,0
v_605c4115-08b7-4bba-81dd-02ada754b34e,btl_1811e69c-02f4-49c1-a3a3-2f9d95db29ab,1b240271-cfa3-4f88-824c-188eea08c238,anon_169470ab-bdc6-4c10-9e18-cfe46e26f1d7,2026-03-18T18:54:51.030326+00:00,2026-03-18 18:54:51.030326+00:00,left,mariodpo,mariodpo::mariodpo_nintendo_0016.txt,ore,ore::lvl-7.txt,LEFT,win,1.0,True,False,False,1,1,9.6,8,0,4,37,852.0,40.0,37.86149839385911,227.61104739666112,24,1,0,0,0,0,0,0,0,0
v_605c4115-08b7-4bba-81dd-02ada754b34e,btl_1811e69c-02f4-49c1-a3a3-2f9d95db29ab,1b240271-cfa3-4f88-824c-188eea08c238,anon_169470ab-bdc6-4c10-9e18-cfe46e26f1d7,2026-03-18T18:54:51.030326+00:00,2026-03-18 18:54:51.030326+00:00,right,ore,ore::lvl-7.txt,mariodpo,mariodpo::mariodpo_nintendo_0016.txt,LEFT,loss,0.0,True,False,False,1,1,1.483,0,0,0,6,116.0,8.0,15.279797846248563,40.33918690305991,1,1,0,0,0,0,0,0,0,0
v_4da287fa-2048-4344-97d3-bc51bb88ae35,btl_dc5642b4-9e98-442f-9a94-63f6cb50ecd1,1b240271-cfa3-4f88-824c-188eea08c238,anon_169470ab-bdc6-4c10-9e18-cfe46e26f1d7,2026-03-18T18:54:32.193442+00:00,2026-03-18 18:54:32.193442+00:00,left,genetic,genetic::lvl-23.txt,original,original::lvl-9.txt,RIGHT,loss,0.0,True,False,True,0,0,11.584,9,0,0,44,2042.0,8.0,38.08328058781936,646.2651771800313,19,0,0,0,0,0,0,0,0,0
v_4da287fa-2048-4344-97d3-bc51bb88ae35,btl_dc5642b4-9e98-442f-9a94-63f6cb50ecd1,1b240271-cfa3-4f88-824c-188eea08c238,anon_169470ab-bdc6-4c10-9e18-cfe46e26f1d7,2026-03-18T18:54:32.193442+00:00,2026-03-18 18:54:32.193442+00:00,right,original,original::lvl-9.txt,genetic,genetic::lvl-23.txt,RIGHT,win,1.0,True,False,False,1,1,20.6,18,0,4,78,2410.0,24.0,33.62745240953521,668.3883985244292,41,1,0,0,0,0,0,0,0,0
v_28a1a478-2174-473f-9b4c-5c58a5667544,btl_4a42fc92-7bcc-4730-9dd2-32160525e645,1b240271-cfa3-4f88-824c-188eea08c238,anon_169470ab-bdc6-4c10-9e18-cfe46e26f1d7,2026-03-18T18:53:56.367294+00:00,2026-03-18 18:53:56.367294+00:00,left,mariogan,mariogan::level_31.txt,ore,ore::lvl-17.txt,RIGHT,loss,0.0,True,False,False,1,1,8.033,9,0,0,31,1078.0,8.0,43.46031715868878,358.18695959357984,18,1,0,0,0,0,0,0,0,0
v_28a1a478-2174-473f-9b4c-5c58a5667544,btl_4a42fc92-7bcc-4730-9dd2-32160525e645,1b240271-cfa3-4f88-824c-188eea08c238,anon_169470ab-bdc6-4c10-9e18-cfe46e26f1d7,2026-03-18T18:53:56.367294+00:00,2026-03-18 18:53:56.367294+00:00,right,ore,ore::lvl-17.txt,mariogan,mariogan::level_31.txt,RIGHT,win,1.0,True,False,False,1,1,12.317,15,0,0,47,1167.0,8.0,46.22024938429281,355.9078433218085,38,1,0,0,0,0,0,0,0,0
v_fbbf1360-8e3f-4eb1-b1e3-d69641d6b3ba,btl_2a80cfa0-7406-4806-9497-f4844faa1b56,1b240271-cfa3-4f88-824c-188eea08c238,anon_169470ab-bdc6-4c10-9e18-cfe46e26f1d7,2026-03-18T18:53:33.324579+00:00,2026-03-18 18:53:33.324579+00:00,left,patternWeightCount,patternWeightCount::lvl-77.txt,notch,notch::lvl-86.txt,TIE,tie,0.5,True,False,False,1,1,11.417,13,0,0,43,1150.0,8.0,31.500633111496263,343.18469200789826,35,1,0,0,0,0,0,0,0,0
v_fbbf1360-8e3f-4eb1-b1e3-d69641d6b3ba,btl_2a80cfa0-7406-4806-9497-f4844faa1b56,1b240271-cfa3-4f88-824c-188eea08c238,anon_169470ab-bdc6-4c10-9e18-cfe46e26f1d7,2026-03-18T18:53:33.324579+00:00,2026-03-18 18:53:33.324579+00:00,right,notch,notch::lvl-86.txt,patternWeightCount,patternWeightCount::lvl-77.txt,TIE,tie,0.5,True,False,False,1,1,4.467,5,0,0,17,684.0,8.0,37.14909639980223,215.18303145048742,10,1,0,0,0,0,0,0,0,0
v_0ceb28b4-fd0b-4787-a154-087771c61c78,btl_b33b056a-1c4d-42c3-b71a-dd6a437b92c9,1b240271-cfa3-4f88-824c-188eea08c238,anon_169470ab-bdc6-4c10-9e18-cfe46e26f1d7,2026-03-18T18:53:13.075196+00:00,2026-03-18 18:53:13.075196+00:00,left,genetic,genetic::lvl-35.txt,mariodpo,mariodpo::mariodpo_nintendo_0183.txt,TIE,tie,0.5,True,False,False,1,1,2.9,0,1,0,11,253.0,8.0,0.8624393618641034,90.23788579669767,2,1,0,0,0,0,0,0,0,0
v_0ceb28b4-fd0b-4787-a154-087771c61c78,btl_b33b056a-1c4d-42c3-b71a-dd6a437b92c9,1b240271-cfa3-4f88-824c-188eea08c238,anon_169470ab-bdc6-4c10-9e18-cfe46e26f1d7,2026-03-18T18:53:13.075196+00:00,2026-03-18 18:53:13.075196+00:00,right,mariodpo,mariodpo::mariodpo_nintendo_0183.txt,genetic,genetic::lvl-35.txt,TIE,tie,0.5,True,False,False,1,1,1.8,1,0,0,7,315.0,40.0,21.596484974766287,101.88709237109838,4,1,0,0,0,0,0,0,0,0
v_f4e70017-e6cd-404f-89a7-34d82572ec77,btl_97a3b3dc-a612-4abc-b711-50840206d4ea,1b240271-cfa3-4f88-824c-188eea08c238,anon_169470ab-bdc6-4c10-9e18-cfe46e26f1d7,2026-03-18T18:53:05.467651+00:00,2026-03-18 18:53:05.467651+00:00,left,patternOccur,patternOccur::lvl-24.txt,notchParam,notchParam::lvl-28.txt,TIE,tie,0.5,True,False,False,1,1,25.284,29,1,0,95,1730.0,8.0,35.99996306553969,539.2451249848668,83,1,0,0,0,0,0,0,0,0
v_f4e70017-e6cd-404f-89a7-34d82572ec77,btl_97a3b3dc-a612-4abc-b711-50840206d4ea,1b240271-cfa3-4f88-824c-188eea08c238,anon_169470ab-bdc6-4c10-9e18-cfe46e26f1d7,2026-03-18T18:53:05.467651+00:00,2026-03-18 18:53:05.467651+00:00,right,notchParam,notchParam::lvl-28.txt,patternOccur,patternOccur::lvl-24.txt,TIE,tie,0.5,True,False,False,1,1,2.367,2,0,0,10,510.0,8.0,43.67195896682447,176.94677165746765,5,1,0,0,0,0,0,0,0,0
v_5271b6d6-3301-4f0c-be06-87abde483330,btl_628adac0-4577-4807-8a1a-1c9de3620d18,65632cc0-de44-4c28-ae39-5a04c4f6fd53,anon_169470ab-bdc6-4c10-9e18-cfe46e26f1d7,2026-03-18T18:52:23.132324+00:00,2026-03-18 18:52:23.132324+00:00,left,marioDiffusion,marioDiffusion::level_2.txt,notch,notch::lvl-63.txt,RIGHT,loss,0.0,True,False,False,1,1,6.35,7,1,2,24,925.0,8.0,51.49892124005015,273.5031484685729,17,1,0,0,0,0,0,0,0,0
v_5271b6d6-3301-4f0c-be06-87abde483330,btl_628adac0-4577-4807-8a1a-1c9de3620d18,65632cc0-de44-4c28-ae39-5a04c4f6fd53,anon_169470ab-bdc6-4c10-9e18-cfe46e26f1d7,2026-03-18T18:52:23.132324+00:00,2026-03-18 18:52:23.132324+00:00,right,notch,notch::lvl-63.txt,marioDiffusion,marioDiffusion::level_2.txt,RIGHT,win,1.0,True,False,False,1,1,3.317,3,0,0,13,727.0,8.0,43.052465584440206,251.03933070762076,7,1,0,0,0,0,0,0,0,0
v_c00dbe3f-d191-4be1-9da7-ebd5e757e02b,btl_dead6504-2140-487b-8196-9c477264e734,65632cc0-de44-4c28-ae39-5a04c4f6fd53,anon_169470ab-bdc6-4c10-9e18-cfe46e26f1d7,2026-03-18T18:52:09.494567+00:00,2026-03-18 18:52:09.494567+00:00,left,genetic,genetic::lvl-92.txt,notchParamRand,notchParamRand::lvl-15.txt,LEFT,win,1.0,True,False,False,1,1,2.733,2,1,0,11,607.0,8.0,19.6161512134708,210.56951503282005,5,1,0,0,0,0,0,0,0,0
v_c00dbe3f-d191-4be1-9da7-ebd5e757e02b,btl_dead6504-2140-487b-8196-9c477264e734,65632cc0-de44-4c28-ae39-5a04c4f6fd53,anon_169470ab-bdc6-4c10-9e18-cfe46e26f1d7,2026-03-18T18:52:09.494567+00:00,2026-03-18 18:52:09.494567+00:00,right,notchParamRand,notchParamRand::lvl-15.txt,genetic,genetic::lvl-92.txt,LEFT,loss,0.0,True,False,False,1,1,2.633,3,0,0,11,534.0,8.0,33.279184668969954,186.3124541690984,7,1,0,0,0,0,0,0,0,0
v_117dc0c3-0144-4558-94fa-721963eaf4cd,btl_80ba1856-8a28-4af6-a69e-31ba80202839,65632cc0-de44-4c28-ae39-5a04c4f6fd53,anon_169470ab-bdc6-4c10-9e18-cfe46e26f1d7,2026-03-18T18:52:00.870669+00:00,2026-03-18 18:52:00.870669+00:00,left,patternOccur,patternOccur::lvl-24.txt,notch,notch::lvl-91.txt,RIGHT,loss,0.0,True,False,False,1,1,8.733,10,0,0,33,699.0,8.0,38.762254793732204,195.93509635456095,31,1,0,0,0,0,0,0,0,0
v_117dc0c3-0144-4558-94fa-721963eaf4cd,btl_80ba1856-8a28-4af6-a69e-31ba80202839,65632cc0-de44-4c28-ae39-5a04c4f6fd53,anon_169470ab-bdc6-4c10-9e18-cfe46e26f1d7,2026-03-18T18:52:00.870669+00:00,2026-03-18 18:52:00.870669+00:00,right,notch,notch::lvl-91.txt,patternOccur,patternOccur::lvl-24.txt,RIGHT,win,1.0,True,False,False,1,1,8.167,10,0,0,31,1569.0,8.0,28.574054435600452,494.5291625494523,22,1,0,0,0,0,0,0,0,0
v_eff16e9b-74ec-4fbe-8721-1590b85f9212,btl_274ff3d1-6754-4748-a2df-9c81cf551995,65632cc0-de44-4c28-ae39-5a04c4f6fd53,anon_169470ab-bdc6-4c10-9e18-cfe46e26f1d7,2026-03-18T18:51:40.151607+00:00,2026-03-18 18:51:40.151607+00:00,left,genetic,genetic::lvl-15.txt,hopper,hopper::lvl-71.txt,TIE,tie,0.5,True,False,False,1,1,4.866,4,1,0,19,972.0,8.0,25.396359370037224,296.63414701364917,10,1,0,0,0,0,0,0,0,0
v_eff16e9b-74ec-4fbe-8721-1590b85f9212,btl_274ff3d1-6754-4748-a2df-9c81cf551995,65632cc0-de44-4c28-ae39-5a04c4f6fd53,anon_169470ab-bdc6-4c10-9e18-cfe46e26f1d7,2026-03-18T18:51:40.151607+00:00,2026-03-18 18:51:40.151607+00:00,right,hopper,hopper::lvl-71.txt,genetic,genetic::lvl-15.txt,TIE,tie,0.5,True,False,False,1,1,2.4,2,0,0,10,542.0,8.0,26.61503334583671,188.87098771383603,6,1,0,0,0,0,0,0,0,0
v_251b9dc4-6ec7-4bcd-b90a-4807190e5a3e,btl_2869787e-199b-48e6-bc5a-9ac12e07911f,65632cc0-de44-4c28-ae39-5a04c4f6fd53,anon_169470ab-bdc6-4c10-9e18-cfe46e26f1d7,2026-03-18T18:51:28.864573+00:00,2026-03-18 18:51:28.864573+00:00,left,mariogpt,mariogpt::level_002.txt,marioDiffusion,marioDiffusion::level_85.txt,LEFT,win,1.0,True,False,False,1,1,0.8,0,0,0,4,8.0,8.0,0.0,0.0,2,1,0,0,0,0,0,0,0,0
v_251b9dc4-6ec7-4bcd-b90a-4807190e5a3e,btl_2869787e-199b-48e6-bc5a-9ac12e07911f,65632cc0-de44-4c28-ae39-5a04c4f6fd53,anon_169470ab-bdc6-4c10-9e18-cfe46e26f1d7,2026-03-18T18:51:28.864573+00:00,2026-03-18 18:51:28.864573+00:00,right,marioDiffusion,marioDiffusion::level_85.txt,mariogpt,mariogpt::level_002.txt,LEFT,loss,0.0,True,False,True,0,0,38.535,44,6,2,145,3293.0,8.0,51.90066428887625,1008.5995228901887,96,0,0,0,0,0,0,0,0,0
v_487f7cf7-bcea-4a53-8c6b-02bfbc96ee0d,btl_802c2c56-3ea0-48d7-b7db-9a7fd6f592d2,65632cc0-de44-4c28-ae39-5a04c4f6fd53,anon_169470ab-bdc6-4c10-9e18-cfe46e26f1d7,2026-03-18T18:50:45.963695+00:00,2026-03-18 18:50:45.963695+00:00,left,patternOccur,patternOccur::lvl-70.txt,marioDiffusion,marioDiffusion::level_49.txt,RIGHT,loss,0.0,True,False,False,1,1,16.784,17,0,0,64,1111.0,8.0,50.53556674125041,324.17389862963114,52,1,0,0,0,0,0,0,0,0
v_487f7cf7-bcea-4a53-8c6b-02bfbc96ee0d,btl_802c2c56-3ea0-48d7-b7db-9a7fd6f592d2,65632cc0-de44-4c28-ae39-5a04c4f6fd53,anon_169470ab-bdc6-4c10-9e18-cfe46e26f1d7,2026-03-18T18:50:45.963695+00:00,2026-03-18 18:50:45.963695+00:00,right,marioDiffusion,marioDiffusion::level_49.txt,patternOccur,patternOccur::lvl-70.txt,RIGHT,win,1.0,True,False,True,0,0,44.218,47,3,0,166,3295.0,8.0,43.47677128602578,992.619231134038,98,0,0,0,0,0,0,0,0,0
v_2db6f5a2-6c42-44ae-a836-5b45e4599c20,btl_a85a6c3b-4e6e-4335-8b17-cd43ef7b5ee8,017bfbdb-0adf-49e1-a1ad-f892208935c6,anon_bfd27f25-1260-41a7-a74e-85c2a5fc6629,2026-03-18T11:20:56.018822+00:00,2026-03-18 11:20:56.018822+00:00,left,mariodpo,mariodpo::mariodpo_nintendo_0153.txt,marioDiffusion,marioDiffusion::level_85.txt,LEFT,win,1.0,True,False,False,1,1,333.317,4,0,0,1250,89.0,40.0,1.3092480895536955,9.031516337802861,8,1,0,0,0,0,0,0,0,0
v_2db6f5a2-6c42-44ae-a836-5b45e4599c20,btl_a85a6c3b-4e6e-4335-8b17-cd43ef7b5ee8,017bfbdb-0adf-49e1-a1ad-f892208935c6,anon_bfd27f25-1260-41a7-a74e-85c2a5fc6629,2026-03-18T11:20:56.018822+00:00,2026-03-18 11:20:56.018822+00:00,right,marioDiffusion,marioDiffusion::level_85.txt,mariodpo,mariodpo::mariodpo_nintendo_0153.txt,LEFT,loss,0.0,True,False,False,1,1,76.575,0,0,0,288,197.0,8.0,0.0,63.85647388738472,2,1,0,0,0,0,0,0,0,0
v_3a66fa68-2a6c-483d-b83f-f47542175d7b,btl_725fabe8-719a-4b7b-9ae7-8761903e80d7,423221df-9c56-4460-8a4d-568492b09b27,anon_ade2e98b-1795-4ced-886e-7fd1082317ea,2026-03-18T11:09:55.559268+00:00,2026-03-18 11:09:55.559268+00:00,left,hopper,hopper::lvl-51.txt,original,original::lvl-10.txt,RIGHT,loss,0.0,True,False,False,1,1,29.046,19,1,1,110,1614.0,8.0,50.56886312104882,420.51883184214745,44,1,0,0,0,0,0,0,0,0
v_3a66fa68-2a6c-483d-b83f-f47542175d7b,btl_725fabe8-719a-4b7b-9ae7-8761903e80d7,423221df-9c56-4460-8a4d-568492b09b27,anon_ade2e98b-1795-4ced-886e-7fd1082317ea,2026-03-18T11:09:55.559268+00:00,2026-03-18 11:09:55.559268+00:00,right,original,original::lvl-10.txt,hopper,hopper::lvl-51.txt,RIGHT,win,1.0,True,False,False,1,1,11.446,9,2,2,44,862.0,24.0,58.82114559766316,239.32820923480205,22,1,0,0,0,0,0,0,0,0
v_84d6ac62-a9d9-4d0b-abca-32d523468c3b,btl_9106c01e-cf81-4f57-9320-1d8ef15a6565,421843ae-0217-428f-b9bb-f63875a3b727,anon_4f8414f6-5de9-4f28-ae06-088f00aec1f2,2026-03-17T17:39:11.198038+00:00,2026-03-17 17:39:11.198038+00:00,left,genetic,genetic::lvl-51.txt,marioDiffusion,marioDiffusion::level_50.txt,RIGHT,loss,0.0,True,False,False,1,1,5.0,4,0,0,19,871.0,8.0,33.755024248989386,280.7025416655626,10,1,0,0,0,0,0,0,0,0
v_84d6ac62-a9d9-4d0b-abca-32d523468c3b,btl_9106c01e-cf81-4f57-9320-1d8ef15a6565,421843ae-0217-428f-b9bb-f63875a3b727,anon_4f8414f6-5de9-4f28-ae06-088f00aec1f2,2026-03-17T17:39:11.198038+00:00,2026-03-17 17:39:11.198038+00:00,right,marioDiffusion,marioDiffusion::level_50.txt,genetic,genetic::lvl-51.txt,RIGHT,win,1.0,True,False,False,1,1,4.933,4,0,0,19,311.0,8.0,33.26140901465074,96.81335385557378,9,1,0,0,0,0,0,0,0,0
v_586d7b7e-3f92-4682-a8f1-2cbbc3c565ef,btl_0f4a77b7-6ca6-4439-b22c-74850d08aa7f,421843ae-0217-428f-b9bb-f63875a3b727,anon_4f8414f6-5de9-4f28-ae06-088f00aec1f2,2026-03-17T17:38:58.558932+00:00,2026-03-17 17:38:58.558932+00:00,left,marioDiffusion,marioDiffusion::level_72.txt,patternWeightCount,patternWeightCount::lvl-28.txt,LEFT,win,1.0,True,False,False,1,1,4.651,2,0,0,18,164.0,0.0,37.14087296287534,63.32738763514059,5,1,0,0,0,0,0,0,0,0
v_586d7b7e-3f92-4682-a8f1-2cbbc3c565ef,btl_0f4a77b7-6ca6-4439-b22c-74850d08aa7f,421843ae-0217-428f-b9bb-f63875a3b727,anon_4f8414f6-5de9-4f28-ae06-088f00aec1f2,2026-03-17T17:38:58.558932+00:00,2026-03-17 17:38:58.558932+00:00,right,patternWeightCount,patternWeightCount::lvl-28.txt,marioDiffusion,marioDiffusion::level_72.txt,LEFT,loss,0.0,True,False,False,1,1,1.984,2,0,0,8,103.0,8.0,32.32645975048923,37.52332607858744,8,1,0,0,0,0,0,0,0,0
v_ab0881bb-8941-4b7b-bf0c-0887588050ed,btl_12ccd74f-367e-49c8-a7f1-21db8e2f18d7,421843ae-0217-428f-b9bb-f63875a3b727,anon_4f8414f6-5de9-4f28-ae06-088f00aec1f2,2026-03-17T17:38:48.797197+00:00,2026-03-17 17:38:48.797197+00:00,left,patternOccur,patternOccur::lvl-31.txt,notchParamRand,notchParamRand::lvl-22.txt,RIGHT,loss,0.0,True,False,False,1,1,3.95,4,0,0,15,378.0,8.0,28.244645510255566,129.15719965306704,10,1,0,0,0,0,0,0,0,0
v_ab0881bb-8941-4b7b-bf0c-0887588050ed,btl_12ccd74f-367e-49c8-a7f1-21db8e2f18d7,421843ae-0217-428f-b9bb-f63875a3b727,anon_4f8414f6-5de9-4f28-ae06-088f00aec1f2,2026-03-17T17:38:48.797197+00:00,2026-03-17 17:38:48.797197+00:00,right,notchParamRand,notchParamRand::lvl-22.txt,patternOccur,patternOccur::lvl-31.txt,RIGHT,win,1.0,True,False,True,0,0,21.2,25,0,2,80,3079.0,8.0,36.144828035972175,892.4497148824408,54,0,0,0,0,0,0,0,0,0
v_27fb48a9-03b5-4975-9e17-b2938ad31a9e,btl_46689f93-1a0d-4e18-8adc-0e5735b4da95,421843ae-0217-428f-b9bb-f63875a3b727,anon_4f8414f6-5de9-4f28-ae06-088f00aec1f2,2026-03-17T17:38:20.692380+00:00,2026-03-17 17:38:20.692380+00:00,left,hopper,hopper::lvl-61.txt,notch,notch::lvl-17.txt,RIGHT,loss,0.0,True,False,False,1,1,11.7,11,0,2,45,1897.0,8.0,34.994151186790496,557.3294656963091,31,1,0,0,0,0,0,0,0,0
v_27fb48a9-03b5-4975-9e17-b2938ad31a9e,btl_46689f93-1a0d-4e18-8adc-0e5735b4da95,421843ae-0217-428f-b9bb-f63875a3b727,anon_4f8414f6-5de9-4f28-ae06-088f00aec1f2,2026-03-17T17:38:20.692380+00:00,2026-03-17 17:38:20.692380+00:00,right,notch,notch::lvl-17.txt,hopper,hopper::lvl-61.txt,RIGHT,win,1.0,True,False,False,1,1,6.483,6,0,0,25,785.0,8.0,32.56663323096202,263.2527302802385,13,1,0,0,0,0,0,0,0,0
v_6c7c12ff-9aaf-479d-bc48-5575ac9d7d2d,btl_cfd68b23-7c67-4555-a094-2865769bce25,421843ae-0217-428f-b9bb-f63875a3b727,anon_4f8414f6-5de9-4f28-ae06-088f00aec1f2,2026-03-17T17:37:59.948547+00:00,2026-03-17 17:37:59.948547+00:00,left,patternWeightCount,patternWeightCount::lvl-13.txt,hopper,hopper::lvl-93.txt,RIGHT,loss,0.0,True,False,False,1,1,0.683,0,0,0,3,8.0,8.0,75.07477753694793,0.0,4,1,0,0,0,0,0,0,0,0
v_6c7c12ff-9aaf-479d-bc48-5575ac9d7d2d,btl_cfd68b23-7c67-4555-a094-2865769bce25,421843ae-0217-428f-b9bb-f63875a3b727,anon_4f8414f6-5de9-4f28-ae06-088f00aec1f2,2026-03-17T17:37:59.948547+00:00,2026-03-17 17:37:59.948547+00:00,right,hopper,hopper::lvl-93.txt,patternWeightCount,patternWeightCount::lvl-13.txt,RIGHT,win,1.0,True,False,False,1,1,2.883,2,0,0,11,413.0,8.0,23.768859410706913,144.0697145295572,5,1,0,0,0,0,0,0,0,0
v_2cc87ec6-341a-431c-988d-47e9e78f7314,btl_b6a2648b-cb49-44fc-8c68-c40a2e53086f,421843ae-0217-428f-b9bb-f63875a3b727,anon_4f8414f6-5de9-4f28-ae06-088f00aec1f2,2026-03-17T17:37:54.082370+00:00,2026-03-17 17:37:54.082370+00:00,left,patternWeightCount,patternWeightCount::lvl-15.txt,genetic,genetic::lvl-70.txt,RIGHT,loss,0.0,True,False,False,1,1,10.333,10,0,0,39,566.0,8.0,35.93382770734997,184.53475090949166,29,1,0,0,0,0,0,0,0,0
v_2cc87ec6-341a-431c-988d-47e9e78f7314,btl_b6a2648b-cb49-44fc-8c68-c40a2e53086f,421843ae-0217-428f-b9bb-f63875a3b727,anon_4f8414f6-5de9-4f28-ae06-088f00aec1f2,2026-03-17T17:37:54.082370+00:00,2026-03-17 17:37:54.082370+00:00,right,genetic,genetic::lvl-70.txt,patternWeightCount,patternWeightCount::lvl-15.txt,RIGHT,win,1.0,True,False,True,0,0,23.518,11,0,0,89,2065.0,8.0,26.629175555844608,618.4344519160885,24,0,0,0,0,0,0,0,0,0
v_5294de1e-6005-4619-9d3d-a2ccbfe8bf0f,btl_2eac72b3-6d7d-42f5-a448-c79146a3c0df,cf78d380-82ec-4aa0-bddc-1553d5548123,anon_03c755b1-406e-4fea-a7e1-fa26dbc780fc,2026-03-17T17:36:19.018388+00:00,2026-03-17 17:36:19.018388+00:00,left,hopper,hopper::lvl-8.txt,notchParamRand,notchParamRand::lvl-17.txt,LEFT,win,1.0,True,False,True,0,0,22.301,23,1,0,82,3124.0,8.0,47.52818287876455,828.5748288631389,57,0,0,0,0,0,0,0,0,0
v_5294de1e-6005-4619-9d3d-a2ccbfe8bf0f,btl_2eac72b3-6d7d-42f5-a448-c79146a3c0df,cf78d380-82ec-4aa0-bddc-1553d5548123,anon_03c755b1-406e-4fea-a7e1-fa26dbc780fc,2026-03-17T17:36:19.018388+00:00,2026-03-17 17:36:19.018388+00:00,right,notchParamRand,notchParamRand::lvl-17.txt,hopper,hopper::lvl-8.txt,LEFT,loss,0.0,True,False,True,0,0,18.167,19,0,0,69,3112.0,8.0,36.692257781968344,949.1764017451707,39,0,0,0,0,0,0,0,0,0
v_211ff824-b36a-41a2-a6a0-fe2b565921ac,btl_d8a72ff8-ae42-4cb1-8e08-fa9b4e067caf,cf78d380-82ec-4aa0-bddc-1553d5548123,anon_03c755b1-406e-4fea-a7e1-fa26dbc780fc,2026-03-17T17:35:35.769173+00:00,2026-03-17 17:35:35.769173+00:00,left,genetic,genetic::lvl-14.txt,hopper,hopper::lvl-99.txt,LEFT,win,1.0,True,False,False,1,1,1.95,2,0,0,8,294.0,8.0,29.05571157276999,106.83449524849172,5,1,0,0,0,0,0,0,0,0
v_211ff824-b36a-41a2-a6a0-fe2b565921ac,btl_d8a72ff8-ae42-4cb1-8e08-fa9b4e067caf,cf78d380-82ec-4aa0-bddc-1553d5548123,anon_03c755b1-406e-4fea-a7e1-fa26dbc780fc,2026-03-17T17:35:35.769173+00:00,2026-03-17 17:35:35.769173+00:00,right,hopper,hopper::lvl-99.txt,genetic,genetic::lvl-14.txt,LEFT,loss,0.0,True,False,False,1,1,3.0,2,0,0,12,618.0,8.0,22.167919764079503,209.35819584307336,7,1,0,0,0,0,0,0,0,0
v_4cfb483f-05eb-4d26-b364-56a22d58ce0a,btl_c3774b9f-2966-4602-8303-b4a0584bcc79,cf78d380-82ec-4aa0-bddc-1553d5548123,anon_03c755b1-406e-4fea-a7e1-fa26dbc780fc,2026-03-17T17:35:29.277580+00:00,2026-03-17 17:35:29.277580+00:00,left,original,original::lvl-11.txt,hopper,hopper::lvl-22.txt,LEFT,win,1.0,True,False,False,1,1,4.0,3,2,0,16,284.0,8.0,15.675917038565878,78.8665556097767,9,1,0,0,0,0,0,0,0,0
v_4cfb483f-05eb-4d26-b364-56a22d58ce0a,btl_c3774b9f-2966-4602-8303-b4a0584bcc79,cf78d380-82ec-4aa0-bddc-1553d5548123,anon_03c755b1-406e-4fea-a7e1-fa26dbc780fc,2026-03-17T17:35:29.277580+00:00,2026-03-17 17:35:29.277580+00:00,right,hopper,hopper::lvl-22.txt,original,original::lvl-11.txt,LEFT,loss,0.0,True,False,False,1,1,1.417,0,0,0,6,137.0,8.0,5.962847939999438,47.752835866923476,1,1,0,0,0,0,0,0,0,0
v_510b56a5-20ce-428c-8ec3-58ed67bf1f40,btl_ef14dfc2-aa92-42b7-abb8-3cb2cce27a01,cf78d380-82ec-4aa0-bddc-1553d5548123,anon_03c755b1-406e-4fea-a7e1-fa26dbc780fc,2026-03-17T17:35:21.806195+00:00,2026-03-17 17:35:21.806195+00:00,left,mariogan,mariogan::level_49.txt,genetic,genetic::lvl-57.txt,RIGHT,loss,0.0,True,False,False,1,1,7.6,5,0,1,29,1375.0,8.0,24.297942544392654,445.5232277808544,13,1,0,0,0,0,0,0,0,0
v_510b56a5-20ce-428c-8ec3-58ed67bf1f40,btl_ef14dfc2-aa92-42b7-abb8-3cb2cce27a01,cf78d380-82ec-4aa0-bddc-1553d5548123,anon_03c755b1-406e-4fea-a7e1-fa26dbc780fc,2026-03-17T17:35:21.806195+00:00,2026-03-17 17:35:21.806195+00:00,right,genetic,genetic::lvl-57.txt,mariogan,mariogan::level_49.txt,RIGHT,win,1.0,True,False,False,1,1,13.634,13,0,0,52,1712.0,8.0,34.913290733222,502.8790527711174,28,1,0,0,0,0,0,0,0,0
v_fd8394b2-b516-4921-8bdd-183bb892f728,btl_4ae2d95d-54f1-4208-9417-749cfbbb193b,cf78d380-82ec-4aa0-bddc-1553d5548123,anon_03c755b1-406e-4fea-a7e1-fa26dbc780fc,2026-03-17T17:34:55.356925+00:00,2026-03-17 17:34:55.356925+00:00,left,patternWeightCount,patternWeightCount::lvl-75.txt,notchParam,notchParam::lvl-22.txt,LEFT,win,1.0,True,False,False,1,1,9.35,12,0,0,36,764.0,0.0,39.682176784054924,224.7379183503408,30,1,0,0,0,0,0,0,0,0
v_fd8394b2-b516-4921-8bdd-183bb892f728,btl_4ae2d95d-54f1-4208-9417-749cfbbb193b,cf78d380-82ec-4aa0-bddc-1553d5548123,anon_03c755b1-406e-4fea-a7e1-fa26dbc780fc,2026-03-17T17:34:55.356925+00:00,2026-03-17 17:34:55.356925+00:00,right,notchParam,notchParam::lvl-22.txt,patternWeightCount,patternWeightCount::lvl-75.txt,LEFT,loss,0.0,True,False,False,1,1,2.734,3,0,0,11,584.0,7.0,38.87339058877895,203.21258664733548,7,1,0,0,0,0,0,0,0,0
v_f3d42beb-d1fb-4059-b64b-eb3dbadedf90,btl_f94cddcb-f6ce-4231-b7c4-24edf683434d,cf78d380-82ec-4aa0-bddc-1553d5548123,anon_03c755b1-406e-4fea-a7e1-fa26dbc780fc,2026-03-17T17:34:41.341694+00:00,2026-03-17 17:34:41.341694+00:00,left,ore,ore::lvl-35.txt,original,original::lvl-7.txt,TIE,tie,0.5,True,False,False,1,1,10.701,9,0,0,41,416.0,8.0,30.612544815148713,126.81733527352425,24,1,0,0,0,0,0,0,0,0
v_f3d42beb-d1fb-4059-b64b-eb3dbadedf90,btl_f94cddcb-f6ce-4231-b7c4-24edf683434d,cf78d380-82ec-4aa0-bddc-1553d5548123,anon_03c755b1-406e-4fea-a7e1-fa26dbc780fc,2026-03-17T17:34:41.341694+00:00,2026-03-17 17:34:41.341694+00:00,right,original,original::lvl-7.txt,ore,ore::lvl-35.txt,TIE,tie,0.5,True,False,False,1,1,22.033,19,9,0,81,1324.0,24.0,29.944392908634274,369.5595309467478,54,1,0,0,0,0,0,0,0,0
v_e57b78d8-3cf7-47fa-ae83-0269ea64a0c2,btl_1a793a4f-f1e8-4e39-b9f0-8e7f92c098fc,cf78d380-82ec-4aa0-bddc-1553d5548123,anon_03c755b1-406e-4fea-a7e1-fa26dbc780fc,2026-03-17T17:34:04.240803+00:00,2026-03-17 17:34:04.240803+00:00,left,patternCount,patternCount::lvl-26.txt,notch,notch::lvl-31.txt,RIGHT,loss,0.0,True,False,True,0,0,55.935,61,0,0,210,3148.0,8.0,34.974443536392,833.7186475320259,172,0,0,0,0,0,0,0,0,0
v_e57b78d8-3cf7-47fa-ae83-0269ea64a0c2,btl_1a793a4f-f1e8-4e39-b9f0-8e7f92c098fc,cf78d380-82ec-4aa0-bddc-1553d5548123,anon_03c755b1-406e-4fea-a7e1-fa26dbc780fc,2026-03-17T17:34:04.240803+00:00,2026-03-17 17:34:04.240803+00:00,right,notch,notch::lvl-31.txt,patternCount,patternCount::lvl-26.txt,RIGHT,win,1.0,True,False,False,1,1,11.117,5,0,0,42,760.0,8.0,21.115114789229974,249.17695016660562,14,1,0,0,0,0,0,0,0,0
v_27de11d0-534f-4e2c-a912-ad8c296b390a,btl_a82b7a88-7163-49da-9775-88cc65a1d27a,cf78d380-82ec-4aa0-bddc-1553d5548123,anon_03c755b1-406e-4fea-a7e1-fa26dbc780fc,2026-03-17T17:32:54.584527+00:00,2026-03-17 17:32:54.584527+00:00,left,patternOccur,patternOccur::lvl-62.txt,notchParamRand,notchParamRand::lvl-25.txt,LEFT,win,1.0,True,False,False,1,1,0.7,0,0,0,3,8.0,8.0,75.07477753694793,0.0,4,1,0,0,0,0,0,0,0,0
v_27de11d0-534f-4e2c-a912-ad8c296b390a,btl_a82b7a88-7163-49da-9775-88cc65a1d27a,cf78d380-82ec-4aa0-bddc-1553d5548123,anon_03c755b1-406e-4fea-a7e1-fa26dbc780fc,2026-03-17T17:32:54.584527+00:00,2026-03-17 17:32:54.584527+00:00,right,notchParamRand,notchParamRand::lvl-25.txt,patternOccur,patternOccur::lvl-62.txt,LEFT,loss,0.0,True,False,False,1,1,18.417,9,0,4,70,2809.0,8.0,29.486987790881457,795.5203637768637,24,1,0,0,0,0,0,0,0,0
v_e6410cb8-a50d-4f6c-b219-95f039d5bb9d,btl_7b642e74-0070-4c86-bc13-15c884cd2d36,cf78d380-82ec-4aa0-bddc-1553d5548123,anon_03c755b1-406e-4fea-a7e1-fa26dbc780fc,2026-03-17T17:32:33.003355+00:00,2026-03-17 17:32:33.003355+00:00,left,ore,ore::lvl-90.txt,mariogan,mariogan::level_80.txt,LEFT,win,1.0,True,False,False,1,1,10.417,6,0,0,40,475.0,8.0,52.7080638991796,135.6580627902374,14,1,0,0,0,0,0,0,0,0
v_e6410cb8-a50d-4f6c-b219-95f039d5bb9d,btl_7b642e74-0070-4c86-bc13-15c884cd2d36,cf78d380-82ec-4aa0-bddc-1553d5548123,anon_03c755b1-406e-4fea-a7e1-fa26dbc780fc,2026-03-17T17:32:33.003355+00:00,2026-03-17 17:32:33.003355+00:00,right,mariogan,mariogan::level_80.txt,ore,ore::lvl-90.txt,LEFT,loss,0.0,True,False,False,1,1,21.117,25,0,0,78,2158.0,8.0,52.038954268328865,640.8755024175507,58,1,0,0,0,0,0,0,0,0
v_25ad10be-d7c1-48ec-b080-58d178af1679,btl_c6f5189d-b0d2-4570-8c5b-966cb9b9f011,cf78d380-82ec-4aa0-bddc-1553d5548123,anon_03c755b1-406e-4fea-a7e1-fa26dbc780fc,2026-03-17T17:31:58.713670+00:00,2026-03-17 17:31:58.713670+00:00,left,patternWeightCount,patternWeightCount::lvl-9.txt,notch,notch::lvl-16.txt,RIGHT,loss,0.0,True,False,False,1,1,4.783,5,0,0,19,213.0,8.0,44.85748439020154,82.22437379165234,13,1,0,0,0,0,0,0,0,0
v_25ad10be-d7c1-48ec-b080-58d178af1679,btl_c6f5189d-b0d2-4570-8c5b-966cb9b9f011,cf78d380-82ec-4aa0-bddc-1553d5548123,anon_03c755b1-406e-4fea-a7e1-fa26dbc780fc,2026-03-17T17:31:58.713670+00:00,2026-03-17 17:31:58.713670+00:00,right,notch,notch::lvl-16.txt,patternWeightCount,patternWeightCount::lvl-9.txt,RIGHT,win,1.0,True,False,False,1,1,2.267,1,0,0,9,272.0,8.0,24.225789747475496,102.16048860542301,2,1,0,0,0,0,0,0,0,0
v_2cd1dc44-8d74-4eaf-95ac-7cd7d23e8173,btl_7e93bccc-eb03-4791-82b6-874109a3b378,cf78d380-82ec-4aa0-bddc-1553d5548123,anon_03c755b1-406e-4fea-a7e1-fa26dbc780fc,2026-03-17T17:31:49.493981+00:00,2026-03-17 17:31:49.493981+00:00,left,notchParam,notchParam::lvl-49.txt,patternWeightCount,patternWeightCount::lvl-57.txt,TIE,tie,0.5,True,False,False,1,1,9.1,6,0,0,35,1680.0,8.0,26.70834158468252,521.5745830792425,14,1,0,0,0,0,0,0,0,0
v_2cd1dc44-8d74-4eaf-95ac-7cd7d23e8173,btl_7e93bccc-eb03-4791-82b6-874109a3b378,cf78d380-82ec-4aa0-bddc-1553d5548123,anon_03c755b1-406e-4fea-a7e1-fa26dbc780fc,2026-03-17T17:31:49.493981+00:00,2026-03-17 17:31:49.493981+00:00,right,patternWeightCount,patternWeightCount::lvl-57.txt,notchParam,notchParam::lvl-49.txt,TIE,tie,0.5,True,False,False,1,1,0.7,0,0,0,3,8.0,8.0,75.07477753694793,0.0,4,1,0,0,0,0,0,0,0,0
v_c5b1e1e9-6697-4736-9215-c6343bb246d7,btl_4042a645-59bd-4c2f-8d5d-0aff83a08a2a,cf78d380-82ec-4aa0-bddc-1553d5548123,anon_03c755b1-406e-4fea-a7e1-fa26dbc780fc,2026-03-17T17:31:36.721065+00:00,2026-03-17 17:31:36.721065+00:00,left,notchParamRand,notchParamRand::lvl-23.txt,notchParam,notchParam::lvl-11.txt,LEFT,win,1.0,True,False,False,1,1,12.75,11,0,0,48,1895.0,8.0,37.9765495532733,552.3878405512642,23,1,0,0,0,0,0,0,0,0
v_c5b1e1e9-6697-4736-9215-c6343bb246d7,btl_4042a645-59bd-4c2f-8d5d-0aff83a08a2a,cf78d380-82ec-4aa0-bddc-1553d5548123,anon_03c755b1-406e-4fea-a7e1-fa26dbc780fc,2026-03-17T17:31:36.721065+00:00,2026-03-17 17:31:36.721065+00:00,right,notchParam,notchParam::lvl-11.txt,notchParamRand,notchParamRand::lvl-23.txt,LEFT,loss,0.0,True,False,False,1,1,6.583,7,0,0,25,1356.0,8.0,30.569631989934063,423.98401101928357,14,1,0,0,0,0,0,0,0,0
v_54be4ec3-721e-4445-aab6-6918ba6d3ba3,btl_ee3512b2-2153-4ca6-b709-17cd0290df32,cf78d380-82ec-4aa0-bddc-1553d5548123,anon_03c755b1-406e-4fea-a7e1-fa26dbc780fc,2026-03-17T17:31:14.680779+00:00,2026-03-17 17:31:14.680779+00:00,left,notchParam,notchParam::lvl-84.txt,patternCount,patternCount::lvl-38.txt,RIGHT,loss,0.0,True,False,False,1,1,3.217,2,0,0,13,246.0,8.0,20.63460642339758,78.52569021453195,6,1,0,0,0,0,0,0,0,0
v_54be4ec3-721e-4445-aab6-6918ba6d3ba3,btl_ee3512b2-2153-4ca6-b709-17cd0290df32,cf78d380-82ec-4aa0-bddc-1553d5548123,anon_03c755b1-406e-4fea-a7e1-fa26dbc780fc,2026-03-17T17:31:14.680779+00:00,2026-03-17 17:31:14.680779+00:00,right,patternCount,patternCount::lvl-38.txt,notchParam,notchParam::lvl-84.txt,RIGHT,win,1.0,True,False,False,1,1,64.802,77,0,0,244,2694.0,8.0,27.5812474024897,811.8248164281072,253,1,0,0,0,0,0,0,0,0
v_7d0ef342-b9d7-40bb-8925-e18a1ee13e32,btl_15530330-398f-4e82-9d6c-fc2dc71aae0b,cf78d380-82ec-4aa0-bddc-1553d5548123,anon_03c755b1-406e-4fea-a7e1-fa26dbc780fc,2026-03-17T17:30:00.480796+00:00,2026-03-17 17:30:00.480796+00:00,left,genetic,genetic::lvl-30.txt,original,original::lvl-10.txt,RIGHT,loss,0.0,True,False,True,0,0,20.95,13,0,0,79,2075.0,8.0,38.20099232707539,702.6179160167402,27,0,0,0,0,0,0,0,0,0
v_7d0ef342-b9d7-40bb-8925-e18a1ee13e32,btl_15530330-398f-4e82-9d6c-fc2dc71aae0b,cf78d380-82ec-4aa0-bddc-1553d5548123,anon_03c755b1-406e-4fea-a7e1-fa26dbc780fc,2026-03-17T17:30:00.480796+00:00,2026-03-17 17:30:00.480796+00:00,right,original,original::lvl-10.txt,genetic,genetic::lvl-30.txt,RIGHT,win,1.0,True,False,True,0,0,31.201,25,16,2,118,2350.0,24.0,53.806721172367354,558.9791190722133,70,0,0,0,0,0,0,0,0,0
v_7dc16880-564a-41e1-bc44-5eee57ad8e0b,btl_0f74329d-bcf9-43a5-a633-b29fe492f040,2b8fbc9d-a4da-4b45-8687-b2907d093f35,anon_0a61353a-479e-44ee-99a1-fd9c6bf60ff9,2026-03-17T17:27:11.497406+00:00,2026-03-17 17:27:11.497406+00:00,left,original,original::lvl-2.txt,patternOccur,patternOccur::lvl-16.txt,LEFT,win,1.0,True,False,False,1,1,18.15,9,1,6,69,1135.0,56.0,29.959792421523364,287.71877460068356,27,1,0,0,0,0,0,0,0,0
v_7dc16880-564a-41e1-bc44-5eee57ad8e0b,btl_0f74329d-bcf9-43a5-a633-b29fe492f040,2b8fbc9d-a4da-4b45-8687-b2907d093f35,anon_0a61353a-479e-44ee-99a1-fd9c6bf60ff9,2026-03-17T17:27:11.497406+00:00,2026-03-17 17:27:11.497406+00:00,right,patternOccur,patternOccur::lvl-16.txt,original,original::lvl-2.txt,LEFT,loss,0.0,False,True,False,0,0,0.0,0,0,0,0,,,,,0,0,0,0,0,0,0,0,0,0
v_02a38b69-2479-428d-8a36-d89961acd95e,btl_45929391-34c3-4929-8293-583e51dae90f,2b8fbc9d-a4da-4b45-8687-b2907d093f35,anon_0a61353a-479e-44ee-99a1-fd9c6bf60ff9,2026-03-17T17:26:43.653736+00:00,2026-03-17 17:26:43.653736+00:00,left,patternWeightCount,patternWeightCount::lvl-68.txt,hopper,hopper::lvl-17.txt,RIGHT,loss,0.0,True,False,False,1,1,3.883,4,0,0,15,172.0,8.0,33.43025908099161,57.69690921820105,13,1,0,0,0,0,0,0,0,0
v_02a38b69-2479-428d-8a36-d89961acd95e,btl_45929391-34c3-4929-8293-583e51dae90f,2b8fbc9d-a4da-4b45-8687-b2907d093f35,anon_0a61353a-479e-44ee-99a1-fd9c6bf60ff9,2026-03-17T17:26:43.653736+00:00,2026-03-17 17:26:43.653736+00:00,right,hopper,hopper::lvl-17.txt,patternWeightCount,patternWeightCount::lvl-68.txt,RIGHT,win,1.0,True,False,False,1,1,2.55,2,0,0,10,487.0,8.0,24.5446531855718,170.0914165970758,6,1,0,0,0,0,0,0,0,0
v_f540eda8-b275-47fb-aac1-c492ea10b7a7,btl_e0cb419e-0879-4528-affd-a33b011382af,2b8fbc9d-a4da-4b45-8687-b2907d093f35,anon_0a61353a-479e-44ee-99a1-fd9c6bf60ff9,2026-03-17T17:26:33.103900+00:00,2026-03-17 17:26:33.103900+00:00,left,notch,notch::lvl-29.txt,patternCount,patternCount::lvl-46.txt,LEFT,win,1.0,True,False,False,1,1,3.683,2,0,1,14,266.0,8.0,25.83315777864422,92.74963556779716,6,1,0,0,0,0,0,0,0,0
v_f540eda8-b275-47fb-aac1-c492ea10b7a7,btl_e0cb419e-0879-4528-affd-a33b011382af,2b8fbc9d-a4da-4b45-8687-b2907d093f35,anon_0a61353a-479e-44ee-99a1-fd9c6bf60ff9,2026-03-17T17:26:33.103900+00:00,2026-03-17 17:26:33.103900+00:00,right,patternCount,patternCount::lvl-46.txt,notch,notch::lvl-29.txt,LEFT,loss,0.0,True,False,False,1,1,5.5,3,0,0,21,132.0,8.0,21.47624326886131,40.3011340522285,15,1,0,0,0,0,0,0,0,0
v_4bfb0a7c-15fa-4360-bfdb-c6f203bade81,btl_2ebfdd1a-e082-4f32-a2b4-2f909d6718e6,2b8fbc9d-a4da-4b45-8687-b2907d093f35,anon_0a61353a-479e-44ee-99a1-fd9c6bf60ff9,2026-03-17T17:26:20.166941+00:00,2026-03-17 17:26:20.166941+00:00,left,mariogan,mariogan::level_22.txt,original,original::lvl-10.txt,RIGHT,loss,0.0,True,False,True,0,0,31.134,25,0,3,115,2638.0,8.0,41.58717266245339,809.252519817985,56,0,0,0,0,0,0,0,0,0
v_4bfb0a7c-15fa-4360-bfdb-c6f203bade81,btl_2ebfdd1a-e082-4f32-a2b4-2f909d6718e6,2b8fbc9d-a4da-4b45-8687-b2907d093f35,anon_0a61353a-479e-44ee-99a1-fd9c6bf60ff9,2026-03-17T17:26:20.166941+00:00,2026-03-17 17:26:20.166941+00:00,right,original,original::lvl-10.txt,mariogan,mariogan::level_22.txt,RIGHT,win,1.0,True,False,False,1,1,29.067,23,16,3,110,2034.0,24.0,53.75237761414422,504.02314988483886,69,1,0,0,0,0,0,0,0,0
v_2f1d2589-cb4e-40cc-9fa4-cfb7761e34c2,btl_d2f89dff-beb5-4545-9aed-549364d95dba,2b8fbc9d-a4da-4b45-8687-b2907d093f35,anon_0a61353a-479e-44ee-99a1-fd9c6bf60ff9,2026-03-17T17:25:15.863167+00:00,2026-03-17 17:25:15.863167+00:00,left,patternCount,patternCount::lvl-63.txt,patternOccur,patternOccur::lvl-83.txt,TIE,tie,0.5,True,False,False,1,1,14.151,14,0,0,54,773.0,8.0,36.10038302180446,227.20823102808927,46,1,0,0,0,0,0,0,0,0
v_2f1d2589-cb4e-40cc-9fa4-cfb7761e34c2,btl_d2f89dff-beb5-4545-9aed-549364d95dba,2b8fbc9d-a4da-4b45-8687-b2907d093f35,anon_0a61353a-479e-44ee-99a1-fd9c6bf60ff9,2026-03-17T17:25:15.863167+00:00,2026-03-17 17:25:15.863167+00:00,right,patternOccur,patternOccur::lvl-83.txt,patternCount,patternCount::lvl-63.txt,TIE,tie,0.5,True,False,False,1,1,4.933,4,0,0,19,379.0,8.0,35.75276755457729,119.01742231456886,11,1,0,0,0,0,0,0,0,0
v_335131e3-b6ad-4e0d-a8e6-3c708ee63fa5,btl_d83d2f04-9f8a-414a-8e3d-0c62285c437d,2b8fbc9d-a4da-4b45-8687-b2907d093f35,anon_0a61353a-479e-44ee-99a1-fd9c6bf60ff9,2026-03-17T17:24:54.310872+00:00,2026-03-17 17:24:54.310872+00:00,left,hopper,hopper::lvl-32.txt,notchParamRand,notchParamRand::lvl-62.txt,RIGHT,loss,0.0,True,False,False,1,1,1.417,0,0,0,6,137.0,8.0,5.962847939999438,47.752835866923476,1,1,0,0,0,0,0,0,0,0
v_335131e3-b6ad-4e0d-a8e6-3c708ee63fa5,btl_d83d2f04-9f8a-414a-8e3d-0c62285c437d,2b8fbc9d-a4da-4b45-8687-b2907d093f35,anon_0a61353a-479e-44ee-99a1-fd9c6bf60ff9,2026-03-17T17:24:54.310872+00:00,2026-03-17 17:24:54.310872+00:00,right,notchParamRand,notchParamRand::lvl-62.txt,hopper,hopper::lvl-32.txt,RIGHT,win,1.0,True,False,False,1,1,4.117,3,0,0,16,623.0,8.0,34.93559923273107,197.0127593425106,8,1,0,0,0,0,0,0,0,0
v_4cb46a12-1826-4989-a6b9-1bf69b97449d,btl_0b7c69d9-2aa4-4965-bb88-2a890e4bb733,2b8fbc9d-a4da-4b45-8687-b2907d093f35,anon_0a61353a-479e-44ee-99a1-fd9c6bf60ff9,2026-03-17T17:24:46.870127+00:00,2026-03-17 17:24:46.870127+00:00,left,patternWeightCount,patternWeightCount::lvl-67.txt,original,original::lvl-1.txt,RIGHT,loss,0.0,True,False,True,0,0,42.917,34,0,0,162,3180.0,8.0,31.733597714390903,753.6413344382969,81,0,0,0,0,0,0,0,0,0
v_4cb46a12-1826-4989-a6b9-1bf69b97449d,btl_0b7c69d9-2aa4-4965-bb88-2a890e4bb733,2b8fbc9d-a4da-4b45-8687-b2907d093f35,anon_0a61353a-479e-44ee-99a1-fd9c6bf60ff9,2026-03-17T17:24:46.870127+00:00,2026-03-17 17:24:46.870127+00:00,right,original,original::lvl-1.txt,patternWeightCount,patternWeightCount::lvl-67.txt,RIGHT,win,1.0,True,False,False,1,1,51.768,49,9,3,188,2475.0,56.0,41.99230451552069,709.3229275194433,136,1,0,0,0,0,0,0,0,0
v_9d8a04ee-4868-4707-be4f-690d63a890bd,btl_f4456d8d-9887-4d80-9949-a72aea31b995,2b8fbc9d-a4da-4b45-8687-b2907d093f35,anon_0a61353a-479e-44ee-99a1-fd9c6bf60ff9,2026-03-17T17:23:10.579783+00:00,2026-03-17 17:23:10.579783+00:00,left,mariogan,mariogan::level_68.txt,mariodpo,mariodpo::mariodpo_nintendo_0120.txt,RIGHT,loss,0.0,True,False,False,1,1,2.133,1,0,0,9,229.0,8.0,24.225789747475496,75.4052426379224,2,1,0,0,0,0,0,0,0,0
v_9d8a04ee-4868-4707-be4f-690d63a890bd,btl_f4456d8d-9887-4d80-9949-a72aea31b995,2b8fbc9d-a4da-4b45-8687-b2907d093f35,anon_0a61353a-479e-44ee-99a1-fd9c6bf60ff9,2026-03-17T17:23:10.579783+00:00,2026-03-17 17:23:10.579783+00:00,right,mariodpo,mariodpo::mariodpo_nintendo_0120.txt,mariogan,mariogan::level_68.txt,RIGHT,win,1.0,True,False,False,1,1,25.218,22,3,0,95,1133.0,40.0,48.71249135903883,313.700117222972,50,1,0,0,0,0,0,0,0,0
v_afce2926-625b-4fbf-81b1-0bfc69a40762,btl_4f458acb-c50a-41a1-8c66-6251decfee05,2b8fbc9d-a4da-4b45-8687-b2907d093f35,anon_0a61353a-479e-44ee-99a1-fd9c6bf60ff9,2026-03-17T17:22:39.053996+00:00,2026-03-17 17:22:39.053996+00:00,left,marioDiffusion,marioDiffusion::level_37.txt,ore,ore::lvl-65.txt,RIGHT,loss,0.0,True,False,True,0,0,38.835,35,1,2,146,3261.0,8.0,44.437279347796654,937.164928724435,76,0,0,0,0,0,0,0,0,0
v_afce2926-625b-4fbf-81b1-0bfc69a40762,btl_4f458acb-c50a-41a1-8c66-6251decfee05,2b8fbc9d-a4da-4b45-8687-b2907d093f35,anon_0a61353a-479e-44ee-99a1-fd9c6bf60ff9,2026-03-17T17:22:39.053996+00:00,2026-03-17 17:22:39.053996+00:00,right,ore,ore::lvl-65.txt,marioDiffusion,marioDiffusion::level_37.txt,RIGHT,win,1.0,True,False,True,0,0,40.034,46,2,1,151,3081.0,8.0,47.859919606503944,774.1293173000962,105,0,0,0,0,0,0,0,0,0
v_8db2e6b0-196e-464a-a5de-4a3988dd0b4a,btl_ab0a3321-f985-49b5-bb95-4b602c9dc314,2b8fbc9d-a4da-4b45-8687-b2907d093f35,anon_0a61353a-479e-44ee-99a1-fd9c6bf60ff9,2026-03-17T17:21:17.824904+00:00,2026-03-17 17:21:17.824904+00:00,left,notch,notch::lvl-85.txt,mariogan,mariogan::level_19.txt,RIGHT,loss,0.0,True,False,False,1,1,3.65,3,0,1,14,630.0,8.0,37.41364206068287,213.0356993174465,8,1,0,0,0,0,0,0,0,0
v_8db2e6b0-196e-464a-a5de-4a3988dd0b4a,btl_ab0a3321-f985-49b5-bb95-4b602c9dc314,2b8fbc9d-a4da-4b45-8687-b2907d093f35,anon_0a61353a-479e-44ee-99a1-fd9c6bf60ff9,2026-03-17T17:21:17.824904+00:00,2026-03-17 17:21:17.824904+00:00,right,mariogan,mariogan::level_19.txt,notch,notch::lvl-85.txt,RIGHT,win,1.0,True,False,False,1,1,13.934,14,0,0,53,1035.0,8.0,45.229835120726,248.68639294563715,31,1,0,0,0,0,0,0,0,0
v_8d768922-b126-42c7-a569-e145d4a66c9a,btl_39eb7c6f-71a3-4853-8d31-1361f8325b4d,2b8fbc9d-a4da-4b45-8687-b2907d093f35,anon_0a61353a-479e-44ee-99a1-fd9c6bf60ff9,2026-03-17T17:20:58.171136+00:00,2026-03-17 17:20:58.171136+00:00,left,mariogpt,mariogpt::level_050.txt,hopper,hopper::lvl-3.txt,LEFT,win,1.0,True,False,True,0,0,31.951,20,4,1,118,2344.0,8.0,32.227051966991866,755.3713101624952,47,0,0,0,0,0,0,0,0,0
v_8d768922-b126-42c7-a569-e145d4a66c9a,btl_39eb7c6f-71a3-4853-8d31-1361f8325b4d,2b8fbc9d-a4da-4b45-8687-b2907d093f35,anon_0a61353a-479e-44ee-99a1-fd9c6bf60ff9,2026-03-17T17:20:58.171136+00:00,2026-03-17 17:20:58.171136+00:00,right,hopper,hopper::lvl-3.txt,mariogpt,mariogpt::level_050.txt,LEFT,loss,0.0,True,False,False,1,1,11.484,8,1,2,44,1345.0,8.0,48.61734441211234,416.2456629957962,23,1,0,0,0,0,0,0,0,0
v_0163a5e6-16d0-4dcc-8b96-9461f3c07baf,btl_503a465d-4722-4c6c-b96f-755193803bc6,2b8fbc9d-a4da-4b45-8687-b2907d093f35,anon_0a61353a-479e-44ee-99a1-fd9c6bf60ff9,2026-03-17T17:20:11.844246+00:00,2026-03-17 17:20:11.844246+00:00,left,mariogan,mariogan::level_33.txt,ore,ore::lvl-17.txt,RIGHT,loss,0.0,True,False,False,1,1,14.601,13,0,1,53,1475.0,8.0,47.414925406451864,455.09009431982173,29,1,0,0,0,0,0,0,0,0
v_0163a5e6-16d0-4dcc-8b96-9461f3c07baf,btl_503a465d-4722-4c6c-b96f-755193803bc6,2b8fbc9d-a4da-4b45-8687-b2907d093f35,anon_0a61353a-479e-44ee-99a1-fd9c6bf60ff9,2026-03-17T17:20:11.844246+00:00,2026-03-17 17:20:11.844246+00:00,right,ore,ore::lvl-17.txt,mariogan,mariogan::level_33.txt,RIGHT,win,1.0,True,False,False,1,1,7.833,7,0,0,30,462.0,5.0,54.1697845256519,136.06600114160284,16,1,0,0,0,0,0,0,0,0
v_098626ac-70fe-4f92-84de-f9c11c8c1563,btl_28298aa2-a9b0-43c2-8973-7974b8f06866,2b8fbc9d-a4da-4b45-8687-b2907d093f35,anon_0a61353a-479e-44ee-99a1-fd9c6bf60ff9,2026-03-17T17:19:46.683463+00:00,2026-03-17 17:19:46.683463+00:00,left,mariogpt,mariogpt::level_046.txt,marioDiffusion,marioDiffusion::level_52.txt,LEFT,win,1.0,True,False,True,0,0,39.651,30,10,0,147,2354.0,8.0,41.644473889851184,663.748431057029,73,0,0,0,0,0,0,0,0,0
v_098626ac-70fe-4f92-84de-f9c11c8c1563,btl_28298aa2-a9b0-43c2-8973-7974b8f06866,2b8fbc9d-a4da-4b45-8687-b2907d093f35,anon_0a61353a-479e-44ee-99a1-fd9c6bf60ff9,2026-03-17T17:19:46.683463+00:00,2026-03-17 17:19:46.683463+00:00,right,marioDiffusion,marioDiffusion::level_52.txt,mariogpt,mariogpt::level_046.txt,LEFT,loss,0.0,True,False,False,1,1,10.383,8,0,0,40,644.0,8.0,45.71618285683965,198.8050301174495,16,1,0,0,0,0,0,0,0,0
v_f3487f54-49ee-4df7-86cc-f9ba3b11135f,btl_f67b9326-827f-4e1e-83ce-e4f4b96aa25a,2b8fbc9d-a4da-4b45-8687-b2907d093f35,anon_0a61353a-479e-44ee-99a1-fd9c6bf60ff9,2026-03-17T17:18:52.427807+00:00,2026-03-17 17:18:52.427807+00:00,left,hopper,hopper::lvl-41.txt,genetic,genetic::lvl-33.txt,LEFT,win,1.0,True,False,True,0,0,27.817,20,0,4,103,3142.0,8.0,38.83437620933178,852.6635533799442,61,0,0,0,0,0,0,0,0,0
v_f3487f54-49ee-4df7-86cc-f9ba3b11135f,btl_f67b9326-827f-4e1e-83ce-e4f4b96aa25a,2b8fbc9d-a4da-4b45-8687-b2907d093f35,anon_0a61353a-479e-44ee-99a1-fd9c6bf60ff9,2026-03-17T17:18:52.427807+00:00,2026-03-17 17:18:52.427807+00:00,right,genetic,genetic::lvl-33.txt,hopper,hopper::lvl-41.txt,LEFT,loss,0.0,True,False,False,1,1,4.55,2,0,0,18,665.0,8.0,24.913678131193144,221.91092779884278,5,1,0,0,0,0,0,0,0,0
v_cb6bcf5e-8902-41d6-b82b-640913fbdec2,btl_70871697-1291-457e-ae8d-41549e23948e,2b8fbc9d-a4da-4b45-8687-b2907d093f35,anon_0a61353a-479e-44ee-99a1-fd9c6bf60ff9,2026-03-17T17:18:17.496836+00:00,2026-03-17 17:18:17.496836+00:00,left,original,original::lvl-7.txt,mariogpt,mariogpt::level_042.txt,LEFT,win,1.0,True,False,True,0,0,60.018,53,25,1,223,3439.0,24.0,33.90831600814518,1013.7014150672221,136,0,0,0,0,0,0,0,0,0
v_cb6bcf5e-8902-41d6-b82b-640913fbdec2,btl_70871697-1291-457e-ae8d-41549e23948e,2b8fbc9d-a4da-4b45-8687-b2907d093f35,anon_0a61353a-479e-44ee-99a1-fd9c6bf60ff9,2026-03-17T17:18:17.496836+00:00,2026-03-17 17:18:17.496836+00:00,right,mariogpt,mariogpt::level_042.txt,original,original::lvl-7.txt,LEFT,loss,0.0,False,True,False,0,0,0.0,0,0,0,0,,,,,0,0,0,0,0,0,0,0,0,0
v_46fe6e9b-cd7f-4993-80d0-f09ad18c796f,btl_7c150b11-685e-466d-97bb-305a2f5f1779,2b8fbc9d-a4da-4b45-8687-b2907d093f35,anon_0a61353a-479e-44ee-99a1-fd9c6bf60ff9,2026-03-17T17:16:48.333751+00:00,2026-03-17 17:16:48.333751+00:00,left,patternCount,patternCount::lvl-72.txt,patternOccur,patternOccur::lvl-6.txt,LEFT,win,1.0,True,False,False,1,1,12.567,11,0,0,48,704.0,8.0,36.685885114941236,228.99943898524197,32,1,0,0,0,0,0,0,0,0
v_46fe6e9b-cd7f-4993-80d0-f09ad18c796f,btl_7c150b11-685e-466d-97bb-305a2f5f1779,2b8fbc9d-a4da-4b45-8687-b2907d093f35,anon_0a61353a-479e-44ee-99a1-fd9c6bf60ff9,2026-03-17T17:16:48.333751+00:00,2026-03-17 17:16:48.333751+00:00,right,patternOccur,patternOccur::lvl-6.txt,patternCount,patternCount::lvl-72.txt,LEFT,loss,0.0,True,False,False,1,1,0.717,0,0,0,3,8.0,8.0,75.07477753694793,0.0,4,1,0,0,0,0,0,0,0,0
v_3354e7f8-1556-4854-810f-27e1835aea40,btl_2ce85fb8-aa72-4efe-bd4b-d0e5550e2669,2b8fbc9d-a4da-4b45-8687-b2907d093f35,anon_0a61353a-479e-44ee-99a1-fd9c6bf60ff9,2026-03-17T17:16:32.876821+00:00,2026-03-17 17:16:32.876821+00:00,left,notch,notch::lvl-3.txt,genetic,genetic::lvl-21.txt,LEFT,win,1.0,True,False,False,1,1,15.95,18,0,0,60,1878.0,8.0,29.417355988146404,578.6210741927742,37,1,0,0,0,0,0,0,0,0
v_3354e7f8-1556-4854-810f-27e1835aea40,btl_2ce85fb8-aa72-4efe-bd4b-d0e5550e2669,2b8fbc9d-a4da-4b45-8687-b2907d093f35,anon_0a61353a-479e-44ee-99a1-fd9c6bf60ff9,2026-03-17T17:16:32.876821+00:00,2026-03-17 17:16:32.876821+00:00,right,genetic,genetic::lvl-21.txt,notch,notch::lvl-3.txt,LEFT,loss,0.0,True,False,True,0,0,22.867,11,1,0,86,2049.0,8.0,34.02224640445755,654.4864224335068,24,0,0,0,0,0,0,0,0,0
v_b299e30e-d994-49b7-b375-c8e76c526433,btl_dc7d76e0-047d-45c8-bcf0-f599015fbe66,2b8fbc9d-a4da-4b45-8687-b2907d093f35,anon_0a61353a-479e-44ee-99a1-fd9c6bf60ff9,2026-03-17T17:15:48.802581+00:00,2026-03-17 17:15:48.802581+00:00,left,notch,notch::lvl-66.txt,genetic,genetic::lvl-23.txt,LEFT,win,1.0,True,False,True,0,0,18.884,23,0,0,71,2323.0,8.0,44.618171121276355,688.895903572619,46,0,0,0,0,0,0,0,0,0
v_b299e30e-d994-49b7-b375-c8e76c526433,btl_dc7d76e0-047d-45c8-bcf0-f599015fbe66,2b8fbc9d-a4da-4b45-8687-b2907d093f35,anon_0a61353a-479e-44ee-99a1-fd9c6bf60ff9,2026-03-17T17:15:48.802581+00:00,2026-03-17 17:15:48.802581+00:00,right,genetic,genetic::lvl-23.txt,notch,notch::lvl-66.txt,LEFT,loss,0.0,True,False,False,1,1,7.917,3,0,0,30,1510.0,8.0,26.640508003164406,459.9801444990135,7,1,0,0,0,0,0,0,0,0
v_ee08d2ce-fa6b-4e3a-af2d-d27076865ca6,btl_da9d5d00-f706-42e9-b1f8-ce1f5e4b125e,2b8fbc9d-a4da-4b45-8687-b2907d093f35,anon_0a61353a-479e-44ee-99a1-fd9c6bf60ff9,2026-03-17T17:15:19.447117+00:00,2026-03-17 17:15:19.447117+00:00,left,genetic,genetic::lvl-67.txt,patternOccur,patternOccur::lvl-31.txt,RIGHT,loss,0.0,True,False,True,0,0,16.334,12,0,0,62,2076.0,8.0,35.46897047850996,590.9380329991911,25,0,0,0,0,0,0,0,0,0
v_ee08d2ce-fa6b-4e3a-af2d-d27076865ca6,btl_da9d5d00-f706-42e9-b1f8-ce1f5e4b125e,2b8fbc9d-a4da-4b45-8687-b2907d093f35,anon_0a61353a-479e-44ee-99a1-fd9c6bf60ff9,2026-03-17T17:15:19.447117+00:00,2026-03-17 17:15:19.447117+00:00,right,patternOccur,patternOccur::lvl-31.txt,genetic,genetic::lvl-67.txt,RIGHT,win,1.0,True,False,False,1,1,18.767,17,0,0,71,933.0,8.0,35.19962624461182,293.2640489731988,45,1,0,0,0,0,0,0,0,0
v_b182e251-dfbf-41f4-9e36-4514d52a74b0,btl_e5f34334-b418-4088-a2d1-6be4be4392c1,2b8fbc9d-a4da-4b45-8687-b2907d093f35,anon_0a61353a-479e-44ee-99a1-fd9c6bf60ff9,2026-03-17T17:14:41.405260+00:00,2026-03-17 17:14:41.405260+00:00,left,notchParamRand,notchParamRand::lvl-56.txt,genetic,genetic::lvl-36.txt,RIGHT,loss,0.0,True,False,True,0,0,19.134,14,0,0,72,3085.0,8.0,31.01831398495308,985.0610096376433,29,0,0,0,0,0,0,0,0,0
v_b182e251-dfbf-41f4-9e36-4514d52a74b0,btl_e5f34334-b418-4088-a2d1-6be4be4392c1,2b8fbc9d-a4da-4b45-8687-b2907d093f35,anon_0a61353a-479e-44ee-99a1-fd9c6bf60ff9,2026-03-17T17:14:41.405260+00:00,2026-03-17 17:14:41.405260+00:00,right,genetic,genetic::lvl-36.txt,notchParamRand,notchParamRand::lvl-56.txt,RIGHT,win,1.0,True,False,False,1,1,5.367,4,0,0,21,352.0,8.0,33.716572427158546,104.61125531810154,9,1,0,0,0,0,0,0,0,0
v_c68e44c8-229e-4a20-891a-7ab0e58fc306,btl_d46a90c6-1b8d-4d02-85e0-a97c4cb23c5a,e3bc709a-0740-4e71-b421-d7482e89ded9,anon_a9445e2d-8170-40b8-bfa3-9fdf5b9366fb,2026-03-16T15:18:08.408800+00:00,2026-03-16 15:18:08.408800+00:00,left,original,original::lvl-7.txt,mariodpo,mariodpo::mariodpo_nintendo_0190.txt,TIE,tie,0.5,True,False,False,1,1,20.971,22,9,0,77,1142.0,24.0,28.979284916858468,332.1822781953305,57,1,0,0,0,0,0,0,0,0
v_c68e44c8-229e-4a20-891a-7ab0e58fc306,btl_d46a90c6-1b8d-4d02-85e0-a97c4cb23c5a,e3bc709a-0740-4e71-b421-d7482e89ded9,anon_a9445e2d-8170-40b8-bfa3-9fdf5b9366fb,2026-03-16T15:18:08.408800+00:00,2026-03-16 15:18:08.408800+00:00,right,mariodpo,mariodpo::mariodpo_nintendo_0190.txt,original,original::lvl-7.txt,TIE,tie,0.5,True,False,False,1,1,12.149,11,0,0,46,1274.0,40.0,31.728378166814775,335.9220417707775,25,1,0,0,0,0,0,0,0,0
v_ed4b8238-92ee-4c28-a5eb-24d8405f84f4,btl_88a7556d-81db-459c-8082-ddc50ffba0d2,e3bc709a-0740-4e71-b421-d7482e89ded9,anon_a9445e2d-8170-40b8-bfa3-9fdf5b9366fb,2026-03-16T15:17:28.768470+00:00,2026-03-16 15:17:28.768470+00:00,left,notchParam,notchParam::lvl-99.txt,marioDiffusion,marioDiffusion::level_5.txt,RIGHT,loss,0.0,True,False,False,1,1,4.545,4,0,0,18,1212.0,8.0,28.082989886898694,407.4380964872281,8,1,0,0,0,0,0,0,0,0
v_ed4b8238-92ee-4c28-a5eb-24d8405f84f4,btl_88a7556d-81db-459c-8082-ddc50ffba0d2,e3bc709a-0740-4e71-b421-d7482e89ded9,anon_a9445e2d-8170-40b8-bfa3-9fdf5b9366fb,2026-03-16T15:17:28.768470+00:00,2026-03-16 15:17:28.768470+00:00,right,marioDiffusion,marioDiffusion::level_5.txt,notchParam,notchParam::lvl-99.txt,RIGHT,win,1.0,True,False,False,1,1,4.282,5,0,0,17,587.0,8.0,49.03808279300732,175.326289980931,10,1,0,0,0,0,0,0,0,0
v_f54c24aa-3c2c-4e89-aa97-88dc9f75567e,btl_ccc827c5-5346-41c5-869d-7bfa9a5ceb36,e3bc709a-0740-4e71-b421-d7482e89ded9,anon_a9445e2d-8170-40b8-bfa3-9fdf5b9366fb,2026-03-16T15:17:16.043248+00:00,2026-03-16 15:17:16.043248+00:00,left,marioDiffusion,marioDiffusion::level_22.txt,patternOccur,patternOccur::lvl-91.txt,LEFT,win,1.0,True,False,False,1,1,21.789,24,0,0,82,2212.0,8.0,54.60935984997692,680.0677504129242,49,1,0,0,0,0,0,0,0,0
v_f54c24aa-3c2c-4e89-aa97-88dc9f75567e,btl_ccc827c5-5346-41c5-869d-7bfa9a5ceb36,e3bc709a-0740-4e71-b421-d7482e89ded9,anon_a9445e2d-8170-40b8-bfa3-9fdf5b9366fb,2026-03-16T15:17:16.043248+00:00,2026-03-16 15:17:16.043248+00:00,right,patternOccur,patternOccur::lvl-91.txt,marioDiffusion,marioDiffusion::level_22.txt,LEFT,loss,0.0,True,False,False,1,1,3.479,3,1,0,14,227.0,8.0,45.57058888612887,68.20033514789876,11,1,0,0,0,0,0,0,0,0
v_7b3a3f7f-a04c-40ae-9807-1a3f02156586,btl_a35f415e-c5c6-4ecb-9e41-51562b6c4265,e3bc709a-0740-4e71-b421-d7482e89ded9,anon_a9445e2d-8170-40b8-bfa3-9fdf5b9366fb,2026-03-16T15:16:47.629769+00:00,2026-03-16 15:16:47.629769+00:00,left,patternWeightCount,patternWeightCount::lvl-69.txt,marioDiffusion,marioDiffusion::level_14.txt,RIGHT,loss,0.0,True,False,False,1,1,2.77,3,0,0,11,374.0,8.0,44.434741824294825,131.11278344795778,8,1,0,0,0,0,0,0,0,0
v_7b3a3f7f-a04c-40ae-9807-1a3f02156586,btl_a35f415e-c5c6-4ecb-9e41-51562b6c4265,e3bc709a-0740-4e71-b421-d7482e89ded9,anon_a9445e2d-8170-40b8-bfa3-9fdf5b9366fb,2026-03-16T15:16:47.629769+00:00,2026-03-16 15:16:47.629769+00:00,right,marioDiffusion,marioDiffusion::level_14.txt,patternWeightCount,patternWeightCount::lvl-69.txt,RIGHT,win,1.0,True,False,False,1,1,8.715,10,2,0,33,613.0,8.0,54.43207070648494,188.23534592245278,23,1,0,0,0,0,0,0,0,0
v_97b89f53-71d7-42aa-9c58-22c69bdaaf6d,btl_a2e963a8-28f4-479d-b107-ea59cb772a82,e3bc709a-0740-4e71-b421-d7482e89ded9,anon_a9445e2d-8170-40b8-bfa3-9fdf5b9366fb,2026-03-16T15:16:32.886452+00:00,2026-03-16 15:16:32.886452+00:00,left,hopper,hopper::lvl-94.txt,notch,notch::lvl-40.txt,TIE,tie,0.5,True,False,False,1,1,3.038,2,0,1,12,680.0,8.0,24.642302156161374,235.3474381986485,7,1,0,0,0,0,0,0,0,0
v_97b89f53-71d7-42aa-9c58-22c69bdaaf6d,btl_a2e963a8-28f4-479d-b107-ea59cb772a82,e3bc709a-0740-4e71-b421-d7482e89ded9,anon_a9445e2d-8170-40b8-bfa3-9fdf5b9366fb,2026-03-16T15:16:32.886452+00:00,2026-03-16 15:16:32.886452+00:00,right,notch,notch::lvl-40.txt,hopper,hopper::lvl-94.txt,TIE,tie,0.5,True,False,False,1,1,1.816,1,0,0,7,314.0,8.0,22.42720650987846,111.80942240605444,2,1,0,0,0,0,0,0,0,0
v_a78c544b-89f6-4082-bd1f-084bbb2cd851,btl_8ef9164a-90c2-4195-9d7c-a2ae3ec366cd,e3bc709a-0740-4e71-b421-d7482e89ded9,anon_a9445e2d-8170-40b8-bfa3-9fdf5b9366fb,2026-03-16T15:16:23.078734+00:00,2026-03-16 15:16:23.078734+00:00,left,patternCount,patternCount::lvl-69.txt,mariogan,mariogan::level_94.txt,RIGHT,loss,0.0,True,False,True,0,0,27.578,35,0,0,104,3143.0,8.0,49.22967903690743,865.421965860633,106,0,0,0,0,0,0,0,0,0
v_a78c544b-89f6-4082-bd1f-084bbb2cd851,btl_8ef9164a-90c2-4195-9d7c-a2ae3ec366cd,e3bc709a-0740-4e71-b421-d7482e89ded9,anon_a9445e2d-8170-40b8-bfa3-9fdf5b9366fb,2026-03-16T15:16:23.078734+00:00,2026-03-16 15:16:23.078734+00:00,right,mariogan,mariogan::level_94.txt,patternCount,patternCount::lvl-69.txt,RIGHT,win,1.0,True,False,False,1,1,25.88,25,0,1,94,1896.0,8.0,32.612565794704004,481.885709040678,63,1,0,0,0,0,0,0,0,0
v_f7010710-d6b2-4e4e-8e77-d152e45c4531,btl_1e4b850a-b934-42c3-afd7-076ef6d11d52,e3bc709a-0740-4e71-b421-d7482e89ded9,anon_a9445e2d-8170-40b8-bfa3-9fdf5b9366fb,2026-03-16T15:15:26.195954+00:00,2026-03-16 15:15:26.195954+00:00,left,notch,notch::lvl-60.txt,patternWeightCount,patternWeightCount::lvl-20.txt,RIGHT,loss,0.0,True,False,False,1,1,11.176,14,0,0,43,1635.0,8.0,39.082694428427395,494.1664510478889,28,1,0,0,0,0,0,0,0,0
v_f7010710-d6b2-4e4e-8e77-d152e45c4531,btl_1e4b850a-b934-42c3-afd7-076ef6d11d52,e3bc709a-0740-4e71-b421-d7482e89ded9,anon_a9445e2d-8170-40b8-bfa3-9fdf5b9366fb,2026-03-16T15:15:26.195954+00:00,2026-03-16 15:15:26.195954+00:00,right,patternWeightCount,patternWeightCount::lvl-20.txt,notch,notch::lvl-60.txt,RIGHT,win,1.0,True,False,False,1,1,33.582,33,1,0,127,2155.0,8.0,54.08293725315041,673.1288077632569,102,1,0,0,0,0,0,0,0,0
v_7f71d01d-32c9-451b-b4b2-fefef14cb5a2,btl_a792df5d-079a-466a-a040-5e62250b473c,e3bc709a-0740-4e71-b421-d7482e89ded9,anon_a9445e2d-8170-40b8-bfa3-9fdf5b9366fb,2026-03-16T15:14:37.232405+00:00,2026-03-16 15:14:37.232405+00:00,left,patternWeightCount,patternWeightCount::lvl-12.txt,ore,ore::lvl-33.txt,RIGHT,loss,0.0,True,False,False,1,1,0.718,0,0,0,3,8.0,8.0,75.07477753694793,0.0,3,1,0,0,0,0,0,0,0,0
v_7f71d01d-32c9-451b-b4b2-fefef14cb5a2,btl_a792df5d-079a-466a-a040-5e62250b473c,e3bc709a-0740-4e71-b421-d7482e89ded9,anon_a9445e2d-8170-40b8-bfa3-9fdf5b9366fb,2026-03-16T15:14:37.232405+00:00,2026-03-16 15:14:37.232405+00:00,right,ore,ore::lvl-33.txt,patternWeightCount,patternWeightCount::lvl-12.txt,RIGHT,win,1.0,True,False,False,1,1,3.446,3,0,0,14,91.0,8.0,32.61283395805262,31.615111989718603,7,1,0,0,0,0,0,0,0,0
v_b3be3c2b-b338-48e8-8faf-438af559e49f,btl_f39fc0e0-13e2-460b-a6da-43abb2fa0bd0,517536ff-fe76-42f2-94e7-fedb1ccd4660,anon_1306880e-d282-4c14-8213-0a6dfe651c10,2026-03-12T13:52:18.574023+00:00,2026-03-12 13:52:18.574023+00:00,left,patternCount,patternCount::lvl-27.txt,mariogpt,mariogpt::level_033.txt,RIGHT,loss,0.0,True,False,False,1,1,89.535,54,1,0,335,2459.0,8.0,32.01310797471773,670.3324112038434,166,1,0,0,0,0,0,0,0,0
v_b3be3c2b-b338-48e8-8faf-438af559e49f,btl_f39fc0e0-13e2-460b-a6da-43abb2fa0bd0,517536ff-fe76-42f2-94e7-fedb1ccd4660,anon_1306880e-d282-4c14-8213-0a6dfe651c10,2026-03-12T13:52:18.574023+00:00,2026-03-12 13:52:18.574023+00:00,right,mariogpt,mariogpt::level_033.txt,patternCount,patternCount::lvl-27.txt,RIGHT,win,1.0,True,False,False,1,1,29.801,27,0,0,110,2326.0,8.0,35.39097914665088,656.0072086884713,65,1,0,0,0,0,0,0,0,0
v_c59938bb-b4fc-4c50-a18d-62399ee9d8e9,btl_9b09777f-922b-418f-922c-3195dc171842,517536ff-fe76-42f2-94e7-fedb1ccd4660,anon_1306880e-d282-4c14-8213-0a6dfe651c10,2026-03-12T13:50:14.203195+00:00,2026-03-12 13:50:14.203195+00:00,left,notchParamRand,notchParamRand::lvl-34.txt,genetic,genetic::lvl-36.txt,RIGHT,loss,0.0,True,False,False,1,1,4.484,5,0,0,18,1207.0,8.0,39.56710193526379,403.62522342843533,13,1,0,0,0,0,0,0,0,0
v_c59938bb-b4fc-4c50-a18d-62399ee9d8e9,btl_9b09777f-922b-418f-922c-3195dc171842,517536ff-fe76-42f2-94e7-fedb1ccd4660,anon_1306880e-d282-4c14-8213-0a6dfe651c10,2026-03-12T13:50:14.203195+00:00,2026-03-12 13:50:14.203195+00:00,right,genetic,genetic::lvl-36.txt,notchParamRand,notchParamRand::lvl-34.txt,RIGHT,win,1.0,True,False,False,1,1,4.9,3,0,0,19,838.0,0.0,45.21000551136828,285.6365588773836,8,1,0,0,0,0,0,0,0,0
v_9a8460b5-33ab-4884-9b41-97955805e27e,btl_e0d0c0d5-21eb-4a74-9ae1-d37ed72a63d5,517536ff-fe76-42f2-94e7-fedb1ccd4660,anon_1306880e-d282-4c14-8213-0a6dfe651c10,2026-03-12T13:50:02.531806+00:00,2026-03-12 13:50:02.531806+00:00,left,genetic,genetic::lvl-12.txt,notchParam,notchParam::lvl-91.txt,LEFT,win,1.0,True,False,True,0,0,10.767,8,0,0,41,2044.0,8.0,33.46986711594583,671.4864746689212,16,0,0,0,0,0,0,0,0,0
v_9a8460b5-33ab-4884-9b41-97955805e27e,btl_e0d0c0d5-21eb-4a74-9ae1-d37ed72a63d5,517536ff-fe76-42f2-94e7-fedb1ccd4660,anon_1306880e-d282-4c14-8213-0a6dfe651c10,2026-03-12T13:50:02.531806+00:00,2026-03-12 13:50:02.531806+00:00,right,notchParam,notchParam::lvl-91.txt,genetic,genetic::lvl-12.txt,LEFT,loss,0.0,True,False,False,1,1,2.916,3,0,0,12,705.0,8.0,22.167763130776684,242.75517788275675,8,1,0,0,0,0,0,0,0,0
v_6646450b-0371-491a-9552-d35398f4ceaf,btl_90408d58-e520-487e-b9b7-3691b5a5a6ac,517536ff-fe76-42f2-94e7-fedb1ccd4660,anon_1306880e-d282-4c14-8213-0a6dfe651c10,2026-03-12T13:49:45.169657+00:00,2026-03-12 13:49:45.169657+00:00,left,hopper,hopper::lvl-34.txt,marioDiffusion,marioDiffusion::level_24.txt,RIGHT,loss,0.0,True,False,False,1,1,4.4,4,0,0,17,1098.0,8.0,24.340860885566865,370.593249265801,11,1,0,0,0,0,0,0,0,0
v_6646450b-0371-491a-9552-d35398f4ceaf,btl_90408d58-e520-487e-b9b7-3691b5a5a6ac,517536ff-fe76-42f2-94e7-fedb1ccd4660,anon_1306880e-d282-4c14-8213-0a6dfe651c10,2026-03-12T13:49:45.169657+00:00,2026-03-12 13:49:45.169657+00:00,right,marioDiffusion,marioDiffusion::level_24.txt,hopper,hopper::lvl-34.txt,RIGHT,win,1.0,True,False,True,0,0,52.685,44,10,1,198,3283.0,8.0,43.352138852276184,1063.1985673681604,99,0,0,0,0,0,0,0,0,0
v_19585a9e-6caa-4db0-a060-cc730c8f5005,btl_d9db4f62-714d-4da6-b78a-64c285f76b84,517536ff-fe76-42f2-94e7-fedb1ccd4660,anon_1306880e-d282-4c14-8213-0a6dfe651c10,2026-03-12T13:48:45.754464+00:00,2026-03-12 13:48:45.754464+00:00,left,notchParamRand,notchParamRand::lvl-6.txt,marioDiffusion,marioDiffusion::level_13.txt,RIGHT,loss,0.0,True,False,False,1,1,1.733,1,0,0,7,282.0,8.0,21.596484974766287,100.35894761976601,4,1,0,0,0,0,0,0,0,0
v_19585a9e-6caa-4db0-a060-cc730c8f5005,btl_d9db4f62-714d-4da6-b78a-64c285f76b84,517536ff-fe76-42f2-94e7-fedb1ccd4660,anon_1306880e-d282-4c14-8213-0a6dfe651c10,2026-03-12T13:48:45.754464+00:00,2026-03-12 13:48:45.754464+00:00,right,marioDiffusion,marioDiffusion::level_13.txt,notchParamRand,notchParamRand::lvl-6.txt,RIGHT,win,1.0,True,False,False,1,1,17.467,9,0,0,66,1533.0,8.0,46.535019446588805,469.44932474465645,18,1,0,0,0,0,0,0,0,0
v_9681277e-03bd-4224-9c40-2a2b552815d7,btl_680147a8-e44f-4c2d-9eca-c2616c19457f,517536ff-fe76-42f2-94e7-fedb1ccd4660,anon_1306880e-d282-4c14-8213-0a6dfe651c10,2026-03-12T13:48:23.117317+00:00,2026-03-12 13:48:23.117317+00:00,left,mariogan,mariogan::level_6.txt,mariogpt,mariogpt::level_056.txt,RIGHT,loss,0.0,True,False,True,0,0,35.435,29,0,3,133,2653.0,8.0,38.31384480611724,783.983751768438,63,0,0,0,0,0,0,0,0,0
v_9681277e-03bd-4224-9c40-2a2b552815d7,btl_680147a8-e44f-4c2d-9eca-c2616c19457f,517536ff-fe76-42f2-94e7-fedb1ccd4660,anon_1306880e-d282-4c14-8213-0a6dfe651c10,2026-03-12T13:48:23.117317+00:00,2026-03-12 13:48:23.117317+00:00,right,mariogpt,mariogpt::level_056.txt,mariogan,mariogan::level_6.txt,RIGHT,win,1.0,True,False,True,0,0,36.384,20,11,3,137,2383.0,0.0,36.03958994304495,734.970607663066,54,0,0,0,0,0,0,0,0,0
v_3d1c7b06-3399-4ad0-988b-11a60813f5fa,btl_75684ddf-a074-441a-aa48-b2808f52d36a,517536ff-fe76-42f2-94e7-fedb1ccd4660,anon_1306880e-d282-4c14-8213-0a6dfe651c10,2026-03-12T13:47:06.054990+00:00,2026-03-12 13:47:06.054990+00:00,left,mariogpt,mariogpt::level_089.txt,patternWeightCount,patternWeightCount::lvl-32.txt,LEFT,win,1.0,True,False,False,1,1,34.834,24,0,0,131,2120.0,8.0,45.308164699906634,640.5005172005989,54,1,0,0,0,0,0,0,0,0
v_3d1c7b06-3399-4ad0-988b-11a60813f5fa,btl_75684ddf-a074-441a-aa48-b2808f52d36a,517536ff-fe76-42f2-94e7-fedb1ccd4660,anon_1306880e-d282-4c14-8213-0a6dfe651c10,2026-03-12T13:47:06.054990+00:00,2026-03-12 13:47:06.054990+00:00,right,patternWeightCount,patternWeightCount::lvl-32.txt,mariogpt,mariogpt::level_089.txt,LEFT,loss,0.0,True,False,False,1,1,10.217,6,0,0,38,518.0,8.0,45.57375836513317,129.25997820964926,16,1,0,0,0,0,0,0,0,0
v_3cff974f-d50c-4e6e-bfff-60b56986b7dc,btl_514506d6-bbe6-4ad9-a046-80160c5acb62,517536ff-fe76-42f2-94e7-fedb1ccd4660,anon_1306880e-d282-4c14-8213-0a6dfe651c10,2026-03-12T13:46:16.684728+00:00,2026-03-12 13:46:16.684728+00:00,left,patternCount,patternCount::lvl-65.txt,genetic,genetic::lvl-9.txt,RIGHT,loss,0.0,True,False,False,1,1,6.466,7,0,0,25,588.0,7.0,43.527462595469544,209.81311303157386,27,1,0,0,0,0,0,0,0,0
v_3cff974f-d50c-4e6e-bfff-60b56986b7dc,btl_514506d6-bbe6-4ad9-a046-80160c5acb62,517536ff-fe76-42f2-94e7-fedb1ccd4660,anon_1306880e-d282-4c14-8213-0a6dfe651c10,2026-03-12T13:46:16.684728+00:00,2026-03-12 13:46:16.684728+00:00,right,genetic,genetic::lvl-9.txt,patternCount,patternCount::lvl-65.txt,RIGHT,win,1.0,True,False,False,1,1,4.267,3,0,0,17,934.0,8.0,37.695189820985625,304.35297528365624,7,1,0,0,0,0,0,0,0,0
v_33d785b9-e78a-4c4b-bb82-fd177169849b,btl_7e214663-c2cc-4092-b5d6-6c438413f72a,517536ff-fe76-42f2-94e7-fedb1ccd4660,anon_1306880e-d282-4c14-8213-0a6dfe651c10,2026-03-12T13:45:53.415652+00:00,2026-03-12 13:45:53.415652+00:00,left,mariogpt,mariogpt::level_034.txt,mariogan,mariogan::level_57.txt,LEFT,win,1.0,True,False,True,0,0,73.902,61,15,0,277,2373.0,0.0,56.5634128375581,708.4856555149368,147,0,0,0,0,0,0,0,0,0
v_33d785b9-e78a-4c4b-bb82-fd177169849b,btl_7e214663-c2cc-4092-b5d6-6c438413f72a,517536ff-fe76-42f2-94e7-fedb1ccd4660,anon_1306880e-d282-4c14-8213-0a6dfe651c10,2026-03-12T13:45:53.415652+00:00,2026-03-12 13:45:53.415652+00:00,right,mariogan,mariogan::level_57.txt,mariogpt,mariogpt::level_034.txt,LEFT,loss,0.0,True,False,True,0,0,24.134,23,0,2,91,2632.0,8.0,38.96993351172754,710.6642511177052,50,0,0,0,0,0,0,0,0,0
v_6556a3b2-61a2-44e5-859a-7cecf922043d,btl_aad71e49-7844-4c7f-965c-80c0eabda3f3,517536ff-fe76-42f2-94e7-fedb1ccd4660,anon_1306880e-d282-4c14-8213-0a6dfe651c10,2026-03-12T13:44:11.556337+00:00,2026-03-12 13:44:11.556337+00:00,left,original,original::lvl-10.txt,notchParam,notchParam::lvl-52.txt,LEFT,win,1.0,True,False,False,1,1,11.633,9,6,2,44,1058.0,24.0,61.203393467199405,315.5355705479047,27,1,0,0,0,0,0,0,0,0
v_6556a3b2-61a2-44e5-859a-7cecf922043d,btl_aad71e49-7844-4c7f-965c-80c0eabda3f3,517536ff-fe76-42f2-94e7-fedb1ccd4660,anon_1306880e-d282-4c14-8213-0a6dfe651c10,2026-03-12T13:44:11.556337+00:00,2026-03-12 13:44:11.556337+00:00,right,notchParam,notchParam::lvl-52.txt,original,original::lvl-10.txt,LEFT,loss,0.0,True,False,False,1,1,4.917,5,0,0,19,1109.0,8.0,29.088364752748127,374.3115046229207,10,1,0,0,0,0,0,0,0,0
v_cb18f0d4-847d-47b4-a14f-24360a0b16d9,btl_b24b6025-43d8-4351-b61f-240b4e414705,517536ff-fe76-42f2-94e7-fedb1ccd4660,anon_1306880e-d282-4c14-8213-0a6dfe651c10,2026-03-12T13:43:52.695458+00:00,2026-03-12 13:43:52.695458+00:00,left,patternOccur,patternOccur::lvl-16.txt,marioDiffusion,marioDiffusion::level_46.txt,LEFT,win,1.0,False,True,False,0,0,0.0,0,0,0,0,,,,,0,0,0,0,0,0,0,0,0,0
v_cb18f0d4-847d-47b4-a14f-24360a0b16d9,btl_b24b6025-43d8-4351-b61f-240b4e414705,517536ff-fe76-42f2-94e7-fedb1ccd4660,anon_1306880e-d282-4c14-8213-0a6dfe651c10,2026-03-12T13:43:52.695458+00:00,2026-03-12 13:43:52.695458+00:00,right,marioDiffusion,marioDiffusion::level_46.txt,patternOccur,patternOccur::lvl-16.txt,LEFT,loss,0.0,True,False,False,1,1,17.151,8,0,0,65,651.0,8.0,41.81371480222882,190.71310961104584,17,1,0,0,0,0,0,0,0,0
v_e7d1dafe-eebc-44b0-ad99-8c0f6068c44a,btl_0b3d3c49-fbe0-4497-8f3b-1d69e35ef40c,517536ff-fe76-42f2-94e7-fedb1ccd4660,anon_1306880e-d282-4c14-8213-0a6dfe651c10,2026-03-12T13:43:29.485785+00:00,2026-03-12 13:43:29.485785+00:00,left,mariodpo,mariodpo::mariodpo_nintendo_0124.txt,marioDiffusion,marioDiffusion::level_10.txt,LEFT,win,1.0,True,False,False,1,1,40.485,24,5,2,152,2162.0,40.0,29.154996263641742,626.1793172509288,63,1,0,0,0,0,0,0,0,0
v_e7d1dafe-eebc-44b0-ad99-8c0f6068c44a,btl_0b3d3c49-fbe0-4497-8f3b-1d69e35ef40c,517536ff-fe76-42f2-94e7-fedb1ccd4660,anon_1306880e-d282-4c14-8213-0a6dfe651c10,2026-03-12T13:43:29.485785+00:00,2026-03-12 13:43:29.485785+00:00,right,marioDiffusion,marioDiffusion::level_10.txt,mariodpo,mariodpo::mariodpo_nintendo_0124.txt,LEFT,loss,0.0,True,False,False,1,1,16.367,7,0,0,62,775.0,8.0,38.97391000105111,213.7571803566052,14,1,0,0,0,0,0,0,0,0
v_b95fa6a6-a6e8-4863-b8c4-fc68970ae924,btl_cfeb874d-ee76-4153-a915-fea5db12ab67,517536ff-fe76-42f2-94e7-fedb1ccd4660,anon_1306880e-d282-4c14-8213-0a6dfe651c10,2026-03-12T13:42:20.283842+00:00,2026-03-12 13:42:20.283842+00:00,left,genetic,genetic::lvl-93.txt,marioDiffusion,marioDiffusion::level_59.txt,RIGHT,loss,0.0,True,False,True,0,0,19.867,15,0,0,75,2053.0,8.0,32.4524568492981,693.7847907112279,30,0,0,0,0,0,0,0,0,0
v_b95fa6a6-a6e8-4863-b8c4-fc68970ae924,btl_cfeb874d-ee76-4153-a915-fea5db12ab67,517536ff-fe76-42f2-94e7-fedb1ccd4660,anon_1306880e-d282-4c14-8213-0a6dfe651c10,2026-03-12T13:42:20.283842+00:00,2026-03-12 13:42:20.283842+00:00,right,marioDiffusion,marioDiffusion::level_59.txt,genetic,genetic::lvl-93.txt,RIGHT,win,1.0,True,False,True,0,0,59.435,45,5,0,224,3302.0,8.0,45.02451124357947,1018.3067445991613,95,0,1,1,0,0,0,0,0,0
v_147ae2f7-6c66-4199-a629-ad652f363725,btl_a5a50d52-f04d-4b81-8b37-583917e74e04,517536ff-fe76-42f2-94e7-fedb1ccd4660,anon_1306880e-d282-4c14-8213-0a6dfe651c10,2026-03-12T13:40:52.889603+00:00,2026-03-12 13:40:52.889603+00:00,left,notchParam,notchParam::lvl-25.txt,patternCount,patternCount::lvl-95.txt,RIGHT,loss,0.0,True,False,False,1,1,3.567,2,0,0,14,296.0,8.0,17.066048165876012,95.54924470274636,5,1,0,0,0,0,0,0,0,0
v_147ae2f7-6c66-4199-a629-ad652f363725,btl_a5a50d52-f04d-4b81-8b37-583917e74e04,517536ff-fe76-42f2-94e7-fedb1ccd4660,anon_1306880e-d282-4c14-8213-0a6dfe651c10,2026-03-12T13:40:52.889603+00:00,2026-03-12 13:40:52.889603+00:00,right,patternCount,patternCount::lvl-95.txt,notchParam,notchParam::lvl-25.txt,RIGHT,win,1.0,True,False,False,1,1,3.867,4,0,0,15,230.0,8.0,58.55466581655888,75.71631264133245,16,1,0,0,0,0,0,0,0,0
v_1ce30c33-319e-42d2-82d5-469a68a31fd2,btl_e1985ac0-a6d9-4b47-8c1e-5d4ad7c28f63,121cb5ca-ef9f-4295-a84b-bdde8f1222d0,anon_f4ad86c4-6446-4a84-b961-5661c5ef30d1,2026-03-11T10:22:28.877435+00:00,2026-03-11 10:22:28.877435+00:00,left,patternWeightCount,patternWeightCount::lvl-82.txt,marioDiffusion,marioDiffusion::level_25.txt,RIGHT,loss,0.0,True,False,True,0,0,24.583,27,1,0,93,3174.0,8.0,37.07620124566581,934.8818019310875,59,0,0,0,0,0,0,0,0,0
v_1ce30c33-319e-42d2-82d5-469a68a31fd2,btl_e1985ac0-a6d9-4b47-8c1e-5d4ad7c28f63,121cb5ca-ef9f-4295-a84b-bdde8f1222d0,anon_f4ad86c4-6446-4a84-b961-5661c5ef30d1,2026-03-11T10:22:28.877435+00:00,2026-03-11 10:22:28.877435+00:00,right,marioDiffusion,marioDiffusion::level_25.txt,patternWeightCount,patternWeightCount::lvl-82.txt,RIGHT,win,1.0,True,False,False,1,1,7.651,8,1,0,29,771.0,8.0,32.99709928518904,229.90587951678236,18,1,0,0,0,0,0,0,0,0
v_95ed446b-3422-424b-98f2-2755c9ca0460,btl_8be1a642-e5f9-4e72-9399-6b34c32f2de5,121cb5ca-ef9f-4295-a84b-bdde8f1222d0,anon_f4ad86c4-6446-4a84-b961-5661c5ef30d1,2026-03-11T10:21:54.644477+00:00,2026-03-11 10:21:54.644477+00:00,left,patternWeightCount,patternWeightCount::lvl-22.txt,mariogan,mariogan::level_2.txt,RIGHT,loss,0.0,True,False,False,1,1,10.317,10,1,0,39,484.0,8.0,37.63571540828244,158.38067391516708,28,1,0,0,0,0,0,0,0,0
v_95ed446b-3422-424b-98f2-2755c9ca0460,btl_8be1a642-e5f9-4e72-9399-6b34c32f2de5,121cb5ca-ef9f-4295-a84b-bdde8f1222d0,anon_f4ad86c4-6446-4a84-b961-5661c5ef30d1,2026-03-11T10:21:54.644477+00:00,2026-03-11 10:21:54.644477+00:00,right,mariogan,mariogan::level_2.txt,patternWeightCount,patternWeightCount::lvl-22.txt,RIGHT,win,1.0,True,False,True,0,0,37.067,34,0,4,134,2640.0,8.0,39.85275094180779,621.0736737188903,85,0,0,0,0,0,0,0,0,0
v_02d3d294-90bd-4b97-b3b0-8952b0aaaf9a,btl_f74a3c95-866f-419a-8a16-2d264ae155f9,0e49f1a5-2a6c-4b57-9b7b-a12049a6b8b1,anon_070f999b-9335-4911-9497-236fa38b5ff2,2026-03-11T09:24:40.128235+00:00,2026-03-11 09:24:40.128235+00:00,left,mariogpt,mariogpt::level_055.txt,original,original::lvl-11.txt,LEFT,win,1.0,True,False,True,0,0,30.6,25,0,0,115,2332.0,8.0,55.29413632825216,663.9819713087566,58,0,0,0,0,0,0,0,0,0
v_02d3d294-90bd-4b97-b3b0-8952b0aaaf9a,btl_f74a3c95-866f-419a-8a16-2d264ae155f9,0e49f1a5-2a6c-4b57-9b7b-a12049a6b8b1,anon_070f999b-9335-4911-9497-236fa38b5ff2,2026-03-11T09:24:40.128235+00:00,2026-03-11 09:24:40.128235+00:00,right,original,original::lvl-11.txt,mariogpt,mariogpt::level_055.txt,LEFT,loss,0.0,True,False,False,1,1,8.017,11,2,0,31,698.0,8.0,35.51277415229167,193.56101571703695,27,1,0,0,0,0,0,0,0,0
v_8cfa42a4-6071-46e3-bda5-b3b7228fe356,btl_26af4a13-783a-46cd-a3e4-613bfbe90e60,0e49f1a5-2a6c-4b57-9b7b-a12049a6b8b1,anon_070f999b-9335-4911-9497-236fa38b5ff2,2026-03-11T09:23:54.853274+00:00,2026-03-11 09:23:54.853274+00:00,left,original,original::lvl-7.txt,patternCount,patternCount::lvl-92.txt,LEFT,win,1.0,True,False,False,1,1,6.666,5,5,0,26,942.0,24.0,21.937512116687763,309.50058311212524,17,1,0,0,0,0,0,0,0,0
v_8cfa42a4-6071-46e3-bda5-b3b7228fe356,btl_26af4a13-783a-46cd-a3e4-613bfbe90e60,0e49f1a5-2a6c-4b57-9b7b-a12049a6b8b1,anon_070f999b-9335-4911-9497-236fa38b5ff2,2026-03-11T09:23:54.853274+00:00,2026-03-11 09:23:54.853274+00:00,right,patternCount,patternCount::lvl-92.txt,original,original::lvl-7.txt,LEFT,loss,0.0,True,False,False,1,1,5.867,8,2,0,23,791.0,8.0,44.832011585026216,235.92241042959688,31,1,0,0,0,0,0,0,0,0
v_7ea05b65-ef78-477f-9ed8-afdabd3a465d,btl_3e3c1029-b3c2-4de1-82c8-ff20d3c1d81c,0e49f1a5-2a6c-4b57-9b7b-a12049a6b8b1,anon_070f999b-9335-4911-9497-236fa38b5ff2,2026-03-11T09:23:40.184623+00:00,2026-03-11 09:23:40.184623+00:00,left,notchParam,notchParam::lvl-27.txt,patternCount,patternCount::lvl-39.txt,RIGHT,loss,0.0,True,False,False,1,1,6.484,6,0,0,25,1862.0,8.0,29.785902705810344,599.7115119788847,14,1,0,0,0,0,0,0,0,0
v_7ea05b65-ef78-477f-9ed8-afdabd3a465d,btl_3e3c1029-b3c2-4de1-82c8-ff20d3c1d81c,0e49f1a5-2a6c-4b57-9b7b-a12049a6b8b1,anon_070f999b-9335-4911-9497-236fa38b5ff2,2026-03-11T09:23:40.184623+00:00,2026-03-11 09:23:40.184623+00:00,right,patternCount,patternCount::lvl-39.txt,notchParam,notchParam::lvl-27.txt,RIGHT,win,1.0,True,False,False,1,1,4.45,3,0,0,17,411.0,8.0,59.416889703239434,151.83922019335893,18,1,0,0,0,0,0,0,0,0
v_b28adadd-d7ac-4dbd-b105-35eee4b2167f,btl_f0e45d6d-ea1e-4023-8618-91d18e76e894,0e49f1a5-2a6c-4b57-9b7b-a12049a6b8b1,anon_070f999b-9335-4911-9497-236fa38b5ff2,2026-03-11T09:23:27.516105+00:00,2026-03-11 09:23:27.516105+00:00,left,notchParamRand,notchParamRand::lvl-72.txt,notchParam,notchParam::lvl-24.txt,RIGHT,loss,0.0,True,False,False,1,1,5.216,3,0,0,20,1436.0,8.0,27.891755054137416,469.8779495783985,8,1,0,0,0,0,0,0,0,0
v_b28adadd-d7ac-4dbd-b105-35eee4b2167f,btl_f0e45d6d-ea1e-4023-8618-91d18e76e894,0e49f1a5-2a6c-4b57-9b7b-a12049a6b8b1,anon_070f999b-9335-4911-9497-236fa38b5ff2,2026-03-11T09:23:27.516105+00:00,2026-03-11 09:23:27.516105+00:00,right,notchParam,notchParam::lvl-24.txt,notchParamRand,notchParamRand::lvl-72.txt,RIGHT,win,1.0,True,False,False,1,1,2.567,2,0,0,10,465.0,8.0,27.1714924139253,162.47695221169062,5,1,0,0,0,0,0,0,0,0
v_b370777b-97f5-4b74-9fd2-1a8142294428,btl_a6b173ad-4614-46ba-827c-b3c77c183433,0e49f1a5-2a6c-4b57-9b7b-a12049a6b8b1,anon_070f999b-9335-4911-9497-236fa38b5ff2,2026-03-11T09:23:17.713584+00:00,2026-03-11 09:23:17.713584+00:00,left,ore,ore::lvl-69.txt,hopper,hopper::lvl-40.txt,LEFT,win,1.0,True,False,False,1,1,9.85,10,0,0,38,785.0,7.0,57.70360795644529,278.39906887640007,23,1,0,0,0,0,0,0,0,0
v_b370777b-97f5-4b74-9fd2-1a8142294428,btl_a6b173ad-4614-46ba-827c-b3c77c183433,0e49f1a5-2a6c-4b57-9b7b-a12049a6b8b1,anon_070f999b-9335-4911-9497-236fa38b5ff2,2026-03-11T09:23:17.713584+00:00,2026-03-11 09:23:17.713584+00:00,right,hopper,hopper::lvl-40.txt,ore,ore::lvl-69.txt,LEFT,loss,0.0,True,False,False,1,1,2.55,2,0,0,10,497.0,7.0,23.096320053203282,173.76768974697222,6,1,0,0,0,0,0,0,0,0
v_613db32f-ed19-45f9-a2ab-cb7b71a966fb,btl_496d46cd-61ba-40dc-aaee-639c5fb5c0ec,0e49f1a5-2a6c-4b57-9b7b-a12049a6b8b1,anon_070f999b-9335-4911-9497-236fa38b5ff2,2026-03-11T09:23:02.739677+00:00,2026-03-11 09:23:02.739677+00:00,left,notchParam,notchParam::lvl-32.txt,hopper,hopper::lvl-49.txt,RIGHT,loss,0.0,True,False,False,1,1,4.217,3,0,0,16,1120.0,8.0,24.068181147523383,371.10708002374463,6,1,0,0,0,0,0,0,0,0
v_613db32f-ed19-45f9-a2ab-cb7b71a966fb,btl_496d46cd-61ba-40dc-aaee-639c5fb5c0ec,0e49f1a5-2a6c-4b57-9b7b-a12049a6b8b1,anon_070f999b-9335-4911-9497-236fa38b5ff2,2026-03-11T09:23:02.739677+00:00,2026-03-11 09:23:02.739677+00:00,right,hopper,hopper::lvl-49.txt,notchParam,notchParam::lvl-32.txt,RIGHT,win,1.0,True,False,False,1,1,2.683,2,0,0,11,683.0,8.0,26.011758307502664,233.27836030894454,6,1,0,0,0,0,0,0,0,0
v_9d0d3255-c3d6-484a-b3eb-6fe4d87df422,btl_97ec17d4-66e4-4019-960d-4556b96c709f,0e49f1a5-2a6c-4b57-9b7b-a12049a6b8b1,anon_070f999b-9335-4911-9497-236fa38b5ff2,2026-03-11T09:22:53.265473+00:00,2026-03-11 09:22:53.265473+00:00,left,mariogan,mariogan::level_49.txt,notchParamRand,notchParamRand::lvl-53.txt,TIE,tie,0.5,True,False,False,1,1,2.35,2,0,0,9,487.0,8.0,20.891843762637826,170.12217831768893,6,1,0,0,0,0,0,0,0,0
v_9d0d3255-c3d6-484a-b3eb-6fe4d87df422,btl_97ec17d4-66e4-4019-960d-4556b96c709f,0e49f1a5-2a6c-4b57-9b7b-a12049a6b8b1,anon_070f999b-9335-4911-9497-236fa38b5ff2,2026-03-11T09:22:53.265473+00:00,2026-03-11 09:22:53.265473+00:00,right,notchParamRand,notchParamRand::lvl-53.txt,mariogan,mariogan::level_49.txt,TIE,tie,0.5,True,False,False,1,1,1.85,3,0,0,8,325.0,8.0,23.41340428045439,114.1878249858539,7,1,0,0,0,0,0,0,0,0
v_81c827e8-0787-4875-baa7-a2dbd94c8dd3,btl_2cb78b73-7b8a-4fa6-86dc-43d495a4ba81,0e49f1a5-2a6c-4b57-9b7b-a12049a6b8b1,anon_070f999b-9335-4911-9497-236fa38b5ff2,2026-03-11T09:22:46.245882+00:00,2026-03-11 09:22:46.245882+00:00,left,notchParam,notchParam::lvl-26.txt,marioDiffusion,marioDiffusion::level_64.txt,LEFT,win,1.0,True,False,False,1,1,3.0,2,0,1,12,605.0,8.0,29.155116760756307,218.57891722569119,6,1,0,0,0,0,0,0,0,0
v_81c827e8-0787-4875-baa7-a2dbd94c8dd3,btl_2cb78b73-7b8a-4fa6-86dc-43d495a4ba81,0e49f1a5-2a6c-4b57-9b7b-a12049a6b8b1,anon_070f999b-9335-4911-9497-236fa38b5ff2,2026-03-11T09:22:46.245882+00:00,2026-03-11 09:22:46.245882+00:00,right,marioDiffusion,marioDiffusion::level_64.txt,notchParam,notchParam::lvl-26.txt,LEFT,loss,0.0,True,False,False,1,1,0.717,0,0,0,3,56.0,8.0,75.07477753694793,21.95449840010015,1,1,0,0,0,0,0,0,0,0
v_1fa903d0-a16a-4dfa-8a00-ad3f5bd93083,btl_48303f89-7f8b-415e-ad24-d02439a9e7a2,0e49f1a5-2a6c-4b57-9b7b-a12049a6b8b1,anon_070f999b-9335-4911-9497-236fa38b5ff2,2026-03-11T09:22:39.231133+00:00,2026-03-11 09:22:39.231133+00:00,left,mariodpo,mariodpo::mariodpo_nintendo_0116.txt,notch,notch::lvl-38.txt,LEFT,win,1.0,True,False,False,1,1,26.718,29,3,2,101,2606.0,40.0,49.966821655438885,786.9748370672606,69,1,0,0,0,0,0,0,0,0
v_1fa903d0-a16a-4dfa-8a00-ad3f5bd93083,btl_48303f89-7f8b-415e-ad24-d02439a9e7a2,0e49f1a5-2a6c-4b57-9b7b-a12049a6b8b1,anon_070f999b-9335-4911-9497-236fa38b5ff2,2026-03-11T09:22:39.231133+00:00,2026-03-11 09:22:39.231133+00:00,right,notch,notch::lvl-38.txt,mariodpo,mariodpo::mariodpo_nintendo_0116.txt,LEFT,loss,0.0,True,False,False,1,1,4.95,5,0,0,19,821.0,8.0,36.43200322142281,249.9573370799721,11,1,0,0,0,0,0,0,0,0
v_225e856c-d5d1-4bd4-99b6-5d483ae4a9bd,btl_c07fa570-b387-4644-8468-1732d17db5a7,0e49f1a5-2a6c-4b57-9b7b-a12049a6b8b1,anon_070f999b-9335-4911-9497-236fa38b5ff2,2026-03-11T09:22:04.328235+00:00,2026-03-11 09:22:04.328235+00:00,left,patternCount,patternCount::lvl-56.txt,mariodpo,mariodpo::mariodpo_nintendo_0126.txt,RIGHT,loss,0.0,True,False,False,1,1,2.634,1,0,0,11,61.0,8.0,31.093567137840136,21.17576971778112,9,1,0,0,0,0,0,0,0,0
v_225e856c-d5d1-4bd4-99b6-5d483ae4a9bd,btl_c07fa570-b387-4644-8468-1732d17db5a7,0e49f1a5-2a6c-4b57-9b7b-a12049a6b8b1,anon_070f999b-9335-4911-9497-236fa38b5ff2,2026-03-11T09:22:04.328235+00:00,2026-03-11 09:22:04.328235+00:00,right,mariodpo,mariodpo::mariodpo_nintendo_0126.txt,patternCount,patternCount::lvl-56.txt,RIGHT,win,1.0,True,False,False,1,1,35.85,30,0,0,135,2190.0,40.0,54.8116936048313,499.38415648436376,66,1,0,0,0,0,0,0,0,0
v_058a85f8-2bb0-4db9-a059-6d130a642361,btl_39422eef-3a44-421c-a83f-c6e55e4b688a,68417243-8714-4a72-a3db-aa50f6911b34,anon_070f999b-9335-4911-9497-236fa38b5ff2,2026-03-11T09:21:16.043210+00:00,2026-03-11 09:21:16.043210+00:00,left,marioDiffusion,marioDiffusion::level_48.txt,notchParam,notchParam::lvl-74.txt,LEFT,win,1.0,True,False,False,1,1,4.083,4,0,0,16,539.0,8.0,60.04984908390695,180.23625987852722,8,1,0,0,0,0,0,0,0,0
v_058a85f8-2bb0-4db9-a059-6d130a642361,btl_39422eef-3a44-421c-a83f-c6e55e4b688a,68417243-8714-4a72-a3db-aa50f6911b34,anon_070f999b-9335-4911-9497-236fa38b5ff2,2026-03-11T09:21:16.043210+00:00,2026-03-11 09:21:16.043210+00:00,right,notchParam,notchParam::lvl-74.txt,marioDiffusion,marioDiffusion::level_48.txt,LEFT,loss,0.0,True,False,False,1,1,1.634,1,0,0,7,323.0,8.0,26.795522013948524,114.94772547482935,4,1,0,0,0,0,0,0,0,0
v_b99b2ba6-04a3-42c4-aee4-0639e87514ce,btl_eb29f8e4-088b-490a-8a44-e7b6edba07a7,68417243-8714-4a72-a3db-aa50f6911b34,anon_070f999b-9335-4911-9497-236fa38b5ff2,2026-03-11T09:21:07.220530+00:00,2026-03-11 09:21:07.220530+00:00,left,mariogan,mariogan::level_8.txt,patternCount,patternCount::lvl-67.txt,RIGHT,loss,0.0,True,False,False,1,1,0.65,0,0,0,3,8.0,8.0,75.07477753694793,0.0,1,1,0,0,0,0,0,0,0,0
v_b99b2ba6-04a3-42c4-aee4-0639e87514ce,btl_eb29f8e4-088b-490a-8a44-e7b6edba07a7,68417243-8714-4a72-a3db-aa50f6911b34,anon_070f999b-9335-4911-9497-236fa38b5ff2,2026-03-11T09:21:07.220530+00:00,2026-03-11 09:21:07.220530+00:00,right,patternCount,patternCount::lvl-67.txt,mariogan,mariogan::level_8.txt,RIGHT,win,1.0,True,False,False,1,1,6.001,6,0,0,23,336.0,8.0,50.710118004722986,106.56614868413243,17,1,0,0,0,0,0,0,0,0
v_71860b9b-9d8d-444e-8367-d3db379b5860,btl_5563c357-5d08-4e38-847c-eac4df11e00e,68417243-8714-4a72-a3db-aa50f6911b34,anon_070f999b-9335-4911-9497-236fa38b5ff2,2026-03-11T09:20:55.490142+00:00,2026-03-11 09:20:55.490142+00:00,left,mariogan,mariogan::level_72.txt,patternCount,patternCount::lvl-96.txt,LEFT,win,1.0,True,False,False,1,1,18.484,15,0,0,70,952.0,8.0,35.688622207953635,345.1596483616572,31,1,0,0,0,0,0,0,0,0
v_71860b9b-9d8d-444e-8367-d3db379b5860,btl_5563c357-5d08-4e38-847c-eac4df11e00e,68417243-8714-4a72-a3db-aa50f6911b34,anon_070f999b-9335-4911-9497-236fa38b5ff2,2026-03-11T09:20:55.490142+00:00,2026-03-11 09:20:55.490142+00:00,right,patternCount,patternCount::lvl-96.txt,mariogan,mariogan::level_72.txt,LEFT,loss,0.0,True,False,False,1,1,30.784,40,0,0,116,1321.0,8.0,42.71173040732059,413.7744215430741,124,1,0,0,0,0,0,0,0,0
v_491874a4-6531-4332-b79e-d639eb82af3d,btl_d8316daa-7445-4054-9dc3-7758a75bf4e3,68417243-8714-4a72-a3db-aa50f6911b34,anon_070f999b-9335-4911-9497-236fa38b5ff2,2026-03-11T09:20:03.452721+00:00,2026-03-11 09:20:03.452721+00:00,left,mariogan,mariogan::level_34.txt,genetic,genetic::lvl-25.txt,LEFT,win,1.0,True,False,True,0,0,27.7,29,0,1,101,2629.0,8.0,38.95255119983777,790.3258973469445,71,0,0,0,0,0,0,0,0,0
v_491874a4-6531-4332-b79e-d639eb82af3d,btl_d8316daa-7445-4054-9dc3-7758a75bf4e3,68417243-8714-4a72-a3db-aa50f6911b34,anon_070f999b-9335-4911-9497-236fa38b5ff2,2026-03-11T09:20:03.452721+00:00,2026-03-11 09:20:03.452721+00:00,right,genetic,genetic::lvl-25.txt,mariogan,mariogan::level_34.txt,LEFT,loss,0.0,True,False,False,1,1,5.317,5,0,0,21,1288.0,8.0,38.70107547123705,435.6028793301596,10,1,0,0,0,0,0,0,0,0
v_a18ce648-6a4b-47ab-bd26-ec79a5ecec73,btl_0f0bf2ef-a15b-4bc5-8fc7-0cd2ca210213,68417243-8714-4a72-a3db-aa50f6911b34,anon_070f999b-9335-4911-9497-236fa38b5ff2,2026-03-11T09:19:28.355895+00:00,2026-03-11 09:19:28.355895+00:00,left,notchParam,notchParam::lvl-82.txt,ore,ore::lvl-48.txt,RIGHT,loss,0.0,True,False,True,0,0,14.4,13,0,0,55,3099.0,8.0,35.390085925555226,846.6449672063655,26,0,0,0,0,0,0,0,0,0
v_a18ce648-6a4b-47ab-bd26-ec79a5ecec73,btl_0f0bf2ef-a15b-4bc5-8fc7-0cd2ca210213,68417243-8714-4a72-a3db-aa50f6911b34,anon_070f999b-9335-4911-9497-236fa38b5ff2,2026-03-11T09:19:28.355895+00:00,2026-03-11 09:19:28.355895+00:00,right,ore,ore::lvl-48.txt,notchParam,notchParam::lvl-82.txt,RIGHT,win,1.0,True,False,False,1,1,4.45,4,0,0,17,436.0,8.0,42.24987459288118,153.04051072796196,9,1,0,0,0,0,0,0,0,0
v_4f397a3d-1620-4696-9ca3-64b26dbfaf49,btl_b6f57755-e507-438e-b00a-5a68fffad260,68417243-8714-4a72-a3db-aa50f6911b34,anon_070f999b-9335-4911-9497-236fa38b5ff2,2026-03-11T09:19:05.614133+00:00,2026-03-11 09:19:05.614133+00:00,left,mariogpt,mariogpt::level_049.txt,ore,ore::lvl-84.txt,LEFT,win,1.0,True,False,False,1,1,0.9,1,1,0,4,9.0,8.0,8.227241335952167,0.4330127018922193,5,1,0,0,0,0,0,0,0,0
v_4f397a3d-1620-4696-9ca3-64b26dbfaf49,btl_b6f57755-e507-438e-b00a-5a68fffad260,68417243-8714-4a72-a3db-aa50f6911b34,anon_070f999b-9335-4911-9497-236fa38b5ff2,2026-03-11T09:19:05.614133+00:00,2026-03-11 09:19:05.614133+00:00,right,ore,ore::lvl-84.txt,mariogpt,mariogpt::level_049.txt,LEFT,loss,0.0,True,False,False,1,1,2.6,1,0,0,10,112.0,8.0,22.627637967759693,35.89707508976184,4,1,0,0,0,0,0,0,0,0
v_6bd956f5-c52d-4cc0-9b51-106a29476030,btl_04a7be98-0b55-436c-acb2-5e087ae5e1ea,cd0b38b8-71ec-48fc-98d9-0ee77760fbaf,anon_16bf536d-e6f1-441a-84ca-5daf496c1fb2,2026-03-10T20:57:30.183275+00:00,2026-03-10 20:57:30.183275+00:00,left,mariodpo,mariodpo::mariodpo_nintendo_0190.txt,patternOccur,patternOccur::lvl-2.txt,LEFT,win,1.0,True,False,False,1,1,30.284,16,0,1,114,1687.0,40.0,22.694108164864826,592.7193904177273,37,1,0,0,0,0,0,0,0,0
v_6bd956f5-c52d-4cc0-9b51-106a29476030,btl_04a7be98-0b55-436c-acb2-5e087ae5e1ea,cd0b38b8-71ec-48fc-98d9-0ee77760fbaf,anon_16bf536d-e6f1-441a-84ca-5daf496c1fb2,2026-03-10T20:57:30.183275+00:00,2026-03-10 20:57:30.183275+00:00,right,patternOccur,patternOccur::lvl-2.txt,mariodpo,mariodpo::mariodpo_nintendo_0190.txt,LEFT,loss,0.0,True,False,False,1,1,0.733,0,0,0,3,8.0,8.0,75.07477753694793,0.0,4,1,0,0,0,0,0,0,0,0
v_dc666020-44cb-4cb5-abc8-7384fed8345e,btl_017dcd78-fa4f-4c2f-8e21-1c234da8c971,cd0b38b8-71ec-48fc-98d9-0ee77760fbaf,anon_16bf536d-e6f1-441a-84ca-5daf496c1fb2,2026-03-10T20:56:53.921448+00:00,2026-03-10 20:56:53.921448+00:00,left,genetic,genetic::lvl-28.txt,hopper,hopper::lvl-95.txt,TIE,tie,0.5,True,False,False,1,1,3.15,2,0,0,12,727.0,8.0,13.804940741954994,249.35299610525368,4,1,0,0,0,0,0,0,0,0
v_dc666020-44cb-4cb5-abc8-7384fed8345e,btl_017dcd78-fa4f-4c2f-8e21-1c234da8c971,cd0b38b8-71ec-48fc-98d9-0ee77760fbaf,anon_16bf536d-e6f1-441a-84ca-5daf496c1fb2,2026-03-10T20:56:53.921448+00:00,2026-03-10 20:56:53.921448+00:00,right,hopper,hopper::lvl-95.txt,genetic,genetic::lvl-28.txt,TIE,tie,0.5,True,False,False,1,1,2.267,2,0,0,9,476.0,8.0,23.447867048748858,166.52245612848054,6,1,0,0,0,0,0,0,0,0
v_ccef4d97-fc05-433c-8ae9-dc04641dcd21,btl_089505e4-3c29-4d69-aae7-774ea0168634,cd0b38b8-71ec-48fc-98d9-0ee77760fbaf,anon_16bf536d-e6f1-441a-84ca-5daf496c1fb2,2026-03-10T20:56:45.934678+00:00,2026-03-10 20:56:45.934678+00:00,left,mariodpo,mariodpo::mariodpo_nintendo_0062.txt,notch,notch::lvl-85.txt,LEFT,win,1.0,True,False,False,1,1,11.6,8,0,0,44,912.0,40.0,37.07085019100989,236.64701980686567,19,1,0,0,0,0,0,0,0,0
v_ccef4d97-fc05-433c-8ae9-dc04641dcd21,btl_089505e4-3c29-4d69-aae7-774ea0168634,cd0b38b8-71ec-48fc-98d9-0ee77760fbaf,anon_16bf536d-e6f1-441a-84ca-5daf496c1fb2,2026-03-10T20:56:45.934678+00:00,2026-03-10 20:56:45.934678+00:00,right,notch,notch::lvl-85.txt,mariodpo,mariodpo::mariodpo_nintendo_0062.txt,LEFT,loss,0.0,True,False,False,1,1,5.017,4,0,1,19,911.0,8.0,35.993381970945315,308.0632287511563,10,1,0,0,0,0,0,0,0,0
v_21cf742c-053a-48f7-b791-1314f71562e3,btl_fa12d0e3-9a10-4fa4-bd8e-4ba485c6018b,cd0b38b8-71ec-48fc-98d9-0ee77760fbaf,anon_16bf536d-e6f1-441a-84ca-5daf496c1fb2,2026-03-10T20:56:26.426473+00:00,2026-03-10 20:56:26.426473+00:00,left,mariodpo,mariodpo::mariodpo_nintendo_0104.txt,mariogpt,mariogpt::level_038.txt,LEFT,win,1.0,True,False,False,1,1,2.25,1,0,0,9,411.0,40.0,19.545451935374242,132.51200737580513,5,1,0,0,0,0,0,0,0,0
v_21cf742c-053a-48f7-b791-1314f71562e3,btl_fa12d0e3-9a10-4fa4-bd8e-4ba485c6018b,cd0b38b8-71ec-48fc-98d9-0ee77760fbaf,anon_16bf536d-e6f1-441a-84ca-5daf496c1fb2,2026-03-10T20:56:26.426473+00:00,2026-03-10 20:56:26.426473+00:00,right,mariogpt,mariogpt::level_038.txt,mariodpo,mariodpo::mariodpo_nintendo_0104.txt,LEFT,loss,0.0,False,True,False,0,0,0.0,0,0,0,0,,,,,0,0,0,0,0,0,0,0,0,0
v_579de87d-0b13-43db-8a5e-a0b14e809306,btl_d48d9bb4-e9fc-4820-b9eb-ee00240ecf03,cd0b38b8-71ec-48fc-98d9-0ee77760fbaf,anon_16bf536d-e6f1-441a-84ca-5daf496c1fb2,2026-03-10T20:56:19.013356+00:00,2026-03-10 20:56:19.013356+00:00,left,hopper,hopper::lvl-66.txt,patternCount,patternCount::lvl-81.txt,LEFT,win,1.0,True,False,False,1,1,5.667,4,0,1,22,1135.0,8.0,30.89762487862935,360.86335008977636,14,1,0,0,0,0,0,0,0,0
v_579de87d-0b13-43db-8a5e-a0b14e809306,btl_d48d9bb4-e9fc-4820-b9eb-ee00240ecf03,cd0b38b8-71ec-48fc-98d9-0ee77760fbaf,anon_16bf536d-e6f1-441a-84ca-5daf496c1fb2,2026-03-10T20:56:19.013356+00:00,2026-03-10 20:56:19.013356+00:00,right,patternCount,patternCount::lvl-81.txt,hopper,hopper::lvl-66.txt,LEFT,loss,0.0,True,False,False,1,1,0.717,0,0,0,3,9.0,8.0,75.07477753694793,0.4714045207910317,7,1,0,0,0,0,0,0,0,0
v_86706783-63cb-465f-bd75-b8564cd37184,btl_fb79f44f-5cc0-47f4-8698-f071c9f13674,cd0b38b8-71ec-48fc-98d9-0ee77760fbaf,anon_16bf536d-e6f1-441a-84ca-5daf496c1fb2,2026-03-10T20:56:10.001387+00:00,2026-03-10 20:56:10.001387+00:00,left,marioDiffusion,marioDiffusion::level_23.txt,notchParamRand,notchParamRand::lvl-86.txt,LEFT,win,1.0,True,False,False,1,1,5.233,6,0,0,20,608.0,8.0,35.40603762072226,194.58414632235588,12,1,0,0,0,0,0,0,0,0
v_86706783-63cb-465f-bd75-b8564cd37184,btl_fb79f44f-5cc0-47f4-8698-f071c9f13674,cd0b38b8-71ec-48fc-98d9-0ee77760fbaf,anon_16bf536d-e6f1-441a-84ca-5daf496c1fb2,2026-03-10T20:56:10.001387+00:00,2026-03-10 20:56:10.001387+00:00,right,notchParamRand,notchParamRand::lvl-86.txt,marioDiffusion,marioDiffusion::level_23.txt,LEFT,loss,0.0,True,False,False,1,1,9.884,10,0,0,38,928.0,8.0,30.192136342976934,303.26794991555465,21,1,0,0,0,0,0,0,0,0
v_f4032e10-86bf-4919-b9b5-df5d0ed6aa5e,btl_783d34ad-ccf2-4b57-a588-0b81858759ee,cd0b38b8-71ec-48fc-98d9-0ee77760fbaf,anon_16bf536d-e6f1-441a-84ca-5daf496c1fb2,2026-03-10T20:55:51.647915+00:00,2026-03-10 20:55:51.647915+00:00,left,genetic,genetic::lvl-27.txt,hopper,hopper::lvl-10.txt,RIGHT,loss,0.0,True,False,False,1,1,3.6,3,0,0,14,847.0,8.0,23.417680395420057,289.60980082637724,8,1,0,0,0,0,0,0,0,0
v_f4032e10-86bf-4919-b9b5-df5d0ed6aa5e,btl_783d34ad-ccf2-4b57-a588-0b81858759ee,cd0b38b8-71ec-48fc-98d9-0ee77760fbaf,anon_16bf536d-e6f1-441a-84ca-5daf496c1fb2,2026-03-10T20:55:51.647915+00:00,2026-03-10 20:55:51.647915+00:00,right,hopper,hopper::lvl-10.txt,genetic,genetic::lvl-27.txt,RIGHT,win,1.0,True,False,False,1,1,2.583,2,0,0,10,465.0,8.0,24.56440514240066,162.47695221169062,6,1,0,0,0,0,0,0,0,0
v_0acde508-b2d4-44c7-b2c9-57e42cb13c1a,btl_bf08a0a3-be95-489e-ac08-be623b7a062c,cd0b38b8-71ec-48fc-98d9-0ee77760fbaf,anon_16bf536d-e6f1-441a-84ca-5daf496c1fb2,2026-03-10T20:55:37.181112+00:00,2026-03-10 20:55:37.181112+00:00,left,hopper,hopper::lvl-67.txt,patternOccur,patternOccur::lvl-2.txt,LEFT,win,1.0,True,False,False,1,1,10.517,7,0,0,40,1856.0,8.0,45.82285865155075,580.1812453880252,22,1,0,0,0,0,0,0,0,0
v_0acde508-b2d4-44c7-b2c9-57e42cb13c1a,btl_bf08a0a3-be95-489e-ac08-be623b7a062c,cd0b38b8-71ec-48fc-98d9-0ee77760fbaf,anon_16bf536d-e6f1-441a-84ca-5daf496c1fb2,2026-03-10T20:55:37.181112+00:00,2026-03-10 20:55:37.181112+00:00,right,patternOccur,patternOccur::lvl-2.txt,hopper,hopper::lvl-67.txt,LEFT,loss,0.0,True,False,False,1,1,0.7,0,0,0,3,8.0,8.0,75.07477753694793,0.0,4,1,0,0,0,0,0,0,0,0
v_b2ee9392-591f-4f15-9439-4c60cec7521d,btl_9942a739-a966-403c-b4b4-49171cad1f57,cd0b38b8-71ec-48fc-98d9-0ee77760fbaf,anon_16bf536d-e6f1-441a-84ca-5daf496c1fb2,2026-03-10T20:55:22.612426+00:00,2026-03-10 20:55:22.612426+00:00,left,patternCount,patternCount::lvl-82.txt,mariodpo,mariodpo::mariodpo_nintendo_0187.txt,RIGHT,loss,0.0,True,False,False,1,1,10.15,8,0,0,39,591.0,8.0,31.8615099852539,206.42514996434926,26,1,0,0,0,0,0,0,0,0
v_b2ee9392-591f-4f15-9439-4c60cec7521d,btl_9942a739-a966-403c-b4b4-49171cad1f57,cd0b38b8-71ec-48fc-98d9-0ee77760fbaf,anon_16bf536d-e6f1-441a-84ca-5daf496c1fb2,2026-03-10T20:55:22.612426+00:00,2026-03-10 20:55:22.612426+00:00,right,mariodpo,mariodpo::mariodpo_nintendo_0187.txt,patternCount,patternCount::lvl-82.txt,RIGHT,win,1.0,True,False,True,0,0,60.368,48,14,4,227,2964.0,40.0,58.273289937418255,867.146883249983,125,0,0,0,0,0,0,0,0,0
v_b3fca84e-49cf-4188-a642-6e853f1a0341,btl_1aea69d8-b95e-4502-a173-35450d45f3fc,cd0b38b8-71ec-48fc-98d9-0ee77760fbaf,anon_16bf536d-e6f1-441a-84ca-5daf496c1fb2,2026-03-10T20:54:03.547177+00:00,2026-03-10 20:54:03.547177+00:00,left,notch,notch::lvl-61.txt,mariogan,mariogan::level_28.txt,TIE,tie,0.5,True,False,True,0,0,16.25,18,0,0,62,2318.0,8.0,33.54738289439991,633.8136535280249,36,0,0,0,0,0,0,0,0,0
v_b3fca84e-49cf-4188-a642-6e853f1a0341,btl_1aea69d8-b95e-4502-a173-35450d45f3fc,cd0b38b8-71ec-48fc-98d9-0ee77760fbaf,anon_16bf536d-e6f1-441a-84ca-5daf496c1fb2,2026-03-10T20:54:03.547177+00:00,2026-03-10 20:54:03.547177+00:00,right,mariogan,mariogan::level_28.txt,notch,notch::lvl-61.txt,TIE,tie,0.5,True,False,False,1,1,26.15,20,0,1,99,924.0,8.0,48.98122801531185,220.93987582996886,42,1,0,0,0,0,0,0,0,0
v_8c12768e-81d1-4f54-a1ef-240c6a46c176,btl_c75326d6-e8ce-4462-9a1c-cdd986da62ca,cd0b38b8-71ec-48fc-98d9-0ee77760fbaf,anon_16bf536d-e6f1-441a-84ca-5daf496c1fb2,2026-03-10T20:53:16.825919+00:00,2026-03-10 20:53:16.825919+00:00,left,marioDiffusion,marioDiffusion::level_97.txt,hopper,hopper::lvl-32.txt,RIGHT,loss,0.0,True,False,False,1,1,0.7,0,0,0,3,9.0,8.0,75.07477753694793,0.4714045207910317,1,1,0,0,0,0,0,0,0,0
v_8c12768e-81d1-4f54-a1ef-240c6a46c176,btl_c75326d6-e8ce-4462-9a1c-cdd986da62ca,cd0b38b8-71ec-48fc-98d9-0ee77760fbaf,anon_16bf536d-e6f1-441a-84ca-5daf496c1fb2,2026-03-10T20:53:16.825919+00:00,2026-03-10 20:53:16.825919+00:00,right,hopper,hopper::lvl-32.txt,marioDiffusion,marioDiffusion::level_97.txt,RIGHT,win,1.0,True,False,True,0,0,26.317,15,0,5,99,3131.0,8.0,31.17714361927193,899.6186425765183,42,0,0,0,0,0,0,0,0,0
v_e2b0dfff-1774-4720-97c1-d75e517cdb41,btl_2e44bf4f-5246-4203-aace-08f23881ddb9,cd0b38b8-71ec-48fc-98d9-0ee77760fbaf,anon_16bf536d-e6f1-441a-84ca-5daf496c1fb2,2026-03-10T20:52:46.045454+00:00,2026-03-10 20:52:46.045454+00:00,left,notchParam,notchParam::lvl-26.txt,mariodpo,mariodpo::mariodpo_nintendo_0065.txt,RIGHT,loss,0.0,True,False,False,1,1,3.734,1,0,0,15,224.0,8.0,15.851253017418598,63.48984170715816,4,1,0,0,0,0,0,0,0,0
v_e2b0dfff-1774-4720-97c1-d75e517cdb41,btl_2e44bf4f-5246-4203-aace-08f23881ddb9,cd0b38b8-71ec-48fc-98d9-0ee77760fbaf,anon_16bf536d-e6f1-441a-84ca-5daf496c1fb2,2026-03-10T20:52:46.045454+00:00,2026-03-10 20:52:46.045454+00:00,right,mariodpo,mariodpo::mariodpo_nintendo_0065.txt,notchParam,notchParam::lvl-26.txt,RIGHT,win,1.0,True,False,False,1,1,11.383,7,0,0,43,657.0,40.0,45.05370870937755,187.88446503420616,15,1,0,0,0,0,0,0,0,0
v_4c8c326d-b1e1-4dfb-8dae-84641abf6dc6,btl_a8b0cdf0-db52-41fc-8539-e5f6ce49d487,cd0b38b8-71ec-48fc-98d9-0ee77760fbaf,anon_16bf536d-e6f1-441a-84ca-5daf496c1fb2,2026-03-10T20:52:26.003323+00:00,2026-03-10 20:52:26.003323+00:00,left,original,original::lvl-12.txt,mariodpo,mariodpo::mariodpo_nintendo_0056.txt,TIE,tie,0.5,True,False,False,1,1,3.634,2,0,0,14,258.0,8.0,35.50251500145548,69.23521723893447,6,1,0,0,0,0,0,0,0,0
v_4c8c326d-b1e1-4dfb-8dae-84641abf6dc6,btl_a8b0cdf0-db52-41fc-8539-e5f6ce49d487,cd0b38b8-71ec-48fc-98d9-0ee77760fbaf,anon_16bf536d-e6f1-441a-84ca-5daf496c1fb2,2026-03-10T20:52:26.003323+00:00,2026-03-10 20:52:26.003323+00:00,right,mariodpo,mariodpo::mariodpo_nintendo_0056.txt,original,original::lvl-12.txt,TIE,tie,0.5,True,False,False,1,1,0.917,0,0,0,4,41.0,40.0,0.0,0.4330127018922193,2,1,0,0,0,0,0,0,0,0
v_fd33f47e-b2b2-41ce-a395-63fb2c843a6a,btl_bad7f013-fe6b-4b4b-91d5-a871f19c4970,cd0b38b8-71ec-48fc-98d9-0ee77760fbaf,anon_16bf536d-e6f1-441a-84ca-5daf496c1fb2,2026-03-10T20:52:17.902649+00:00,2026-03-10 20:52:17.902649+00:00,left,original,original::lvl-14.txt,ore,ore::lvl-83.txt,LEFT,win,1.0,True,False,False,1,1,6.7,5,0,0,26,451.0,24.0,26.174002413976808,132.4953499239852,11,1,0,0,0,0,0,0,0,0
v_fd33f47e-b2b2-41ce-a395-63fb2c843a6a,btl_bad7f013-fe6b-4b4b-91d5-a871f19c4970,cd0b38b8-71ec-48fc-98d9-0ee77760fbaf,anon_16bf536d-e6f1-441a-84ca-5daf496c1fb2,2026-03-10T20:52:17.902649+00:00,2026-03-10 20:52:17.902649+00:00,right,ore,ore::lvl-83.txt,original,original::lvl-14.txt,LEFT,loss,0.0,True,False,False,1,1,9.817,9,1,0,38,844.0,7.0,51.02845330882971,281.0653703007033,24,1,0,0,0,0,0,0,0,0
v_5f4aabb3-bcb2-4a7e-9058-82b16ec90635,btl_7ffd0425-dded-4d2e-bfd0-cd50a90e9bcf,6367fd23-0bb5-4923-a609-09075f20958a,anon_0ccb2636-0117-4391-b3fd-4a6959b248a2,2026-03-10T18:58:00.590230+00:00,2026-03-10 18:58:00.590230+00:00,left,original,original::lvl-2.txt,mariogpt,mariogpt::level_001.txt,LEFT,win,1.0,True,False,False,1,1,2.8,3,0,0,11,602.0,56.0,47.78221945313726,184.90068810799468,8,1,0,0,0,0,0,0,0,0
v_5f4aabb3-bcb2-4a7e-9058-82b16ec90635,btl_7ffd0425-dded-4d2e-bfd0-cd50a90e9bcf,6367fd23-0bb5-4923-a609-09075f20958a,anon_0ccb2636-0117-4391-b3fd-4a6959b248a2,2026-03-10T18:58:00.590230+00:00,2026-03-10 18:58:00.590230+00:00,right,mariogpt,mariogpt::level_001.txt,original,original::lvl-2.txt,LEFT,loss,0.0,True,False,False,1,1,18.133,19,0,2,69,1735.0,8.0,53.507548635445694,560.625882351317,42,1,0,0,0,0,0,0,0,0
v_7a768cf1-00b6-4bc3-abc8-c16781b9d962,btl_9d56985b-fc5c-4603-afef-3a49c1ce25c7,6367fd23-0bb5-4923-a609-09075f20958a,anon_0ccb2636-0117-4391-b3fd-4a6959b248a2,2026-03-10T18:57:35.246611+00:00,2026-03-10 18:57:35.246611+00:00,left,patternOccur,patternOccur::lvl-80.txt,original,original::lvl-12.txt,RIGHT,loss,0.0,True,False,False,1,1,5.817,7,1,0,22,469.0,8.0,33.82090042836121,146.3237946902758,20,1,0,0,0,0,0,0,0,0
v_7a768cf1-00b6-4bc3-abc8-c16781b9d962,btl_9d56985b-fc5c-4603-afef-3a49c1ce25c7,6367fd23-0bb5-4923-a609-09075f20958a,anon_0ccb2636-0117-4391-b3fd-4a6959b248a2,2026-03-10T18:57:35.246611+00:00,2026-03-10 18:57:35.246611+00:00,right,original,original::lvl-12.txt,patternOccur,patternOccur::lvl-80.txt,RIGHT,win,1.0,True,False,False,1,1,7.567,6,1,1,29,484.0,8.0,40.08463104058622,145.38711292285436,16,1,0,0,0,0,0,0,0,0
v_317b6a7f-7f45-44a9-a712-409e5b710de1,btl_e8030e1f-af64-49a6-8c7e-370d54bf548f,6367fd23-0bb5-4923-a609-09075f20958a,anon_0ccb2636-0117-4391-b3fd-4a6959b248a2,2026-03-10T18:57:19.339618+00:00,2026-03-10 18:57:19.339618+00:00,left,notchParam,notchParam::lvl-83.txt,mariogpt,mariogpt::level_001.txt,RIGHT,loss,0.0,True,False,False,1,1,13.534,12,0,0,51,2072.0,8.0,31.589872281435404,642.722187917909,25,1,0,0,0,0,0,0,0,0
v_317b6a7f-7f45-44a9-a712-409e5b710de1,btl_e8030e1f-af64-49a6-8c7e-370d54bf548f,6367fd23-0bb5-4923-a609-09075f20958a,anon_0ccb2636-0117-4391-b3fd-4a6959b248a2,2026-03-10T18:57:19.339618+00:00,2026-03-10 18:57:19.339618+00:00,right,mariogpt,mariogpt::level_001.txt,notchParam,notchParam::lvl-83.txt,RIGHT,win,1.0,True,False,False,1,1,26.634,26,2,3,98,1755.0,8.0,51.08996890729893,572.6957014977086,81,1,0,0,0,0,0,0,0,0
v_a4d9cf5b-cca0-4095-aedc-35b34409e666,btl_4da197e0-02b3-48a2-964a-1266022fe1c9,2e8bafa7-0451-4395-984d-5731fbddaacc,anon_0ccb2636-0117-4391-b3fd-4a6959b248a2,2026-03-10T18:56:28.361877+00:00,2026-03-10 18:56:28.361877+00:00,left,mariodpo,mariodpo::mariodpo_nintendo_0189.txt,mariogpt,mariogpt::level_028.txt,TIE,tie,0.5,True,False,False,1,1,2.833,3,1,0,11,374.0,40.0,25.118232816715246,119.71508877054238,9,1,0,0,0,0,0,0,0,0
v_a4d9cf5b-cca0-4095-aedc-35b34409e666,btl_4da197e0-02b3-48a2-964a-1266022fe1c9,2e8bafa7-0451-4395-984d-5731fbddaacc,anon_0ccb2636-0117-4391-b3fd-4a6959b248a2,2026-03-10T18:56:28.361877+00:00,2026-03-10 18:56:28.361877+00:00,right,mariogpt,mariogpt::level_028.txt,mariodpo,mariodpo::mariodpo_nintendo_0189.txt,TIE,tie,0.5,True,False,False,1,1,7.334,10,1,0,28,946.0,8.0,37.92761298224042,303.6994918954443,27,1,0,0,0,0,0,0,0,0
v_112c84b9-f91f-4cac-8e06-0c5cec64ea3e,btl_1916a21e-bcd3-42be-9dd4-6ee46f850dd2,db24f894-aff3-42c3-be0b-3524f51aa16f,anon_0ccb2636-0117-4391-b3fd-4a6959b248a2,2026-03-10T18:55:53.823931+00:00,2026-03-10 18:55:53.823931+00:00,left,notch,notch::lvl-76.txt,notchParamRand,notchParamRand::lvl-5.txt,LEFT,win,1.0,True,False,False,1,1,6.884,7,0,0,26,1010.0,8.0,41.51140500587916,282.01726047726333,14,1,0,0,0,0,0,0,0,0
v_112c84b9-f91f-4cac-8e06-0c5cec64ea3e,btl_1916a21e-bcd3-42be-9dd4-6ee46f850dd2,db24f894-aff3-42c3-be0b-3524f51aa16f,anon_0ccb2636-0117-4391-b3fd-4a6959b248a2,2026-03-10T18:55:53.823931+00:00,2026-03-10 18:55:53.823931+00:00,right,notchParamRand,notchParamRand::lvl-5.txt,notch,notch::lvl-76.txt,LEFT,loss,0.0,True,False,False,1,1,4.3,4,0,0,17,884.0,8.0,48.7858820124944,292.52369259026455,9,1,0,0,0,0,0,0,0,0
v_3f9fc09e-7e1b-43f5-aeec-376f96a7030d,btl_2b873e59-b31b-4fb4-b8c7-0855ef1619cf,db24f894-aff3-42c3-be0b-3524f51aa16f,anon_0ccb2636-0117-4391-b3fd-4a6959b248a2,2026-03-10T18:55:40.199065+00:00,2026-03-10 18:55:40.199065+00:00,left,mariogpt,mariogpt::level_029.txt,ore,ore::lvl-3.txt,LEFT,win,1.0,True,False,False,1,1,16.334,14,8,0,62,939.0,8.0,45.03533414486965,269.1401984282348,40,1,2,1,0,0,0,1,0,0
v_3f9fc09e-7e1b-43f5-aeec-376f96a7030d,btl_2b873e59-b31b-4fb4-b8c7-0855ef1619cf,db24f894-aff3-42c3-be0b-3524f51aa16f,anon_0ccb2636-0117-4391-b3fd-4a6959b248a2,2026-03-10T18:55:40.199065+00:00,2026-03-10 18:55:40.199065+00:00,right,ore,ore::lvl-3.txt,mariogpt,mariogpt::level_029.txt,LEFT,loss,0.0,True,False,True,0,0,34.418,40,2,0,130,3087.0,8.0,39.880638478386814,883.8230805048803,88,0,0,0,0,0,0,0,0,0
v_070bbe08-fa83-4c58-ad13-0e4c0003d238,btl_ece3f356-a88e-485a-9c5b-6c6b7b4cd2b5,db24f894-aff3-42c3-be0b-3524f51aa16f,anon_0ccb2636-0117-4391-b3fd-4a6959b248a2,2026-03-10T18:54:31.495500+00:00,2026-03-10 18:54:31.495500+00:00,left,marioDiffusion,marioDiffusion::level_19.txt,patternWeightCount,patternWeightCount::lvl-38.txt,RIGHT,loss,0.0,True,False,False,1,1,0.716,0,0,0,3,9.0,8.0,75.07477753694793,0.4714045207910317,1,1,0,0,0,0,0,0,0,0
v_070bbe08-fa83-4c58-ad13-0e4c0003d238,btl_ece3f356-a88e-485a-9c5b-6c6b7b4cd2b5,db24f894-aff3-42c3-be0b-3524f51aa16f,anon_0ccb2636-0117-4391-b3fd-4a6959b248a2,2026-03-10T18:54:31.495500+00:00,2026-03-10 18:54:31.495500+00:00,right,patternWeightCount,patternWeightCount::lvl-38.txt,marioDiffusion,marioDiffusion::level_19.txt,RIGHT,win,1.0,True,False,False,1,1,13.334,15,1,0,50,1115.0,8.0,47.10825405382798,334.79376577230346,42,1,0,0,0,0,0,0,0,0
v_46878006-0e18-4a59-84c1-281c3f6786fc,btl_082ce518-f1ab-4b47-a854-02abd0fcc9e0,db24f894-aff3-42c3-be0b-3524f51aa16f,anon_0ccb2636-0117-4391-b3fd-4a6959b248a2,2026-03-10T18:54:13.421814+00:00,2026-03-10 18:54:13.421814+00:00,left,original,original::lvl-11.txt,mariogpt,mariogpt::level_079.txt,RIGHT,loss,0.0,True,False,False,1,1,3.917,5,2,0,15,291.0,8.0,18.28903739645389,90.67147046097551,13,1,0,0,0,0,0,0,0,0
v_46878006-0e18-4a59-84c1-281c3f6786fc,btl_082ce518-f1ab-4b47-a854-02abd0fcc9e0,db24f894-aff3-42c3-be0b-3524f51aa16f,anon_0ccb2636-0117-4391-b3fd-4a6959b248a2,2026-03-10T18:54:13.421814+00:00,2026-03-10 18:54:13.421814+00:00,right,mariogpt,mariogpt::level_079.txt,original,original::lvl-11.txt,RIGHT,win,1.0,True,False,False,1,1,34.334,31,0,0,128,2051.0,8.0,48.65636979653685,553.1263691720343,72,1,0,0,0,0,0,0,0,0
v_ef38b5eb-6e74-4765-86bd-0b23ea84b42b,btl_ca4ba0c8-4425-4b23-8927-77184730a04b,db24f894-aff3-42c3-be0b-3524f51aa16f,anon_0ccb2636-0117-4391-b3fd-4a6959b248a2,2026-03-10T18:53:30.968826+00:00,2026-03-10 18:53:30.968826+00:00,left,patternWeightCount,patternWeightCount::lvl-84.txt,notchParam,notchParam::lvl-88.txt,LEFT,win,1.0,True,False,False,1,1,0.7,0,0,0,3,8.0,8.0,75.07477753694793,0.0,5,1,0,0,0,0,0,0,0,0
v_ef38b5eb-6e74-4765-86bd-0b23ea84b42b,btl_ca4ba0c8-4425-4b23-8927-77184730a04b,db24f894-aff3-42c3-be0b-3524f51aa16f,anon_0ccb2636-0117-4391-b3fd-4a6959b248a2,2026-03-10T18:53:30.968826+00:00,2026-03-10 18:53:30.968826+00:00,right,notchParam,notchParam::lvl-88.txt,patternWeightCount,patternWeightCount::lvl-84.txt,LEFT,loss,0.0,True,False,False,1,1,2.1,2,0,0,9,465.0,8.0,38.41617457706848,163.15772873034376,6,1,0,0,0,0,0,0,0,0
v_15b62ab8-4999-4989-a103-cc578af3f0dd,btl_194984d4-1006-4041-b175-1856d9d309df,db24f894-aff3-42c3-be0b-3524f51aa16f,anon_0ccb2636-0117-4391-b3fd-4a6959b248a2,2026-03-10T18:53:26.152190+00:00,2026-03-10 18:53:26.152190+00:00,left,patternWeightCount,patternWeightCount::lvl-55.txt,marioDiffusion,marioDiffusion::level_45.txt,RIGHT,loss,0.0,True,False,False,1,1,11.984,14,1,0,46,1316.0,8.0,35.80977889697566,396.0312469770923,34,1,0,0,0,0,0,0,0,0
v_15b62ab8-4999-4989-a103-cc578af3f0dd,btl_194984d4-1006-4041-b175-1856d9d309df,db24f894-aff3-42c3-be0b-3524f51aa16f,anon_0ccb2636-0117-4391-b3fd-4a6959b248a2,2026-03-10T18:53:26.152190+00:00,2026-03-10 18:53:26.152190+00:00,right,marioDiffusion,marioDiffusion::level_45.txt,patternWeightCount,patternWeightCount::lvl-55.txt,RIGHT,win,1.0,True,False,False,1,1,2.317,1,0,0,9,120.0,8.0,18.176772588344583,45.05908329798023,3,1,0,0,0,0,0,0,0,0
v_a8a2b6a9-04a4-49f7-bbd0-02ba570b1c39,btl_c253028b-2904-4ff0-bc19-e454eca14b31,db24f894-aff3-42c3-be0b-3524f51aa16f,anon_0ccb2636-0117-4391-b3fd-4a6959b248a2,2026-03-10T18:53:07.631962+00:00,2026-03-10 18:53:07.631962+00:00,left,notch,notch::lvl-99.txt,original,original::lvl-11.txt,RIGHT,loss,0.0,True,False,True,0,0,16.517,22,0,0,63,2347.0,8.0,32.83698484477746,672.9506370000331,44,0,0,0,0,0,0,0,0,0
v_a8a2b6a9-04a4-49f7-bbd0-02ba570b1c39,btl_c253028b-2904-4ff0-bc19-e454eca14b31,db24f894-aff3-42c3-be0b-3524f51aa16f,anon_0ccb2636-0117-4391-b3fd-4a6959b248a2,2026-03-10T18:53:07.631962+00:00,2026-03-10 18:53:07.631962+00:00,right,original,original::lvl-11.txt,notch,notch::lvl-99.txt,RIGHT,win,1.0,True,False,False,1,1,2.533,3,2,0,10,254.0,8.0,20.58664615715731,80.51117934796385,9,1,0,0,0,0,0,0,0,0
v_9e174b13-be8a-4ac9-b48d-4d49fd3b6101,btl_4d1abff1-0854-4ddc-804c-6eb5818d8782,db24f894-aff3-42c3-be0b-3524f51aa16f,anon_0ccb2636-0117-4391-b3fd-4a6959b248a2,2026-03-10T18:52:46.235355+00:00,2026-03-10 18:52:46.235355+00:00,left,mariodpo,mariodpo::mariodpo_nintendo_0004.txt,notchParamRand,notchParamRand::lvl-30.txt,LEFT,win,1.0,True,False,True,0,0,35.434,27,2,0,134,2704.0,0.0,47.95291510717115,758.7594846210089,64,0,0,0,0,0,0,0,0,0
v_9e174b13-be8a-4ac9-b48d-4d49fd3b6101,btl_4d1abff1-0854-4ddc-804c-6eb5818d8782,db24f894-aff3-42c3-be0b-3524f51aa16f,anon_0ccb2636-0117-4391-b3fd-4a6959b248a2,2026-03-10T18:52:46.235355+00:00,2026-03-10 18:52:46.235355+00:00,right,notchParamRand,notchParamRand::lvl-30.txt,mariodpo,mariodpo::mariodpo_nintendo_0004.txt,LEFT,loss,0.0,True,False,False,1,1,5.417,5,0,0,21,1022.0,8.0,28.091686619760964,308.6235920048079,10,1,0,0,0,0,0,0,0,0
v_76f5f0ca-3d01-45d0-8793-d2ab27cbe5af,btl_ccd76299-72dc-40b8-885b-aa627e2724de,db24f894-aff3-42c3-be0b-3524f51aa16f,anon_0ccb2636-0117-4391-b3fd-4a6959b248a2,2026-03-10T18:52:02.831339+00:00,2026-03-10 18:52:02.831339+00:00,left,original,original::lvl-6.txt,mariodpo,mariodpo::mariodpo_nintendo_0107.txt,TIE,tie,0.5,True,False,False,1,1,20.217,22,12,2,75,1830.0,24.0,58.21148569368992,534.2557982423359,60,1,0,0,0,0,0,0,0,0
v_76f5f0ca-3d01-45d0-8793-d2ab27cbe5af,btl_ccd76299-72dc-40b8-885b-aa627e2724de,db24f894-aff3-42c3-be0b-3524f51aa16f,anon_0ccb2636-0117-4391-b3fd-4a6959b248a2,2026-03-10T18:52:02.831339+00:00,2026-03-10 18:52:02.831339+00:00,right,mariodpo,mariodpo::mariodpo_nintendo_0107.txt,original,original::lvl-6.txt,TIE,tie,0.5,True,False,False,1,1,4.55,4,1,0,18,731.0,40.0,33.964941983619184,237.6643291142643,9,1,0,0,0,0,0,0,0,0
v_6bff3c38-a9c1-47ee-be17-42acba14efbe,btl_3efe1df8-2612-4c84-8750-48a30845d437,11e9e3cd-a286-4510-aacc-814a4db79d73,anon_0ccb2636-0117-4391-b3fd-4a6959b248a2,2026-03-10T18:51:09.563791+00:00,2026-03-10 18:51:09.563791+00:00,left,notch,notch::lvl-45.txt,mariodpo,mariodpo::mariodpo_nintendo_0139.txt,RIGHT,loss,0.0,True,False,False,1,1,2.617,1,0,0,10,368.0,8.0,12.589281155014373,126.13183579096913,2,1,0,0,0,0,0,0,0,0
v_6bff3c38-a9c1-47ee-be17-42acba14efbe,btl_3efe1df8-2612-4c84-8750-48a30845d437,11e9e3cd-a286-4510-aacc-814a4db79d73,anon_0ccb2636-0117-4391-b3fd-4a6959b248a2,2026-03-10T18:51:09.563791+00:00,2026-03-10 18:51:09.563791+00:00,right,mariodpo,mariodpo::mariodpo_nintendo_0139.txt,notch,notch::lvl-45.txt,RIGHT,win,1.0,True,False,False,1,1,3.583,3,0,0,14,525.0,40.0,28.687265182890286,166.8008252561193,7,1,0,0,0,0,0,0,0,0
v_92cb713f-361d-46f3-ad6c-f71309374a39,btl_72fe9705-312b-4180-97fd-916576d94183,11e9e3cd-a286-4510-aacc-814a4db79d73,anon_0ccb2636-0117-4391-b3fd-4a6959b248a2,2026-03-10T18:51:01.002938+00:00,2026-03-10 18:51:01.002938+00:00,left,notchParam,notchParam::lvl-92.txt,hopper,hopper::lvl-58.txt,RIGHT,loss,0.0,True,False,False,1,1,1.416,1,0,0,6,197.0,8.0,24.969425748747653,70.73110269809801,3,1,0,0,0,0,0,0,0,0
v_92cb713f-361d-46f3-ad6c-f71309374a39,btl_72fe9705-312b-4180-97fd-916576d94183,11e9e3cd-a286-4510-aacc-814a4db79d73,anon_0ccb2636-0117-4391-b3fd-4a6959b248a2,2026-03-10T18:51:01.002938+00:00,2026-03-10 18:51:01.002938+00:00,right,hopper,hopper::lvl-58.txt,notchParam,notchParam::lvl-92.txt,RIGHT,win,1.0,True,False,False,1,1,8.2,10,0,0,31,2174.0,8.0,43.32994196820187,699.4026453723193,23,1,0,0,0,0,0,0,0,0
v_73a659d9-9d34-4264-8582-aab551db6620,btl_b89f6429-47a1-4c53-a7a0-681e870ed4cb,11e9e3cd-a286-4510-aacc-814a4db79d73,anon_0ccb2636-0117-4391-b3fd-4a6959b248a2,2026-03-10T18:50:47.920081+00:00,2026-03-10 18:50:47.920081+00:00,left,mariogan,mariogan::level_33.txt,notchParam,notchParam::lvl-15.txt,LEFT,win,1.0,True,False,False,1,1,10.75,13,0,1,40,1531.0,8.0,31.086612874354774,489.8923804010428,29,1,0,0,0,0,0,0,0,0
v_73a659d9-9d34-4264-8582-aab551db6620,btl_b89f6429-47a1-4c53-a7a0-681e870ed4cb,11e9e3cd-a286-4510-aacc-814a4db79d73,anon_0ccb2636-0117-4391-b3fd-4a6959b248a2,2026-03-10T18:50:47.920081+00:00,2026-03-10 18:50:47.920081+00:00,right,notchParam,notchParam::lvl-15.txt,mariogan,mariogan::level_33.txt,LEFT,loss,0.0,True,False,False,1,1,4.2,2,0,0,16,936.0,8.0,36.78352000216945,312.3331304472838,6,1,0,0,0,0,0,0,0,0
v_e09f08be-a347-451f-b333-11e6cf234f2d,btl_3280af24-6bc8-402c-8c81-756a73dff61b,11e9e3cd-a286-4510-aacc-814a4db79d73,anon_0ccb2636-0117-4391-b3fd-4a6959b248a2,2026-03-10T18:50:29.929899+00:00,2026-03-10 18:50:29.929899+00:00,left,mariogan,mariogan::level_36.txt,notch,notch::lvl-21.txt,LEFT,win,1.0,True,False,False,1,1,9.967,12,0,0,38,1442.0,8.0,37.53639046869428,440.47448918554716,26,1,0,0,0,0,0,0,0,0
v_e09f08be-a347-451f-b333-11e6cf234f2d,btl_3280af24-6bc8-402c-8c81-756a73dff61b,11e9e3cd-a286-4510-aacc-814a4db79d73,anon_0ccb2636-0117-4391-b3fd-4a6959b248a2,2026-03-10T18:50:29.929899+00:00,2026-03-10 18:50:29.929899+00:00,right,notch,notch::lvl-21.txt,mariogan,mariogan::level_36.txt,LEFT,loss,0.0,True,False,False,1,1,6.55,8,0,0,25,1150.0,8.0,32.94358814701277,334.2699842941331,17,1,0,0,0,0,0,0,0,0
v_3b25e5b2-643e-418a-8722-e10e342c0440,btl_3f2e4a12-552f-4c7f-8ce4-3f15be8c575a,11e9e3cd-a286-4510-aacc-814a4db79d73,anon_0ccb2636-0117-4391-b3fd-4a6959b248a2,2026-03-10T18:50:09.552627+00:00,2026-03-10 18:50:09.552627+00:00,left,patternWeightCount,patternWeightCount::lvl-74.txt,genetic,genetic::lvl-52.txt,RIGHT,loss,0.0,True,False,False,1,1,9.351,11,2,0,36,800.0,8.0,36.37725641043614,260.31567226810427,31,1,0,0,0,0,0,0,0,0
v_3b25e5b2-643e-418a-8722-e10e342c0440,btl_3f2e4a12-552f-4c7f-8ce4-3f15be8c575a,11e9e3cd-a286-4510-aacc-814a4db79d73,anon_0ccb2636-0117-4391-b3fd-4a6959b248a2,2026-03-10T18:50:09.552627+00:00,2026-03-10 18:50:09.552627+00:00,right,genetic,genetic::lvl-52.txt,patternWeightCount,patternWeightCount::lvl-74.txt,RIGHT,win,1.0,True,False,False,1,1,5.616,6,0,0,22,1534.0,8.0,38.536341118181674,499.108080512686,13,1,0,0,0,0,0,0,0,0
v_20b7b42b-8f94-4089-af97-d51d41e4fd24,btl_d44265c4-1720-4a6a-9cb5-1ab54a72883e,11e9e3cd-a286-4510-aacc-814a4db79d73,anon_0ccb2636-0117-4391-b3fd-4a6959b248a2,2026-03-10T18:49:52.550399+00:00,2026-03-10 18:49:52.550399+00:00,left,ore,ore::lvl-23.txt,marioDiffusion,marioDiffusion::level_73.txt,LEFT,win,1.0,True,False,False,1,1,1.766,1,0,0,7,107.0,8.0,23.8079047068534,40.00714221950162,2,1,0,0,0,0,0,0,0,0
v_20b7b42b-8f94-4089-af97-d51d41e4fd24,btl_d44265c4-1720-4a6a-9cb5-1ab54a72883e,11e9e3cd-a286-4510-aacc-814a4db79d73,anon_0ccb2636-0117-4391-b3fd-4a6959b248a2,2026-03-10T18:49:52.550399+00:00,2026-03-10 18:49:52.550399+00:00,right,marioDiffusion,marioDiffusion::level_73.txt,ore,ore::lvl-23.txt,LEFT,loss,0.0,True,False,False,1,1,1.434,1,0,0,6,218.0,8.0,26.197964297504747,78.5196366097891,2,1,0,0,0,0,0,0,0,0
v_40d3141f-6187-46e1-8b3d-12716489f2a1,btl_ca0563d4-dcdf-45d1-af0c-0f7e667d9d2b,11e9e3cd-a286-4510-aacc-814a4db79d73,anon_0ccb2636-0117-4391-b3fd-4a6959b248a2,2026-03-10T18:49:46.663344+00:00,2026-03-10 18:49:46.663344+00:00,left,hopper,hopper::lvl-93.txt,patternCount,patternCount::lvl-33.txt,RIGHT,loss,0.0,True,False,False,1,1,2.367,2,0,0,9,411.0,8.0,23.517264475169338,144.11877817349904,6,1,0,0,0,0,0,0,0,0
v_40d3141f-6187-46e1-8b3d-12716489f2a1,btl_ca0563d4-dcdf-45d1-af0c-0f7e667d9d2b,11e9e3cd-a286-4510-aacc-814a4db79d73,anon_0ccb2636-0117-4391-b3fd-4a6959b248a2,2026-03-10T18:49:46.663344+00:00,2026-03-10 18:49:46.663344+00:00,right,patternCount,patternCount::lvl-33.txt,hopper,hopper::lvl-93.txt,RIGHT,win,1.0,True,False,False,1,1,54.101,59,0,0,203,2070.0,8.0,24.98068462014881,573.8804103007801,183,1,0,0,0,0,0,0,0,0
v_e13e374f-800c-49b2-96df-2ba060f86013,btl_e9a1d7e0-37d1-4585-903f-511cb9b02690,11e9e3cd-a286-4510-aacc-814a4db79d73,anon_0ccb2636-0117-4391-b3fd-4a6959b248a2,2026-03-10T18:48:47.436673+00:00,2026-03-10 18:48:47.436673+00:00,left,patternWeightCount,patternWeightCount::lvl-74.txt,notchParam,notchParam::lvl-77.txt,LEFT,win,1.0,True,False,False,1,1,35.051,38,1,0,131,2212.0,8.0,33.40359105112813,669.9488331783084,97,1,0,0,0,0,0,0,0,0
v_e13e374f-800c-49b2-96df-2ba060f86013,btl_e9a1d7e0-37d1-4585-903f-511cb9b02690,11e9e3cd-a286-4510-aacc-814a4db79d73,anon_0ccb2636-0117-4391-b3fd-4a6959b248a2,2026-03-10T18:48:47.436673+00:00,2026-03-10 18:48:47.436673+00:00,right,notchParam,notchParam::lvl-77.txt,patternWeightCount,patternWeightCount::lvl-74.txt,LEFT,loss,0.0,True,False,False,1,1,7.967,8,0,0,31,1571.0,8.0,42.795644891088166,525.5744530732111,18,1,0,0,0,0,0,0,0,0
v_13b73ca6-08cc-4e85-abd7-76dcba28eebe,btl_02670c3e-b963-411d-8904-0a65e230f0c8,11e9e3cd-a286-4510-aacc-814a4db79d73,anon_0ccb2636-0117-4391-b3fd-4a6959b248a2,2026-03-10T18:47:59.883226+00:00,2026-03-10 18:47:59.883226+00:00,left,mariogan,mariogan::level_80.txt,notchParamRand,notchParamRand::lvl-93.txt,LEFT,win,1.0,True,False,True,0,0,37.551,42,0,5,137,2652.0,8.0,43.292260631337875,839.1246392269189,95,0,0,0,0,0,0,0,0,0
v_13b73ca6-08cc-4e85-abd7-76dcba28eebe,btl_02670c3e-b963-411d-8904-0a65e230f0c8,11e9e3cd-a286-4510-aacc-814a4db79d73,anon_0ccb2636-0117-4391-b3fd-4a6959b248a2,2026-03-10T18:47:59.883226+00:00,2026-03-10 18:47:59.883226+00:00,right,notchParamRand,notchParamRand::lvl-93.txt,mariogan,mariogan::level_80.txt,LEFT,loss,0.0,True,False,True,0,0,12.483,13,0,0,47,3039.0,8.0,39.574799815585166,924.8799102303329,28,0,0,0,0,0,0,0,0,0
v_b3f48b9e-cc3e-401d-97fd-5af3b7d44f9d,btl_dfc46bdd-1b50-4247-99c0-76f84d3aefb4,11e9e3cd-a286-4510-aacc-814a4db79d73,anon_0ccb2636-0117-4391-b3fd-4a6959b248a2,2026-03-10T18:47:06.928210+00:00,2026-03-10 18:47:06.928210+00:00,left,ore,ore::lvl-97.txt,patternOccur,patternOccur::lvl-23.txt,LEFT,win,1.0,True,False,False,1,1,13.251,13,2,0,50,868.0,8.0,32.367026431230904,299.55624580368874,31,1,0,0,0,0,0,0,0,0
v_b3f48b9e-cc3e-401d-97fd-5af3b7d44f9d,btl_dfc46bdd-1b50-4247-99c0-76f84d3aefb4,11e9e3cd-a286-4510-aacc-814a4db79d73,anon_0ccb2636-0117-4391-b3fd-4a6959b248a2,2026-03-10T18:47:06.928210+00:00,2026-03-10 18:47:06.928210+00:00,right,patternOccur,patternOccur::lvl-23.txt,ore,ore::lvl-97.txt,LEFT,loss,0.0,True,False,False,1,1,11.6,11,2,0,44,475.0,0.0,31.724822450316914,135.25826993857663,31,1,0,0,0,0,0,0,0,0
v_ef5b17b5-133e-4b16-b0c8-86dd12e7c5ae,btl_006bcdf2-d4f5-4073-a01f-63971ec203f3,895e8f18-e777-41b2-92b7-3e54b78074e6,anon_6cef13ed-1ba6-4c10-87b2-51de63c70839,2026-03-10T17:08:46.570871+00:00,2026-03-10 17:08:46.570871+00:00,left,mariodpo,mariodpo::mariodpo_nintendo_0192.txt,notchParamRand,notchParamRand::lvl-96.txt,LEFT,win,1.0,True,False,False,1,1,18.417,14,0,1,68,1112.0,40.0,41.17710871354278,316.0677579861766,35,1,0,0,0,0,0,0,0,0
v_ef5b17b5-133e-4b16-b0c8-86dd12e7c5ae,btl_006bcdf2-d4f5-4073-a01f-63971ec203f3,895e8f18-e777-41b2-92b7-3e54b78074e6,anon_6cef13ed-1ba6-4c10-87b2-51de63c70839,2026-03-10T17:08:46.570871+00:00,2026-03-10 17:08:46.570871+00:00,right,notchParamRand,notchParamRand::lvl-96.txt,mariodpo,mariodpo::mariodpo_nintendo_0192.txt,LEFT,loss,0.0,True,False,False,1,1,4.817,1,0,0,18,292.0,8.0,17.159023829036197,79.36133959442861,3,1,0,0,0,0,0,0,0,0
v_3b321f96-1b84-47ae-9d31-8d087f51f734,btl_264e4a0b-a70a-41a3-8293-851040bb753a,895e8f18-e777-41b2-92b7-3e54b78074e6,anon_6cef13ed-1ba6-4c10-87b2-51de63c70839,2026-03-10T17:08:20.441659+00:00,2026-03-10 17:08:20.441659+00:00,left,notchParam,notchParam::lvl-75.txt,patternWeightCount,patternWeightCount::lvl-26.txt,TIE,tie,0.5,True,False,False,1,1,11.017,12,0,2,42,1496.0,8.0,30.707575863612245,458.2913011029848,27,1,0,0,0,0,0,0,0,0
v_3b321f96-1b84-47ae-9d31-8d087f51f734,btl_264e4a0b-a70a-41a3-8293-851040bb753a,895e8f18-e777-41b2-92b7-3e54b78074e6,anon_6cef13ed-1ba6-4c10-87b2-51de63c70839,2026-03-10T17:08:20.441659+00:00,2026-03-10 17:08:20.441659+00:00,right,patternWeightCount,patternWeightCount::lvl-26.txt,notchParam,notchParam::lvl-75.txt,TIE,tie,0.5,True,False,False,1,1,16.634,14,0,0,63,955.0,8.0,33.2673345111605,254.33546864769943,42,1,0,0,0,0,0,0,0,0
v_d8000191-8f33-4516-8e8e-4a0eef8546ee,btl_4b89437e-9417-4705-bd16-36b60a4a8df6,895e8f18-e777-41b2-92b7-3e54b78074e6,anon_6cef13ed-1ba6-4c10-87b2-51de63c70839,2026-03-10T17:07:49.872620+00:00,2026-03-10 17:07:49.872620+00:00,left,ore,ore::lvl-52.txt,patternWeightCount,patternWeightCount::lvl-98.txt,LEFT,win,1.0,True,False,False,1,1,7.301,8,0,0,28,600.0,8.0,54.56099142898968,179.20816478757493,21,1,0,0,0,0,0,0,0,0
v_d8000191-8f33-4516-8e8e-4a0eef8546ee,btl_4b89437e-9417-4705-bd16-36b60a4a8df6,895e8f18-e777-41b2-92b7-3e54b78074e6,anon_6cef13ed-1ba6-4c10-87b2-51de63c70839,2026-03-10T17:07:49.872620+00:00,2026-03-10 17:07:49.872620+00:00,right,patternWeightCount,patternWeightCount::lvl-98.txt,ore,ore::lvl-52.txt,LEFT,loss,0.0,True,False,False,1,1,15.9,10,0,0,58,779.0,8.0,31.989092225367877,239.77916911305488,32,1,0,0,0,0,0,0,0,0
v_241200c6-0bb2-4eb3-8fb2-5f5271a164c7,btl_66fe04e3-31c0-44a6-8684-07f0008052bd,895e8f18-e777-41b2-92b7-3e54b78074e6,anon_6cef13ed-1ba6-4c10-87b2-51de63c70839,2026-03-10T17:05:11.732376+00:00,2026-03-10 17:05:11.732376+00:00,left,ore,ore::lvl-11.txt,patternOccur,patternOccur::lvl-44.txt,LEFT,win,1.0,True,False,False,1,1,32.184,31,1,2,121,2588.0,8.0,59.05044329055118,782.6698743604517,76,1,0,0,0,0,0,0,0,0
v_241200c6-0bb2-4eb3-8fb2-5f5271a164c7,btl_66fe04e3-31c0-44a6-8684-07f0008052bd,895e8f18-e777-41b2-92b7-3e54b78074e6,anon_6cef13ed-1ba6-4c10-87b2-51de63c70839,2026-03-10T17:05:11.732376+00:00,2026-03-10 17:05:11.732376+00:00,right,patternOccur,patternOccur::lvl-44.txt,ore,ore::lvl-11.txt,LEFT,loss,0.0,True,False,True,0,0,55.834,47,3,0,206,3178.0,8.0,38.2345323699417,875.3901023941223,125,0,0,0,0,0,0,0,0,0
v_f32eb0f2-3c0a-47c4-a8a6-9133c3ffeefc,btl_7e1c6ef8-7d26-4d38-857c-101e917025ee,895e8f18-e777-41b2-92b7-3e54b78074e6,anon_6cef13ed-1ba6-4c10-87b2-51de63c70839,2026-03-10T17:03:36.114095+00:00,2026-03-10 17:03:36.114095+00:00,left,ore,ore::lvl-30.txt,patternOccur,patternOccur::lvl-100.txt,LEFT,win,1.0,True,False,False,1,1,9.267,8,0,0,35,600.0,8.0,36.808051470584864,186.04020631935165,21,1,0,0,0,0,0,0,0,0
v_f32eb0f2-3c0a-47c4-a8a6-9133c3ffeefc,btl_7e1c6ef8-7d26-4d38-857c-101e917025ee,895e8f18-e777-41b2-92b7-3e54b78074e6,anon_6cef13ed-1ba6-4c10-87b2-51de63c70839,2026-03-10T17:03:36.114095+00:00,2026-03-10 17:03:36.114095+00:00,right,patternOccur,patternOccur::lvl-100.txt,ore,ore::lvl-30.txt,LEFT,loss,0.0,True,False,False,1,1,0.7,0,0,0,3,28.0,8.0,13.199326582148888,8.806563209081938,3,1,0,0,0,0,0,0,0,0
v_ffdfa83c-8f08-4357-80a2-f5190dc5de88,btl_abf5cfff-ed8f-43a0-b77a-c4be04dace92,895e8f18-e777-41b2-92b7-3e54b78074e6,anon_6cef13ed-1ba6-4c10-87b2-51de63c70839,2026-03-10T17:03:22.643154+00:00,2026-03-10 17:03:22.643154+00:00,left,notch,notch::lvl-76.txt,notchParam,notchParam::lvl-93.txt,TIE,tie,0.5,True,False,True,0,0,22.434,24,0,0,85,2402.0,8.0,35.52809892393328,663.5778605591219,49,0,0,0,0,0,0,0,0,0
v_ffdfa83c-8f08-4357-80a2-f5190dc5de88,btl_abf5cfff-ed8f-43a0-b77a-c4be04dace92,895e8f18-e777-41b2-92b7-3e54b78074e6,anon_6cef13ed-1ba6-4c10-87b2-51de63c70839,2026-03-10T17:03:22.643154+00:00,2026-03-10 17:03:22.643154+00:00,right,notchParam,notchParam::lvl-93.txt,notch,notch::lvl-76.txt,TIE,tie,0.5,True,False,False,1,1,12.101,12,0,0,45,1747.0,8.0,31.451126105965322,517.1552738626481,24,1,0,0,0,0,0,0,0,0
v_c9b4512f-a138-46c4-9cd5-3e049674e8bd,btl_148e6775-0ba5-4ad0-9f17-5b0c613eb9d5,895e8f18-e777-41b2-92b7-3e54b78074e6,anon_6cef13ed-1ba6-4c10-87b2-51de63c70839,2026-03-10T17:02:15.080020+00:00,2026-03-10 17:02:15.080020+00:00,left,ore,ore::lvl-2.txt,notch,notch::lvl-73.txt,LEFT,win,1.0,True,False,False,1,1,8.75,9,0,0,33,482.0,8.0,53.45588536766341,166.72018975294515,20,1,0,0,0,0,0,0,0,0
v_c9b4512f-a138-46c4-9cd5-3e049674e8bd,btl_148e6775-0ba5-4ad0-9f17-5b0c613eb9d5,895e8f18-e777-41b2-92b7-3e54b78074e6,anon_6cef13ed-1ba6-4c10-87b2-51de63c70839,2026-03-10T17:02:15.080020+00:00,2026-03-10 17:02:15.080020+00:00,right,notch,notch::lvl-73.txt,ore,ore::lvl-2.txt,LEFT,loss,0.0,True,False,False,1,1,2.133,1,0,0,9,233.0,8.0,30.699660190341998,91.89661394371932,3,1,0,0,0,0,0,0,0,0
v_0a0c586c-d2b2-4e75-9449-378d96d8c3c3,btl_e57b5014-05e0-4080-bc7a-fa0d92a17378,895e8f18-e777-41b2-92b7-3e54b78074e6,anon_6cef13ed-1ba6-4c10-87b2-51de63c70839,2026-03-10T17:01:45.322877+00:00,2026-03-10 17:01:45.322877+00:00,left,mariogpt,mariogpt::level_013.txt,marioDiffusion,marioDiffusion::level_53.txt,LEFT,win,1.0,True,False,True,0,0,131.82,30,15,1,488,2367.0,8.0,35.26020011153371,640.475641653187,86,0,0,0,0,0,0,0,0,0
v_0a0c586c-d2b2-4e75-9449-378d96d8c3c3,btl_e57b5014-05e0-4080-bc7a-fa0d92a17378,895e8f18-e777-41b2-92b7-3e54b78074e6,anon_6cef13ed-1ba6-4c10-87b2-51de63c70839,2026-03-10T17:01:45.322877+00:00,2026-03-10 17:01:45.322877+00:00,right,marioDiffusion,marioDiffusion::level_53.txt,mariogpt,mariogpt::level_013.txt,LEFT,loss,0.0,True,False,False,1,1,5.933,3,0,0,22,635.0,8.0,21.46556920179441,208.08094519216823,7,1,0,0,0,0,0,0,0,0
v_911c886f-b62f-43f0-bad8-1c1a698aa5ab,btl_b4509e5e-4865-4ee2-aeb4-f26171a1e77f,895e8f18-e777-41b2-92b7-3e54b78074e6,anon_6cef13ed-1ba6-4c10-87b2-51de63c70839,2026-03-10T16:59:23.404683+00:00,2026-03-10 16:59:23.404683+00:00,left,genetic,genetic::lvl-14.txt,original,original::lvl-8.txt,RIGHT,loss,0.0,True,False,False,1,1,3.5,3,0,0,14,269.0,8.0,29.063003342141123,101.5136715433152,7,1,0,0,0,0,0,0,0,0
v_911c886f-b62f-43f0-bad8-1c1a698aa5ab,btl_b4509e5e-4865-4ee2-aeb4-f26171a1e77f,895e8f18-e777-41b2-92b7-3e54b78074e6,anon_6cef13ed-1ba6-4c10-87b2-51de63c70839,2026-03-10T16:59:23.404683+00:00,2026-03-10 16:59:23.404683+00:00,right,original,original::lvl-8.txt,genetic,genetic::lvl-14.txt,RIGHT,win,1.0,True,False,False,1,1,13.734,6,0,0,52,1899.0,0.0,35.010733772515266,661.8191164505663,12,1,0,0,0,0,0,0,0,0
v_0b31d0e8-755c-43aa-833b-7aa8d01da79d,btl_602c6985-7fc4-4516-b0e6-8797ee6450ae,895e8f18-e777-41b2-92b7-3e54b78074e6,anon_6cef13ed-1ba6-4c10-87b2-51de63c70839,2026-03-10T16:59:00.319677+00:00,2026-03-10 16:59:00.319677+00:00,left,original,original::lvl-14.txt,patternCount,patternCount::lvl-16.txt,LEFT,win,1.0,True,False,False,1,1,4.233,2,0,0,17,248.0,24.0,13.978480742749998,80.43712754623498,5,1,0,0,0,0,0,0,0,0
v_0b31d0e8-755c-43aa-833b-7aa8d01da79d,btl_602c6985-7fc4-4516-b0e6-8797ee6450ae,895e8f18-e777-41b2-92b7-3e54b78074e6,anon_6cef13ed-1ba6-4c10-87b2-51de63c70839,2026-03-10T16:59:00.319677+00:00,2026-03-10 16:59:00.319677+00:00,right,patternCount,patternCount::lvl-16.txt,original,original::lvl-14.txt,LEFT,loss,0.0,True,False,False,1,1,29.951,23,2,0,112,899.0,8.0,28.388565207955235,285.08358289227016,71,1,0,0,0,0,0,0,0,0
v_22dd0a60-4e0d-48ca-b9a6-6e676102cc5f,btl_2e0c1e2b-e2fe-4ec5-9e8a-59845e98f589,895e8f18-e777-41b2-92b7-3e54b78074e6,anon_6cef13ed-1ba6-4c10-87b2-51de63c70839,2026-03-10T16:57:29.731167+00:00,2026-03-10 16:57:29.731167+00:00,left,notchParam,notchParam::lvl-42.txt,patternOccur,patternOccur::lvl-81.txt,RIGHT,loss,0.0,True,False,False,1,1,5.7,4,0,0,22,1147.0,8.0,22.54600439212205,383.0251297238864,9,1,0,0,0,0,0,0,0,0
v_22dd0a60-4e0d-48ca-b9a6-6e676102cc5f,btl_2e0c1e2b-e2fe-4ec5-9e8a-59845e98f589,895e8f18-e777-41b2-92b7-3e54b78074e6,anon_6cef13ed-1ba6-4c10-87b2-51de63c70839,2026-03-10T16:57:29.731167+00:00,2026-03-10 16:57:29.731167+00:00,right,patternOccur,patternOccur::lvl-81.txt,notchParam,notchParam::lvl-42.txt,RIGHT,win,1.0,True,False,False,1,1,165.786,41,0,0,616,2710.0,8.0,18.870672221516674,547.0248423106316,108,1,0,0,0,0,0,0,0,0
v_3ac706cd-ef5b-4dc4-800c-a0a1e53b9cbd,btl_f029b8cb-1d47-4b67-9f97-484883f4ce66,895e8f18-e777-41b2-92b7-3e54b78074e6,anon_6cef13ed-1ba6-4c10-87b2-51de63c70839,2026-03-10T16:54:27.379069+00:00,2026-03-10 16:54:27.379069+00:00,left,marioDiffusion,marioDiffusion::level_89.txt,ore,ore::lvl-68.txt,LEFT,win,1.0,True,False,True,0,0,29.584,30,2,0,111,3267.0,8.0,49.57482893226828,1034.4471174161695,64,0,0,0,0,0,0,0,0,0
v_3ac706cd-ef5b-4dc4-800c-a0a1e53b9cbd,btl_f029b8cb-1d47-4b67-9f97-484883f4ce66,895e8f18-e777-41b2-92b7-3e54b78074e6,anon_6cef13ed-1ba6-4c10-87b2-51de63c70839,2026-03-10T16:54:27.379069+00:00,2026-03-10 16:54:27.379069+00:00,right,ore,ore::lvl-68.txt,marioDiffusion,marioDiffusion::level_89.txt,LEFT,loss,0.0,True,False,False,1,1,5.3,4,0,0,20,84.0,8.0,47.566243282395135,24.557025471339156,10,1,0,0,0,0,0,0,0,0
v_679308a9-9270-448f-a7a3-1523a136f95e,btl_8b4f2b9f-868a-4f88-ad16-4d1571f76f58,895e8f18-e777-41b2-92b7-3e54b78074e6,anon_6cef13ed-1ba6-4c10-87b2-51de63c70839,2026-03-10T16:53:20.566154+00:00,2026-03-10 16:53:20.566154+00:00,left,ore,ore::lvl-56.txt,genetic,genetic::lvl-43.txt,LEFT,win,1.0,True,False,True,0,0,35.451,37,0,0,133,3034.0,8.0,50.7701777095065,869.379620298391,79,0,0,0,0,0,0,0,0,0
v_679308a9-9270-448f-a7a3-1523a136f95e,btl_8b4f2b9f-868a-4f88-ad16-4d1571f76f58,895e8f18-e777-41b2-92b7-3e54b78074e6,anon_6cef13ed-1ba6-4c10-87b2-51de63c70839,2026-03-10T16:53:20.566154+00:00,2026-03-10 16:53:20.566154+00:00,right,genetic,genetic::lvl-43.txt,ore,ore::lvl-56.txt,LEFT,loss,0.0,True,False,False,1,1,14.8,11,0,0,56,2035.0,8.0,37.42631791880125,665.4893118861444,25,1,0,0,0,0,0,0,0,0
v_a9758db7-8306-428b-b30e-7d4b91fd5b30,btl_135669fe-aad0-41d6-97d4-416f79bef611,895e8f18-e777-41b2-92b7-3e54b78074e6,anon_6cef13ed-1ba6-4c10-87b2-51de63c70839,2026-03-10T16:52:27.413446+00:00,2026-03-10 16:52:27.413446+00:00,left,mariogan,mariogan::level_18.txt,hopper,hopper::lvl-31.txt,LEFT,win,1.0,True,False,False,1,1,7.45,7,0,1,28,448.0,8.0,39.03234856748794,150.74733473123638,17,1,0,0,0,0,0,0,0,0
v_a9758db7-8306-428b-b30e-7d4b91fd5b30,btl_135669fe-aad0-41d6-97d4-416f79bef611,895e8f18-e777-41b2-92b7-3e54b78074e6,anon_6cef13ed-1ba6-4c10-87b2-51de63c70839,2026-03-10T16:52:27.413446+00:00,2026-03-10 16:52:27.413446+00:00,right,hopper,hopper::lvl-31.txt,mariogan,mariogan::level_18.txt,LEFT,loss,0.0,True,False,False,1,1,4.666,5,0,0,18,1062.0,8.0,36.40533979283944,360.40856445613684,12,1,0,0,0,0,0,0,0,0
v_cf7a6fcb-0c00-4cbe-9c79-273b125bca91,btl_6e1e18db-a000-4cc3-9a95-d4e239591772,8cdc0ec9-8e9d-48fc-aab7-bf6cb042fe8f,anon_9250363a-2f61-4467-9d53-a0b9cf621314,2026-03-10T16:51:21.617842+00:00,2026-03-10 16:51:21.617842+00:00,left,hopper,hopper::lvl-85.txt,ore,ore::lvl-19.txt,LEFT,win,1.0,True,False,False,1,1,2.267,2,0,0,9,465.0,8.0,25.90581230363393,163.15772873034376,6,1,0,0,0,0,0,0,0,0
v_cf7a6fcb-0c00-4cbe-9c79-273b125bca91,btl_6e1e18db-a000-4cc3-9a95-d4e239591772,8cdc0ec9-8e9d-48fc-aab7-bf6cb042fe8f,anon_9250363a-2f61-4467-9d53-a0b9cf621314,2026-03-10T16:51:21.617842+00:00,2026-03-10 16:51:21.617842+00:00,right,ore,ore::lvl-19.txt,hopper,hopper::lvl-85.txt,LEFT,loss,0.0,True,False,False,1,1,1.85,1,0,0,8,47.0,8.0,3.307189138830738,14.970283063456082,4,1,0,0,0,0,0,0,0,0
v_e8b34402-dea5-4514-92fb-14601e89dbdf,btl_76ec62c9-c6dc-4060-b9a1-aeb0d2aa335e,8cdc0ec9-8e9d-48fc-aab7-bf6cb042fe8f,anon_9250363a-2f61-4467-9d53-a0b9cf621314,2026-03-10T16:51:13.739843+00:00,2026-03-10 16:51:13.739843+00:00,left,notchParamRand,notchParamRand::lvl-98.txt,patternWeightCount,patternWeightCount::lvl-68.txt,RIGHT,loss,0.0,True,False,False,1,1,7.217,7,0,1,28,1526.0,8.0,38.55330261932359,474.52475151030677,19,1,0,0,0,0,0,0,0,0
v_e8b34402-dea5-4514-92fb-14601e89dbdf,btl_76ec62c9-c6dc-4060-b9a1-aeb0d2aa335e,8cdc0ec9-8e9d-48fc-aab7-bf6cb042fe8f,anon_9250363a-2f61-4467-9d53-a0b9cf621314,2026-03-10T16:51:13.739843+00:00,2026-03-10 16:51:13.739843+00:00,right,patternWeightCount,patternWeightCount::lvl-68.txt,notchParamRand,notchParamRand::lvl-98.txt,RIGHT,win,1.0,True,False,False,1,1,29.951,34,9,0,111,1903.0,0.0,29.114061921596367,565.4423318059639,99,1,0,0,0,0,0,0,0,0
v_57fc25fe-8297-4da3-9fd2-6b4f28a73b62,btl_dcc49e9b-1811-464a-add8-42464912d230,8cdc0ec9-8e9d-48fc-aab7-bf6cb042fe8f,anon_9250363a-2f61-4467-9d53-a0b9cf621314,2026-03-10T16:50:33.268893+00:00,2026-03-10 16:50:33.268893+00:00,left,patternCount,patternCount::lvl-11.txt,notchParamRand,notchParamRand::lvl-45.txt,TIE,tie,0.5,True,False,False,1,1,36.651,30,0,0,138,1380.0,8.0,30.301004292987074,428.41186307995866,85,1,0,0,0,0,0,0,0,0
v_57fc25fe-8297-4da3-9fd2-6b4f28a73b62,btl_dcc49e9b-1811-464a-add8-42464912d230,8cdc0ec9-8e9d-48fc-aab7-bf6cb042fe8f,anon_9250363a-2f61-4467-9d53-a0b9cf621314,2026-03-10T16:50:33.268893+00:00,2026-03-10 16:50:33.268893+00:00,right,notchParamRand,notchParamRand::lvl-45.txt,patternCount,patternCount::lvl-11.txt,TIE,tie,0.5,True,False,False,1,1,17.633,11,0,0,67,2356.0,8.0,37.418800482362784,733.2095441872231,27,1,0,0,0,0,0,0,0,0
v_d419a106-f93d-4131-9f51-f474e277a6ec,btl_e54fd933-054e-409d-b8bf-11615632b684,8cdc0ec9-8e9d-48fc-aab7-bf6cb042fe8f,anon_9250363a-2f61-4467-9d53-a0b9cf621314,2026-03-10T16:49:32.601123+00:00,2026-03-10 16:49:32.601123+00:00,left,ore,ore::lvl-19.txt,marioDiffusion,marioDiffusion::level_96.txt,TIE,tie,0.5,True,False,False,1,1,1.8,0,0,0,7,40.0,8.0,0.0,11.449979948293645,2,1,0,0,0,0,0,0,0,0
v_d419a106-f93d-4131-9f51-f474e277a6ec,btl_e54fd933-054e-409d-b8bf-11615632b684,8cdc0ec9-8e9d-48fc-aab7-bf6cb042fe8f,anon_9250363a-2f61-4467-9d53-a0b9cf621314,2026-03-10T16:49:32.601123+00:00,2026-03-10 16:49:32.601123+00:00,right,marioDiffusion,marioDiffusion::level_96.txt,ore,ore::lvl-19.txt,TIE,tie,0.5,True,False,False,1,1,1.633,0,0,0,7,83.0,1.0,12.947302926139656,27.706184382935604,1,1,0,0,0,0,0,0,0,0
v_aec12ea3-08ef-4fc4-911a-fce506e30e1a,btl_9191a994-ef70-4141-a885-524512ed375c,8cdc0ec9-8e9d-48fc-aab7-bf6cb042fe8f,anon_9250363a-2f61-4467-9d53-a0b9cf621314,2026-03-10T16:49:25.910995+00:00,2026-03-10 16:49:25.910995+00:00,left,genetic,genetic::lvl-32.txt,mariogan,mariogan::level_12.txt,RIGHT,loss,0.0,True,False,False,1,1,11.517,8,0,0,44,1413.0,8.0,27.11807477198267,420.379656106947,17,1,0,0,0,0,0,0,0,0
v_aec12ea3-08ef-4fc4-911a-fce506e30e1a,btl_9191a994-ef70-4141-a885-524512ed375c,8cdc0ec9-8e9d-48fc-aab7-bf6cb042fe8f,anon_9250363a-2f61-4467-9d53-a0b9cf621314,2026-03-10T16:49:25.910995+00:00,2026-03-10 16:49:25.910995+00:00,right,mariogan,mariogan::level_12.txt,genetic,genetic::lvl-32.txt,RIGHT,win,1.0,True,False,False,1,1,5.35,5,0,0,20,597.0,8.0,40.76088811593781,187.41958275484447,12,1,0,0,0,0,0,0,0,0
v_c0aeb6a0-a3b6-47af-a4fa-86db4a71f5fb,btl_f3d51ce0-4838-435a-8a12-ce37e4a5a554,8cdc0ec9-8e9d-48fc-aab7-bf6cb042fe8f,anon_9250363a-2f61-4467-9d53-a0b9cf621314,2026-03-10T16:48:00.271313+00:00,2026-03-10 16:48:00.271313+00:00,left,original,original::lvl-3.txt,hopper,hopper::lvl-96.txt,LEFT,win,1.0,True,False,False,1,1,11.367,10,1,2,43,1130.0,8.0,59.75212906724937,324.8921774797923,25,1,0,0,0,0,0,0,0,0
v_c0aeb6a0-a3b6-47af-a4fa-86db4a71f5fb,btl_f3d51ce0-4838-435a-8a12-ce37e4a5a554,8cdc0ec9-8e9d-48fc-aab7-bf6cb042fe8f,anon_9250363a-2f61-4467-9d53-a0b9cf621314,2026-03-10T16:48:00.271313+00:00,2026-03-10 16:48:00.271313+00:00,right,hopper,hopper::lvl-96.txt,original,original::lvl-3.txt,LEFT,loss,0.0,True,False,False,1,1,13.933,15,0,0,52,1757.0,8.0,68.32149407949477,461.842644553751,33,1,0,0,0,0,0,0,0,0
v_dbb27ef3-b9c1-404c-8e3e-e65004b0f5de,btl_6db8ed6f-5427-435f-8c5b-0fc29792aee9,8cdc0ec9-8e9d-48fc-aab7-bf6cb042fe8f,anon_9250363a-2f61-4467-9d53-a0b9cf621314,2026-03-10T16:47:31.405054+00:00,2026-03-10 16:47:31.405054+00:00,left,hopper,hopper::lvl-19.txt,ore,ore::lvl-73.txt,RIGHT,loss,0.0,True,False,False,1,1,4.483,4,0,1,17,1037.0,8.0,39.11539135468863,347.7507161080092,14,1,0,0,0,0,0,0,0,0
v_dbb27ef3-b9c1-404c-8e3e-e65004b0f5de,btl_6db8ed6f-5427-435f-8c5b-0fc29792aee9,8cdc0ec9-8e9d-48fc-aab7-bf6cb042fe8f,anon_9250363a-2f61-4467-9d53-a0b9cf621314,2026-03-10T16:47:31.405054+00:00,2026-03-10 16:47:31.405054+00:00,right,ore,ore::lvl-73.txt,hopper,hopper::lvl-19.txt,RIGHT,win,1.0,True,False,False,1,1,5.167,6,1,0,20,262.0,8.0,37.39665760465766,91.115572214633,17,1,0,0,0,0,0,0,0,0
v_95ef2c38-fa55-417d-b24b-2f2d4fc534e8,btl_feb1f6b0-2eb6-4ae2-a082-36cd578a0564,8cdc0ec9-8e9d-48fc-aab7-bf6cb042fe8f,anon_9250363a-2f61-4467-9d53-a0b9cf621314,2026-03-10T16:47:19.510668+00:00,2026-03-10 16:47:19.510668+00:00,left,notchParamRand,notchParamRand::lvl-3.txt,marioDiffusion,marioDiffusion::level_13.txt,TIE,tie,0.5,True,False,True,0,0,19.117,20,0,1,72,3083.0,8.0,36.872015468256656,892.3111373814976,41,0,0,0,0,0,0,0,0,0
v_95ef2c38-fa55-417d-b24b-2f2d4fc534e8,btl_feb1f6b0-2eb6-4ae2-a082-36cd578a0564,8cdc0ec9-8e9d-48fc-aab7-bf6cb042fe8f,anon_9250363a-2f61-4467-9d53-a0b9cf621314,2026-03-10T16:47:19.510668+00:00,2026-03-10 16:47:19.510668+00:00,right,marioDiffusion,marioDiffusion::level_13.txt,notchParamRand,notchParamRand::lvl-3.txt,TIE,tie,0.5,True,False,False,1,1,17.001,10,0,0,64,1487.0,8.0,48.007158381426564,465.3263933453055,20,1,0,0,0,0,0,0,0,0
v_112b2824-5190-407b-b45a-cef6adbf1d17,btl_22f07564-a8a2-4248-a250-8a67ff304d41,8cdc0ec9-8e9d-48fc-aab7-bf6cb042fe8f,anon_9250363a-2f61-4467-9d53-a0b9cf621314,2026-03-10T16:46:39.212942+00:00,2026-03-10 16:46:39.212942+00:00,left,patternOccur,patternOccur::lvl-9.txt,original,original::lvl-13.txt,RIGHT,loss,0.0,True,False,True,0,0,49.985,50,0,0,188,3176.0,8.0,33.53167990183886,859.2671432254872,135,0,0,0,0,0,0,0,0,0
v_112b2824-5190-407b-b45a-cef6adbf1d17,btl_22f07564-a8a2-4248-a250-8a67ff304d41,8cdc0ec9-8e9d-48fc-aab7-bf6cb042fe8f,anon_9250363a-2f61-4467-9d53-a0b9cf621314,2026-03-10T16:46:39.212942+00:00,2026-03-10 16:46:39.212942+00:00,right,original,original::lvl-13.txt,patternOccur,patternOccur::lvl-9.txt,RIGHT,win,1.0,True,False,False,1,1,15.85,14,2,0,59,1291.0,24.0,52.73593651664179,334.3571930557474,32,1,0,0,0,0,0,0,0,0
v_e6ad970f-1c94-4425-adc1-340947afabe4,btl_75c7e3b8-c0c1-44b8-942a-a4bcda8a3e8c,8cdc0ec9-8e9d-48fc-aab7-bf6cb042fe8f,anon_9250363a-2f61-4467-9d53-a0b9cf621314,2026-03-10T16:45:31.038927+00:00,2026-03-10 16:45:31.038927+00:00,left,notchParam,notchParam::lvl-26.txt,genetic,genetic::lvl-99.txt,LEFT,win,1.0,True,False,False,1,1,17.651,18,0,0,67,2421.0,8.0,37.16796719889822,709.9374857565521,41,1,0,0,0,0,0,0,0,0
v_e6ad970f-1c94-4425-adc1-340947afabe4,btl_75c7e3b8-c0c1-44b8-942a-a4bcda8a3e8c,8cdc0ec9-8e9d-48fc-aab7-bf6cb042fe8f,anon_9250363a-2f61-4467-9d53-a0b9cf621314,2026-03-10T16:45:31.038927+00:00,2026-03-10 16:45:31.038927+00:00,right,genetic,genetic::lvl-99.txt,notchParam,notchParam::lvl-26.txt,LEFT,loss,0.0,True,False,True,0,0,11.116,5,0,0,42,2061.0,8.0,33.64891429313249,646.9900048119218,11,0,0,0,0,0,0,0,0,0
v_5f0e30a6-660e-4d55-8355-d8d3625a6488,btl_c59c7518-7ad9-4bf8-858c-beb63e0bd4b6,8cdc0ec9-8e9d-48fc-aab7-bf6cb042fe8f,anon_9250363a-2f61-4467-9d53-a0b9cf621314,2026-03-10T16:44:58.908191+00:00,2026-03-10 16:44:58.908191+00:00,left,hopper,hopper::lvl-68.txt,marioDiffusion,marioDiffusion::level_59.txt,RIGHT,loss,0.0,True,False,False,1,1,2.534,2,0,0,10,473.0,8.0,26.10766171069328,164.18894603474376,6,1,0,0,0,0,0,0,0,0
v_5f0e30a6-660e-4d55-8355-d8d3625a6488,btl_c59c7518-7ad9-4bf8-858c-beb63e0bd4b6,8cdc0ec9-8e9d-48fc-aab7-bf6cb042fe8f,anon_9250363a-2f61-4467-9d53-a0b9cf621314,2026-03-10T16:44:58.908191+00:00,2026-03-10 16:44:58.908191+00:00,right,marioDiffusion,marioDiffusion::level_59.txt,hopper,hopper::lvl-68.txt,RIGHT,win,1.0,True,False,True,0,0,40.867,42,5,1,152,3238.0,8.0,48.93572610197405,1025.3898702625504,90,0,0,0,0,0,0,0,0,0
v_1df964a5-b1b9-488d-8f1c-340058f417b4,btl_b307f76c-c7e8-49f8-bcd2-49885bbbb924,8cdc0ec9-8e9d-48fc-aab7-bf6cb042fe8f,anon_9250363a-2f61-4467-9d53-a0b9cf621314,2026-03-10T16:44:12.585002+00:00,2026-03-10 16:44:12.585002+00:00,left,genetic,genetic::lvl-47.txt,notchParam,notchParam::lvl-100.txt,LEFT,win,1.0,True,False,False,1,1,14.45,7,0,0,54,1265.0,8.0,34.406874173598,341.05497638002623,17,1,0,0,0,0,0,0,0,0
v_1df964a5-b1b9-488d-8f1c-340058f417b4,btl_b307f76c-c7e8-49f8-bcd2-49885bbbb924,8cdc0ec9-8e9d-48fc-aab7-bf6cb042fe8f,anon_9250363a-2f61-4467-9d53-a0b9cf621314,2026-03-10T16:44:12.585002+00:00,2026-03-10 16:44:12.585002+00:00,right,notchParam,notchParam::lvl-100.txt,genetic,genetic::lvl-47.txt,LEFT,loss,0.0,True,False,False,1,1,11.75,4,0,1,43,1180.0,8.0,22.237422840357524,311.6411989529026,9,1,0,0,0,0,0,0,0,0
v_b8f30162-8a1c-4ead-b92d-81a6c68e84b6,btl_0ca8cf78-f7fc-4a40-90c7-4b9e5a06463e,8cdc0ec9-8e9d-48fc-aab7-bf6cb042fe8f,anon_9250363a-2f61-4467-9d53-a0b9cf621314,2026-03-10T16:43:41.719210+00:00,2026-03-10 16:43:41.719210+00:00,left,marioDiffusion,marioDiffusion::level_16.txt,mariogpt,mariogpt::level_048.txt,RIGHT,loss,0.0,True,False,False,1,1,0.734,0,0,0,3,8.0,8.0,75.07477753694793,0.0,1,1,0,0,0,0,0,0,0,0
v_b8f30162-8a1c-4ead-b92d-81a6c68e84b6,btl_0ca8cf78-f7fc-4a40-90c7-4b9e5a06463e,8cdc0ec9-8e9d-48fc-aab7-bf6cb042fe8f,anon_9250363a-2f61-4467-9d53-a0b9cf621314,2026-03-10T16:43:41.719210+00:00,2026-03-10 16:43:41.719210+00:00,right,mariogpt,mariogpt::level_048.txt,marioDiffusion,marioDiffusion::level_16.txt,RIGHT,win,1.0,True,False,True,0,0,33.984,25,4,0,125,2383.0,8.0,50.68962749912451,648.3336352959022,58,0,0,0,0,0,0,0,0,0
v_8ef2d659-bb0a-4e58-896b-be309359ce4f,btl_e4cd0689-e665-4f57-ad8a-5529361cb26b,8cdc0ec9-8e9d-48fc-aab7-bf6cb042fe8f,anon_9250363a-2f61-4467-9d53-a0b9cf621314,2026-03-10T16:43:02.243398+00:00,2026-03-10 16:43:02.243398+00:00,left,original,original::lvl-11.txt,mariogpt,mariogpt::level_025.txt,LEFT,win,1.0,True,False,False,1,1,12.766,10,2,0,48,649.0,8.0,39.569246396875776,192.68345785395164,25,1,0,0,0,0,0,0,0,0
v_8ef2d659-bb0a-4e58-896b-be309359ce4f,btl_e4cd0689-e665-4f57-ad8a-5529361cb26b,8cdc0ec9-8e9d-48fc-aab7-bf6cb042fe8f,anon_9250363a-2f61-4467-9d53-a0b9cf621314,2026-03-10T16:43:02.243398+00:00,2026-03-10 16:43:02.243398+00:00,right,mariogpt,mariogpt::level_025.txt,original,original::lvl-11.txt,LEFT,loss,0.0,True,False,False,1,1,14.184,9,11,0,54,311.0,0.0,23.25256450006975,73.12874566866782,29,1,0,0,0,0,0,0,0,0
v_22bc0887-286a-4012-b759-e1c762e39313,btl_278fcdac-cad9-4b18-8057-c6377fa50d3b,8cdc0ec9-8e9d-48fc-aab7-bf6cb042fe8f,anon_9250363a-2f61-4467-9d53-a0b9cf621314,2026-03-10T16:42:28.000070+00:00,2026-03-10 16:42:28.000070+00:00,left,patternOccur,patternOccur::lvl-52.txt,marioDiffusion,marioDiffusion::level_15.txt,RIGHT,loss,0.0,True,False,False,1,1,14.467,12,1,0,54,559.0,8.0,37.083789935691755,168.52339838274426,32,1,0,0,0,0,0,0,0,0
v_22bc0887-286a-4012-b759-e1c762e39313,btl_278fcdac-cad9-4b18-8057-c6377fa50d3b,8cdc0ec9-8e9d-48fc-aab7-bf6cb042fe8f,anon_9250363a-2f61-4467-9d53-a0b9cf621314,2026-03-10T16:42:28.000070+00:00,2026-03-10 16:42:28.000070+00:00,right,marioDiffusion,marioDiffusion::level_15.txt,patternOccur,patternOccur::lvl-52.txt,RIGHT,win,1.0,True,False,False,1,1,14.933,10,0,0,56,1237.0,8.0,37.98536237950141,381.1643710295428,22,1,0,0,0,0,0,0,0,0
v_52e76166-d045-4dd7-8482-efa2b90a5073,btl_aacede64-0add-486e-b4c0-91bc4284e4a5,57fbb010-cd1d-4a83-8d52-fc0f764c1ca6,anon_376d7289-fc63-4549-9336-2b8703819566,2026-03-10T14:48:19.701808+00:00,2026-03-10 14:48:19.701808+00:00,left,mariodpo,mariodpo::mariodpo_nintendo_0134.txt,ore,ore::lvl-18.txt,LEFT,win,1.0,True,False,True,0,0,35.312,36,0,0,133,2982.0,40.0,56.00696313606124,862.3397804799072,82,0,0,0,0,0,0,0,0,0
v_52e76166-d045-4dd7-8482-efa2b90a5073,btl_aacede64-0add-486e-b4c0-91bc4284e4a5,57fbb010-cd1d-4a83-8d52-fc0f764c1ca6,anon_376d7289-fc63-4549-9336-2b8703819566,2026-03-10T14:48:19.701808+00:00,2026-03-10 14:48:19.701808+00:00,right,ore,ore::lvl-18.txt,mariodpo,mariodpo::mariodpo_nintendo_0134.txt,LEFT,loss,0.0,True,False,False,1,1,6.214,6,0,2,24,565.0,8.0,37.897866218151236,174.16465309840825,18,1,0,0,0,0,0,0,0,0
v_f9c839fb-5eff-451c-b760-46dc7d2d303e,btl_fdf7ccd6-9548-4a26-96eb-82767b9f084d,4f50b048-0e59-4695-bb4c-53e71aa31c7b,anon_46d23f1b-af04-4b3c-b201-a6e046a29af7,2026-03-09T21:27:53.618251+00:00,2026-03-09 21:27:53.618251+00:00,left,mariodpo,mariodpo::mariodpo_nintendo_0192.txt,hopper,hopper::lvl-4.txt,LEFT,win,1.0,True,False,False,1,1,37.851,34,1,1,143,2636.0,40.0,51.71314155735974,657.5354671847729,78,1,0,0,0,0,0,0,0,0
v_f9c839fb-5eff-451c-b760-46dc7d2d303e,btl_fdf7ccd6-9548-4a26-96eb-82767b9f084d,4f50b048-0e59-4695-bb4c-53e71aa31c7b,anon_46d23f1b-af04-4b3c-b201-a6e046a29af7,2026-03-09T21:27:53.618251+00:00,2026-03-09 21:27:53.618251+00:00,right,hopper,hopper::lvl-4.txt,mariodpo,mariodpo::mariodpo_nintendo_0192.txt,LEFT,loss,0.0,True,False,True,0,0,20.583,23,2,2,78,3130.0,8.0,59.56921978747162,914.6823059089601,55,0,0,0,0,0,0,0,0,0
v_5d2cc0d4-6d08-4d1d-912e-7b91ea8d3a7a,btl_9278676b-5fcb-4ba5-bb9c-34f8aeaff27b,4f50b048-0e59-4695-bb4c-53e71aa31c7b,anon_46d23f1b-af04-4b3c-b201-a6e046a29af7,2026-03-09T21:26:51.406508+00:00,2026-03-09 21:26:51.406508+00:00,left,original,original::lvl-2.txt,mariodpo,mariodpo::mariodpo_nintendo_0161.txt,RIGHT,loss,0.0,True,False,True,0,0,37.217,40,13,6,138,2462.0,56.0,42.01797269509307,620.9713336684514,116,0,0,0,0,0,0,0,0,0
v_5d2cc0d4-6d08-4d1d-912e-7b91ea8d3a7a,btl_9278676b-5fcb-4ba5-bb9c-34f8aeaff27b,4f50b048-0e59-4695-bb4c-53e71aa31c7b,anon_46d23f1b-af04-4b3c-b201-a6e046a29af7,2026-03-09T21:26:51.406508+00:00,2026-03-09 21:26:51.406508+00:00,right,mariodpo,mariodpo::mariodpo_nintendo_0161.txt,original,original::lvl-2.txt,RIGHT,win,1.0,True,False,True,0,0,44.984,30,5,1,169,2404.0,40.0,47.544164030400964,615.9837486266815,71,0,0,0,0,0,0,0,0,0
v_3b60b85c-d5c0-4224-a822-1acdff022ea7,btl_55d4dae8-9067-4496-90d7-1bf757aca572,4f50b048-0e59-4695-bb4c-53e71aa31c7b,anon_46d23f1b-af04-4b3c-b201-a6e046a29af7,2026-03-09T21:25:24.507338+00:00,2026-03-09 21:25:24.507338+00:00,left,patternWeightCount,patternWeightCount::lvl-55.txt,notch,notch::lvl-99.txt,LEFT,win,1.0,True,False,False,1,1,9.017,11,0,0,34,918.0,8.0,32.169372267899895,274.45952077986436,25,1,0,0,0,0,0,0,0,0
v_3b60b85c-d5c0-4224-a822-1acdff022ea7,btl_55d4dae8-9067-4496-90d7-1bf757aca572,4f50b048-0e59-4695-bb4c-53e71aa31c7b,anon_46d23f1b-af04-4b3c-b201-a6e046a29af7,2026-03-09T21:25:24.507338+00:00,2026-03-09 21:25:24.507338+00:00,right,notch,notch::lvl-99.txt,patternWeightCount,patternWeightCount::lvl-55.txt,LEFT,loss,0.0,True,False,False,1,1,2.466,2,0,0,10,444.0,8.0,36.1525932679801,166.14899939512125,5,1,0,0,0,0,0,0,0,0
v_b06878c4-cff5-4055-b437-8a2ebb04d3a0,btl_3b8fa74f-113d-4b7a-98ab-5772d5973e28,d22b423e-bda4-465f-8324-3a48e9657bf8,anon_61fa1cd7-2663-49dc-bbd1-e4510c96fa81,2026-03-09T21:21:00.452535+00:00,2026-03-09 21:21:00.452535+00:00,left,original,original::lvl-7.txt,notch,notch::lvl-60.txt,LEFT,win,1.0,True,False,True,0,0,47.335,45,19,1,176,3456.0,24.0,38.2881366085982,991.692205929669,114,0,0,0,0,0,0,0,0,0
v_b06878c4-cff5-4055-b437-8a2ebb04d3a0,btl_3b8fa74f-113d-4b7a-98ab-5772d5973e28,d22b423e-bda4-465f-8324-3a48e9657bf8,anon_61fa1cd7-2663-49dc-bbd1-e4510c96fa81,2026-03-09T21:21:00.452535+00:00,2026-03-09 21:21:00.452535+00:00,right,notch,notch::lvl-60.txt,original,original::lvl-7.txt,LEFT,loss,0.0,True,False,False,1,1,3.016,1,0,0,12,444.0,8.0,22.457830853995375,149.9730299828013,3,1,0,0,0,0,0,0,0,0
v_ca99a87d-07e8-4a48-8dd7-d321aedcc1f3,btl_5e4f4d28-666e-4867-a1af-8ed07a80b0b2,d22b423e-bda4-465f-8324-3a48e9657bf8,anon_61fa1cd7-2663-49dc-bbd1-e4510c96fa81,2026-03-09T21:20:07.859690+00:00,2026-03-09 21:20:07.859690+00:00,left,mariogan,mariogan::level_1.txt,patternOccur,patternOccur::lvl-42.txt,LEFT,win,1.0,True,False,False,1,1,6.85,5,0,2,26,982.0,8.0,36.1700659197499,280.7321577210175,14,1,0,0,0,0,0,0,0,0
v_ca99a87d-07e8-4a48-8dd7-d321aedcc1f3,btl_5e4f4d28-666e-4867-a1af-8ed07a80b0b2,d22b423e-bda4-465f-8324-3a48e9657bf8,anon_61fa1cd7-2663-49dc-bbd1-e4510c96fa81,2026-03-09T21:20:07.859690+00:00,2026-03-09 21:20:07.859690+00:00,right,patternOccur,patternOccur::lvl-42.txt,mariogan,mariogan::level_1.txt,LEFT,loss,0.0,True,False,False,1,1,8.533,10,1,0,33,439.0,8.0,42.47909873339007,153.13979881075323,29,1,0,0,0,0,0,0,0,0
v_e53e6aed-cd29-48e7-9e24-ae8298daa499,btl_fa7af639-0991-414b-882e-46069595ce12,d22b423e-bda4-465f-8324-3a48e9657bf8,anon_61fa1cd7-2663-49dc-bbd1-e4510c96fa81,2026-03-09T21:19:50.167623+00:00,2026-03-09 21:19:50.167623+00:00,left,hopper,hopper::lvl-34.txt,notchParamRand,notchParamRand::lvl-21.txt,LEFT,win,1.0,True,False,False,1,1,12.783,4,0,0,49,1019.0,8.0,16.59039329012525,301.5935988635511,11,1,0,0,0,0,0,0,0,0
v_e53e6aed-cd29-48e7-9e24-ae8298daa499,btl_fa7af639-0991-414b-882e-46069595ce12,d22b423e-bda4-465f-8324-3a48e9657bf8,anon_61fa1cd7-2663-49dc-bbd1-e4510c96fa81,2026-03-09T21:19:50.167623+00:00,2026-03-09 21:19:50.167623+00:00,right,notchParamRand,notchParamRand::lvl-21.txt,hopper,hopper::lvl-34.txt,LEFT,loss,0.0,True,False,True,0,0,10.867,10,0,0,41,3055.0,8.0,34.62090093682677,952.1137522709844,21,0,0,0,0,0,0,0,0,0
v_2ed2a1fc-0678-46e2-98a3-7c041be5be8d,btl_655227ef-d679-4665-a8b2-c86e60a24a5d,284e0043-d2d4-4a1f-9a28-4e1d60138cf0,anon_61fa1cd7-2663-49dc-bbd1-e4510c96fa81,2026-03-09T21:15:10.194235+00:00,2026-03-09 21:15:10.194235+00:00,left,mariogan,mariogan::level_24.txt,patternWeightCount,patternWeightCount::lvl-1.txt,LEFT,win,1.0,True,False,True,0,0,30.601,28,0,5,115,2639.0,8.0,34.05805118707801,831.8625679898599,61,0,0,0,0,0,0,0,0,0
v_2ed2a1fc-0678-46e2-98a3-7c041be5be8d,btl_655227ef-d679-4665-a8b2-c86e60a24a5d,284e0043-d2d4-4a1f-9a28-4e1d60138cf0,anon_61fa1cd7-2663-49dc-bbd1-e4510c96fa81,2026-03-09T21:15:10.194235+00:00,2026-03-09 21:15:10.194235+00:00,right,patternWeightCount,patternWeightCount::lvl-1.txt,mariogan,mariogan::level_24.txt,LEFT,loss,0.0,True,False,False,1,1,24.017,24,0,0,91,2027.0,8.0,41.52689530232265,599.4474981036551,74,1,0,0,0,0,0,0,0,0
v_fa24d254-3fa5-45d6-8cf3-6b5ca9214010,btl_e5c17e1b-3073-457c-aab7-80ee15de6c32,284e0043-d2d4-4a1f-9a28-4e1d60138cf0,anon_61fa1cd7-2663-49dc-bbd1-e4510c96fa81,2026-03-09T21:14:12.632688+00:00,2026-03-09 21:14:12.632688+00:00,left,notchParam,notchParam::lvl-69.txt,hopper,hopper::lvl-13.txt,RIGHT,loss,0.0,True,False,False,1,1,7.017,5,0,0,27,1212.0,8.0,23.622604319639475,392.5941299760254,10,1,0,0,0,0,0,0,0,0
v_fa24d254-3fa5-45d6-8cf3-6b5ca9214010,btl_e5c17e1b-3073-457c-aab7-80ee15de6c32,284e0043-d2d4-4a1f-9a28-4e1d60138cf0,anon_61fa1cd7-2663-49dc-bbd1-e4510c96fa81,2026-03-09T21:14:12.632688+00:00,2026-03-09 21:14:12.632688+00:00,right,hopper,hopper::lvl-13.txt,notchParam,notchParam::lvl-69.txt,RIGHT,win,1.0,True,False,False,1,1,5.95,5,0,0,23,1285.0,8.0,25.774652339335457,432.9125828014544,12,1,0,0,0,0,0,0,0,0
v_103dee6e-a90b-4fd7-9452-ffe3dd19fc31,btl_5cedfb13-99c8-4877-a9ee-4c09699f82b8,284e0043-d2d4-4a1f-9a28-4e1d60138cf0,anon_61fa1cd7-2663-49dc-bbd1-e4510c96fa81,2026-03-09T21:13:56.768811+00:00,2026-03-09 21:13:56.768811+00:00,left,original,original::lvl-13.txt,ore,ore::lvl-49.txt,LEFT,win,1.0,True,False,False,1,1,21.933,24,14,0,82,1865.0,24.0,59.29631978090871,479.23331964497385,64,1,0,0,0,0,0,0,0,0
v_103dee6e-a90b-4fd7-9452-ffe3dd19fc31,btl_5cedfb13-99c8-4877-a9ee-4c09699f82b8,284e0043-d2d4-4a1f-9a28-4e1d60138cf0,anon_61fa1cd7-2663-49dc-bbd1-e4510c96fa81,2026-03-09T21:13:56.768811+00:00,2026-03-09 21:13:56.768811+00:00,right,ore,ore::lvl-49.txt,original,original::lvl-13.txt,LEFT,loss,0.0,True,False,True,0,0,32.818,38,1,3,124,3078.0,8.0,53.58245612678243,871.4739238112259,85,0,0,0,0,0,0,0,0,0
v_ef3adb00-0284-41d8-97ca-ccd7bd50508f,btl_20fc7745-ecc6-41bf-9531-00de83364ef6,533a367f-6198-4416-bf0d-227c7ad68f33,anon_f6537df1-776d-4692-9d88-e5e324251f49,2026-03-09T21:04:52.424529+00:00,2026-03-09 21:04:52.424529+00:00,left,notchParam,notchParam::lvl-94.txt,original,original::lvl-11.txt,RIGHT,loss,0.0,True,False,False,1,1,5.317,3,0,0,21,1043.0,8.0,29.578750722960997,337.81292035829193,8,1,0,0,0,0,0,0,0,0
v_ef3adb00-0284-41d8-97ca-ccd7bd50508f,btl_20fc7745-ecc6-41bf-9531-00de83364ef6,533a367f-6198-4416-bf0d-227c7ad68f33,anon_f6537df1-776d-4692-9d88-e5e324251f49,2026-03-09T21:04:52.424529+00:00,2026-03-09 21:04:52.424529+00:00,right,original,original::lvl-11.txt,notchParam,notchParam::lvl-94.txt,RIGHT,win,1.0,True,False,False,1,1,6.883,8,2,0,26,662.0,8.0,39.470459330533686,183.6148730294829,21,1,0,0,0,0,0,0,0,0
v_89a5afb8-6d18-408b-af78-50661f90ac91,btl_61f6ca0b-9eb3-4469-a610-47d2d8b1d216,533a367f-6198-4416-bf0d-227c7ad68f33,anon_f6537df1-776d-4692-9d88-e5e324251f49,2026-03-09T21:04:37.802207+00:00,2026-03-09 21:04:37.802207+00:00,left,patternWeightCount,patternWeightCount::lvl-90.txt,notchParamRand,notchParamRand::lvl-66.txt,LEFT,win,1.0,True,False,False,1,1,43.718,43,1,0,165,2690.0,8.0,37.634092548469134,820.0791091764389,132,1,0,0,0,0,0,0,0,0
v_89a5afb8-6d18-408b-af78-50661f90ac91,btl_61f6ca0b-9eb3-4469-a610-47d2d8b1d216,533a367f-6198-4416-bf0d-227c7ad68f33,anon_f6537df1-776d-4692-9d88-e5e324251f49,2026-03-09T21:04:37.802207+00:00,2026-03-09 21:04:37.802207+00:00,right,notchParamRand,notchParamRand::lvl-66.txt,patternWeightCount,patternWeightCount::lvl-90.txt,LEFT,loss,0.0,True,False,False,1,1,10.883,7,0,0,41,1592.0,8.0,32.04536492918092,470.6871974407444,16,1,0,0,0,0,0,0,0,0
v_bea801fe-323f-48fe-82d4-804cddbd4781,btl_27500bc1-c13d-4393-94cc-f2445dec3bb6,533a367f-6198-4416-bf0d-227c7ad68f33,anon_f6537df1-776d-4692-9d88-e5e324251f49,2026-03-09T21:03:40.758238+00:00,2026-03-09 21:03:40.758238+00:00,left,notchParam,notchParam::lvl-4.txt,marioDiffusion,marioDiffusion::level_92.txt,LEFT,win,1.0,True,False,False,1,1,3.366,3,0,0,13,571.0,8.0,24.943011970366495,205.1740782040068,7,1,0,0,0,0,0,0,0,0
v_bea801fe-323f-48fe-82d4-804cddbd4781,btl_27500bc1-c13d-4393-94cc-f2445dec3bb6,533a367f-6198-4416-bf0d-227c7ad68f33,anon_f6537df1-776d-4692-9d88-e5e324251f49,2026-03-09T21:03:40.758238+00:00,2026-03-09 21:03:40.758238+00:00,right,marioDiffusion,marioDiffusion::level_92.txt,notchParam,notchParam::lvl-4.txt,LEFT,loss,0.0,True,False,False,1,1,0.684,0,0,0,3,11.0,8.0,75.07477753694793,1.4142135623730951,1,1,0,0,0,0,0,0,0,0
v_0b83aab3-fa11-48f6-9112-0ace0d896366,btl_628feb98-d339-4637-a931-c3b851d78fad,533a367f-6198-4416-bf0d-227c7ad68f33,anon_f6537df1-776d-4692-9d88-e5e324251f49,2026-03-09T21:03:34.604522+00:00,2026-03-09 21:03:34.604522+00:00,left,patternWeightCount,patternWeightCount::lvl-98.txt,patternOccur,patternOccur::lvl-20.txt,TIE,tie,0.5,True,False,False,1,1,7.784,9,0,0,29,716.0,8.0,37.959581734024894,236.05200055897717,28,1,0,0,0,0,0,0,0,0
v_0b83aab3-fa11-48f6-9112-0ace0d896366,btl_628feb98-d339-4637-a931-c3b851d78fad,533a367f-6198-4416-bf0d-227c7ad68f33,anon_f6537df1-776d-4692-9d88-e5e324251f49,2026-03-09T21:03:34.604522+00:00,2026-03-09 21:03:34.604522+00:00,right,patternOccur,patternOccur::lvl-20.txt,patternWeightCount,patternWeightCount::lvl-98.txt,TIE,tie,0.5,True,False,False,1,1,7.333,7,0,0,28,697.0,8.0,47.68829488865958,214.2931427283854,23,1,0,0,0,0,0,0,0,0
v_0ce17759-48ea-4c33-9de8-d2c4eb0287b2,btl_fa98a211-c203-4e9c-b25d-4c8e82acf6e5,533a367f-6198-4416-bf0d-227c7ad68f33,anon_f6537df1-776d-4692-9d88-e5e324251f49,2026-03-09T21:03:17.281099+00:00,2026-03-09 21:03:17.281099+00:00,left,original,original::lvl-14.txt,patternWeightCount,patternWeightCount::lvl-54.txt,LEFT,win,1.0,True,False,False,1,1,30.434,21,4,1,115,1798.0,24.0,28.187369303994533,507.1450521242812,49,1,0,0,0,0,0,0,0,0
v_0ce17759-48ea-4c33-9de8-d2c4eb0287b2,btl_fa98a211-c203-4e9c-b25d-4c8e82acf6e5,533a367f-6198-4416-bf0d-227c7ad68f33,anon_f6537df1-776d-4692-9d88-e5e324251f49,2026-03-09T21:03:17.281099+00:00,2026-03-09 21:03:17.281099+00:00,right,patternWeightCount,patternWeightCount::lvl-54.txt,original,original::lvl-14.txt,LEFT,loss,0.0,False,True,False,0,0,0.0,0,0,0,0,,,,,0,0,0,0,0,0,0,0,0,0
v_aa3ba048-b51d-4d81-88f1-dbe08d55d17c,btl_6f65ba66-b6de-4bee-8458-bd49f315ba80,533a367f-6198-4416-bf0d-227c7ad68f33,anon_f6537df1-776d-4692-9d88-e5e324251f49,2026-03-09T21:02:39.287407+00:00,2026-03-09 21:02:39.287407+00:00,left,genetic,genetic::lvl-55.txt,notch,notch::lvl-14.txt,LEFT,win,1.0,True,False,False,1,1,15.433,12,0,0,59,1200.0,8.0,29.33544319625711,419.67599778852394,26,1,0,0,0,0,0,0,0,0
v_aa3ba048-b51d-4d81-88f1-dbe08d55d17c,btl_6f65ba66-b6de-4bee-8458-bd49f315ba80,533a367f-6198-4416-bf0d-227c7ad68f33,anon_f6537df1-776d-4692-9d88-e5e324251f49,2026-03-09T21:02:39.287407+00:00,2026-03-09 21:02:39.287407+00:00,right,notch,notch::lvl-14.txt,genetic,genetic::lvl-55.txt,LEFT,loss,0.0,True,False,False,1,1,3.1,2,0,0,12,411.0,8.0,35.4185293627816,143.25586569336542,6,1,0,0,0,0,0,0,0,0
v_e4379fcf-27a0-410a-ad3d-b7cbe8cec622,btl_a0151c70-a5bb-4efe-b97e-e3e2087c54b4,533a367f-6198-4416-bf0d-227c7ad68f33,anon_f6537df1-776d-4692-9d88-e5e324251f49,2026-03-09T21:02:17.300853+00:00,2026-03-09 21:02:17.300853+00:00,left,hopper,hopper::lvl-90.txt,genetic,genetic::lvl-94.txt,RIGHT,loss,0.0,True,False,True,0,0,23.334,21,2,13,88,3096.0,8.0,51.7819799777222,872.9961053158795,68,0,0,0,0,0,0,0,0,0
v_e4379fcf-27a0-410a-ad3d-b7cbe8cec622,btl_a0151c70-a5bb-4efe-b97e-e3e2087c54b4,533a367f-6198-4416-bf0d-227c7ad68f33,anon_f6537df1-776d-4692-9d88-e5e324251f49,2026-03-09T21:02:17.300853+00:00,2026-03-09 21:02:17.300853+00:00,right,genetic,genetic::lvl-94.txt,hopper,hopper::lvl-90.txt,RIGHT,win,1.0,True,False,False,1,1,2.783,3,0,0,11,515.0,8.0,32.97883117675828,177.0959491535918,7,1,0,0,0,0,0,0,0,0
v_660a169f-52d6-434e-9473-69472766d48d,btl_370a2b90-4a0b-47eb-bde9-653ec5318132,533a367f-6198-4416-bf0d-227c7ad68f33,anon_f6537df1-776d-4692-9d88-e5e324251f49,2026-03-09T21:01:46.936104+00:00,2026-03-09 21:01:46.936104+00:00,left,notchParam,notchParam::lvl-76.txt,hopper,hopper::lvl-85.txt,LEFT,win,1.0,True,False,False,1,1,1.817,1,0,0,8,249.0,8.0,25.317977802344327,98.15986641698326,4,1,0,0,0,0,0,0,0,0
v_660a169f-52d6-434e-9473-69472766d48d,btl_370a2b90-4a0b-47eb-bde9-653ec5318132,533a367f-6198-4416-bf0d-227c7ad68f33,anon_f6537df1-776d-4692-9d88-e5e324251f49,2026-03-09T21:01:46.936104+00:00,2026-03-09 21:01:46.936104+00:00,right,hopper,hopper::lvl-85.txt,notchParam,notchParam::lvl-76.txt,LEFT,loss,0.0,True,False,False,1,1,2.367,2,0,0,10,498.0,8.0,25.04176511350588,173.86189921889155,6,1,0,0,0,0,0,0,0,0
v_635f8ed0-8038-4ec8-8cdb-74cb4ea5a75e,btl_0a499842-139d-4c64-a584-b6ecdddb61d3,533a367f-6198-4416-bf0d-227c7ad68f33,anon_f6537df1-776d-4692-9d88-e5e324251f49,2026-03-09T21:01:39.936942+00:00,2026-03-09 21:01:39.936942+00:00,left,genetic,genetic::lvl-54.txt,marioDiffusion,marioDiffusion::level_99.txt,LEFT,win,1.0,True,False,False,1,1,41.401,13,0,0,95,1586.0,0.0,38.63458471025762,663.0712078680547,27,1,0,0,0,0,0,0,0,0
v_635f8ed0-8038-4ec8-8cdb-74cb4ea5a75e,btl_0a499842-139d-4c64-a584-b6ecdddb61d3,533a367f-6198-4416-bf0d-227c7ad68f33,anon_f6537df1-776d-4692-9d88-e5e324251f49,2026-03-09T21:01:39.936942+00:00,2026-03-09 21:01:39.936942+00:00,right,marioDiffusion,marioDiffusion::level_99.txt,genetic,genetic::lvl-54.txt,LEFT,loss,0.0,True,False,False,1,1,0.717,0,0,0,3,8.0,8.0,75.07477753694793,0.0,1,1,0,0,0,0,0,0,0,0
v_bf6c0efd-9d3b-469b-90db-f7eb1766035a,btl_a41193a5-bf9d-4ff4-aa0d-d2db9ae76fb7,533a367f-6198-4416-bf0d-227c7ad68f33,anon_f6537df1-776d-4692-9d88-e5e324251f49,2026-03-09T21:00:51.422310+00:00,2026-03-09 21:00:51.422310+00:00,left,mariogpt,mariogpt::level_061.txt,mariodpo,mariodpo::mariodpo_nintendo_0065.txt,LEFT,win,1.0,True,False,False,1,1,14.951,13,0,1,57,430.0,8.0,55.20637015447133,122.80234577580103,31,1,0,0,0,0,0,0,0,0
v_bf6c0efd-9d3b-469b-90db-f7eb1766035a,btl_a41193a5-bf9d-4ff4-aa0d-d2db9ae76fb7,533a367f-6198-4416-bf0d-227c7ad68f33,anon_f6537df1-776d-4692-9d88-e5e324251f49,2026-03-09T21:00:51.422310+00:00,2026-03-09 21:00:51.422310+00:00,right,mariodpo,mariodpo::mariodpo_nintendo_0065.txt,mariogpt,mariogpt::level_061.txt,LEFT,loss,0.0,True,False,False,1,1,10.1,8,0,0,39,638.0,40.0,53.64578103155184,162.7928868144126,18,1,0,0,0,0,0,0,0,0
v_9b4c8da4-fb03-4b09-88b8-d697ba2dba39,btl_46ba164c-fcff-4610-9fc8-dee5fc38301a,533a367f-6198-4416-bf0d-227c7ad68f33,anon_f6537df1-776d-4692-9d88-e5e324251f49,2026-03-09T21:00:19.140225+00:00,2026-03-09 21:00:19.140225+00:00,left,patternWeightCount,patternWeightCount::lvl-84.txt,genetic,genetic::lvl-77.txt,RIGHT,loss,0.0,True,False,False,1,1,0.683,0,0,0,3,8.0,8.0,75.07477753694793,0.0,5,1,0,0,0,0,0,0,0,0
v_9b4c8da4-fb03-4b09-88b8-d697ba2dba39,btl_46ba164c-fcff-4610-9fc8-dee5fc38301a,533a367f-6198-4416-bf0d-227c7ad68f33,anon_f6537df1-776d-4692-9d88-e5e324251f49,2026-03-09T21:00:19.140225+00:00,2026-03-09 21:00:19.140225+00:00,right,genetic,genetic::lvl-77.txt,patternWeightCount,patternWeightCount::lvl-84.txt,RIGHT,win,1.0,True,False,True,0,0,14.084,16,0,0,54,2079.0,8.0,33.94292393191858,569.5760200294537,33,0,0,0,0,0,0,0,0,0
v_f52d2adf-dad4-41f9-8157-364e6655d0c0,btl_f8c0841a-f547-4cb3-8797-94fda23e24cd,533a367f-6198-4416-bf0d-227c7ad68f33,anon_f6537df1-776d-4692-9d88-e5e324251f49,2026-03-09T21:00:02.181491+00:00,2026-03-09 21:00:02.181491+00:00,left,genetic,genetic::lvl-77.txt,notchParam,notchParam::lvl-2.txt,LEFT,win,1.0,True,False,False,1,1,3.434,4,0,0,14,697.0,8.0,51.772461358351904,240.4767904282945,8,1,0,0,0,0,0,0,0,0
v_f52d2adf-dad4-41f9-8157-364e6655d0c0,btl_f8c0841a-f547-4cb3-8797-94fda23e24cd,533a367f-6198-4416-bf0d-227c7ad68f33,anon_f6537df1-776d-4692-9d88-e5e324251f49,2026-03-09T21:00:02.181491+00:00,2026-03-09 21:00:02.181491+00:00,right,notchParam,notchParam::lvl-2.txt,genetic,genetic::lvl-77.txt,LEFT,loss,0.0,True,False,False,1,1,3.367,2,0,0,13,814.0,8.0,26.863890988709258,277.358653164467,5,1,0,0,0,0,0,0,0,0
v_a56882d6-1a5d-4fbd-adec-93b527ceb96c,btl_766a4f6d-a389-4c95-9fad-2b84864ba5e2,533a367f-6198-4416-bf0d-227c7ad68f33,anon_f6537df1-776d-4692-9d88-e5e324251f49,2026-03-09T20:59:53.019732+00:00,2026-03-09 20:59:53.019732+00:00,left,notch,notch::lvl-51.txt,genetic,genetic::lvl-78.txt,RIGHT,loss,0.0,True,False,False,1,1,4.434,5,0,0,17,546.0,8.0,40.03674782584854,168.13997711167377,11,1,0,0,0,0,0,0,0,0
v_a56882d6-1a5d-4fbd-adec-93b527ceb96c,btl_766a4f6d-a389-4c95-9fad-2b84864ba5e2,533a367f-6198-4416-bf0d-227c7ad68f33,anon_f6537df1-776d-4692-9d88-e5e324251f49,2026-03-09T20:59:53.019732+00:00,2026-03-09 20:59:53.019732+00:00,right,genetic,genetic::lvl-78.txt,notch,notch::lvl-51.txt,RIGHT,win,1.0,True,False,False,1,1,4.516,4,1,0,18,1240.0,8.0,31.913511593402287,411.6262875683281,9,1,0,0,0,0,0,0,0,0
v_add016ba-3663-4a63-8ba3-2df4b5bff0fd,btl_43e02e79-05da-4382-9d65-f9e6b4c4906a,533a367f-6198-4416-bf0d-227c7ad68f33,anon_f6537df1-776d-4692-9d88-e5e324251f49,2026-03-09T20:59:41.681217+00:00,2026-03-09 20:59:41.681217+00:00,left,mariogan,mariogan::level_5.txt,patternOccur,patternOccur::lvl-25.txt,LEFT,win,1.0,True,False,False,1,1,13.484,5,0,0,40,806.0,8.0,31.43126429210254,226.81147319965982,12,1,0,0,0,0,0,0,0,0
v_add016ba-3663-4a63-8ba3-2df4b5bff0fd,btl_43e02e79-05da-4382-9d65-f9e6b4c4906a,533a367f-6198-4416-bf0d-227c7ad68f33,anon_f6537df1-776d-4692-9d88-e5e324251f49,2026-03-09T20:59:41.681217+00:00,2026-03-09 20:59:41.681217+00:00,right,patternOccur,patternOccur::lvl-25.txt,mariogan,mariogan::level_5.txt,LEFT,loss,0.0,True,False,False,1,1,1.967,1,0,0,8,126.0,8.0,28.666182166448326,46.22431719344267,5,1,0,0,0,0,0,0,0,0
v_27539847-da8c-46cd-9bdd-57d90379e81d,btl_daf96138-5609-458a-be34-ce08832773f4,533a367f-6198-4416-bf0d-227c7ad68f33,anon_f6537df1-776d-4692-9d88-e5e324251f49,2026-03-09T20:59:21.186295+00:00,2026-03-09 20:59:21.186295+00:00,left,patternWeightCount,patternWeightCount::lvl-31.txt,patternCount,patternCount::lvl-93.txt,LEFT,win,1.0,True,False,True,0,0,38.901,40,1,0,146,3102.0,8.0,35.51375675349598,744.7330465105157,96,0,0,0,0,0,0,0,0,0
v_27539847-da8c-46cd-9bdd-57d90379e81d,btl_daf96138-5609-458a-be34-ce08832773f4,533a367f-6198-4416-bf0d-227c7ad68f33,anon_f6537df1-776d-4692-9d88-e5e324251f49,2026-03-09T20:59:21.186295+00:00,2026-03-09 20:59:21.186295+00:00,right,patternCount,patternCount::lvl-93.txt,patternWeightCount,patternWeightCount::lvl-31.txt,LEFT,loss,0.0,True,False,False,1,1,0.716,0,0,0,3,8.0,8.0,75.07477753694793,0.0,8,1,0,0,0,0,0,0,0,0
v_76b4337d-4980-468e-80c9-918291f0d551,btl_33b33ceb-1e14-4f06-9260-4041320f46e5,533a367f-6198-4416-bf0d-227c7ad68f33,anon_f6537df1-776d-4692-9d88-e5e324251f49,2026-03-09T20:58:39.489817+00:00,2026-03-09 20:58:39.489817+00:00,left,patternWeightCount,patternWeightCount::lvl-3.txt,genetic,genetic::lvl-25.txt,LEFT,win,1.0,True,False,False,1,1,18.583,18,0,0,70,1354.0,8.0,32.42260801052379,402.23793750384476,53,1,0,0,0,0,0,0,0,0
v_76b4337d-4980-468e-80c9-918291f0d551,btl_33b33ceb-1e14-4f06-9260-4041320f46e5,533a367f-6198-4416-bf0d-227c7ad68f33,anon_f6537df1-776d-4692-9d88-e5e324251f49,2026-03-09T20:58:39.489817+00:00,2026-03-09 20:58:39.489817+00:00,right,genetic,genetic::lvl-25.txt,patternWeightCount,patternWeightCount::lvl-3.txt,LEFT,loss,0.0,True,False,False,1,1,5.534,5,0,0,21,1306.0,8.0,33.62950060077605,414.4522051883517,11,1,0,0,0,0,0,0,0,0
v_96e8953a-1f2f-4855-8868-4983944d19e6,btl_9bf8488a-2be9-4848-947f-c65fc61ccb0a,533a367f-6198-4416-bf0d-227c7ad68f33,anon_f6537df1-776d-4692-9d88-e5e324251f49,2026-03-09T20:58:10.007560+00:00,2026-03-09 20:58:10.007560+00:00,left,genetic,genetic::lvl-34.txt,notchParamRand,notchParamRand::lvl-85.txt,LEFT,win,1.0,True,False,True,0,0,16.017,13,2,0,60,2074.0,8.0,38.619723659751315,600.5513624069876,31,0,0,0,0,0,0,0,0,0
v_96e8953a-1f2f-4855-8868-4983944d19e6,btl_9bf8488a-2be9-4848-947f-c65fc61ccb0a,533a367f-6198-4416-bf0d-227c7ad68f33,anon_f6537df1-776d-4692-9d88-e5e324251f49,2026-03-09T20:58:10.007560+00:00,2026-03-09 20:58:10.007560+00:00,right,notchParamRand,notchParamRand::lvl-85.txt,genetic,genetic::lvl-34.txt,LEFT,loss,0.0,True,False,True,0,0,12.851,9,0,0,49,3091.0,8.0,29.34828698898521,918.2044191075527,18,0,0,0,0,0,0,0,0,0
v_59d62b31-efbb-40d9-97ec-41aa5c080d3e,btl_861a1796-af77-497c-87bb-23aeb6d9565b,533a367f-6198-4416-bf0d-227c7ad68f33,anon_f6537df1-776d-4692-9d88-e5e324251f49,2026-03-09T20:57:20.941829+00:00,2026-03-09 20:57:20.941829+00:00,left,patternCount,patternCount::lvl-83.txt,hopper,hopper::lvl-61.txt,RIGHT,loss,0.0,True,False,False,1,1,0.883,0,0,0,4,45.0,8.0,92.00373633717274,15.88238017426859,11,1,0,0,0,0,0,0,0,0
v_59d62b31-efbb-40d9-97ec-41aa5c080d3e,btl_861a1796-af77-497c-87bb-23aeb6d9565b,533a367f-6198-4416-bf0d-227c7ad68f33,anon_f6537df1-776d-4692-9d88-e5e324251f49,2026-03-09T20:57:20.941829+00:00,2026-03-09 20:57:20.941829+00:00,right,hopper,hopper::lvl-61.txt,patternCount,patternCount::lvl-83.txt,RIGHT,win,1.0,True,False,False,1,1,2.667,2,0,0,11,547.0,8.0,29.80792506522745,197.14847364653127,4,1,0,0,0,0,0,0,0,0
v_f2cdd9ba-59d1-4784-809e-15f142209a12,btl_39071b2a-e6f0-49d9-8177-d73e650e6727,533a367f-6198-4416-bf0d-227c7ad68f33,anon_f6537df1-776d-4692-9d88-e5e324251f49,2026-03-09T20:57:14.403458+00:00,2026-03-09 20:57:14.403458+00:00,left,marioDiffusion,marioDiffusion::level_34.txt,notchParam,notchParam::lvl-2.txt,RIGHT,loss,0.0,True,False,False,1,1,0.717,1,0,0,3,8.0,8.0,0.0,0.0,3,1,0,0,0,0,0,0,0,0
v_f2cdd9ba-59d1-4784-809e-15f142209a12,btl_39071b2a-e6f0-49d9-8177-d73e650e6727,533a367f-6198-4416-bf0d-227c7ad68f33,anon_f6537df1-776d-4692-9d88-e5e324251f49,2026-03-09T20:57:14.403458+00:00,2026-03-09 20:57:14.403458+00:00,right,notchParam,notchParam::lvl-2.txt,marioDiffusion,marioDiffusion::level_34.txt,RIGHT,win,1.0,True,False,False,1,1,3.8,2,0,0,15,847.0,8.0,26.216703750768428,287.2515428833915,5,1,0,0,0,0,0,0,0,0
v_6ec2fccf-3a2f-4e4c-8fcc-a6219a9e35d2,btl_6c12a970-055a-45a3-9bf6-ec7274aebbf5,533a367f-6198-4416-bf0d-227c7ad68f33,anon_f6537df1-776d-4692-9d88-e5e324251f49,2026-03-09T20:57:07.029166+00:00,2026-03-09 20:57:07.029166+00:00,left,notch,notch::lvl-94.txt,mariogan,mariogan::level_79.txt,LEFT,win,1.0,True,False,False,1,1,4.567,4,0,0,18,778.0,8.0,33.94735393968391,291.903057643678,9,1,0,0,0,0,0,0,0,0
v_6ec2fccf-3a2f-4e4c-8fcc-a6219a9e35d2,btl_6c12a970-055a-45a3-9bf6-ec7274aebbf5,533a367f-6198-4416-bf0d-227c7ad68f33,anon_f6537df1-776d-4692-9d88-e5e324251f49,2026-03-09T20:57:07.029166+00:00,2026-03-09 20:57:07.029166+00:00,right,mariogan,mariogan::level_79.txt,notch,notch::lvl-94.txt,LEFT,loss,0.0,True,False,False,1,1,11.25,11,0,0,43,1121.0,8.0,46.99382604467238,339.567373405729,22,1,0,0,0,0,0,0,0,0
v_4aaf1a6f-8c04-4dd7-92ef-ac6106884ed7,btl_47e19c5b-a720-4df9-b5b2-daea4540e928,533a367f-6198-4416-bf0d-227c7ad68f33,anon_f6537df1-776d-4692-9d88-e5e324251f49,2026-03-09T20:56:46.865087+00:00,2026-03-09 20:56:46.865087+00:00,left,patternWeightCount,patternWeightCount::lvl-3.txt,marioDiffusion,marioDiffusion::level_42.txt,LEFT,win,1.0,True,False,False,1,1,15.717,15,0,0,60,1137.0,8.0,38.29381658817634,364.17780455889033,41,1,0,0,0,0,0,0,0,0
v_4aaf1a6f-8c04-4dd7-92ef-ac6106884ed7,btl_47e19c5b-a720-4df9-b5b2-daea4540e928,533a367f-6198-4416-bf0d-227c7ad68f33,anon_f6537df1-776d-4692-9d88-e5e324251f49,2026-03-09T20:56:46.865087+00:00,2026-03-09 20:56:46.865087+00:00,right,marioDiffusion,marioDiffusion::level_42.txt,patternWeightCount,patternWeightCount::lvl-3.txt,LEFT,loss,0.0,True,False,False,1,1,0.717,0,0,0,3,8.0,8.0,75.07477753694793,0.0,1,1,0,0,0,0,0,0,0,0
v_50eeb605-4dbd-4b15-881d-3528a139c33f,btl_5e9543f3-b738-4589-b2a9-b4d524bc00ea,c74af2ab-6e83-4bd2-aaa7-5a3de1d9d4b6,anon_a9445e2d-8170-40b8-bfa3-9fdf5b9366fb,2026-03-09T09:09:46.664445+00:00,2026-03-09 09:09:46.664445+00:00,left,marioDiffusion,marioDiffusion::level_37.txt,patternWeightCount,patternWeightCount::lvl-85.txt,LEFT,win,1.0,True,False,False,1,1,8.451,10,1,0,32,780.0,8.0,43.70156917591747,263.4530744951319,23,1,0,0,0,0,0,0,0,0
v_50eeb605-4dbd-4b15-881d-3528a139c33f,btl_5e9543f3-b738-4589-b2a9-b4d524bc00ea,c74af2ab-6e83-4bd2-aaa7-5a3de1d9d4b6,anon_a9445e2d-8170-40b8-bfa3-9fdf5b9366fb,2026-03-09T09:09:46.664445+00:00,2026-03-09 09:09:46.664445+00:00,right,patternWeightCount,patternWeightCount::lvl-85.txt,marioDiffusion,marioDiffusion::level_37.txt,LEFT,loss,0.0,True,False,False,1,1,14.951,15,0,0,57,1100.0,8.0,45.415980282325926,364.8249608751604,47,1,0,0,0,0,0,0,0,0
v_6b91e4b8-5db9-40bc-866e-ba64aa147118,btl_06241808-effb-4a1e-b477-ef735eb03db6,c74af2ab-6e83-4bd2-aaa7-5a3de1d9d4b6,anon_a9445e2d-8170-40b8-bfa3-9fdf5b9366fb,2026-03-09T09:09:20.180443+00:00,2026-03-09 09:09:20.180443+00:00,left,hopper,hopper::lvl-42.txt,genetic,genetic::lvl-84.txt,LEFT,win,1.0,True,False,False,1,1,4.336,3,0,3,17,852.0,8.0,28.941654706713464,310.08561157394956,16,1,0,0,0,0,0,0,0,0
v_6b91e4b8-5db9-40bc-866e-ba64aa147118,btl_06241808-effb-4a1e-b477-ef735eb03db6,c74af2ab-6e83-4bd2-aaa7-5a3de1d9d4b6,anon_a9445e2d-8170-40b8-bfa3-9fdf5b9366fb,2026-03-09T09:09:20.180443+00:00,2026-03-09 09:09:20.180443+00:00,right,genetic,genetic::lvl-84.txt,hopper,hopper::lvl-42.txt,LEFT,loss,0.0,True,False,False,1,1,3.975,4,0,0,16,709.0,8.0,43.753392725593294,248.21811854697472,8,1,0,0,0,0,0,0,0,0
v_46b12304-c67b-45ae-b49d-8748bdce7749,btl_3c43cb90-e770-4ee5-a1c6-7c998ee8e94a,c74af2ab-6e83-4bd2-aaa7-5a3de1d9d4b6,anon_a9445e2d-8170-40b8-bfa3-9fdf5b9366fb,2026-03-09T09:09:08.968067+00:00,2026-03-09 09:09:08.968067+00:00,left,mariogpt,mariogpt::level_074.txt,patternCount,patternCount::lvl-75.txt,TIE,tie,0.5,True,False,False,1,1,8.807,5,2,0,33,123.0,0.0,40.807843283637176,27.849886204725536,13,1,0,0,0,0,0,0,0,0
v_46b12304-c67b-45ae-b49d-8748bdce7749,btl_3c43cb90-e770-4ee5-a1c6-7c998ee8e94a,c74af2ab-6e83-4bd2-aaa7-5a3de1d9d4b6,anon_a9445e2d-8170-40b8-bfa3-9fdf5b9366fb,2026-03-09T09:09:08.968067+00:00,2026-03-09 09:09:08.968067+00:00,right,patternCount,patternCount::lvl-75.txt,mariogpt,mariogpt::level_074.txt,TIE,tie,0.5,True,False,False,1,1,0.718,0,0,0,3,8.0,8.0,75.07477753694793,0.0,8,1,0,0,0,0,0,0,0,0
v_0bb0f4b1-4f15-4bf8-9a6d-2580e8bcb81a,btl_4deafca9-ac71-46b9-b931-d97425b09c37,c74af2ab-6e83-4bd2-aaa7-5a3de1d9d4b6,anon_a9445e2d-8170-40b8-bfa3-9fdf5b9366fb,2026-03-09T09:08:56.399158+00:00,2026-03-09 09:08:56.399158+00:00,left,genetic,genetic::lvl-70.txt,mariogpt,mariogpt::level_041.txt,TIE,tie,0.5,True,False,False,1,1,7.54,5,0,0,29,1833.0,8.0,24.504070374586977,599.2580271597027,10,1,0,0,0,0,0,0,0,0
v_0bb0f4b1-4f15-4bf8-9a6d-2580e8bcb81a,btl_4deafca9-ac71-46b9-b931-d97425b09c37,c74af2ab-6e83-4bd2-aaa7-5a3de1d9d4b6,anon_a9445e2d-8170-40b8-bfa3-9fdf5b9366fb,2026-03-09T09:08:56.399158+00:00,2026-03-09 09:08:56.399158+00:00,right,mariogpt,mariogpt::level_041.txt,genetic,genetic::lvl-70.txt,TIE,tie,0.5,True,False,False,1,1,0.082,0,0,0,1,8.0,8.0,0.0,0.0,2,1,0,0,0,0,0,0,0,0
v_c3b3bc81-f2b3-47c3-884d-292ebc563162,btl_3a7bc7d0-9f44-40cc-8e55-7a7c1ab7c0e7,cf8ccb02-2377-49f4-b218-62abb38dcd89,anon_376d7289-fc63-4549-9336-2b8703819566,2026-03-07T11:59:43.642664+00:00,2026-03-07 11:59:43.642664+00:00,left,patternCount,patternCount::lvl-68.txt,marioDiffusion,marioDiffusion::level_78.txt,RIGHT,loss,0.0,True,False,False,1,1,23.411,25,0,0,88,1376.0,8.0,34.99607415999072,429.52282949072566,81,1,0,0,0,0,0,0,0,0
v_c3b3bc81-f2b3-47c3-884d-292ebc563162,btl_3a7bc7d0-9f44-40cc-8e55-7a7c1ab7c0e7,cf8ccb02-2377-49f4-b218-62abb38dcd89,anon_376d7289-fc63-4549-9336-2b8703819566,2026-03-07T11:59:43.642664+00:00,2026-03-07 11:59:43.642664+00:00,right,marioDiffusion,marioDiffusion::level_78.txt,patternCount,patternCount::lvl-68.txt,RIGHT,win,1.0,True,False,False,1,1,8.413,2,0,0,32,1068.0,8.0,62.777190013073216,302.38083751857937,4,1,0,0,0,0,0,0,0,0
v_99779315-2f66-406a-8e6b-ecc40f5b40b7,btl_42302f0a-587b-4fef-a714-ade53d1a500f,8dcf87bc-e427-471d-ab63-12cd43872380,anon_376d7289-fc63-4549-9336-2b8703819566,2026-03-07T08:00:59.094940+00:00,2026-03-07 08:00:59.094940+00:00,left,marioDiffusion,marioDiffusion::level_37.txt,original,original::lvl-8.txt,LEFT,win,1.0,True,False,False,1,1,13.118,17,1,0,50,2296.0,8.0,44.68970798741026,727.892585756992,35,1,0,0,0,0,0,0,0,0
v_99779315-2f66-406a-8e6b-ecc40f5b40b7,btl_42302f0a-587b-4fef-a714-ade53d1a500f,8dcf87bc-e427-471d-ab63-12cd43872380,anon_376d7289-fc63-4549-9336-2b8703819566,2026-03-07T08:00:59.094940+00:00,2026-03-07 08:00:59.094940+00:00,right,original,original::lvl-8.txt,marioDiffusion,marioDiffusion::level_37.txt,LEFT,loss,0.0,True,False,True,0,0,12.68,9,0,0,48,2921.0,8.0,25.16445044049685,910.3140026020326,19,0,0,0,0,0,0,0,0,0
v_02a33874-3377-4146-9e8b-9fd031301031,btl_f5a6602c-e2f1-4a4f-9af6-c68028c70a09,59eba33b-077e-4e2e-950d-1aef95f94b97,anon_a9445e2d-8170-40b8-bfa3-9fdf5b9366fb,2026-03-06T13:50:09.161794+00:00,2026-03-06 13:50:09.161794+00:00,left,patternOccur,patternOccur::lvl-94.txt,genetic,genetic::lvl-26.txt,LEFT,win,1.0,True,False,False,1,1,14.503,10,0,0,55,581.0,8.0,32.51128729615135,154.12877947079522,26,1,0,0,0,0,0,0,0,0
v_02a33874-3377-4146-9e8b-9fd031301031,btl_f5a6602c-e2f1-4a4f-9af6-c68028c70a09,59eba33b-077e-4e2e-950d-1aef95f94b97,anon_a9445e2d-8170-40b8-bfa3-9fdf5b9366fb,2026-03-06T13:50:09.161794+00:00,2026-03-06 13:50:09.161794+00:00,right,genetic,genetic::lvl-26.txt,patternOccur,patternOccur::lvl-94.txt,LEFT,loss,0.0,True,False,False,1,1,1.931,0,0,0,8,236.0,8.0,8.59869176095992,80.96671769931149,1,1,0,0,0,0,0,0,0,0
v_6d0a79f9-29ac-44d2-9260-0c50e4f85512,btl_5ab88caa-8ecb-46d8-8962-d44b61eff830,59eba33b-077e-4e2e-950d-1aef95f94b97,anon_a9445e2d-8170-40b8-bfa3-9fdf5b9366fb,2026-03-06T13:49:48.956460+00:00,2026-03-06 13:49:48.956460+00:00,left,mariogan,mariogan::level_77.txt,mariodpo,mariodpo::mariodpo_nintendo_0070.txt,RIGHT,loss,0.0,True,False,False,1,1,0.673,0,0,0,3,8.0,8.0,0.0,0.0,2,1,0,0,0,0,0,0,0,0
v_6d0a79f9-29ac-44d2-9260-0c50e4f85512,btl_5ab88caa-8ecb-46d8-8962-d44b61eff830,59eba33b-077e-4e2e-950d-1aef95f94b97,anon_a9445e2d-8170-40b8-bfa3-9fdf5b9366fb,2026-03-06T13:49:48.956460+00:00,2026-03-06 13:49:48.956460+00:00,right,mariodpo,mariodpo::mariodpo_nintendo_0070.txt,mariogan,mariogan::level_77.txt,RIGHT,win,1.0,True,False,False,1,1,25.742,20,1,1,97,1350.0,40.0,43.22062622890444,417.8564077148768,48,1,0,0,0,0,0,0,0,0
v_86eee4e6-fcaf-49a8-a63e-7d7462f5d7c0,btl_2ce7f517-0b1a-4163-9aa3-2dea798594c5,7af56605-48bc-4088-8a57-4b6a404d5a44,anon_a9445e2d-8170-40b8-bfa3-9fdf5b9366fb,2026-03-06T11:06:33.316437+00:00,2026-03-06 11:06:33.316437+00:00,left,patternOccur,patternOccur::lvl-58.txt,genetic,genetic::lvl-25.txt,TIE,tie,0.5,True,False,False,1,1,22.705,26,1,0,85,1390.0,8.0,36.28358127164674,438.05932037349686,72,1,0,0,0,0,0,0,0,0
v_86eee4e6-fcaf-49a8-a63e-7d7462f5d7c0,btl_2ce7f517-0b1a-4163-9aa3-2dea798594c5,7af56605-48bc-4088-8a57-4b6a404d5a44,anon_a9445e2d-8170-40b8-bfa3-9fdf5b9366fb,2026-03-06T11:06:33.316437+00:00,2026-03-06 11:06:33.316437+00:00,right,genetic,genetic::lvl-25.txt,patternOccur,patternOccur::lvl-58.txt,TIE,tie,0.5,True,False,True,0,0,11.009,9,0,0,42,2050.0,8.0,32.61011347931476,614.7428734467076,20,0,0,0,0,0,0,0,0,0
v_649cbe78-5a28-4c63-8ff1-5fca577dca96,btl_f6f47893-685f-4f76-bc81-c385aec9cad0,7af56605-48bc-4088-8a57-4b6a404d5a44,anon_a9445e2d-8170-40b8-bfa3-9fdf5b9366fb,2026-03-06T11:05:56.375389+00:00,2026-03-06 11:05:56.375389+00:00,left,ore,ore::lvl-55.txt,mariogpt,mariogpt::level_073.txt,RIGHT,loss,0.0,True,False,False,1,1,9.448,13,0,0,36,991.0,8.0,43.33898645461821,325.02801398732265,30,1,0,0,0,0,0,0,0,0
v_649cbe78-5a28-4c63-8ff1-5fca577dca96,btl_f6f47893-685f-4f76-bc81-c385aec9cad0,7af56605-48bc-4088-8a57-4b6a404d5a44,anon_a9445e2d-8170-40b8-bfa3-9fdf5b9366fb,2026-03-06T11:05:56.375389+00:00,2026-03-06 11:05:56.375389+00:00,right,mariogpt,mariogpt::level_073.txt,ore,ore::lvl-55.txt,RIGHT,win,1.0,True,False,True,0,0,83.577,67,17,9,312,2362.0,8.0,39.56110919762925,604.3788636318947,195,0,0,0,0,0,0,0,0,0
v_f7d5960b-fea5-484e-8aef-9ce6ad88b06d,btl_802a93ea-2253-406c-b4db-2a7aca9c105e,7af56605-48bc-4088-8a57-4b6a404d5a44,anon_a9445e2d-8170-40b8-bfa3-9fdf5b9366fb,2026-03-06T11:04:20.266781+00:00,2026-03-06 11:04:20.266781+00:00,left,patternOccur,patternOccur::lvl-66.txt,hopper,hopper::lvl-23.txt,RIGHT,loss,0.0,True,False,False,1,1,6.774,6,1,0,26,232.0,0.0,37.937682473752794,71.42460956890842,19,1,0,0,0,0,0,0,0,0
v_f7d5960b-fea5-484e-8aef-9ce6ad88b06d,btl_802a93ea-2253-406c-b4db-2a7aca9c105e,7af56605-48bc-4088-8a57-4b6a404d5a44,anon_a9445e2d-8170-40b8-bfa3-9fdf5b9366fb,2026-03-06T11:04:20.266781+00:00,2026-03-06 11:04:20.266781+00:00,right,hopper,hopper::lvl-23.txt,patternOccur,patternOccur::lvl-66.txt,RIGHT,win,1.0,True,False,True,0,0,17.105,18,0,1,65,3136.0,8.0,50.74191806111304,925.44875613763,40,0,0,0,0,0,0,0,0,0
v_21e82e06-0797-4051-b23b-2a7c46ab01ef,btl_95b03bae-0dc1-4494-89c1-b9ceb07f7980,7af56605-48bc-4088-8a57-4b6a404d5a44,anon_a9445e2d-8170-40b8-bfa3-9fdf5b9366fb,2026-03-06T11:03:54.840871+00:00,2026-03-06 11:03:54.840871+00:00,left,genetic,genetic::lvl-51.txt,patternWeightCount,patternWeightCount::lvl-79.txt,RIGHT,loss,0.0,True,False,False,1,1,9.976,11,0,0,38,1546.0,8.0,33.27647967743871,435.9494875311478,23,1,0,0,0,0,0,0,0,0
v_21e82e06-0797-4051-b23b-2a7c46ab01ef,btl_95b03bae-0dc1-4494-89c1-b9ceb07f7980,7af56605-48bc-4088-8a57-4b6a404d5a44,anon_a9445e2d-8170-40b8-bfa3-9fdf5b9366fb,2026-03-06T11:03:54.840871+00:00,2026-03-06 11:03:54.840871+00:00,right,patternWeightCount,patternWeightCount::lvl-79.txt,genetic,genetic::lvl-51.txt,RIGHT,win,1.0,True,False,False,1,1,9.152,10,1,0,35,660.0,8.0,62.17687738727841,219.24677364810194,27,1,0,0,0,0,0,0,0,0
v_5410703b-baf8-4820-81a5-bca6b1d18ba5,btl_bd747891-9e59-4103-baae-83ec11306dca,5fd0667a-664c-415f-b603-e0daedf6462d,anon_a9445e2d-8170-40b8-bfa3-9fdf5b9366fb,2026-03-05T10:51:42.821140+00:00,2026-03-05 10:51:42.821140+00:00,left,marioDiffusion,marioDiffusion::level_51.txt,original,original::lvl-3.txt,TIE,tie,0.5,True,False,False,1,1,25.05,28,7,1,95,2756.0,8.0,45.986810104649656,892.3728270700956,64,1,0,0,0,0,0,0,0,0
v_5410703b-baf8-4820-81a5-bca6b1d18ba5,btl_bd747891-9e59-4103-baae-83ec11306dca,5fd0667a-664c-415f-b603-e0daedf6462d,anon_a9445e2d-8170-40b8-bfa3-9fdf5b9366fb,2026-03-05T10:51:42.821140+00:00,2026-03-05 10:51:42.821140+00:00,right,original,original::lvl-3.txt,marioDiffusion,marioDiffusion::level_51.txt,TIE,tie,0.5,True,False,False,1,1,8.88,7,2,1,34,833.0,8.0,59.13880949873218,251.81930585792693,18,1,0,0,0,0,0,0,0,0
v_6c1d5063-5220-419d-acf1-7deee938736f,btl_6b224650-1771-4f0b-b5e7-9d8c109b33e0,5fd0667a-664c-415f-b603-e0daedf6462d,anon_a9445e2d-8170-40b8-bfa3-9fdf5b9366fb,2026-03-05T10:51:04.398484+00:00,2026-03-05 10:51:04.398484+00:00,left,patternOccur,patternOccur::lvl-64.txt,genetic,genetic::lvl-19.txt,RIGHT,loss,0.0,True,False,False,1,1,3.182,3,1,0,13,52.0,8.0,33.42163845713976,15.206274008802065,10,1,0,0,0,0,0,0,0,0
v_6c1d5063-5220-419d-acf1-7deee938736f,btl_6b224650-1771-4f0b-b5e7-9d8c109b33e0,5fd0667a-664c-415f-b603-e0daedf6462d,anon_a9445e2d-8170-40b8-bfa3-9fdf5b9366fb,2026-03-05T10:51:04.398484+00:00,2026-03-05 10:51:04.398484+00:00,right,genetic,genetic::lvl-19.txt,patternOccur,patternOccur::lvl-64.txt,RIGHT,win,1.0,True,False,False,1,1,2.081,1,0,0,8,368.0,8.0,20.35773808653604,132.70968078855438,2,1,0,0,0,0,0,0,0,0
v_1cc16222-0c46-4d51-a62b-3765068b84e2,btl_44aaff2d-5b52-437b-8afe-99695e9095c7,5fd0667a-664c-415f-b603-e0daedf6462d,anon_a9445e2d-8170-40b8-bfa3-9fdf5b9366fb,2026-03-05T10:50:55.982411+00:00,2026-03-05 10:50:55.982411+00:00,left,notchParamRand,notchParamRand::lvl-57.txt,genetic,genetic::lvl-40.txt,LEFT,win,1.0,True,False,False,1,1,3.97,4,0,0,16,743.0,8.0,50.5011989337877,256.9072592274302,9,1,0,0,0,0,0,0,0,0
v_1cc16222-0c46-4d51-a62b-3765068b84e2,btl_44aaff2d-5b52-437b-8afe-99695e9095c7,5fd0667a-664c-415f-b603-e0daedf6462d,anon_a9445e2d-8170-40b8-bfa3-9fdf5b9366fb,2026-03-05T10:50:55.982411+00:00,2026-03-05 10:50:55.982411+00:00,right,genetic,genetic::lvl-40.txt,notchParamRand,notchParamRand::lvl-57.txt,LEFT,loss,0.0,True,False,True,0,0,8.914,8,0,0,34,2027.0,8.0,31.295112766133034,587.5274395417911,16,0,0,0,0,0,0,0,0,0
v_cbe6feb9-f50f-4e6e-831b-b8c4ca488a71,btl_406b7c00-97de-40ae-b50e-f9aab920208e,5fd0667a-664c-415f-b603-e0daedf6462d,anon_a9445e2d-8170-40b8-bfa3-9fdf5b9366fb,2026-03-05T10:50:39.226222+00:00,2026-03-05 10:50:39.226222+00:00,left,marioDiffusion,marioDiffusion::level_50.txt,notchParam,notchParam::lvl-12.txt,LEFT,win,1.0,True,False,False,1,1,4.915,4,0,0,19,317.0,8.0,32.208548270877586,99.56169873980495,9,1,0,0,0,0,0,0,0,0
v_cbe6feb9-f50f-4e6e-831b-b8c4ca488a71,btl_406b7c00-97de-40ae-b50e-f9aab920208e,5fd0667a-664c-415f-b603-e0daedf6462d,anon_a9445e2d-8170-40b8-bfa3-9fdf5b9366fb,2026-03-05T10:50:39.226222+00:00,2026-03-05 10:50:39.226222+00:00,right,notchParam,notchParam::lvl-12.txt,marioDiffusion,marioDiffusion::level_50.txt,LEFT,loss,0.0,True,False,False,1,1,1.981,2,0,0,8,242.0,0.0,21.391806258471956,87.60056720706778,5,1,0,0,0,0,0,0,0,0
v_1f6d5236-dbf0-4058-9b2a-9594de8d52ec,btl_ac8d7699-2dee-4e14-b53a-a866207d6584,5fd0667a-664c-415f-b603-e0daedf6462d,anon_a9445e2d-8170-40b8-bfa3-9fdf5b9366fb,2026-03-05T10:50:29.472196+00:00,2026-03-05 10:50:29.472196+00:00,left,patternWeightCount,patternWeightCount::lvl-90.txt,mariogan,mariogan::level_75.txt,TIE,tie,0.5,True,False,False,1,1,10.377,10,0,0,40,854.0,8.0,38.48714070959286,233.0740212357439,29,1,0,0,0,0,0,0,0,0
v_1f6d5236-dbf0-4058-9b2a-9594de8d52ec,btl_ac8d7699-2dee-4e14-b53a-a866207d6584,5fd0667a-664c-415f-b603-e0daedf6462d,anon_a9445e2d-8170-40b8-bfa3-9fdf5b9366fb,2026-03-05T10:50:29.472196+00:00,2026-03-05 10:50:29.472196+00:00,right,mariogan,mariogan::level_75.txt,patternWeightCount,patternWeightCount::lvl-90.txt,TIE,tie,0.5,True,False,True,0,0,22.511,25,0,2,85,2636.0,1.0,42.66112384700235,824.7212840720093,55,0,0,0,0,0,0,0,0,0
v_e2a079c8-ea17-476e-9001-3fb8c96c3aab,btl_3c33e3fc-7221-461c-982f-904dcc0a8d2e,4272d5ba-7d32-4d99-9abb-d5bc9d567fa1,anon_a00e1100-2bc1-4b5e-8974-592f8986ad1e,2026-03-04T20:18:10.595676+00:00,2026-03-04 20:18:10.595676+00:00,left,notch,notch::lvl-79.txt,hopper,hopper::lvl-89.txt,LEFT,win,1.0,True,False,False,1,1,14.2,17,0,0,53,1743.0,8.0,44.39056888472569,479.6291249951465,36,1,0,0,0,0,0,0,0,0
v_e2a079c8-ea17-476e-9001-3fb8c96c3aab,btl_3c33e3fc-7221-461c-982f-904dcc0a8d2e,4272d5ba-7d32-4d99-9abb-d5bc9d567fa1,anon_a00e1100-2bc1-4b5e-8974-592f8986ad1e,2026-03-04T20:18:10.595676+00:00,2026-03-04 20:18:10.595676+00:00,right,hopper,hopper::lvl-89.txt,notch,notch::lvl-79.txt,LEFT,loss,0.0,True,False,False,1,1,5.134,5,0,1,20,1235.0,8.0,36.335106990347505,400.7920252450141,15,1,0,0,0,0,0,0,0,0
v_6ce9a3e1-d7e2-47ca-947d-457f149681ee,btl_d5df16ec-9d77-44ae-b1e1-47237f7349b5,4272d5ba-7d32-4d99-9abb-d5bc9d567fa1,anon_a00e1100-2bc1-4b5e-8974-592f8986ad1e,2026-03-04T20:17:46.487907+00:00,2026-03-04 20:17:46.487907+00:00,left,notchParamRand,notchParamRand::lvl-83.txt,patternCount,patternCount::lvl-42.txt,TIE,tie,0.5,True,False,False,1,1,15.15,18,3,2,55,1938.0,8.0,37.37079780959486,609.2509922603721,46,1,0,0,0,0,0,0,0,0
v_6ce9a3e1-d7e2-47ca-947d-457f149681ee,btl_d5df16ec-9d77-44ae-b1e1-47237f7349b5,4272d5ba-7d32-4d99-9abb-d5bc9d567fa1,anon_a00e1100-2bc1-4b5e-8974-592f8986ad1e,2026-03-04T20:17:46.487907+00:00,2026-03-04 20:17:46.487907+00:00,right,patternCount,patternCount::lvl-42.txt,notchParamRand,notchParamRand::lvl-83.txt,TIE,tie,0.5,True,False,False,1,1,22.5,25,1,0,85,1372.0,8.0,33.95493451406837,439.9937033207836,84,1,0,0,0,0,0,0,0,0
v_715bfe6e-0570-43f9-bed7-a5224fdb92e7,btl_9aad6d3f-2f00-4f37-9507-ea75321320df,4272d5ba-7d32-4d99-9abb-d5bc9d567fa1,anon_a00e1100-2bc1-4b5e-8974-592f8986ad1e,2026-03-04T20:17:05.813252+00:00,2026-03-04 20:17:05.813252+00:00,left,genetic,genetic::lvl-90.txt,hopper,hopper::lvl-92.txt,LEFT,win,1.0,True,False,True,0,0,9.884,6,0,0,38,2062.0,8.0,25.218106760565068,610.8966413160177,12,0,0,0,0,0,0,0,0,0
v_715bfe6e-0570-43f9-bed7-a5224fdb92e7,btl_9aad6d3f-2f00-4f37-9507-ea75321320df,4272d5ba-7d32-4d99-9abb-d5bc9d567fa1,anon_a00e1100-2bc1-4b5e-8974-592f8986ad1e,2026-03-04T20:17:05.813252+00:00,2026-03-04 20:17:05.813252+00:00,right,hopper,hopper::lvl-92.txt,genetic,genetic::lvl-90.txt,LEFT,loss,0.0,True,False,False,1,1,6.3,7,0,0,24,1464.0,8.0,25.556989694058693,474.5724098830675,19,1,0,0,0,0,0,0,0,0
v_2a007057-26be-45d9-9c03-057c12eb5a95,btl_50a94b81-9910-470c-9c3e-1c39b8ea8dc7,4272d5ba-7d32-4d99-9abb-d5bc9d567fa1,anon_a00e1100-2bc1-4b5e-8974-592f8986ad1e,2026-03-04T20:16:46.841112+00:00,2026-03-04 20:16:46.841112+00:00,left,patternWeightCount,patternWeightCount::lvl-79.txt,genetic,genetic::lvl-98.txt,TIE,tie,0.5,True,False,False,1,1,6.95,8,1,0,27,444.0,8.0,53.81727454805307,143.02326496408776,22,1,0,0,0,0,0,0,0,0
v_2a007057-26be-45d9-9c03-057c12eb5a95,btl_50a94b81-9910-470c-9c3e-1c39b8ea8dc7,4272d5ba-7d32-4d99-9abb-d5bc9d567fa1,anon_a00e1100-2bc1-4b5e-8974-592f8986ad1e,2026-03-04T20:16:46.841112+00:00,2026-03-04 20:16:46.841112+00:00,right,genetic,genetic::lvl-98.txt,patternWeightCount,patternWeightCount::lvl-79.txt,TIE,tie,0.5,True,False,True,0,0,9.167,8,1,0,35,2047.0,8.0,32.839249786354934,633.2211697313337,17,0,0,0,0,0,0,0,0,0
v_158fee51-15dd-443c-8c4d-91be9d9f940c,btl_c059c591-ba8c-47ab-88c6-ec43426a0495,4272d5ba-7d32-4d99-9abb-d5bc9d567fa1,anon_a00e1100-2bc1-4b5e-8974-592f8986ad1e,2026-03-04T20:16:26.615110+00:00,2026-03-04 20:16:26.615110+00:00,left,notch,notch::lvl-78.txt,notchParamRand,notchParamRand::lvl-16.txt,LEFT,win,1.0,True,False,False,1,1,2.117,1,0,0,9,395.0,8.0,30.207104061834016,147.67063785313118,3,1,0,0,0,0,0,0,0,0
v_158fee51-15dd-443c-8c4d-91be9d9f940c,btl_c059c591-ba8c-47ab-88c6-ec43426a0495,4272d5ba-7d32-4d99-9abb-d5bc9d567fa1,anon_a00e1100-2bc1-4b5e-8974-592f8986ad1e,2026-03-04T20:16:26.615110+00:00,2026-03-04 20:16:26.615110+00:00,right,notchParamRand,notchParamRand::lvl-16.txt,notch,notch::lvl-78.txt,LEFT,loss,0.0,True,False,False,1,1,1.866,2,0,0,8,357.0,8.0,21.937054838788182,126.10207918587227,5,1,0,0,0,0,0,0,0,0
v_8a9a6596-8d2a-4126-bbd1-ce702e89240e,btl_012231b4-2031-4c96-aa36-846f07639a10,4272d5ba-7d32-4d99-9abb-d5bc9d567fa1,anon_a00e1100-2bc1-4b5e-8974-592f8986ad1e,2026-03-04T20:16:19.585854+00:00,2026-03-04 20:16:19.585854+00:00,left,mariodpo,mariodpo::mariodpo_nintendo_0081.txt,ore,ore::lvl-40.txt,TIE,tie,0.5,True,False,False,1,1,1.367,1,0,0,6,238.0,40.0,22.946798372660957,74.28249382518663,4,1,0,0,0,0,0,0,0,0
v_8a9a6596-8d2a-4126-bbd1-ce702e89240e,btl_012231b4-2031-4c96-aa36-846f07639a10,4272d5ba-7d32-4d99-9abb-d5bc9d567fa1,anon_a00e1100-2bc1-4b5e-8974-592f8986ad1e,2026-03-04T20:16:19.585854+00:00,2026-03-04 20:16:19.585854+00:00,right,ore,ore::lvl-40.txt,mariodpo,mariodpo::mariodpo_nintendo_0081.txt,TIE,tie,0.5,True,False,False,1,1,8.134,7,0,3,31,915.0,0.0,27.442532898088018,284.7183868904619,19,1,0,0,0,0,0,0,0,0
v_99ef039f-f530-4656-969a-2653f8d89386,btl_8a35c049-223b-458c-b32c-6e27da7fce8e,4272d5ba-7d32-4d99-9abb-d5bc9d567fa1,anon_a00e1100-2bc1-4b5e-8974-592f8986ad1e,2026-03-04T20:16:06.555822+00:00,2026-03-04 20:16:06.555822+00:00,left,ore,ore::lvl-21.txt,genetic,genetic::lvl-33.txt,LEFT,win,1.0,True,False,False,1,1,8.533,3,0,0,33,81.0,8.0,5.810601122039702,24.218055934395437,7,1,0,0,0,0,0,0,0,0
v_99ef039f-f530-4656-969a-2653f8d89386,btl_8a35c049-223b-458c-b32c-6e27da7fce8e,4272d5ba-7d32-4d99-9abb-d5bc9d567fa1,anon_a00e1100-2bc1-4b5e-8974-592f8986ad1e,2026-03-04T20:16:06.555822+00:00,2026-03-04 20:16:06.555822+00:00,right,genetic,genetic::lvl-33.txt,ore,ore::lvl-21.txt,LEFT,loss,0.0,True,False,False,1,1,3.4,3,0,0,13,640.0,8.0,30.72342744686602,218.00317570022833,7,1,0,0,0,0,0,0,0,0
v_7dddb4b6-f233-43b0-a2af-b0db454bc436,btl_92b12b7e-02d6-4008-a8cb-5c82b4d946e1,4272d5ba-7d32-4d99-9abb-d5bc9d567fa1,anon_a00e1100-2bc1-4b5e-8974-592f8986ad1e,2026-03-04T20:15:51.447361+00:00,2026-03-04 20:15:51.447361+00:00,left,notchParam,notchParam::lvl-63.txt,mariodpo,mariodpo::mariodpo_nintendo_0020.txt,RIGHT,loss,0.0,True,False,True,0,0,17.85,18,0,2,68,3114.0,8.0,35.86263923268286,911.9001724554181,39,0,0,0,0,0,0,0,0,0
v_7dddb4b6-f233-43b0-a2af-b0db454bc436,btl_92b12b7e-02d6-4008-a8cb-5c82b4d946e1,4272d5ba-7d32-4d99-9abb-d5bc9d567fa1,anon_a00e1100-2bc1-4b5e-8974-592f8986ad1e,2026-03-04T20:15:51.447361+00:00,2026-03-04 20:15:51.447361+00:00,right,mariodpo,mariodpo::mariodpo_nintendo_0020.txt,notchParam,notchParam::lvl-63.txt,RIGHT,win,1.0,True,False,True,0,0,36.768,28,13,0,139,2429.0,40.0,36.667456346883014,723.4063630556582,79,0,0,0,0,0,0,0,0,0
v_796e56d3-c14c-47c6-9820-6cddb31c753e,btl_cb6c253b-8d5e-4adf-a3ca-e22ce0c5f46c,4272d5ba-7d32-4d99-9abb-d5bc9d567fa1,anon_a00e1100-2bc1-4b5e-8974-592f8986ad1e,2026-03-04T20:14:53.504713+00:00,2026-03-04 20:14:53.504713+00:00,left,notchParamRand,notchParamRand::lvl-67.txt,genetic,genetic::lvl-97.txt,RIGHT,loss,0.0,True,False,True,0,0,18.467,14,0,2,70,3105.0,8.0,31.181836680598373,923.8470503546458,31,0,0,0,0,0,0,0,0,0
v_796e56d3-c14c-47c6-9820-6cddb31c753e,btl_cb6c253b-8d5e-4adf-a3ca-e22ce0c5f46c,4272d5ba-7d32-4d99-9abb-d5bc9d567fa1,anon_a00e1100-2bc1-4b5e-8974-592f8986ad1e,2026-03-04T20:14:53.504713+00:00,2026-03-04 20:14:53.504713+00:00,right,genetic,genetic::lvl-97.txt,notchParamRand,notchParamRand::lvl-67.txt,RIGHT,win,1.0,True,False,False,1,1,6.484,6,0,0,25,1286.0,8.0,30.113757653272035,421.231174534839,13,1,0,0,0,0,0,0,0,0
v_6f27ec8b-1240-4db3-b20c-d6e764c31802,btl_a88c41f1-3816-4ca6-b3fe-2c03159dddc0,4272d5ba-7d32-4d99-9abb-d5bc9d567fa1,anon_a00e1100-2bc1-4b5e-8974-592f8986ad1e,2026-03-04T20:14:25.522815+00:00,2026-03-04 20:14:25.522815+00:00,left,notchParamRand,notchParamRand::lvl-81.txt,patternWeightCount,patternWeightCount::lvl-74.txt,RIGHT,loss,0.0,True,False,False,1,1,3.35,2,0,0,13,165.0,8.0,21.670474555385752,54.55576377383737,5,1,0,0,0,0,0,0,0,0
v_6f27ec8b-1240-4db3-b20c-d6e764c31802,btl_a88c41f1-3816-4ca6-b3fe-2c03159dddc0,4272d5ba-7d32-4d99-9abb-d5bc9d567fa1,anon_a00e1100-2bc1-4b5e-8974-592f8986ad1e,2026-03-04T20:14:25.522815+00:00,2026-03-04 20:14:25.522815+00:00,right,patternWeightCount,patternWeightCount::lvl-74.txt,notchParamRand,notchParamRand::lvl-81.txt,RIGHT,win,1.0,True,False,False,1,1,11.634,12,1,0,44,635.0,8.0,35.31320896311644,194.27962270274426,31,1,0,0,0,0,0,0,0,0
v_2029788b-47b6-4892-b859-260eb7469333,btl_e9ce7884-82c4-4c9a-8602-a143a4f2b85c,fb74fc67-5bee-4288-be5e-f126e778aeb6,anon_a00e1100-2bc1-4b5e-8974-592f8986ad1e,2026-03-04T13:05:53.309466+00:00,2026-03-04 13:05:53.309466+00:00,left,mariodpo,mariodpo::mariodpo_nintendo_0111.txt,mariogpt,mariogpt::level_060.txt,RIGHT,loss,0.0,True,False,True,0,0,39.384,34,0,0,147,2525.0,40.0,53.49838838951891,798.1150577614214,76,0,0,0,0,0,0,0,0,0
v_2029788b-47b6-4892-b859-260eb7469333,btl_e9ce7884-82c4-4c9a-8602-a143a4f2b85c,fb74fc67-5bee-4288-be5e-f126e778aeb6,anon_a00e1100-2bc1-4b5e-8974-592f8986ad1e,2026-03-04T13:05:53.309466+00:00,2026-03-04 13:05:53.309466+00:00,right,mariogpt,mariogpt::level_060.txt,mariodpo,mariodpo::mariodpo_nintendo_0111.txt,RIGHT,win,1.0,True,False,True,0,0,28.601,21,2,2,108,2366.0,8.0,53.32524694355593,739.7777226134697,49,0,0,0,0,0,0,0,0,0
v_65717657-7efa-4c07-b42a-de50b8eefab6,btl_8e3c025a-fc22-493c-9ce3-452616dbc1df,fb74fc67-5bee-4288-be5e-f126e778aeb6,anon_a00e1100-2bc1-4b5e-8974-592f8986ad1e,2026-03-04T13:04:39.489478+00:00,2026-03-04 13:04:39.489478+00:00,left,genetic,genetic::lvl-27.txt,ore,ore::lvl-65.txt,RIGHT,loss,0.0,True,False,True,0,0,12.983,13,2,0,49,2036.0,8.0,25.684757908884098,580.8207423068477,28,0,0,0,0,0,0,0,0,0
v_65717657-7efa-4c07-b42a-de50b8eefab6,btl_8e3c025a-fc22-493c-9ce3-452616dbc1df,fb74fc67-5bee-4288-be5e-f126e778aeb6,anon_a00e1100-2bc1-4b5e-8974-592f8986ad1e,2026-03-04T13:04:39.489478+00:00,2026-03-04 13:04:39.489478+00:00,right,ore,ore::lvl-65.txt,genetic,genetic::lvl-27.txt,RIGHT,win,1.0,True,False,False,1,1,8.734,7,0,0,33,908.0,8.0,49.12368901836655,305.5350663470182,16,1,0,0,0,0,0,0,0,0
v_e0134c17-ff3f-4f3a-b005-0fa1d78ec379,btl_a867f350-2fb9-45e0-93fb-2f38a1e3f75e,ea2377aa-4288-4c8e-93dd-af87136fdb16,anon_a00e1100-2bc1-4b5e-8974-592f8986ad1e,2026-03-04T13:02:30.904086+00:00,2026-03-04 13:02:30.904086+00:00,left,mariodpo,mariodpo::mariodpo_nintendo_0139.txt,original,original::lvl-11.txt,RIGHT,loss,0.0,True,False,False,1,1,1.917,1,0,0,8,283.0,40.0,26.29133650083236,90.72408376500697,3,1,0,0,0,0,0,0,0,0
v_e0134c17-ff3f-4f3a-b005-0fa1d78ec379,btl_a867f350-2fb9-45e0-93fb-2f38a1e3f75e,ea2377aa-4288-4c8e-93dd-af87136fdb16,anon_a00e1100-2bc1-4b5e-8974-592f8986ad1e,2026-03-04T13:02:30.904086+00:00,2026-03-04 13:02:30.904086+00:00,right,original,original::lvl-11.txt,mariodpo,mariodpo::mariodpo_nintendo_0139.txt,RIGHT,win,1.0,True,False,False,1,1,2.183,2,1,0,9,271.0,8.0,20.499322482029065,95.60618813589706,7,1,0,0,0,0,0,0,0,0
v_62e2ebc7-1786-472d-83b3-84cc2c5a5cc6,btl_9b1e9206-6f50-4af7-a1b3-589b417336a0,31d1553e-a038-4f5a-b15a-641238d0714f,anon_a00e1100-2bc1-4b5e-8974-592f8986ad1e,2026-03-04T13:02:06.397699+00:00,2026-03-04 13:02:06.397699+00:00,left,hopper,hopper::lvl-77.txt,mariogan,mariogan::level_29.txt,RIGHT,loss,0.0,True,False,False,1,1,3.834,3,0,0,15,782.0,8.0,23.426480742954116,269.14090485592607,9,1,0,0,0,0,0,0,0,0
v_62e2ebc7-1786-472d-83b3-84cc2c5a5cc6,btl_9b1e9206-6f50-4af7-a1b3-589b417336a0,31d1553e-a038-4f5a-b15a-641238d0714f,anon_a00e1100-2bc1-4b5e-8974-592f8986ad1e,2026-03-04T13:02:06.397699+00:00,2026-03-04 13:02:06.397699+00:00,right,mariogan,mariogan::level_29.txt,hopper,hopper::lvl-77.txt,RIGHT,win,1.0,True,False,True,0,0,19.0,20,0,3,72,2655.0,8.0,36.402287609570315,842.1357379189218,44,0,0,0,0,0,0,0,0,0
v_baf401b0-045f-435f-a869-05e4a37fcce0,btl_a5deb5f2-22e4-47b3-abe8-9fca7c99ef5e,31d1553e-a038-4f5a-b15a-641238d0714f,anon_a00e1100-2bc1-4b5e-8974-592f8986ad1e,2026-03-04T13:01:38.001102+00:00,2026-03-04 13:01:38.001102+00:00,left,mariogan,mariogan::level_22.txt,hopper,hopper::lvl-4.txt,TIE,tie,0.5,True,False,True,0,0,23.451,21,0,1,85,2665.0,5.0,36.889791913276554,853.7481188963353,46,0,0,0,0,0,0,0,0,0
v_baf401b0-045f-435f-a869-05e4a37fcce0,btl_a5deb5f2-22e4-47b3-abe8-9fca7c99ef5e,31d1553e-a038-4f5a-b15a-641238d0714f,anon_a00e1100-2bc1-4b5e-8974-592f8986ad1e,2026-03-04T13:01:38.001102+00:00,2026-03-04 13:01:38.001102+00:00,right,hopper,hopper::lvl-4.txt,mariogan,mariogan::level_22.txt,TIE,tie,0.5,True,False,False,1,1,3.75,4,0,0,15,1000.0,8.0,44.6555209974708,335.2956638881902,8,1,0,0,0,0,0,0,0,0
v_7be951bf-d50f-4d21-b74c-3a43477e102b,btl_a73c38a8-c92d-48d7-964b-2799c36b3245,205bccb5-8344-4e5f-8a9b-22a99ddccc8c,anon_a9445e2d-8170-40b8-bfa3-9fdf5b9366fb,2026-03-04T11:45:38.784612+00:00,2026-03-04 11:45:38.784612+00:00,left,patternWeightCount,patternWeightCount::lvl-36.txt,notchParam,notchParam::lvl-29.txt,RIGHT,loss,0.0,True,False,True,0,0,29.446,32,1,0,111,3157.0,8.0,48.29107494984663,869.8468869219278,90,0,0,0,0,0,0,0,0,0
v_7be951bf-d50f-4d21-b74c-3a43477e102b,btl_a73c38a8-c92d-48d7-964b-2799c36b3245,205bccb5-8344-4e5f-8a9b-22a99ddccc8c,anon_a9445e2d-8170-40b8-bfa3-9fdf5b9366fb,2026-03-04T11:45:38.784612+00:00,2026-03-04 11:45:38.784612+00:00,right,notchParam,notchParam::lvl-29.txt,patternWeightCount,patternWeightCount::lvl-36.txt,RIGHT,win,1.0,True,False,False,1,1,8.904,9,0,0,34,1946.0,8.0,29.761290782923776,609.8442090752035,20,1,0,0,0,0,0,0,0,0
v_672ce4e7-6c45-4926-9a53-e3b9c1db9cbc,btl_4f0b6ce5-20f0-4800-a4e9-d16c5ff84897,205bccb5-8344-4e5f-8a9b-22a99ddccc8c,anon_a9445e2d-8170-40b8-bfa3-9fdf5b9366fb,2026-03-04T11:44:57.676462+00:00,2026-03-04 11:44:57.676462+00:00,left,notch,notch::lvl-50.txt,patternCount,patternCount::lvl-61.txt,LEFT,win,1.0,True,False,False,1,1,2.214,1,0,0,9,335.0,8.0,20.027758514399736,116.05075517969618,4,1,0,0,0,0,0,0,0,0
v_672ce4e7-6c45-4926-9a53-e3b9c1db9cbc,btl_4f0b6ce5-20f0-4800-a4e9-d16c5ff84897,205bccb5-8344-4e5f-8a9b-22a99ddccc8c,anon_a9445e2d-8170-40b8-bfa3-9fdf5b9366fb,2026-03-04T11:44:57.676462+00:00,2026-03-04 11:44:57.676462+00:00,right,patternCount,patternCount::lvl-61.txt,notch,notch::lvl-50.txt,LEFT,loss,0.0,True,False,False,1,1,7.95,8,0,0,30,719.0,8.0,28.937499700023995,235.6932658256395,39,1,0,0,0,0,0,0,0,0
v_fda03937-693c-4c52-a427-84d0270102bb,btl_2548fadc-f95d-48b3-8e33-2b41863c7e11,205bccb5-8344-4e5f-8a9b-22a99ddccc8c,anon_a9445e2d-8170-40b8-bfa3-9fdf5b9366fb,2026-03-04T11:44:45.226278+00:00,2026-03-04 11:44:45.226278+00:00,left,notch,notch::lvl-14.txt,mariodpo,mariodpo::mariodpo_nintendo_0142.txt,RIGHT,loss,0.0,True,False,True,0,0,12.406,17,0,0,47,2384.0,8.0,42.744866186861906,731.6192846880667,34,0,0,0,0,0,0,0,0,0
v_fda03937-693c-4c52-a427-84d0270102bb,btl_2548fadc-f95d-48b3-8e33-2b41863c7e11,205bccb5-8344-4e5f-8a9b-22a99ddccc8c,anon_a9445e2d-8170-40b8-bfa3-9fdf5b9366fb,2026-03-04T11:44:45.226278+00:00,2026-03-04 11:44:45.226278+00:00,right,mariodpo,mariodpo::mariodpo_nintendo_0142.txt,notch,notch::lvl-14.txt,RIGHT,win,1.0,True,False,False,1,1,28.113,18,3,0,105,866.0,40.0,42.332303806646664,241.52015657444832,42,1,0,0,0,0,0,0,0,0
v_c1d863ff-91ac-428b-a479-0add67673563,btl_168bea67-b06c-4394-aa1e-95eefc4afff8,205bccb5-8344-4e5f-8a9b-22a99ddccc8c,anon_a9445e2d-8170-40b8-bfa3-9fdf5b9366fb,2026-03-04T11:43:52.604473+00:00,2026-03-04 11:43:52.604473+00:00,left,original,original::lvl-8.txt,mariogpt,mariogpt::level_060.txt,RIGHT,loss,0.0,True,False,True,0,0,21.877,15,10,1,83,2970.0,8.0,68.17560131243928,974.7026292983105,42,0,0,0,0,0,0,0,0,0
v_c1d863ff-91ac-428b-a479-0add67673563,btl_168bea67-b06c-4394-aa1e-95eefc4afff8,205bccb5-8344-4e5f-8a9b-22a99ddccc8c,anon_a9445e2d-8170-40b8-bfa3-9fdf5b9366fb,2026-03-04T11:43:52.604473+00:00,2026-03-04 11:43:52.604473+00:00,right,mariogpt,mariogpt::level_060.txt,original,original::lvl-8.txt,RIGHT,win,1.0,True,False,False,1,1,19.877,8,2,0,75,1227.0,8.0,39.09452931322006,338.7605381714674,20,1,0,0,0,0,0,0,0,0
v_e9dd20b4-259e-44cc-91af-24dcf553b1f8,btl_670344dd-a69e-4811-913b-951cec20abe0,205bccb5-8344-4e5f-8a9b-22a99ddccc8c,anon_a9445e2d-8170-40b8-bfa3-9fdf5b9366fb,2026-03-04T11:43:06.689493+00:00,2026-03-04 11:43:06.689493+00:00,left,mariodpo,mariodpo::mariodpo_nintendo_0026.txt,patternWeightCount,patternWeightCount::lvl-58.txt,LEFT,win,1.0,True,False,False,1,1,5.605,4,0,0,22,315.0,40.0,45.81773087801181,112.67326418813788,10,1,0,0,0,0,0,0,0,0
v_e9dd20b4-259e-44cc-91af-24dcf553b1f8,btl_670344dd-a69e-4811-913b-951cec20abe0,205bccb5-8344-4e5f-8a9b-22a99ddccc8c,anon_a9445e2d-8170-40b8-bfa3-9fdf5b9366fb,2026-03-04T11:43:06.689493+00:00,2026-03-04 11:43:06.689493+00:00,right,patternWeightCount,patternWeightCount::lvl-58.txt,mariodpo,mariodpo::mariodpo_nintendo_0026.txt,LEFT,loss,0.0,True,False,False,1,1,4.475,2,1,0,17,27.0,8.0,8.512965889470843,4.470588235294118,5,1,0,0,0,0,0,0,0,0
v_c8851f8a-f269-4837-b365-3d7b1e5041f1,btl_4550eafc-ce2b-4dba-8dde-6c1857252ffe,205bccb5-8344-4e5f-8a9b-22a99ddccc8c,anon_a9445e2d-8170-40b8-bfa3-9fdf5b9366fb,2026-03-04T11:42:54.730623+00:00,2026-03-04 11:42:54.730623+00:00,left,marioDiffusion,marioDiffusion::level_97.txt,hopper,hopper::lvl-64.txt,RIGHT,loss,0.0,True,False,False,1,1,0.708,0,0,0,3,8.0,8.0,75.07477753694793,0.0,1,1,0,0,0,0,0,0,0,0
v_c8851f8a-f269-4837-b365-3d7b1e5041f1,btl_4550eafc-ce2b-4dba-8dde-6c1857252ffe,205bccb5-8344-4e5f-8a9b-22a99ddccc8c,anon_a9445e2d-8170-40b8-bfa3-9fdf5b9366fb,2026-03-04T11:42:54.730623+00:00,2026-03-04 11:42:54.730623+00:00,right,hopper,hopper::lvl-64.txt,marioDiffusion,marioDiffusion::level_97.txt,RIGHT,win,1.0,True,False,False,1,1,3.038,4,0,0,12,749.0,8.0,31.977748339882986,255.39685893831106,10,1,0,0,0,0,0,0,0,0
v_370a6041-2d32-4311-a5a0-16843b149fdd,btl_afff956f-1006-4248-8a0b-746460cade36,205bccb5-8344-4e5f-8a9b-22a99ddccc8c,anon_a9445e2d-8170-40b8-bfa3-9fdf5b9366fb,2026-03-04T11:42:48.300154+00:00,2026-03-04 11:42:48.300154+00:00,left,hopper,hopper::lvl-48.txt,patternWeightCount,patternWeightCount::lvl-10.txt,LEFT,win,1.0,True,False,False,1,1,3.079,2,0,0,12,417.0,8.0,22.870863317524524,139.43464717685248,4,1,0,0,0,0,0,0,0,0
v_370a6041-2d32-4311-a5a0-16843b149fdd,btl_afff956f-1006-4248-8a0b-746460cade36,205bccb5-8344-4e5f-8a9b-22a99ddccc8c,anon_a9445e2d-8170-40b8-bfa3-9fdf5b9366fb,2026-03-04T11:42:48.300154+00:00,2026-03-04 11:42:48.300154+00:00,right,patternWeightCount,patternWeightCount::lvl-10.txt,hopper,hopper::lvl-48.txt,LEFT,loss,0.0,True,False,False,1,1,1.417,1,0,0,6,139.0,8.0,44.94688223027513,53.63974480012207,5,1,0,0,0,0,0,0,0,0
v_3e7a85d0-e1d3-447c-94f7-da7e03784e3a,btl_7d61d1cd-4655-4806-938b-5fb3fb543dc4,7143549c-07cf-4f5e-a6df-716eded205d4,anon_7f556d66-9db3-4f99-890e-799fd9038dfc,2026-02-23T16:38:45.683860+00:00,2026-02-23 16:38:45.683860+00:00,left,mariodpo,mariodpo::mariodpo_nintendo_0075.txt,patternWeightCount,patternWeightCount::lvl-53.txt,LEFT,win,1.0,True,False,True,0,0,50.176,46,17,2,187,3039.0,40.0,50.19797233503789,889.2562547156726,127,0,0,0,0,0,0,0,0,0
v_3e7a85d0-e1d3-447c-94f7-da7e03784e3a,btl_7d61d1cd-4655-4806-938b-5fb3fb543dc4,7143549c-07cf-4f5e-a6df-716eded205d4,anon_7f556d66-9db3-4f99-890e-799fd9038dfc,2026-02-23T16:38:45.683860+00:00,2026-02-23 16:38:45.683860+00:00,right,patternWeightCount,patternWeightCount::lvl-53.txt,mariodpo,mariodpo::mariodpo_nintendo_0075.txt,LEFT,loss,0.0,True,False,False,1,1,6.48,7,0,0,25,244.0,8.0,36.261185860365906,72.7600329851492,18,1,0,0,0,0,0,0,0,0
v_323344e8-1700-4789-8850-1dd839d6d503,btl_206e9aa4-3ad8-40e3-91cc-fe31af56ee67,7143549c-07cf-4f5e-a6df-716eded205d4,anon_7f556d66-9db3-4f99-890e-799fd9038dfc,2026-02-23T16:37:45.607178+00:00,2026-02-23 16:37:45.607178+00:00,left,mariodpo,mariodpo::mariodpo_nintendo_0034.txt,notchParamRand,notchParamRand::lvl-86.txt,LEFT,win,1.0,True,False,False,1,1,6.109,5,1,0,24,626.0,40.0,29.00428009602874,214.80588378425145,13,1,0,0,0,0,0,0,0,0
v_323344e8-1700-4789-8850-1dd839d6d503,btl_206e9aa4-3ad8-40e3-91cc-fe31af56ee67,7143549c-07cf-4f5e-a6df-716eded205d4,anon_7f556d66-9db3-4f99-890e-799fd9038dfc,2026-02-23T16:37:45.607178+00:00,2026-02-23 16:37:45.607178+00:00,right,notchParamRand,notchParamRand::lvl-86.txt,mariodpo,mariodpo::mariodpo_nintendo_0034.txt,LEFT,loss,0.0,True,False,False,1,1,10.548,8,0,1,40,923.0,8.0,30.437384496700766,310.62629375988115,18,1,0,0,0,0,0,0,0,0
v_e6074c5d-341b-4de8-a178-32529c3a6e80,btl_fc479278-afb5-4836-8c56-9aae7190a883,7143549c-07cf-4f5e-a6df-716eded205d4,anon_7f556d66-9db3-4f99-890e-799fd9038dfc,2026-02-23T16:37:25.255200+00:00,2026-02-23 16:37:25.255200+00:00,left,marioDiffusion,marioDiffusion::level_31.txt,ore,ore::lvl-80.txt,LEFT,win,1.0,True,False,False,1,1,5.81,3,0,1,22,404.0,8.0,23.32699638467367,137.22699418803975,8,1,0,0,0,0,0,0,0,0
v_e6074c5d-341b-4de8-a178-32529c3a6e80,btl_fc479278-afb5-4836-8c56-9aae7190a883,7143549c-07cf-4f5e-a6df-716eded205d4,anon_7f556d66-9db3-4f99-890e-799fd9038dfc,2026-02-23T16:37:25.255200+00:00,2026-02-23 16:37:25.255200+00:00,right,ore,ore::lvl-80.txt,marioDiffusion,marioDiffusion::level_31.txt,LEFT,loss,0.0,True,False,False,1,1,10.415,8,2,0,40,227.0,8.0,29.81589341274214,59.466161596323,22,1,0,0,0,0,0,0,0,0
v_2b116863-2523-431f-9017-ea9970e14b45,btl_a2e7921e-8027-418a-8100-16a387749986,7143549c-07cf-4f5e-a6df-716eded205d4,anon_7f556d66-9db3-4f99-890e-799fd9038dfc,2026-02-23T16:37:03.237559+00:00,2026-02-23 16:37:03.237559+00:00,left,original,original::lvl-1.txt,genetic,genetic::lvl-61.txt,LEFT,win,1.0,True,False,True,0,0,52.444,56,10,6,193,3151.0,56.0,44.49183245253028,790.8266546549188,138,0,0,0,0,0,0,0,0,0
v_2b116863-2523-431f-9017-ea9970e14b45,btl_a2e7921e-8027-418a-8100-16a387749986,7143549c-07cf-4f5e-a6df-716eded205d4,anon_7f556d66-9db3-4f99-890e-799fd9038dfc,2026-02-23T16:37:03.237559+00:00,2026-02-23 16:37:03.237559+00:00,right,genetic,genetic::lvl-61.txt,original,original::lvl-1.txt,LEFT,loss,0.0,True,False,True,0,0,19.613,9,0,0,74,2066.0,8.0,29.242606277720967,593.8366532823588,19,0,0,0,0,0,0,0,0,0
v_6e775508-139e-45fc-a3e5-23d88f16e3f9,btl_eadf7a67-02d9-4852-b682-5a874e2e5711,5a808468-ede3-4729-ad5e-2d7331bff69d,anon_a9445e2d-8170-40b8-bfa3-9fdf5b9366fb,2026-02-20T15:22:41.887055+00:00,2026-02-20 15:22:41.887055+00:00,left,hopper,hopper::lvl-54.txt,patternOccur,patternOccur::lvl-11.txt,LEFT,win,1.0,True,False,True,0,0,12.845,13,1,6,49,3122.0,8.0,35.641383319318834,919.8233917732856,37,0,0,0,0,0,0,0,0,0
v_6e775508-139e-45fc-a3e5-23d88f16e3f9,btl_eadf7a67-02d9-4852-b682-5a874e2e5711,5a808468-ede3-4729-ad5e-2d7331bff69d,anon_a9445e2d-8170-40b8-bfa3-9fdf5b9366fb,2026-02-20T15:22:41.887055+00:00,2026-02-20 15:22:41.887055+00:00,right,patternOccur,patternOccur::lvl-11.txt,hopper,hopper::lvl-54.txt,LEFT,loss,0.0,True,False,False,1,1,1.751,1,0,0,7,239.0,8.0,34.49637662132068,84.14346349526856,10,1,0,0,0,0,0,0,0,0
v_8df1b45d-b142-4462-bd0d-3f00a7c3b124,btl_42b2951a-1fb0-4585-8c47-a1abe7cac814,5a808468-ede3-4729-ad5e-2d7331bff69d,anon_a9445e2d-8170-40b8-bfa3-9fdf5b9366fb,2026-02-20T15:22:24.758776+00:00,2026-02-20 15:22:24.758776+00:00,left,notch,notch::lvl-21.txt,notchParam,notchParam::lvl-65.txt,TIE,tie,0.5,True,False,False,1,1,3.908,4,0,0,15,658.0,8.0,36.92093654764943,230.88400165932293,8,1,0,0,0,0,0,0,0,0
v_8df1b45d-b142-4462-bd0d-3f00a7c3b124,btl_42b2951a-1fb0-4585-8c47-a1abe7cac814,5a808468-ede3-4729-ad5e-2d7331bff69d,anon_a9445e2d-8170-40b8-bfa3-9fdf5b9366fb,2026-02-20T15:22:24.758776+00:00,2026-02-20 15:22:24.758776+00:00,right,notchParam,notchParam::lvl-65.txt,notch,notch::lvl-21.txt,TIE,tie,0.5,True,False,False,1,1,14.316,17,0,1,54,2302.0,8.0,34.274155920465155,720.7280253246298,39,1,0,0,0,0,0,0,0,0
v_1d27a521-e722-4acd-900f-6ddbd26f9990,btl_4c95f282-2433-4fb9-9342-8d93661d827b,5a808468-ede3-4729-ad5e-2d7331bff69d,anon_a9445e2d-8170-40b8-bfa3-9fdf5b9366fb,2026-02-20T15:22:04.375182+00:00,2026-02-20 15:22:04.375182+00:00,left,notch,notch::lvl-18.txt,patternWeightCount,patternWeightCount::lvl-19.txt,RIGHT,loss,0.0,True,False,False,1,1,3.284,4,0,0,13,471.0,8.0,47.06221489694166,152.7405271663459,9,1,0,0,0,0,0,0,0,0
v_1d27a521-e722-4acd-900f-6ddbd26f9990,btl_4c95f282-2433-4fb9-9342-8d93661d827b,5a808468-ede3-4729-ad5e-2d7331bff69d,anon_a9445e2d-8170-40b8-bfa3-9fdf5b9366fb,2026-02-20T15:22:04.375182+00:00,2026-02-20 15:22:04.375182+00:00,right,patternWeightCount,patternWeightCount::lvl-19.txt,notch,notch::lvl-18.txt,RIGHT,win,1.0,True,False,False,1,1,17.674,19,2,0,67,1689.0,0.0,39.27717363688176,451.75938925336106,52,1,0,0,0,0,0,0,0,0
v_cd077c36-d971-45d4-98cd-7ad3e6a373a5,btl_ae7a76b0-38a3-464f-beb7-3a0bae2dabf1,5a808468-ede3-4729-ad5e-2d7331bff69d,anon_a9445e2d-8170-40b8-bfa3-9fdf5b9366fb,2026-02-20T15:21:41.104137+00:00,2026-02-20 15:21:41.104137+00:00,left,hopper,hopper::lvl-69.txt,patternWeightCount,patternWeightCount::lvl-88.txt,LEFT,win,1.0,True,False,False,1,1,2.851,3,0,0,11,498.0,8.0,23.01418893991234,172.6469669777363,8,1,0,0,0,0,0,0,0,0
v_cd077c36-d971-45d4-98cd-7ad3e6a373a5,btl_ae7a76b0-38a3-464f-beb7-3a0bae2dabf1,5a808468-ede3-4729-ad5e-2d7331bff69d,anon_a9445e2d-8170-40b8-bfa3-9fdf5b9366fb,2026-02-20T15:21:41.104137+00:00,2026-02-20 15:21:41.104137+00:00,right,patternWeightCount,patternWeightCount::lvl-88.txt,hopper,hopper::lvl-69.txt,LEFT,loss,0.0,True,False,False,1,1,4.309,4,0,0,17,395.0,8.0,37.82604510891028,131.5012334332407,13,1,0,0,0,0,0,0,0,0
v_9cc104fe-2ca9-4bd6-9d1e-4a39240eb02a,btl_08cd7900-512e-4bf7-90e4-abbb13831636,46dbf295-5fd9-49bc-a7e4-02d0b5d70287,anon_a9445e2d-8170-40b8-bfa3-9fdf5b9366fb,2026-02-20T14:11:45.996901+00:00,2026-02-20 14:11:45.996901+00:00,left,mariogan,mariogan::level_46.txt,patternWeightCount,patternWeightCount::lvl-28.txt,TIE,tie,0.5,True,False,False,1,1,3.611,3,0,0,14,265.0,8.0,27.163995528294883,106.25270704834792,8,1,0,0,0,0,0,0,0,0
v_9cc104fe-2ca9-4bd6-9d1e-4a39240eb02a,btl_08cd7900-512e-4bf7-90e4-abbb13831636,46dbf295-5fd9-49bc-a7e4-02d0b5d70287,anon_a9445e2d-8170-40b8-bfa3-9fdf5b9366fb,2026-02-20T14:11:45.996901+00:00,2026-02-20 14:11:45.996901+00:00,right,patternWeightCount,patternWeightCount::lvl-28.txt,mariogan,mariogan::level_46.txt,TIE,tie,0.5,True,False,False,1,1,2.069,2,0,0,8,157.0,8.0,26.248809496813376,60.59793210168149,7,1,0,0,0,0,0,0,0,0
v_410e189b-862b-4039-885f-530b05eadd49,btl_4008fac8-ebc6-428a-b157-9877e95420c0,46dbf295-5fd9-49bc-a7e4-02d0b5d70287,anon_a9445e2d-8170-40b8-bfa3-9fdf5b9366fb,2026-02-20T14:11:34.504195+00:00,2026-02-20 14:11:34.504195+00:00,left,original,original::lvl-5.txt,hopper,hopper::lvl-33.txt,LEFT,win,1.0,True,False,False,1,1,20.67,19,2,1,76,1519.0,24.0,45.400150325571474,403.0804369386578,53,1,0,0,0,0,0,0,0,0
v_410e189b-862b-4039-885f-530b05eadd49,btl_4008fac8-ebc6-428a-b157-9877e95420c0,46dbf295-5fd9-49bc-a7e4-02d0b5d70287,anon_a9445e2d-8170-40b8-bfa3-9fdf5b9366fb,2026-02-20T14:11:34.504195+00:00,2026-02-20 14:11:34.504195+00:00,right,hopper,hopper::lvl-33.txt,original,original::lvl-5.txt,LEFT,loss,0.0,True,False,False,1,1,1.517,0,0,0,6,107.0,8.0,0.0,36.53499083831219,1,1,0,0,0,0,0,0,0,0
v_110351f6-fedc-4b4a-a1dc-978b7eb5a465,btl_fa11fbde-7962-42db-a09f-5d10a8f83520,6674f388-7a8d-495c-82f5-acfb2f461cf8,anon_a9445e2d-8170-40b8-bfa3-9fdf5b9366fb,2026-02-20T14:10:04.165362+00:00,2026-02-20 14:10:04.165362+00:00,left,mariogan,mariogan::level_37.txt,original,original::lvl-10.txt,RIGHT,loss,0.0,True,False,False,1,1,2.636,1,0,0,11,229.0,8.0,24.679097455937676,70.6970021691336,2,1,0,0,0,0,0,0,0,0
v_110351f6-fedc-4b4a-a1dc-978b7eb5a465,btl_fa11fbde-7962-42db-a09f-5d10a8f83520,6674f388-7a8d-495c-82f5-acfb2f461cf8,anon_a9445e2d-8170-40b8-bfa3-9fdf5b9366fb,2026-02-20T14:10:04.165362+00:00,2026-02-20 14:10:04.165362+00:00,right,original,original::lvl-10.txt,mariogan,mariogan::level_37.txt,RIGHT,win,1.0,True,False,False,1,1,1.769,1,0,0,7,266.0,24.0,19.351738834491524,88.41622346282706,2,1,0,0,0,0,0,0,0,0
v_757c73d6-9e4b-4a9c-8947-5613fb355cb4,btl_9a1fb220-6f12-4a4a-90ca-4a898fb004a6,6674f388-7a8d-495c-82f5-acfb2f461cf8,anon_a9445e2d-8170-40b8-bfa3-9fdf5b9366fb,2026-02-20T14:09:55.928380+00:00,2026-02-20 14:09:55.928380+00:00,left,notchParamRand,notchParamRand::lvl-59.txt,mariogpt,mariogpt::level_086.txt,TIE,tie,0.5,True,False,False,1,1,4.343,5,0,0,17,922.0,8.0,38.82878752271862,299.87859135018795,11,1,0,0,0,0,0,0,0,0
v_757c73d6-9e4b-4a9c-8947-5613fb355cb4,btl_9a1fb220-6f12-4a4a-90ca-4a898fb004a6,6674f388-7a8d-495c-82f5-acfb2f461cf8,anon_a9445e2d-8170-40b8-bfa3-9fdf5b9366fb,2026-02-20T14:09:55.928380+00:00,2026-02-20 14:09:55.928380+00:00,right,mariogpt,mariogpt::level_086.txt,notchParamRand,notchParamRand::lvl-59.txt,TIE,tie,0.5,True,False,False,1,1,31.708,32,3,1,117,1931.0,8.0,46.12487378084468,642.0618281676669,90,1,0,0,0,0,0,0,0,0
v_95a14887-764d-43a3-bc8e-fa1a7c6dc810,btl_c62a70fa-4aed-48bd-9fd8-4e8b339ee05e,6674f388-7a8d-495c-82f5-acfb2f461cf8,anon_a9445e2d-8170-40b8-bfa3-9fdf5b9366fb,2026-02-20T14:09:16.735310+00:00,2026-02-20 14:09:16.735310+00:00,left,patternWeightCount,patternWeightCount::lvl-35.txt,mariodpo,mariodpo::mariodpo_nintendo_0082.txt,TIE,tie,0.5,True,False,False,1,1,3.681,4,1,0,14,342.0,8.0,39.133014925288556,111.11861652655469,12,1,0,0,0,0,0,0,0,0
v_95a14887-764d-43a3-bc8e-fa1a7c6dc810,btl_c62a70fa-4aed-48bd-9fd8-4e8b339ee05e,6674f388-7a8d-495c-82f5-acfb2f461cf8,anon_a9445e2d-8170-40b8-bfa3-9fdf5b9366fb,2026-02-20T14:09:16.735310+00:00,2026-02-20 14:09:16.735310+00:00,right,mariodpo,mariodpo::mariodpo_nintendo_0082.txt,patternWeightCount,patternWeightCount::lvl-35.txt,TIE,tie,0.5,True,False,False,1,1,23.503,24,1,0,89,1848.0,40.0,50.43363782501331,592.7021302263487,52,1,0,0,0,0,0,0,0,0
v_37e82276-6a06-4b6d-8e5b-2c3be3cae6f2,btl_e911b890-c36e-4324-b9aa-89a7699c22fe,4d12a87e-8e76-486c-b39c-5690428eac21,anon_376d7289-fc63-4549-9336-2b8703819566,2026-02-19T19:34:01.646163+00:00,2026-02-19 19:34:01.646163+00:00,left,genetic,genetic::lvl-39.txt,mariogpt,mariogpt::level_095.txt,RIGHT,loss,0.0,True,False,False,1,1,3.408,1,1,0,13,308.0,8.0,6.928203230275509,107.60573443288344,3,1,0,0,0,0,0,0,0,0
v_37e82276-6a06-4b6d-8e5b-2c3be3cae6f2,btl_e911b890-c36e-4324-b9aa-89a7699c22fe,4d12a87e-8e76-486c-b39c-5690428eac21,anon_376d7289-fc63-4549-9336-2b8703819566,2026-02-19T19:34:01.646163+00:00,2026-02-19 19:34:01.646163+00:00,right,mariogpt,mariogpt::level_095.txt,genetic,genetic::lvl-39.txt,RIGHT,win,1.0,True,False,True,0,0,50.372,39,0,1,187,2382.0,8.0,42.37951686063498,915.971161964269,89,0,1,0,0,0,0,1,0,0
v_4a19b8f3-59ef-4eea-813b-0344ab1f703a,btl_c43959d7-e818-455d-b734-32f5fbc87d89,4d12a87e-8e76-486c-b39c-5690428eac21,anon_376d7289-fc63-4549-9336-2b8703819566,2026-02-19T19:33:03.902141+00:00,2026-02-19 19:33:03.902141+00:00,left,genetic,genetic::lvl-28.txt,patternWeightCount,patternWeightCount::lvl-46.txt,TIE,tie,0.5,True,False,False,1,1,4.045,1,0,0,16,934.0,8.0,18.6378940266866,319.930949581312,3,1,0,0,0,0,0,0,0,0
v_4a19b8f3-59ef-4eea-813b-0344ab1f703a,btl_c43959d7-e818-455d-b734-32f5fbc87d89,4d12a87e-8e76-486c-b39c-5690428eac21,anon_376d7289-fc63-4549-9336-2b8703819566,2026-02-19T19:33:03.902141+00:00,2026-02-19 19:33:03.902141+00:00,right,patternWeightCount,patternWeightCount::lvl-46.txt,genetic,genetic::lvl-28.txt,TIE,tie,0.5,True,False,False,1,1,5.781,7,0,0,22,347.0,8.0,35.97028732506781,98.49491323862516,18,1,0,0,0,0,0,0,0,0
v_e96f39f0-9c8e-4b10-b985-d5357d7475ba,btl_0e77f9aa-032e-4284-8e19-eb40058b19cf,2eab807e-d4b3-45a4-9fc7-83d7df2088d8,anon_eb610ba1-0a9f-4dc9-9195-09c829139bea,2026-02-19T19:09:47.618960+00:00,2026-02-19 19:09:47.618960+00:00,left,mariodpo,mariodpo::mariodpo_nintendo_0041.txt,notchParam,notchParam::lvl-54.txt,TIE,tie,0.5,True,False,False,1,1,7.183,7,2,0,28,988.0,40.0,31.047260715869665,300.70999318280064,18,1,0,0,0,0,0,0,0,0
v_e96f39f0-9c8e-4b10-b985-d5357d7475ba,btl_0e77f9aa-032e-4284-8e19-eb40058b19cf,2eab807e-d4b3-45a4-9fc7-83d7df2088d8,anon_eb610ba1-0a9f-4dc9-9195-09c829139bea,2026-02-19T19:09:47.618960+00:00,2026-02-19 19:09:47.618960+00:00,right,notchParam,notchParam::lvl-54.txt,mariodpo,mariodpo::mariodpo_nintendo_0041.txt,TIE,tie,0.5,True,False,False,1,1,5.067,2,0,0,20,1167.0,8.0,17.60532589871599,410.96404952258297,4,1,0,0,0,0,0,0,0,0
v_b8bf80c6-3e6b-4cc8-9e4a-7fc095e64ca8,btl_8874f151-8c86-4d38-875e-eba0c733316a,2eab807e-d4b3-45a4-9fc7-83d7df2088d8,anon_eb610ba1-0a9f-4dc9-9195-09c829139bea,2026-02-19T19:09:32.242063+00:00,2026-02-19 19:09:32.242063+00:00,left,patternOccur,patternOccur::lvl-26.txt,genetic,genetic::lvl-53.txt,TIE,tie,0.5,True,False,True,0,0,53.818,56,1,0,201,3114.0,8.0,39.6795030064346,624.6237471267137,135,0,0,0,0,0,0,0,0,0
v_b8bf80c6-3e6b-4cc8-9e4a-7fc095e64ca8,btl_8874f151-8c86-4d38-875e-eba0c733316a,2eab807e-d4b3-45a4-9fc7-83d7df2088d8,anon_eb610ba1-0a9f-4dc9-9195-09c829139bea,2026-02-19T19:09:32.242063+00:00,2026-02-19 19:09:32.242063+00:00,right,genetic,genetic::lvl-53.txt,patternOccur,patternOccur::lvl-26.txt,TIE,tie,0.5,True,False,False,1,1,2.017,0,0,0,8,357.0,8.0,0.9921567416492215,126.10207918587227,1,1,0,0,0,0,0,0,0,0
v_7997632f-11c0-4148-bb24-cb8d2ec0b9e0,btl_6c791aa8-a929-4f2d-9222-2bdf9830f133,777f923b-ffe3-4808-ac11-767b9f23507a,anon_376d7289-fc63-4549-9336-2b8703819566,2026-02-19T17:42:00.542364+00:00,2026-02-19 17:42:00.542364+00:00,left,mariodpo,mariodpo::mariodpo_nintendo_0154.txt,original,original::lvl-1.txt,LEFT,win,1.0,True,False,False,1,1,13.245,7,2,4,50,529.0,40.0,28.682287217026467,145.57140378522152,23,1,0,0,0,0,0,0,0,0
v_7997632f-11c0-4148-bb24-cb8d2ec0b9e0,btl_6c791aa8-a929-4f2d-9222-2bdf9830f133,777f923b-ffe3-4808-ac11-767b9f23507a,anon_376d7289-fc63-4549-9336-2b8703819566,2026-02-19T17:42:00.542364+00:00,2026-02-19 17:42:00.542364+00:00,right,original,original::lvl-1.txt,mariodpo,mariodpo::mariodpo_nintendo_0154.txt,LEFT,loss,0.0,True,False,False,1,1,6.515,7,0,0,25,1114.0,56.0,40.184693603410736,341.37263159193066,14,1,0,0,0,0,0,0,0,0
v_5e8597f6-fb53-4d4d-8e59-9be9d401250f,btl_bd263fc6-2c90-4181-b445-f91a5f70772c,777f923b-ffe3-4808-ac11-767b9f23507a,anon_376d7289-fc63-4549-9336-2b8703819566,2026-02-19T17:41:39.445312+00:00,2026-02-19 17:41:39.445312+00:00,left,original,original::lvl-10.txt,patternWeightCount,patternWeightCount::lvl-71.txt,LEFT,win,1.0,True,False,False,1,1,5.442,4,1,1,21,528.0,24.0,48.393839678422516,185.78009822895237,12,1,0,0,0,0,0,0,0,0
v_5e8597f6-fb53-4d4d-8e59-9be9d401250f,btl_bd263fc6-2c90-4181-b445-f91a5f70772c,777f923b-ffe3-4808-ac11-767b9f23507a,anon_376d7289-fc63-4549-9336-2b8703819566,2026-02-19T17:41:39.445312+00:00,2026-02-19 17:41:39.445312+00:00,right,patternWeightCount,patternWeightCount::lvl-71.txt,original,original::lvl-10.txt,LEFT,loss,0.0,True,False,False,1,1,9.614,12,0,0,37,676.0,2.0,46.54750866001688,205.15913401618334,31,1,0,0,0,0,0,0,0,0
v_e21d1466-eb97-41bd-9de3-dc618b9359a1,btl_b8ad8631-a545-473d-82eb-184fda6321c2,777f923b-ffe3-4808-ac11-767b9f23507a,anon_376d7289-fc63-4549-9336-2b8703819566,2026-02-19T17:41:22.617127+00:00,2026-02-19 17:41:22.617127+00:00,left,notch,notch::lvl-3.txt,patternOccur,patternOccur::lvl-75.txt,LEFT,win,1.0,True,False,False,1,1,2.385,1,0,0,10,455.0,8.0,40.337203671052855,158.6962192366283,3,1,0,0,0,0,0,0,0,0
v_e21d1466-eb97-41bd-9de3-dc618b9359a1,btl_b8ad8631-a545-473d-82eb-184fda6321c2,777f923b-ffe3-4808-ac11-767b9f23507a,anon_376d7289-fc63-4549-9336-2b8703819566,2026-02-19T17:41:22.617127+00:00,2026-02-19 17:41:22.617127+00:00,right,patternOccur,patternOccur::lvl-75.txt,notch,notch::lvl-3.txt,LEFT,loss,0.0,True,False,False,1,1,2.781,3,0,0,11,343.0,8.0,40.47976741840217,108.7215717568931,13,1,0,0,0,0,0,0,0,0
v_f124af06-615d-4587-8e6c-7365acb2be9b,btl_c71cb0f0-3b02-4cc9-9c99-d6db33074a20,2eab807e-d4b3-45a4-9fc7-83d7df2088d8,anon_eb610ba1-0a9f-4dc9-9195-09c829139bea,2026-02-19T14:13:46.808735+00:00,2026-02-19 14:13:46.808735+00:00,left,patternWeightCount,patternWeightCount::lvl-71.txt,notchParamRand,notchParamRand::lvl-31.txt,RIGHT,loss,0.0,True,False,False,1,1,7.616,7,0,0,28,361.0,8.0,36.597577147418164,110.24110867011602,18,1,0,0,0,0,0,0,0,0
v_f124af06-615d-4587-8e6c-7365acb2be9b,btl_c71cb0f0-3b02-4cc9-9c99-d6db33074a20,2eab807e-d4b3-45a4-9fc7-83d7df2088d8,anon_eb610ba1-0a9f-4dc9-9195-09c829139bea,2026-02-19T14:13:46.808735+00:00,2026-02-19 14:13:46.808735+00:00,right,notchParamRand,notchParamRand::lvl-31.txt,patternWeightCount,patternWeightCount::lvl-71.txt,RIGHT,win,1.0,True,False,False,1,1,3.284,3,0,0,13,714.0,8.0,32.739423062803155,241.60092284004165,8,1,0,0,0,0,0,0,0,0
v_b2dd8f85-0838-49cc-a1b1-3529a27c5e17,btl_83a417d5-de0e-4431-bcde-04d93ea8845a,076d2663-d127-42ed-a116-e9d39f67abc3,anon_eb610ba1-0a9f-4dc9-9195-09c829139bea,2026-02-18T13:20:13.441992+00:00,2026-02-18 13:20:13.441992+00:00,left,marioDiffusion,marioDiffusion::level_2.txt,patternCount,patternCount::lvl-30.txt,LEFT,win,1.0,True,False,False,1,1,17.35,11,1,1,66,852.0,8.0,48.483117866840935,261.6266432516704,25,1,0,0,0,0,0,0,0,0
v_b2dd8f85-0838-49cc-a1b1-3529a27c5e17,btl_83a417d5-de0e-4431-bcde-04d93ea8845a,076d2663-d127-42ed-a116-e9d39f67abc3,anon_eb610ba1-0a9f-4dc9-9195-09c829139bea,2026-02-18T13:20:13.441992+00:00,2026-02-18 13:20:13.441992+00:00,right,patternCount,patternCount::lvl-30.txt,marioDiffusion,marioDiffusion::level_2.txt,LEFT,loss,0.0,True,False,False,1,1,1.434,1,0,0,6,117.0,8.0,27.121639576790585,40.337809668955614,10,1,0,0,0,0,0,0,0,0
v_ba9bc9a7-449f-4ddd-8f50-c4dbdcb5dd4e,btl_5bfa5dd1-a683-465c-b815-218ebc50383e,076d2663-d127-42ed-a116-e9d39f67abc3,anon_eb610ba1-0a9f-4dc9-9195-09c829139bea,2026-02-18T13:19:44.805750+00:00,2026-02-18 13:19:44.805750+00:00,left,patternCount,patternCount::lvl-5.txt,patternWeightCount,patternWeightCount::lvl-72.txt,RIGHT,loss,0.0,True,False,False,1,1,0.717,0,0,0,3,8.0,8.0,75.07477753694793,0.0,9,1,0,0,0,0,0,0,0,0
v_ba9bc9a7-449f-4ddd-8f50-c4dbdcb5dd4e,btl_5bfa5dd1-a683-465c-b815-218ebc50383e,076d2663-d127-42ed-a116-e9d39f67abc3,anon_eb610ba1-0a9f-4dc9-9195-09c829139bea,2026-02-18T13:19:44.805750+00:00,2026-02-18 13:19:44.805750+00:00,right,patternWeightCount,patternWeightCount::lvl-72.txt,patternCount,patternCount::lvl-5.txt,RIGHT,win,1.0,True,False,False,1,1,4.033,5,0,0,16,296.0,8.0,39.940140757763984,94.51386720344269,16,1,0,0,0,0,0,0,0,0
v_1064df0a-ddde-4f5a-858e-422554729842,btl_a57de248-cc7d-49c7-8845-b0f9383ec948,1854fded-6308-4b7f-ba88-752698f252d9,anon_eb610ba1-0a9f-4dc9-9195-09c829139bea,2026-02-18T13:19:28.864777+00:00,2026-02-18 13:19:28.864777+00:00,left,mariodpo,mariodpo::mariodpo_nintendo_0147.txt,mariogpt,mariogpt::level_025.txt,LEFT,win,1.0,True,False,False,1,1,9.933,7,4,0,38,476.0,40.0,55.193991804379756,128.53673607484993,20,1,0,0,0,0,0,0,0,0
v_1064df0a-ddde-4f5a-858e-422554729842,btl_a57de248-cc7d-49c7-8845-b0f9383ec948,1854fded-6308-4b7f-ba88-752698f252d9,anon_eb610ba1-0a9f-4dc9-9195-09c829139bea,2026-02-18T13:19:28.864777+00:00,2026-02-18 13:19:28.864777+00:00,right,mariogpt,mariogpt::level_025.txt,mariodpo,mariodpo::mariodpo_nintendo_0147.txt,LEFT,loss,0.0,True,False,False,1,1,12.334,7,26,0,47,188.0,0.0,21.682824122527823,60.84976936578827,40,1,0,0,0,0,0,0,0,0
v_963ba8cf-5c2c-4601-b9c9-d8ea57cafb77,btl_71548035-d1ff-4e90-bc90-8384606849ab,53cd5d64-462b-4671-8957-32683337c020,anon_a9445e2d-8170-40b8-bfa3-9fdf5b9366fb,2026-02-17T13:51:10.259134+00:00,2026-02-17 13:51:10.259134+00:00,left,mariodpo,mariodpo::mariodpo_nintendo_0074.txt,mariogpt,mariogpt::level_015.txt,TIE,tie,0.5,True,False,True,0,0,36.183,30,10,1,136,2506.0,40.0,30.743215099497633,703.6707009644222,77,0,0,0,0,0,0,0,0,0
v_963ba8cf-5c2c-4601-b9c9-d8ea57cafb77,btl_71548035-d1ff-4e90-bc90-8384606849ab,53cd5d64-462b-4671-8957-32683337c020,anon_a9445e2d-8170-40b8-bfa3-9fdf5b9366fb,2026-02-17T13:51:10.259134+00:00,2026-02-17 13:51:10.259134+00:00,right,mariogpt,mariogpt::level_015.txt,mariodpo,mariodpo::mariodpo_nintendo_0074.txt,TIE,tie,0.5,True,False,False,1,1,15.15,14,4,0,57,624.0,0.0,51.81772514271382,192.6893260197812,32,1,0,0,0,0,0,0,0,0
v_244b3342-7764-4c65-8d75-8408e2d7da14,btl_4cb03096-7e0e-4eb0-aeb6-f9d2a45ea9bc,53cd5d64-462b-4671-8957-32683337c020,anon_a9445e2d-8170-40b8-bfa3-9fdf5b9366fb,2026-02-17T13:50:12.925976+00:00,2026-02-17 13:50:12.925976+00:00,left,mariodpo,mariodpo::mariodpo_nintendo_0107.txt,genetic,genetic::lvl-38.txt,TIE,tie,0.5,True,False,False,1,1,5.102,4,1,0,20,643.0,40.0,21.561307938063496,230.52962933210992,10,1,0,0,0,0,0,0,0,0
v_244b3342-7764-4c65-8d75-8408e2d7da14,btl_4cb03096-7e0e-4eb0-aeb6-f9d2a45ea9bc,53cd5d64-462b-4671-8957-32683337c020,anon_a9445e2d-8170-40b8-bfa3-9fdf5b9366fb,2026-02-17T13:50:12.925976+00:00,2026-02-17 13:50:12.925976+00:00,right,genetic,genetic::lvl-38.txt,mariodpo,mariodpo::mariodpo_nintendo_0107.txt,TIE,tie,0.5,True,False,True,0,0,17.607,14,0,0,66,2077.0,8.0,36.887579565089375,564.0225870035151,29,0,0,0,0,0,0,0,0,0
v_ccb21a0d-6bae-4af7-aa08-4864e266817e,btl_41ecc0d5-7c5d-4808-bf73-21e02b74177d,53cd5d64-462b-4671-8957-32683337c020,anon_a9445e2d-8170-40b8-bfa3-9fdf5b9366fb,2026-02-17T13:49:46.780673+00:00,2026-02-17 13:49:46.780673+00:00,left,notch,notch::lvl-18.txt,mariogpt,mariogpt::level_035.txt,TIE,tie,0.5,True,False,False,1,1,6.677,6,0,0,26,492.0,8.0,37.83804243907581,113.06870718451988,14,1,0,0,0,0,0,0,0,0
v_ccb21a0d-6bae-4af7-aa08-4864e266817e,btl_41ecc0d5-7c5d-4808-bf73-21e02b74177d,53cd5d64-462b-4671-8957-32683337c020,anon_a9445e2d-8170-40b8-bfa3-9fdf5b9366fb,2026-02-17T13:49:46.780673+00:00,2026-02-17 13:49:46.780673+00:00,right,mariogpt,mariogpt::level_035.txt,notch,notch::lvl-18.txt,TIE,tie,0.5,True,False,False,1,1,0.651,0,0,0,3,8.0,8.0,0.0,0.0,2,1,0,0,0,0,0,0,0,0
v_8add7cf8-d49f-4069-a407-e78e7624869a,btl_ebba4b19-6751-45d5-85bb-2742dc735eee,53cd5d64-462b-4671-8957-32683337c020,anon_a9445e2d-8170-40b8-bfa3-9fdf5b9366fb,2026-02-17T13:49:29.783149+00:00,2026-02-17 13:49:29.783149+00:00,left,hopper,hopper::lvl-63.txt,patternOccur,patternOccur::lvl-71.txt,LEFT,win,1.0,True,False,False,1,1,3.219,2,0,0,13,738.0,8.0,29.7412908041703,254.3695536468254,5,1,0,0,0,0,0,0,0,0
v_8add7cf8-d49f-4069-a407-e78e7624869a,btl_ebba4b19-6751-45d5-85bb-2742dc735eee,53cd5d64-462b-4671-8957-32683337c020,anon_a9445e2d-8170-40b8-bfa3-9fdf5b9366fb,2026-02-17T13:49:29.783149+00:00,2026-02-17 13:49:29.783149+00:00,right,patternOccur,patternOccur::lvl-71.txt,hopper,hopper::lvl-63.txt,LEFT,loss,0.0,True,False,False,1,1,2.937,3,1,0,12,164.0,8.0,42.61675140129759,51.27946307571222,9,1,0,0,0,0,0,0,0,0
v_97abb858-c0be-4a3c-980a-172331135b4a,btl_b2c41baf-5cfa-416b-a755-526397536b51,f7105a8a-8b9a-41fa-9224-73fcb652a38f,anon_b61c4670-c85a-452e-a77c-f3faf427ee06,2026-02-16T19:34:10.271219+00:00,2026-02-16 19:34:10.271219+00:00,left,notchParamRand,notchParamRand::lvl-31.txt,mariogan,mariogan::level_72.txt,RIGHT,loss,0.0,True,False,False,1,1,3.466,3,0,0,14,737.0,8.0,32.83392036493072,237.55945550105804,8,1,0,0,0,0,0,0,0,0
v_97abb858-c0be-4a3c-980a-172331135b4a,btl_b2c41baf-5cfa-416b-a755-526397536b51,f7105a8a-8b9a-41fa-9224-73fcb652a38f,anon_b61c4670-c85a-452e-a77c-f3faf427ee06,2026-02-16T19:34:10.271219+00:00,2026-02-16 19:34:10.271219+00:00,right,mariogan,mariogan::level_72.txt,notchParamRand,notchParamRand::lvl-31.txt,RIGHT,win,1.0,True,False,False,1,1,2.517,2,0,0,10,174.0,8.0,21.019990485249988,51.78455368157575,4,1,0,0,0,0,0,0,0,0
v_70e95cf8-ad7f-430d-ba31-fb88eff201d4,btl_7bb1d1b5-a1fc-4b03-9d27-140648efb683,f7105a8a-8b9a-41fa-9224-73fcb652a38f,anon_b61c4670-c85a-452e-a77c-f3faf427ee06,2026-02-16T19:34:01.422743+00:00,2026-02-16 19:34:01.422743+00:00,left,patternCount,patternCount::lvl-99.txt,ore,ore::lvl-11.txt,RIGHT,loss,0.0,True,False,False,1,1,4.367,4,1,0,17,181.0,8.0,33.41166114317007,57.61037248014491,17,1,0,0,0,0,0,0,0,0
v_70e95cf8-ad7f-430d-ba31-fb88eff201d4,btl_7bb1d1b5-a1fc-4b03-9d27-140648efb683,f7105a8a-8b9a-41fa-9224-73fcb652a38f,anon_b61c4670-c85a-452e-a77c-f3faf427ee06,2026-02-16T19:34:01.422743+00:00,2026-02-16 19:34:01.422743+00:00,right,ore,ore::lvl-11.txt,patternCount,patternCount::lvl-99.txt,RIGHT,win,1.0,True,False,False,1,1,3.133,4,1,0,12,163.0,8.0,36.25833237569906,43.983819625958915,12,1,0,0,0,0,0,0,0,0
v_b5bf5fc7-b94c-4e3b-90e3-5c05c81ccc2c,btl_dda88849-db65-4564-8549-c8dd9b1922ca,f7105a8a-8b9a-41fa-9224-73fcb652a38f,anon_b61c4670-c85a-452e-a77c-f3faf427ee06,2026-02-16T19:33:51.208763+00:00,2026-02-16 19:33:51.208763+00:00,left,notchParamRand,notchParamRand::lvl-54.txt,patternOccur,patternOccur::lvl-60.txt,RIGHT,loss,0.0,True,False,True,0,0,43.251,19,0,0,91,3087.0,8.0,32.9537115942532,983.4761885047725,41,0,0,0,0,0,0,0,0,0
v_b5bf5fc7-b94c-4e3b-90e3-5c05c81ccc2c,btl_dda88849-db65-4564-8549-c8dd9b1922ca,f7105a8a-8b9a-41fa-9224-73fcb652a38f,anon_b61c4670-c85a-452e-a77c-f3faf427ee06,2026-02-16T19:33:51.208763+00:00,2026-02-16 19:33:51.208763+00:00,right,patternOccur,patternOccur::lvl-60.txt,notchParamRand,notchParamRand::lvl-54.txt,RIGHT,win,1.0,True,False,False,1,1,13.617,16,0,0,52,794.0,8.0,39.08824033573753,215.7021037430363,40,1,0,0,0,0,0,0,0,0
v_1a74c6f5-41e1-47a6-a6f9-06fa97e9afe7,btl_f18c51db-a8ad-4aad-8a8c-bef88942d69b,f7105a8a-8b9a-41fa-9224-73fcb652a38f,anon_b61c4670-c85a-452e-a77c-f3faf427ee06,2026-02-16T19:32:49.347905+00:00,2026-02-16 19:32:49.347905+00:00,left,mariogpt,mariogpt::level_077.txt,patternOccur,patternOccur::lvl-49.txt,LEFT,win,1.0,True,False,True,0,0,31.4,26,0,2,118,2355.0,8.0,47.4950344401026,700.2012228222877,58,0,0,0,0,0,0,0,0,0
v_1a74c6f5-41e1-47a6-a6f9-06fa97e9afe7,btl_f18c51db-a8ad-4aad-8a8c-bef88942d69b,f7105a8a-8b9a-41fa-9224-73fcb652a38f,anon_b61c4670-c85a-452e-a77c-f3faf427ee06,2026-02-16T19:32:49.347905+00:00,2026-02-16 19:32:49.347905+00:00,right,patternOccur,patternOccur::lvl-49.txt,mariogpt,mariogpt::level_077.txt,LEFT,loss,0.0,False,True,False,0,0,0.0,0,0,0,0,,,,,0,0,0,0,0,0,0,0,0,0
v_af12b9c2-54b6-48eb-ba93-f17ce2fa62fa,btl_5c2d64d6-7c6e-4365-8e12-66a746179ab0,f7105a8a-8b9a-41fa-9224-73fcb652a38f,anon_b61c4670-c85a-452e-a77c-f3faf427ee06,2026-02-16T19:32:10.505073+00:00,2026-02-16 19:32:10.505073+00:00,left,notchParam,notchParam::lvl-37.txt,notchParamRand,notchParamRand::lvl-49.txt,RIGHT,loss,0.0,True,False,False,1,1,3.451,1,0,0,14,869.0,8.0,7.7053519698708,296.0590812520987,3,1,0,0,0,0,0,0,0,0
v_af12b9c2-54b6-48eb-ba93-f17ce2fa62fa,btl_5c2d64d6-7c6e-4365-8e12-66a746179ab0,f7105a8a-8b9a-41fa-9224-73fcb652a38f,anon_b61c4670-c85a-452e-a77c-f3faf427ee06,2026-02-16T19:32:10.505073+00:00,2026-02-16 19:32:10.505073+00:00,right,notchParamRand,notchParamRand::lvl-49.txt,notchParam,notchParam::lvl-37.txt,RIGHT,win,1.0,True,False,False,1,1,3.533,1,0,0,14,814.0,8.0,18.399755987734274,279.82746141732645,5,1,0,0,0,0,0,0,0,0
v_cf8c0b22-0b2b-4252-9d14-196234db7bef,btl_a55dafe2-7bf0-483f-8ff8-9754fd4255d1,f7105a8a-8b9a-41fa-9224-73fcb652a38f,anon_b61c4670-c85a-452e-a77c-f3faf427ee06,2026-02-16T19:32:01.264489+00:00,2026-02-16 19:32:01.264489+00:00,left,notchParamRand,notchParamRand::lvl-55.txt,marioDiffusion,marioDiffusion::level_83.txt,RIGHT,loss,0.0,True,False,False,1,1,3.2,3,0,0,13,663.0,8.0,48.23561501850077,222.13850362532696,7,1,0,0,0,0,0,0,0,0
v_cf8c0b22-0b2b-4252-9d14-196234db7bef,btl_a55dafe2-7bf0-483f-8ff8-9754fd4255d1,f7105a8a-8b9a-41fa-9224-73fcb652a38f,anon_b61c4670-c85a-452e-a77c-f3faf427ee06,2026-02-16T19:32:01.264489+00:00,2026-02-16 19:32:01.264489+00:00,right,marioDiffusion,marioDiffusion::level_83.txt,notchParamRand,notchParamRand::lvl-55.txt,RIGHT,win,1.0,True,False,False,1,1,16.934,18,0,0,64,1798.0,8.0,49.3858349464639,538.0065309489746,37,1,0,0,0,0,0,0,0,0
v_d3efbc81-695b-4bed-ab6d-523bf0deefef,btl_07554882-fa2d-4893-899d-399cfeb66289,f7105a8a-8b9a-41fa-9224-73fcb652a38f,anon_b61c4670-c85a-452e-a77c-f3faf427ee06,2026-02-16T19:31:36.748403+00:00,2026-02-16 19:31:36.748403+00:00,left,patternCount,patternCount::lvl-12.txt,patternOccur,patternOccur::lvl-51.txt,TIE,tie,0.5,True,False,False,1,1,3.367,2,0,0,13,130.0,8.0,23.348149705588153,32.86893463295282,9,1,0,0,0,0,0,0,0,0
v_d3efbc81-695b-4bed-ab6d-523bf0deefef,btl_07554882-fa2d-4893-899d-399cfeb66289,f7105a8a-8b9a-41fa-9224-73fcb652a38f,anon_b61c4670-c85a-452e-a77c-f3faf427ee06,2026-02-16T19:31:36.748403+00:00,2026-02-16 19:31:36.748403+00:00,right,patternOccur,patternOccur::lvl-51.txt,patternCount,patternCount::lvl-12.txt,TIE,tie,0.5,True,False,False,1,1,1.967,2,0,0,8,155.0,8.0,46.51998898323171,56.90287778311392,5,1,0,0,0,0,0,0,0,0
v_3237319b-73fa-4892-bace-42e33067af2f,btl_894f2b30-de14-4a03-896f-e3b8fca07f4e,f7105a8a-8b9a-41fa-9224-73fcb652a38f,anon_b61c4670-c85a-452e-a77c-f3faf427ee06,2026-02-16T19:31:28.988045+00:00,2026-02-16 19:31:28.988045+00:00,left,genetic,genetic::lvl-8.txt,mariodpo,mariodpo::mariodpo_nintendo_0181.txt,RIGHT,loss,0.0,True,False,True,0,0,12.817,7,2,0,49,2066.0,8.0,26.304388727087083,646.1640658532475,16,0,0,0,0,0,0,0,0,0
v_3237319b-73fa-4892-bace-42e33067af2f,btl_894f2b30-de14-4a03-896f-e3b8fca07f4e,f7105a8a-8b9a-41fa-9224-73fcb652a38f,anon_b61c4670-c85a-452e-a77c-f3faf427ee06,2026-02-16T19:31:28.988045+00:00,2026-02-16 19:31:28.988045+00:00,right,mariodpo,mariodpo::mariodpo_nintendo_0181.txt,genetic,genetic::lvl-8.txt,RIGHT,win,1.0,True,False,False,1,1,19.651,13,3,0,73,939.0,40.0,35.41602200098395,296.2693185281674,35,1,0,0,0,0,0,0,0,0
v_a1f4c7ed-3eee-4485-a687-e6ca3e9044cf,btl_6debafa2-25f7-4110-a56b-2f0d5ce8d431,f7105a8a-8b9a-41fa-9224-73fcb652a38f,anon_b61c4670-c85a-452e-a77c-f3faf427ee06,2026-02-16T19:30:53.496984+00:00,2026-02-16 19:30:53.496984+00:00,left,notchParam,notchParam::lvl-90.txt,genetic,genetic::lvl-24.txt,RIGHT,loss,0.0,True,False,False,1,1,4.6,3,0,0,18,1127.0,8.0,33.1867145811597,368.46959101962926,9,1,0,0,0,0,0,0,0,0
v_a1f4c7ed-3eee-4485-a687-e6ca3e9044cf,btl_6debafa2-25f7-4110-a56b-2f0d5ce8d431,f7105a8a-8b9a-41fa-9224-73fcb652a38f,anon_b61c4670-c85a-452e-a77c-f3faf427ee06,2026-02-16T19:30:53.496984+00:00,2026-02-16 19:30:53.496984+00:00,right,genetic,genetic::lvl-24.txt,notchParam,notchParam::lvl-90.txt,RIGHT,win,1.0,True,False,False,1,1,3.283,2,0,0,13,449.0,8.0,35.07034351247276,140.84424230942483,5,1,0,0,0,0,0,0,0,0
v_c33f573e-fd83-45d2-b106-4073de46d81e,btl_628da06c-0a57-489f-bc44-ea9e8f33e9bb,f7105a8a-8b9a-41fa-9224-73fcb652a38f,anon_b61c4670-c85a-452e-a77c-f3faf427ee06,2026-02-16T19:30:42.038951+00:00,2026-02-16 19:30:42.038951+00:00,left,patternWeightCount,patternWeightCount::lvl-4.txt,notchParam,notchParam::lvl-11.txt,TIE,tie,0.5,True,False,False,1,1,15.634,16,1,0,57,458.0,8.0,33.50916689397064,108.24097917228971,43,1,0,0,0,0,0,0,0,0
v_c33f573e-fd83-45d2-b106-4073de46d81e,btl_628da06c-0a57-489f-bc44-ea9e8f33e9bb,f7105a8a-8b9a-41fa-9224-73fcb652a38f,anon_b61c4670-c85a-452e-a77c-f3faf427ee06,2026-02-16T19:30:42.038951+00:00,2026-02-16 19:30:42.038951+00:00,right,notchParam,notchParam::lvl-11.txt,patternWeightCount,patternWeightCount::lvl-4.txt,TIE,tie,0.5,True,False,False,1,1,8.567,7,0,1,33,2120.0,8.0,32.0169835555495,667.5722802148804,16,1,0,0,0,0,0,0,0,0
v_d8baf1c7-4338-4ce5-93ea-8dd10f596367,btl_bb8efae5-96f2-4955-9dfc-1f14b72e41a8,f7105a8a-8b9a-41fa-9224-73fcb652a38f,anon_b61c4670-c85a-452e-a77c-f3faf427ee06,2026-02-16T19:30:14.390625+00:00,2026-02-16 19:30:14.390625+00:00,left,notchParamRand,notchParamRand::lvl-18.txt,mariogpt,mariogpt::level_043.txt,LEFT,win,1.0,True,False,False,1,1,5.267,2,0,0,20,532.0,8.0,22.773833669367132,156.21584426683486,5,1,0,0,0,0,0,0,0,0
v_d8baf1c7-4338-4ce5-93ea-8dd10f596367,btl_bb8efae5-96f2-4955-9dfc-1f14b72e41a8,f7105a8a-8b9a-41fa-9224-73fcb652a38f,anon_b61c4670-c85a-452e-a77c-f3faf427ee06,2026-02-16T19:30:14.390625+00:00,2026-02-16 19:30:14.390625+00:00,right,mariogpt,mariogpt::level_043.txt,notchParamRand,notchParamRand::lvl-18.txt,LEFT,loss,0.0,True,False,False,1,1,6.233,7,1,0,24,32.0,8.0,11.273047379578525,4.795107460271933,17,1,0,0,0,0,0,0,0,0
v_a00ab3b3-0e2d-4136-b958-b473b3ba9257,btl_6fe9f1ea-7b76-424e-b34a-b52449dbf448,f7105a8a-8b9a-41fa-9224-73fcb652a38f,anon_b61c4670-c85a-452e-a77c-f3faf427ee06,2026-02-16T19:29:54.587125+00:00,2026-02-16 19:29:54.587125+00:00,left,patternOccur,patternOccur::lvl-62.txt,notchParamRand,notchParamRand::lvl-31.txt,TIE,tie,0.5,True,False,False,1,1,20.534,18,0,0,78,986.0,8.0,38.65652284817368,291.77236630798313,52,1,0,0,0,0,0,0,0,0
v_a00ab3b3-0e2d-4136-b958-b473b3ba9257,btl_6fe9f1ea-7b76-424e-b34a-b52449dbf448,f7105a8a-8b9a-41fa-9224-73fcb652a38f,anon_b61c4670-c85a-452e-a77c-f3faf427ee06,2026-02-16T19:29:54.587125+00:00,2026-02-16 19:29:54.587125+00:00,right,notchParamRand,notchParamRand::lvl-31.txt,patternOccur,patternOccur::lvl-62.txt,TIE,tie,0.5,True,False,True,0,0,10.817,11,0,0,41,3048.0,8.0,34.95284492331339,945.577804778616,22,0,0,0,0,0,0,0,0,0
v_bab8dce7-6bdd-44a9-b020-b7d408ce892b,btl_253f0540-0be9-4be1-95cb-5bdda58bc5f2,f7105a8a-8b9a-41fa-9224-73fcb652a38f,anon_b61c4670-c85a-452e-a77c-f3faf427ee06,2026-02-16T19:29:19.770531+00:00,2026-02-16 19:29:19.770531+00:00,left,mariogan,mariogan::level_53.txt,genetic,genetic::lvl-23.txt,LEFT,win,1.0,True,False,False,1,1,5.717,5,0,1,22,1324.0,8.0,26.7131997582153,444.90314667054827,13,1,0,0,0,0,0,0,0,0
v_bab8dce7-6bdd-44a9-b020-b7d408ce892b,btl_253f0540-0be9-4be1-95cb-5bdda58bc5f2,f7105a8a-8b9a-41fa-9224-73fcb652a38f,anon_b61c4670-c85a-452e-a77c-f3faf427ee06,2026-02-16T19:29:19.770531+00:00,2026-02-16 19:29:19.770531+00:00,right,genetic,genetic::lvl-23.txt,mariogan,mariogan::level_53.txt,LEFT,loss,0.0,True,False,False,1,1,3.05,4,0,0,12,618.0,8.0,26.91795662543665,214.3897670650869,9,1,0,0,0,0,0,0,0,0
v_5dbee52d-64e1-4470-bfef-0a8070ae2de1,btl_4459590e-ba3c-4ad3-bcf0-d435cdb1fd32,d0fb0fa2-aeb0-4aab-b4c6-d0a75797d179,anon_a1a3afbf-3494-4602-8e4a-b7e8afac4157,2026-02-16T18:43:42.524277+00:00,2026-02-16 18:43:42.524277+00:00,left,notch,notch::lvl-34.txt,mariogpt,mariogpt::level_062.txt,RIGHT,loss,0.0,True,False,False,1,1,5.284,5,0,0,20,780.0,8.0,29.543992621174276,233.43124790824385,11,1,0,0,0,0,0,0,0,0
v_5dbee52d-64e1-4470-bfef-0a8070ae2de1,btl_4459590e-ba3c-4ad3-bcf0-d435cdb1fd32,d0fb0fa2-aeb0-4aab-b4c6-d0a75797d179,anon_a1a3afbf-3494-4602-8e4a-b7e8afac4157,2026-02-16T18:43:42.524277+00:00,2026-02-16 18:43:42.524277+00:00,right,mariogpt,mariogpt::level_062.txt,notch,notch::lvl-34.txt,RIGHT,win,1.0,True,False,False,1,1,23.033,16,0,2,83,1668.0,8.0,33.23920177690144,523.8401176536648,36,1,1,0,0,0,0,1,0,0
v_f2ab7344-afff-40ba-ac95-419a3702d9fa,btl_afb7c157-ebf1-43f5-b236-8aa57bc2c9a0,c945659e-4ab8-4b3e-b2e0-4a3c33b17848,anon_a9445e2d-8170-40b8-bfa3-9fdf5b9366fb,2026-02-15T10:18:07.442848+00:00,2026-02-15 10:18:07.442848+00:00,left,notch,notch::lvl-65.txt,patternOccur,patternOccur::lvl-57.txt,LEFT,win,1.0,True,False,False,1,1,6.008,4,0,0,23,812.0,8.0,31.8306007728044,222.19080170643645,9,1,0,0,0,0,0,0,0,0
v_f2ab7344-afff-40ba-ac95-419a3702d9fa,btl_afb7c157-ebf1-43f5-b236-8aa57bc2c9a0,c945659e-4ab8-4b3e-b2e0-4a3c33b17848,anon_a9445e2d-8170-40b8-bfa3-9fdf5b9366fb,2026-02-15T10:18:07.442848+00:00,2026-02-15 10:18:07.442848+00:00,right,patternOccur,patternOccur::lvl-57.txt,notch,notch::lvl-65.txt,LEFT,loss,0.0,True,False,False,1,1,6.344,7,1,0,24,374.0,8.0,35.09975862531758,136.6191990737596,19,1,0,0,0,0,0,0,0,0
v_c01ae552-072c-457d-bd49-c6e0f2c7e472,btl_ff6124a2-5db1-4962-8c25-a655476324d8,c1a104a6-ceb8-44e1-8532-f761e671c6a9,anon_a9445e2d-8170-40b8-bfa3-9fdf5b9366fb,2026-02-15T10:14:31.353126+00:00,2026-02-15 10:14:31.353126+00:00,left,notchParamRand,notchParamRand::lvl-27.txt,marioDiffusion,marioDiffusion::level_96.txt,LEFT,win,1.0,True,False,False,1,1,5.779,3,1,0,22,1458.0,8.0,13.688687493301035,482.4601298133392,8,1,0,0,0,0,0,0,0,0
v_c01ae552-072c-457d-bd49-c6e0f2c7e472,btl_ff6124a2-5db1-4962-8c25-a655476324d8,c1a104a6-ceb8-44e1-8532-f761e671c6a9,anon_a9445e2d-8170-40b8-bfa3-9fdf5b9366fb,2026-02-15T10:14:31.353126+00:00,2026-02-15 10:14:31.353126+00:00,right,marioDiffusion,marioDiffusion::level_96.txt,notchParamRand,notchParamRand::lvl-27.txt,LEFT,loss,0.0,True,False,False,1,1,2.404,0,0,0,10,100.0,0.0,18.9,28.804339950778246,1,1,1,0,0,0,0,0,1,0
v_42ecfcb0-3b7e-4207-a9b5-e4df542d7df4,btl_ac4a1507-74ce-4c53-af67-1be0c7040494,c1a104a6-ceb8-44e1-8532-f761e671c6a9,anon_a9445e2d-8170-40b8-bfa3-9fdf5b9366fb,2026-02-15T10:14:18.869394+00:00,2026-02-15 10:14:18.869394+00:00,left,notchParamRand,notchParamRand::lvl-18.txt,genetic,genetic::lvl-69.txt,TIE,tie,0.5,True,False,False,1,1,2.718,2,0,0,11,418.0,8.0,30.758187783133117,152.4552772791022,5,1,0,0,0,0,0,0,0,0
v_42ecfcb0-3b7e-4207-a9b5-e4df542d7df4,btl_ac4a1507-74ce-4c53-af67-1be0c7040494,c1a104a6-ceb8-44e1-8532-f761e671c6a9,anon_a9445e2d-8170-40b8-bfa3-9fdf5b9366fb,2026-02-15T10:14:18.869394+00:00,2026-02-15 10:14:18.869394+00:00,right,genetic,genetic::lvl-69.txt,notchParamRand,notchParamRand::lvl-18.txt,TIE,tie,0.5,True,False,False,1,1,1.118,0,0,0,5,60.0,8.0,0.0,20.175232340669588,2,1,0,0,0,0,0,0,0,0
v_8b545136-a8cc-4d13-8305-f9c46d29d1d9,btl_e9702a7b-ccc7-4168-a23c-4bae26187558,c1a104a6-ceb8-44e1-8532-f761e671c6a9,anon_a9445e2d-8170-40b8-bfa3-9fdf5b9366fb,2026-02-15T10:14:10.754225+00:00,2026-02-15 10:14:10.754225+00:00,left,mariogpt,mariogpt::level_032.txt,patternOccur,patternOccur::lvl-86.txt,LEFT,win,1.0,True,False,True,0,0,33.239,34,2,1,123,2360.0,8.0,55.525911451212906,739.9142401799495,77,0,1,0,0,0,0,1,0,0
v_8b545136-a8cc-4d13-8305-f9c46d29d1d9,btl_e9702a7b-ccc7-4168-a23c-4bae26187558,c1a104a6-ceb8-44e1-8532-f761e671c6a9,anon_a9445e2d-8170-40b8-bfa3-9fdf5b9366fb,2026-02-15T10:14:10.754225+00:00,2026-02-15 10:14:10.754225+00:00,right,patternOccur,patternOccur::lvl-86.txt,mariogpt,mariogpt::level_032.txt,LEFT,loss,0.0,True,False,False,1,1,4.542,5,0,0,18,449.0,8.0,42.523813226920566,145.7831236316552,15,1,0,0,0,0,0,0,0,0
v_d2ef39cc-bef5-4306-9d54-e8ee8844d1d1,btl_0d90181c-92ac-4e9b-8375-ddfdb55b92c6,5956bf10-951a-49f8-8a70-5e8f0512d9f9,anon_a9445e2d-8170-40b8-bfa3-9fdf5b9366fb,2026-02-14T13:18:09.639940+00:00,2026-02-14 13:18:09.639940+00:00,left,patternWeightCount,patternWeightCount::lvl-93.txt,ore,ore::lvl-24.txt,RIGHT,loss,0.0,True,False,False,1,1,0.705,0,0,0,3,8.0,8.0,75.07477753694793,0.0,5,1,0,0,0,0,0,0,0,0
v_d2ef39cc-bef5-4306-9d54-e8ee8844d1d1,btl_0d90181c-92ac-4e9b-8375-ddfdb55b92c6,5956bf10-951a-49f8-8a70-5e8f0512d9f9,anon_a9445e2d-8170-40b8-bfa3-9fdf5b9366fb,2026-02-14T13:18:09.639940+00:00,2026-02-14 13:18:09.639940+00:00,right,ore,ore::lvl-24.txt,patternWeightCount,patternWeightCount::lvl-93.txt,RIGHT,win,1.0,True,False,True,0,0,39.082,39,1,2,147,3056.0,8.0,53.45708691658818,931.9339095122729,89,0,0,0,0,0,0,0,0,0
v_f1453cee-0d10-4876-9731-16b07dbebbc9,btl_84c57694-f0f1-46c6-9a36-206b5017d262,5956bf10-951a-49f8-8a70-5e8f0512d9f9,anon_a9445e2d-8170-40b8-bfa3-9fdf5b9366fb,2026-02-14T13:17:21.631102+00:00,2026-02-14 13:17:21.631102+00:00,left,mariodpo,mariodpo::mariodpo_nintendo_0187.txt,ore,ore::lvl-31.txt,LEFT,win,1.0,True,False,True,0,0,49.619,32,8,2,187,2984.0,40.0,57.12236036681512,869.2942201526299,80,0,0,0,0,0,0,0,0,0
v_f1453cee-0d10-4876-9731-16b07dbebbc9,btl_84c57694-f0f1-46c6-9a36-206b5017d262,5956bf10-951a-49f8-8a70-5e8f0512d9f9,anon_a9445e2d-8170-40b8-bfa3-9fdf5b9366fb,2026-02-14T13:17:21.631102+00:00,2026-02-14 13:17:21.631102+00:00,right,ore,ore::lvl-31.txt,mariodpo,mariodpo::mariodpo_nintendo_0187.txt,LEFT,loss,0.0,True,False,False,1,1,37.417,30,1,0,141,2226.0,8.0,47.92469635058484,662.6791380889753,72,1,0,0,0,0,0,0,0,0
v_8c34665e-5afa-4052-9386-3ce5ecb67bca,btl_29ab9e71-ef1d-49b0-b8f2-44aa0224e587,5956bf10-951a-49f8-8a70-5e8f0512d9f9,anon_a9445e2d-8170-40b8-bfa3-9fdf5b9366fb,2026-02-14T13:15:49.598896+00:00,2026-02-14 13:15:49.598896+00:00,left,notch,notch::lvl-15.txt,ore,ore::lvl-1.txt,RIGHT,loss,0.0,True,False,False,1,1,7.236,6,0,0,28,834.0,8.0,29.909642837952404,260.1644569168839,14,1,0,0,0,0,0,0,0,0
v_8c34665e-5afa-4052-9386-3ce5ecb67bca,btl_29ab9e71-ef1d-49b0-b8f2-44aa0224e587,5956bf10-951a-49f8-8a70-5e8f0512d9f9,anon_a9445e2d-8170-40b8-bfa3-9fdf5b9366fb,2026-02-14T13:15:49.598896+00:00,2026-02-14 13:15:49.598896+00:00,right,ore,ore::lvl-1.txt,notch,notch::lvl-15.txt,RIGHT,win,1.0,True,False,False,1,1,7.415,6,0,0,28,468.0,8.0,34.0812916242256,155.91115912857657,14,1,0,0,0,0,0,0,0,0
v_03eb6a6f-a2b5-4652-a9e1-56f8bef84d28,btl_1c571739-9fdb-44b4-9445-1dc0ee8090c9,5956bf10-951a-49f8-8a70-5e8f0512d9f9,anon_a9445e2d-8170-40b8-bfa3-9fdf5b9366fb,2026-02-14T13:15:31.978248+00:00,2026-02-14 13:15:31.978248+00:00,left,ore,ore::lvl-81.txt,mariogpt,mariogpt::level_088.txt,LEFT,win,1.0,True,False,False,1,1,11.054,8,1,1,42,699.0,8.0,38.44117483769837,264.318999405476,20,1,0,0,0,0,0,0,0,0
v_03eb6a6f-a2b5-4652-a9e1-56f8bef84d28,btl_1c571739-9fdb-44b4-9445-1dc0ee8090c9,5956bf10-951a-49f8-8a70-5e8f0512d9f9,anon_a9445e2d-8170-40b8-bfa3-9fdf5b9366fb,2026-02-14T13:15:31.978248+00:00,2026-02-14 13:15:31.978248+00:00,right,mariogpt,mariogpt::level_088.txt,ore,ore::lvl-81.txt,LEFT,loss,0.0,True,False,False,1,1,2.015,0,0,0,8,48.0,0.0,0.9921567416492215,14.649552040932855,1,1,0,0,0,0,0,0,0,0
v_51985a71-6a28-4211-84d4-bdba82bc265e,btl_a332c50f-3882-4519-b433-44507f6ae951,5956bf10-951a-49f8-8a70-5e8f0512d9f9,anon_a9445e2d-8170-40b8-bfa3-9fdf5b9366fb,2026-02-14T13:15:15.245482+00:00,2026-02-14 13:15:15.245482+00:00,left,mariogan,mariogan::level_36.txt,notchParam,notchParam::lvl-65.txt,LEFT,win,1.0,True,False,True,0,0,29.95,32,0,0,112,2645.0,8.0,53.05986403034188,784.328484829002,66,0,0,0,0,0,0,0,0,0
v_51985a71-6a28-4211-84d4-bdba82bc265e,btl_a332c50f-3882-4519-b433-44507f6ae951,5956bf10-951a-49f8-8a70-5e8f0512d9f9,anon_a9445e2d-8170-40b8-bfa3-9fdf5b9366fb,2026-02-14T13:15:15.245482+00:00,2026-02-14 13:15:15.245482+00:00,right,notchParam,notchParam::lvl-65.txt,mariogan,mariogan::level_36.txt,LEFT,loss,0.0,True,False,True,0,0,25.12,23,0,0,95,3104.0,8.0,33.84908007031577,951.7049144616867,49,0,0,0,0,0,0,0,0,0
v_0c9fbf77-62da-44a4-8def-60fafe93b210,btl_61783249-432d-4f18-b25a-d23b9160ba5d,5956bf10-951a-49f8-8a70-5e8f0512d9f9,anon_a9445e2d-8170-40b8-bfa3-9fdf5b9366fb,2026-02-14T13:14:16.519198+00:00,2026-02-14 13:14:16.519198+00:00,left,patternOccur,patternOccur::lvl-51.txt,patternCount,patternCount::lvl-44.txt,RIGHT,loss,0.0,True,False,False,1,1,2.316,2,0,0,9,145.0,8.0,44.847891068960344,48.294109243823115,6,1,0,0,0,0,0,0,0,0
v_0c9fbf77-62da-44a4-8def-60fafe93b210,btl_61783249-432d-4f18-b25a-d23b9160ba5d,5956bf10-951a-49f8-8a70-5e8f0512d9f9,anon_a9445e2d-8170-40b8-bfa3-9fdf5b9366fb,2026-02-14T13:14:16.519198+00:00,2026-02-14 13:14:16.519198+00:00,right,patternCount,patternCount::lvl-44.txt,patternOccur,patternOccur::lvl-51.txt,RIGHT,win,1.0,True,False,True,0,0,56.686,59,1,0,213,3153.0,8.0,31.029282499163287,885.9226941147525,165,0,0,0,0,0,0,0,0,0
v_2df72478-7352-4ac0-9743-bf501647f93d,btl_3d2d062f-9c7b-45be-b6ff-a18144032ea0,5956bf10-951a-49f8-8a70-5e8f0512d9f9,anon_a9445e2d-8170-40b8-bfa3-9fdf5b9366fb,2026-02-14T13:13:09.662964+00:00,2026-02-14 13:13:09.662964+00:00,left,original,original::lvl-13.txt,mariodpo,mariodpo::mariodpo_nintendo_0173.txt,RIGHT,loss,0.0,True,False,False,1,1,15.148,17,13,0,56,1990.0,24.0,60.73432179902691,577.2035502806897,49,1,0,0,0,0,0,0,0,0
v_2df72478-7352-4ac0-9743-bf501647f93d,btl_3d2d062f-9c7b-45be-b6ff-a18144032ea0,5956bf10-951a-49f8-8a70-5e8f0512d9f9,anon_a9445e2d-8170-40b8-bfa3-9fdf5b9366fb,2026-02-14T13:13:09.662964+00:00,2026-02-14 13:13:09.662964+00:00,right,mariodpo,mariodpo::mariodpo_nintendo_0173.txt,original,original::lvl-13.txt,RIGHT,win,1.0,True,False,False,1,1,14.881,14,5,0,56,1695.0,40.0,61.55224261900269,531.3624226784332,37,1,0,0,0,0,0,0,0,0
v_7be811d9-f1f3-42a9-a21c-ec7ab162594e,btl_1839822f-9468-4ad8-b13f-cb34c110e77b,5956bf10-951a-49f8-8a70-5e8f0512d9f9,anon_a9445e2d-8170-40b8-bfa3-9fdf5b9366fb,2026-02-14T13:12:27.391700+00:00,2026-02-14 13:12:27.391700+00:00,left,marioDiffusion,marioDiffusion::level_97.txt,mariodpo,mariodpo::mariodpo_nintendo_0162.txt,RIGHT,loss,0.0,True,False,False,1,1,0.707,0,0,0,3,8.0,8.0,75.07477753694793,0.0,1,1,0,0,0,0,0,0,0,0
v_7be811d9-f1f3-42a9-a21c-ec7ab162594e,btl_1839822f-9468-4ad8-b13f-cb34c110e77b,5956bf10-951a-49f8-8a70-5e8f0512d9f9,anon_a9445e2d-8170-40b8-bfa3-9fdf5b9366fb,2026-02-14T13:12:27.391700+00:00,2026-02-14 13:12:27.391700+00:00,right,mariodpo,mariodpo::mariodpo_nintendo_0162.txt,marioDiffusion,marioDiffusion::level_97.txt,RIGHT,win,1.0,True,False,True,0,0,51.156,33,6,1,192,2503.0,40.0,55.27614128889544,675.3078451816541,82,0,0,0,0,0,0,0,0,0
v_0024d98e-436a-4fb2-a210-4d1583e140a2,btl_73b2fa93-b67a-42f1-a186-19c6937167fb,5956bf10-951a-49f8-8a70-5e8f0512d9f9,anon_a9445e2d-8170-40b8-bfa3-9fdf5b9366fb,2026-02-14T13:11:30.364738+00:00,2026-02-14 13:11:30.364738+00:00,left,marioDiffusion,marioDiffusion::level_62.txt,notchParamRand,notchParamRand::lvl-83.txt,LEFT,win,1.0,True,False,False,1,1,59.644,49,0,4,224,1003.0,8.0,54.67358040782558,271.12174372462385,104,1,0,0,0,0,0,0,0,0
v_0024d98e-436a-4fb2-a210-4d1583e140a2,btl_73b2fa93-b67a-42f1-a186-19c6937167fb,5956bf10-951a-49f8-8a70-5e8f0512d9f9,anon_a9445e2d-8170-40b8-bfa3-9fdf5b9366fb,2026-02-14T13:11:30.364738+00:00,2026-02-14 13:11:30.364738+00:00,right,notchParamRand,notchParamRand::lvl-83.txt,marioDiffusion,marioDiffusion::level_62.txt,LEFT,loss,0.0,True,False,False,1,1,7.78,6,1,1,30,1214.0,8.0,37.50087406388757,379.6258333324187,18,1,0,0,0,0,0,0,0,0
v_3568d900-9ad5-465b-ad3e-d699873311ad,btl_8dd145e1-9d93-44c8-9800-9bcf7a5f3eca,5956bf10-951a-49f8-8a70-5e8f0512d9f9,anon_a9445e2d-8170-40b8-bfa3-9fdf5b9366fb,2026-02-14T13:10:18.143321+00:00,2026-02-14 13:10:18.143321+00:00,left,ore,ore::lvl-94.txt,patternCount,patternCount::lvl-7.txt,LEFT,win,1.0,True,False,False,1,1,5.941,2,0,0,23,171.0,5.0,44.76183562105503,42.463505959521186,5,1,0,0,0,0,0,0,0,0
v_3568d900-9ad5-465b-ad3e-d699873311ad,btl_8dd145e1-9d93-44c8-9800-9bcf7a5f3eca,5956bf10-951a-49f8-8a70-5e8f0512d9f9,anon_a9445e2d-8170-40b8-bfa3-9fdf5b9366fb,2026-02-14T13:10:18.143321+00:00,2026-02-14 13:10:18.143321+00:00,right,patternCount,patternCount::lvl-7.txt,ore,ore::lvl-94.txt,LEFT,loss,0.0,True,False,False,1,1,3.081,2,0,0,12,70.0,0.0,18.68804579284724,21.97773494547,12,1,0,0,0,0,0,0,0,0
v_e7164225-2576-4354-b9a0-1d0bce2626b0,btl_53ee77a6-e83c-48e3-8470-cab0c066e40a,5956bf10-951a-49f8-8a70-5e8f0512d9f9,anon_a9445e2d-8170-40b8-bfa3-9fdf5b9366fb,2026-02-14T13:10:04.951307+00:00,2026-02-14 13:10:04.951307+00:00,left,patternCount,patternCount::lvl-64.txt,patternOccur,patternOccur::lvl-13.txt,RIGHT,loss,0.0,True,False,False,1,1,36.805,34,1,0,139,1451.0,8.0,35.329352365333634,421.4486466361734,105,1,0,0,0,0,0,0,0,0
v_e7164225-2576-4354-b9a0-1d0bce2626b0,btl_53ee77a6-e83c-48e3-8470-cab0c066e40a,5956bf10-951a-49f8-8a70-5e8f0512d9f9,anon_a9445e2d-8170-40b8-bfa3-9fdf5b9366fb,2026-02-14T13:10:04.951307+00:00,2026-02-14 13:10:04.951307+00:00,right,patternOccur,patternOccur::lvl-13.txt,patternCount,patternCount::lvl-64.txt,RIGHT,win,1.0,True,False,False,1,1,9.682,4,0,0,37,217.0,8.0,33.00946142339165,50.84043127428068,12,1,0,0,0,0,0,0,0,0
v_4a8224e6-5e5e-4bc9-9f6c-370c6cfbefd0,btl_0545957d-409c-48e6-8bc4-344ca1626733,5956bf10-951a-49f8-8a70-5e8f0512d9f9,anon_a9445e2d-8170-40b8-bfa3-9fdf5b9366fb,2026-02-14T13:09:14.624688+00:00,2026-02-14 13:09:14.624688+00:00,left,hopper,hopper::lvl-100.txt,marioDiffusion,marioDiffusion::level_28.txt,RIGHT,loss,0.0,True,False,True,0,0,98.721,19,0,1,103,3126.0,8.0,45.79886726560719,798.1067508236264,47,0,0,0,0,0,0,0,0,0
v_4a8224e6-5e5e-4bc9-9f6c-370c6cfbefd0,btl_0545957d-409c-48e6-8bc4-344ca1626733,5956bf10-951a-49f8-8a70-5e8f0512d9f9,anon_a9445e2d-8170-40b8-bfa3-9fdf5b9366fb,2026-02-14T13:09:14.624688+00:00,2026-02-14 13:09:14.624688+00:00,right,marioDiffusion,marioDiffusion::level_28.txt,hopper,hopper::lvl-100.txt,RIGHT,win,1.0,True,False,True,0,0,43.011,33,2,0,162,3298.0,8.0,54.24845360738744,935.793495999196,71,0,0,0,0,0,0,0,0,0
v_ab0b6666-f4b3-4bc5-b9c9-bb874b734942,btl_18d7dfb7-05a1-4e0b-8a4b-e6be03d47e44,5956bf10-951a-49f8-8a70-5e8f0512d9f9,anon_a9445e2d-8170-40b8-bfa3-9fdf5b9366fb,2026-02-14T13:06:45.013868+00:00,2026-02-14 13:06:45.013868+00:00,left,original,original::lvl-1.txt,patternCount,patternCount::lvl-83.txt,LEFT,win,1.0,True,False,True,0,0,15.477,18,2,3,59,3150.0,56.0,45.067474708981,997.1938392318773,41,0,0,0,0,0,0,0,0,0
v_ab0b6666-f4b3-4bc5-b9c9-bb874b734942,btl_18d7dfb7-05a1-4e0b-8a4b-e6be03d47e44,5956bf10-951a-49f8-8a70-5e8f0512d9f9,anon_a9445e2d-8170-40b8-bfa3-9fdf5b9366fb,2026-02-14T13:06:45.013868+00:00,2026-02-14 13:06:45.013868+00:00,right,patternCount,patternCount::lvl-83.txt,original,original::lvl-1.txt,LEFT,loss,0.0,True,False,False,1,1,0.714,0,0,0,3,8.0,8.0,75.07477753694793,0.0,11,1,0,0,0,0,0,0,0,0
v_4b19328b-d9b2-4ee8-95a3-7e3ee1ee88ec,btl_f26a37e8-8868-406e-816c-1bb66a85bac5,5956bf10-951a-49f8-8a70-5e8f0512d9f9,anon_a9445e2d-8170-40b8-bfa3-9fdf5b9366fb,2026-02-14T13:06:23.637755+00:00,2026-02-14 13:06:23.637755+00:00,left,mariogpt,mariogpt::level_086.txt,mariodpo,mariodpo::mariodpo_nintendo_0056.txt,TIE,tie,0.5,True,False,False,1,1,32.773,22,3,1,124,1931.0,8.0,38.475706722610965,677.2113638071285,53,1,0,0,0,0,0,0,0,0
v_4b19328b-d9b2-4ee8-95a3-7e3ee1ee88ec,btl_f26a37e8-8868-406e-816c-1bb66a85bac5,5956bf10-951a-49f8-8a70-5e8f0512d9f9,anon_a9445e2d-8170-40b8-bfa3-9fdf5b9366fb,2026-02-14T13:06:23.637755+00:00,2026-02-14 13:06:23.637755+00:00,right,mariodpo,mariodpo::mariodpo_nintendo_0056.txt,mariogpt,mariogpt::level_086.txt,TIE,tie,0.5,True,False,False,1,1,40.846,25,4,0,154,2140.0,3.0,38.83569230482975,747.9982720246961,62,1,1,0,0,0,0,0,1,0
v_5243ceef-307d-471e-bcd5-8e45136efd98,btl_f27de85e-13da-46ba-84dc-cb1e1ac4a479,5956bf10-951a-49f8-8a70-5e8f0512d9f9,anon_a9445e2d-8170-40b8-bfa3-9fdf5b9366fb,2026-02-14T13:04:57.174218+00:00,2026-02-14 13:04:57.174218+00:00,left,genetic,genetic::lvl-28.txt,mariogan,mariogan::level_28.txt,RIGHT,loss,0.0,True,False,True,0,0,11.617,5,1,0,44,2056.0,8.0,20.774567254893643,649.3846546940158,12,0,0,0,0,0,0,0,0,0
v_5243ceef-307d-471e-bcd5-8e45136efd98,btl_f27de85e-13da-46ba-84dc-cb1e1ac4a479,5956bf10-951a-49f8-8a70-5e8f0512d9f9,anon_a9445e2d-8170-40b8-bfa3-9fdf5b9366fb,2026-02-14T13:04:57.174218+00:00,2026-02-14 13:04:57.174218+00:00,right,mariogan,mariogan::level_28.txt,genetic,genetic::lvl-28.txt,RIGHT,win,1.0,True,False,False,1,1,45.648,33,0,0,171,924.0,8.0,50.970745473134585,200.8595518186444,68,1,0,0,0,0,0,0,0,0
v_bbd75c97-620e-4350-b83d-a308227e0a4f,btl_ca922ef7-5784-44c3-bcba-c5727467eda2,5956bf10-951a-49f8-8a70-5e8f0512d9f9,anon_a9445e2d-8170-40b8-bfa3-9fdf5b9366fb,2026-02-14T13:03:55.928709+00:00,2026-02-14 13:03:55.928709+00:00,left,notchParam,notchParam::lvl-87.txt,patternOccur,patternOccur::lvl-42.txt,RIGHT,loss,0.0,True,False,True,0,0,24.641,13,0,0,93,3100.0,8.0,23.01763538911484,922.620946308773,28,0,0,0,0,0,0,0,0,0
v_bbd75c97-620e-4350-b83d-a308227e0a4f,btl_ca922ef7-5784-44c3-bcba-c5727467eda2,5956bf10-951a-49f8-8a70-5e8f0512d9f9,anon_a9445e2d-8170-40b8-bfa3-9fdf5b9366fb,2026-02-14T13:03:55.928709+00:00,2026-02-14 13:03:55.928709+00:00,right,patternOccur,patternOccur::lvl-42.txt,notchParam,notchParam::lvl-87.txt,RIGHT,win,1.0,True,False,False,1,1,1.947,2,1,0,8,43.0,8.0,23.326152168756852,11.873684137621314,7,1,0,0,0,0,0,0,0,0
v_6cf56a2a-af92-4c9d-ac60-cc1be5dcbd53,btl_e4cb2e7e-8f20-4dc7-8272-b5026746f8e3,5956bf10-951a-49f8-8a70-5e8f0512d9f9,anon_a9445e2d-8170-40b8-bfa3-9fdf5b9366fb,2026-02-14T13:03:24.835751+00:00,2026-02-14 13:03:24.835751+00:00,left,mariogan,mariogan::level_69.txt,mariogpt,mariogpt::level_082.txt,RIGHT,loss,0.0,True,False,False,1,1,18.341,13,0,0,69,560.0,8.0,26.490129258275484,195.0928150118019,26,1,1,0,0,0,0,0,1,0
v_6cf56a2a-af92-4c9d-ac60-cc1be5dcbd53,btl_e4cb2e7e-8f20-4dc7-8272-b5026746f8e3,5956bf10-951a-49f8-8a70-5e8f0512d9f9,anon_a9445e2d-8170-40b8-bfa3-9fdf5b9366fb,2026-02-14T13:03:24.835751+00:00,2026-02-14 13:03:24.835751+00:00,right,mariogpt,mariogpt::level_082.txt,mariogan,mariogan::level_69.txt,RIGHT,win,1.0,True,False,False,1,1,0.078,0,0,0,1,8.0,8.0,0.0,0.0,2,1,1,0,0,1,0,0,0,0
v_c8b839b2-6aed-451c-a105-c6226632e745,btl_5ac4e76e-bd08-4379-932e-7e76d1c0bb44,faaae8a8-310e-4de0-8722-fd99a65a5c7b,anon_a9445e2d-8170-40b8-bfa3-9fdf5b9366fb,2026-02-14T13:02:30.883490+00:00,2026-02-14 13:02:30.883490+00:00,left,notchParam,notchParam::lvl-54.txt,patternOccur,patternOccur::lvl-86.txt,LEFT,win,1.0,True,False,False,1,1,32.974,18,1,1,124,2178.0,8.0,29.432000456722193,746.967238120724,38,1,0,0,0,0,0,0,0,0
v_c8b839b2-6aed-451c-a105-c6226632e745,btl_5ac4e76e-bd08-4379-932e-7e76d1c0bb44,faaae8a8-310e-4de0-8722-fd99a65a5c7b,anon_a9445e2d-8170-40b8-bfa3-9fdf5b9366fb,2026-02-14T13:02:30.883490+00:00,2026-02-14 13:02:30.883490+00:00,right,patternOccur,patternOccur::lvl-86.txt,notchParam,notchParam::lvl-54.txt,LEFT,loss,0.0,True,False,False,1,1,66.946,51,3,0,252,2678.0,8.0,31.982544566786586,656.1103492726285,145,1,0,0,0,0,0,0,0,0
v_fa2428fd-e25c-4bf8-955a-33bb45d04d1c,btl_ea564f05-5d8d-4793-8f8f-ff30bf8c4950,faaae8a8-310e-4de0-8722-fd99a65a5c7b,anon_a9445e2d-8170-40b8-bfa3-9fdf5b9366fb,2026-02-14T13:00:46.613840+00:00,2026-02-14 13:00:46.613840+00:00,left,marioDiffusion,marioDiffusion::level_15.txt,hopper,hopper::lvl-89.txt,LEFT,win,1.0,True,False,True,0,0,56.851,34,0,1,214,3297.0,8.0,43.54258865541378,1033.0865736080918,72,0,0,0,0,0,0,0,0,0
v_fa2428fd-e25c-4bf8-955a-33bb45d04d1c,btl_ea564f05-5d8d-4793-8f8f-ff30bf8c4950,faaae8a8-310e-4de0-8722-fd99a65a5c7b,anon_a9445e2d-8170-40b8-bfa3-9fdf5b9366fb,2026-02-14T13:00:46.613840+00:00,2026-02-14 13:00:46.613840+00:00,right,hopper,hopper::lvl-89.txt,marioDiffusion,marioDiffusion::level_15.txt,LEFT,loss,0.0,True,False,False,1,1,6.312,5,0,1,24,1000.0,8.0,33.97893035887583,322.8048919454116,15,1,0,0,0,0,0,0,0,0
v_7dc2ef89-b5ea-4079-9dd5-19a0c66b51ff,btl_65b84150-4a63-43d5-ad9a-5dfec6a4f967,35982ea6-d25e-4e86-9f4d-77033577ae36,anon_f1b21e41-c962-475b-b25f-4a220e670f9e,2026-02-13T22:19:36.783485+00:00,2026-02-13 22:19:36.783485+00:00,left,original,original::lvl-14.txt,mariogpt,mariogpt::level_045.txt,RIGHT,loss,0.0,True,False,False,1,1,13.401,11,0,0,51,677.0,24.0,30.3021818063027,147.30435972660032,23,1,0,0,0,0,0,0,0,0
v_7dc2ef89-b5ea-4079-9dd5-19a0c66b51ff,btl_65b84150-4a63-43d5-ad9a-5dfec6a4f967,35982ea6-d25e-4e86-9f4d-77033577ae36,anon_f1b21e41-c962-475b-b25f-4a220e670f9e,2026-02-13T22:19:36.783485+00:00,2026-02-13 22:19:36.783485+00:00,right,mariogpt,mariogpt::level_045.txt,original,original::lvl-14.txt,RIGHT,win,1.0,True,False,True,0,0,39.7,42,5,1,147,2332.0,8.0,51.18125756033145,663.8729514476726,94,0,0,0,0,0,0,0,0,0
v_5ea2d43b-3909-4c73-bff1-3a42a1f043b2,btl_120081da-f753-4990-9933-37b02076adcd,35982ea6-d25e-4e86-9f4d-77033577ae36,anon_f1b21e41-c962-475b-b25f-4a220e670f9e,2026-02-13T22:18:34.733247+00:00,2026-02-13 22:18:34.733247+00:00,left,mariodpo,mariodpo::mariodpo_nintendo_0126.txt,notchParam,notchParam::lvl-37.txt,LEFT,win,1.0,True,False,False,1,1,3.45,3,0,0,13,324.0,40.0,21.70948583333859,97.97524140819496,7,1,0,0,0,0,0,0,0,0
v_5ea2d43b-3909-4c73-bff1-3a42a1f043b2,btl_120081da-f753-4990-9933-37b02076adcd,35982ea6-d25e-4e86-9f4d-77033577ae36,anon_f1b21e41-c962-475b-b25f-4a220e670f9e,2026-02-13T22:18:34.733247+00:00,2026-02-13 22:18:34.733247+00:00,right,notchParam,notchParam::lvl-37.txt,mariodpo,mariodpo::mariodpo_nintendo_0126.txt,LEFT,loss,0.0,True,False,False,1,1,4.483,3,0,2,17,1087.0,8.0,19.591502995415567,362.0648205170662,9,1,0,0,0,0,0,0,0,0
v_1324a28f-1f3c-4fdc-9072-eec711b1a8bb,btl_37ddfd20-56d0-4811-8506-b23ac1a7309d,35982ea6-d25e-4e86-9f4d-77033577ae36,anon_f1b21e41-c962-475b-b25f-4a220e670f9e,2026-02-13T22:18:22.361200+00:00,2026-02-13 22:18:22.361200+00:00,left,hopper,hopper::lvl-45.txt,mariogpt,mariogpt::level_043.txt,RIGHT,loss,0.0,True,False,False,1,1,28.584,26,1,5,108,2175.0,8.0,63.079094969904425,537.8950294169558,65,1,0,0,0,0,0,0,0,0
v_1324a28f-1f3c-4fdc-9072-eec711b1a8bb,btl_37ddfd20-56d0-4811-8506-b23ac1a7309d,35982ea6-d25e-4e86-9f4d-77033577ae36,anon_f1b21e41-c962-475b-b25f-4a220e670f9e,2026-02-13T22:18:22.361200+00:00,2026-02-13 22:18:22.361200+00:00,right,mariogpt,mariogpt::level_043.txt,hopper,hopper::lvl-45.txt,RIGHT,win,1.0,True,False,False,1,1,4.3,2,1,0,17,41.0,0.0,15.822764031347226,9.864479635414563,7,1,0,0,0,0,0,0,0,0
v_1065350f-071b-49fa-8352-ae793a8cb0b5,btl_d5946ade-2c01-4726-85bd-ad4de321a5f8,35982ea6-d25e-4e86-9f4d-77033577ae36,anon_f1b21e41-c962-475b-b25f-4a220e670f9e,2026-02-13T22:17:42.500609+00:00,2026-02-13 22:17:42.500609+00:00,left,original,original::lvl-1.txt,patternOccur,patternOccur::lvl-1.txt,LEFT,win,1.0,True,False,True,0,0,76.268,51,7,6,284,3119.0,56.0,45.96016415493942,824.47145803813,119,0,0,0,0,0,0,0,0,0
v_1065350f-071b-49fa-8352-ae793a8cb0b5,btl_d5946ade-2c01-4726-85bd-ad4de321a5f8,35982ea6-d25e-4e86-9f4d-77033577ae36,anon_f1b21e41-c962-475b-b25f-4a220e670f9e,2026-02-13T22:17:42.500609+00:00,2026-02-13 22:17:42.500609+00:00,right,patternOccur,patternOccur::lvl-1.txt,original,original::lvl-1.txt,LEFT,loss,0.0,True,False,False,1,1,3.917,3,0,0,15,363.0,8.0,30.293820418619298,119.5132721592971,9,1,0,0,0,0,0,0,0,0
v_341a1ba7-643c-4857-a715-5a4f6b46b691,btl_cb819340-f66b-4810-aa4c-f7b33879bd4a,35982ea6-d25e-4e86-9f4d-77033577ae36,anon_f1b21e41-c962-475b-b25f-4a220e670f9e,2026-02-13T22:14:31.328450+00:00,2026-02-13 22:14:31.328450+00:00,left,marioDiffusion,marioDiffusion::level_49.txt,notch,notch::lvl-34.txt,LEFT,win,1.0,True,False,True,0,0,33.418,32,3,0,125,3262.0,8.0,47.52608311232897,970.760633202645,68,0,0,0,0,0,0,0,0,0
v_341a1ba7-643c-4857-a715-5a4f6b46b691,btl_cb819340-f66b-4810-aa4c-f7b33879bd4a,35982ea6-d25e-4e86-9f4d-77033577ae36,anon_f1b21e41-c962-475b-b25f-4a220e670f9e,2026-02-13T22:14:31.328450+00:00,2026-02-13 22:14:31.328450+00:00,right,notch,notch::lvl-34.txt,marioDiffusion,marioDiffusion::level_49.txt,LEFT,loss,0.0,True,False,True,0,0,20.933,22,0,0,79,2359.0,8.0,33.38445313711489,683.5653365259182,45,0,0,0,0,0,0,0,0,0
v_9618f3cc-8a7d-4064-bfe7-a9bb0e4f445d,btl_8a54a821-ac6b-4406-be25-832a7750edf3,35982ea6-d25e-4e86-9f4d-77033577ae36,anon_f1b21e41-c962-475b-b25f-4a220e670f9e,2026-02-13T22:13:32.369932+00:00,2026-02-13 22:13:32.369932+00:00,left,patternCount,patternCount::lvl-46.txt,genetic,genetic::lvl-42.txt,RIGHT,loss,0.0,True,False,False,1,1,2.85,2,0,0,11,42.0,8.0,23.62622160032023,10.19155378708474,12,1,0,0,0,0,0,0,0,0
v_9618f3cc-8a7d-4064-bfe7-a9bb0e4f445d,btl_8a54a821-ac6b-4406-be25-832a7750edf3,35982ea6-d25e-4e86-9f4d-77033577ae36,anon_f1b21e41-c962-475b-b25f-4a220e670f9e,2026-02-13T22:13:32.369932+00:00,2026-02-13 22:13:32.369932+00:00,right,genetic,genetic::lvl-42.txt,patternCount,patternCount::lvl-46.txt,RIGHT,win,1.0,True,False,True,0,0,27.818,12,2,0,105,2072.0,8.0,27.089163265776765,536.1466736739211,29,0,0,0,0,0,0,0,0,0
v_5098615c-4d3c-4918-9a84-a034ba7ec0fc,btl_65d201e7-0ce0-4e05-a338-b2bbc3642809,35982ea6-d25e-4e86-9f4d-77033577ae36,anon_f1b21e41-c962-475b-b25f-4a220e670f9e,2026-02-13T22:12:58.912876+00:00,2026-02-13 22:12:58.912876+00:00,left,notch,notch::lvl-62.txt,genetic,genetic::lvl-68.txt,LEFT,win,1.0,True,False,False,1,1,20.068,18,0,0,76,1955.0,8.0,34.548362264802876,580.0367448242054,37,1,0,0,0,0,0,0,0,0
v_5098615c-4d3c-4918-9a84-a034ba7ec0fc,btl_65d201e7-0ce0-4e05-a338-b2bbc3642809,35982ea6-d25e-4e86-9f4d-77033577ae36,anon_f1b21e41-c962-475b-b25f-4a220e670f9e,2026-02-13T22:12:58.912876+00:00,2026-02-13 22:12:58.912876+00:00,right,genetic,genetic::lvl-68.txt,notch,notch::lvl-62.txt,LEFT,loss,0.0,True,False,False,1,1,3.466,2,0,0,14,540.0,8.0,36.296398876866164,183.96590467157944,5,1,0,0,0,0,0,0,0,0
v_ef9838fd-4028-4a65-b54c-a22e3ddfc27f,btl_94361585-1b39-4f43-9eda-1a48b36fd6cd,6b0189af-c020-4b9b-9664-ead2f4522152,anon_f1b21e41-c962-475b-b25f-4a220e670f9e,2026-02-13T22:10:18.865651+00:00,2026-02-13 22:10:18.865651+00:00,left,notchParam,notchParam::lvl-12.txt,mariodpo,mariodpo::mariodpo_nintendo_0050.txt,RIGHT,loss,0.0,True,False,False,1,1,1.75,2,0,0,7,250.0,8.0,23.178984147767324,90.83535228362247,5,1,0,0,0,0,0,0,0,0
v_ef9838fd-4028-4a65-b54c-a22e3ddfc27f,btl_94361585-1b39-4f43-9eda-1a48b36fd6cd,6b0189af-c020-4b9b-9664-ead2f4522152,anon_f1b21e41-c962-475b-b25f-4a220e670f9e,2026-02-13T22:10:18.865651+00:00,2026-02-13 22:10:18.865651+00:00,right,mariodpo,mariodpo::mariodpo_nintendo_0050.txt,notchParam,notchParam::lvl-12.txt,RIGHT,win,1.0,True,False,False,1,1,13.8,11,4,0,52,846.0,40.0,48.93456565635718,209.91194265367338,34,1,0,0,0,0,0,0,0,0
v_cc08e4d2-5480-410c-8fb7-7aa1679af99f,btl_38000d3a-9a1b-4808-8978-c2983d9b0dd9,6b0189af-c020-4b9b-9664-ead2f4522152,anon_f1b21e41-c962-475b-b25f-4a220e670f9e,2026-02-13T22:09:57.320115+00:00,2026-02-13 22:09:57.320115+00:00,left,original,original::lvl-11.txt,notchParamRand,notchParamRand::lvl-87.txt,LEFT,win,1.0,True,False,False,1,1,1.9,1,0,0,8,292.0,8.0,20.35773808653604,102.2652800318857,3,1,0,0,0,0,0,0,0,0
v_cc08e4d2-5480-410c-8fb7-7aa1679af99f,btl_38000d3a-9a1b-4808-8978-c2983d9b0dd9,6b0189af-c020-4b9b-9664-ead2f4522152,anon_f1b21e41-c962-475b-b25f-4a220e670f9e,2026-02-13T22:09:57.320115+00:00,2026-02-13 22:09:57.320115+00:00,right,notchParamRand,notchParamRand::lvl-87.txt,original,original::lvl-11.txt,LEFT,loss,0.0,True,False,False,1,1,2.7,2,0,0,11,542.0,8.0,34.1767404352267,188.64786383345458,4,1,0,0,0,0,0,0,0,0
v_94eb7607-ddd3-418f-aeec-50e80573d804,btl_3a344335-c9a8-4210-9074-b9d1b299c378,6b0189af-c020-4b9b-9664-ead2f4522152,anon_f1b21e41-c962-475b-b25f-4a220e670f9e,2026-02-13T22:09:50.252098+00:00,2026-02-13 22:09:50.252098+00:00,left,notch,notch::lvl-74.txt,ore,ore::lvl-75.txt,RIGHT,loss,0.0,True,False,False,1,1,15.2,9,0,0,57,1169.0,8.0,24.542473908437227,319.72043805535935,20,1,0,0,0,0,0,0,0,0
v_94eb7607-ddd3-418f-aeec-50e80573d804,btl_3a344335-c9a8-4210-9074-b9d1b299c378,6b0189af-c020-4b9b-9664-ead2f4522152,anon_f1b21e41-c962-475b-b25f-4a220e670f9e,2026-02-13T22:09:50.252098+00:00,2026-02-13 22:09:50.252098+00:00,right,ore,ore::lvl-75.txt,notch,notch::lvl-74.txt,RIGHT,win,1.0,True,False,False,1,1,15.817,15,0,1,60,1360.0,8.0,52.89489315824565,411.283466723378,36,1,0,0,0,0,0,0,0,0
v_7949f227-8a9d-43c9-ae6e-7235cf185aca,btl_8de0555d-6494-4380-845d-015c64216006,6b0189af-c020-4b9b-9664-ead2f4522152,anon_f1b21e41-c962-475b-b25f-4a220e670f9e,2026-02-13T22:09:16.166310+00:00,2026-02-13 22:09:16.166310+00:00,left,hopper,hopper::lvl-95.txt,original,original::lvl-14.txt,RIGHT,loss,0.0,True,False,False,1,1,6.667,3,2,3,26,688.0,8.0,27.74514190643624,247.84624934343765,20,1,0,0,0,0,0,0,0,0
v_7949f227-8a9d-43c9-ae6e-7235cf185aca,btl_8de0555d-6494-4380-845d-015c64216006,6b0189af-c020-4b9b-9664-ead2f4522152,anon_f1b21e41-c962-475b-b25f-4a220e670f9e,2026-02-13T22:09:16.166310+00:00,2026-02-13 22:09:16.166310+00:00,right,original,original::lvl-14.txt,hopper,hopper::lvl-95.txt,RIGHT,win,1.0,True,False,False,1,1,7.734,7,0,2,30,459.0,24.0,27.448051944638177,139.09664505899005,18,1,0,0,0,0,0,0,0,0
v_b3a5bf93-9f9c-4558-8a2e-8e8363d5f1fc,btl_b910dac8-ab27-46c0-9925-7213df5d4b67,6b0189af-c020-4b9b-9664-ead2f4522152,anon_f1b21e41-c962-475b-b25f-4a220e670f9e,2026-02-13T22:08:57.880149+00:00,2026-02-13 22:08:57.880149+00:00,left,notchParam,notchParam::lvl-17.txt,mariodpo,mariodpo::mariodpo_nintendo_0076.txt,RIGHT,loss,0.0,True,False,False,1,1,25.001,8,0,0,94,2912.0,8.0,23.659146349256865,890.8382342601475,18,1,0,0,0,0,0,0,0,0
v_b3a5bf93-9f9c-4558-8a2e-8e8363d5f1fc,btl_b910dac8-ab27-46c0-9925-7213df5d4b67,6b0189af-c020-4b9b-9664-ead2f4522152,anon_f1b21e41-c962-475b-b25f-4a220e670f9e,2026-02-13T22:08:57.880149+00:00,2026-02-13 22:08:57.880149+00:00,right,mariodpo,mariodpo::mariodpo_nintendo_0076.txt,notchParam,notchParam::lvl-17.txt,RIGHT,win,1.0,True,False,True,0,0,45.834,33,0,1,172,2739.0,40.0,47.75156938062456,726.7644329272662,81,0,0,0,0,0,0,0,0,0
v_878cbd2e-ab26-41f0-a711-c94486405d52,btl_f3d400df-6d98-4bd7-85fc-252bd442dda1,6b0189af-c020-4b9b-9664-ead2f4522152,anon_f1b21e41-c962-475b-b25f-4a220e670f9e,2026-02-13T22:07:43.143467+00:00,2026-02-13 22:07:43.143467+00:00,left,ore,ore::lvl-30.txt,mariogan,mariogan::level_4.txt,RIGHT,loss,0.0,True,False,False,1,1,6.984,2,0,0,27,62.0,8.0,34.70633216655742,19.22218654103589,5,1,0,0,0,0,0,0,0,0
v_878cbd2e-ab26-41f0-a711-c94486405d52,btl_f3d400df-6d98-4bd7-85fc-252bd442dda1,6b0189af-c020-4b9b-9664-ead2f4522152,anon_f1b21e41-c962-475b-b25f-4a220e670f9e,2026-02-13T22:07:43.143467+00:00,2026-02-13 22:07:43.143467+00:00,right,mariogan,mariogan::level_4.txt,ore,ore::lvl-30.txt,RIGHT,win,1.0,True,False,False,1,1,4.433,3,0,1,17,366.0,8.0,42.30634691886522,107.76557281952853,10,1,0,0,0,0,0,0,0,0
v_a2183f76-deff-4833-bbb4-4e5d48384647,btl_f35a1059-b65f-4bce-8524-a6f7c809555d,1aa0504b-3cd5-4bfb-ad4a-c63e02ea457f,anon_f1b21e41-c962-475b-b25f-4a220e670f9e,2026-02-13T22:04:26.843838+00:00,2026-02-13 22:04:26.843838+00:00,left,mariodpo,mariodpo::mariodpo_nintendo_0174.txt,patternCount,patternCount::lvl-41.txt,LEFT,win,1.0,True,False,False,1,1,6.183,4,0,0,24,412.0,40.0,45.6232876390994,124.27231942391677,8,1,0,0,0,0,0,0,0,0
v_a2183f76-deff-4833-bbb4-4e5d48384647,btl_f35a1059-b65f-4bce-8524-a6f7c809555d,1aa0504b-3cd5-4bfb-ad4a-c63e02ea457f,anon_f1b21e41-c962-475b-b25f-4a220e670f9e,2026-02-13T22:04:26.843838+00:00,2026-02-13 22:04:26.843838+00:00,right,patternCount,patternCount::lvl-41.txt,mariodpo,mariodpo::mariodpo_nintendo_0174.txt,LEFT,loss,0.0,True,False,False,1,1,0.7,0,0,0,3,8.0,8.0,75.07477753694793,0.0,4,1,0,0,0,0,0,0,0,0
v_5bbd48d0-fa0a-44e3-bb78-d3a1ce8f6be3,btl_09c89ab9-39ec-4d7e-be86-139119a92ee9,1aa0504b-3cd5-4bfb-ad4a-c63e02ea457f,anon_f1b21e41-c962-475b-b25f-4a220e670f9e,2026-02-13T22:04:13.594352+00:00,2026-02-13 22:04:13.594352+00:00,left,ore,ore::lvl-76.txt,mariogpt,mariogpt::level_000.txt,RIGHT,loss,0.0,True,False,False,1,1,46.884,36,1,1,176,2326.0,8.0,47.876906938264156,735.1146502894959,84,1,0,0,0,0,0,0,0,0
v_5bbd48d0-fa0a-44e3-bb78-d3a1ce8f6be3,btl_09c89ab9-39ec-4d7e-be86-139119a92ee9,1aa0504b-3cd5-4bfb-ad4a-c63e02ea457f,anon_f1b21e41-c962-475b-b25f-4a220e670f9e,2026-02-13T22:04:13.594352+00:00,2026-02-13 22:04:13.594352+00:00,right,mariogpt,mariogpt::level_000.txt,ore,ore::lvl-76.txt,RIGHT,win,1.0,True,False,True,0,0,74.385,50,14,4,277,2339.0,8.0,37.40768477067236,555.3263854834441,134,0,0,0,0,0,0,0,0,0
v_e7c28c62-5cf2-48fe-a9a4-926145f96943,btl_b76aa8bf-e1a4-452f-8b1d-f54444ccff01,e7718d82-03d4-469f-a13e-824bc17f267d,anon_64383bae-6f5d-4741-af06-381523e0885e,2026-02-13T17:41:07.237661+00:00,2026-02-13 17:41:07.237661+00:00,left,original,original::lvl-2.txt,patternOccur,patternOccur::lvl-49.txt,LEFT,win,1.0,True,False,True,0,0,24.167,19,3,9,91,2438.0,56.0,37.01514228478012,653.7751944134425,50,0,0,0,0,0,0,0,0,0
v_e7c28c62-5cf2-48fe-a9a4-926145f96943,btl_b76aa8bf-e1a4-452f-8b1d-f54444ccff01,e7718d82-03d4-469f-a13e-824bc17f267d,anon_64383bae-6f5d-4741-af06-381523e0885e,2026-02-13T17:41:07.237661+00:00,2026-02-13 17:41:07.237661+00:00,right,patternOccur,patternOccur::lvl-49.txt,original,original::lvl-2.txt,LEFT,loss,0.0,False,True,False,0,0,0.0,0,0,0,0,,,,,0,0,0,0,0,0,0,0,0,0
v_68614bab-399d-4d28-8ea5-c10ba6fede5b,btl_0f450f93-4252-4f81-8d4b-d8e2b9e6615b,e7718d82-03d4-469f-a13e-824bc17f267d,anon_64383bae-6f5d-4741-af06-381523e0885e,2026-02-13T17:40:33.797713+00:00,2026-02-13 17:40:33.797713+00:00,left,patternOccur,patternOccur::lvl-85.txt,original,original::lvl-8.txt,RIGHT,loss,0.0,True,False,False,1,1,23.75,23,1,0,90,1435.0,8.0,38.869296652013425,510.69197016896766,72,1,0,0,0,0,0,0,0,0
v_68614bab-399d-4d28-8ea5-c10ba6fede5b,btl_0f450f93-4252-4f81-8d4b-d8e2b9e6615b,e7718d82-03d4-469f-a13e-824bc17f267d,anon_64383bae-6f5d-4741-af06-381523e0885e,2026-02-13T17:40:33.797713+00:00,2026-02-13 17:40:33.797713+00:00,right,original,original::lvl-8.txt,patternOccur,patternOccur::lvl-85.txt,RIGHT,win,1.0,True,False,False,1,1,23.7,19,0,1,90,2158.0,8.0,50.17965747881663,644.1388893440856,41,1,0,0,0,0,0,0,0,0
v_9ce653ec-bfe7-4b7e-9fe8-04066a143a61,btl_39a728be-d0d0-4b6a-aff9-de0d236b21dc,e7718d82-03d4-469f-a13e-824bc17f267d,anon_64383bae-6f5d-4741-af06-381523e0885e,2026-02-13T17:39:42.363308+00:00,2026-02-13 17:39:42.363308+00:00,left,original,original::lvl-13.txt,genetic,genetic::lvl-20.txt,LEFT,win,1.0,True,False,True,0,0,34.684,35,12,0,130,2607.0,24.0,51.494360580529914,674.8155225009899,83,0,0,0,0,0,0,0,0,0
v_9ce653ec-bfe7-4b7e-9fe8-04066a143a61,btl_39a728be-d0d0-4b6a-aff9-de0d236b21dc,e7718d82-03d4-469f-a13e-824bc17f267d,anon_64383bae-6f5d-4741-af06-381523e0885e,2026-02-13T17:39:42.363308+00:00,2026-02-13 17:39:42.363308+00:00,right,genetic,genetic::lvl-20.txt,original,original::lvl-13.txt,LEFT,loss,0.0,True,False,True,0,0,13.517,12,0,0,51,2046.0,8.0,30.669211568844045,568.2502034607462,24,0,0,0,0,0,0,0,0,0
v_05ff6540-77bb-4f1b-9eb2-7be6aa2600e4,btl_9ca142d9-5e7c-4c2a-8645-58773fa2e802,e7718d82-03d4-469f-a13e-824bc17f267d,anon_64383bae-6f5d-4741-af06-381523e0885e,2026-02-13T17:38:50.272121+00:00,2026-02-13 17:38:50.272121+00:00,left,notchParam,notchParam::lvl-71.txt,marioDiffusion,marioDiffusion::level_77.txt,LEFT,win,1.0,True,False,True,0,0,20.717,20,0,1,78,3085.0,8.0,32.43310264639404,947.4139145987245,43,0,0,0,0,0,0,0,0,0
v_05ff6540-77bb-4f1b-9eb2-7be6aa2600e4,btl_9ca142d9-5e7c-4c2a-8645-58773fa2e802,e7718d82-03d4-469f-a13e-824bc17f267d,anon_64383bae-6f5d-4741-af06-381523e0885e,2026-02-13T17:38:50.272121+00:00,2026-02-13 17:38:50.272121+00:00,right,marioDiffusion,marioDiffusion::level_77.txt,notchParam,notchParam::lvl-71.txt,LEFT,loss,0.0,True,False,False,1,1,0.7,0,0,0,3,8.0,8.0,75.07477753694793,0.0,1,1,1,0,0,0,0,0,1,0
v_b10ca071-6b34-4a6f-b04e-04896893e38b,btl_34b34844-c380-4329-8213-f24a543b40c1,e7718d82-03d4-469f-a13e-824bc17f267d,anon_64383bae-6f5d-4741-af06-381523e0885e,2026-02-13T17:38:21.151873+00:00,2026-02-13 17:38:21.151873+00:00,left,patternOccur,patternOccur::lvl-48.txt,patternWeightCount,patternWeightCount::lvl-4.txt,TIE,tie,0.5,True,False,False,1,1,0.734,0,0,0,3,8.0,8.0,75.07477753694793,0.0,5,1,0,0,0,0,0,0,0,0
v_b10ca071-6b34-4a6f-b04e-04896893e38b,btl_34b34844-c380-4329-8213-f24a543b40c1,e7718d82-03d4-469f-a13e-824bc17f267d,anon_64383bae-6f5d-4741-af06-381523e0885e,2026-02-13T17:38:21.151873+00:00,2026-02-13 17:38:21.151873+00:00,right,patternWeightCount,patternWeightCount::lvl-4.txt,patternOccur,patternOccur::lvl-48.txt,TIE,tie,0.5,True,False,False,1,1,1.55,1,0,0,6,174.0,8.0,31.21253309525233,64.8254065419827,6,1,0,0,0,0,0,0,0,0
v_6c20d31b-b9ed-4af8-9fc4-5054ae88e115,btl_0394dfa9-75c6-417e-88ce-714e65cbc8d2,e7718d82-03d4-469f-a13e-824bc17f267d,anon_64383bae-6f5d-4741-af06-381523e0885e,2026-02-13T17:38:11.258600+00:00,2026-02-13 17:38:11.258600+00:00,left,notchParamRand,notchParamRand::lvl-67.txt,mariodpo,mariodpo::mariodpo_nintendo_0118.txt,RIGHT,loss,0.0,True,False,True,0,0,16.833,16,0,0,64,3104.0,8.0,35.55540076328067,941.6121967417024,33,0,0,0,0,0,0,0,0,0
v_6c20d31b-b9ed-4af8-9fc4-5054ae88e115,btl_0394dfa9-75c6-417e-88ce-714e65cbc8d2,e7718d82-03d4-469f-a13e-824bc17f267d,anon_64383bae-6f5d-4741-af06-381523e0885e,2026-02-13T17:38:11.258600+00:00,2026-02-13 17:38:11.258600+00:00,right,mariodpo,mariodpo::mariodpo_nintendo_0118.txt,notchParamRand,notchParamRand::lvl-67.txt,RIGHT,win,1.0,True,False,False,1,1,6.701,5,0,0,26,656.0,40.0,25.604323090969334,208.23257721359965,12,1,0,0,0,0,0,0,0,0
v_518faa83-cd15-4d2f-9591-ae9b45602e26,btl_c118aa70-7793-4a6c-be2e-a335c034abe0,e7718d82-03d4-469f-a13e-824bc17f267d,anon_64383bae-6f5d-4741-af06-381523e0885e,2026-02-13T17:37:43.186716+00:00,2026-02-13 17:37:43.186716+00:00,left,ore,ore::lvl-31.txt,notchParamRand,notchParamRand::lvl-61.txt,LEFT,win,1.0,True,False,False,1,1,15.017,8,0,0,57,748.0,8.0,44.196426322984436,265.6778342345675,22,1,0,0,0,0,0,0,0,0
v_518faa83-cd15-4d2f-9591-ae9b45602e26,btl_c118aa70-7793-4a6c-be2e-a335c034abe0,e7718d82-03d4-469f-a13e-824bc17f267d,anon_64383bae-6f5d-4741-af06-381523e0885e,2026-02-13T17:37:43.186716+00:00,2026-02-13 17:37:43.186716+00:00,right,notchParamRand,notchParamRand::lvl-61.txt,ore,ore::lvl-31.txt,LEFT,loss,0.0,True,False,False,1,1,5.25,5,0,0,20,861.0,8.0,40.806739639427214,260.24658979514027,10,1,0,0,0,0,0,0,0,0
v_a5e08ed0-cdf3-4c85-831a-ddc81b61aa40,btl_09325f39-151a-463c-8851-4945704ca730,e7718d82-03d4-469f-a13e-824bc17f267d,anon_64383bae-6f5d-4741-af06-381523e0885e,2026-02-13T17:37:16.516192+00:00,2026-02-13 17:37:16.516192+00:00,left,mariogan,mariogan::level_56.txt,notchParamRand,notchParamRand::lvl-100.txt,LEFT,win,1.0,True,False,True,0,0,36.45,41,0,1,136,2642.0,8.0,53.36304747332313,742.2182911569488,92,0,0,0,0,0,0,0,0,0
v_a5e08ed0-cdf3-4c85-831a-ddc81b61aa40,btl_09325f39-151a-463c-8851-4945704ca730,e7718d82-03d4-469f-a13e-824bc17f267d,anon_64383bae-6f5d-4741-af06-381523e0885e,2026-02-13T17:37:16.516192+00:00,2026-02-13 17:37:16.516192+00:00,right,notchParamRand,notchParamRand::lvl-100.txt,mariogan,mariogan::level_56.txt,LEFT,loss,0.0,True,False,False,1,1,6.317,6,0,0,24,1164.0,8.0,37.7092080929844,359.1590848967751,12,1,0,0,0,0,0,0,0,0
v_34dce6ea-3f26-4ccc-9767-54278200737e,btl_5ca560ae-48dc-4af8-a372-0efb9160b37c,340e649b-cc83-4798-8911-aa6acb0d073e,anon_a9445e2d-8170-40b8-bfa3-9fdf5b9366fb,2026-02-12T12:09:24.104872+00:00,2026-02-12 12:09:24.104872+00:00,left,hopper,hopper::lvl-63.txt,notch,notch::lvl-27.txt,RIGHT,loss,0.0,True,False,True,0,0,24.415,21,0,0,92,3097.0,8.0,47.81605008318499,910.4373403139813,49,0,0,0,0,0,0,0,0,0
v_34dce6ea-3f26-4ccc-9767-54278200737e,btl_5ca560ae-48dc-4af8-a372-0efb9160b37c,340e649b-cc83-4798-8911-aa6acb0d073e,anon_a9445e2d-8170-40b8-bfa3-9fdf5b9366fb,2026-02-12T12:09:24.104872+00:00,2026-02-12 12:09:24.104872+00:00,right,notch,notch::lvl-27.txt,hopper,hopper::lvl-63.txt,RIGHT,win,1.0,True,False,False,1,1,4.514,5,0,0,18,455.0,8.0,46.3982026578244,162.9312227086427,11,1,0,0,0,0,0,0,0,0
v_85a28616-1752-42a2-be25-5dafd88776b9,btl_2627e956-f2a4-4f0e-9ada-b86eaf27ba78,d8be3790-9da5-41f6-a149-d5f4de7ce8e0,anon_a9445e2d-8170-40b8-bfa3-9fdf5b9366fb,2026-02-12T12:07:09.122731+00:00,2026-02-12 12:07:09.122731+00:00,left,patternWeightCount,patternWeightCount::lvl-56.txt,mariogpt,mariogpt::level_009.txt,RIGHT,loss,0.0,True,False,False,1,1,18.004,16,1,0,67,594.0,8.0,30.56061905206802,169.18550574173108,47,1,0,0,0,0,0,0,0,0
v_85a28616-1752-42a2-be25-5dafd88776b9,btl_2627e956-f2a4-4f0e-9ada-b86eaf27ba78,d8be3790-9da5-41f6-a149-d5f4de7ce8e0,anon_a9445e2d-8170-40b8-bfa3-9fdf5b9366fb,2026-02-12T12:07:09.122731+00:00,2026-02-12 12:07:09.122731+00:00,right,mariogpt,mariogpt::level_009.txt,patternWeightCount,patternWeightCount::lvl-56.txt,RIGHT,win,1.0,True,False,False,1,1,27.348,23,4,0,102,2059.0,8.0,55.33714082035204,743.3148967668269,56,1,2,0,0,0,0,0,1,1
v_ff616ba0-e27f-40c8-8f13-2843f3c50450,btl_06618dd1-7b1c-44c7-abcc-29cf26589e69,d8be3790-9da5-41f6-a149-d5f4de7ce8e0,anon_a9445e2d-8170-40b8-bfa3-9fdf5b9366fb,2026-02-12T12:06:18.756077+00:00,2026-02-12 12:06:18.756077+00:00,left,patternCount,patternCount::lvl-61.txt,patternWeightCount,patternWeightCount::lvl-36.txt,RIGHT,loss,0.0,True,False,False,1,1,6.875,7,0,0,26,509.0,8.0,32.78827543371502,161.49683071615044,30,1,0,0,0,0,0,0,0,0
v_ff616ba0-e27f-40c8-8f13-2843f3c50450,btl_06618dd1-7b1c-44c7-abcc-29cf26589e69,d8be3790-9da5-41f6-a149-d5f4de7ce8e0,anon_a9445e2d-8170-40b8-bfa3-9fdf5b9366fb,2026-02-12T12:06:18.756077+00:00,2026-02-12 12:06:18.756077+00:00,right,patternWeightCount,patternWeightCount::lvl-36.txt,patternCount,patternCount::lvl-61.txt,RIGHT,win,1.0,True,False,False,1,1,19.715,20,3,0,75,1295.0,8.0,52.72218845567354,360.10768660993,58,1,0,0,0,0,0,0,0,0
v_e9fb5907-1ae7-436e-9d51-b515bf5ac9cd,btl_f084053c-1538-4d1f-b8a1-b17a007dde75,d8be3790-9da5-41f6-a149-d5f4de7ce8e0,anon_a9445e2d-8170-40b8-bfa3-9fdf5b9366fb,2026-02-12T12:05:49.092459+00:00,2026-02-12 12:05:49.092459+00:00,left,original,original::lvl-10.txt,hopper,hopper::lvl-98.txt,LEFT,win,1.0,True,False,False,1,1,14.01,11,3,2,53,1123.0,24.0,56.75582721716165,335.5966562698997,29,1,0,0,0,0,0,0,0,0
v_e9fb5907-1ae7-436e-9d51-b515bf5ac9cd,btl_f084053c-1538-4d1f-b8a1-b17a007dde75,d8be3790-9da5-41f6-a149-d5f4de7ce8e0,anon_a9445e2d-8170-40b8-bfa3-9fdf5b9366fb,2026-02-12T12:05:49.092459+00:00,2026-02-12 12:05:49.092459+00:00,right,hopper,hopper::lvl-98.txt,original,original::lvl-10.txt,LEFT,loss,0.0,True,False,False,1,1,4.849,4,0,1,19,746.0,8.0,24.760570925892992,241.67770026074828,13,1,0,0,0,0,0,0,0,0
v_6177eaad-e81b-4cfb-a308-5b2d99913cd6,btl_78478a21-8069-4da7-ba9e-2209ea8ed446,d8be3790-9da5-41f6-a149-d5f4de7ce8e0,anon_a9445e2d-8170-40b8-bfa3-9fdf5b9366fb,2026-02-12T12:05:26.673172+00:00,2026-02-12 12:05:26.673172+00:00,left,notchParamRand,notchParamRand::lvl-35.txt,patternCount,patternCount::lvl-5.txt,TIE,tie,0.5,True,False,False,1,1,1.739,1,0,0,7,146.0,8.0,16.796501093370363,48.960208749721716,3,1,0,0,0,0,0,0,0,0
v_6177eaad-e81b-4cfb-a308-5b2d99913cd6,btl_78478a21-8069-4da7-ba9e-2209ea8ed446,d8be3790-9da5-41f6-a149-d5f4de7ce8e0,anon_a9445e2d-8170-40b8-bfa3-9fdf5b9366fb,2026-02-12T12:05:26.673172+00:00,2026-02-12 12:05:26.673172+00:00,right,patternCount,patternCount::lvl-5.txt,notchParamRand,notchParamRand::lvl-35.txt,TIE,tie,0.5,True,False,False,1,1,0.717,0,0,0,3,8.0,8.0,75.07477753694793,0.0,9,1,0,0,0,0,0,0,0,0
v_1c0ffc63-e24e-4a3d-bfb4-209411d06231,btl_021a89e9-b449-44d5-b8e8-ada16d5d69f7,d8be3790-9da5-41f6-a149-d5f4de7ce8e0,anon_a9445e2d-8170-40b8-bfa3-9fdf5b9366fb,2026-02-12T12:05:21.039713+00:00,2026-02-12 12:05:21.039713+00:00,left,mariodpo,mariodpo::mariodpo_nintendo_0060.txt,patternOccur,patternOccur::lvl-92.txt,LEFT,win,1.0,True,False,False,1,1,18.644,16,3,0,71,699.0,40.0,33.8650073449822,168.92340642623543,38,1,2,1,0,0,0,1,0,0
v_1c0ffc63-e24e-4a3d-bfb4-209411d06231,btl_021a89e9-b449-44d5-b8e8-ada16d5d69f7,d8be3790-9da5-41f6-a149-d5f4de7ce8e0,anon_a9445e2d-8170-40b8-bfa3-9fdf5b9366fb,2026-02-12T12:05:21.039713+00:00,2026-02-12 12:05:21.039713+00:00,right,patternOccur,patternOccur::lvl-92.txt,mariodpo,mariodpo::mariodpo_nintendo_0060.txt,LEFT,loss,0.0,True,False,True,0,0,39.149,41,2,0,147,3147.0,8.0,32.735284798529754,861.9982858697729,110,0,0,0,0,0,0,0,0,0
v_24ee6144-52d5-4bdd-9783-3e824ed269d0,btl_f63238ce-b87c-4564-b4ed-5dd12ec5774d,d8be3790-9da5-41f6-a149-d5f4de7ce8e0,anon_a9445e2d-8170-40b8-bfa3-9fdf5b9366fb,2026-02-12T12:04:16.521966+00:00,2026-02-12 12:04:16.521966+00:00,left,mariogan,mariogan::level_60.txt,mariogpt,mariogpt::level_031.txt,TIE,tie,0.5,True,False,True,0,0,34.951,36,0,2,131,2666.0,8.0,44.818015432558965,905.1303366935009,79,0,0,0,0,0,0,0,0,0
v_24ee6144-52d5-4bdd-9783-3e824ed269d0,btl_f63238ce-b87c-4564-b4ed-5dd12ec5774d,d8be3790-9da5-41f6-a149-d5f4de7ce8e0,anon_a9445e2d-8170-40b8-bfa3-9fdf5b9366fb,2026-02-12T12:04:16.521966+00:00,2026-02-12 12:04:16.521966+00:00,right,mariogpt,mariogpt::level_031.txt,mariogan,mariogan::level_60.txt,TIE,tie,0.5,True,False,False,1,1,0.382,0,0,0,2,8.0,8.0,0.0,0.0,2,1,1,0,0,1,0,0,0,0
v_88a3f628-7f82-4bc3-a7ad-7d651d8c2ab5,btl_33b84f7f-c325-4966-83bf-75c819547e3a,f2414744-622f-4e23-a63d-6c093eb01163,anon_6169b215-ab69-49a2-a586-55c0a7f2fcf7,2026-02-12T08:45:34.915275+00:00,2026-02-12 08:45:34.915275+00:00,left,patternWeightCount,patternWeightCount::lvl-25.txt,notchParamRand,notchParamRand::lvl-64.txt,SKIP,skip,,True,False,False,1,1,7.745,3,0,0,30,268.0,8.0,28.901826162987618,80.50877108875915,10,1,0,0,0,0,0,0,0,0
v_88a3f628-7f82-4bc3-a7ad-7d651d8c2ab5,btl_33b84f7f-c325-4966-83bf-75c819547e3a,f2414744-622f-4e23-a63d-6c093eb01163,anon_6169b215-ab69-49a2-a586-55c0a7f2fcf7,2026-02-12T08:45:34.915275+00:00,2026-02-12 08:45:34.915275+00:00,right,notchParamRand,notchParamRand::lvl-64.txt,patternWeightCount,patternWeightCount::lvl-25.txt,SKIP,skip,,True,False,False,1,1,9.247,4,1,1,35,1039.0,8.0,17.142761904497352,326.6855618580819,11,1,0,0,0,0,0,0,0,0
v_3010e43a-d92f-4b44-84cf-aff228b377b5,btl_e31f42af-c0da-41bd-b023-73fdf264aca8,f314d1e9-ee9c-4d90-9c4b-7157a32b7402,anon_ecca1177-4ecc-4646-923f-d989df0dfee7,2026-02-12T08:45:18.109016+00:00,2026-02-12 08:45:18.109016+00:00,left,marioDiffusion,marioDiffusion::level_54.txt,mariogan,mariogan::level_60.txt,RIGHT,loss,0.0,True,False,False,1,1,8.488,1,0,0,32,30.0,8.0,11.225624634625015,3.8979912695515364,4,1,0,0,0,0,0,0,0,0
v_3010e43a-d92f-4b44-84cf-aff228b377b5,btl_e31f42af-c0da-41bd-b023-73fdf264aca8,f314d1e9-ee9c-4d90-9c4b-7157a32b7402,anon_ecca1177-4ecc-4646-923f-d989df0dfee7,2026-02-12T08:45:18.109016+00:00,2026-02-12 08:45:18.109016+00:00,right,mariogan,mariogan::level_60.txt,marioDiffusion,marioDiffusion::level_54.txt,RIGHT,win,1.0,True,False,False,1,1,9.379,6,0,0,36,415.0,8.0,25.978787049113937,135.25266707395195,14,1,0,0,0,0,0,0,0,0
v_b4dacfa0-279f-47a7-99e6-eb15c4679b58,btl_28854273-cbe7-4abc-9286-8e8c340f96d5,cd0d7fbd-4016-449d-9858-883704d1ff2b,anon_fcbab51d-e219-4a2b-8948-56caa0b20950,2026-02-11T12:50:51.746387+00:00,2026-02-11 12:50:51.746387+00:00,left,ore,ore::lvl-84.txt,patternCount,patternCount::lvl-31.txt,TIE,tie,0.5,True,False,False,1,1,6.211,6,1,0,24,363.0,8.0,27.56154728764133,132.19041400780753,16,1,0,0,0,0,0,0,0,0
v_b4dacfa0-279f-47a7-99e6-eb15c4679b58,btl_28854273-cbe7-4abc-9286-8e8c340f96d5,cd0d7fbd-4016-449d-9858-883704d1ff2b,anon_fcbab51d-e219-4a2b-8948-56caa0b20950,2026-02-11T12:50:51.746387+00:00,2026-02-11 12:50:51.746387+00:00,right,patternCount,patternCount::lvl-31.txt,ore,ore::lvl-84.txt,TIE,tie,0.5,True,False,False,1,1,1.417,0,0,0,6,30.0,8.0,13.789085861248703,8.036375634160796,6,1,0,0,0,0,0,0,0,0
v_da815661-7136-49eb-ba01-3159a59b1a00,btl_a2d50c9c-e62f-4fc6-994a-219902802258,cd0d7fbd-4016-449d-9858-883704d1ff2b,anon_fcbab51d-e219-4a2b-8948-56caa0b20950,2026-02-11T12:50:37.578140+00:00,2026-02-11 12:50:37.578140+00:00,left,patternOccur,patternOccur::lvl-76.txt,patternWeightCount,patternWeightCount::lvl-47.txt,RIGHT,loss,0.0,True,False,False,1,1,0.712,0,0,0,3,8.0,8.0,75.07477753694793,0.0,7,1,0,0,0,0,0,0,0,0
v_da815661-7136-49eb-ba01-3159a59b1a00,btl_a2d50c9c-e62f-4fc6-994a-219902802258,cd0d7fbd-4016-449d-9858-883704d1ff2b,anon_fcbab51d-e219-4a2b-8948-56caa0b20950,2026-02-11T12:50:37.578140+00:00,2026-02-11 12:50:37.578140+00:00,right,patternWeightCount,patternWeightCount::lvl-47.txt,patternOccur,patternOccur::lvl-76.txt,RIGHT,win,1.0,True,False,False,1,1,25.737,22,3,0,96,764.0,8.0,33.49175731668498,235.00029158337406,56,1,0,0,0,0,0,0,0,0
v_0d2a071d-aa72-4294-b62a-b74858f2565a,btl_2414dde4-2417-40fd-a10e-a8a12885d94e,cd0d7fbd-4016-449d-9858-883704d1ff2b,anon_fcbab51d-e219-4a2b-8948-56caa0b20950,2026-02-11T12:50:04.105932+00:00,2026-02-11 12:50:04.105932+00:00,left,patternWeightCount,patternWeightCount::lvl-93.txt,mariogpt,mariogpt::level_068.txt,TIE,tie,0.5,True,False,False,1,1,0.705,0,0,0,3,8.0,8.0,75.07477753694793,0.0,5,1,1,0,0,0,0,0,1,0
v_0d2a071d-aa72-4294-b62a-b74858f2565a,btl_2414dde4-2417-40fd-a10e-a8a12885d94e,cd0d7fbd-4016-449d-9858-883704d1ff2b,anon_fcbab51d-e219-4a2b-8948-56caa0b20950,2026-02-11T12:50:04.105932+00:00,2026-02-11 12:50:04.105932+00:00,right,mariogpt,mariogpt::level_068.txt,patternWeightCount,patternWeightCount::lvl-93.txt,TIE,tie,0.5,True,False,False,1,1,3.485,3,0,0,14,38.0,8.0,27.427827370860317,11.878638003421374,8,1,1,0,0,0,0,0,1,0
v_b435a450-ee08-4742-a0f6-5f99b6b11693,btl_fa2345cd-4a5c-4b00-81a6-87e1fa88aa36,cd0d7fbd-4016-449d-9858-883704d1ff2b,anon_fcbab51d-e219-4a2b-8948-56caa0b20950,2026-02-11T12:49:48.079969+00:00,2026-02-11 12:49:48.079969+00:00,left,original,original::lvl-4.txt,marioDiffusion,marioDiffusion::level_3.txt,LEFT,win,1.0,True,False,False,1,1,4.546,4,0,0,18,80.0,13.0,24.777092666163522,14.575474072716965,10,1,0,0,0,0,0,0,0,0
v_b435a450-ee08-4742-a0f6-5f99b6b11693,btl_fa2345cd-4a5c-4b00-81a6-87e1fa88aa36,cd0d7fbd-4016-449d-9858-883704d1ff2b,anon_fcbab51d-e219-4a2b-8948-56caa0b20950,2026-02-11T12:49:48.079969+00:00,2026-02-11 12:49:48.079969+00:00,right,marioDiffusion,marioDiffusion::level_3.txt,original,original::lvl-4.txt,LEFT,loss,0.0,True,False,False,1,1,2.785,2,0,0,11,136.0,8.0,27.012087897124566,39.528627558950426,4,1,0,0,0,0,0,0,0,0
v_0e074b74-5e7a-47c0-886f-4d95fb43dd23,btl_e30bec06-051f-4304-a309-e0748361acfc,cd0d7fbd-4016-449d-9858-883704d1ff2b,anon_fcbab51d-e219-4a2b-8948-56caa0b20950,2026-02-11T12:49:33.836791+00:00,2026-02-11 12:49:33.836791+00:00,left,patternCount,patternCount::lvl-24.txt,mariogan,mariogan::level_13.txt,RIGHT,loss,0.0,True,False,False,1,1,6.872,3,0,0,26,25.0,8.0,19.641649082962072,3.269230769230769,13,1,0,0,0,0,0,0,0,0
v_0e074b74-5e7a-47c0-886f-4d95fb43dd23,btl_e30bec06-051f-4304-a309-e0748361acfc,cd0d7fbd-4016-449d-9858-883704d1ff2b,anon_fcbab51d-e219-4a2b-8948-56caa0b20950,2026-02-11T12:49:33.836791+00:00,2026-02-11 12:49:33.836791+00:00,right,mariogan,mariogan::level_13.txt,patternCount,patternCount::lvl-24.txt,RIGHT,win,1.0,True,False,False,1,1,1.883,2,0,0,8,42.0,8.0,24.502232041183515,14.551632210855248,6,1,1,1,0,0,0,0,0,0
v_b50edb03-75e3-4c6b-9da5-8b65dd0a57d8,btl_c08ff1bc-4e7e-478b-99b8-589271636ec0,e86394b6-1146-44d9-bb2e-85c31dda1f01,anon_b364902d-0245-4d9e-8f83-9affb00d582a,2026-02-10T10:25:43.131000+00:00,2026-02-10 10:25:43.131000+00:00,left,mariodpo,mariodpo::mariodpo_nintendo_0047.txt,hopper,hopper::lvl-62.txt,TIE,tie,0.5,True,False,False,1,1,6.084,2,0,1,23,227.0,40.0,12.287974972406774,72.33449919061374,6,1,0,0,0,0,0,0,0,0
v_b50edb03-75e3-4c6b-9da5-8b65dd0a57d8,btl_c08ff1bc-4e7e-478b-99b8-589271636ec0,e86394b6-1146-44d9-bb2e-85c31dda1f01,anon_b364902d-0245-4d9e-8f83-9affb00d582a,2026-02-10T10:25:43.131000+00:00,2026-02-10 10:25:43.131000+00:00,right,hopper,hopper::lvl-62.txt,mariodpo,mariodpo::mariodpo_nintendo_0047.txt,TIE,tie,0.5,True,False,False,1,1,9.543,6,0,0,36,418.0,8.0,23.01328118958944,98.25894863906453,13,1,0,0,0,0,0,0,0,0
v_20385cf9-6089-447d-bac0-0934affe06bb,btl_a3a6c3f5-5d5c-4cd7-9ae0-50119c04aa05,e86394b6-1146-44d9-bb2e-85c31dda1f01,anon_b364902d-0245-4d9e-8f83-9affb00d582a,2026-02-10T10:25:21.822578+00:00,2026-02-10 10:25:21.822578+00:00,left,mariogpt,mariogpt::level_029.txt,mariogan,mariogan::level_29.txt,TIE,tie,0.5,True,False,False,1,1,1.819,0,0,0,7,44.0,8.0,17.146428199482248,12.440880604044139,1,1,0,0,0,0,0,0,0,0
v_20385cf9-6089-447d-bac0-0934affe06bb,btl_a3a6c3f5-5d5c-4cd7-9ae0-50119c04aa05,e86394b6-1146-44d9-bb2e-85c31dda1f01,anon_b364902d-0245-4d9e-8f83-9affb00d582a,2026-02-10T10:25:21.822578+00:00,2026-02-10 10:25:21.822578+00:00,right,mariogan,mariogan::level_29.txt,mariogpt,mariogpt::level_029.txt,TIE,tie,0.5,True,False,False,1,1,7.443,6,0,0,29,363.0,8.0,34.296496945531324,127.42816866315945,14,1,0,0,0,0,0,0,0,0
v_e6652bd1-4d8b-44b3-ba6d-180e0478dc6f,btl_8eac2f68-eb7d-4495-af85-ae70231ca9bd,e86394b6-1146-44d9-bb2e-85c31dda1f01,anon_b364902d-0245-4d9e-8f83-9affb00d582a,2026-02-10T10:25:07.009778+00:00,2026-02-10 10:25:07.009778+00:00,left,patternOccur,patternOccur::lvl-90.txt,ore,ore::lvl-85.txt,TIE,tie,0.5,True,False,False,1,1,11.487,9,0,0,44,371.0,8.0,43.38147027026536,124.18027917321328,24,1,1,0,1,0,0,0,0,0
v_e6652bd1-4d8b-44b3-ba6d-180e0478dc6f,btl_8eac2f68-eb7d-4495-af85-ae70231ca9bd,e86394b6-1146-44d9-bb2e-85c31dda1f01,anon_b364902d-0245-4d9e-8f83-9affb00d582a,2026-02-10T10:25:07.009778+00:00,2026-02-10 10:25:07.009778+00:00,right,ore,ore::lvl-85.txt,patternOccur,patternOccur::lvl-90.txt,TIE,tie,0.5,True,False,False,1,1,5.744,3,0,0,22,108.0,3.0,23.282668331359684,35.592882796777275,6,1,0,0,0,0,0,0,0,0
v_b31aa5a5-9876-42a5-97e7-82e44dfb5589,btl_0d8253b9-d7d6-4cd9-afd7-5da75ba7acb3,e86394b6-1146-44d9-bb2e-85c31dda1f01,anon_b364902d-0245-4d9e-8f83-9affb00d582a,2026-02-10T10:24:37.625025+00:00,2026-02-10 10:24:37.625025+00:00,left,hopper,hopper::lvl-24.txt,patternWeightCount,patternWeightCount::lvl-2.txt,TIE,tie,0.5,True,False,False,1,1,12.152,8,0,0,46,1239.0,8.0,20.73772896549916,368.94728966613224,17,1,0,0,0,0,0,0,0,0
v_b31aa5a5-9876-42a5-97e7-82e44dfb5589,btl_0d8253b9-d7d6-4cd9-afd7-5da75ba7acb3,e86394b6-1146-44d9-bb2e-85c31dda1f01,anon_b364902d-0245-4d9e-8f83-9affb00d582a,2026-02-10T10:24:37.625025+00:00,2026-02-10 10:24:37.625025+00:00,right,patternWeightCount,patternWeightCount::lvl-2.txt,hopper,hopper::lvl-24.txt,TIE,tie,0.5,True,False,False,1,1,6.475,5,1,0,25,244.0,8.0,29.99930665865463,84.64415868800397,15,1,0,0,0,0,0,0,0,0
v_46bcde23-3735-4eaa-bfa8-c2636fffa181,btl_00ce4f92-4355-42f1-a6a0-fa598cb01927,e86394b6-1146-44d9-bb2e-85c31dda1f01,anon_b364902d-0245-4d9e-8f83-9affb00d582a,2026-02-10T10:24:12.903955+00:00,2026-02-10 10:24:12.903955+00:00,left,original,original::lvl-1.txt,genetic,genetic::lvl-46.txt,TIE,tie,0.5,True,False,False,1,1,3.941,2,1,0,15,275.0,56.0,16.87944180225032,82.62832444144078,7,1,0,0,0,0,0,0,0,0
v_46bcde23-3735-4eaa-bfa8-c2636fffa181,btl_00ce4f92-4355-42f1-a6a0-fa598cb01927,e86394b6-1146-44d9-bb2e-85c31dda1f01,anon_b364902d-0245-4d9e-8f83-9affb00d582a,2026-02-10T10:24:12.903955+00:00,2026-02-10 10:24:12.903955+00:00,right,genetic,genetic::lvl-46.txt,original,original::lvl-1.txt,TIE,tie,0.5,True,False,False,1,1,2.746,2,0,0,11,280.0,8.0,32.221598423397275,96.0998103729607,6,1,0,0,0,0,0,0,0,0
v_73dcd3f1-25f8-4df4-86ae-5a7bcf4df8db,btl_f8fe4c92-5dc9-456a-9e59-ccddb541b058,e86394b6-1146-44d9-bb2e-85c31dda1f01,anon_b364902d-0245-4d9e-8f83-9affb00d582a,2026-02-10T10:23:57.931742+00:00,2026-02-10 10:23:57.931742+00:00,left,notch,notch::lvl-8.txt,patternCount,patternCount::lvl-97.txt,TIE,tie,0.5,True,False,False,1,1,4.738,3,0,0,18,397.0,8.0,22.573337271116017,151.9385434564065,9,1,0,0,0,0,0,0,0,0
v_73dcd3f1-25f8-4df4-86ae-5a7bcf4df8db,btl_f8fe4c92-5dc9-456a-9e59-ccddb541b058,e86394b6-1146-44d9-bb2e-85c31dda1f01,anon_b364902d-0245-4d9e-8f83-9affb00d582a,2026-02-10T10:23:57.931742+00:00,2026-02-10 10:23:57.931742+00:00,right,patternCount,patternCount::lvl-97.txt,notch,notch::lvl-8.txt,TIE,tie,0.5,True,False,False,1,1,0.715,0,0,0,3,8.0,8.0,75.07477753694793,0.0,3,1,0,0,0,0,0,0,0,0
v_229c598b-e6fe-4929-9e77-520bf340e66b,btl_c0a2b9ec-a123-4e13-827d-f10b1f9a6d22,e86394b6-1146-44d9-bb2e-85c31dda1f01,anon_b364902d-0245-4d9e-8f83-9affb00d582a,2026-02-10T10:23:46.482012+00:00,2026-02-10 10:23:46.482012+00:00,left,hopper,hopper::lvl-55.txt,mariogan,mariogan::level_72.txt,TIE,tie,0.5,True,False,False,1,1,5.985,1,0,0,23,415.0,8.0,11.628301307772679,135.47957246672132,4,1,0,0,0,0,0,0,0,0
v_229c598b-e6fe-4929-9e77-520bf340e66b,btl_c0a2b9ec-a123-4e13-827d-f10b1f9a6d22,e86394b6-1146-44d9-bb2e-85c31dda1f01,anon_b364902d-0245-4d9e-8f83-9affb00d582a,2026-02-10T10:23:46.482012+00:00,2026-02-10 10:23:46.482012+00:00,right,mariogan,mariogan::level_72.txt,hopper,hopper::lvl-55.txt,TIE,tie,0.5,True,False,False,1,1,3.38,2,0,0,13,138.0,8.0,19.738827264433617,38.82703261309653,4,1,0,0,0,0,0,0,0,0
v_97edd5c4-7ff2-453e-b3f7-7f2b6560e06a,btl_0543d053-1347-46e0-9688-2793f3d22e3c,e86394b6-1146-44d9-bb2e-85c31dda1f01,anon_b364902d-0245-4d9e-8f83-9affb00d582a,2026-02-10T10:23:31.450830+00:00,2026-02-10 10:23:31.450830+00:00,left,notch,notch::lvl-57.txt,mariogpt,mariogpt::level_060.txt,TIE,tie,0.5,True,False,False,1,1,7.181,6,0,1,28,924.0,8.0,39.41567788666467,307.97452808467716,14,1,0,0,0,0,0,0,0,0
v_97edd5c4-7ff2-453e-b3f7-7f2b6560e06a,btl_0543d053-1347-46e0-9688-2793f3d22e3c,e86394b6-1146-44d9-bb2e-85c31dda1f01,anon_b364902d-0245-4d9e-8f83-9affb00d582a,2026-02-10T10:23:31.450830+00:00,2026-02-10 10:23:31.450830+00:00,right,mariogpt,mariogpt::level_060.txt,notch,notch::lvl-57.txt,TIE,tie,0.5,True,False,False,1,1,5.474,2,0,0,21,199.0,8.0,44.32599294763346,59.22071403252026,4,1,0,0,0,0,0,0,0,0
v_14816fc0-3f75-484a-8a82-baba824f5897,btl_e70283da-e6e7-48da-802e-add9d80c9a92,31d38ace-dfd9-4782-a2d4-d474f9ed9bca,anon_b364902d-0245-4d9e-8f83-9affb00d582a,2026-02-10T10:22:58.570190+00:00,2026-02-10 10:22:58.570190+00:00,left,mariogan,mariogan::level_11.txt,patternCount,patternCount::lvl-27.txt,SKIP,skip,,True,False,False,1,1,7.054,1,0,0,27,118.0,8.0,10.46032415101498,26.29201843138254,3,1,3,1,0,1,0,1,0,0
v_14816fc0-3f75-484a-8a82-baba824f5897,btl_e70283da-e6e7-48da-802e-add9d80c9a92,31d38ace-dfd9-4782-a2d4-d474f9ed9bca,anon_b364902d-0245-4d9e-8f83-9affb00d582a,2026-02-10T10:22:58.570190+00:00,2026-02-10 10:22:58.570190+00:00,right,patternCount,patternCount::lvl-27.txt,mariogan,mariogan::level_11.txt,SKIP,skip,,True,False,False,1,1,2.109,1,0,0,9,145.0,8.0,51.12101353349089,47.93462626392041,11,1,0,0,0,0,0,0,0,0
v_7e55a7fb-c029-4ea0-9d4d-f4a8cd8e7e25,btl_6e042c5f-eec1-4a44-b9b1-6046b292fbe1,1773be00-df92-4f32-93a0-fe8d0bad1cee,anon_d9f565b9-4193-4df2-8745-4d98c533b39c,2026-02-09T08:49:11.079004+00:00,2026-02-09 08:49:11.079004+00:00,left,notch,notch::lvl-91.txt,notchParamRand,notchParamRand::lvl-63.txt,TIE,tie,0.5,True,False,False,1,1,2.4,2,0,0,10,504.0,8.0,42.49235225308196,182.28990646769228,4,1,0,0,0,0,0,0,0,0
v_7e55a7fb-c029-4ea0-9d4d-f4a8cd8e7e25,btl_6e042c5f-eec1-4a44-b9b1-6046b292fbe1,1773be00-df92-4f32-93a0-fe8d0bad1cee,anon_d9f565b9-4193-4df2-8745-4d98c533b39c,2026-02-09T08:49:11.079004+00:00,2026-02-09 08:49:11.079004+00:00,right,notchParamRand,notchParamRand::lvl-63.txt,notch,notch::lvl-91.txt,TIE,tie,0.5,True,False,False,1,1,5.067,5,0,0,20,1019.0,8.0,38.83281473187335,317.3605638701822,11,1,0,0,0,0,0,0,0,0
v_cd27b7e9-e326-4084-8595-ebe0bc53a9e1,btl_b8b259e6-3381-450b-bfbc-43c61eef3c97,1773be00-df92-4f32-93a0-fe8d0bad1cee,anon_d9f565b9-4193-4df2-8745-4d98c533b39c,2026-02-09T08:49:00.984780+00:00,2026-02-09 08:49:00.984780+00:00,left,hopper,hopper::lvl-33.txt,notchParamRand,notchParamRand::lvl-41.txt,LEFT,win,1.0,True,False,False,1,1,13.617,14,0,2,52,2113.0,8.0,73.38157901717061,584.3692937891831,39,1,0,0,0,0,0,0,0,0
v_cd27b7e9-e326-4084-8595-ebe0bc53a9e1,btl_b8b259e6-3381-450b-bfbc-43c61eef3c97,1773be00-df92-4f32-93a0-fe8d0bad1cee,anon_d9f565b9-4193-4df2-8745-4d98c533b39c,2026-02-09T08:49:00.984780+00:00,2026-02-09 08:49:00.984780+00:00,right,notchParamRand,notchParamRand::lvl-41.txt,hopper,hopper::lvl-33.txt,LEFT,loss,0.0,True,False,False,1,1,3.184,3,0,0,13,719.0,8.0,36.12912411708116,248.9255253278846,10,1,0,0,0,0,0,0,0,0
v_0cb1f66a-4c02-4046-b714-4a2516430e61,btl_0753057f-fdde-40a9-9e46-c9d07d47e161,1773be00-df92-4f32-93a0-fe8d0bad1cee,anon_d9f565b9-4193-4df2-8745-4d98c533b39c,2026-02-09T08:48:41.817264+00:00,2026-02-09 08:48:41.817264+00:00,left,patternOccur,patternOccur::lvl-89.txt,mariogan,mariogan::level_66.txt,RIGHT,loss,0.0,True,False,False,1,1,14.433,12,1,0,55,610.0,8.0,37.18625890352066,207.89397806502834,33,1,0,0,0,0,0,0,0,0
v_0cb1f66a-4c02-4046-b714-4a2516430e61,btl_0753057f-fdde-40a9-9e46-c9d07d47e161,1773be00-df92-4f32-93a0-fe8d0bad1cee,anon_d9f565b9-4193-4df2-8745-4d98c533b39c,2026-02-09T08:48:41.817264+00:00,2026-02-09 08:48:41.817264+00:00,right,mariogan,mariogan::level_66.txt,patternOccur,patternOccur::lvl-89.txt,RIGHT,win,1.0,True,False,False,1,1,1.617,1,0,0,7,105.0,8.0,26.3159763688315,42.118394837332886,4,1,0,0,0,0,0,0,0,0
v_84975314-5f12-4ba6-a0e6-211037219074,btl_6d028983-96af-42b2-9842-de70871695a3,1773be00-df92-4f32-93a0-fe8d0bad1cee,anon_d9f565b9-4193-4df2-8745-4d98c533b39c,2026-02-09T08:48:21.582886+00:00,2026-02-09 08:48:21.582886+00:00,left,mariogpt,mariogpt::level_001.txt,notch,notch::lvl-63.txt,TIE,tie,0.5,True,False,False,1,1,32.851,29,2,5,122,1755.0,8.0,47.61532979849456,568.8150927870291,90,1,1,0,0,0,0,0,1,0
v_84975314-5f12-4ba6-a0e6-211037219074,btl_6d028983-96af-42b2-9842-de70871695a3,1773be00-df92-4f32-93a0-fe8d0bad1cee,anon_d9f565b9-4193-4df2-8745-4d98c533b39c,2026-02-09T08:48:21.582886+00:00,2026-02-09 08:48:21.582886+00:00,right,notch,notch::lvl-63.txt,mariogpt,mariogpt::level_001.txt,TIE,tie,0.5,True,False,False,1,1,11.95,15,0,0,46,1494.0,8.0,43.191335860143795,399.16969412393314,31,1,0,0,0,0,0,0,0,0
v_34b4125d-f2b2-43a7-9e81-f486de101bdc,btl_ffcb9939-d616-4c54-8a8f-91e2ccb7c00c,1773be00-df92-4f32-93a0-fe8d0bad1cee,anon_d9f565b9-4193-4df2-8745-4d98c533b39c,2026-02-09T08:47:31.836701+00:00,2026-02-09 08:47:31.836701+00:00,left,notch,notch::lvl-19.txt,ore,ore::lvl-6.txt,RIGHT,loss,0.0,True,False,False,1,1,5.0,4,0,1,19,835.0,8.0,22.50453940050338,254.10696375831756,10,1,0,0,0,0,0,0,0,0
v_34b4125d-f2b2-43a7-9e81-f486de101bdc,btl_ffcb9939-d616-4c54-8a8f-91e2ccb7c00c,1773be00-df92-4f32-93a0-fe8d0bad1cee,anon_d9f565b9-4193-4df2-8745-4d98c533b39c,2026-02-09T08:47:31.836701+00:00,2026-02-09 08:47:31.836701+00:00,right,ore,ore::lvl-6.txt,notch,notch::lvl-19.txt,RIGHT,win,1.0,True,False,False,1,1,22.8,27,2,0,86,1026.0,8.0,50.01159411276928,290.5216985963823,62,1,0,0,0,0,0,0,0,0
v_8726037c-0e99-4870-bef5-99d958dc5fb9,btl_c3dc9c16-0fe7-495e-b487-2540a2dd078b,1773be00-df92-4f32-93a0-fe8d0bad1cee,anon_d9f565b9-4193-4df2-8745-4d98c533b39c,2026-02-09T08:47:00.099570+00:00,2026-02-09 08:47:00.099570+00:00,left,original,original::lvl-12.txt,notchParam,notchParam::lvl-34.txt,LEFT,win,1.0,True,False,False,1,1,4.183,5,0,0,16,391.0,8.0,52.896124621752776,111.12674000325035,11,1,0,0,0,0,0,0,0,0
v_8726037c-0e99-4870-bef5-99d958dc5fb9,btl_c3dc9c16-0fe7-495e-b487-2540a2dd078b,1773be00-df92-4f32-93a0-fe8d0bad1cee,anon_d9f565b9-4193-4df2-8745-4d98c533b39c,2026-02-09T08:47:00.099570+00:00,2026-02-09 08:47:00.099570+00:00,right,notchParam,notchParam::lvl-34.txt,original,original::lvl-12.txt,LEFT,loss,0.0,True,False,False,1,1,5.134,4,0,0,20,1131.0,8.0,29.831652652845097,379.8618827942598,8,1,0,0,0,0,0,0,0,0
v_ca6dc2bb-8c0e-4ae8-890b-b4511a22c62c,btl_d6169e08-29de-4624-9d38-dafba7e55e83,1773be00-df92-4f32-93a0-fe8d0bad1cee,anon_d9f565b9-4193-4df2-8745-4d98c533b39c,2026-02-09T08:46:47.886012+00:00,2026-02-09 08:46:47.886012+00:00,left,patternOccur,patternOccur::lvl-7.txt,mariodpo,mariodpo::mariodpo_nintendo_0103.txt,RIGHT,loss,0.0,False,True,False,0,0,0.0,0,0,0,0,,,,,0,0,0,0,0,0,0,0,0,0
v_ca6dc2bb-8c0e-4ae8-890b-b4511a22c62c,btl_d6169e08-29de-4624-9d38-dafba7e55e83,1773be00-df92-4f32-93a0-fe8d0bad1cee,anon_d9f565b9-4193-4df2-8745-4d98c533b39c,2026-02-09T08:46:47.886012+00:00,2026-02-09 08:46:47.886012+00:00,right,mariodpo,mariodpo::mariodpo_nintendo_0103.txt,patternOccur,patternOccur::lvl-7.txt,RIGHT,win,1.0,True,False,False,1,1,36.284,34,3,2,134,2435.0,40.0,57.816218151223524,703.1449043914203,81,1,0,0,0,0,0,0,0,0
v_402859ae-d6cb-4e61-ac4a-ffe5a975903b,btl_4860a860-57a6-4df2-bf65-169d862c3225,c010fe97-070b-4555-b3ba-604d69bd5112,anon_a9445e2d-8170-40b8-bfa3-9fdf5b9366fb,2026-02-09T08:43:35.989879+00:00,2026-02-09 08:43:35.989879+00:00,left,original,original::lvl-12.txt,hopper,hopper::lvl-96.txt,LEFT,win,1.0,True,False,False,1,1,2.177,2,0,0,9,213.0,8.0,45.033320996790806,69.79971346646059,6,1,0,0,0,0,0,0,0,0
v_402859ae-d6cb-4e61-ac4a-ffe5a975903b,btl_4860a860-57a6-4df2-bf65-169d862c3225,c010fe97-070b-4555-b3ba-604d69bd5112,anon_a9445e2d-8170-40b8-bfa3-9fdf5b9366fb,2026-02-09T08:43:35.989879+00:00,2026-02-09 08:43:35.989879+00:00,right,hopper,hopper::lvl-96.txt,original,original::lvl-12.txt,LEFT,loss,0.0,True,False,False,1,1,4.844,5,0,0,19,1297.0,8.0,41.701086429711665,432.7703004643328,10,1,0,0,0,0,0,0,0,0
v_fb170dfd-eb96-4c46-9b7a-d0f4d532ba4c,btl_c1ab2457-e29a-4010-900f-89ef50a0c0eb,c010fe97-070b-4555-b3ba-604d69bd5112,anon_a9445e2d-8170-40b8-bfa3-9fdf5b9366fb,2026-02-09T08:43:25.452441+00:00,2026-02-09 08:43:25.452441+00:00,left,original,original::lvl-8.txt,mariogan,mariogan::level_57.txt,LEFT,win,1.0,True,False,False,1,1,20.644,19,0,1,78,1973.0,8.0,54.014346597878905,593.3458048076519,40,1,0,0,0,0,0,0,0,0
v_fb170dfd-eb96-4c46-9b7a-d0f4d532ba4c,btl_c1ab2457-e29a-4010-900f-89ef50a0c0eb,c010fe97-070b-4555-b3ba-604d69bd5112,anon_a9445e2d-8170-40b8-bfa3-9fdf5b9366fb,2026-02-09T08:43:25.452441+00:00,2026-02-09 08:43:25.452441+00:00,right,mariogan,mariogan::level_57.txt,original,original::lvl-8.txt,LEFT,loss,0.0,True,False,False,1,1,5.209,5,0,1,20,964.0,8.0,35.39530336075678,319.4131493849306,13,1,0,0,0,0,0,0,0,0
v_60cfc5d9-29ca-4fd2-aabb-e0cfbe4ef8b6,btl_2f138f1c-d54f-45f1-a36e-3280199137bb,c010fe97-070b-4555-b3ba-604d69bd5112,anon_a9445e2d-8170-40b8-bfa3-9fdf5b9366fb,2026-02-09T08:42:56.824329+00:00,2026-02-09 08:42:56.824329+00:00,left,mariodpo,mariodpo::mariodpo_nintendo_0150.txt,patternWeightCount,patternWeightCount::lvl-9.txt,TIE,tie,0.5,True,False,False,1,1,5.245,6,3,1,20,670.0,40.0,22.437190109280618,232.72869934754502,16,1,0,0,0,0,0,0,0,0
v_60cfc5d9-29ca-4fd2-aabb-e0cfbe4ef8b6,btl_2f138f1c-d54f-45f1-a36e-3280199137bb,c010fe97-070b-4555-b3ba-604d69bd5112,anon_a9445e2d-8170-40b8-bfa3-9fdf5b9366fb,2026-02-09T08:42:56.824329+00:00,2026-02-09 08:42:56.824329+00:00,right,patternWeightCount,patternWeightCount::lvl-9.txt,mariodpo,mariodpo::mariodpo_nintendo_0150.txt,TIE,tie,0.5,True,False,False,1,1,7.215,5,1,0,28,210.0,8.0,30.81219858485683,57.126459700905535,16,1,0,0,0,0,0,0,0,0
v_028e3a7a-a4bd-456c-a3e2-f7af490f0cd1,btl_8f4f0f13-fa43-45af-afb4-d6751cc4e4f2,c010fe97-070b-4555-b3ba-604d69bd5112,anon_a9445e2d-8170-40b8-bfa3-9fdf5b9366fb,2026-02-09T08:42:40.713309+00:00,2026-02-09 08:42:40.713309+00:00,left,patternCount,patternCount::lvl-90.txt,mariodpo,mariodpo::mariodpo_nintendo_0176.txt,RIGHT,loss,0.0,True,False,False,1,1,6.343,3,0,0,24,363.0,8.0,42.715609136343694,124.8205308855701,20,1,0,0,0,0,0,0,0,0
v_028e3a7a-a4bd-456c-a3e2-f7af490f0cd1,btl_8f4f0f13-fa43-45af-afb4-d6751cc4e4f2,c010fe97-070b-4555-b3ba-604d69bd5112,anon_a9445e2d-8170-40b8-bfa3-9fdf5b9366fb,2026-02-09T08:42:40.713309+00:00,2026-02-09 08:42:40.713309+00:00,right,mariodpo,mariodpo::mariodpo_nintendo_0176.txt,patternCount,patternCount::lvl-90.txt,RIGHT,win,1.0,True,False,False,1,1,5.578,3,0,0,22,567.0,19.0,49.359806481263355,174.00582421144452,6,1,0,0,0,0,0,0,0,0
v_ae7a9975-0002-4825-9a19-03e9f83b9919,btl_7cf33f1e-cff2-4de0-8dcf-023da627e54d,c010fe97-070b-4555-b3ba-604d69bd5112,anon_a9445e2d-8170-40b8-bfa3-9fdf5b9366fb,2026-02-09T08:42:26.886895+00:00,2026-02-09 08:42:26.886895+00:00,left,notchParamRand,notchParamRand::lvl-80.txt,notchParam,notchParam::lvl-57.txt,TIE,tie,0.5,True,False,False,1,1,6.382,3,0,0,25,1660.0,8.0,23.595457189891448,542.5858737564037,6,1,0,0,0,0,0,0,0,0
v_ae7a9975-0002-4825-9a19-03e9f83b9919,btl_7cf33f1e-cff2-4de0-8dcf-023da627e54d,c010fe97-070b-4555-b3ba-604d69bd5112,anon_a9445e2d-8170-40b8-bfa3-9fdf5b9366fb,2026-02-09T08:42:26.886895+00:00,2026-02-09 08:42:26.886895+00:00,right,notchParam,notchParam::lvl-57.txt,notchParamRand,notchParamRand::lvl-80.txt,TIE,tie,0.5,True,False,False,1,1,1.885,1,0,0,8,379.0,8.0,33.29390897746914,133.90429184682617,3,1,0,0,0,0,0,0,0,0
v_913d9852-ab5f-42aa-a556-0d26d8c23ca4,btl_93705396-3fdd-47c4-ad37-0e33a4c52062,c744c28d-a025-4ff3-b01b-ae75439f69fe,anon_1e5742c1-8b20-4ede-8763-bb424c02a699,2026-02-09T08:09:14.427532+00:00,2026-02-09 08:09:14.427532+00:00,left,hopper,hopper::lvl-86.txt,genetic,genetic::lvl-13.txt,TIE,tie,0.5,True,False,False,1,1,2.267,1,0,0,9,422.0,8.0,19.70210241335104,147.99023991841864,3,1,0,0,0,0,0,0,0,0
v_913d9852-ab5f-42aa-a556-0d26d8c23ca4,btl_93705396-3fdd-47c4-ad37-0e33a4c52062,c744c28d-a025-4ff3-b01b-ae75439f69fe,anon_1e5742c1-8b20-4ede-8763-bb424c02a699,2026-02-09T08:09:14.427532+00:00,2026-02-09 08:09:14.427532+00:00,right,genetic,genetic::lvl-13.txt,hopper,hopper::lvl-86.txt,TIE,tie,0.5,True,False,False,1,1,6.634,5,0,0,26,909.0,8.0,34.76329510260114,246.37421926240532,10,1,0,0,0,0,0,0,0,0
v_e9fad278-6e7d-4cf0-bef7-bbc188e13493,btl_ded0f1b1-4a95-4c09-b285-e2f89b99a8ae,c744c28d-a025-4ff3-b01b-ae75439f69fe,anon_1e5742c1-8b20-4ede-8763-bb424c02a699,2026-02-09T08:09:03.221810+00:00,2026-02-09 08:09:03.221810+00:00,left,mariogan,mariogan::level_55.txt,notchParamRand,notchParamRand::lvl-9.txt,RIGHT,loss,0.0,True,False,False,1,1,0.633,0,0,0,3,8.0,8.0,75.07477753694793,0.0,4,1,1,0,0,0,0,0,1,0
v_e9fad278-6e7d-4cf0-bef7-bbc188e13493,btl_ded0f1b1-4a95-4c09-b285-e2f89b99a8ae,c744c28d-a025-4ff3-b01b-ae75439f69fe,anon_1e5742c1-8b20-4ede-8763-bb424c02a699,2026-02-09T08:09:03.221810+00:00,2026-02-09 08:09:03.221810+00:00,right,notchParamRand,notchParamRand::lvl-9.txt,mariogan,mariogan::level_55.txt,RIGHT,win,1.0,True,False,True,0,0,16.084,14,0,0,61,3109.0,8.0,37.55034602990856,886.4930901733076,30,0,0,0,0,0,0,0,0,0
v_f6f43746-b4f8-4efa-a88a-4aa5c7aa8835,btl_f4c03b61-000c-48df-8a31-f0998552a936,c744c28d-a025-4ff3-b01b-ae75439f69fe,anon_1e5742c1-8b20-4ede-8763-bb424c02a699,2026-02-09T08:08:41.582612+00:00,2026-02-09 08:08:41.582612+00:00,left,mariogpt,mariogpt::level_039.txt,marioDiffusion,marioDiffusion::level_28.txt,RIGHT,loss,0.0,True,False,False,1,1,22.801,13,0,1,84,1584.0,8.0,25.27013633222886,448.4678241680878,32,1,0,0,0,0,0,0,0,0
v_f6f43746-b4f8-4efa-a88a-4aa5c7aa8835,btl_f4c03b61-000c-48df-8a31-f0998552a936,c744c28d-a025-4ff3-b01b-ae75439f69fe,anon_1e5742c1-8b20-4ede-8763-bb424c02a699,2026-02-09T08:08:41.582612+00:00,2026-02-09 08:08:41.582612+00:00,right,marioDiffusion,marioDiffusion::level_28.txt,mariogpt,mariogpt::level_039.txt,RIGHT,win,1.0,True,False,True,0,0,31.3,31,2,0,118,3294.0,8.0,54.9845483766472,928.77938562179,65,0,0,0,0,0,0,0,0,0
v_eaab8402-2f2a-4d95-a434-e3d3b48068cd,btl_86be72f4-33cf-4767-800a-c291fdfb136b,c744c28d-a025-4ff3-b01b-ae75439f69fe,anon_1e5742c1-8b20-4ede-8763-bb424c02a699,2026-02-09T08:07:44.454671+00:00,2026-02-09 08:07:44.454671+00:00,left,mariodpo,mariodpo::mariodpo_nintendo_0149.txt,hopper,hopper::lvl-57.txt,LEFT,win,1.0,True,False,True,0,0,29.734,28,0,3,112,2534.0,40.0,52.57373875819853,728.5339870784642,67,0,0,0,0,0,0,0,0,0
v_eaab8402-2f2a-4d95-a434-e3d3b48068cd,btl_86be72f4-33cf-4767-800a-c291fdfb136b,c744c28d-a025-4ff3-b01b-ae75439f69fe,anon_1e5742c1-8b20-4ede-8763-bb424c02a699,2026-02-09T08:07:44.454671+00:00,2026-02-09 08:07:44.454671+00:00,right,hopper,hopper::lvl-57.txt,mariodpo,mariodpo::mariodpo_nintendo_0149.txt,LEFT,loss,0.0,True,False,True,0,0,19.8,18,1,6,75,3121.0,8.0,31.133507494159552,921.2640315469947,54,0,0,0,0,0,0,0,0,0
v_641707cc-b06f-4759-90b3-a1441985d590,btl_e4f08c36-b9e6-480f-b5e9-9df7ebb2d73f,c744c28d-a025-4ff3-b01b-ae75439f69fe,anon_1e5742c1-8b20-4ede-8763-bb424c02a699,2026-02-09T08:06:49.208369+00:00,2026-02-09 08:06:49.208369+00:00,left,notchParam,notchParam::lvl-49.txt,mariogpt,mariogpt::level_061.txt,RIGHT,loss,0.0,True,False,False,1,1,5.117,4,0,0,20,1110.0,8.0,27.55340269367833,380.5309317256614,9,1,0,0,0,0,0,0,0,0
v_641707cc-b06f-4759-90b3-a1441985d590,btl_e4f08c36-b9e6-480f-b5e9-9df7ebb2d73f,c744c28d-a025-4ff3-b01b-ae75439f69fe,anon_1e5742c1-8b20-4ede-8763-bb424c02a699,2026-02-09T08:06:49.208369+00:00,2026-02-09 08:06:49.208369+00:00,right,mariogpt,mariogpt::level_061.txt,notchParam,notchParam::lvl-49.txt,RIGHT,win,1.0,True,False,False,1,1,14.717,16,8,0,56,1145.0,8.0,46.477717807041905,334.6665332187141,43,1,2,1,0,0,0,1,0,0
v_dd9b27ae-cf21-4240-9bcc-573847cdf3cf,btl_9159dd16-facf-42e0-9f76-adced4ea6654,c744c28d-a025-4ff3-b01b-ae75439f69fe,anon_1e5742c1-8b20-4ede-8763-bb424c02a699,2026-02-09T08:06:19.208757+00:00,2026-02-09 08:06:19.208757+00:00,left,patternOccur,patternOccur::lvl-62.txt,genetic,genetic::lvl-60.txt,RIGHT,loss,0.0,True,False,False,1,1,0.7,0,0,0,3,8.0,8.0,75.07477753694793,0.0,4,1,0,0,0,0,0,0,0,0
v_dd9b27ae-cf21-4240-9bcc-573847cdf3cf,btl_9159dd16-facf-42e0-9f76-adced4ea6654,c744c28d-a025-4ff3-b01b-ae75439f69fe,anon_1e5742c1-8b20-4ede-8763-bb424c02a699,2026-02-09T08:06:19.208757+00:00,2026-02-09 08:06:19.208757+00:00,right,genetic,genetic::lvl-60.txt,patternOccur,patternOccur::lvl-62.txt,RIGHT,win,1.0,True,False,False,1,1,3.533,3,0,0,14,495.0,8.0,35.89241293257461,162.87614237543215,6,1,0,0,0,0,0,0,0,0
v_5c2ca6cb-9cc7-4d72-a959-c60e12eba2b4,btl_bf3abd41-a323-48fb-aaec-a8bccee0ae61,c744c28d-a025-4ff3-b01b-ae75439f69fe,anon_1e5742c1-8b20-4ede-8763-bb424c02a699,2026-02-09T08:06:12.491417+00:00,2026-02-09 08:06:12.491417+00:00,left,mariogan,mariogan::level_31.txt,patternCount,patternCount::lvl-57.txt,LEFT,win,1.0,True,False,False,1,1,1.217,1,0,0,5,29.0,8.0,23.03388807822075,8.399999999999999,4,1,0,0,0,0,0,0,0,0
v_5c2ca6cb-9cc7-4d72-a959-c60e12eba2b4,btl_bf3abd41-a323-48fb-aaec-a8bccee0ae61,c744c28d-a025-4ff3-b01b-ae75439f69fe,anon_1e5742c1-8b20-4ede-8763-bb424c02a699,2026-02-09T08:06:12.491417+00:00,2026-02-09 08:06:12.491417+00:00,right,patternCount,patternCount::lvl-57.txt,mariogan,mariogan::level_31.txt,LEFT,loss,0.0,True,False,False,1,1,5.117,5,1,0,20,305.0,0.0,37.317388708214835,85.636601403839,22,1,0,0,0,0,0,0,0,0
v_e85e36db-b9ba-4dd3-a459-1dddffb412d9,btl_b71448c2-082b-431c-ad59-4447e6f29154,c744c28d-a025-4ff3-b01b-ae75439f69fe,anon_1e5742c1-8b20-4ede-8763-bb424c02a699,2026-02-09T08:06:02.640106+00:00,2026-02-09 08:06:02.640106+00:00,left,ore,ore::lvl-34.txt,original,original::lvl-10.txt,RIGHT,loss,0.0,True,False,False,1,1,9.084,7,0,1,35,661.0,8.0,27.479951875904746,234.9953781568949,18,1,0,0,0,0,0,0,0,0
v_e85e36db-b9ba-4dd3-a459-1dddffb412d9,btl_b71448c2-082b-431c-ad59-4447e6f29154,c744c28d-a025-4ff3-b01b-ae75439f69fe,anon_1e5742c1-8b20-4ede-8763-bb424c02a699,2026-02-09T08:06:02.640106+00:00,2026-02-09 08:06:02.640106+00:00,right,original,original::lvl-10.txt,ore,ore::lvl-34.txt,RIGHT,win,1.0,True,False,False,1,1,4.2,4,0,0,16,532.0,24.0,40.88379110356573,179.4124089911286,9,1,0,0,0,0,0,0,0,0
v_1e47c799-1355-4b88-9cfb-64620a25cbc3,btl_0617c655-f40b-4d37-835e-6bcd0e37d47f,c744c28d-a025-4ff3-b01b-ae75439f69fe,anon_1e5742c1-8b20-4ede-8763-bb424c02a699,2026-02-09T08:05:47.127896+00:00,2026-02-09 08:05:47.127896+00:00,left,mariodpo,mariodpo::mariodpo_nintendo_0102.txt,marioDiffusion,marioDiffusion::level_13.txt,TIE,tie,0.5,True,False,False,1,1,4.433,2,0,0,17,251.0,40.0,17.96806086011132,80.24706658502683,6,1,0,0,0,0,0,0,0,0
v_1e47c799-1355-4b88-9cfb-64620a25cbc3,btl_0617c655-f40b-4d37-835e-6bcd0e37d47f,c744c28d-a025-4ff3-b01b-ae75439f69fe,anon_1e5742c1-8b20-4ede-8763-bb424c02a699,2026-02-09T08:05:47.127896+00:00,2026-02-09 08:05:47.127896+00:00,right,marioDiffusion,marioDiffusion::level_13.txt,mariodpo,mariodpo::mariodpo_nintendo_0102.txt,TIE,tie,0.5,True,False,False,1,1,3.517,4,0,0,14,378.0,8.0,65.73834963128371,111.53961957391589,8,1,0,0,0,0,0,0,0,0
v_3b3f8b5a-9d14-486e-a78a-74ec8d6a21d6,btl_128de252-56d2-438f-b0e1-4c290ad70cc1,c744c28d-a025-4ff3-b01b-ae75439f69fe,anon_1e5742c1-8b20-4ede-8763-bb424c02a699,2026-02-09T08:05:35.654035+00:00,2026-02-09 08:05:35.654035+00:00,left,patternOccur,patternOccur::lvl-7.txt,mariogan,mariogan::level_31.txt,RIGHT,loss,0.0,False,True,False,0,0,0.0,0,0,0,0,,,,,0,0,0,0,0,0,0,0,0,0
v_3b3f8b5a-9d14-486e-a78a-74ec8d6a21d6,btl_128de252-56d2-438f-b0e1-4c290ad70cc1,c744c28d-a025-4ff3-b01b-ae75439f69fe,anon_1e5742c1-8b20-4ede-8763-bb424c02a699,2026-02-09T08:05:35.654035+00:00,2026-02-09 08:05:35.654035+00:00,right,mariogan,mariogan::level_31.txt,patternOccur,patternOccur::lvl-7.txt,RIGHT,win,1.0,True,False,False,1,1,27.417,28,0,2,101,2258.0,8.0,45.20842386192644,663.0083155345741,63,1,0,0,0,0,0,0,0,0
v_7e8e1399-7376-4206-859e-315ce9082968,btl_482d165d-e13a-4a3f-b0c3-594842799b55,c744c28d-a025-4ff3-b01b-ae75439f69fe,anon_1e5742c1-8b20-4ede-8763-bb424c02a699,2026-02-09T08:05:01.107101+00:00,2026-02-09 08:05:01.107101+00:00,left,notch,notch::lvl-68.txt,marioDiffusion,marioDiffusion::level_85.txt,RIGHT,loss,0.0,True,False,True,0,0,16.167,15,0,3,61,2371.0,8.0,29.003266457375585,703.1042154322978,36,0,0,0,0,0,0,0,0,0
v_7e8e1399-7376-4206-859e-315ce9082968,btl_482d165d-e13a-4a3f-b0c3-594842799b55,c744c28d-a025-4ff3-b01b-ae75439f69fe,anon_1e5742c1-8b20-4ede-8763-bb424c02a699,2026-02-09T08:05:01.107101+00:00,2026-02-09 08:05:01.107101+00:00,right,marioDiffusion,marioDiffusion::level_85.txt,notch,notch::lvl-68.txt,RIGHT,win,1.0,True,False,True,0,0,37.034,41,0,0,139,3285.0,8.0,46.46028906181121,901.872720289453,82,0,0,0,0,0,0,0,0,0
v_4b60cb10-2e12-45fd-884c-2249d3bc9a56,btl_44449e1e-677c-46a7-aaad-f976ba5d153f,c744c28d-a025-4ff3-b01b-ae75439f69fe,anon_1e5742c1-8b20-4ede-8763-bb424c02a699,2026-02-09T08:04:01.692447+00:00,2026-02-09 08:04:01.692447+00:00,left,mariogan,mariogan::level_88.txt,hopper,hopper::lvl-12.txt,LEFT,win,1.0,True,False,False,1,1,5.433,7,0,0,21,853.0,8.0,53.85560605781793,265.48544506610926,15,1,0,0,0,0,0,0,0,0
v_4b60cb10-2e12-45fd-884c-2249d3bc9a56,btl_44449e1e-677c-46a7-aaad-f976ba5d153f,c744c28d-a025-4ff3-b01b-ae75439f69fe,anon_1e5742c1-8b20-4ede-8763-bb424c02a699,2026-02-09T08:04:01.692447+00:00,2026-02-09 08:04:01.692447+00:00,right,hopper,hopper::lvl-12.txt,mariogan,mariogan::level_88.txt,LEFT,loss,0.0,True,False,False,1,1,9.934,8,0,3,38,1803.0,8.0,43.65037529229153,581.10102058238,23,1,0,0,0,0,0,0,0,0
v_0e490bc7-d1b7-4697-981f-9f0b2d440a1a,btl_b3251a3d-ee11-49e9-8080-da09d22f4093,c744c28d-a025-4ff3-b01b-ae75439f69fe,anon_1e5742c1-8b20-4ede-8763-bb424c02a699,2026-02-09T08:03:42.788164+00:00,2026-02-09 08:03:42.788164+00:00,left,mariodpo,mariodpo::mariodpo_nintendo_0091.txt,hopper,hopper::lvl-63.txt,TIE,tie,0.5,True,False,False,1,1,19.217,17,0,0,73,2118.0,40.0,48.05896875077406,583.2033252617474,36,1,0,0,0,0,0,0,0,0
v_0e490bc7-d1b7-4697-981f-9f0b2d440a1a,btl_b3251a3d-ee11-49e9-8080-da09d22f4093,c744c28d-a025-4ff3-b01b-ae75439f69fe,anon_1e5742c1-8b20-4ede-8763-bb424c02a699,2026-02-09T08:03:42.788164+00:00,2026-02-09 08:03:42.788164+00:00,right,hopper,hopper::lvl-63.txt,mariodpo,mariodpo::mariodpo_nintendo_0091.txt,TIE,tie,0.5,True,False,False,1,1,4.567,3,0,1,18,1036.0,8.0,29.8942580885806,355.792408089775,9,1,0,0,0,0,0,0,0,0
v_d329af8f-a509-4e56-9a94-1b26680c7b7f,btl_6f9a5a32-e7fd-4261-bae3-134eebe6256a,c744c28d-a025-4ff3-b01b-ae75439f69fe,anon_1e5742c1-8b20-4ede-8763-bb424c02a699,2026-02-09T08:03:15.139046+00:00,2026-02-09 08:03:15.139046+00:00,left,mariodpo,mariodpo::mariodpo_nintendo_0039.txt,original,original::lvl-2.txt,TIE,tie,0.5,True,False,False,1,1,6.6,3,0,1,25,517.0,40.0,21.629609335353237,147.23252901448103,11,1,0,0,0,0,0,0,0,0
v_d329af8f-a509-4e56-9a94-1b26680c7b7f,btl_6f9a5a32-e7fd-4261-bae3-134eebe6256a,c744c28d-a025-4ff3-b01b-ae75439f69fe,anon_1e5742c1-8b20-4ede-8763-bb424c02a699,2026-02-09T08:03:15.139046+00:00,2026-02-09 08:03:15.139046+00:00,right,original,original::lvl-2.txt,mariodpo,mariodpo::mariodpo_nintendo_0039.txt,TIE,tie,0.5,True,False,False,1,1,18.217,13,6,5,69,1632.0,56.0,38.426507951380835,412.6138411330381,40,1,0,0,0,0,0,0,0,0
v_ebe5ba24-687a-4e77-ae9e-5870676073e1,btl_52238e7a-17f0-4021-a3e5-72dc6299de84,c744c28d-a025-4ff3-b01b-ae75439f69fe,anon_1e5742c1-8b20-4ede-8763-bb424c02a699,2026-02-09T08:02:39.498784+00:00,2026-02-09 08:02:39.498784+00:00,left,mariogan,mariogan::level_46.txt,notchParamRand,notchParamRand::lvl-20.txt,TIE,tie,0.5,True,False,True,0,0,26.117,24,0,1,99,2671.0,8.0,28.661106656798303,787.6894140450751,49,0,0,0,0,0,0,0,0,0
v_ebe5ba24-687a-4e77-ae9e-5870676073e1,btl_52238e7a-17f0-4021-a3e5-72dc6299de84,c744c28d-a025-4ff3-b01b-ae75439f69fe,anon_1e5742c1-8b20-4ede-8763-bb424c02a699,2026-02-09T08:02:39.498784+00:00,2026-02-09 08:02:39.498784+00:00,right,notchParamRand,notchParamRand::lvl-20.txt,mariogan,mariogan::level_46.txt,TIE,tie,0.5,True,False,True,0,0,24.334,23,0,3,92,3101.0,8.0,36.10016782789615,918.4971808573565,49,0,0,0,0,0,0,0,0,0
v_15ce967b-1cd5-4a31-948c-789e39fba3d4,btl_97be6a9a-d02d-41ce-9989-0c7fd3e7325f,c744c28d-a025-4ff3-b01b-ae75439f69fe,anon_1e5742c1-8b20-4ede-8763-bb424c02a699,2026-02-09T08:01:44.696765+00:00,2026-02-09 08:01:44.696765+00:00,left,notchParam,notchParam::lvl-61.txt,notch,notch::lvl-80.txt,TIE,tie,0.5,True,False,True,0,0,22.884,24,0,1,86,3081.0,8.0,40.61579138050341,893.5767295270117,50,0,0,0,0,0,0,0,0,0
v_15ce967b-1cd5-4a31-948c-789e39fba3d4,btl_97be6a9a-d02d-41ce-9989-0c7fd3e7325f,c744c28d-a025-4ff3-b01b-ae75439f69fe,anon_1e5742c1-8b20-4ede-8763-bb424c02a699,2026-02-09T08:01:44.696765+00:00,2026-02-09 08:01:44.696765+00:00,right,notch,notch::lvl-80.txt,notchParam,notchParam::lvl-61.txt,TIE,tie,0.5,True,False,False,1,1,27.534,9,0,1,104,1720.0,8.0,18.315205310400707,364.22116742684676,20,1,0,0,0,0,0,0,0,0
v_acc99664-91ce-4577-88a7-34983056f7f7,btl_eb1b2fdc-ed09-46ad-afcf-26972b9e8c0b,c744c28d-a025-4ff3-b01b-ae75439f69fe,anon_1e5742c1-8b20-4ede-8763-bb424c02a699,2026-02-09T08:00:48.672409+00:00,2026-02-09 08:00:48.672409+00:00,left,mariodpo,mariodpo::mariodpo_nintendo_0061.txt,marioDiffusion,marioDiffusion::level_6.txt,LEFT,win,1.0,True,False,True,0,0,31.2,25,0,2,118,2831.0,40.0,39.58998782369722,702.7693665305528,59,0,0,0,0,0,0,0,0,0
v_acc99664-91ce-4577-88a7-34983056f7f7,btl_eb1b2fdc-ed09-46ad-afcf-26972b9e8c0b,c744c28d-a025-4ff3-b01b-ae75439f69fe,anon_1e5742c1-8b20-4ede-8763-bb424c02a699,2026-02-09T08:00:48.672409+00:00,2026-02-09 08:00:48.672409+00:00,right,marioDiffusion,marioDiffusion::level_6.txt,mariodpo,mariodpo::mariodpo_nintendo_0061.txt,LEFT,loss,0.0,True,False,False,1,1,0.433,1,0,0,2,8.0,8.0,0.0,0.0,3,1,1,0,0,0,0,0,1,0
v_da15062f-a42f-43f2-8e11-aa21ccb1cda0,btl_43387af5-3f93-4e85-a13e-8c1e7ec09a60,14efbbfb-00ed-40db-8d1a-d966842cf143,anon_43f0e58c-624e-42f9-983e-c1945ed48303,2026-02-09T07:59:07.790049+00:00,2026-02-09 07:59:07.790049+00:00,left,hopper,hopper::lvl-81.txt,patternWeightCount,patternWeightCount::lvl-16.txt,TIE,tie,0.5,True,False,False,1,1,5.5,5,0,0,21,1202.0,8.0,31.61868903984856,393.10520883781163,11,1,0,0,0,0,0,0,0,0
v_da15062f-a42f-43f2-8e11-aa21ccb1cda0,btl_43387af5-3f93-4e85-a13e-8c1e7ec09a60,14efbbfb-00ed-40db-8d1a-d966842cf143,anon_43f0e58c-624e-42f9-983e-c1945ed48303,2026-02-09T07:59:07.790049+00:00,2026-02-09 07:59:07.790049+00:00,right,patternWeightCount,patternWeightCount::lvl-16.txt,hopper,hopper::lvl-81.txt,TIE,tie,0.5,True,False,False,1,1,4.55,4,0,0,18,329.0,8.0,37.7534235223022,103.34760952756346,13,1,0,0,0,0,0,0,0,0
v_9b05b303-9016-4fc9-9f9a-913af133b90f,btl_e7c0c4f7-0a21-4918-9882-3436248aab7b,14efbbfb-00ed-40db-8d1a-d966842cf143,anon_43f0e58c-624e-42f9-983e-c1945ed48303,2026-02-09T07:58:54.247000+00:00,2026-02-09 07:58:54.247000+00:00,left,patternCount,patternCount::lvl-76.txt,original,original::lvl-4.txt,RIGHT,loss,0.0,True,False,False,1,1,0.717,0,0,0,3,8.0,8.0,75.07477753694793,0.0,10,1,0,0,0,0,0,0,0,0
v_9b05b303-9016-4fc9-9f9a-913af133b90f,btl_e7c0c4f7-0a21-4918-9882-3436248aab7b,14efbbfb-00ed-40db-8d1a-d966842cf143,anon_43f0e58c-624e-42f9-983e-c1945ed48303,2026-02-09T07:58:54.247000+00:00,2026-02-09 07:58:54.247000+00:00,right,original,original::lvl-4.txt,patternCount,patternCount::lvl-76.txt,RIGHT,win,1.0,True,False,False,1,1,6.984,6,1,1,27,747.0,40.0,57.46711351549222,232.92016329449842,16,1,0,0,0,0,0,0,0,0
v_578fb9b5-c55b-4b5c-9d19-56430ecba935,btl_2ae2c8d4-2cbe-4123-8e1f-aeb4661ded08,14efbbfb-00ed-40db-8d1a-d966842cf143,anon_43f0e58c-624e-42f9-983e-c1945ed48303,2026-02-09T07:58:43.275660+00:00,2026-02-09 07:58:43.275660+00:00,left,notchParamRand,notchParamRand::lvl-45.txt,ore,ore::lvl-13.txt,LEFT,win,1.0,True,False,True,0,0,18.6,17,0,0,70,3086.0,8.0,33.82802847054616,901.3301848051115,38,0,0,0,0,0,0,0,0,0
v_578fb9b5-c55b-4b5c-9d19-56430ecba935,btl_2ae2c8d4-2cbe-4123-8e1f-aeb4661ded08,14efbbfb-00ed-40db-8d1a-d966842cf143,anon_43f0e58c-624e-42f9-983e-c1945ed48303,2026-02-09T07:58:43.275660+00:00,2026-02-09 07:58:43.275660+00:00,right,ore,ore::lvl-13.txt,notchParamRand,notchParamRand::lvl-45.txt,LEFT,loss,0.0,True,False,False,1,1,1.833,0,0,0,7,65.0,8.0,0.0,22.550623322757577,3,1,0,0,0,0,0,0,0,0
v_326d0916-6097-473f-b532-00e43395bc74,btl_e090c78e-939c-4a99-b79f-0c747593a475,14efbbfb-00ed-40db-8d1a-d966842cf143,anon_43f0e58c-624e-42f9-983e-c1945ed48303,2026-02-09T07:58:19.848008+00:00,2026-02-09 07:58:19.848008+00:00,left,patternWeightCount,patternWeightCount::lvl-76.txt,patternCount,patternCount::lvl-81.txt,LEFT,win,1.0,True,False,False,1,1,8.533,9,1,0,33,608.0,8.0,42.602073178643046,196.3241729892378,24,1,0,0,0,0,0,0,0,0
v_326d0916-6097-473f-b532-00e43395bc74,btl_e090c78e-939c-4a99-b79f-0c747593a475,14efbbfb-00ed-40db-8d1a-d966842cf143,anon_43f0e58c-624e-42f9-983e-c1945ed48303,2026-02-09T07:58:19.848008+00:00,2026-02-09 07:58:19.848008+00:00,right,patternCount,patternCount::lvl-81.txt,patternWeightCount,patternWeightCount::lvl-76.txt,LEFT,loss,0.0,True,False,False,1,1,0.7,0,0,0,3,8.0,8.0,75.07477753694793,0.0,7,1,0,0,0,0,0,0,0,0
v_f4aed5a9-b8ea-444b-ab0a-eb42b60df5d8,btl_c2c9cba5-e980-4b85-b92f-74d47eded550,14efbbfb-00ed-40db-8d1a-d966842cf143,anon_43f0e58c-624e-42f9-983e-c1945ed48303,2026-02-09T07:58:07.795509+00:00,2026-02-09 07:58:07.795509+00:00,left,patternOccur,patternOccur::lvl-68.txt,notchParamRand,notchParamRand::lvl-84.txt,RIGHT,loss,0.0,True,False,False,1,1,5.467,6,0,0,21,342.0,8.0,40.16705478684531,101.27468764837857,18,1,0,0,0,0,0,0,0,0
v_f4aed5a9-b8ea-444b-ab0a-eb42b60df5d8,btl_c2c9cba5-e980-4b85-b92f-74d47eded550,14efbbfb-00ed-40db-8d1a-d966842cf143,anon_43f0e58c-624e-42f9-983e-c1945ed48303,2026-02-09T07:58:07.795509+00:00,2026-02-09 07:58:07.795509+00:00,right,notchParamRand,notchParamRand::lvl-84.txt,patternOccur,patternOccur::lvl-68.txt,RIGHT,win,1.0,True,False,False,1,1,8.817,8,0,0,34,1262.0,8.0,35.92477001103864,398.7131332546719,21,1,0,0,0,0,0,0,0,0
v_35d58d40-ce4b-4846-af0b-7d3c25170289,btl_156f50e8-11ba-474c-b247-dc360856af1e,14efbbfb-00ed-40db-8d1a-d966842cf143,anon_43f0e58c-624e-42f9-983e-c1945ed48303,2026-02-09T07:57:49.868546+00:00,2026-02-09 07:57:49.868546+00:00,left,patternWeightCount,patternWeightCount::lvl-28.txt,patternCount,patternCount::lvl-38.txt,LEFT,win,1.0,True,False,False,1,1,5.2,5,0,0,20,280.0,8.0,32.04044319293976,91.01928367109906,15,1,0,0,0,0,0,0,0,0
v_35d58d40-ce4b-4846-af0b-7d3c25170289,btl_156f50e8-11ba-474c-b247-dc360856af1e,14efbbfb-00ed-40db-8d1a-d966842cf143,anon_43f0e58c-624e-42f9-983e-c1945ed48303,2026-02-09T07:57:49.868546+00:00,2026-02-09 07:57:49.868546+00:00,right,patternCount,patternCount::lvl-38.txt,patternWeightCount,patternWeightCount::lvl-28.txt,LEFT,loss,0.0,True,False,False,1,1,12.034,14,0,0,46,499.0,8.0,26.1284090945994,157.26721627755092,49,1,0,0,0,0,0,0,0,0
v_7206c7f4-de04-4e64-a342-95437bf7b781,btl_837057ed-a6b4-4b50-bdf5-965dfbe4ed99,14efbbfb-00ed-40db-8d1a-d966842cf143,anon_43f0e58c-624e-42f9-983e-c1945ed48303,2026-02-09T07:57:23.845703+00:00,2026-02-09 07:57:23.845703+00:00,left,marioDiffusion,marioDiffusion::level_41.txt,patternOccur,patternOccur::lvl-45.txt,RIGHT,loss,0.0,True,False,False,1,1,15.984,15,0,0,61,1873.0,8.0,69.29051903362736,597.0247494573906,30,1,1,0,0,0,0,0,1,0
v_7206c7f4-de04-4e64-a342-95437bf7b781,btl_837057ed-a6b4-4b50-bdf5-965dfbe4ed99,14efbbfb-00ed-40db-8d1a-d966842cf143,anon_43f0e58c-624e-42f9-983e-c1945ed48303,2026-02-09T07:57:23.845703+00:00,2026-02-09 07:57:23.845703+00:00,right,patternOccur,patternOccur::lvl-45.txt,marioDiffusion,marioDiffusion::level_41.txt,RIGHT,win,1.0,True,False,False,1,1,3.75,2,0,0,15,156.0,8.0,28.35677461677662,57.17862848613593,8,1,0,0,0,0,0,0,0,0
v_5f039e5d-c4e6-4ccf-862c-c12fe830b06c,btl_b88becf6-5366-4aa1-867e-d0a52d6ba085,14efbbfb-00ed-40db-8d1a-d966842cf143,anon_43f0e58c-624e-42f9-983e-c1945ed48303,2026-02-09T07:53:12.042404+00:00,2026-02-09 07:53:12.042404+00:00,left,notchParam,notchParam::lvl-36.txt,mariodpo,mariodpo::mariodpo_nintendo_0152.txt,RIGHT,loss,0.0,True,False,False,1,1,12.334,9,0,1,47,2210.0,8.0,36.28674594380962,665.6393380682094,19,1,0,0,0,0,0,0,0,0
v_5f039e5d-c4e6-4ccf-862c-c12fe830b06c,btl_b88becf6-5366-4aa1-867e-d0a52d6ba085,14efbbfb-00ed-40db-8d1a-d966842cf143,anon_43f0e58c-624e-42f9-983e-c1945ed48303,2026-02-09T07:53:12.042404+00:00,2026-02-09 07:53:12.042404+00:00,right,mariodpo,mariodpo::mariodpo_nintendo_0152.txt,notchParam,notchParam::lvl-36.txt,RIGHT,win,1.0,True,False,True,0,0,41.05,38,5,0,152,2656.0,40.0,51.596444065131124,718.3623117673962,110,0,0,0,0,0,0,0,0,0
v_98ab3d89-6bd3-454b-988a-1b286a72c6e4,btl_60189e7c-db11-405b-a112-4213737d9ced,14efbbfb-00ed-40db-8d1a-d966842cf143,anon_43f0e58c-624e-42f9-983e-c1945ed48303,2026-02-09T07:52:14.451188+00:00,2026-02-09 07:52:14.451188+00:00,left,ore,ore::lvl-4.txt,patternWeightCount,patternWeightCount::lvl-85.txt,LEFT,win,1.0,True,False,True,0,0,32.617,36,0,1,123,3070.0,8.0,58.44854942711735,944.5294865461423,77,0,0,0,0,0,0,0,0,0
v_98ab3d89-6bd3-454b-988a-1b286a72c6e4,btl_60189e7c-db11-405b-a112-4213737d9ced,14efbbfb-00ed-40db-8d1a-d966842cf143,anon_43f0e58c-624e-42f9-983e-c1945ed48303,2026-02-09T07:52:14.451188+00:00,2026-02-09 07:52:14.451188+00:00,right,patternWeightCount,patternWeightCount::lvl-85.txt,ore,ore::lvl-4.txt,LEFT,loss,0.0,True,False,False,1,1,13.134,15,1,0,50,1047.0,8.0,32.703125232919255,312.60618100095206,45,1,0,0,0,0,0,0,0,0
v_66ee0914-6af7-48fe-b08d-1a41f242850d,btl_47504b73-8c17-45f9-b0b8-b246c813d6f1,14efbbfb-00ed-40db-8d1a-d966842cf143,anon_43f0e58c-624e-42f9-983e-c1945ed48303,2026-02-09T07:51:25.424791+00:00,2026-02-09 07:51:25.424791+00:00,left,ore,ore::lvl-48.txt,mariodpo,mariodpo::mariodpo_nintendo_0034.txt,RIGHT,loss,0.0,True,False,False,1,1,15.633,14,0,2,59,922.0,8.0,42.163666555018985,277.64102322333605,33,1,0,0,0,0,0,0,0,0
v_66ee0914-6af7-48fe-b08d-1a41f242850d,btl_47504b73-8c17-45f9-b0b8-b246c813d6f1,14efbbfb-00ed-40db-8d1a-d966842cf143,anon_43f0e58c-624e-42f9-983e-c1945ed48303,2026-02-09T07:51:25.424791+00:00,2026-02-09 07:51:25.424791+00:00,right,mariodpo,mariodpo::mariodpo_nintendo_0034.txt,ore,ore::lvl-48.txt,RIGHT,win,1.0,True,False,True,0,0,73.269,64,12,1,272,2570.0,40.0,44.49938871878079,626.0240242374646,173,0,0,0,0,0,0,0,0,0
v_8a8c2451-e538-4e0b-b419-1be0c4fef4b6,btl_1ce0b500-9b57-4b4a-9110-c9a1b3f9fd11,00b5938b-3808-4358-9bd7-6e74e5a562e5,anon_789cf418-3801-4480-b98b-1a7d3b10a3a7,2026-02-08T15:02:43.448045+00:00,2026-02-08 15:02:43.448045+00:00,left,notch,notch::lvl-15.txt,original,original::lvl-11.txt,RIGHT,loss,0.0,True,False,False,1,1,1.9,1,0,0,8,310.0,8.0,24.972172012061748,113.94564219398652,3,1,0,0,0,0,0,0,0,0
v_8a8c2451-e538-4e0b-b419-1be0c4fef4b6,btl_1ce0b500-9b57-4b4a-9110-c9a1b3f9fd11,00b5938b-3808-4358-9bd7-6e74e5a562e5,anon_789cf418-3801-4480-b98b-1a7d3b10a3a7,2026-02-08T15:02:43.448045+00:00,2026-02-08 15:02:43.448045+00:00,right,original,original::lvl-11.txt,notch,notch::lvl-15.txt,RIGHT,win,1.0,True,False,False,1,1,2.75,3,2,0,11,270.0,8.0,17.95356729211208,84.44715693289851,9,1,0,0,0,0,0,0,0,0
v_bd07782f-f852-4f42-a28b-cb1ea77d099e,btl_d336d682-941e-4c19-aef0-edd8a956cddb,00b5938b-3808-4358-9bd7-6e74e5a562e5,anon_789cf418-3801-4480-b98b-1a7d3b10a3a7,2026-02-08T15:02:35.747276+00:00,2026-02-08 15:02:35.747276+00:00,left,original,original::lvl-13.txt,patternCount,patternCount::lvl-95.txt,LEFT,win,1.0,True,False,False,1,1,6.317,7,1,0,24,1185.0,24.0,67.66415225213422,372.70530322971734,16,1,0,0,0,0,0,0,0,0
v_bd07782f-f852-4f42-a28b-cb1ea77d099e,btl_d336d682-941e-4c19-aef0-edd8a956cddb,00b5938b-3808-4358-9bd7-6e74e5a562e5,anon_789cf418-3801-4480-b98b-1a7d3b10a3a7,2026-02-08T15:02:35.747276+00:00,2026-02-08 15:02:35.747276+00:00,right,patternCount,patternCount::lvl-95.txt,original,original::lvl-13.txt,LEFT,loss,0.0,True,False,False,1,1,2.1,1,0,0,9,230.0,8.0,76.8880860587502,95.1183797845585,10,1,0,0,0,0,0,0,0,0
v_c95c0983-1590-44c3-8693-602ec94b9144,btl_bdf96c8b-735e-4603-82e1-dd363f0f3711,00b5938b-3808-4358-9bd7-6e74e5a562e5,anon_789cf418-3801-4480-b98b-1a7d3b10a3a7,2026-02-08T15:02:23.466100+00:00,2026-02-08 15:02:23.466100+00:00,left,mariogpt,mariogpt::level_064.txt,notch,notch::lvl-98.txt,LEFT,win,1.0,True,False,True,0,0,22.417,23,1,0,85,2376.0,8.0,55.40195242209367,724.1547681028483,48,0,0,0,0,0,0,0,0,0
v_c95c0983-1590-44c3-8693-602ec94b9144,btl_bdf96c8b-735e-4603-82e1-dd363f0f3711,00b5938b-3808-4358-9bd7-6e74e5a562e5,anon_789cf418-3801-4480-b98b-1a7d3b10a3a7,2026-02-08T15:02:23.466100+00:00,2026-02-08 15:02:23.466100+00:00,right,notch,notch::lvl-98.txt,mariogpt,mariogpt::level_064.txt,LEFT,loss,0.0,True,False,False,1,1,2.4,1,0,0,10,363.0,8.0,30.64000652741445,131.7754150059866,3,1,0,0,0,0,0,0,0,0
v_5d914faf-8fb4-4bd4-9ea6-b3cf31618f55,btl_a83a16c2-d5e7-40bc-83e3-9cc099c5f8ec,00b5938b-3808-4358-9bd7-6e74e5a562e5,anon_789cf418-3801-4480-b98b-1a7d3b10a3a7,2026-02-08T15:01:55.867542+00:00,2026-02-08 15:01:55.867542+00:00,left,notchParamRand,notchParamRand::lvl-74.txt,genetic,genetic::lvl-69.txt,RIGHT,loss,0.0,True,False,True,0,0,12.117,6,0,0,46,3068.0,8.0,37.859480512155514,949.0642740190369,12,0,1,0,1,0,0,0,0,0
v_5d914faf-8fb4-4bd4-9ea6-b3cf31618f55,btl_a83a16c2-d5e7-40bc-83e3-9cc099c5f8ec,00b5938b-3808-4358-9bd7-6e74e5a562e5,anon_789cf418-3801-4480-b98b-1a7d3b10a3a7,2026-02-08T15:01:55.867542+00:00,2026-02-08 15:01:55.867542+00:00,right,genetic,genetic::lvl-69.txt,notchParamRand,notchParamRand::lvl-74.txt,RIGHT,win,1.0,True,False,False,1,1,7.25,6,1,0,28,1727.0,8.0,25.239162151752364,566.5421015300826,14,1,0,0,0,0,0,0,0,0
v_fb50f4cc-c805-4b21-adb1-38f26d10b13a,btl_3d4b88d2-7241-4e83-b51b-bd8a5b93f69b,00b5938b-3808-4358-9bd7-6e74e5a562e5,anon_789cf418-3801-4480-b98b-1a7d3b10a3a7,2026-02-08T15:01:27.344848+00:00,2026-02-08 15:01:27.344848+00:00,left,ore,ore::lvl-39.txt,notch,notch::lvl-45.txt,RIGHT,loss,0.0,True,False,False,1,1,1.35,1,0,0,6,78.0,8.0,5.962847939999438,28.215933245045942,3,1,1,0,0,1,0,0,0,0
v_fb50f4cc-c805-4b21-adb1-38f26d10b13a,btl_3d4b88d2-7241-4e83-b51b-bd8a5b93f69b,00b5938b-3808-4358-9bd7-6e74e5a562e5,anon_789cf418-3801-4480-b98b-1a7d3b10a3a7,2026-02-08T15:01:27.344848+00:00,2026-02-08 15:01:27.344848+00:00,right,notch,notch::lvl-45.txt,ore,ore::lvl-39.txt,RIGHT,win,1.0,True,False,False,1,1,8.701,9,0,1,33,1742.0,8.0,31.490024948514012,546.7331697101802,20,1,0,0,0,0,0,0,0,0
v_f65e039a-43a2-42bf-be21-9bb8d3037a2b,btl_2adb1b76-5900-4aa3-bc27-56f0dcc847ca,00b5938b-3808-4358-9bd7-6e74e5a562e5,anon_789cf418-3801-4480-b98b-1a7d3b10a3a7,2026-02-08T15:01:11.521704+00:00,2026-02-08 15:01:11.521704+00:00,left,original,original::lvl-13.txt,patternWeightCount,patternWeightCount::lvl-93.txt,LEFT,win,1.0,True,False,False,1,1,12.934,16,2,0,48,1173.0,24.0,56.70225215373332,334.612003234094,35,1,0,0,0,0,0,0,0,0
v_f65e039a-43a2-42bf-be21-9bb8d3037a2b,btl_2adb1b76-5900-4aa3-bc27-56f0dcc847ca,00b5938b-3808-4358-9bd7-6e74e5a562e5,anon_789cf418-3801-4480-b98b-1a7d3b10a3a7,2026-02-08T15:01:11.521704+00:00,2026-02-08 15:01:11.521704+00:00,right,patternWeightCount,patternWeightCount::lvl-93.txt,original,original::lvl-13.txt,LEFT,loss,0.0,True,False,False,1,1,0.7,0,0,0,3,8.0,8.0,75.07477753694793,0.0,5,1,2,0,1,0,0,0,1,0
v_41afa3af-b344-4859-87ac-fd89ac4e945c,btl_fd15a8a2-411c-4f79-b2a7-d42408881eb7,10b5e170-cf24-4afe-92b7-001b973c274c,anon_eeff3221-50a0-4a44-9975-829798818431,2026-02-08T14:51:30.756448+00:00,2026-02-08 14:51:30.756448+00:00,left,genetic,genetic::lvl-95.txt,patternWeightCount,patternWeightCount::lvl-81.txt,LEFT,win,1.0,True,False,False,1,1,2.816,3,0,0,11,507.0,8.0,34.39296487739682,191.16887087097274,7,1,0,0,0,0,0,0,0,0
v_41afa3af-b344-4859-87ac-fd89ac4e945c,btl_fd15a8a2-411c-4f79-b2a7-d42408881eb7,10b5e170-cf24-4afe-92b7-001b973c274c,anon_eeff3221-50a0-4a44-9975-829798818431,2026-02-08T14:51:30.756448+00:00,2026-02-08 14:51:30.756448+00:00,right,patternWeightCount,patternWeightCount::lvl-81.txt,genetic,genetic::lvl-95.txt,LEFT,loss,0.0,True,False,False,1,1,6.25,8,0,0,24,875.0,8.0,42.480367197356266,280.81121327325945,25,1,0,0,0,0,0,0,0,0
v_10121731-8851-464b-8cf6-30f20c5f4491,btl_fb19acd2-f51f-4edf-a94b-9db5e861e554,10b5e170-cf24-4afe-92b7-001b973c274c,anon_eeff3221-50a0-4a44-9975-829798818431,2026-02-08T14:51:19.231656+00:00,2026-02-08 14:51:19.231656+00:00,left,ore,ore::lvl-42.txt,mariogpt,mariogpt::level_090.txt,RIGHT,loss,0.0,True,False,False,1,1,7.684,10,0,0,29,796.0,8.0,58.360354989348366,263.28238593637815,23,1,0,0,0,0,0,0,0,0
v_10121731-8851-464b-8cf6-30f20c5f4491,btl_fb19acd2-f51f-4edf-a94b-9db5e861e554,10b5e170-cf24-4afe-92b7-001b973c274c,anon_eeff3221-50a0-4a44-9975-829798818431,2026-02-08T14:51:19.231656+00:00,2026-02-08 14:51:19.231656+00:00,right,mariogpt,mariogpt::level_090.txt,ore,ore::lvl-42.txt,RIGHT,win,1.0,True,False,True,0,0,30.283,29,0,2,113,2364.0,8.0,62.168813651770044,711.8550977290915,62,0,1,0,0,0,0,0,0,1
v_26a3872e-90ef-4fb3-a22d-05ef7a1256b0,btl_dc00725d-5e31-40f3-912a-982cfe1406e9,10b5e170-cf24-4afe-92b7-001b973c274c,anon_eeff3221-50a0-4a44-9975-829798818431,2026-02-08T14:50:34.846988+00:00,2026-02-08 14:50:34.846988+00:00,left,original,original::lvl-8.txt,genetic,genetic::lvl-31.txt,LEFT,win,1.0,True,False,True,0,0,53.068,45,20,3,197,2929.0,8.0,52.33321251174369,850.5795916506507,123,0,0,0,0,0,0,0,0,0
v_26a3872e-90ef-4fb3-a22d-05ef7a1256b0,btl_dc00725d-5e31-40f3-912a-982cfe1406e9,10b5e170-cf24-4afe-92b7-001b973c274c,anon_eeff3221-50a0-4a44-9975-829798818431,2026-02-08T14:50:34.846988+00:00,2026-02-08 14:50:34.846988+00:00,right,genetic,genetic::lvl-31.txt,original,original::lvl-8.txt,LEFT,loss,0.0,True,False,True,0,0,16.083,13,1,0,61,2062.0,8.0,33.096334757216404,575.7397004147799,28,0,0,0,0,0,0,0,0,0
v_2e8c19a5-3c04-46c4-b0dd-c35f45ac1851,btl_5f2329aa-485c-4cdd-b3c1-ef4a4752915b,10b5e170-cf24-4afe-92b7-001b973c274c,anon_eeff3221-50a0-4a44-9975-829798818431,2026-02-08T14:49:23.612807+00:00,2026-02-08 14:49:23.612807+00:00,left,patternWeightCount,patternWeightCount::lvl-58.txt,ore,ore::lvl-55.txt,RIGHT,loss,0.0,True,False,False,1,1,3.3,2,1,0,13,27.0,8.0,8.739490730291557,5.0594103545862605,5,1,0,0,0,0,0,0,0,0
v_2e8c19a5-3c04-46c4-b0dd-c35f45ac1851,btl_5f2329aa-485c-4cdd-b3c1-ef4a4752915b,10b5e170-cf24-4afe-92b7-001b973c274c,anon_eeff3221-50a0-4a44-9975-829798818431,2026-02-08T14:49:23.612807+00:00,2026-02-08 14:49:23.612807+00:00,right,ore,ore::lvl-55.txt,patternWeightCount,patternWeightCount::lvl-58.txt,RIGHT,win,1.0,True,False,True,0,0,25.967,32,1,0,98,3076.0,8.0,46.7420734303842,960.088904150749,71,0,0,0,0,0,0,0,0,0
v_6866b1d7-0c4a-4d59-acec-e56b41094432,btl_57b2bc0b-eeaa-42b0-9ae4-12a64409a0e9,10b5e170-cf24-4afe-92b7-001b973c274c,anon_eeff3221-50a0-4a44-9975-829798818431,2026-02-08T14:48:52.519069+00:00,2026-02-08 14:48:52.519069+00:00,left,patternOccur,patternOccur::lvl-54.txt,mariodpo,mariodpo::mariodpo_nintendo_0110.txt,RIGHT,loss,0.0,True,False,False,1,1,0.717,0,0,0,3,8.0,8.0,75.07477753694793,0.0,6,1,0,0,0,0,0,0,0,0
v_6866b1d7-0c4a-4d59-acec-e56b41094432,btl_57b2bc0b-eeaa-42b0-9ae4-12a64409a0e9,10b5e170-cf24-4afe-92b7-001b973c274c,anon_eeff3221-50a0-4a44-9975-829798818431,2026-02-08T14:48:52.519069+00:00,2026-02-08 14:48:52.519069+00:00,right,mariodpo,mariodpo::mariodpo_nintendo_0110.txt,patternOccur,patternOccur::lvl-54.txt,RIGHT,win,1.0,True,False,False,1,1,11.017,9,1,0,42,1380.0,40.0,40.548569739714715,421.6588858145818,20,1,1,0,0,0,0,1,0,0
v_fd0aa42e-7fe7-4e78-9dea-0eae2b1b2f84,btl_04ab9c51-c91d-4df8-8e79-798da780269b,10b5e170-cf24-4afe-92b7-001b973c274c,anon_eeff3221-50a0-4a44-9975-829798818431,2026-02-08T14:48:35.284680+00:00,2026-02-08 14:48:35.284680+00:00,left,marioDiffusion,marioDiffusion::level_7.txt,genetic,genetic::lvl-32.txt,RIGHT,loss,0.0,True,False,False,1,1,0.717,0,0,0,3,8.0,8.0,75.07477753694793,0.0,1,1,3,0,1,1,0,0,1,0
v_fd0aa42e-7fe7-4e78-9dea-0eae2b1b2f84,btl_04ab9c51-c91d-4df8-8e79-798da780269b,10b5e170-cf24-4afe-92b7-001b973c274c,anon_eeff3221-50a0-4a44-9975-829798818431,2026-02-08T14:48:35.284680+00:00,2026-02-08 14:48:35.284680+00:00,right,genetic,genetic::lvl-32.txt,marioDiffusion,marioDiffusion::level_7.txt,RIGHT,win,1.0,True,False,True,0,0,17.767,13,1,0,67,2010.0,8.0,34.32280292493238,556.2768021381216,28,0,0,0,0,0,0,0,0,0
v_921ddbee-cfba-40e2-837d-3301738bab14,btl_07b493b9-7cf8-422d-91e5-b5e9a14c57f3,10b5e170-cf24-4afe-92b7-001b973c274c,anon_eeff3221-50a0-4a44-9975-829798818431,2026-02-08T14:48:09.851651+00:00,2026-02-08 14:48:09.851651+00:00,left,ore,ore::lvl-7.txt,patternOccur,patternOccur::lvl-54.txt,LEFT,win,1.0,True,False,True,0,0,37.867,40,1,0,143,3079.0,8.0,50.5087598661731,954.691857929177,86,0,0,0,0,0,0,0,0,0
v_921ddbee-cfba-40e2-837d-3301738bab14,btl_07b493b9-7cf8-422d-91e5-b5e9a14c57f3,10b5e170-cf24-4afe-92b7-001b973c274c,anon_eeff3221-50a0-4a44-9975-829798818431,2026-02-08T14:48:09.851651+00:00,2026-02-08 14:48:09.851651+00:00,right,patternOccur,patternOccur::lvl-54.txt,ore,ore::lvl-7.txt,LEFT,loss,0.0,True,False,False,1,1,0.7,0,0,0,3,8.0,8.0,75.07477753694793,0.0,6,1,1,0,0,0,0,0,1,0
v_b594d6f4-920a-46f1-a75a-174bd370474c,btl_eba13eb3-b052-4e42-9231-7e53446e2e2f,b0ef94a2-2bd5-45bb-b2dd-c998b16264d8,anon_6169b215-ab69-49a2-a586-55c0a7f2fcf7,2026-02-07T20:26:11.365537+00:00,2026-02-07 20:26:11.365537+00:00,left,mariodpo,mariodpo::mariodpo_nintendo_0050.txt,notchParam,notchParam::lvl-30.txt,LEFT,win,1.0,True,False,False,1,1,16.704,12,4,0,63,830.0,40.0,20.815728010998463,259.21641131725346,34,1,1,0,0,0,0,1,0,0
v_b594d6f4-920a-46f1-a75a-174bd370474c,btl_eba13eb3-b052-4e42-9231-7e53446e2e2f,b0ef94a2-2bd5-45bb-b2dd-c998b16264d8,anon_6169b215-ab69-49a2-a586-55c0a7f2fcf7,2026-02-07T20:26:11.365537+00:00,2026-02-07 20:26:11.365537+00:00,right,notchParam,notchParam::lvl-30.txt,mariodpo,mariodpo::mariodpo_nintendo_0050.txt,LEFT,loss,0.0,True,False,True,0,0,31.07,11,0,0,117,3100.0,8.0,24.012637600969256,941.5146821507268,23,0,2,0,1,0,1,0,0,0
v_78e2c9bf-285c-44a3-8773-00ddbe175610,btl_a816e851-8bec-41ba-aa9f-857c4f5e071a,b0ef94a2-2bd5-45bb-b2dd-c998b16264d8,anon_6169b215-ab69-49a2-a586-55c0a7f2fcf7,2026-02-07T20:24:57.025136+00:00,2026-02-07 20:24:57.025136+00:00,left,notchParamRand,notchParamRand::lvl-47.txt,genetic,genetic::lvl-30.txt,SKIP,skip,,True,False,False,1,1,3.744,0,0,0,15,8.0,8.0,0.0,0.0,2,1,0,0,0,0,0,0,0,0
v_78e2c9bf-285c-44a3-8773-00ddbe175610,btl_a816e851-8bec-41ba-aa9f-857c4f5e071a,b0ef94a2-2bd5-45bb-b2dd-c998b16264d8,anon_6169b215-ab69-49a2-a586-55c0a7f2fcf7,2026-02-07T20:24:57.025136+00:00,2026-02-07 20:24:57.025136+00:00,right,genetic,genetic::lvl-30.txt,notchParamRand,notchParamRand::lvl-47.txt,SKIP,skip,,True,False,False,1,1,12191.63,1,0,0,165,217.0,8.0,13.557251997597245,36.115295427561136,3,1,0,0,0,0,0,0,0,0
v_5b570069-d635-4d7f-8f3f-60419a9ae921,btl_d161fc17-c376-4627-88a5-ad4403317181,7d2a6a33-dc25-419a-a134-ff682ff7459f,anon_45da8b05-42d3-46b4-b303-6001a36dfb99,2026-02-07T20:02:44.040653+00:00,2026-02-07 20:02:44.040653+00:00,left,mariodpo,mariodpo::mariodpo_nintendo_0167.txt,patternOccur,patternOccur::lvl-31.txt,LEFT,win,1.0,True,False,False,1,1,31.467,29,6,3,119,1748.0,5.0,51.58342425149829,523.4437781509737,73,1,0,0,0,0,0,0,0,0
v_5b570069-d635-4d7f-8f3f-60419a9ae921,btl_d161fc17-c376-4627-88a5-ad4403317181,7d2a6a33-dc25-419a-a134-ff682ff7459f,anon_45da8b05-42d3-46b4-b303-6001a36dfb99,2026-02-07T20:02:44.040653+00:00,2026-02-07 20:02:44.040653+00:00,right,patternOccur,patternOccur::lvl-31.txt,mariodpo,mariodpo::mariodpo_nintendo_0167.txt,LEFT,loss,0.0,True,False,False,1,1,13.651,16,0,0,52,978.0,8.0,35.08974124766956,278.11703083456916,42,1,0,0,0,0,0,0,0,0
v_dbfd7757-3e45-461a-b627-106637eb4077,btl_3928db88-d70d-480a-beb0-de6e744c8196,7d2a6a33-dc25-419a-a134-ff682ff7459f,anon_45da8b05-42d3-46b4-b303-6001a36dfb99,2026-02-07T20:01:56.191630+00:00,2026-02-07 20:01:56.191630+00:00,left,mariogpt,mariogpt::level_012.txt,genetic,genetic::lvl-90.txt,LEFT,win,1.0,True,False,False,1,1,22.15,17,2,3,84,1052.0,8.0,48.001244492087025,276.39138936185884,42,1,0,0,0,0,0,0,0,0
v_dbfd7757-3e45-461a-b627-106637eb4077,btl_3928db88-d70d-480a-beb0-de6e744c8196,7d2a6a33-dc25-419a-a134-ff682ff7459f,anon_45da8b05-42d3-46b4-b303-6001a36dfb99,2026-02-07T20:01:56.191630+00:00,2026-02-07 20:01:56.191630+00:00,right,genetic,genetic::lvl-90.txt,mariogpt,mariogpt::level_012.txt,LEFT,loss,0.0,True,False,True,0,0,9.167,8,0,0,35,2040.0,8.0,30.73605872785984,629.958220836906,16,0,0,0,0,0,0,0,0,0
v_02db9e37-ccf9-4d11-b34f-79cc60a55d98,btl_166b6897-c849-4bf9-b780-27a749861a71,7d2a6a33-dc25-419a-a134-ff682ff7459f,anon_45da8b05-42d3-46b4-b303-6001a36dfb99,2026-02-07T20:01:21.922166+00:00,2026-02-07 20:01:21.922166+00:00,left,patternCount,patternCount::lvl-95.txt,notch,notch::lvl-69.txt,RIGHT,loss,0.0,True,False,False,1,1,50.684,50,1,0,190,1987.0,8.0,40.14032484510259,503.6495087864487,156,1,0,0,0,0,0,0,0,0
v_02db9e37-ccf9-4d11-b34f-79cc60a55d98,btl_166b6897-c849-4bf9-b780-27a749861a71,7d2a6a33-dc25-419a-a134-ff682ff7459f,anon_45da8b05-42d3-46b4-b303-6001a36dfb99,2026-02-07T20:01:21.922166+00:00,2026-02-07 20:01:21.922166+00:00,right,notch,notch::lvl-69.txt,patternCount,patternCount::lvl-95.txt,RIGHT,win,1.0,True,False,True,0,0,18.417,22,0,0,70,2367.0,8.0,31.534056743366808,626.9146739129233,44,0,0,0,0,0,0,0,0,0
v_5e75ef87-9406-413f-b419-c47f396cf774,btl_e2ab71ea-aee4-4987-ac61-ae48b6a81d58,7d2a6a33-dc25-419a-a134-ff682ff7459f,anon_45da8b05-42d3-46b4-b303-6001a36dfb99,2026-02-07T20:00:10.241807+00:00,2026-02-07 20:00:10.241807+00:00,left,mariogpt,mariogpt::level_092.txt,mariogan,mariogan::level_46.txt,LEFT,win,1.0,True,False,False,1,1,30.884,21,4,2,116,942.0,0.0,45.099772963986105,298.83173188828715,50,1,0,0,0,0,0,0,0,0
v_5e75ef87-9406-413f-b419-c47f396cf774,btl_e2ab71ea-aee4-4987-ac61-ae48b6a81d58,7d2a6a33-dc25-419a-a134-ff682ff7459f,anon_45da8b05-42d3-46b4-b303-6001a36dfb99,2026-02-07T20:00:10.241807+00:00,2026-02-07 20:00:10.241807+00:00,right,mariogan,mariogan::level_46.txt,mariogpt,mariogpt::level_092.txt,LEFT,loss,0.0,True,False,False,1,1,2.517,2,0,0,10,274.0,8.0,23.55525419094432,103.850662010408,6,1,0,0,0,0,0,0,0,0
v_ee3727ca-4ac6-4863-beb0-78155a8dc8fc,btl_d2b5c003-558d-4793-8a1e-462b12393b46,7d2a6a33-dc25-419a-a134-ff682ff7459f,anon_45da8b05-42d3-46b4-b303-6001a36dfb99,2026-02-07T19:59:34.329542+00:00,2026-02-07 19:59:34.329542+00:00,left,notchParamRand,notchParamRand::lvl-71.txt,marioDiffusion,marioDiffusion::level_46.txt,TIE,tie,0.5,True,False,True,0,0,48.317,16,0,0,182,3109.0,8.0,26.78304974067412,942.4707926800411,35,0,0,0,0,0,0,0,0,0
v_ee3727ca-4ac6-4863-beb0-78155a8dc8fc,btl_d2b5c003-558d-4793-8a1e-462b12393b46,7d2a6a33-dc25-419a-a134-ff682ff7459f,anon_45da8b05-42d3-46b4-b303-6001a36dfb99,2026-02-07T19:59:34.329542+00:00,2026-02-07 19:59:34.329542+00:00,right,marioDiffusion,marioDiffusion::level_46.txt,notchParamRand,notchParamRand::lvl-71.txt,TIE,tie,0.5,True,False,False,1,1,8.384,8,0,0,32,628.0,8.0,43.90516012882199,195.54897684148082,17,1,1,0,0,0,0,0,1,0
v_b8069804-02e0-445e-b3f8-5cfc79d11a54,btl_e7d042a6-73b3-4953-95d1-05a30acc37d7,7d2a6a33-dc25-419a-a134-ff682ff7459f,anon_45da8b05-42d3-46b4-b303-6001a36dfb99,2026-02-07T19:58:25.251952+00:00,2026-02-07 19:58:25.251952+00:00,left,notchParam,notchParam::lvl-54.txt,marioDiffusion,marioDiffusion::level_41.txt,TIE,tie,0.5,True,False,True,0,0,22.817,15,0,0,86,3093.0,8.0,35.152632115087954,831.38080528831,30,0,0,0,0,0,0,0,0,0
v_b8069804-02e0-445e-b3f8-5cfc79d11a54,btl_e7d042a6-73b3-4953-95d1-05a30acc37d7,7d2a6a33-dc25-419a-a134-ff682ff7459f,anon_45da8b05-42d3-46b4-b303-6001a36dfb99,2026-02-07T19:58:25.251952+00:00,2026-02-07 19:58:25.251952+00:00,right,marioDiffusion,marioDiffusion::level_41.txt,notchParam,notchParam::lvl-54.txt,TIE,tie,0.5,True,False,False,1,1,16.867,15,0,0,64,1853.0,8.0,67.7442899317675,528.4521857713188,30,1,1,0,0,0,0,0,1,0
v_af712f9b-a56b-4018-bc17-521a6d18a491,btl_1b2391a6-c61b-43d5-827c-135d9319e69e,6216cf65-0962-4a15-a870-f2cddaf62b43,anon_a6b27ad5-e96e-423d-9e74-e0a187bf5703,2026-02-07T19:57:06.755545+00:00,2026-02-07 19:57:06.755545+00:00,left,notchParamRand,notchParamRand::lvl-93.txt,hopper,hopper::lvl-99.txt,TIE,tie,0.5,True,False,False,1,1,10.334,8,0,1,39,2095.0,8.0,38.92588078141341,607.4929500974855,18,1,0,0,0,0,0,0,0,0
v_af712f9b-a56b-4018-bc17-521a6d18a491,btl_1b2391a6-c61b-43d5-827c-135d9319e69e,6216cf65-0962-4a15-a870-f2cddaf62b43,anon_a6b27ad5-e96e-423d-9e74-e0a187bf5703,2026-02-07T19:57:06.755545+00:00,2026-02-07 19:57:06.755545+00:00,right,hopper,hopper::lvl-99.txt,notchParamRand,notchParamRand::lvl-93.txt,TIE,tie,0.5,True,False,False,1,1,3.75,3,0,0,15,912.0,8.0,29.343483092502836,311.44965706978854,10,1,0,0,0,0,0,0,0,0
v_253a977e-68f3-451b-9ad3-37f9efce7d30,btl_ec2e1373-065e-4cbd-b481-47a856a02ad9,6216cf65-0962-4a15-a870-f2cddaf62b43,anon_a6b27ad5-e96e-423d-9e74-e0a187bf5703,2026-02-07T19:56:49.554711+00:00,2026-02-07 19:56:49.554711+00:00,left,genetic,genetic::lvl-46.txt,marioDiffusion,marioDiffusion::level_64.txt,LEFT,win,1.0,True,False,False,1,1,7.884,5,0,0,30,800.0,8.0,34.95800655389581,207.70839869607798,11,1,0,0,0,0,0,0,0,0
v_253a977e-68f3-451b-9ad3-37f9efce7d30,btl_ec2e1373-065e-4cbd-b481-47a856a02ad9,6216cf65-0962-4a15-a870-f2cddaf62b43,anon_a6b27ad5-e96e-423d-9e74-e0a187bf5703,2026-02-07T19:56:49.554711+00:00,2026-02-07 19:56:49.554711+00:00,right,marioDiffusion,marioDiffusion::level_64.txt,genetic,genetic::lvl-46.txt,LEFT,loss,0.0,True,False,False,1,1,0.716,0,0,0,3,8.0,8.0,75.07477753694793,0.0,1,1,1,0,0,0,0,0,1,0
v_6a9b15d0-9f26-436f-8125-4111dc9356c2,btl_9eadde8c-cb6e-48f9-9653-b61c39a20782,6216cf65-0962-4a15-a870-f2cddaf62b43,anon_a6b27ad5-e96e-423d-9e74-e0a187bf5703,2026-02-07T19:56:36.340876+00:00,2026-02-07 19:56:36.340876+00:00,left,patternCount,patternCount::lvl-34.txt,mariogpt,mariogpt::level_044.txt,RIGHT,loss,0.0,True,False,False,1,1,0.716,0,0,0,3,8.0,8.0,75.07477753694793,0.0,10,1,0,0,0,0,0,0,0,0
v_6a9b15d0-9f26-436f-8125-4111dc9356c2,btl_9eadde8c-cb6e-48f9-9653-b61c39a20782,6216cf65-0962-4a15-a870-f2cddaf62b43,anon_a6b27ad5-e96e-423d-9e74-e0a187bf5703,2026-02-07T19:56:36.340876+00:00,2026-02-07 19:56:36.340876+00:00,right,mariogpt,mariogpt::level_044.txt,patternCount,patternCount::lvl-34.txt,RIGHT,win,1.0,True,False,False,1,1,49.185,16,0,5,185,652.0,8.0,22.854185736918947,147.1684597962554,42,1,1,0,0,0,0,1,0,0
v_499162f9-8107-4037-990c-6e50ab7d697e,btl_1de7eae7-032b-4718-8ec0-e39fb4a752eb,6216cf65-0962-4a15-a870-f2cddaf62b43,anon_a6b27ad5-e96e-423d-9e74-e0a187bf5703,2026-02-07T19:55:39.420171+00:00,2026-02-07 19:55:39.420171+00:00,left,notchParamRand,notchParamRand::lvl-28.txt,marioDiffusion,marioDiffusion::level_65.txt,RIGHT,loss,0.0,True,False,True,0,0,28.517,22,1,0,105,3067.0,8.0,32.15587884380844,1051.3178806468577,50,0,0,0,0,0,0,0,0,0
v_499162f9-8107-4037-990c-6e50ab7d697e,btl_1de7eae7-032b-4718-8ec0-e39fb4a752eb,6216cf65-0962-4a15-a870-f2cddaf62b43,anon_a6b27ad5-e96e-423d-9e74-e0a187bf5703,2026-02-07T19:55:39.420171+00:00,2026-02-07 19:55:39.420171+00:00,right,marioDiffusion,marioDiffusion::level_65.txt,notchParamRand,notchParamRand::lvl-28.txt,RIGHT,win,1.0,True,False,False,1,1,8.65,7,0,1,33,729.0,8.0,33.1831049978792,251.32527334337126,16,1,0,0,0,0,0,0,0,0
v_9787cda7-ec54-4426-a5dc-dd83fbc19271,btl_c3b528d3-318b-423c-885b-b82650b575e2,6216cf65-0962-4a15-a870-f2cddaf62b43,anon_a6b27ad5-e96e-423d-9e74-e0a187bf5703,2026-02-07T19:54:59.969447+00:00,2026-02-07 19:54:59.969447+00:00,left,genetic,genetic::lvl-36.txt,notch,notch::lvl-25.txt,RIGHT,loss,0.0,True,False,True,0,0,23.484,17,0,0,89,2066.0,0.0,35.26274133771615,673.0836819997733,35,0,0,0,0,0,0,0,0,0
v_9787cda7-ec54-4426-a5dc-dd83fbc19271,btl_c3b528d3-318b-423c-885b-b82650b575e2,6216cf65-0962-4a15-a870-f2cddaf62b43,anon_a6b27ad5-e96e-423d-9e74-e0a187bf5703,2026-02-07T19:54:59.969447+00:00,2026-02-07 19:54:59.969447+00:00,right,notch,notch::lvl-25.txt,genetic,genetic::lvl-36.txt,RIGHT,win,1.0,True,False,True,0,0,20.9,24,0,0,79,2455.0,8.0,30.070035219568215,706.2823306951259,48,0,0,0,0,0,0,0,0,0
v_7a9e28f1-7986-4c2f-8df6-1e7480e6f67b,btl_254e12b5-c2e3-4c70-acf6-1d0a69619e15,6216cf65-0962-4a15-a870-f2cddaf62b43,anon_a6b27ad5-e96e-423d-9e74-e0a187bf5703,2026-02-07T19:54:12.613562+00:00,2026-02-07 19:54:12.613562+00:00,left,patternCount,patternCount::lvl-94.txt,marioDiffusion,marioDiffusion::level_78.txt,RIGHT,loss,0.0,True,False,False,1,1,0.716,0,0,0,3,8.0,8.0,75.07477753694793,0.0,7,1,0,0,0,0,0,0,0,0
v_7a9e28f1-7986-4c2f-8df6-1e7480e6f67b,btl_254e12b5-c2e3-4c70-acf6-1d0a69619e15,6216cf65-0962-4a15-a870-f2cddaf62b43,anon_a6b27ad5-e96e-423d-9e74-e0a187bf5703,2026-02-07T19:54:12.613562+00:00,2026-02-07 19:54:12.613562+00:00,right,marioDiffusion,marioDiffusion::level_78.txt,patternCount,patternCount::lvl-94.txt,RIGHT,win,1.0,True,False,False,1,1,5.517,2,0,0,21,1067.0,8.0,71.95113610218088,345.5945155250554,4,1,0,0,0,0,0,0,0,0
v_e29d11bd-800b-4da4-aa4d-5b6772ab9ff0,btl_c58e1d02-c7fd-48ba-a165-77ed24aa6c6b,6216cf65-0962-4a15-a870-f2cddaf62b43,anon_a6b27ad5-e96e-423d-9e74-e0a187bf5703,2026-02-07T19:54:04.764919+00:00,2026-02-07 19:54:04.764919+00:00,left,mariogan,mariogan::level_93.txt,mariodpo,mariodpo::mariodpo_nintendo_0095.txt,RIGHT,loss,0.0,True,False,False,1,1,4.851,5,0,0,19,911.0,8.0,30.850187552463286,306.98985338786446,10,1,0,0,0,0,0,0,0,0
v_e29d11bd-800b-4da4-aa4d-5b6772ab9ff0,btl_c58e1d02-c7fd-48ba-a165-77ed24aa6c6b,6216cf65-0962-4a15-a870-f2cddaf62b43,anon_a6b27ad5-e96e-423d-9e74-e0a187bf5703,2026-02-07T19:54:04.764919+00:00,2026-02-07 19:54:04.764919+00:00,right,mariodpo,mariodpo::mariodpo_nintendo_0095.txt,mariogan,mariogan::level_93.txt,RIGHT,win,1.0,True,False,False,1,1,1.8,2,0,0,7,261.0,40.0,48.014028562239076,80.35101563941625,6,1,0,0,0,0,0,0,0,0
v_239f5386-bbc2-49d2-845c-edc89a4facc6,btl_b779f12e-aa6b-4e94-8534-9b368cf8e7cc,6216cf65-0962-4a15-a870-f2cddaf62b43,anon_a6b27ad5-e96e-423d-9e74-e0a187bf5703,2026-02-07T19:53:55.722052+00:00,2026-02-07 19:53:55.722052+00:00,left,patternWeightCount,patternWeightCount::lvl-62.txt,notchParamRand,notchParamRand::lvl-13.txt,RIGHT,loss,0.0,True,False,False,1,1,20.301,20,0,0,75,1466.0,8.0,35.30941076949443,453.7952184264028,54,1,0,0,0,0,0,0,0,0
v_239f5386-bbc2-49d2-845c-edc89a4facc6,btl_b779f12e-aa6b-4e94-8534-9b368cf8e7cc,6216cf65-0962-4a15-a870-f2cddaf62b43,anon_a6b27ad5-e96e-423d-9e74-e0a187bf5703,2026-02-07T19:53:55.722052+00:00,2026-02-07 19:53:55.722052+00:00,right,notchParamRand,notchParamRand::lvl-13.txt,patternWeightCount,patternWeightCount::lvl-62.txt,RIGHT,win,1.0,True,False,True,0,0,16.917,20,0,0,64,3101.0,8.0,33.583323236531776,912.6154116868931,42,0,0,0,0,0,0,0,0,0
v_f40adb8c-b591-4f3c-87fe-c39574507883,btl_289d2a56-6f35-473c-9548-e92095d6397f,6216cf65-0962-4a15-a870-f2cddaf62b43,anon_a6b27ad5-e96e-423d-9e74-e0a187bf5703,2026-02-07T19:53:16.848682+00:00,2026-02-07 19:53:16.848682+00:00,left,hopper,hopper::lvl-91.txt,original,original::lvl-3.txt,RIGHT,loss,0.0,True,False,False,1,1,2.884,2,0,0,11,425.0,8.0,25.182966826444776,146.73048323625122,7,1,0,0,0,0,0,0,0,0
v_f40adb8c-b591-4f3c-87fe-c39574507883,btl_289d2a56-6f35-473c-9548-e92095d6397f,6216cf65-0962-4a15-a870-f2cddaf62b43,anon_a6b27ad5-e96e-423d-9e74-e0a187bf5703,2026-02-07T19:53:16.848682+00:00,2026-02-07 19:53:16.848682+00:00,right,original,original::lvl-3.txt,hopper,hopper::lvl-91.txt,RIGHT,win,1.0,True,False,False,1,1,3.867,4,0,0,15,562.0,8.0,45.75004553731796,191.35721105362668,10,1,0,0,0,0,0,0,0,0
v_f95356d8-09e7-4180-b785-5011b4f6e5b2,btl_81e391fe-4ed4-4f55-9d53-565a902a1b03,f9b562cf-0702-4b65-86b7-97cfcb69224b,anon_72bfd1bc-2891-4fb3-8cdd-883078e6ff4d,2026-02-07T19:51:43.598842+00:00,2026-02-07 19:51:43.598842+00:00,left,mariogpt,mariogpt::level_048.txt,mariogan,mariogan::level_60.txt,LEFT,win,1.0,True,False,False,1,1,7.101,6,0,1,27,1304.0,8.0,48.97234739450261,376.3755931322117,13,1,0,0,0,0,0,0,0,0
v_f95356d8-09e7-4180-b785-5011b4f6e5b2,btl_81e391fe-4ed4-4f55-9d53-565a902a1b03,f9b562cf-0702-4b65-86b7-97cfcb69224b,anon_72bfd1bc-2891-4fb3-8cdd-883078e6ff4d,2026-02-07T19:51:43.598842+00:00,2026-02-07 19:51:43.598842+00:00,right,mariogan,mariogan::level_60.txt,mariogpt,mariogpt::level_048.txt,LEFT,loss,0.0,True,False,False,1,1,3.033,4,0,0,12,398.0,8.0,46.64069217611019,127.23785687531138,10,1,0,0,0,0,0,0,0,0
v_ad3e2c4b-eeee-4b1a-b45d-72da62869a73,btl_02cafbf4-973d-48dc-a663-f66b61aecae9,f9b562cf-0702-4b65-86b7-97cfcb69224b,anon_72bfd1bc-2891-4fb3-8cdd-883078e6ff4d,2026-02-07T19:51:29.260318+00:00,2026-02-07 19:51:29.260318+00:00,left,marioDiffusion,marioDiffusion::level_73.txt,hopper,hopper::lvl-49.txt,RIGHT,loss,0.0,True,False,False,1,1,2.683,1,0,0,11,239.0,8.0,24.679097455937676,74.43039901492307,2,1,1,0,0,0,0,0,1,0
v_ad3e2c4b-eeee-4b1a-b45d-72da62869a73,btl_02cafbf4-973d-48dc-a663-f66b61aecae9,f9b562cf-0702-4b65-86b7-97cfcb69224b,anon_72bfd1bc-2891-4fb3-8cdd-883078e6ff4d,2026-02-07T19:51:29.260318+00:00,2026-02-07 19:51:29.260318+00:00,right,hopper,hopper::lvl-49.txt,marioDiffusion,marioDiffusion::level_73.txt,RIGHT,win,1.0,True,False,False,1,1,4.883,5,0,0,19,910.0,8.0,28.28838431195054,310.34435346648706,13,1,0,0,0,0,0,0,0,0
v_9b230693-23c1-4e36-83e6-e3a77d41cd26,btl_325dcb69-8a09-45b1-95de-4e6d6c201434,f9b562cf-0702-4b65-86b7-97cfcb69224b,anon_72bfd1bc-2891-4fb3-8cdd-883078e6ff4d,2026-02-07T19:51:11.075763+00:00,2026-02-07 19:51:11.075763+00:00,left,mariodpo,mariodpo::mariodpo_nintendo_0141.txt,mariogpt,mariogpt::level_048.txt,RIGHT,loss,0.0,True,False,False,1,1,17.317,14,0,1,66,1939.0,40.0,39.625519784374035,585.4722015657484,37,1,0,0,0,0,0,0,0,0
v_9b230693-23c1-4e36-83e6-e3a77d41cd26,btl_325dcb69-8a09-45b1-95de-4e6d6c201434,f9b562cf-0702-4b65-86b7-97cfcb69224b,anon_72bfd1bc-2891-4fb3-8cdd-883078e6ff4d,2026-02-07T19:51:11.075763+00:00,2026-02-07 19:51:11.075763+00:00,right,mariogpt,mariogpt::level_048.txt,mariodpo,mariodpo::mariodpo_nintendo_0141.txt,RIGHT,win,1.0,True,False,True,0,0,23.084,24,5,1,86,2374.0,8.0,56.44391220003842,683.8928007362442,58,0,0,0,0,0,0,0,0,0
v_a241afb6-c0d9-4518-938b-0f7200a8ce46,btl_083b67b4-244d-45e1-8df5-83b0cb72387e,f9b562cf-0702-4b65-86b7-97cfcb69224b,anon_72bfd1bc-2891-4fb3-8cdd-883078e6ff4d,2026-02-07T19:50:16.176627+00:00,2026-02-07 19:50:16.176627+00:00,left,mariogpt,mariogpt::level_094.txt,mariogan,mariogan::level_13.txt,LEFT,win,1.0,True,False,True,0,0,35.417,25,0,1,131,2360.0,8.0,43.168942557565295,725.5462502322204,54,0,0,0,0,0,0,0,0,0
v_a241afb6-c0d9-4518-938b-0f7200a8ce46,btl_083b67b4-244d-45e1-8df5-83b0cb72387e,f9b562cf-0702-4b65-86b7-97cfcb69224b,anon_72bfd1bc-2891-4fb3-8cdd-883078e6ff4d,2026-02-07T19:50:16.176627+00:00,2026-02-07 19:50:16.176627+00:00,right,mariogan,mariogan::level_13.txt,mariogpt,mariogpt::level_094.txt,LEFT,loss,0.0,True,False,False,1,1,3.734,4,0,0,15,549.0,8.0,30.69824461141422,180.91127352624792,10,1,0,0,0,0,0,0,0,0
v_2535f1e9-e357-4cb2-97f2-b1da5a9f552a,btl_43ea66ba-73a9-413b-af0f-3c795852781e,f9b562cf-0702-4b65-86b7-97cfcb69224b,anon_72bfd1bc-2891-4fb3-8cdd-883078e6ff4d,2026-02-07T19:49:32.340562+00:00,2026-02-07 19:49:32.340562+00:00,left,ore,ore::lvl-86.txt,marioDiffusion,marioDiffusion::level_94.txt,RIGHT,loss,0.0,True,False,False,1,1,26.934,26,1,0,101,1995.0,8.0,45.2275667143707,580.5859894688576,61,1,0,0,0,0,0,0,0,0
v_2535f1e9-e357-4cb2-97f2-b1da5a9f552a,btl_43ea66ba-73a9-413b-af0f-3c795852781e,f9b562cf-0702-4b65-86b7-97cfcb69224b,anon_72bfd1bc-2891-4fb3-8cdd-883078e6ff4d,2026-02-07T19:49:32.340562+00:00,2026-02-07 19:49:32.340562+00:00,right,marioDiffusion,marioDiffusion::level_94.txt,ore,ore::lvl-86.txt,RIGHT,win,1.0,True,False,False,1,1,1.983,1,0,0,8,260.0,8.0,25.60731096776856,101.90191362285597,4,1,0,0,0,0,0,0,0,0
v_2c90bfc5-faeb-48a1-adbb-f8ac1f5a7ec5,btl_8f5ad491-408a-45e3-a942-161eb6fbcdda,f9b562cf-0702-4b65-86b7-97cfcb69224b,anon_72bfd1bc-2891-4fb3-8cdd-883078e6ff4d,2026-02-07T19:49:00.966157+00:00,2026-02-07 19:49:00.966157+00:00,left,patternCount,patternCount::lvl-16.txt,marioDiffusion,marioDiffusion::level_49.txt,RIGHT,loss,0.0,True,False,False,1,1,4.8,4,0,0,19,173.0,8.0,37.375610872447865,55.101719083739845,15,1,0,0,0,0,0,0,0,0
v_2c90bfc5-faeb-48a1-adbb-f8ac1f5a7ec5,btl_8f5ad491-408a-45e3-a942-161eb6fbcdda,f9b562cf-0702-4b65-86b7-97cfcb69224b,anon_72bfd1bc-2891-4fb3-8cdd-883078e6ff4d,2026-02-07T19:49:00.966157+00:00,2026-02-07 19:49:00.966157+00:00,right,marioDiffusion,marioDiffusion::level_49.txt,patternCount,patternCount::lvl-16.txt,RIGHT,win,1.0,True,False,False,1,1,8.15,5,0,0,31,904.0,8.0,29.107608311273143,263.3627134477228,12,1,0,0,0,0,0,0,0,0
v_5e05a163-5681-49fa-83f1-d50f8a7acd58,btl_8ee304c9-c3a4-4d15-8ea3-cc8a6fc75062,f9b562cf-0702-4b65-86b7-97cfcb69224b,anon_72bfd1bc-2891-4fb3-8cdd-883078e6ff4d,2026-02-07T19:48:45.029634+00:00,2026-02-07 19:48:45.029634+00:00,left,genetic,genetic::lvl-5.txt,mariodpo,mariodpo::mariodpo_nintendo_0023.txt,RIGHT,loss,0.0,True,False,True,0,0,14.983,7,0,0,57,2066.0,8.0,27.106949359917067,596.7230772324931,15,0,0,0,0,0,0,0,0,0
v_5e05a163-5681-49fa-83f1-d50f8a7acd58,btl_8ee304c9-c3a4-4d15-8ea3-cc8a6fc75062,f9b562cf-0702-4b65-86b7-97cfcb69224b,anon_72bfd1bc-2891-4fb3-8cdd-883078e6ff4d,2026-02-07T19:48:45.029634+00:00,2026-02-07 19:48:45.029634+00:00,right,mariodpo,mariodpo::mariodpo_nintendo_0023.txt,genetic,genetic::lvl-5.txt,RIGHT,win,1.0,True,False,False,1,1,12.584,6,0,0,48,370.0,20.0,55.920109028416604,100.65076447245141,12,1,0,0,0,0,0,0,0,0
v_88e3674f-6103-49f9-88d7-5f0487ff2a02,btl_50b43958-e0c7-4f3e-a4cf-5b7dda5a0fc8,970ec1a2-b952-4761-b17c-5490ce480a31,anon_376d7289-fc63-4549-9336-2b8703819566,2026-02-07T19:43:06.548500+00:00,2026-02-07 19:43:06.548500+00:00,left,mariodpo,mariodpo::mariodpo_nintendo_0093.txt,genetic,genetic::lvl-69.txt,LEFT,win,1.0,True,False,True,0,0,39.815,33,2,0,150,2452.0,40.0,38.23456493221226,715.1536910498486,80,0,0,0,0,0,0,0,0,0
v_88e3674f-6103-49f9-88d7-5f0487ff2a02,btl_50b43958-e0c7-4f3e-a4cf-5b7dda5a0fc8,970ec1a2-b952-4761-b17c-5490ce480a31,anon_376d7289-fc63-4549-9336-2b8703819566,2026-02-07T19:43:06.548500+00:00,2026-02-07 19:43:06.548500+00:00,right,genetic,genetic::lvl-69.txt,mariodpo,mariodpo::mariodpo_nintendo_0093.txt,LEFT,loss,0.0,True,False,False,1,1,1.943,0,0,0,8,88.0,8.0,0.0,29.641345701570298,2,1,0,0,0,0,0,0,0,0
v_9b21cfbd-61fc-4664-a149-01dbf6bfa527,btl_ab81e531-dbe4-495f-9bd8-56e3d1df6aeb,b0ef94a2-2bd5-45bb-b2dd-c998b16264d8,anon_6169b215-ab69-49a2-a586-55c0a7f2fcf7,2026-02-07T17:01:36.106129+00:00,2026-02-07 17:01:36.106129+00:00,left,original,original::lvl-1.txt,notch,notch::lvl-57.txt,LEFT,win,1.0,True,False,False,1,1,10.236,1,0,0,39,274.0,56.0,10.590147133305678,49.05502820549537,4,1,0,0,0,0,0,0,0,0
v_9b21cfbd-61fc-4664-a149-01dbf6bfa527,btl_ab81e531-dbe4-495f-9bd8-56e3d1df6aeb,b0ef94a2-2bd5-45bb-b2dd-c998b16264d8,anon_6169b215-ab69-49a2-a586-55c0a7f2fcf7,2026-02-07T17:01:36.106129+00:00,2026-02-07 17:01:36.106129+00:00,right,notch,notch::lvl-57.txt,original,original::lvl-1.txt,LEFT,loss,0.0,True,False,False,1,1,2.105,1,0,0,9,204.0,8.0,31.184437397562093,70.13127021328215,3,1,0,0,0,0,0,0,0,0
v_1625f553-1df8-4fea-9cd7-a188507656a9,btl_ddead772-2013-440b-856a-ec076da1dce4,b0ef94a2-2bd5-45bb-b2dd-c998b16264d8,anon_6169b215-ab69-49a2-a586-55c0a7f2fcf7,2026-02-07T17:01:06.588928+00:00,2026-02-07 17:01:06.588928+00:00,left,notchParam,notchParam::lvl-43.txt,patternCount,patternCount::lvl-42.txt,LEFT,win,1.0,True,False,False,1,1,26.67,6,0,0,101,229.0,0.0,12.100468224082698,39.523251920959225,13,1,0,0,0,0,0,0,0,0
v_1625f553-1df8-4fea-9cd7-a188507656a9,btl_ddead772-2013-440b-856a-ec076da1dce4,b0ef94a2-2bd5-45bb-b2dd-c998b16264d8,anon_6169b215-ab69-49a2-a586-55c0a7f2fcf7,2026-02-07T17:01:06.588928+00:00,2026-02-07 17:01:06.588928+00:00,right,patternCount,patternCount::lvl-42.txt,notchParam,notchParam::lvl-43.txt,LEFT,loss,0.0,True,False,False,1,1,3.841,3,0,0,15,133.0,8.0,28.105041066209694,40.65868774184539,9,1,0,0,0,0,0,0,0,0
v_231d218d-e135-44d9-b1a7-7e9f7ebac2e3,btl_1a6bb8d8-45eb-4329-b32f-d4f94867fa34,b0ef94a2-2bd5-45bb-b2dd-c998b16264d8,anon_6169b215-ab69-49a2-a586-55c0a7f2fcf7,2026-02-07T17:00:28.781149+00:00,2026-02-07 17:00:28.781149+00:00,left,mariogan,mariogan::level_40.txt,ore,ore::lvl-37.txt,LEFT,win,1.0,True,False,False,1,1,28.378,22,0,3,107,914.0,4.0,23.519738394733366,262.5653470022549,49,1,0,0,0,0,0,0,0,0
v_231d218d-e135-44d9-b1a7-7e9f7ebac2e3,btl_1a6bb8d8-45eb-4329-b32f-d4f94867fa34,b0ef94a2-2bd5-45bb-b2dd-c998b16264d8,anon_6169b215-ab69-49a2-a586-55c0a7f2fcf7,2026-02-07T17:00:28.781149+00:00,2026-02-07 17:00:28.781149+00:00,right,ore,ore::lvl-37.txt,mariogan,mariogan::level_40.txt,LEFT,loss,0.0,True,False,False,1,1,4.077,2,0,1,16,305.0,8.0,20.80104790028618,84.33823272988354,7,1,0,0,0,0,0,0,0,0
v_60b83316-cc41-4644-ad01-626f0f3a1094,btl_cd1eea16-660b-4730-a0db-b04f36a3e21c,b0ef94a2-2bd5-45bb-b2dd-c998b16264d8,anon_6169b215-ab69-49a2-a586-55c0a7f2fcf7,2026-02-07T16:59:47.420829+00:00,2026-02-07 16:59:47.420829+00:00,left,patternOccur,patternOccur::lvl-90.txt,mariogpt,mariogpt::level_044.txt,SKIP,skip,,True,False,False,1,1,9.641,0,0,0,37,22.0,8.0,7.9459459459459465,2.9388707500687974,3,1,0,0,0,0,0,0,0,0
v_60b83316-cc41-4644-ad01-626f0f3a1094,btl_cd1eea16-660b-4730-a0db-b04f36a3e21c,b0ef94a2-2bd5-45bb-b2dd-c998b16264d8,anon_6169b215-ab69-49a2-a586-55c0a7f2fcf7,2026-02-07T16:59:47.420829+00:00,2026-02-07 16:59:47.420829+00:00,right,mariogpt,mariogpt::level_044.txt,patternOccur,patternOccur::lvl-90.txt,SKIP,skip,,True,False,False,1,1,4.644,1,0,0,18,29.0,8.0,19.183326093250876,4.805154125815269,3,1,0,0,0,0,0,0,0,0
v_2fa8e9dc-dae0-4ad1-9b86-356b540417a7,btl_b35a6b6f-6f62-43e0-94c8-92b7c2d544b4,e0c0ea9d-6f92-4b8b-b316-60799697ede3,anon_376d7289-fc63-4549-9336-2b8703819566,2026-02-07T13:17:02.517102+00:00,2026-02-07 13:17:02.517102+00:00,left,mariodpo,mariodpo::mariodpo_nintendo_0010.txt,mariogan,mariogan::level_6.txt,LEFT,win,1.0,True,False,False,1,1,1.812,1,1,0,7,219.0,40.0,16.796501093370363,64.58817734741571,7,1,0,0,0,0,0,0,0,0
v_2fa8e9dc-dae0-4ad1-9b86-356b540417a7,btl_b35a6b6f-6f62-43e0-94c8-92b7c2d544b4,e0c0ea9d-6f92-4b8b-b316-60799697ede3,anon_376d7289-fc63-4549-9336-2b8703819566,2026-02-07T13:17:02.517102+00:00,2026-02-07 13:17:02.517102+00:00,right,mariogan,mariogan::level_6.txt,mariodpo,mariodpo::mariodpo_nintendo_0010.txt,LEFT,loss,0.0,True,False,False,1,1,4.346,3,0,2,17,571.0,8.0,25.889170225175175,191.00078805612893,11,1,0,0,0,0,0,0,0,0
v_01972250-3b24-4b80-ae5d-d95ce680838c,btl_8cd38347-0f21-41da-b81f-1a8cf38f8621,e0c0ea9d-6f92-4b8b-b316-60799697ede3,anon_376d7289-fc63-4549-9336-2b8703819566,2026-02-07T13:16:53.011035+00:00,2026-02-07 13:16:53.011035+00:00,left,mariodpo,mariodpo::mariodpo_nintendo_0148.txt,patternOccur,patternOccur::lvl-32.txt,LEFT,win,1.0,True,False,False,1,1,67.312,51,16,3,250,2171.0,40.0,69.68396728086023,648.1572896018373,143,1,0,0,0,0,0,0,0,0
v_01972250-3b24-4b80-ae5d-d95ce680838c,btl_8cd38347-0f21-41da-b81f-1a8cf38f8621,e0c0ea9d-6f92-4b8b-b316-60799697ede3,anon_376d7289-fc63-4549-9336-2b8703819566,2026-02-07T13:16:53.011035+00:00,2026-02-07 13:16:53.011035+00:00,right,patternOccur,patternOccur::lvl-32.txt,mariodpo,mariodpo::mariodpo_nintendo_0148.txt,LEFT,loss,0.0,True,False,False,1,1,6.681,7,0,0,26,638.0,8.0,35.70177676118271,194.40639812808655,20,1,0,0,0,0,0,0,0,0
v_fcafce3e-f6b0-4fd4-ad31-edaeaba1ae1a,btl_a4438aaa-d6dd-4597-ace3-976be588201a,e0c0ea9d-6f92-4b8b-b316-60799697ede3,anon_376d7289-fc63-4549-9336-2b8703819566,2026-02-07T13:15:34.973692+00:00,2026-02-07 13:15:34.973692+00:00,left,hopper,hopper::lvl-27.txt,patternWeightCount,patternWeightCount::lvl-21.txt,RIGHT,loss,0.0,True,False,False,1,1,3.007,2,0,0,12,613.0,8.0,25.979024658793914,219.53073373802485,5,1,0,0,0,0,0,0,0,0
v_fcafce3e-f6b0-4fd4-ad31-edaeaba1ae1a,btl_a4438aaa-d6dd-4597-ace3-976be588201a,e0c0ea9d-6f92-4b8b-b316-60799697ede3,anon_376d7289-fc63-4549-9336-2b8703819566,2026-02-07T13:15:34.973692+00:00,2026-02-07 13:15:34.973692+00:00,right,patternWeightCount,patternWeightCount::lvl-21.txt,hopper,hopper::lvl-27.txt,RIGHT,win,1.0,True,False,False,1,1,10.544,14,2,0,40,1067.0,8.0,42.48411467831241,324.1023285553499,35,1,0,0,0,0,0,0,0,0
v_5568ff61-5702-4f04-964f-6cbaace119f7,btl_b9417526-8ee3-4e18-a96e-ac3270f22aa4,e0c0ea9d-6f92-4b8b-b316-60799697ede3,anon_376d7289-fc63-4549-9336-2b8703819566,2026-02-07T13:15:17.270902+00:00,2026-02-07 13:15:17.270902+00:00,left,marioDiffusion,marioDiffusion::level_27.txt,mariogan,mariogan::level_74.txt,RIGHT,loss,0.0,True,False,False,1,1,0.717,0,0,0,3,8.0,8.0,75.07477753694793,0.0,1,1,1,0,0,0,0,0,1,0
v_5568ff61-5702-4f04-964f-6cbaace119f7,btl_b9417526-8ee3-4e18-a96e-ac3270f22aa4,e0c0ea9d-6f92-4b8b-b316-60799697ede3,anon_376d7289-fc63-4549-9336-2b8703819566,2026-02-07T13:15:17.270902+00:00,2026-02-07 13:15:17.270902+00:00,right,mariogan,mariogan::level_74.txt,marioDiffusion,marioDiffusion::level_27.txt,RIGHT,win,1.0,True,False,False,1,1,3.048,4,0,0,12,426.0,8.0,40.82372335895991,143.7325834859847,13,1,0,0,0,0,0,0,0,0
v_4769eb39-8747-4ea7-9d75-f8d578410ffb,btl_bcf2c859-b68b-4ae1-92ae-f8a5e28f810a,8a7a7d7a-aae5-4995-b8e4-28166a2031df,anon_8fa81b54-f461-4d21-a33a-7b1f35051083,2026-02-07T13:08:34.828145+00:00,2026-02-07 13:08:34.828145+00:00,left,ore,ore::lvl-64.txt,marioDiffusion,marioDiffusion::level_10.txt,LEFT,win,1.0,True,False,False,1,1,3.903,0,0,0,15,70.0,8.0,7.684327484490031,25.727287718166746,1,1,0,0,0,0,0,0,0,0
v_4769eb39-8747-4ea7-9d75-f8d578410ffb,btl_bcf2c859-b68b-4ae1-92ae-f8a5e28f810a,8a7a7d7a-aae5-4995-b8e4-28166a2031df,anon_8fa81b54-f461-4d21-a33a-7b1f35051083,2026-02-07T13:08:34.828145+00:00,2026-02-07 13:08:34.828145+00:00,right,marioDiffusion,marioDiffusion::level_10.txt,ore,ore::lvl-64.txt,LEFT,loss,0.0,True,False,False,1,1,13.403,10,0,0,51,647.0,8.0,37.43378108295846,187.86059110855862,20,1,1,0,0,0,0,0,1,0
v_2fd05bf2-3691-4002-b317-8fd710752589,btl_ea136d1e-3554-40f4-81d7-db74ec8df24e,8a7a7d7a-aae5-4995-b8e4-28166a2031df,anon_8fa81b54-f461-4d21-a33a-7b1f35051083,2026-02-07T13:07:53.624434+00:00,2026-02-07 13:07:53.624434+00:00,left,ore,ore::lvl-46.txt,mariogan,mariogan::level_4.txt,SKIP,skip,,True,False,False,1,1,10.114,8,1,0,38,330.0,8.0,45.085176390848304,127.06694420756841,18,1,0,0,0,0,0,0,0,0
v_2fd05bf2-3691-4002-b317-8fd710752589,btl_ea136d1e-3554-40f4-81d7-db74ec8df24e,8a7a7d7a-aae5-4995-b8e4-28166a2031df,anon_8fa81b54-f461-4d21-a33a-7b1f35051083,2026-02-07T13:07:53.624434+00:00,2026-02-07 13:07:53.624434+00:00,right,mariogan,mariogan::level_4.txt,ore,ore::lvl-46.txt,SKIP,skip,,True,False,False,1,1,6.475,4,0,1,25,306.0,8.0,35.606740934828615,103.19573634603321,12,1,0,0,0,0,0,0,0,0
v_11184622-53fd-4d1f-a6f6-abc4fdcf7bd6,btl_10b9bfe8-488a-48ba-931a-18223ce9ce3b,719a2990-65a3-4807-9a87-87835a309af8,anon_1976408b-1d39-44fe-bc96-10dffd721c66,2026-02-06T10:55:40.580301+00:00,2026-02-06 10:55:40.580301+00:00,left,original,original::lvl-1.txt,ore,ore::lvl-74.txt,TIE,tie,0.5,True,False,False,1,1,8.703,11,0,0,33,1211.0,56.0,43.26237037590268,382.15703097928923,23,1,0,0,0,0,0,0,0,0
v_11184622-53fd-4d1f-a6f6-abc4fdcf7bd6,btl_10b9bfe8-488a-48ba-931a-18223ce9ce3b,719a2990-65a3-4807-9a87-87835a309af8,anon_1976408b-1d39-44fe-bc96-10dffd721c66,2026-02-06T10:55:40.580301+00:00,2026-02-06 10:55:40.580301+00:00,right,ore,ore::lvl-74.txt,original,original::lvl-1.txt,TIE,tie,0.5,True,False,False,1,1,4.408,4,0,0,17,411.0,8.0,23.27806933812868,140.05206644273014,9,1,0,0,0,0,0,0,0,0
v_3eaf5ba9-6cd0-4d37-a52d-b23d0d4353e2,btl_6cfcf27a-35fb-4c82-837d-a63313ca4485,719a2990-65a3-4807-9a87-87835a309af8,anon_1976408b-1d39-44fe-bc96-10dffd721c66,2026-02-06T10:55:23.382853+00:00,2026-02-06 10:55:23.382853+00:00,left,original,original::lvl-10.txt,patternCount,patternCount::lvl-54.txt,LEFT,win,1.0,True,False,False,1,1,9.138,8,4,1,35,1061.0,24.0,57.95371833961783,288.75564982545785,23,1,0,0,0,0,0,0,0,0
v_3eaf5ba9-6cd0-4d37-a52d-b23d0d4353e2,btl_6cfcf27a-35fb-4c82-837d-a63313ca4485,719a2990-65a3-4807-9a87-87835a309af8,anon_1976408b-1d39-44fe-bc96-10dffd721c66,2026-02-06T10:55:23.382853+00:00,2026-02-06 10:55:23.382853+00:00,right,patternCount,patternCount::lvl-54.txt,original,original::lvl-10.txt,LEFT,loss,0.0,True,False,False,1,1,0.717,0,0,0,3,9.0,8.0,75.07477753694793,0.4714045207910317,8,1,1,0,0,1,0,0,0,0
v_b29ef0a3-194f-4d11-a353-c2e3fd195be6,btl_c290d3a0-e602-4619-bec5-9d34cd2b7c7a,719a2990-65a3-4807-9a87-87835a309af8,anon_1976408b-1d39-44fe-bc96-10dffd721c66,2026-02-06T10:55:08.828692+00:00,2026-02-06 10:55:08.828692+00:00,left,hopper,hopper::lvl-69.txt,patternOccur,patternOccur::lvl-100.txt,LEFT,win,1.0,True,False,False,1,1,2.639,2,0,0,11,563.0,8.0,22.971775711486544,195.83620242901512,7,1,0,0,0,0,0,0,0,0
v_b29ef0a3-194f-4d11-a353-c2e3fd195be6,btl_c290d3a0-e602-4619-bec5-9d34cd2b7c7a,719a2990-65a3-4807-9a87-87835a309af8,anon_1976408b-1d39-44fe-bc96-10dffd721c66,2026-02-06T10:55:08.828692+00:00,2026-02-06 10:55:08.828692+00:00,right,patternOccur,patternOccur::lvl-100.txt,hopper,hopper::lvl-69.txt,LEFT,loss,0.0,True,False,False,1,1,20.21,24,1,0,76,1259.0,8.0,37.18212224552871,362.4581652715554,71,1,0,0,0,0,0,0,0,0
v_5115c631-8857-469e-9e55-67ad320e59b6,btl_0714b4b7-5634-4c83-a83a-f5a9d773d00a,719a2990-65a3-4807-9a87-87835a309af8,anon_1976408b-1d39-44fe-bc96-10dffd721c66,2026-02-06T10:54:40.577887+00:00,2026-02-06 10:54:40.577887+00:00,left,notchParam,notchParam::lvl-62.txt,original,original::lvl-1.txt,RIGHT,loss,0.0,True,False,False,1,1,2.409,3,0,0,10,459.0,8.0,30.2801915449688,161.34261681279375,7,1,0,0,0,0,0,0,0,0
v_5115c631-8857-469e-9e55-67ad320e59b6,btl_0714b4b7-5634-4c83-a83a-f5a9d773d00a,719a2990-65a3-4807-9a87-87835a309af8,anon_1976408b-1d39-44fe-bc96-10dffd721c66,2026-02-06T10:54:40.577887+00:00,2026-02-06 10:54:40.577887+00:00,right,original,original::lvl-1.txt,notchParam,notchParam::lvl-62.txt,RIGHT,win,1.0,True,False,False,1,1,6.079,7,0,1,23,1095.0,56.0,39.47356800301271,334.50111824871504,16,1,0,0,0,0,0,0,0,0
v_cbd88e2b-a55b-42a9-8d95-d2392f59719d,btl_64987684-3542-4c68-81e6-a15738c7221e,719a2990-65a3-4807-9a87-87835a309af8,anon_1976408b-1d39-44fe-bc96-10dffd721c66,2026-02-06T10:54:28.917391+00:00,2026-02-06 10:54:28.917391+00:00,left,mariogan,mariogan::level_21.txt,marioDiffusion,marioDiffusion::level_43.txt,TIE,tie,0.5,True,False,False,1,1,7.437,7,0,0,29,1131.0,8.0,35.803201020710006,355.45088848677875,14,1,0,0,0,0,0,0,0,0
v_cbd88e2b-a55b-42a9-8d95-d2392f59719d,btl_64987684-3542-4c68-81e6-a15738c7221e,719a2990-65a3-4807-9a87-87835a309af8,anon_1976408b-1d39-44fe-bc96-10dffd721c66,2026-02-06T10:54:28.917391+00:00,2026-02-06 10:54:28.917391+00:00,right,marioDiffusion,marioDiffusion::level_43.txt,mariogan,mariogan::level_21.txt,TIE,tie,0.5,True,False,False,1,1,0.583,0,0,0,3,9.0,8.0,0.0,0.4714045207910317,2,1,0,0,0,0,0,0,0,0
v_d33d2dae-6f01-48ca-859c-421f857dc341,btl_afeafdc5-734d-40a3-a632-84275f4c1438,5926c802-9d83-4001-8a8a-366f1cd18dcc,anon_91aefbb7-86f1-4764-94fb-aa45464b415f,2026-02-06T10:41:51.521722+00:00,2026-02-06 10:41:51.521722+00:00,left,ore,ore::lvl-37.txt,mariogan,mariogan::level_15.txt,TIE,tie,0.5,True,False,False,1,1,11.867,8,1,0,45,652.0,8.0,46.745837604361455,197.92113905278185,20,1,0,0,0,0,0,0,0,0
v_d33d2dae-6f01-48ca-859c-421f857dc341,btl_afeafdc5-734d-40a3-a632-84275f4c1438,5926c802-9d83-4001-8a8a-366f1cd18dcc,anon_91aefbb7-86f1-4764-94fb-aa45464b415f,2026-02-06T10:41:51.521722+00:00,2026-02-06 10:41:51.521722+00:00,right,mariogan,mariogan::level_15.txt,ore,ore::lvl-37.txt,TIE,tie,0.5,True,False,True,0,0,26.967,27,0,1,101,2667.0,8.0,33.62451747860558,795.1216890156522,59,0,0,0,0,0,0,0,0,0
v_e69c7ce7-c1c2-4fbe-b455-a222d74f7f18,btl_462d2ccb-c906-4a0d-8adf-26cd6cdd8c04,5926c802-9d83-4001-8a8a-366f1cd18dcc,anon_91aefbb7-86f1-4764-94fb-aa45464b415f,2026-02-06T10:41:08.424134+00:00,2026-02-06 10:41:08.424134+00:00,left,genetic,genetic::lvl-38.txt,patternWeightCount,patternWeightCount::lvl-3.txt,LEFT,win,1.0,True,False,True,0,0,20.017,11,0,0,76,2069.0,8.0,33.475153062774446,530.4009988009882,23,0,0,0,0,0,0,0,0,0
v_e69c7ce7-c1c2-4fbe-b455-a222d74f7f18,btl_462d2ccb-c906-4a0d-8adf-26cd6cdd8c04,5926c802-9d83-4001-8a8a-366f1cd18dcc,anon_91aefbb7-86f1-4764-94fb-aa45464b415f,2026-02-06T10:41:08.424134+00:00,2026-02-06 10:41:08.424134+00:00,right,patternWeightCount,patternWeightCount::lvl-3.txt,genetic,genetic::lvl-38.txt,LEFT,loss,0.0,True,False,False,1,1,1.817,0,0,0,7,27.0,8.0,12.947302926139656,6.555882231762152,2,1,0,0,0,0,0,0,0,0
v_7dc732a0-3878-461c-9fa0-f8b8c1e47291,btl_2789b58c-68b6-4bef-b4ff-a6fa218b4cae,5926c802-9d83-4001-8a8a-366f1cd18dcc,anon_91aefbb7-86f1-4764-94fb-aa45464b415f,2026-02-06T10:40:42.559284+00:00,2026-02-06 10:40:42.559284+00:00,left,original,original::lvl-10.txt,notchParamRand,notchParamRand::lvl-12.txt,LEFT,win,1.0,True,False,False,1,1,4.234,3,0,0,16,533.0,24.0,38.61422786681096,187.4942915797705,8,1,0,0,0,0,0,0,0,0
v_7dc732a0-3878-461c-9fa0-f8b8c1e47291,btl_2789b58c-68b6-4bef-b4ff-a6fa218b4cae,5926c802-9d83-4001-8a8a-366f1cd18dcc,anon_91aefbb7-86f1-4764-94fb-aa45464b415f,2026-02-06T10:40:42.559284+00:00,2026-02-06 10:40:42.559284+00:00,right,notchParamRand,notchParamRand::lvl-12.txt,original,original::lvl-10.txt,LEFT,loss,0.0,True,False,False,1,1,2.1,2,0,0,9,292.0,8.0,28.339650711840747,110.11520342210406,5,1,0,0,0,0,0,0,0,0
v_095d667f-c0ed-4ae7-9108-431c5de566ba,btl_ef5567d4-2297-4fc1-ae1d-9d1509e0b938,5926c802-9d83-4001-8a8a-366f1cd18dcc,anon_91aefbb7-86f1-4764-94fb-aa45464b415f,2026-02-06T10:40:33.562444+00:00,2026-02-06 10:40:33.562444+00:00,left,ore,ore::lvl-79.txt,patternCount,patternCount::lvl-99.txt,LEFT,win,1.0,True,False,False,1,1,16.784,15,0,0,64,1305.0,8.0,60.12335748471117,411.957511414633,34,1,0,0,0,0,0,0,0,0
v_095d667f-c0ed-4ae7-9108-431c5de566ba,btl_ef5567d4-2297-4fc1-ae1d-9d1509e0b938,5926c802-9d83-4001-8a8a-366f1cd18dcc,anon_91aefbb7-86f1-4764-94fb-aa45464b415f,2026-02-06T10:40:33.562444+00:00,2026-02-06 10:40:33.562444+00:00,right,patternCount,patternCount::lvl-99.txt,ore,ore::lvl-79.txt,LEFT,loss,0.0,True,False,False,1,1,2.583,3,1,0,10,158.0,8.0,36.73976047826115,50.514948282661834,14,1,0,0,0,0,0,0,0,0
v_a93ad122-042e-44c8-811b-3e95d3db6008,btl_1a7ab25f-226a-40f9-87c9-f8b30269d773,5926c802-9d83-4001-8a8a-366f1cd18dcc,anon_91aefbb7-86f1-4764-94fb-aa45464b415f,2026-02-06T10:40:11.628561+00:00,2026-02-06 10:40:11.628561+00:00,left,hopper,hopper::lvl-93.txt,marioDiffusion,marioDiffusion::level_39.txt,LEFT,win,1.0,True,False,False,1,1,2.466,3,0,0,10,463.0,8.0,26.937705915686287,163.40440630533806,7,1,0,0,0,0,0,0,0,0
v_a93ad122-042e-44c8-811b-3e95d3db6008,btl_1a7ab25f-226a-40f9-87c9-f8b30269d773,5926c802-9d83-4001-8a8a-366f1cd18dcc,anon_91aefbb7-86f1-4764-94fb-aa45464b415f,2026-02-06T10:40:11.628561+00:00,2026-02-06 10:40:11.628561+00:00,right,marioDiffusion,marioDiffusion::level_39.txt,hopper,hopper::lvl-93.txt,LEFT,loss,0.0,True,False,False,1,1,5.084,3,0,0,20,367.0,8.0,24.68704113497606,124.83688357212384,6,1,2,0,0,1,0,0,1,0
v_66ae5f2d-4d01-42d0-b890-e30cd330be4e,btl_5a2aed51-83ea-4bc9-848a-1a8fb3fa03b4,5926c802-9d83-4001-8a8a-366f1cd18dcc,anon_91aefbb7-86f1-4764-94fb-aa45464b415f,2026-02-06T10:39:53.116428+00:00,2026-02-06 10:39:53.116428+00:00,left,mariodpo,mariodpo::mariodpo_nintendo_0075.txt,notchParam,notchParam::lvl-95.txt,LEFT,win,1.0,True,False,True,0,0,44.151,38,11,2,164,3013.0,40.0,54.80853592056713,894.8883899780737,104,0,0,0,0,0,0,0,0,0
v_66ae5f2d-4d01-42d0-b890-e30cd330be4e,btl_5a2aed51-83ea-4bc9-848a-1a8fb3fa03b4,5926c802-9d83-4001-8a8a-366f1cd18dcc,anon_91aefbb7-86f1-4764-94fb-aa45464b415f,2026-02-06T10:39:53.116428+00:00,2026-02-06 10:39:53.116428+00:00,right,notchParam,notchParam::lvl-95.txt,mariodpo,mariodpo::mariodpo_nintendo_0075.txt,LEFT,loss,0.0,True,False,True,0,0,26.5,28,0,0,100,3099.0,8.0,39.94772959756286,888.6767963663731,59,0,0,0,0,0,0,0,0,0
v_d19f01c1-87f5-43a4-a866-4c335a1d90b2,btl_b31e416e-4877-45b8-9ddc-4895594fd844,5926c802-9d83-4001-8a8a-366f1cd18dcc,anon_91aefbb7-86f1-4764-94fb-aa45464b415f,2026-02-06T10:38:37.190753+00:00,2026-02-06 10:38:37.190753+00:00,left,patternWeightCount,patternWeightCount::lvl-26.txt,patternOccur,patternOccur::lvl-51.txt,TIE,tie,0.5,True,False,False,1,1,4.984,4,0,0,19,219.0,8.0,26.033538990205894,74.87196828152062,10,1,0,0,0,0,0,0,0,0
v_d19f01c1-87f5-43a4-a866-4c335a1d90b2,btl_b31e416e-4877-45b8-9ddc-4895594fd844,5926c802-9d83-4001-8a8a-366f1cd18dcc,anon_91aefbb7-86f1-4764-94fb-aa45464b415f,2026-02-06T10:38:37.190753+00:00,2026-02-06 10:38:37.190753+00:00,right,patternOccur,patternOccur::lvl-51.txt,patternWeightCount,patternWeightCount::lvl-26.txt,TIE,tie,0.5,True,False,False,1,1,10.967,11,1,0,42,858.0,8.0,38.17242923552936,282.4582203769319,34,1,0,0,0,0,0,0,0,0
v_608d96f6-0785-4b99-b7fb-803892945db1,btl_9590e5cb-6c15-4847-a8d2-8e6343b097e5,e5fc9821-1394-4968-b1ed-0ae29b82365f,anon_b5074dca-87aa-4454-aad2-3b6083754721,2026-02-06T10:35:33.550602+00:00,2026-02-06 10:35:33.550602+00:00,left,mariodpo,mariodpo::mariodpo_nintendo_0014.txt,patternWeightCount,patternWeightCount::lvl-95.txt,LEFT,win,1.0,True,False,False,1,1,9.839,11,2,0,38,901.0,40.0,63.64551347142665,253.71549408551732,27,1,0,0,0,0,0,0,0,0
v_608d96f6-0785-4b99-b7fb-803892945db1,btl_9590e5cb-6c15-4847-a8d2-8e6343b097e5,e5fc9821-1394-4968-b1ed-0ae29b82365f,anon_b5074dca-87aa-4454-aad2-3b6083754721,2026-02-06T10:35:33.550602+00:00,2026-02-06 10:35:33.550602+00:00,right,patternWeightCount,patternWeightCount::lvl-95.txt,mariodpo,mariodpo::mariodpo_nintendo_0014.txt,LEFT,loss,0.0,True,False,False,1,1,3.138,3,0,0,12,280.0,8.0,32.68398775479448,93.03449181172898,13,1,0,0,0,0,0,0,0,0
v_16a2aca9-c971-43cc-a535-7688ed0d377e,btl_92273b14-208c-4679-8a3f-446f40787fcf,e5fc9821-1394-4968-b1ed-0ae29b82365f,anon_b5074dca-87aa-4454-aad2-3b6083754721,2026-02-06T10:35:17.231507+00:00,2026-02-06 10:35:17.231507+00:00,left,original,original::lvl-8.txt,mariodpo,mariodpo::mariodpo_nintendo_0118.txt,TIE,tie,0.5,True,False,True,0,0,28.905,18,0,0,109,2947.0,8.0,43.046700602855175,776.672886741198,36,0,0,0,0,0,0,0,0,0
v_16a2aca9-c971-43cc-a535-7688ed0d377e,btl_92273b14-208c-4679-8a3f-446f40787fcf,e5fc9821-1394-4968-b1ed-0ae29b82365f,anon_b5074dca-87aa-4454-aad2-3b6083754721,2026-02-06T10:35:17.231507+00:00,2026-02-06 10:35:17.231507+00:00,right,mariodpo,mariodpo::mariodpo_nintendo_0118.txt,original,original::lvl-8.txt,TIE,tie,0.5,True,False,False,1,1,8.25,3,0,0,32,670.0,40.0,23.221736012570204,202.8904318684102,9,1,0,0,0,0,0,0,0,0
v_b5418123-cec1-4f36-88f2-2356a21bb69e,btl_5264ee00-c54b-4abf-8f08-1aa7f77fa9b8,757153dc-b3c8-442c-97f1-017099f11509,anon_a9445e2d-8170-40b8-bfa3-9fdf5b9366fb,2026-02-05T14:07:21.661815+00:00,2026-02-05 14:07:21.661815+00:00,left,notchParam,notchParam::lvl-58.txt,patternOccur,patternOccur::lvl-38.txt,LEFT,win,1.0,True,False,False,1,1,2.485,2,0,0,10,487.0,8.0,34.14322773259728,170.0914165970758,4,1,0,0,0,0,0,0,0,0
v_b5418123-cec1-4f36-88f2-2356a21bb69e,btl_5264ee00-c54b-4abf-8f08-1aa7f77fa9b8,757153dc-b3c8-442c-97f1-017099f11509,anon_a9445e2d-8170-40b8-bfa3-9fdf5b9366fb,2026-02-05T14:07:21.661815+00:00,2026-02-05 14:07:21.661815+00:00,right,patternOccur,patternOccur::lvl-38.txt,notchParam,notchParam::lvl-58.txt,LEFT,loss,0.0,True,False,False,1,1,1.581,1,0,0,7,122.0,8.0,57.34037292647248,45.962273793241536,6,1,0,0,0,0,0,0,0,0
v_c841bb83-2662-4770-ba1f-5cee3fd4edc1,btl_1ce06e3d-10ae-44f0-aa0f-2c43bcc91f99,2dd7fd1c-90d3-4f02-89db-9b86e8f5d7a8,anon_a9445e2d-8170-40b8-bfa3-9fdf5b9366fb,2026-02-05T10:40:22.315037+00:00,2026-02-05 10:40:22.315037+00:00,left,mariodpo,mariodpo::mariodpo_nintendo_0041.txt,patternWeightCount,patternWeightCount::lvl-8.txt,LEFT,win,1.0,True,False,True,0,0,48.043,35,2,3,181,2976.0,33.0,37.64135390854388,773.5837924539114,91,0,0,0,0,0,0,0,0,0
v_c841bb83-2662-4770-ba1f-5cee3fd4edc1,btl_1ce06e3d-10ae-44f0-aa0f-2c43bcc91f99,2dd7fd1c-90d3-4f02-89db-9b86e8f5d7a8,anon_a9445e2d-8170-40b8-bfa3-9fdf5b9366fb,2026-02-05T10:40:22.315037+00:00,2026-02-05 10:40:22.315037+00:00,right,patternWeightCount,patternWeightCount::lvl-8.txt,mariodpo,mariodpo::mariodpo_nintendo_0041.txt,LEFT,loss,0.0,True,False,False,1,1,6.248,5,0,0,24,724.0,8.0,34.713084908847975,237.5230654004411,12,1,0,0,0,0,0,0,0,0
v_bd786d30-5b7c-4abe-8907-09e672da3473,btl_e296f408-e72b-4899-a557-fca85afd1cae,2dd7fd1c-90d3-4f02-89db-9b86e8f5d7a8,anon_a9445e2d-8170-40b8-bfa3-9fdf5b9366fb,2026-02-05T10:39:24.605913+00:00,2026-02-05 10:39:24.605913+00:00,left,original,original::lvl-4.txt,mariogpt,mariogpt::level_088.txt,LEFT,win,1.0,True,False,False,1,1,22.378,16,0,2,85,1694.0,40.0,51.768668297543044,459.1351505877004,36,1,0,0,0,0,0,0,0,0
v_bd786d30-5b7c-4abe-8907-09e672da3473,btl_e296f408-e72b-4899-a557-fca85afd1cae,2dd7fd1c-90d3-4f02-89db-9b86e8f5d7a8,anon_a9445e2d-8170-40b8-bfa3-9fdf5b9366fb,2026-02-05T10:39:24.605913+00:00,2026-02-05 10:39:24.605913+00:00,right,mariogpt,mariogpt::level_088.txt,original,original::lvl-4.txt,LEFT,loss,0.0,True,False,False,1,1,3.315,0,0,0,13,49.0,0.0,2.5903781908434977,13.411555557995763,1,1,0,0,0,0,0,0,0,0
v_cda4b07b-12b5-4bb9-bc8b-cb94de9f02d3,btl_34bf2fd5-d84a-4c3c-9675-55eaa5896905,2dd7fd1c-90d3-4f02-89db-9b86e8f5d7a8,anon_a9445e2d-8170-40b8-bfa3-9fdf5b9366fb,2026-02-05T10:38:32.371022+00:00,2026-02-05 10:38:32.371022+00:00,left,notchParam,notchParam::lvl-65.txt,ore,ore::lvl-43.txt,RIGHT,loss,0.0,True,False,False,1,1,3.281,1,0,0,13,553.0,8.0,20.164119518995403,198.42706915929574,2,1,0,0,0,0,0,0,0,0
v_cda4b07b-12b5-4bb9-bc8b-cb94de9f02d3,btl_34bf2fd5-d84a-4c3c-9675-55eaa5896905,2dd7fd1c-90d3-4f02-89db-9b86e8f5d7a8,anon_a9445e2d-8170-40b8-bfa3-9fdf5b9366fb,2026-02-05T10:38:32.371022+00:00,2026-02-05 10:38:32.371022+00:00,right,ore,ore::lvl-43.txt,notchParam,notchParam::lvl-65.txt,RIGHT,win,1.0,True,False,False,1,1,18.449,19,3,2,70,1034.0,8.0,39.45511787500593,300.5860737876957,44,1,0,0,0,0,0,0,0,0
v_264cb6a4-c15e-4cc0-bbc1-867659936e8a,btl_fef2ce8f-dc73-45df-a63d-84ab9eb478f0,2dd7fd1c-90d3-4f02-89db-9b86e8f5d7a8,anon_a9445e2d-8170-40b8-bfa3-9fdf5b9366fb,2026-02-05T10:38:08.177879+00:00,2026-02-05 10:38:08.177879+00:00,left,marioDiffusion,marioDiffusion::level_16.txt,ore,ore::lvl-22.txt,RIGHT,loss,0.0,True,False,False,1,1,0.703,0,0,0,3,8.0,8.0,75.07477753694793,0.0,1,1,2,0,0,1,0,0,1,0
v_264cb6a4-c15e-4cc0-bbc1-867659936e8a,btl_fef2ce8f-dc73-45df-a63d-84ab9eb478f0,2dd7fd1c-90d3-4f02-89db-9b86e8f5d7a8,anon_a9445e2d-8170-40b8-bfa3-9fdf5b9366fb,2026-02-05T10:38:08.177879+00:00,2026-02-05 10:38:08.177879+00:00,right,ore,ore::lvl-22.txt,marioDiffusion,marioDiffusion::level_16.txt,RIGHT,win,1.0,True,False,True,0,0,25.882,32,1,0,98,3070.0,8.0,50.588395467093314,903.7565159769317,71,0,0,0,0,0,0,0,0,0
v_aa27dc28-913c-4ea2-9132-e23c53502208,btl_0577bcd1-8593-4307-9c6c-d25753c3526a,2dd7fd1c-90d3-4f02-89db-9b86e8f5d7a8,anon_a9445e2d-8170-40b8-bfa3-9fdf5b9366fb,2026-02-05T10:37:33.768810+00:00,2026-02-05 10:37:33.768810+00:00,left,patternOccur,patternOccur::lvl-46.txt,mariogan,mariogan::level_73.txt,RIGHT,loss,0.0,True,False,False,1,1,5.713,7,1,0,22,427.0,8.0,43.506459100587286,130.00060394011018,19,1,0,0,0,0,0,0,0,0
v_aa27dc28-913c-4ea2-9132-e23c53502208,btl_0577bcd1-8593-4307-9c6c-d25753c3526a,2dd7fd1c-90d3-4f02-89db-9b86e8f5d7a8,anon_a9445e2d-8170-40b8-bfa3-9fdf5b9366fb,2026-02-05T10:37:33.768810+00:00,2026-02-05 10:37:33.768810+00:00,right,mariogan,mariogan::level_73.txt,patternOccur,patternOccur::lvl-46.txt,RIGHT,win,1.0,True,False,True,0,0,40.315,39,0,10,146,2635.0,8.0,41.311194565118456,820.3296752712328,113,0,0,0,0,0,0,0,0,0
v_f219d65c-debd-4505-8f1e-efe2bd093621,btl_b2cb3558-42fa-4694-847b-b6d43c57ea17,2dd7fd1c-90d3-4f02-89db-9b86e8f5d7a8,anon_a9445e2d-8170-40b8-bfa3-9fdf5b9366fb,2026-02-05T10:36:42.178833+00:00,2026-02-05 10:36:42.178833+00:00,left,patternWeightCount,patternWeightCount::lvl-79.txt,mariogan,mariogan::level_43.txt,RIGHT,loss,0.0,True,False,False,1,1,4.01,4,0,0,16,315.0,8.0,50.260415587219335,120.5217174412977,12,1,0,0,0,0,0,0,0,0
v_f219d65c-debd-4505-8f1e-efe2bd093621,btl_b2cb3558-42fa-4694-847b-b6d43c57ea17,2dd7fd1c-90d3-4f02-89db-9b86e8f5d7a8,anon_a9445e2d-8170-40b8-bfa3-9fdf5b9366fb,2026-02-05T10:36:42.178833+00:00,2026-02-05 10:36:42.178833+00:00,right,mariogan,mariogan::level_43.txt,patternWeightCount,patternWeightCount::lvl-79.txt,RIGHT,win,1.0,True,False,False,1,1,39.382,41,0,3,148,2619.0,8.0,52.24751235685687,684.7372235947064,88,1,0,0,0,0,0,0,0,0
v_789655f1-6904-431f-9edd-c28f9efdae6a,btl_77fba76e-b001-4ed0-97b8-0bca208c2ec2,2dd7fd1c-90d3-4f02-89db-9b86e8f5d7a8,anon_a9445e2d-8170-40b8-bfa3-9fdf5b9366fb,2026-02-05T10:35:55.579046+00:00,2026-02-05 10:35:55.579046+00:00,left,notchParamRand,notchParamRand::lvl-50.txt,patternCount,patternCount::lvl-60.txt,LEFT,win,1.0,True,False,False,1,1,2.447,2,0,0,10,322.0,8.0,23.99916665219857,123.79111438225283,5,1,0,0,0,0,0,0,0,0
v_789655f1-6904-431f-9edd-c28f9efdae6a,btl_77fba76e-b001-4ed0-97b8-0bca208c2ec2,2dd7fd1c-90d3-4f02-89db-9b86e8f5d7a8,anon_a9445e2d-8170-40b8-bfa3-9fdf5b9366fb,2026-02-05T10:35:55.579046+00:00,2026-02-05 10:35:55.579046+00:00,right,patternCount,patternCount::lvl-60.txt,notchParamRand,notchParamRand::lvl-50.txt,LEFT,loss,0.0,True,False,False,1,1,2.983,3,0,0,12,258.0,8.0,30.077215444400583,90.22791357938458,17,1,0,0,0,0,0,0,0,0
v_d33ae755-c988-427c-8658-88c2a69be279,btl_7348de9b-8814-47b8-ab36-34399aa7151f,2dd7fd1c-90d3-4f02-89db-9b86e8f5d7a8,anon_a9445e2d-8170-40b8-bfa3-9fdf5b9366fb,2026-02-05T10:35:46.113430+00:00,2026-02-05 10:35:46.113430+00:00,left,patternCount,patternCount::lvl-92.txt,marioDiffusion,marioDiffusion::level_19.txt,LEFT,win,1.0,True,False,False,1,1,28.485,33,2,0,107,1555.0,8.0,35.86241553888545,467.50865899051735,95,1,0,0,0,0,0,0,0,0
v_d33ae755-c988-427c-8658-88c2a69be279,btl_7348de9b-8814-47b8-ab36-34399aa7151f,2dd7fd1c-90d3-4f02-89db-9b86e8f5d7a8,anon_a9445e2d-8170-40b8-bfa3-9fdf5b9366fb,2026-02-05T10:35:46.113430+00:00,2026-02-05 10:35:46.113430+00:00,right,marioDiffusion,marioDiffusion::level_19.txt,patternCount,patternCount::lvl-92.txt,LEFT,loss,0.0,True,False,False,1,1,0.712,0,0,0,3,8.0,8.0,75.07477753694793,0.0,1,1,0,0,0,0,0,0,0,0
v_34f71dd2-b955-4319-86d2-ec70258bd4dd,btl_3fd16f51-99b4-4d59-bf61-3b5eeb6a9711,b8372c0d-837a-4f4f-bdf1-37c7accefad5,anon_a9445e2d-8170-40b8-bfa3-9fdf5b9366fb,2026-02-02T20:04:03.221434+00:00,2026-02-02 20:04:03.221434+00:00,left,patternOccur,patternOccur::lvl-52.txt,hopper,hopper::lvl-1.txt,LEFT,win,1.0,True,False,False,1,1,3.341,4,0,0,13,328.0,8.0,43.370701533169715,108.218713450255,12,1,0,0,0,0,0,0,0,0
v_34f71dd2-b955-4319-86d2-ec70258bd4dd,btl_3fd16f51-99b4-4d59-bf61-3b5eeb6a9711,b8372c0d-837a-4f4f-bdf1-37c7accefad5,anon_a9445e2d-8170-40b8-bfa3-9fdf5b9366fb,2026-02-02T20:04:03.221434+00:00,2026-02-02 20:04:03.221434+00:00,right,hopper,hopper::lvl-1.txt,patternOccur,patternOccur::lvl-52.txt,LEFT,loss,0.0,True,False,False,1,1,1.268,0,0,0,5,95.0,8.0,0.0,33.60595185380114,1,1,0,0,0,0,0,0,0,0
v_cf970ded-31b0-47db-8522-e26f3bdd523b,btl_e5aa53b7-9bb5-4a4c-9c65-fd369604ea91,53fe8488-e339-497e-acfc-0cf7aec313ea,anon_a9445e2d-8170-40b8-bfa3-9fdf5b9366fb,2026-02-02T20:03:45.501015+00:00,2026-02-02 20:03:45.501015+00:00,left,original,original::lvl-12.txt,mariodpo,mariodpo::mariodpo_nintendo_0061.txt,RIGHT,loss,0.0,True,False,False,1,1,4.279,5,0,0,17,485.0,8.0,59.2266189102776,145.9486329508009,11,1,0,0,0,0,0,0,0,0
v_cf970ded-31b0-47db-8522-e26f3bdd523b,btl_e5aa53b7-9bb5-4a4c-9c65-fd369604ea91,53fe8488-e339-497e-acfc-0cf7aec313ea,anon_a9445e2d-8170-40b8-bfa3-9fdf5b9366fb,2026-02-02T20:03:45.501015+00:00,2026-02-02 20:03:45.501015+00:00,right,mariodpo,mariodpo::mariodpo_nintendo_0061.txt,original,original::lvl-12.txt,RIGHT,win,1.0,True,False,False,1,1,24.873,21,0,0,94,2243.0,17.0,40.187818727892285,559.8289652640117,51,1,0,0,0,0,0,0,0,0
v_6e90f4ba-f0ae-4251-97dd-709925d28975,btl_cf667d98-5155-49ba-96ad-0139bb5819b4,53fe8488-e339-497e-acfc-0cf7aec313ea,anon_a9445e2d-8170-40b8-bfa3-9fdf5b9366fb,2026-02-02T20:03:09.302278+00:00,2026-02-02 20:03:09.302278+00:00,left,ore,ore::lvl-26.txt,marioDiffusion,marioDiffusion::level_91.txt,TIE,tie,0.5,True,False,False,1,1,1.437,1,1,0,6,110.0,8.0,16.986923074987875,40.69397989875161,4,1,0,0,0,0,0,0,0,0
v_6e90f4ba-f0ae-4251-97dd-709925d28975,btl_cf667d98-5155-49ba-96ad-0139bb5819b4,53fe8488-e339-497e-acfc-0cf7aec313ea,anon_a9445e2d-8170-40b8-bfa3-9fdf5b9366fb,2026-02-02T20:03:09.302278+00:00,2026-02-02 20:03:09.302278+00:00,right,marioDiffusion,marioDiffusion::level_91.txt,ore,ore::lvl-26.txt,TIE,tie,0.5,True,False,False,1,1,11.776,11,0,0,45,1433.0,8.0,58.87813738331397,445.3056788929611,22,1,0,0,0,0,0,0,0,0
v_d1c5f9a2-7fec-43ad-80c8-219422a1131a,btl_65ad46cd-04d5-47f1-9a69-ada813021157,53fe8488-e339-497e-acfc-0cf7aec313ea,anon_a9445e2d-8170-40b8-bfa3-9fdf5b9366fb,2026-02-02T20:02:52.286049+00:00,2026-02-02 20:02:52.286049+00:00,left,patternWeightCount,patternWeightCount::lvl-18.txt,notchParam,notchParam::lvl-37.txt,LEFT,win,1.0,True,False,False,1,1,0.716,0,0,0,3,8.0,8.0,75.07477753694793,0.0,8,1,0,0,0,0,0,0,0,0
v_d1c5f9a2-7fec-43ad-80c8-219422a1131a,btl_65ad46cd-04d5-47f1-9a69-ada813021157,53fe8488-e339-497e-acfc-0cf7aec313ea,anon_a9445e2d-8170-40b8-bfa3-9fdf5b9366fb,2026-02-02T20:02:52.286049+00:00,2026-02-02 20:02:52.286049+00:00,right,notchParam,notchParam::lvl-37.txt,patternWeightCount,patternWeightCount::lvl-18.txt,LEFT,loss,0.0,True,False,False,1,1,3.674,0,0,0,14,787.0,8.0,7.917946548886294,260.9813895937519,2,1,0,0,0,0,0,0,0,0
v_647127b3-2ebe-4ebc-99d7-d5ec02c14444,btl_d9153d39-7b47-4797-95fc-5b53ca47b552,afc16307-b27a-45b1-813a-61d57186d0d7,anon_a9445e2d-8170-40b8-bfa3-9fdf5b9366fb,2026-02-02T20:02:35.524356+00:00,2026-02-02 20:02:35.524356+00:00,left,notch,notch::lvl-52.txt,mariodpo,mariodpo::mariodpo_nintendo_0063.txt,RIGHT,loss,0.0,True,False,False,1,1,2.502,1,0,0,10,487.0,8.0,25.819566224086724,170.0914165970758,3,1,0,0,0,0,0,0,0,0
v_647127b3-2ebe-4ebc-99d7-d5ec02c14444,btl_d9153d39-7b47-4797-95fc-5b53ca47b552,afc16307-b27a-45b1-813a-61d57186d0d7,anon_a9445e2d-8170-40b8-bfa3-9fdf5b9366fb,2026-02-02T20:02:35.524356+00:00,2026-02-02 20:02:35.524356+00:00,right,mariodpo,mariodpo::mariodpo_nintendo_0063.txt,notch,notch::lvl-52.txt,RIGHT,win,1.0,True,False,False,1,1,6.181,6,0,0,24,875.0,40.0,30.21071829665756,283.9833200060642,14,1,0,0,0,0,0,0,0,0
v_517d3478-bd66-40ed-982e-7ef65fa382dc,btl_b4352b58-fc73-4b9d-bb72-7091958e933a,afc16307-b27a-45b1-813a-61d57186d0d7,anon_a9445e2d-8170-40b8-bfa3-9fdf5b9366fb,2026-02-02T20:02:23.032012+00:00,2026-02-02 20:02:23.032012+00:00,left,ore,ore::lvl-4.txt,patternOccur,patternOccur::lvl-80.txt,LEFT,win,1.0,True,False,False,1,1,25.414,27,0,1,96,2290.0,1.0,56.767373747798324,711.3930994373528,58,1,0,0,0,0,0,0,0,0
v_517d3478-bd66-40ed-982e-7ef65fa382dc,btl_b4352b58-fc73-4b9d-bb72-7091958e933a,afc16307-b27a-45b1-813a-61d57186d0d7,anon_a9445e2d-8170-40b8-bfa3-9fdf5b9366fb,2026-02-02T20:02:23.032012+00:00,2026-02-02 20:02:23.032012+00:00,right,patternOccur,patternOccur::lvl-80.txt,ore,ore::lvl-4.txt,LEFT,loss,0.0,True,False,False,1,1,6.581,8,0,0,25,706.0,0.0,40.29979652554092,271.6312029204303,25,1,0,0,0,0,0,0,0,0
v_ce24123e-5776-4f99-be4b-1e5556ae9578,btl_326be1e2-aa5a-4f9a-8330-6e782e5ee869,afc16307-b27a-45b1-813a-61d57186d0d7,anon_a9445e2d-8170-40b8-bfa3-9fdf5b9366fb,2026-02-02T20:01:47.841840+00:00,2026-02-02 20:01:47.841840+00:00,left,marioDiffusion,marioDiffusion::level_18.txt,patternOccur,patternOccur::lvl-4.txt,RIGHT,loss,0.0,True,False,False,1,1,0.704,0,0,0,3,8.0,8.0,75.07477753694793,0.0,1,1,0,0,0,0,0,0,0,0
v_ce24123e-5776-4f99-be4b-1e5556ae9578,btl_326be1e2-aa5a-4f9a-8330-6e782e5ee869,afc16307-b27a-45b1-813a-61d57186d0d7,anon_a9445e2d-8170-40b8-bfa3-9fdf5b9366fb,2026-02-02T20:01:47.841840+00:00,2026-02-02 20:01:47.841840+00:00,right,patternOccur,patternOccur::lvl-4.txt,marioDiffusion,marioDiffusion::level_18.txt,RIGHT,win,1.0,True,False,False,1,1,2.505,1,0,0,10,75.0,8.0,19.98024023879593,20.971409108593537,6,1,0,0,0,0,0,0,0,0
v_ee5b0b07-edeb-492a-aed7-da62b91e0467,btl_6fd78947-3202-47a9-af63-ab4d8d32f1b5,afc16307-b27a-45b1-813a-61d57186d0d7,anon_a9445e2d-8170-40b8-bfa3-9fdf5b9366fb,2026-02-02T20:01:42.497595+00:00,2026-02-02 20:01:42.497595+00:00,left,mariogpt,mariogpt::level_066.txt,notchParam,notchParam::lvl-23.txt,LEFT,win,1.0,True,False,True,0,0,29.113,31,7,2,108,2383.0,8.0,41.580382883527435,693.8284326454112,74,0,0,0,0,0,0,0,0,0
v_ee5b0b07-edeb-492a-aed7-da62b91e0467,btl_6fd78947-3202-47a9-af63-ab4d8d32f1b5,afc16307-b27a-45b1-813a-61d57186d0d7,anon_a9445e2d-8170-40b8-bfa3-9fdf5b9366fb,2026-02-02T20:01:42.497595+00:00,2026-02-02 20:01:42.497595+00:00,right,notchParam,notchParam::lvl-23.txt,mariogpt,mariogpt::level_066.txt,LEFT,loss,0.0,True,False,False,1,1,2.505,1,0,0,10,476.0,8.0,19.81136037731887,166.169913040839,3,1,0,0,0,0,0,0,0,0
v_e1545076-a7a8-4553-9045-f3b92a40c030,btl_ec9711a7-84f3-4762-ba9a-6c0612c24af8,afc16307-b27a-45b1-813a-61d57186d0d7,anon_a9445e2d-8170-40b8-bfa3-9fdf5b9366fb,2026-02-02T20:01:08.433147+00:00,2026-02-02 20:01:08.433147+00:00,left,patternCount,patternCount::lvl-30.txt,mariogan,mariogan::level_40.txt,RIGHT,loss,0.0,True,False,False,1,1,12.745,15,1,0,48,1001.0,8.0,36.01310886908636,313.99575092224137,50,1,0,0,0,0,0,0,0,0
v_e1545076-a7a8-4553-9045-f3b92a40c030,btl_ec9711a7-84f3-4762-ba9a-6c0612c24af8,afc16307-b27a-45b1-813a-61d57186d0d7,anon_a9445e2d-8170-40b8-bfa3-9fdf5b9366fb,2026-02-02T20:01:08.433147+00:00,2026-02-02 20:01:08.433147+00:00,right,mariogan,mariogan::level_40.txt,patternCount,patternCount::lvl-30.txt,RIGHT,win,1.0,True,False,True,0,0,15.951,20,0,0,60,2588.0,8.0,52.98159009400235,723.9634219965045,40,0,0,0,0,0,0,0,0,0
v_36072a7a-e75d-411a-977d-50e5ef744574,btl_3bc67cfc-baa8-4bd9-bb83-6d3fe132dbb1,afc16307-b27a-45b1-813a-61d57186d0d7,anon_a9445e2d-8170-40b8-bfa3-9fdf5b9366fb,2026-02-02T20:00:35.748979+00:00,2026-02-02 20:00:35.748979+00:00,left,mariogan,mariogan::level_46.txt,mariogpt,mariogpt::level_029.txt,RIGHT,loss,0.0,True,False,True,0,0,18.18,21,0,1,69,2656.0,8.0,34.69698398034753,766.7270527710338,43,0,0,0,0,0,0,0,0,0
v_36072a7a-e75d-411a-977d-50e5ef744574,btl_3bc67cfc-baa8-4bd9-bb83-6d3fe132dbb1,afc16307-b27a-45b1-813a-61d57186d0d7,anon_a9445e2d-8170-40b8-bfa3-9fdf5b9366fb,2026-02-02T20:00:35.748979+00:00,2026-02-02 20:00:35.748979+00:00,right,mariogpt,mariogpt::level_029.txt,mariogan,mariogan::level_46.txt,RIGHT,win,1.0,True,False,False,1,1,14.617,11,8,0,55,841.0,8.0,37.81653842583159,257.87559047976845,34,1,0,0,0,0,0,0,0,0
v_69fb9048-fe79-4fb9-a409-40f51c574548,btl_da3c817b-516f-483a-8f65-65abf900e800,afc16307-b27a-45b1-813a-61d57186d0d7,anon_a9445e2d-8170-40b8-bfa3-9fdf5b9366fb,2026-02-02T19:59:57.327901+00:00,2026-02-02 19:59:57.327901+00:00,left,notch,notch::lvl-65.txt,notchParamRand,notchParamRand::lvl-37.txt,LEFT,win,1.0,True,False,False,1,1,5.977,5,0,0,23,1003.0,8.0,36.109683780946135,339.97695907695515,11,1,0,0,0,0,0,0,0,0
v_69fb9048-fe79-4fb9-a409-40f51c574548,btl_da3c817b-516f-483a-8f65-65abf900e800,afc16307-b27a-45b1-813a-61d57186d0d7,anon_a9445e2d-8170-40b8-bfa3-9fdf5b9366fb,2026-02-02T19:59:57.327901+00:00,2026-02-02 19:59:57.327901+00:00,right,notchParamRand,notchParamRand::lvl-37.txt,notch,notch::lvl-65.txt,LEFT,loss,0.0,True,False,False,1,1,1.803,1,0,0,7,229.0,8.0,0.0,80.35101563941625,3,1,0,0,0,0,0,0,0,0
v_592853dd-7071-482a-90c6-e3d8e5dea861,btl_1471071a-8032-4988-80cf-0a20e8415184,afc16307-b27a-45b1-813a-61d57186d0d7,anon_a9445e2d-8170-40b8-bfa3-9fdf5b9366fb,2026-02-02T19:59:47.934685+00:00,2026-02-02 19:59:47.934685+00:00,left,mariodpo,mariodpo::mariodpo_nintendo_0129.txt,notchParamRand,notchParamRand::lvl-40.txt,LEFT,win,1.0,True,False,False,1,1,5.11,5,0,0,20,739.0,40.0,26.2175513730783,220.93112048781177,11,1,0,0,0,0,0,0,0,0
v_592853dd-7071-482a-90c6-e3d8e5dea861,btl_1471071a-8032-4988-80cf-0a20e8415184,afc16307-b27a-45b1-813a-61d57186d0d7,anon_a9445e2d-8170-40b8-bfa3-9fdf5b9366fb,2026-02-02T19:59:47.934685+00:00,2026-02-02 19:59:47.934685+00:00,right,notchParamRand,notchParamRand::lvl-40.txt,mariodpo,mariodpo::mariodpo_nintendo_0129.txt,LEFT,loss,0.0,True,False,False,1,1,2.806,2,0,0,11,509.0,8.0,18.040816898914674,176.63474944286529,6,1,0,0,0,0,0,0,0,0
v_0859d907-3883-4fcd-b2d3-c74f524de877,btl_c37f4043-e89e-4309-a5a2-7df4aa3efb27,afc16307-b27a-45b1-813a-61d57186d0d7,anon_a9445e2d-8170-40b8-bfa3-9fdf5b9366fb,2026-02-02T19:59:38.309068+00:00,2026-02-02 19:59:38.309068+00:00,left,hopper,hopper::lvl-39.txt,ore,ore::lvl-58.txt,RIGHT,loss,0.0,True,False,False,1,1,2.512,2,0,0,10,476.0,8.0,24.71113109511582,166.169913040839,6,1,0,0,0,0,0,0,0,0
v_0859d907-3883-4fcd-b2d3-c74f524de877,btl_c37f4043-e89e-4309-a5a2-7df4aa3efb27,afc16307-b27a-45b1-813a-61d57186d0d7,anon_a9445e2d-8170-40b8-bfa3-9fdf5b9366fb,2026-02-02T19:59:38.309068+00:00,2026-02-02 19:59:38.309068+00:00,right,ore,ore::lvl-58.txt,hopper,hopper::lvl-39.txt,RIGHT,win,1.0,True,False,False,1,1,8.67,10,0,0,33,505.0,1.0,41.2569720295471,157.2493414037109,22,1,0,0,0,0,0,0,0,0
v_a5d82e4e-bdc1-46d4-9f7d-e802cdd48ef2,btl_b5818923-0b71-41bc-a45b-e9545df24f2c,afc16307-b27a-45b1-813a-61d57186d0d7,anon_a9445e2d-8170-40b8-bfa3-9fdf5b9366fb,2026-02-02T19:59:24.969650+00:00,2026-02-02 19:59:24.969650+00:00,left,hopper,hopper::lvl-86.txt,patternWeightCount,patternWeightCount::lvl-32.txt,LEFT,win,1.0,True,False,False,1,1,5.984,5,0,1,23,1600.0,8.0,34.56797910760942,528.851639602994,15,1,0,0,0,0,0,0,0,0
v_a5d82e4e-bdc1-46d4-9f7d-e802cdd48ef2,btl_b5818923-0b71-41bc-a45b-e9545df24f2c,afc16307-b27a-45b1-813a-61d57186d0d7,anon_a9445e2d-8170-40b8-bfa3-9fdf5b9366fb,2026-02-02T19:59:24.969650+00:00,2026-02-02 19:59:24.969650+00:00,right,patternWeightCount,patternWeightCount::lvl-32.txt,hopper,hopper::lvl-86.txt,LEFT,loss,0.0,True,False,False,1,1,7.282,9,1,0,27,597.0,8.0,63.818823631097,165.67683849836953,24,1,0,0,0,0,0,0,0,0
v_20f2d072-7170-4014-a0b1-c7ac8d4eb6a8,btl_512f5a05-4395-46a3-b857-4e624bca0a38,afc16307-b27a-45b1-813a-61d57186d0d7,anon_a9445e2d-8170-40b8-bfa3-9fdf5b9366fb,2026-02-02T19:59:09.609262+00:00,2026-02-02 19:59:09.609262+00:00,left,original,original::lvl-2.txt,mariodpo,mariodpo::mariodpo_nintendo_0000.txt,LEFT,win,1.0,True,False,False,1,1,17.881,13,6,3,68,1529.0,56.0,38.486010580217624,369.51829205885053,38,1,0,0,0,0,0,0,0,0
v_20f2d072-7170-4014-a0b1-c7ac8d4eb6a8,btl_512f5a05-4395-46a3-b857-4e624bca0a38,afc16307-b27a-45b1-813a-61d57186d0d7,anon_a9445e2d-8170-40b8-bfa3-9fdf5b9366fb,2026-02-02T19:59:09.609262+00:00,2026-02-02 19:59:09.609262+00:00,right,mariodpo,mariodpo::mariodpo_nintendo_0000.txt,original,original::lvl-2.txt,LEFT,loss,0.0,True,False,False,1,1,26.478,29,0,5,99,2173.0,16.0,50.63986249893285,648.8929733068933,74,1,0,0,0,0,0,0,0,0
v_11d087ad-68fc-4001-a6ed-c4047966102f,btl_69774228-61de-4135-8458-ff8e041db59f,afc16307-b27a-45b1-813a-61d57186d0d7,anon_a9445e2d-8170-40b8-bfa3-9fdf5b9366fb,2026-02-02T19:58:17.887713+00:00,2026-02-02 19:58:17.887713+00:00,left,patternCount,patternCount::lvl-16.txt,mariogan,mariogan::level_16.txt,LEFT,win,1.0,True,False,False,1,1,2.112,2,0,0,9,208.0,8.0,49.21181229273925,73.41275160873234,12,1,0,0,0,0,0,0,0,0
v_11d087ad-68fc-4001-a6ed-c4047966102f,btl_69774228-61de-4135-8458-ff8e041db59f,afc16307-b27a-45b1-813a-61d57186d0d7,anon_a9445e2d-8170-40b8-bfa3-9fdf5b9366fb,2026-02-02T19:58:17.887713+00:00,2026-02-02 19:58:17.887713+00:00,right,mariogan,mariogan::level_16.txt,patternCount,patternCount::lvl-16.txt,LEFT,loss,0.0,True,False,False,1,1,18.307,20,0,1,69,1800.0,8.0,53.657944083267076,542.6049648391498,42,1,1,0,0,0,0,0,1,0
v_40c79369-78ea-4520-a11b-2adc868aee6e,btl_a8226e43-a178-41f4-b25d-cec02dcb5d98,afc16307-b27a-45b1-813a-61d57186d0d7,anon_a9445e2d-8170-40b8-bfa3-9fdf5b9366fb,2026-02-02T19:57:53.535479+00:00,2026-02-02 19:57:53.535479+00:00,left,patternCount,patternCount::lvl-2.txt,patternWeightCount,patternWeightCount::lvl-79.txt,RIGHT,loss,0.0,True,False,False,1,1,1.949,1,0,0,8,104.0,8.0,26.610324594036804,33.80828300875393,11,1,0,0,0,0,0,0,0,0
v_40c79369-78ea-4520-a11b-2adc868aee6e,btl_a8226e43-a178-41f4-b25d-cec02dcb5d98,afc16307-b27a-45b1-813a-61d57186d0d7,anon_a9445e2d-8170-40b8-bfa3-9fdf5b9366fb,2026-02-02T19:57:53.535479+00:00,2026-02-02 19:57:53.535479+00:00,right,patternWeightCount,patternWeightCount::lvl-79.txt,patternCount,patternCount::lvl-2.txt,RIGHT,win,1.0,True,False,False,1,1,7.934,10,1,0,30,667.0,8.0,43.17324274233856,195.05670115806498,27,1,0,0,0,0,0,0,0,0
v_f2fe9e80-17be-419a-8fe5-df9160a8d8de,btl_b4c84152-64da-4692-8a85-0f7353ee9002,afc16307-b27a-45b1-813a-61d57186d0d7,anon_a9445e2d-8170-40b8-bfa3-9fdf5b9366fb,2026-02-02T19:57:41.331152+00:00,2026-02-02 19:57:41.331152+00:00,left,notchParamRand,notchParamRand::lvl-13.txt,patternWeightCount,patternWeightCount::lvl-2.txt,LEFT,win,1.0,True,False,False,1,1,2.413,1,0,0,10,488.0,8.0,25.93761746961351,172.02488192119185,3,1,0,0,0,0,0,0,0,0
v_f2fe9e80-17be-419a-8fe5-df9160a8d8de,btl_b4c84152-64da-4692-8a85-0f7353ee9002,afc16307-b27a-45b1-813a-61d57186d0d7,anon_a9445e2d-8170-40b8-bfa3-9fdf5b9366fb,2026-02-02T19:57:41.331152+00:00,2026-02-02 19:57:41.331152+00:00,right,patternWeightCount,patternWeightCount::lvl-2.txt,notchParamRand,notchParamRand::lvl-13.txt,LEFT,loss,0.0,True,False,False,1,1,2.137,2,0,0,9,158.0,8.0,48.974924296792366,58.499762582614146,7,1,0,0,0,0,0,0,0,0
v_bd04a24f-9403-4bcb-b4c7-44588c619054,btl_8c011b18-ba2f-4316-ad47-785e97f7d7d6,afc16307-b27a-45b1-813a-61d57186d0d7,anon_a9445e2d-8170-40b8-bfa3-9fdf5b9366fb,2026-02-02T19:57:33.683804+00:00,2026-02-02 19:57:33.683804+00:00,left,patternCount,patternCount::lvl-16.txt,patternWeightCount,patternWeightCount::lvl-62.txt,RIGHT,loss,0.0,True,False,False,1,1,9.371,10,0,0,36,866.0,8.0,34.05400349916273,297.4736047529114,42,1,0,0,0,0,0,0,0,0
v_bd04a24f-9403-4bcb-b4c7-44588c619054,btl_8c011b18-ba2f-4316-ad47-785e97f7d7d6,afc16307-b27a-45b1-813a-61d57186d0d7,anon_a9445e2d-8170-40b8-bfa3-9fdf5b9366fb,2026-02-02T19:57:33.683804+00:00,2026-02-02 19:57:33.683804+00:00,right,patternWeightCount,patternWeightCount::lvl-62.txt,patternCount,patternCount::lvl-16.txt,RIGHT,win,1.0,True,False,False,1,1,2.873,3,0,0,11,356.0,8.0,40.96521402764276,114.16770323874401,8,1,0,0,0,0,0,0,0,0
v_daabc048-f9ef-408a-8ec5-672ad42206b6,btl_052fa1f2-0e79-44b8-b10b-20d934003672,afc16307-b27a-45b1-813a-61d57186d0d7,anon_a9445e2d-8170-40b8-bfa3-9fdf5b9366fb,2026-02-02T19:57:17.831503+00:00,2026-02-02 19:57:17.831503+00:00,left,marioDiffusion,marioDiffusion::level_63.txt,mariodpo,mariodpo::mariodpo_nintendo_0148.txt,RIGHT,loss,0.0,True,False,False,1,1,19.521,15,0,0,74,2228.0,8.0,38.16683466150801,670.5566319681031,31,1,0,0,0,0,0,0,0,0
v_daabc048-f9ef-408a-8ec5-672ad42206b6,btl_052fa1f2-0e79-44b8-b10b-20d934003672,afc16307-b27a-45b1-813a-61d57186d0d7,anon_a9445e2d-8170-40b8-bfa3-9fdf5b9366fb,2026-02-02T19:57:17.831503+00:00,2026-02-02 19:57:17.831503+00:00,right,mariodpo,mariodpo::mariodpo_nintendo_0148.txt,marioDiffusion,marioDiffusion::level_63.txt,RIGHT,win,1.0,True,False,False,1,1,26.479,12,12,2,100,1740.0,40.0,60.27856916019159,539.6344988971703,43,1,0,0,0,0,0,0,0,0
v_b8f477e9-ab34-4354-9a4a-9ca7635e08ab,btl_cfd4e593-e80d-4c7d-92bd-10a519852179,afc16307-b27a-45b1-813a-61d57186d0d7,anon_a9445e2d-8170-40b8-bfa3-9fdf5b9366fb,2026-02-02T19:56:28.327456+00:00,2026-02-02 19:56:28.327456+00:00,left,original,original::lvl-13.txt,patternCount,patternCount::lvl-37.txt,TIE,tie,0.5,True,False,False,1,1,4.439,4,0,0,17,373.0,24.0,37.3914114076859,121.39460663073604,9,1,0,0,0,0,0,0,0,0
v_b8f477e9-ab34-4354-9a4a-9ca7635e08ab,btl_cfd4e593-e80d-4c7d-92bd-10a519852179,afc16307-b27a-45b1-813a-61d57186d0d7,anon_a9445e2d-8170-40b8-bfa3-9fdf5b9366fb,2026-02-02T19:56:28.327456+00:00,2026-02-02 19:56:28.327456+00:00,right,patternCount,patternCount::lvl-37.txt,original,original::lvl-13.txt,TIE,tie,0.5,True,False,False,1,1,8.318,9,0,0,32,787.0,8.0,34.697000388181976,238.59551407337378,46,1,0,0,0,0,0,0,0,0
v_ba400a4b-9f0f-4e51-bf3e-3b1f10bf0345,btl_09264388-181e-4545-a63a-c7d345d4e318,afc16307-b27a-45b1-813a-61d57186d0d7,anon_a9445e2d-8170-40b8-bfa3-9fdf5b9366fb,2026-02-02T19:56:08.329331+00:00,2026-02-02 19:56:08.329331+00:00,left,notchParam,notchParam::lvl-47.txt,genetic,genetic::lvl-52.txt,RIGHT,loss,0.0,True,False,False,1,1,7.016,4,0,0,27,1971.0,8.0,25.43244635984444,640.088595548219,9,1,0,0,0,0,0,0,0,0
v_ba400a4b-9f0f-4e51-bf3e-3b1f10bf0345,btl_09264388-181e-4545-a63a-c7d345d4e318,afc16307-b27a-45b1-813a-61d57186d0d7,anon_a9445e2d-8170-40b8-bfa3-9fdf5b9366fb,2026-02-02T19:56:08.329331+00:00,2026-02-02 19:56:08.329331+00:00,right,genetic,genetic::lvl-52.txt,notchParam,notchParam::lvl-47.txt,RIGHT,win,1.0,True,False,False,1,1,3.809,4,0,0,15,600.0,8.0,32.76271593680163,213.51883601531117,9,1,0,0,0,0,0,0,0,0
v_b377eb6b-7e9d-474d-8953-818fc6ea6c36,btl_0fcf52a5-a93a-4b01-9dc5-8f9734a02cb2,afc16307-b27a-45b1-813a-61d57186d0d7,anon_a9445e2d-8170-40b8-bfa3-9fdf5b9366fb,2026-02-02T19:55:55.778949+00:00,2026-02-02 19:55:55.778949+00:00,left,hopper,hopper::lvl-77.txt,notchParamRand,notchParamRand::lvl-4.txt,RIGHT,loss,0.0,True,False,False,1,1,3.506,4,0,0,14,792.0,8.0,23.063355509269222,272.7820857874113,10,1,0,0,0,0,0,0,0,0
v_b377eb6b-7e9d-474d-8953-818fc6ea6c36,btl_0fcf52a5-a93a-4b01-9dc5-8f9734a02cb2,afc16307-b27a-45b1-813a-61d57186d0d7,anon_a9445e2d-8170-40b8-bfa3-9fdf5b9366fb,2026-02-02T19:55:55.778949+00:00,2026-02-02 19:55:55.778949+00:00,right,notchParamRand,notchParamRand::lvl-4.txt,hopper,hopper::lvl-77.txt,RIGHT,win,1.0,True,False,False,1,1,5.645,5,0,0,22,1015.0,8.0,32.45581866613838,305.54837574000516,10,1,0,0,0,0,0,0,0,0
v_951b299c-3726-4800-b316-c55c82f74264,btl_6ec25025-35a8-4b72-9d18-58abce42508c,afc16307-b27a-45b1-813a-61d57186d0d7,anon_a9445e2d-8170-40b8-bfa3-9fdf5b9366fb,2026-02-02T19:55:44.762946+00:00,2026-02-02 19:55:44.762946+00:00,left,ore,ore::lvl-33.txt,mariodpo,mariodpo::mariodpo_nintendo_0089.txt,RIGHT,loss,0.0,True,False,False,1,1,2.607,2,0,0,10,325.0,8.0,15.818975946628152,107.63033958879811,7,1,0,0,0,0,0,0,0,0
v_951b299c-3726-4800-b316-c55c82f74264,btl_6ec25025-35a8-4b72-9d18-58abce42508c,afc16307-b27a-45b1-813a-61d57186d0d7,anon_a9445e2d-8170-40b8-bfa3-9fdf5b9366fb,2026-02-02T19:55:44.762946+00:00,2026-02-02 19:55:44.762946+00:00,right,mariodpo,mariodpo::mariodpo_nintendo_0089.txt,ore,ore::lvl-33.txt,RIGHT,win,1.0,True,False,True,0,0,32.294,31,0,8,122,2788.0,40.0,36.02486525193837,797.66118098347,82,0,0,0,0,0,0,0,0,0
v_8208a1a2-0b62-4e3f-becf-69e580b8c5ee,btl_23e1d981-a3c9-4a6e-b3cd-c2fba05a34f9,afc16307-b27a-45b1-813a-61d57186d0d7,anon_a9445e2d-8170-40b8-bfa3-9fdf5b9366fb,2026-02-02T19:55:04.002749+00:00,2026-02-02 19:55:04.002749+00:00,left,original,original::lvl-3.txt,mariodpo,mariodpo::mariodpo_nintendo_0065.txt,TIE,tie,0.5,True,False,True,0,0,21.203,21,5,4,80,2299.0,8.0,57.24303451075948,675.5475182213314,52,0,0,0,0,0,0,0,0,0
v_8208a1a2-0b62-4e3f-becf-69e580b8c5ee,btl_23e1d981-a3c9-4a6e-b3cd-c2fba05a34f9,afc16307-b27a-45b1-813a-61d57186d0d7,anon_a9445e2d-8170-40b8-bfa3-9fdf5b9366fb,2026-02-02T19:55:04.002749+00:00,2026-02-02 19:55:04.002749+00:00,right,mariodpo,mariodpo::mariodpo_nintendo_0065.txt,original,original::lvl-3.txt,TIE,tie,0.5,True,False,True,0,0,36.034,30,1,2,136,2953.0,40.0,44.807584950738494,904.1850838593293,70,0,0,0,0,0,0,0,0,0
v_ea0eee19-3cce-4796-af5c-e07515ccd181,btl_e53c2c47-5f1b-4b13-a845-bbb2b30438b1,afc16307-b27a-45b1-813a-61d57186d0d7,anon_a9445e2d-8170-40b8-bfa3-9fdf5b9366fb,2026-02-02T19:54:02.870993+00:00,2026-02-02 19:54:02.870993+00:00,left,patternCount,patternCount::lvl-82.txt,patternWeightCount,patternWeightCount::lvl-46.txt,TIE,tie,0.5,True,False,False,1,1,3.216,2,0,0,13,300.0,8.0,37.39221195373308,93.5369433075168,11,1,0,0,0,0,0,0,0,0
v_ea0eee19-3cce-4796-af5c-e07515ccd181,btl_e53c2c47-5f1b-4b13-a845-bbb2b30438b1,afc16307-b27a-45b1-813a-61d57186d0d7,anon_a9445e2d-8170-40b8-bfa3-9fdf5b9366fb,2026-02-02T19:54:02.870993+00:00,2026-02-02 19:54:02.870993+00:00,right,patternWeightCount,patternWeightCount::lvl-46.txt,patternCount,patternCount::lvl-82.txt,TIE,tie,0.5,True,False,False,1,1,4.944,4,0,0,19,347.0,8.0,38.21320854729716,104.51542318820954,12,1,0,0,0,0,0,0,0,0
v_04fae118-d9ed-4c9d-9d6d-33291b566a5f,btl_680ce0fc-f0ea-4ae6-aa94-32a6d54aacfd,afc16307-b27a-45b1-813a-61d57186d0d7,anon_a9445e2d-8170-40b8-bfa3-9fdf5b9366fb,2026-02-02T19:53:52.229884+00:00,2026-02-02 19:53:52.229884+00:00,left,patternWeightCount,patternWeightCount::lvl-18.txt,mariogan,mariogan::level_85.txt,RIGHT,loss,0.0,True,False,False,1,1,0.707,0,0,0,3,8.0,8.0,75.07477753694793,0.0,8,1,0,0,0,0,0,0,0,0
v_04fae118-d9ed-4c9d-9d6d-33291b566a5f,btl_680ce0fc-f0ea-4ae6-aa94-32a6d54aacfd,afc16307-b27a-45b1-813a-61d57186d0d7,anon_a9445e2d-8170-40b8-bfa3-9fdf5b9366fb,2026-02-02T19:53:52.229884+00:00,2026-02-02 19:53:52.229884+00:00,right,mariogan,mariogan::level_85.txt,patternWeightCount,patternWeightCount::lvl-18.txt,RIGHT,win,1.0,True,False,True,0,0,32.058,30,0,3,120,2670.0,0.0,53.036726661814264,758.110136384476,69,0,0,0,0,0,0,0,0,0
v_672f9c12-671d-4431-9a0e-5e140f973196,btl_3faff084-f369-4cae-8458-9e8ddd670721,afc16307-b27a-45b1-813a-61d57186d0d7,anon_a9445e2d-8170-40b8-bfa3-9fdf5b9366fb,2026-02-02T19:53:16.357186+00:00,2026-02-02 19:53:16.357186+00:00,left,original,original::lvl-5.txt,ore,ore::lvl-69.txt,LEFT,win,1.0,True,False,False,1,1,22.574,19,2,0,83,1620.0,24.0,45.954804964102735,477.09958279486455,57,1,0,0,0,0,0,0,0,0
v_672f9c12-671d-4431-9a0e-5e140f973196,btl_3faff084-f369-4cae-8458-9e8ddd670721,afc16307-b27a-45b1-813a-61d57186d0d7,anon_a9445e2d-8170-40b8-bfa3-9fdf5b9366fb,2026-02-02T19:53:16.357186+00:00,2026-02-02 19:53:16.357186+00:00,right,ore,ore::lvl-69.txt,original,original::lvl-5.txt,LEFT,loss,0.0,True,False,False,1,1,11.506,11,0,0,44,1371.0,8.0,69.10946222186251,449.173797903596,26,1,0,0,0,0,0,0,0,0
v_be4bf553-fa03-4567-952f-c61e81c50466,btl_45fd75b1-ec3a-4efc-a32c-68f5421a99bf,459da72c-c6ac-4c39-93e9-b2bdaa78464a,anon_0788b013-4f17-4685-9c1a-0f7bf32e4675,2026-02-02T19:44:53.506644+00:00,2026-02-02 19:44:53.506644+00:00,left,mariogpt,mariogpt::level_020.txt,hopper,hopper::lvl-64.txt,TIE,tie,0.5,True,False,False,1,1,38.671,32,16,0,146,1743.0,8.0,26.365585847751227,504.72128369680524,84,1,0,0,0,0,0,0,0,0
v_be4bf553-fa03-4567-952f-c61e81c50466,btl_45fd75b1-ec3a-4efc-a32c-68f5421a99bf,459da72c-c6ac-4c39-93e9-b2bdaa78464a,anon_0788b013-4f17-4685-9c1a-0f7bf32e4675,2026-02-02T19:44:53.506644+00:00,2026-02-02 19:44:53.506644+00:00,right,hopper,hopper::lvl-64.txt,mariogpt,mariogpt::level_020.txt,TIE,tie,0.5,True,False,False,1,1,5.073,4,0,0,20,466.0,8.0,26.16600848429122,156.43377991981143,9,1,0,0,0,0,0,0,0,0
v_080623c0-b41e-43b2-94b2-7f557382a105,btl_bbc68837-c948-49c7-a062-8b9793ca745d,459da72c-c6ac-4c39-93e9-b2bdaa78464a,anon_0788b013-4f17-4685-9c1a-0f7bf32e4675,2026-02-02T19:44:02.358217+00:00,2026-02-02 19:44:02.358217+00:00,left,marioDiffusion,marioDiffusion::level_38.txt,ore,ore::lvl-1.txt,RIGHT,loss,0.0,True,False,False,1,1,0.174,0,0,0,1,8.0,8.0,0.0,0.0,2,1,1,0,1,0,0,0,0,0
v_080623c0-b41e-43b2-94b2-7f557382a105,btl_bbc68837-c948-49c7-a062-8b9793ca745d,459da72c-c6ac-4c39-93e9-b2bdaa78464a,anon_0788b013-4f17-4685-9c1a-0f7bf32e4675,2026-02-02T19:44:02.358217+00:00,2026-02-02 19:44:02.358217+00:00,right,ore,ore::lvl-1.txt,marioDiffusion,marioDiffusion::level_38.txt,RIGHT,win,1.0,True,False,False,1,1,11.27,4,0,0,43,303.0,8.0,17.285500696910347,73.67774393482091,9,1,1,1,0,0,0,0,0,0
v_ffc1b91f-9922-4186-8db3-69b767c4b825,btl_be356e71-3ace-484d-b96f-d2732a53867b,fda54117-8753-4662-92fc-52f357bbea74,anon_a9445e2d-8170-40b8-bfa3-9fdf5b9366fb,2026-02-02T11:29:58.123303+00:00,2026-02-02 11:29:58.123303+00:00,left,hopper,hopper::lvl-88.txt,notch,notch::lvl-65.txt,RIGHT,loss,0.0,True,False,False,1,1,9.583,8,0,1,34,1423.0,8.0,27.98444018974766,447.8979354201504,28,1,1,0,0,1,0,0,0,0
v_ffc1b91f-9922-4186-8db3-69b767c4b825,btl_be356e71-3ace-484d-b96f-d2732a53867b,fda54117-8753-4662-92fc-52f357bbea74,anon_a9445e2d-8170-40b8-bfa3-9fdf5b9366fb,2026-02-02T11:29:58.123303+00:00,2026-02-02 11:29:58.123303+00:00,right,notch,notch::lvl-65.txt,hopper,hopper::lvl-88.txt,RIGHT,win,1.0,True,False,False,1,1,1.914,2,0,0,8,242.0,8.0,40.17695234833025,97.79442724409198,5,1,0,0,0,0,0,0,0,0
v_ecac3743-798e-401d-a698-25933e8e33e4,btl_bd836466-026b-41ec-97d3-2aab517a0255,07e1f069-7dae-4791-ae78-816ca492cc22,anon_cb82def5-3696-4db9-a70e-0c89ff994c8a,2026-02-01T18:44:24.063259+00:00,2026-02-01 18:44:24.063259+00:00,left,mariogpt,mariogpt::level_040.txt,mariodpo,mariodpo::mariodpo_nintendo_0066.txt,RIGHT,loss,0.0,True,False,False,1,1,5.034,4,0,0,20,554.0,8.0,26.776668948918946,175.8096911435772,11,1,0,0,0,0,0,0,0,0
v_ecac3743-798e-401d-a698-25933e8e33e4,btl_bd836466-026b-41ec-97d3-2aab517a0255,07e1f069-7dae-4791-ae78-816ca492cc22,anon_cb82def5-3696-4db9-a70e-0c89ff994c8a,2026-02-01T18:44:24.063259+00:00,2026-02-01 18:44:24.063259+00:00,right,mariodpo,mariodpo::mariodpo_nintendo_0066.txt,mariogpt,mariogpt::level_040.txt,RIGHT,win,1.0,True,False,False,1,1,1.916,2,0,0,8,202.0,40.0,30.18277654557314,69.22325747174861,4,1,0,0,0,0,0,0,0,0
v_c3905deb-5ae3-494a-aed0-23edac422bb9,btl_4c27eb47-3e36-4539-b155-9493f4bd6b9b,89eeb447-d1ef-4d4c-8abd-1a5cf78329d4,anon_376d7289-fc63-4549-9336-2b8703819566,2026-02-01T17:53:11.486155+00:00,2026-02-01 17:53:11.486155+00:00,left,notch,notch::lvl-86.txt,mariodpo,mariodpo::mariodpo_nintendo_0113.txt,RIGHT,loss,0.0,True,False,False,1,1,2.149,1,0,1,9,433.0,8.0,28.54020339585097,151.87275375567972,3,1,0,0,0,0,0,0,0,0
v_c3905deb-5ae3-494a-aed0-23edac422bb9,btl_4c27eb47-3e36-4539-b155-9493f4bd6b9b,89eeb447-d1ef-4d4c-8abd-1a5cf78329d4,anon_376d7289-fc63-4549-9336-2b8703819566,2026-02-01T17:53:11.486155+00:00,2026-02-01 17:53:11.486155+00:00,right,mariodpo,mariodpo::mariodpo_nintendo_0113.txt,notch,notch::lvl-86.txt,RIGHT,win,1.0,True,False,False,1,1,2.148,0,0,0,9,84.0,8.0,19.79898987322333,28.894443910359115,1,1,0,0,0,0,0,0,0,0
v_3592b12f-fb75-4d66-aa14-fa6540ea78bd,btl_9d8944d4-4fca-4552-a4cc-6d3514f95bf5,89eeb447-d1ef-4d4c-8abd-1a5cf78329d4,anon_376d7289-fc63-4549-9336-2b8703819566,2026-02-01T17:53:03.706147+00:00,2026-02-01 17:53:03.706147+00:00,left,mariogpt,mariogpt::level_076.txt,hopper,hopper::lvl-81.txt,LEFT,win,1.0,True,False,False,1,1,10.878,8,0,2,40,264.0,8.0,40.308187753854675,99.75650354738781,24,1,0,0,0,0,0,0,0,0
v_3592b12f-fb75-4d66-aa14-fa6540ea78bd,btl_9d8944d4-4fca-4552-a4cc-6d3514f95bf5,89eeb447-d1ef-4d4c-8abd-1a5cf78329d4,anon_376d7289-fc63-4549-9336-2b8703819566,2026-02-01T17:53:03.706147+00:00,2026-02-01 17:53:03.706147+00:00,right,hopper,hopper::lvl-81.txt,mariogpt,mariogpt::level_076.txt,LEFT,loss,0.0,True,False,False,1,1,3.449,3,0,0,14,912.0,8.0,31.382433666896244,307.8147551196787,8,1,0,0,0,0,0,0,0,0
v_abd02cfa-13cf-4959-8a23-82b686743491,btl_f53b2c3f-b0c0-47e2-b46f-bd6847546c74,89eeb447-d1ef-4d4c-8abd-1a5cf78329d4,anon_376d7289-fc63-4549-9336-2b8703819566,2026-02-01T17:52:47.775907+00:00,2026-02-01 17:52:47.775907+00:00,left,mariodpo,mariodpo::mariodpo_nintendo_0061.txt,notchParamRand,notchParamRand::lvl-50.txt,LEFT,win,1.0,True,False,True,0,0,35.882,34,5,0,135,3062.0,8.0,53.48856832085796,832.8097431333806,79,0,0,0,0,0,0,0,0,0
v_abd02cfa-13cf-4959-8a23-82b686743491,btl_f53b2c3f-b0c0-47e2-b46f-bd6847546c74,89eeb447-d1ef-4d4c-8abd-1a5cf78329d4,anon_376d7289-fc63-4549-9336-2b8703819566,2026-02-01T17:52:47.775907+00:00,2026-02-01 17:52:47.775907+00:00,right,notchParamRand,notchParamRand::lvl-50.txt,mariodpo,mariodpo::mariodpo_nintendo_0061.txt,LEFT,loss,0.0,True,False,False,1,1,3.016,3,0,0,12,507.0,8.0,32.41913015489465,186.43160422942123,6,1,0,0,0,0,0,0,0,0
v_a7810cb0-9f47-4735-aa5f-c0dad45e3f06,btl_8d8056ca-3e98-4b78-87b5-462f0f511a89,89eeb447-d1ef-4d4c-8abd-1a5cf78329d4,anon_376d7289-fc63-4549-9336-2b8703819566,2026-02-01T17:52:05.511326+00:00,2026-02-01 17:52:05.511326+00:00,left,mariogpt,mariogpt::level_053.txt,notch,notch::lvl-69.txt,TIE,tie,0.5,True,False,False,1,1,0.07,0,0,0,1,8.0,8.0,0.0,0.0,2,1,0,0,0,0,0,0,0,0
v_a7810cb0-9f47-4735-aa5f-c0dad45e3f06,btl_8d8056ca-3e98-4b78-87b5-462f0f511a89,89eeb447-d1ef-4d4c-8abd-1a5cf78329d4,anon_376d7289-fc63-4549-9336-2b8703819566,2026-02-01T17:52:05.511326+00:00,2026-02-01 17:52:05.511326+00:00,right,notch,notch::lvl-69.txt,mariogpt,mariogpt::level_053.txt,TIE,tie,0.5,True,False,False,1,1,4.948,4,0,0,19,880.0,8.0,21.049736643064737,298.6148539924475,10,1,0,0,0,0,0,0,0,0
v_97529f04-707c-40f6-8db4-226471847f41,btl_8c68a073-b081-4a63-9ca9-19e8612b757b,3bea2c7e-c353-44b5-9755-1dcca8e90d56,anon_376d7289-fc63-4549-9336-2b8703819566,2026-02-01T17:42:33.983814+00:00,2026-02-01 17:42:33.983814+00:00,left,patternOccur,patternOccur::lvl-50.txt,original,original::lvl-5.txt,RIGHT,loss,0.0,True,False,False,1,1,4.116,4,0,0,16,379.0,8.0,40.87284971408282,128.78286898399958,14,1,0,0,0,0,0,0,0,0
v_97529f04-707c-40f6-8db4-226471847f41,btl_8c68a073-b081-4a63-9ca9-19e8612b757b,3bea2c7e-c353-44b5-9755-1dcca8e90d56,anon_376d7289-fc63-4549-9336-2b8703819566,2026-02-01T17:42:33.983814+00:00,2026-02-01 17:42:33.983814+00:00,right,original,original::lvl-5.txt,patternOccur,patternOccur::lvl-50.txt,RIGHT,win,1.0,True,False,False,1,1,9.381,8,0,0,36,944.0,24.0,48.88373552384712,293.26220202372224,21,1,0,0,0,0,0,0,0,0
v_456328bf-0055-4cfd-80eb-969e5fa01e92,btl_4cf56914-afa5-4845-a02b-0caa8f5130ac,3bea2c7e-c353-44b5-9755-1dcca8e90d56,anon_376d7289-fc63-4549-9336-2b8703819566,2026-02-01T17:42:17.798825+00:00,2026-02-01 17:42:17.798825+00:00,left,mariogpt,mariogpt::level_055.txt,original,original::lvl-14.txt,RIGHT,loss,0.0,True,False,True,0,0,24.009,24,0,0,91,2368.0,8.0,56.98800022836189,778.5721204833021,56,0,0,0,0,0,0,0,0,0
v_456328bf-0055-4cfd-80eb-969e5fa01e92,btl_4cf56914-afa5-4845-a02b-0caa8f5130ac,3bea2c7e-c353-44b5-9755-1dcca8e90d56,anon_376d7289-fc63-4549-9336-2b8703819566,2026-02-01T17:42:17.798825+00:00,2026-02-01 17:42:17.798825+00:00,right,original,original::lvl-14.txt,mariogpt,mariogpt::level_055.txt,RIGHT,win,1.0,True,False,False,1,1,8.048,6,0,0,31,533.0,24.0,24.77478157904287,143.05484565635945,14,1,0,0,0,0,0,0,0,0
v_ea76eae3-77b1-4d4e-8e6d-ab1e789fdfba,btl_8fa32fbf-bf05-4a51-b82b-4492b4058e5a,fc5b7b1a-ee1d-4cfa-8801-98de429f150c,anon_376d7289-fc63-4549-9336-2b8703819566,2026-02-01T17:25:50.030142+00:00,2026-02-01 17:25:50.030142+00:00,left,notchParamRand,notchParamRand::lvl-48.txt,original,original::lvl-12.txt,RIGHT,loss,0.0,True,False,False,1,1,5.876,3,0,0,23,678.0,8.0,24.319082412298812,226.7662954255345,8,1,0,0,0,0,0,0,0,0
v_ea76eae3-77b1-4d4e-8e6d-ab1e789fdfba,btl_8fa32fbf-bf05-4a51-b82b-4492b4058e5a,fc5b7b1a-ee1d-4cfa-8801-98de429f150c,anon_376d7289-fc63-4549-9336-2b8703819566,2026-02-01T17:25:50.030142+00:00,2026-02-01 17:25:50.030142+00:00,right,original,original::lvl-12.txt,notchParamRand,notchParamRand::lvl-48.txt,RIGHT,win,1.0,True,False,False,1,1,8.781,9,0,0,34,542.0,8.0,48.01928858411552,172.77020360176448,19,1,0,0,0,0,0,0,0,0
v_46342be7-59bc-488c-8609-d0d6006548d2,btl_45c1741f-1c4d-4e1d-a303-4a7da2626496,fc5b7b1a-ee1d-4cfa-8801-98de429f150c,anon_376d7289-fc63-4549-9336-2b8703819566,2026-02-01T17:25:32.674146+00:00,2026-02-01 17:25:32.674146+00:00,left,mariodpo,mariodpo::mariodpo_nintendo_0002.txt,notchParamRand,notchParamRand::lvl-43.txt,LEFT,win,1.0,True,False,True,0,0,0.045,0,0,0,1,1912.0,1912.0,0.0,0.0,1,0,0,0,0,0,0,0,0,0
v_46342be7-59bc-488c-8609-d0d6006548d2,btl_45c1741f-1c4d-4e1d-a303-4a7da2626496,fc5b7b1a-ee1d-4cfa-8801-98de429f150c,anon_376d7289-fc63-4549-9336-2b8703819566,2026-02-01T17:25:32.674146+00:00,2026-02-01 17:25:32.674146+00:00,right,notchParamRand,notchParamRand::lvl-43.txt,mariodpo,mariodpo::mariodpo_nintendo_0002.txt,LEFT,loss,0.0,True,False,True,0,0,13.447,7,0,0,51,3071.0,0.0,36.20730393348127,999.5403838036194,14,0,0,0,0,0,0,0,0,0
v_f8360a67-22eb-4d68-8aff-625d7f105958,btl_3bc6d1ad-76da-499d-9911-1a5bc1ce81d2,fc5b7b1a-ee1d-4cfa-8801-98de429f150c,anon_376d7289-fc63-4549-9336-2b8703819566,2026-02-01T17:25:04.533572+00:00,2026-02-01 17:25:04.533572+00:00,left,notchParamRand,notchParamRand::lvl-6.txt,notchParam,notchParam::lvl-63.txt,TIE,tie,0.5,True,False,False,1,1,2.179,1,0,0,9,379.0,8.0,15.609430514520838,139.46175191396952,4,1,0,0,0,0,0,0,0,0
v_f8360a67-22eb-4d68-8aff-625d7f105958,btl_3bc6d1ad-76da-499d-9911-1a5bc1ce81d2,fc5b7b1a-ee1d-4cfa-8801-98de429f150c,anon_376d7289-fc63-4549-9336-2b8703819566,2026-02-01T17:25:04.533572+00:00,2026-02-01 17:25:04.533572+00:00,right,notchParam,notchParam::lvl-63.txt,notchParamRand,notchParamRand::lvl-6.txt,TIE,tie,0.5,True,False,False,1,1,5.248,6,0,0,20,1371.0,8.0,30.410318972348843,455.40655188523584,13,1,0,0,0,0,0,0,0,0
v_bd1d717e-ca9b-4227-a27b-d8da6e89c765,btl_679b7431-551f-48d0-b0d5-0bb969f0fabd,fc5b7b1a-ee1d-4cfa-8801-98de429f150c,anon_376d7289-fc63-4549-9336-2b8703819566,2026-02-01T17:24:55.502476+00:00,2026-02-01 17:24:55.502476+00:00,left,notchParamRand,notchParamRand::lvl-11.txt,genetic,genetic::lvl-14.txt,TIE,tie,0.5,True,False,False,1,1,2.169,2,0,0,9,433.0,8.0,23.60999997385498,151.87275375567972,5,1,0,0,0,0,0,0,0,0
v_bd1d717e-ca9b-4227-a27b-d8da6e89c765,btl_679b7431-551f-48d0-b0d5-0bb969f0fabd,fc5b7b1a-ee1d-4cfa-8801-98de429f150c,anon_376d7289-fc63-4549-9336-2b8703819566,2026-02-01T17:24:55.502476+00:00,2026-02-01 17:24:55.502476+00:00,right,genetic,genetic::lvl-14.txt,notchParamRand,notchParamRand::lvl-11.txt,TIE,tie,0.5,True,False,False,1,1,1.949,1,0,0,8,368.0,8.0,23.146273998205412,130.08434763644703,3,1,0,0,0,0,0,0,0,0
v_aad12a9a-895a-465d-95b8-cd429b75f8b0,btl_514e72bf-304a-49b0-b17c-b5d0b4790b6a,fc5b7b1a-ee1d-4cfa-8801-98de429f150c,anon_376d7289-fc63-4549-9336-2b8703819566,2026-02-01T17:24:49.554638+00:00,2026-02-01 17:24:49.554638+00:00,left,ore,ore::lvl-98.txt,notchParamRand,notchParamRand::lvl-49.txt,LEFT,win,1.0,True,False,False,1,1,5.616,6,1,0,22,483.0,2.0,40.679354927965264,145.95372441092925,13,1,0,0,0,0,0,0,0,0
v_aad12a9a-895a-465d-95b8-cd429b75f8b0,btl_514e72bf-304a-49b0-b17c-b5d0b4790b6a,fc5b7b1a-ee1d-4cfa-8801-98de429f150c,anon_376d7289-fc63-4549-9336-2b8703819566,2026-02-01T17:24:49.554638+00:00,2026-02-01 17:24:49.554638+00:00,right,notchParamRand,notchParamRand::lvl-49.txt,ore,ore::lvl-98.txt,LEFT,loss,0.0,True,False,False,1,1,2.348,2,0,0,9,498.0,8.0,26.90770691378261,173.52368465371657,6,1,0,0,0,0,0,0,0,0
v_627ceeb5-1f31-4434-91f5-d5c6b970b35c,btl_78abab21-bbc5-448b-92b6-c930a20b622b,fc5b7b1a-ee1d-4cfa-8801-98de429f150c,anon_376d7289-fc63-4549-9336-2b8703819566,2026-02-01T17:24:39.023243+00:00,2026-02-01 17:24:39.023243+00:00,left,ore,ore::lvl-45.txt,marioDiffusion,marioDiffusion::level_61.txt,RIGHT,loss,0.0,True,False,False,1,1,5.949,6,0,0,23,786.0,8.0,56.69138420852203,241.99872673820238,13,1,0,0,0,0,0,0,0,0
v_627ceeb5-1f31-4434-91f5-d5c6b970b35c,btl_78abab21-bbc5-448b-92b6-c930a20b622b,fc5b7b1a-ee1d-4cfa-8801-98de429f150c,anon_376d7289-fc63-4549-9336-2b8703819566,2026-02-01T17:24:39.023243+00:00,2026-02-01 17:24:39.023243+00:00,right,marioDiffusion,marioDiffusion::level_61.txt,ore,ore::lvl-45.txt,RIGHT,win,1.0,True,False,False,1,1,2.182,1,2,0,9,202.0,8.0,36.18505250364241,70.05148018809602,5,1,0,0,0,0,0,0,0,0
v_c1f8392b-dbad-46dd-98b9-c0fcb3438afe,btl_458f2eda-5f54-4b4d-abad-3e35604e803f,fc5b7b1a-ee1d-4cfa-8801-98de429f150c,anon_376d7289-fc63-4549-9336-2b8703819566,2026-02-01T17:24:27.602088+00:00,2026-02-01 17:24:27.602088+00:00,left,mariogpt,mariogpt::level_016.txt,patternCount,patternCount::lvl-29.txt,TIE,tie,0.5,True,False,False,1,1,6.94,5,3,0,27,1149.0,8.0,23.8534621034555,379.32712066484163,15,1,0,0,0,0,0,0,0,0
v_c1f8392b-dbad-46dd-98b9-c0fcb3438afe,btl_458f2eda-5f54-4b4d-abad-3e35604e803f,fc5b7b1a-ee1d-4cfa-8801-98de429f150c,anon_376d7289-fc63-4549-9336-2b8703819566,2026-02-01T17:24:27.602088+00:00,2026-02-01 17:24:27.602088+00:00,right,patternCount,patternCount::lvl-29.txt,mariogpt,mariogpt::level_016.txt,TIE,tie,0.5,True,False,True,0,0,26.411,31,0,0,100,3171.0,8.0,36.33337171251795,836.789769535933,110,0,0,0,0,0,0,0,0,0
v_be68c684-ef2c-4e55-96ce-556fa8563e56,btl_44110333-4b73-465e-945a-5830eef80278,fc5b7b1a-ee1d-4cfa-8801-98de429f150c,anon_376d7289-fc63-4549-9336-2b8703819566,2026-02-01T17:23:50.487177+00:00,2026-02-01 17:23:50.487177+00:00,left,notchParam,notchParam::lvl-18.txt,notch,notch::lvl-83.txt,TIE,tie,0.5,True,False,False,1,1,6.184,5,0,0,24,988.0,8.0,47.90918419839306,284.4573751265537,11,1,0,0,0,0,0,0,0,0
v_be68c684-ef2c-4e55-96ce-556fa8563e56,btl_44110333-4b73-465e-945a-5830eef80278,fc5b7b1a-ee1d-4cfa-8801-98de429f150c,anon_376d7289-fc63-4549-9336-2b8703819566,2026-02-01T17:23:50.487177+00:00,2026-02-01 17:23:50.487177+00:00,right,notch,notch::lvl-83.txt,notchParam,notchParam::lvl-18.txt,TIE,tie,0.5,True,False,False,1,1,3.015,3,0,0,12,545.0,8.0,30.014811158641145,182.95096489375388,7,1,0,0,0,0,0,0,0,0
v_5e5403c4-8e91-4836-a5ae-7dd86bac7f2d,btl_966529ea-619f-41bc-a005-c16f13e949bc,fc5b7b1a-ee1d-4cfa-8801-98de429f150c,anon_376d7289-fc63-4549-9336-2b8703819566,2026-02-01T17:23:38.872906+00:00,2026-02-01 17:23:38.872906+00:00,left,mariodpo,mariodpo::mariodpo_nintendo_0113.txt,notch,notch::lvl-50.txt,LEFT,win,1.0,True,False,False,1,1,3.01,2,0,0,12,204.0,8.0,22.50231469575223,61.10691904813689,5,1,0,0,0,0,0,0,0,0
v_5e5403c4-8e91-4836-a5ae-7dd86bac7f2d,btl_966529ea-619f-41bc-a005-c16f13e949bc,fc5b7b1a-ee1d-4cfa-8801-98de429f150c,anon_376d7289-fc63-4549-9336-2b8703819566,2026-02-01T17:23:38.872906+00:00,2026-02-01 17:23:38.872906+00:00,right,notch,notch::lvl-50.txt,mariodpo,mariodpo::mariodpo_nintendo_0113.txt,LEFT,loss,0.0,True,False,False,1,1,3.615,4,0,0,14,647.0,8.0,38.667868852998005,227.033666477652,9,1,0,0,0,0,0,0,0,0
v_e5eef9a2-8742-4fc9-83a3-920555f5ae87,btl_17032e6e-3e4e-4e64-b479-b4f374b502ec,fc5b7b1a-ee1d-4cfa-8801-98de429f150c,anon_376d7289-fc63-4549-9336-2b8703819566,2026-02-01T17:23:31.007040+00:00,2026-02-01 17:23:31.007040+00:00,left,genetic,genetic::lvl-33.txt,hopper,hopper::lvl-8.txt,TIE,tie,0.5,True,False,False,1,1,3.905,5,0,0,15,761.0,8.0,31.923798158879666,243.58631598128278,11,1,0,0,0,0,0,0,0,0
v_e5eef9a2-8742-4fc9-83a3-920555f5ae87,btl_17032e6e-3e4e-4e64-b479-b4f374b502ec,fc5b7b1a-ee1d-4cfa-8801-98de429f150c,anon_376d7289-fc63-4549-9336-2b8703819566,2026-02-01T17:23:31.007040+00:00,2026-02-01 17:23:31.007040+00:00,right,hopper,hopper::lvl-8.txt,genetic,genetic::lvl-33.txt,TIE,tie,0.5,True,False,False,1,1,2.615,2,0,0,10,487.0,8.0,23.594278967580255,170.0914165970758,6,1,0,0,0,0,0,0,0,0
v_61299f1a-a03c-4905-ab59-9f90284b5a45,btl_71c5a375-36bc-4e24-b597-23ae345e8c68,fc5b7b1a-ee1d-4cfa-8801-98de429f150c,anon_376d7289-fc63-4549-9336-2b8703819566,2026-02-01T17:23:20.417824+00:00,2026-02-01 17:23:20.417824+00:00,left,mariodpo,mariodpo::mariodpo_nintendo_0162.txt,original,original::lvl-14.txt,RIGHT,loss,0.0,True,False,True,0,0,24.238,19,1,0,92,1833.0,8.0,38.24506065443285,538.1839275405287,41,0,0,0,0,0,0,0,0,0
v_61299f1a-a03c-4905-ab59-9f90284b5a45,btl_71c5a375-36bc-4e24-b597-23ae345e8c68,fc5b7b1a-ee1d-4cfa-8801-98de429f150c,anon_376d7289-fc63-4549-9336-2b8703819566,2026-02-01T17:23:20.417824+00:00,2026-02-01 17:23:20.417824+00:00,right,original,original::lvl-14.txt,mariodpo,mariodpo::mariodpo_nintendo_0162.txt,RIGHT,win,1.0,True,False,False,1,1,4.548,2,0,0,18,275.0,24.0,20.30751244560483,81.97831691639226,6,1,0,0,0,0,0,0,0,0
v_b7c27933-bc69-4542-8cd5-94df28990df1,btl_300c98e3-92b3-4a08-a2c3-6275a1e6692f,fc5b7b1a-ee1d-4cfa-8801-98de429f150c,anon_376d7289-fc63-4549-9336-2b8703819566,2026-02-01T17:22:46.877775+00:00,2026-02-01 17:22:46.877775+00:00,left,notch,notch::lvl-2.txt,hopper,hopper::lvl-82.txt,RIGHT,loss,0.0,True,False,False,1,1,8.114,10,1,0,31,950.0,8.0,35.37240557217644,283.77247924911313,22,1,0,0,0,0,0,0,0,0
v_b7c27933-bc69-4542-8cd5-94df28990df1,btl_300c98e3-92b3-4a08-a2c3-6275a1e6692f,fc5b7b1a-ee1d-4cfa-8801-98de429f150c,anon_376d7289-fc63-4549-9336-2b8703819566,2026-02-01T17:22:46.877775+00:00,2026-02-01 17:22:46.877775+00:00,right,hopper,hopper::lvl-82.txt,notch,notch::lvl-2.txt,RIGHT,win,1.0,True,False,False,1,1,5.849,6,0,1,23,1604.0,8.0,39.29886456557832,541.109781690564,15,1,0,0,0,0,0,0,0,0
v_6e9c878b-2043-4abc-b965-760a61b10d05,btl_61e4d15f-9c4e-4350-8b9b-df1747172b26,fc5b7b1a-ee1d-4cfa-8801-98de429f150c,anon_376d7289-fc63-4549-9336-2b8703819566,2026-02-01T17:22:30.896702+00:00,2026-02-01 17:22:30.896702+00:00,left,patternCount,patternCount::lvl-98.txt,hopper,hopper::lvl-32.txt,RIGHT,loss,0.0,True,False,False,1,1,0.705,0,0,0,3,8.0,8.0,75.07477753694793,0.0,10,1,0,0,0,0,0,0,0,0
v_6e9c878b-2043-4abc-b965-760a61b10d05,btl_61e4d15f-9c4e-4350-8b9b-df1747172b26,fc5b7b1a-ee1d-4cfa-8801-98de429f150c,anon_376d7289-fc63-4549-9336-2b8703819566,2026-02-01T17:22:30.896702+00:00,2026-02-01 17:22:30.896702+00:00,right,hopper,hopper::lvl-32.txt,patternCount,patternCount::lvl-98.txt,RIGHT,win,1.0,True,False,False,1,1,2.549,3,0,0,10,477.0,8.0,23.559286916203554,160.67498249572023,7,1,0,0,0,0,0,0,0,0
v_14a7f0b2-4d87-4493-abca-7b74b8a4f9b9,btl_c4103d29-d793-4f06-89a0-e07525dfbf99,fc5b7b1a-ee1d-4cfa-8801-98de429f150c,anon_376d7289-fc63-4549-9336-2b8703819566,2026-02-01T17:22:25.754387+00:00,2026-02-01 17:22:25.754387+00:00,left,hopper,hopper::lvl-46.txt,patternCount,patternCount::lvl-53.txt,LEFT,win,1.0,True,False,False,1,1,2.647,2,0,0,11,563.0,8.0,24.780690963492102,195.83620242901512,6,1,0,0,0,0,0,0,0,0
v_14a7f0b2-4d87-4493-abca-7b74b8a4f9b9,btl_c4103d29-d793-4f06-89a0-e07525dfbf99,fc5b7b1a-ee1d-4cfa-8801-98de429f150c,anon_376d7289-fc63-4549-9336-2b8703819566,2026-02-01T17:22:25.754387+00:00,2026-02-01 17:22:25.754387+00:00,right,patternCount,patternCount::lvl-53.txt,hopper,hopper::lvl-46.txt,LEFT,loss,0.0,True,False,False,1,1,1.449,1,0,0,6,92.0,8.0,25.90795673576406,31.27521205186128,10,1,0,0,0,0,0,0,0,0
v_f2364ca5-d970-4230-beb3-e2a9e5f26beb,btl_86295c26-2e04-4deb-8a20-809b3394d3b1,fc5b7b1a-ee1d-4cfa-8801-98de429f150c,anon_376d7289-fc63-4549-9336-2b8703819566,2026-02-01T17:22:17.671970+00:00,2026-02-01 17:22:17.671970+00:00,left,patternWeightCount,patternWeightCount::lvl-62.txt,patternOccur,patternOccur::lvl-16.txt,LEFT,win,1.0,True,False,False,1,1,2.204,2,0,0,9,137.0,8.0,41.341695689329626,50.98462610204602,5,1,0,0,0,0,0,0,0,0
v_f2364ca5-d970-4230-beb3-e2a9e5f26beb,btl_86295c26-2e04-4deb-8a20-809b3394d3b1,fc5b7b1a-ee1d-4cfa-8801-98de429f150c,anon_376d7289-fc63-4549-9336-2b8703819566,2026-02-01T17:22:17.671970+00:00,2026-02-01 17:22:17.671970+00:00,right,patternOccur,patternOccur::lvl-16.txt,patternWeightCount,patternWeightCount::lvl-62.txt,LEFT,loss,0.0,False,True,False,0,0,0.0,0,0,0,0,,,,,0,0,0,0,0,0,0,0,0,0
v_bedab3bb-8038-4064-85da-6da4bed84c53,btl_45207182-7927-469d-a4cc-b5d1a8f1c6e5,fc5b7b1a-ee1d-4cfa-8801-98de429f150c,anon_376d7289-fc63-4549-9336-2b8703819566,2026-02-01T17:22:11.604433+00:00,2026-02-01 17:22:11.604433+00:00,left,mariogan,mariogan::level_19.txt,original,original::lvl-13.txt,RIGHT,loss,0.0,True,False,True,0,0,23.212,26,0,2,87,2672.0,8.0,47.88561755760319,890.5665210964423,56,0,0,0,0,0,0,0,0,0
v_bedab3bb-8038-4064-85da-6da4bed84c53,btl_45207182-7927-469d-a4cc-b5d1a8f1c6e5,fc5b7b1a-ee1d-4cfa-8801-98de429f150c,anon_376d7289-fc63-4549-9336-2b8703819566,2026-02-01T17:22:11.604433+00:00,2026-02-01 17:22:11.604433+00:00,right,original,original::lvl-13.txt,mariogan,mariogan::level_19.txt,RIGHT,win,1.0,True,False,True,0,0,22.512,27,7,0,84,2568.0,24.0,56.4202663669368,711.6778714526815,62,0,0,0,0,0,0,0,0,0
v_805f1853-67fc-479c-a7e3-68b5050f95b1,btl_ade23833-fb72-47a1-9d31-bdf566c55e4c,fc5b7b1a-ee1d-4cfa-8801-98de429f150c,anon_376d7289-fc63-4549-9336-2b8703819566,2026-02-01T17:21:22.457258+00:00,2026-02-01 17:21:22.457258+00:00,left,genetic,genetic::lvl-86.txt,patternWeightCount,patternWeightCount::lvl-41.txt,LEFT,win,1.0,True,False,False,1,1,10.606,10,0,0,40,1947.0,8.0,35.5717233206377,604.751227778828,22,1,0,0,0,0,0,0,0,0
v_805f1853-67fc-479c-a7e3-68b5050f95b1,btl_ade23833-fb72-47a1-9d31-bdf566c55e4c,fc5b7b1a-ee1d-4cfa-8801-98de429f150c,anon_376d7289-fc63-4549-9336-2b8703819566,2026-02-01T17:21:22.457258+00:00,2026-02-01 17:21:22.457258+00:00,right,patternWeightCount,patternWeightCount::lvl-41.txt,genetic,genetic::lvl-86.txt,LEFT,loss,0.0,True,False,False,1,1,12.781,16,0,0,49,1188.0,8.0,39.138866813695884,345.21049237865464,53,1,0,0,0,0,0,0,0,0
v_5c29b930-007f-4b43-a9bd-db2ee532f711,btl_e18b5e44-e517-4bc1-bf45-f65d567c4fd7,fc5b7b1a-ee1d-4cfa-8801-98de429f150c,anon_376d7289-fc63-4549-9336-2b8703819566,2026-02-01T17:20:56.133276+00:00,2026-02-01 17:20:56.133276+00:00,left,mariogan,mariogan::level_53.txt,original,original::lvl-3.txt,TIE,tie,0.5,True,False,False,1,1,7.138,6,0,0,27,1371.0,8.0,41.18265379910454,454.797635095972,14,1,0,0,0,0,0,0,0,0
v_5c29b930-007f-4b43-a9bd-db2ee532f711,btl_e18b5e44-e517-4bc1-bf45-f65d567c4fd7,fc5b7b1a-ee1d-4cfa-8801-98de429f150c,anon_376d7289-fc63-4549-9336-2b8703819566,2026-02-01T17:20:56.133276+00:00,2026-02-01 17:20:56.133276+00:00,right,original,original::lvl-3.txt,mariogan,mariogan::level_53.txt,TIE,tie,0.5,True,False,False,1,1,3.649,4,0,0,14,545.0,8.0,40.44547854450331,188.87880792093284,9,1,0,0,0,0,0,0,0,0
v_95df1879-046d-43ee-80c0-f489cd346323,btl_80a3cb03-d5be-4834-a4bf-c28fdd705cec,38ac9754-46e3-432f-b892-cf545324da3e,anon_376d7289-fc63-4549-9336-2b8703819566,2026-02-01T17:20:36.180461+00:00,2026-02-01 17:20:36.180461+00:00,left,ore,ore::lvl-25.txt,mariodpo,mariodpo::mariodpo_nintendo_0186.txt,RIGHT,loss,0.0,True,False,False,1,1,1.37,0,0,0,6,156.0,8.0,29.610902646754212,54.96589851899085,1,1,0,0,0,0,0,0,0,0
v_95df1879-046d-43ee-80c0-f489cd346323,btl_80a3cb03-d5be-4834-a4bf-c28fdd705cec,38ac9754-46e3-432f-b892-cf545324da3e,anon_376d7289-fc63-4549-9336-2b8703819566,2026-02-01T17:20:36.180461+00:00,2026-02-01 17:20:36.180461+00:00,right,mariodpo,mariodpo::mariodpo_nintendo_0186.txt,ore,ore::lvl-25.txt,RIGHT,win,1.0,True,False,False,1,1,2.082,1,0,1,8,306.0,8.0,21.98259254501161,103.85017753956899,5,1,0,0,0,0,0,0,0,0
v_e60a804e-d7f5-410c-95c0-f5a41cc49f9b,btl_872f4005-c9a6-4e63-a566-402625983960,38ac9754-46e3-432f-b892-cf545324da3e,anon_376d7289-fc63-4549-9336-2b8703819566,2026-02-01T17:20:25.350200+00:00,2026-02-01 17:20:25.350200+00:00,left,mariodpo,mariodpo::mariodpo_nintendo_0132.txt,mariogan,mariogan::level_37.txt,TIE,tie,0.5,False,True,False,0,0,0.0,0,0,0,0,,,,,0,0,0,0,0,0,0,0,0,0
v_e60a804e-d7f5-410c-95c0-f5a41cc49f9b,btl_872f4005-c9a6-4e63-a566-402625983960,38ac9754-46e3-432f-b892-cf545324da3e,anon_376d7289-fc63-4549-9336-2b8703819566,2026-02-01T17:20:25.350200+00:00,2026-02-01 17:20:25.350200+00:00,right,mariogan,mariogan::level_37.txt,mariodpo,mariodpo::mariodpo_nintendo_0132.txt,TIE,tie,0.5,True,False,False,1,1,1.841,1,0,0,8,236.0,8.0,28.808635858020075,82.47537511281776,2,1,0,0,0,0,0,0,0,0
v_3df99fc8-e3e7-47bd-b6f1-ece02382e073,btl_442b3db1-5ad7-4091-adb0-17589e5ce5bf,38ac9754-46e3-432f-b892-cf545324da3e,anon_376d7289-fc63-4549-9336-2b8703819566,2026-02-01T17:20:02.061048+00:00,2026-02-01 17:20:02.061048+00:00,left,mariodpo,mariodpo::mariodpo_nintendo_0066.txt,patternCount,patternCount::lvl-96.txt,LEFT,win,1.0,True,False,False,1,1,2.083,2,0,0,8,208.0,8.0,20.266582716383144,70.1440482150838,5,1,0,0,0,0,0,0,0,0
v_3df99fc8-e3e7-47bd-b6f1-ece02382e073,btl_442b3db1-5ad7-4091-adb0-17589e5ce5bf,38ac9754-46e3-432f-b892-cf545324da3e,anon_376d7289-fc63-4549-9336-2b8703819566,2026-02-01T17:20:02.061048+00:00,2026-02-01 17:20:02.061048+00:00,right,patternCount,patternCount::lvl-96.txt,mariodpo,mariodpo::mariodpo_nintendo_0066.txt,LEFT,loss,0.0,True,False,False,1,1,2.914,1,0,0,12,159.0,8.0,66.09967221300471,51.63729003561498,12,1,0,0,0,0,0,0,0,0
v_2024a1d7-1a89-4f08-8f75-26c0830b8c0c,btl_058b17ff-8fc7-4ca1-953e-88e3e4480565,38ac9754-46e3-432f-b892-cf545324da3e,anon_376d7289-fc63-4549-9336-2b8703819566,2026-02-01T17:19:54.753740+00:00,2026-02-01 17:19:54.753740+00:00,left,marioDiffusion,marioDiffusion::level_86.txt,notchParam,notchParam::lvl-9.txt,LEFT,win,1.0,True,False,False,1,1,16.878,16,5,2,64,1195.0,8.0,51.88998042357864,348.35815765654087,41,1,0,0,0,0,0,0,0,0
v_2024a1d7-1a89-4f08-8f75-26c0830b8c0c,btl_058b17ff-8fc7-4ca1-953e-88e3e4480565,38ac9754-46e3-432f-b892-cf545324da3e,anon_376d7289-fc63-4549-9336-2b8703819566,2026-02-01T17:19:54.753740+00:00,2026-02-01 17:19:54.753740+00:00,right,notchParam,notchParam::lvl-9.txt,marioDiffusion,marioDiffusion::level_86.txt,LEFT,loss,0.0,True,False,False,1,1,3.615,2,0,0,14,596.0,8.0,22.977806506208,203.0075398217756,4,1,0,0,0,0,0,0,0,0
v_5ec06c41-e2e4-4c15-a5a7-61f02664ab2a,btl_86adc80d-1bd7-4cf5-a0a9-e504d65c3fc6,38ac9754-46e3-432f-b892-cf545324da3e,anon_376d7289-fc63-4549-9336-2b8703819566,2026-02-01T17:19:31.337711+00:00,2026-02-01 17:19:31.337711+00:00,left,mariogan,mariogan::level_74.txt,hopper,hopper::lvl-3.txt,LEFT,win,1.0,True,False,True,0,0,14.349,16,0,2,54,2603.0,8.0,32.76055207548874,783.5443251875465,39,0,0,0,0,0,0,0,0,0
v_5ec06c41-e2e4-4c15-a5a7-61f02664ab2a,btl_86adc80d-1bd7-4cf5-a0a9-e504d65c3fc6,38ac9754-46e3-432f-b892-cf545324da3e,anon_376d7289-fc63-4549-9336-2b8703819566,2026-02-01T17:19:31.337711+00:00,2026-02-01 17:19:31.337711+00:00,right,hopper,hopper::lvl-3.txt,mariogan,mariogan::level_74.txt,LEFT,loss,0.0,True,False,False,1,1,4.081,3,0,0,16,872.0,8.0,24.954646360948495,278.9590513744804,6,1,0,0,0,0,0,0,0,0
v_474a8785-136e-4ebb-a7d0-b4af2851d2e8,btl_b98fa9ef-11bc-44af-bb02-7863f2d6feeb,38ac9754-46e3-432f-b892-cf545324da3e,anon_376d7289-fc63-4549-9336-2b8703819566,2026-02-01T17:19:10.863402+00:00,2026-02-01 17:19:10.863402+00:00,left,notchParam,notchParam::lvl-70.txt,mariogan,mariogan::level_40.txt,RIGHT,loss,0.0,True,False,False,1,1,5.143,4,0,0,20,1211.0,8.0,32.3689280020207,400.9880172773246,8,1,0,0,0,0,0,0,0,0
v_474a8785-136e-4ebb-a7d0-b4af2851d2e8,btl_b98fa9ef-11bc-44af-bb02-7863f2d6feeb,38ac9754-46e3-432f-b892-cf545324da3e,anon_376d7289-fc63-4549-9336-2b8703819566,2026-02-01T17:19:10.863402+00:00,2026-02-01 17:19:10.863402+00:00,right,mariogan,mariogan::level_40.txt,notchParam,notchParam::lvl-70.txt,RIGHT,win,1.0,True,False,True,0,0,17.846,23,0,1,68,2667.0,8.0,51.77795619184717,775.4191492671387,47,0,0,0,0,0,0,0,0,0
v_6bd98246-07a3-467f-ab0c-baa7a7a1b2e1,btl_5844d175-58b7-4446-b78d-4d26473161e8,38ac9754-46e3-432f-b892-cf545324da3e,anon_376d7289-fc63-4549-9336-2b8703819566,2026-02-01T17:18:45.214863+00:00,2026-02-01 17:18:45.214863+00:00,left,mariodpo,mariodpo::mariodpo_nintendo_0086.txt,patternCount,patternCount::lvl-28.txt,LEFT,win,1.0,True,False,True,0,0,2.344,2,0,0,9,239.0,8.0,19.970966580835277,79.24224462578867,4,0,0,0,0,0,0,0,0,0
v_6bd98246-07a3-467f-ab0c-baa7a7a1b2e1,btl_5844d175-58b7-4446-b78d-4d26473161e8,38ac9754-46e3-432f-b892-cf545324da3e,anon_376d7289-fc63-4549-9336-2b8703819566,2026-02-01T17:18:45.214863+00:00,2026-02-01 17:18:45.214863+00:00,right,patternCount,patternCount::lvl-28.txt,mariodpo,mariodpo::mariodpo_nintendo_0086.txt,LEFT,loss,0.0,True,False,False,1,1,20.845,23,1,0,79,1288.0,8.0,38.041944652662764,466.1551696643242,76,1,0,0,0,0,0,0,0,0
v_cf2c9cdb-96a7-440c-9e08-bf7bcaffde01,btl_4f5a41f8-a611-4f0f-88a5-dc07e9816312,38ac9754-46e3-432f-b892-cf545324da3e,anon_376d7289-fc63-4549-9336-2b8703819566,2026-02-01T17:18:19.539914+00:00,2026-02-01 17:18:19.539914+00:00,left,mariodpo,mariodpo::mariodpo_nintendo_0046.txt,mariogan,mariogan::level_66.txt,LEFT,win,1.0,True,False,False,1,1,17.883,18,0,1,68,1307.0,8.0,57.65777773995487,393.9909091656688,38,1,0,0,0,0,0,0,0,0
v_cf2c9cdb-96a7-440c-9e08-bf7bcaffde01,btl_4f5a41f8-a611-4f0f-88a5-dc07e9816312,38ac9754-46e3-432f-b892-cf545324da3e,anon_376d7289-fc63-4549-9336-2b8703819566,2026-02-01T17:18:19.539914+00:00,2026-02-01 17:18:19.539914+00:00,right,mariogan,mariogan::level_66.txt,mariodpo,mariodpo::mariodpo_nintendo_0046.txt,LEFT,loss,0.0,True,False,True,0,0,18.745,17,0,1,71,2634.0,8.0,39.878067478505955,733.3051165575285,36,0,0,0,0,0,0,0,0,0
v_2a3fe041-578a-44a9-b8e1-84b0f3159287,btl_2598ac19-380c-41c4-8f56-e6d2d96f909f,38ac9754-46e3-432f-b892-cf545324da3e,anon_376d7289-fc63-4549-9336-2b8703819566,2026-02-01T17:17:40.148331+00:00,2026-02-01 17:17:40.148331+00:00,left,notchParamRand,notchParamRand::lvl-28.txt,ore,ore::lvl-58.txt,RIGHT,loss,0.0,True,False,True,0,0,17.741,17,0,0,67,3083.0,8.0,39.13870553978398,903.9582539246455,34,0,0,0,0,0,0,0,0,0
v_2a3fe041-578a-44a9-b8e1-84b0f3159287,btl_2598ac19-380c-41c4-8f56-e6d2d96f909f,38ac9754-46e3-432f-b892-cf545324da3e,anon_376d7289-fc63-4549-9336-2b8703819566,2026-02-01T17:17:40.148331+00:00,2026-02-01 17:17:40.148331+00:00,right,ore,ore::lvl-58.txt,notchParamRand,notchParamRand::lvl-28.txt,RIGHT,win,1.0,True,False,True,0,0,28.844,35,0,1,109,3076.0,8.0,47.1123937513196,879.9093667699441,77,0,0,0,0,0,0,0,0,0
v_ebaa6c7b-93b2-4130-8275-eb6691ef1c42,btl_d5e59915-7bb3-45c1-b970-4e8222561f30,38ac9754-46e3-432f-b892-cf545324da3e,anon_376d7289-fc63-4549-9336-2b8703819566,2026-02-01T17:16:50.073054+00:00,2026-02-01 17:16:50.073054+00:00,left,mariogan,mariogan::level_82.txt,marioDiffusion,marioDiffusion::level_92.txt,LEFT,win,1.0,True,False,True,0,0,20.969,18,0,0,79,2640.0,8.0,31.29299285812891,720.5710646350105,37,0,0,0,0,0,0,0,0,0
v_ebaa6c7b-93b2-4130-8275-eb6691ef1c42,btl_d5e59915-7bb3-45c1-b970-4e8222561f30,38ac9754-46e3-432f-b892-cf545324da3e,anon_376d7289-fc63-4549-9336-2b8703819566,2026-02-01T17:16:50.073054+00:00,2026-02-01 17:16:50.073054+00:00,right,marioDiffusion,marioDiffusion::level_92.txt,mariogan,mariogan::level_82.txt,LEFT,loss,0.0,True,False,False,1,1,0.716,0,0,0,3,8.0,8.0,75.07477753694793,0.0,1,1,0,0,0,0,0,0,0,0
v_c4038c9d-0968-45dd-916b-176770106daf,btl_5010b117-4b43-426d-aad8-04f5b3233a40,38ac9754-46e3-432f-b892-cf545324da3e,anon_376d7289-fc63-4549-9336-2b8703819566,2026-02-01T17:16:23.927110+00:00,2026-02-01 17:16:23.927110+00:00,left,patternOccur,patternOccur::lvl-63.txt,marioDiffusion,marioDiffusion::level_11.txt,TIE,tie,0.5,True,False,False,1,1,5.938,5,0,0,23,635.0,8.0,68.96074333258734,219.89519758422398,22,1,0,0,0,0,0,0,0,0
v_c4038c9d-0968-45dd-916b-176770106daf,btl_5010b117-4b43-426d-aad8-04f5b3233a40,38ac9754-46e3-432f-b892-cf545324da3e,anon_376d7289-fc63-4549-9336-2b8703819566,2026-02-01T17:16:23.927110+00:00,2026-02-01 17:16:23.927110+00:00,right,marioDiffusion,marioDiffusion::level_11.txt,patternOccur,patternOccur::lvl-63.txt,TIE,tie,0.5,True,False,False,1,1,11.18,12,2,0,43,1141.0,8.0,60.63808890336017,332.167451434243,26,1,1,0,0,0,0,0,1,0
v_0ac299d8-1e9f-4d19-aaba-85b8957def01,btl_f4fff034-76b0-4674-a953-6213b2eac0d2,38ac9754-46e3-432f-b892-cf545324da3e,anon_376d7289-fc63-4549-9336-2b8703819566,2026-02-01T17:16:03.328186+00:00,2026-02-01 17:16:03.328186+00:00,left,notch,notch::lvl-64.txt,genetic,genetic::lvl-29.txt,RIGHT,loss,0.0,True,False,False,1,1,2.836,2,0,0,11,565.0,8.0,25.62604563478402,196.5314098085146,6,1,0,0,0,0,0,0,0,0
v_0ac299d8-1e9f-4d19-aaba-85b8957def01,btl_f4fff034-76b0-4674-a953-6213b2eac0d2,38ac9754-46e3-432f-b892-cf545324da3e,anon_376d7289-fc63-4549-9336-2b8703819566,2026-02-01T17:16:03.328186+00:00,2026-02-01 17:16:03.328186+00:00,right,genetic,genetic::lvl-29.txt,notch,notch::lvl-64.txt,RIGHT,win,1.0,True,False,False,1,1,5.448,2,0,0,21,867.0,8.0,30.14665589543896,278.74427685978804,5,1,0,0,0,0,0,0,0,0
v_021ff1b5-c062-45a4-9045-0265794541c4,btl_96a8aa88-078f-4275-8b3a-7950f14f34e9,38ac9754-46e3-432f-b892-cf545324da3e,anon_376d7289-fc63-4549-9336-2b8703819566,2026-02-01T17:15:51.787983+00:00,2026-02-01 17:15:51.787983+00:00,left,mariodpo,mariodpo::mariodpo_nintendo_0011.txt,ore,ore::lvl-90.txt,LEFT,win,1.0,True,False,True,0,0,32.081,25,6,0,121,2411.0,8.0,37.772609512311675,715.2332798661561,65,0,0,0,0,0,0,0,0,0
v_021ff1b5-c062-45a4-9045-0265794541c4,btl_96a8aa88-078f-4275-8b3a-7950f14f34e9,38ac9754-46e3-432f-b892-cf545324da3e,anon_376d7289-fc63-4549-9336-2b8703819566,2026-02-01T17:15:51.787983+00:00,2026-02-01 17:15:51.787983+00:00,right,ore,ore::lvl-90.txt,mariodpo,mariodpo::mariodpo_nintendo_0011.txt,LEFT,loss,0.0,True,False,False,1,1,12.146,8,0,1,46,534.0,8.0,58.04084019408043,151.68701609123184,21,1,0,0,0,0,0,0,0,0
v_b4e7999e-7399-4205-832c-57d5fba5dbcc,btl_73107bc6-ddea-4769-a567-e59903c85dd2,38ac9754-46e3-432f-b892-cf545324da3e,anon_376d7289-fc63-4549-9336-2b8703819566,2026-02-01T17:15:04.823804+00:00,2026-02-01 17:15:04.823804+00:00,left,patternCount,patternCount::lvl-80.txt,mariogpt,mariogpt::level_049.txt,RIGHT,loss,0.0,True,False,False,1,1,28.781,11,0,0,56,768.0,8.0,34.05629624277294,257.24063617158,40,1,0,0,0,0,0,0,0,0
v_b4e7999e-7399-4205-832c-57d5fba5dbcc,btl_73107bc6-ddea-4769-a567-e59903c85dd2,38ac9754-46e3-432f-b892-cf545324da3e,anon_376d7289-fc63-4549-9336-2b8703819566,2026-02-01T17:15:04.823804+00:00,2026-02-01 17:15:04.823804+00:00,right,mariogpt,mariogpt::level_049.txt,patternCount,patternCount::lvl-80.txt,RIGHT,win,1.0,True,False,True,0,0,31.809,29,1,3,119,2379.0,8.0,45.522684546017835,671.4126831031024,70,0,2,1,0,0,0,1,0,0
v_b8e219ea-9256-4167-85fe-2ceb13e27aa6,btl_67d699ec-5fbe-4420-ac86-8c669f39f848,30c74b16-2848-48f0-a780-1e15e5accbdd,anon_376d7289-fc63-4549-9336-2b8703819566,2026-01-31T21:24:24.680028+00:00,2026-01-31 21:24:24.680028+00:00,left,notchParam,notchParam::lvl-64.txt,marioDiffusion,marioDiffusion::level_39.txt,LEFT,win,1.0,True,False,False,1,1,8.771,8,0,2,34,2582.0,8.0,31.607180210048,823.5233912595058,19,1,0,0,0,0,0,0,0,0
v_b8e219ea-9256-4167-85fe-2ceb13e27aa6,btl_67d699ec-5fbe-4420-ac86-8c669f39f848,30c74b16-2848-48f0-a780-1e15e5accbdd,anon_376d7289-fc63-4549-9336-2b8703819566,2026-01-31T21:24:24.680028+00:00,2026-01-31 21:24:24.680028+00:00,right,marioDiffusion,marioDiffusion::level_39.txt,notchParam,notchParam::lvl-64.txt,LEFT,loss,0.0,True,False,False,1,1,4.115,2,0,0,16,363.0,8.0,21.29810731027525,127.4595524078129,4,1,0,0,0,0,0,0,0,0
v_62079ca3-575e-4de7-9af3-4695f58db06b,btl_f107a458-425f-493e-9cd9-03a0eec4cd6b,30c74b16-2848-48f0-a780-1e15e5accbdd,anon_376d7289-fc63-4549-9336-2b8703819566,2026-01-31T21:24:07.561921+00:00,2026-01-31 21:24:07.561921+00:00,left,ore,ore::lvl-100.txt,original,original::lvl-4.txt,RIGHT,loss,0.0,True,False,False,1,1,13.675,14,1,1,51,1450.0,8.0,50.66615825641842,430.27914814538684,34,1,0,0,0,0,0,0,0,0
v_62079ca3-575e-4de7-9af3-4695f58db06b,btl_f107a458-425f-493e-9cd9-03a0eec4cd6b,30c74b16-2848-48f0-a780-1e15e5accbdd,anon_376d7289-fc63-4549-9336-2b8703819566,2026-01-31T21:24:07.561921+00:00,2026-01-31 21:24:07.561921+00:00,right,original,original::lvl-4.txt,ore,ore::lvl-100.txt,RIGHT,win,1.0,True,False,False,1,1,17.543,14,3,2,66,1442.0,40.0,51.80557174228016,400.5364873914287,35,1,0,0,0,0,0,0,0,0
v_ac96d981-c0c3-4852-906d-df68e1b3a2ff,btl_c2f50633-7cec-432e-a59b-4d2ff84f2737,30c74b16-2848-48f0-a780-1e15e5accbdd,anon_376d7289-fc63-4549-9336-2b8703819566,2026-01-31T21:23:33.588131+00:00,2026-01-31 21:23:33.588131+00:00,left,hopper,hopper::lvl-87.txt,genetic,genetic::lvl-34.txt,TIE,tie,0.5,True,False,False,1,1,3.384,2,0,1,13,649.0,8.0,23.499716730006185,224.58353304196075,7,1,0,0,0,0,0,0,0,0
v_ac96d981-c0c3-4852-906d-df68e1b3a2ff,btl_c2f50633-7cec-432e-a59b-4d2ff84f2737,30c74b16-2848-48f0-a780-1e15e5accbdd,anon_376d7289-fc63-4549-9336-2b8703819566,2026-01-31T21:23:33.588131+00:00,2026-01-31 21:23:33.588131+00:00,right,genetic,genetic::lvl-34.txt,hopper,hopper::lvl-87.txt,TIE,tie,0.5,True,False,False,1,1,1.615,2,0,0,7,242.0,8.0,32.37598001038197,87.69985921381202,5,1,0,0,0,0,0,0,0,0
v_58f703cf-ce33-40a2-bb2f-4fc2a4635b7a,btl_49ab44d7-335d-465b-8a8c-38365a85b6dc,30c74b16-2848-48f0-a780-1e15e5accbdd,anon_376d7289-fc63-4549-9336-2b8703819566,2026-01-31T21:23:24.691654+00:00,2026-01-31 21:23:24.691654+00:00,left,patternOccur,patternOccur::lvl-55.txt,mariodpo,mariodpo::mariodpo_nintendo_0127.txt,RIGHT,loss,0.0,True,False,False,1,1,16.616,17,1,0,62,908.0,8.0,34.62165433672178,279.45024492037254,50,1,0,0,0,0,0,0,0,0
v_58f703cf-ce33-40a2-bb2f-4fc2a4635b7a,btl_49ab44d7-335d-465b-8a8c-38365a85b6dc,30c74b16-2848-48f0-a780-1e15e5accbdd,anon_376d7289-fc63-4549-9336-2b8703819566,2026-01-31T21:23:24.691654+00:00,2026-01-31 21:23:24.691654+00:00,right,mariodpo,mariodpo::mariodpo_nintendo_0127.txt,patternOccur,patternOccur::lvl-55.txt,RIGHT,win,1.0,True,False,False,1,1,14.18,10,3,2,54,1136.0,8.0,27.508204288084794,281.1240005828455,30,1,0,0,0,0,0,0,0,0
v_d2b2c8ec-3baf-439a-a983-c9dd41229487,btl_0a1df3f5-4a39-4183-81a0-d9e11f15a6c0,30c74b16-2848-48f0-a780-1e15e5accbdd,anon_376d7289-fc63-4549-9336-2b8703819566,2026-01-31T21:22:50.481827+00:00,2026-01-31 21:22:50.481827+00:00,left,genetic,genetic::lvl-74.txt,notch,notch::lvl-15.txt,TIE,tie,0.5,True,False,False,1,1,4.072,2,1,0,16,455.0,8.0,15.983267618043564,148.71920637143677,5,1,0,0,0,0,0,0,0,0
v_d2b2c8ec-3baf-439a-a983-c9dd41229487,btl_0a1df3f5-4a39-4183-81a0-d9e11f15a6c0,30c74b16-2848-48f0-a780-1e15e5accbdd,anon_376d7289-fc63-4549-9336-2b8703819566,2026-01-31T21:22:50.481827+00:00,2026-01-31 21:22:50.481827+00:00,right,notch,notch::lvl-15.txt,genetic,genetic::lvl-74.txt,TIE,tie,0.5,True,False,False,1,1,2.082,1,0,0,8,292.0,8.0,20.266582716383144,102.2652800318857,2,1,0,0,0,0,0,0,0,0
v_163fe666-cc7e-4c6a-bd0b-873bb0738065,btl_1a951981-f0ae-40f5-8688-518f457a933c,30c74b16-2848-48f0-a780-1e15e5accbdd,anon_376d7289-fc63-4549-9336-2b8703819566,2026-01-31T21:21:56.640830+00:00,2026-01-31 21:21:56.640830+00:00,left,notchParam,notchParam::lvl-74.txt,notch,notch::lvl-24.txt,RIGHT,loss,0.0,True,False,False,1,1,15.775,15,0,1,60,2684.0,8.0,30.93022613704738,855.7398636073153,32,1,0,0,0,0,0,0,0,0
v_163fe666-cc7e-4c6a-bd0b-873bb0738065,btl_1a951981-f0ae-40f5-8688-518f457a933c,30c74b16-2848-48f0-a780-1e15e5accbdd,anon_376d7289-fc63-4549-9336-2b8703819566,2026-01-31T21:21:56.640830+00:00,2026-01-31 21:21:56.640830+00:00,right,notch,notch::lvl-24.txt,notchParam,notchParam::lvl-74.txt,RIGHT,win,1.0,True,False,False,1,1,2.582,1,0,0,10,381.0,8.0,19.3,130.98870180286542,4,1,0,0,0,0,0,0,0,0
v_5d9d76a9-007a-4109-87f2-4e4b41cf3796,btl_86baf7f5-f117-4381-b067-a96a45f81aab,dbc384d0-65b6-4a93-ba0e-5e7267b98d05,anon_a0cc7026-ba1a-4e0e-9888-6b809e8c5450,2026-01-31T20:19:24.945069+00:00,2026-01-31 20:19:24.945069+00:00,left,patternOccur,patternOccur::lvl-29.txt,notchParam,notchParam::lvl-12.txt,LEFT,win,1.0,True,False,False,1,1,4.679,4,0,0,18,187.0,8.0,30.06330768787431,63.65609762962303,9,1,0,0,0,0,0,0,0,0
v_5d9d76a9-007a-4109-87f2-4e4b41cf3796,btl_86baf7f5-f117-4381-b067-a96a45f81aab,dbc384d0-65b6-4a93-ba0e-5e7267b98d05,anon_a0cc7026-ba1a-4e0e-9888-6b809e8c5450,2026-01-31T20:19:24.945069+00:00,2026-01-31 20:19:24.945069+00:00,right,notchParam,notchParam::lvl-12.txt,patternOccur,patternOccur::lvl-29.txt,LEFT,loss,0.0,True,False,False,1,1,4.887,3,0,1,19,581.0,8.0,29.40471253240836,196.06413954215196,8,1,0,0,0,0,0,0,0,0
v_7a5855e8-2653-46fc-91cd-4c8f003f7a42,btl_95a5a465-e22e-4d92-88e6-14825cbf3852,dbc384d0-65b6-4a93-ba0e-5e7267b98d05,anon_a0cc7026-ba1a-4e0e-9888-6b809e8c5450,2026-01-31T20:19:03.544409+00:00,2026-01-31 20:19:03.544409+00:00,left,mariodpo,mariodpo::mariodpo_nintendo_0030.txt,ore,ore::lvl-85.txt,RIGHT,loss,0.0,True,False,False,1,1,7.856,6,0,0,30,869.0,8.0,19.82243397993518,287.953622809106,15,1,0,0,0,0,0,0,0,0
v_7a5855e8-2653-46fc-91cd-4c8f003f7a42,btl_95a5a465-e22e-4d92-88e6-14825cbf3852,dbc384d0-65b6-4a93-ba0e-5e7267b98d05,anon_a0cc7026-ba1a-4e0e-9888-6b809e8c5450,2026-01-31T20:19:03.544409+00:00,2026-01-31 20:19:03.544409+00:00,right,ore,ore::lvl-85.txt,mariodpo,mariodpo::mariodpo_nintendo_0030.txt,RIGHT,win,1.0,True,False,False,1,1,1.81,0,0,0,7,84.0,8.0,10.052921191862389,26.19082250853282,1,1,0,0,0,0,0,0,0,0
v_f731ae95-db03-4831-87e7-2ded0fd668d5,btl_1c8338cc-eee2-4384-a0a2-f5cbfb46ccab,dbc384d0-65b6-4a93-ba0e-5e7267b98d05,anon_a0cc7026-ba1a-4e0e-9888-6b809e8c5450,2026-01-31T20:18:45.347025+00:00,2026-01-31 20:18:45.347025+00:00,left,genetic,genetic::lvl-27.txt,mariodpo,mariodpo::mariodpo_nintendo_0105.txt,RIGHT,loss,0.0,True,False,False,1,1,11.55,16,4,0,43,486.0,8.0,20.506986765967792,145.58642535332967,38,1,0,0,0,0,0,0,0,0
v_f731ae95-db03-4831-87e7-2ded0fd668d5,btl_1c8338cc-eee2-4384-a0a2-f5cbfb46ccab,dbc384d0-65b6-4a93-ba0e-5e7267b98d05,anon_a0cc7026-ba1a-4e0e-9888-6b809e8c5450,2026-01-31T20:18:45.347025+00:00,2026-01-31 20:18:45.347025+00:00,right,mariodpo,mariodpo::mariodpo_nintendo_0105.txt,genetic,genetic::lvl-27.txt,RIGHT,win,1.0,True,False,False,1,1,3.522,3,0,0,14,379.0,8.0,28.333383353297183,132.60298269800782,9,1,0,0,0,0,0,0,0,0
v_0e217d96-691a-4399-ad7d-b973d59346e2,btl_e7a0322b-0cb9-4a2b-90c8-bdf5d22ef79a,dbc384d0-65b6-4a93-ba0e-5e7267b98d05,anon_a0cc7026-ba1a-4e0e-9888-6b809e8c5450,2026-01-31T20:18:14.567891+00:00,2026-01-31 20:18:14.567891+00:00,left,mariodpo,mariodpo::mariodpo_nintendo_0008.txt,marioDiffusion,marioDiffusion::level_57.txt,LEFT,win,1.0,True,False,False,1,1,21.742,5,0,0,46,515.0,8.0,22.657149165717655,153.68721611433864,12,1,0,0,0,0,0,0,0,0
v_0e217d96-691a-4399-ad7d-b973d59346e2,btl_e7a0322b-0cb9-4a2b-90c8-bdf5d22ef79a,dbc384d0-65b6-4a93-ba0e-5e7267b98d05,anon_a0cc7026-ba1a-4e0e-9888-6b809e8c5450,2026-01-31T20:18:14.567891+00:00,2026-01-31 20:18:14.567891+00:00,right,marioDiffusion,marioDiffusion::level_57.txt,mariodpo,mariodpo::mariodpo_nintendo_0008.txt,LEFT,loss,0.0,True,False,False,1,1,2.711,1,0,0,11,89.0,0.0,23.066200094008973,24.67038911678439,3,1,0,0,0,0,0,0,0,0
v_6736c9ca-0887-40f1-83ca-ecec257d0c49,btl_2a188da8-e61b-44a5-93b8-e06e80903be7,dbc384d0-65b6-4a93-ba0e-5e7267b98d05,anon_a0cc7026-ba1a-4e0e-9888-6b809e8c5450,2026-01-31T20:17:41.433456+00:00,2026-01-31 20:17:41.433456+00:00,left,mariodpo,mariodpo::mariodpo_nintendo_0070.txt,original,original::lvl-1.txt,RIGHT,loss,0.0,True,False,True,0,0,19.01,12,1,1,72,1565.0,8.0,18.350749303502567,453.9435382492077,27,0,0,0,0,0,0,0,0,0
v_6736c9ca-0887-40f1-83ca-ecec257d0c49,btl_2a188da8-e61b-44a5-93b8-e06e80903be7,dbc384d0-65b6-4a93-ba0e-5e7267b98d05,anon_a0cc7026-ba1a-4e0e-9888-6b809e8c5450,2026-01-31T20:17:41.433456+00:00,2026-01-31 20:17:41.433456+00:00,right,original,original::lvl-1.txt,mariodpo,mariodpo::mariodpo_nintendo_0070.txt,RIGHT,win,1.0,True,False,True,0,0,54.485,49,2,2,200,3129.0,56.0,36.21049571602134,808.8662355266166,122,0,0,0,0,0,0,0,0,0
v_b4223af6-4d4c-4eca-ad24-c12d038e8227,btl_bc7c89ca-1ce7-418a-a664-f05fc42f386e,dbc384d0-65b6-4a93-ba0e-5e7267b98d05,anon_a0cc7026-ba1a-4e0e-9888-6b809e8c5450,2026-01-31T20:16:19.648097+00:00,2026-01-31 20:16:19.648097+00:00,left,mariodpo,mariodpo::mariodpo_nintendo_0014.txt,hopper,hopper::lvl-64.txt,LEFT,win,1.0,True,False,False,1,1,15.057,12,1,0,57,932.0,8.0,24.77697379193516,316.46828309871506,31,1,0,0,0,0,0,0,0,0
v_b4223af6-4d4c-4eca-ad24-c12d038e8227,btl_bc7c89ca-1ce7-418a-a664-f05fc42f386e,dbc384d0-65b6-4a93-ba0e-5e7267b98d05,anon_a0cc7026-ba1a-4e0e-9888-6b809e8c5450,2026-01-31T20:16:19.648097+00:00,2026-01-31 20:16:19.648097+00:00,right,hopper,hopper::lvl-64.txt,mariodpo,mariodpo::mariodpo_nintendo_0014.txt,LEFT,loss,0.0,True,False,False,1,1,8.512,5,0,1,30,852.0,8.0,20.440700140215895,299.21496546054567,26,1,0,0,0,0,0,0,0,0
v_de958d97-1214-42d6-a614-f44ab89b5196,btl_2d5a67bd-58ee-4afa-a52d-ff109f370e84,1bd6109e-e8db-475f-a195-5e4b00cf825d,anon_a0cc7026-ba1a-4e0e-9888-6b809e8c5450,2026-01-31T20:13:42.348707+00:00,2026-01-31 20:13:42.348707+00:00,left,mariodpo,mariodpo::mariodpo_nintendo_0042.txt,notchParamRand,notchParamRand::lvl-28.txt,LEFT,win,1.0,True,False,False,1,1,7.179,5,0,1,28,460.0,8.0,34.7053192417743,151.76964200621242,12,1,0,0,0,0,0,0,0,0
v_de958d97-1214-42d6-a614-f44ab89b5196,btl_2d5a67bd-58ee-4afa-a52d-ff109f370e84,1bd6109e-e8db-475f-a195-5e4b00cf825d,anon_a0cc7026-ba1a-4e0e-9888-6b809e8c5450,2026-01-31T20:13:42.348707+00:00,2026-01-31 20:13:42.348707+00:00,right,notchParamRand,notchParamRand::lvl-28.txt,mariodpo,mariodpo::mariodpo_nintendo_0042.txt,LEFT,loss,0.0,True,False,True,0,0,22.575,22,1,0,85,3085.0,8.0,28.330882314773827,984.3806957609698,46,0,0,0,0,0,0,0,0,0
v_efb63028-3afa-4e31-896f-8ceb32fe8cb0,btl_443cd3a0-1155-438e-b269-a2ce3f5b0dbe,1bd6109e-e8db-475f-a195-5e4b00cf825d,anon_a0cc7026-ba1a-4e0e-9888-6b809e8c5450,2026-01-31T20:13:05.339191+00:00,2026-01-31 20:13:05.339191+00:00,left,mariogan,mariogan::level_96.txt,notchParamRand,notchParamRand::lvl-20.txt,RIGHT,loss,0.0,True,False,False,1,1,0.826,0,0,0,4,8.0,8.0,0.0,0.0,3,1,0,0,0,0,0,0,0,0
v_efb63028-3afa-4e31-896f-8ceb32fe8cb0,btl_443cd3a0-1155-438e-b269-a2ce3f5b0dbe,1bd6109e-e8db-475f-a195-5e4b00cf825d,anon_a0cc7026-ba1a-4e0e-9888-6b809e8c5450,2026-01-31T20:13:05.339191+00:00,2026-01-31 20:13:05.339191+00:00,right,notchParamRand,notchParamRand::lvl-20.txt,mariogan,mariogan::level_96.txt,RIGHT,win,1.0,True,False,False,1,1,17.991,10,0,0,68,1012.0,8.0,35.64221416797571,314.3056536261861,21,1,0,0,0,0,0,0,0,0
v_48226bcf-9d4c-4d36-8f55-6c0c22a136cd,btl_502ae986-4043-47e8-a7ff-51260cabb947,e33fdf48-87c4-4797-aafb-de8f5446f798,anon_376d7289-fc63-4549-9336-2b8703819566,2026-01-31T16:51:17.304793+00:00,2026-01-31 16:51:17.304793+00:00,left,mariodpo,mariodpo::mariodpo_nintendo_0131.txt,mariogan,mariogan::level_99.txt,LEFT,win,1.0,True,False,True,0,0,21.47,18,1,4,80,1514.0,8.0,55.66381230206929,387.6989803636321,44,0,0,0,0,0,0,0,0,0
v_48226bcf-9d4c-4d36-8f55-6c0c22a136cd,btl_502ae986-4043-47e8-a7ff-51260cabb947,e33fdf48-87c4-4797-aafb-de8f5446f798,anon_376d7289-fc63-4549-9336-2b8703819566,2026-01-31T16:51:17.304793+00:00,2026-01-31 16:51:17.304793+00:00,right,mariogan,mariogan::level_99.txt,mariodpo,mariodpo::mariodpo_nintendo_0131.txt,LEFT,loss,0.0,True,False,False,1,1,7.814,8,0,1,30,1506.0,8.0,25.4950104050882,485.8923120290018,17,1,0,0,0,0,0,0,0,0
v_4d7ea814-3da3-4727-bdc7-08aa91ed49d0,btl_6411f54d-57ee-456c-87c9-118ca142c635,e33fdf48-87c4-4797-aafb-de8f5446f798,anon_376d7289-fc63-4549-9336-2b8703819566,2026-01-31T16:50:45.621670+00:00,2026-01-31 16:50:45.621670+00:00,left,marioDiffusion,marioDiffusion::level_98.txt,notchParamRand,notchParamRand::lvl-7.txt,LEFT,win,1.0,True,False,False,1,1,12.106,8,0,0,46,1800.0,8.0,81.7077067257079,587.7390468103661,16,1,0,0,0,0,0,0,0,0
v_4d7ea814-3da3-4727-bdc7-08aa91ed49d0,btl_6411f54d-57ee-456c-87c9-118ca142c635,e33fdf48-87c4-4797-aafb-de8f5446f798,anon_376d7289-fc63-4549-9336-2b8703819566,2026-01-31T16:50:45.621670+00:00,2026-01-31 16:50:45.621670+00:00,right,notchParamRand,notchParamRand::lvl-7.txt,marioDiffusion,marioDiffusion::level_98.txt,LEFT,loss,0.0,True,False,False,1,1,3.582,2,0,0,14,637.0,8.0,41.82549998481299,205.61744992652183,5,1,0,0,0,0,0,0,0,0
v_197d3f2c-0fde-4a39-98ee-63ecd4f47937,btl_f8446311-fc55-47b8-9a43-391b874a217b,e33fdf48-87c4-4797-aafb-de8f5446f798,anon_376d7289-fc63-4549-9336-2b8703819566,2026-01-31T16:50:27.061952+00:00,2026-01-31 16:50:27.061952+00:00,left,patternOccur,patternOccur::lvl-27.txt,ore,ore::lvl-8.txt,RIGHT,loss,0.0,True,False,False,1,1,3.803,3,0,0,15,261.0,8.0,38.72891541069655,90.29571172295812,7,1,0,0,0,0,0,0,0,0
v_197d3f2c-0fde-4a39-98ee-63ecd4f47937,btl_f8446311-fc55-47b8-9a43-391b874a217b,e33fdf48-87c4-4797-aafb-de8f5446f798,anon_376d7289-fc63-4549-9336-2b8703819566,2026-01-31T16:50:27.061952+00:00,2026-01-31 16:50:27.061952+00:00,right,ore,ore::lvl-8.txt,patternOccur,patternOccur::lvl-27.txt,RIGHT,win,1.0,True,False,False,1,1,5.55,4,0,0,21,443.0,8.0,34.17110473913553,122.92093212937965,9,1,0,0,0,0,0,0,0,0
v_c8de17f1-9ba8-4425-a762-955a6169d2b9,btl_5149462e-27e5-4ba9-821d-4d59675b2a30,e33fdf48-87c4-4797-aafb-de8f5446f798,anon_376d7289-fc63-4549-9336-2b8703819566,2026-01-31T16:50:15.181187+00:00,2026-01-31 16:50:15.181187+00:00,left,original,original::lvl-10.txt,genetic,genetic::lvl-74.txt,LEFT,win,1.0,True,False,False,1,1,4.109,3,0,0,16,624.0,24.0,40.726987367100946,199.27713115156993,7,1,0,0,0,0,0,0,0,0
v_c8de17f1-9ba8-4425-a762-955a6169d2b9,btl_5149462e-27e5-4ba9-821d-4d59675b2a30,e33fdf48-87c4-4797-aafb-de8f5446f798,anon_376d7289-fc63-4549-9336-2b8703819566,2026-01-31T16:50:15.181187+00:00,2026-01-31 16:50:15.181187+00:00,right,genetic,genetic::lvl-74.txt,original,original::lvl-10.txt,LEFT,loss,0.0,True,False,False,1,1,1.883,2,0,0,8,465.0,8.0,34.352720052420885,161.6630369008327,4,1,0,0,0,0,0,0,0,0
v_697c704b-b2c8-46ba-b3d7-70ebb5603847,btl_2dbca472-daa7-474a-af89-7cda1d746748,e33fdf48-87c4-4797-aafb-de8f5446f798,anon_376d7289-fc63-4549-9336-2b8703819566,2026-01-31T16:50:04.477499+00:00,2026-01-31 16:50:04.477499+00:00,left,mariogan,mariogan::level_91.txt,mariodpo,mariodpo::mariodpo_nintendo_0039.txt,RIGHT,loss,0.0,True,False,True,0,0,30.65,31,0,2,116,2669.0,8.0,39.8043100741066,835.1932450276604,64,0,0,0,0,0,0,0,0,0
v_697c704b-b2c8-46ba-b3d7-70ebb5603847,btl_2dbca472-daa7-474a-af89-7cda1d746748,e33fdf48-87c4-4797-aafb-de8f5446f798,anon_376d7289-fc63-4549-9336-2b8703819566,2026-01-31T16:50:04.477499+00:00,2026-01-31 16:50:04.477499+00:00,right,mariodpo,mariodpo::mariodpo_nintendo_0039.txt,mariogan,mariogan::level_91.txt,RIGHT,win,1.0,True,False,True,0,0,45.007,43,3,1,167,2502.0,8.0,54.88708138370905,607.8075375095112,99,0,0,0,0,0,0,0,0,0
v_ec8117bb-ff0f-4906-bd60-9b3c3ef5cc40,btl_8c2c36b0-626b-45f4-9ded-793e6f11a51f,e33fdf48-87c4-4797-aafb-de8f5446f798,anon_376d7289-fc63-4549-9336-2b8703819566,2026-01-31T16:48:43.274130+00:00,2026-01-31 16:48:43.274130+00:00,left,mariogpt,mariogpt::level_028.txt,ore,ore::lvl-77.txt,LEFT,win,1.0,True,False,False,1,1,8.605,7,3,0,33,305.0,8.0,34.14023367751832,83.14254744468855,23,1,0,0,0,0,0,0,0,0
v_ec8117bb-ff0f-4906-bd60-9b3c3ef5cc40,btl_8c2c36b0-626b-45f4-9ded-793e6f11a51f,e33fdf48-87c4-4797-aafb-de8f5446f798,anon_376d7289-fc63-4549-9336-2b8703819566,2026-01-31T16:48:43.274130+00:00,2026-01-31 16:48:43.274130+00:00,right,ore,ore::lvl-77.txt,mariogpt,mariogpt::level_028.txt,LEFT,loss,0.0,True,False,False,1,1,1.549,0,0,0,6,108.0,8.0,8.571593913749194,36.885709367661015,1,1,0,0,0,0,0,0,0,0
v_e32f1dc9-694f-495b-9f40-e91f41ad47e6,btl_8590b5fc-5f0a-46dc-90e3-7195106a492c,e33fdf48-87c4-4797-aafb-de8f5446f798,anon_376d7289-fc63-4549-9336-2b8703819566,2026-01-31T16:48:29.289436+00:00,2026-01-31 16:48:29.289436+00:00,left,original,original::lvl-13.txt,ore,ore::lvl-23.txt,TIE,tie,0.5,True,False,False,1,1,2.676,2,0,0,11,397.0,24.0,27.617816743053613,135.02310790905935,5,1,0,0,0,0,0,0,0,0
v_e32f1dc9-694f-495b-9f40-e91f41ad47e6,btl_8590b5fc-5f0a-46dc-90e3-7195106a492c,e33fdf48-87c4-4797-aafb-de8f5446f798,anon_376d7289-fc63-4549-9336-2b8703819566,2026-01-31T16:48:29.289436+00:00,2026-01-31 16:48:29.289436+00:00,right,ore,ore::lvl-23.txt,original,original::lvl-13.txt,TIE,tie,0.5,True,False,False,1,1,1.683,1,0,0,7,118.0,8.0,30.72458299147443,43.00403398258715,2,1,0,0,0,0,0,0,0,0
v_a702363b-a726-402a-b481-5bce4cbe1859,btl_ef59e265-c222-4b55-9e6b-bc468e88884f,e33fdf48-87c4-4797-aafb-de8f5446f798,anon_376d7289-fc63-4549-9336-2b8703819566,2026-01-31T16:48:22.936526+00:00,2026-01-31 16:48:22.936526+00:00,left,patternWeightCount,patternWeightCount::lvl-5.txt,mariodpo,mariodpo::mariodpo_nintendo_0123.txt,RIGHT,loss,0.0,True,False,False,1,1,3.052,2,0,0,12,154.0,8.0,37.830763495687826,46.82117279844902,6,1,0,0,0,0,0,0,0,0
v_a702363b-a726-402a-b481-5bce4cbe1859,btl_ef59e265-c222-4b55-9e6b-bc468e88884f,e33fdf48-87c4-4797-aafb-de8f5446f798,anon_376d7289-fc63-4549-9336-2b8703819566,2026-01-31T16:48:22.936526+00:00,2026-01-31 16:48:22.936526+00:00,right,mariodpo,mariodpo::mariodpo_nintendo_0123.txt,patternWeightCount,patternWeightCount::lvl-5.txt,RIGHT,win,1.0,True,False,False,1,1,6.914,4,0,0,27,182.0,8.0,43.040319884992364,48.706759515457094,9,1,0,0,0,0,0,0,0,0
v_a53cd2ef-2947-4e0b-a876-227678eefbfb,btl_84f6b274-c695-448f-b75c-422020bafe24,e33fdf48-87c4-4797-aafb-de8f5446f798,anon_376d7289-fc63-4549-9336-2b8703819566,2026-01-31T16:48:09.557045+00:00,2026-01-31 16:48:09.557045+00:00,left,ore,ore::lvl-79.txt,mariodpo,mariodpo::mariodpo_nintendo_0158.txt,TIE,tie,0.5,True,False,False,1,1,3.415,1,0,0,13,102.0,8.0,17.063404212337275,38.963797489373384,3,1,0,0,0,0,0,0,0,0
v_a53cd2ef-2947-4e0b-a876-227678eefbfb,btl_84f6b274-c695-448f-b75c-422020bafe24,e33fdf48-87c4-4797-aafb-de8f5446f798,anon_376d7289-fc63-4549-9336-2b8703819566,2026-01-31T16:48:09.557045+00:00,2026-01-31 16:48:09.557045+00:00,right,mariodpo,mariodpo::mariodpo_nintendo_0158.txt,ore,ore::lvl-79.txt,TIE,tie,0.5,True,False,True,0,0,5.547,4,0,3,21,2372.0,2072.0,25.273559988001693,99.51305478459777,12,0,0,0,0,0,0,0,0,0
v_41401b86-7159-41ed-a85c-13c61d73cec0,btl_ecd362de-22a0-40d9-af7a-ea785c3525c7,e33fdf48-87c4-4797-aafb-de8f5446f798,anon_376d7289-fc63-4549-9336-2b8703819566,2026-01-31T16:47:48.778681+00:00,2026-01-31 16:47:48.778681+00:00,left,patternCount,patternCount::lvl-65.txt,patternOccur,patternOccur::lvl-11.txt,TIE,tie,0.5,True,False,False,1,1,2.517,2,0,0,10,133.0,8.0,44.911468468532625,43.11252718178325,7,1,0,0,0,0,0,0,0,0
v_41401b86-7159-41ed-a85c-13c61d73cec0,btl_ecd362de-22a0-40d9-af7a-ea785c3525c7,e33fdf48-87c4-4797-aafb-de8f5446f798,anon_376d7289-fc63-4549-9336-2b8703819566,2026-01-31T16:47:48.778681+00:00,2026-01-31 16:47:48.778681+00:00,right,patternOccur,patternOccur::lvl-11.txt,patternCount,patternCount::lvl-65.txt,TIE,tie,0.5,True,False,False,1,1,1.282,1,0,0,5,101.0,8.0,27.594202289611488,36.60054644400818,8,1,0,0,0,0,0,0,0,0
v_da60c59d-4944-452b-af22-c757ec24d04e,btl_d3c26edf-4dd2-42a1-bf4a-d2e69c88fb16,7a973411-2df0-42fc-8902-fa3096a38dbf,anon_376d7289-fc63-4549-9336-2b8703819566,2026-01-31T08:41:02.102134+00:00,2026-01-31 08:41:02.102134+00:00,left,patternOccur,patternOccur::lvl-85.txt,ore,ore::lvl-59.txt,RIGHT,loss,0.0,True,False,False,1,1,6.071,2,0,0,22,52.0,6.0,14.231556137072454,11.714580869953378,8,1,0,0,0,0,0,0,0,0
v_da60c59d-4944-452b-af22-c757ec24d04e,btl_d3c26edf-4dd2-42a1-bf4a-d2e69c88fb16,7a973411-2df0-42fc-8902-fa3096a38dbf,anon_376d7289-fc63-4549-9336-2b8703819566,2026-01-31T08:41:02.102134+00:00,2026-01-31 08:41:02.102134+00:00,right,ore,ore::lvl-59.txt,patternOccur,patternOccur::lvl-85.txt,RIGHT,win,1.0,True,False,False,1,1,16.679,13,1,1,63,623.0,6.0,30.855264819718958,212.28984213171955,30,1,0,0,0,0,0,0,0,0
v_58e31b93-fba2-44bd-a4b1-7a6b89abfbd0,btl_995a840e-a84c-46e4-a9a7-dc986d8d9223,7a973411-2df0-42fc-8902-fa3096a38dbf,anon_376d7289-fc63-4549-9336-2b8703819566,2026-01-31T08:40:36.240326+00:00,2026-01-31 08:40:36.240326+00:00,left,notch,notch::lvl-46.txt,original,original::lvl-5.txt,RIGHT,loss,0.0,True,False,False,1,1,6.142,5,0,0,24,931.0,8.0,31.28131764061951,305.7485094676124,11,1,0,0,0,0,0,0,0,0
v_58e31b93-fba2-44bd-a4b1-7a6b89abfbd0,btl_995a840e-a84c-46e4-a9a7-dc986d8d9223,7a973411-2df0-42fc-8902-fa3096a38dbf,anon_376d7289-fc63-4549-9336-2b8703819566,2026-01-31T08:40:36.240326+00:00,2026-01-31 08:40:36.240326+00:00,right,original,original::lvl-5.txt,notch,notch::lvl-46.txt,RIGHT,win,1.0,True,False,True,0,0,58.139,47,5,16,216,3056.0,24.0,51.10346137567161,891.5170950183045,123,0,0,0,0,0,0,0,0,0
v_57cc0ad4-488e-434f-8763-ac367aa3d28f,btl_e7dbc22f-0c17-4a0c-b3bc-2ca29f6db054,9af7bb86-418c-4233-83e9-ed26e2b047b6,anon_376d7289-fc63-4549-9336-2b8703819566,2026-01-31T08:22:22.699006+00:00,2026-01-31 08:22:22.699006+00:00,left,marioDiffusion,marioDiffusion::level_50.txt,original,original::lvl-6.txt,TIE,tie,0.5,True,False,False,1,1,22.472,12,0,0,85,555.0,8.0,46.67646132176786,164.92517754076002,24,1,0,0,0,0,0,0,0,0
v_57cc0ad4-488e-434f-8763-ac367aa3d28f,btl_e7dbc22f-0c17-4a0c-b3bc-2ca29f6db054,9af7bb86-418c-4233-83e9-ed26e2b047b6,anon_376d7289-fc63-4549-9336-2b8703819566,2026-01-31T08:22:22.699006+00:00,2026-01-31 08:22:22.699006+00:00,right,original,original::lvl-6.txt,marioDiffusion,marioDiffusion::level_50.txt,TIE,tie,0.5,True,False,False,1,1,2.015,2,0,0,8,255.0,24.0,22.36871420086546,81.75573374387878,5,1,0,0,0,0,0,0,0,0
v_b6de6b9f-fefa-4dcb-bd45-73d9be26ff38,btl_92f45c3c-86bd-4619-a94f-b8e646701332,51af43a2-c542-4cce-bac2-3c728baece9c,anon_376d7289-fc63-4549-9336-2b8703819566,2026-01-31T08:21:21.346005+00:00,2026-01-31 08:21:21.346005+00:00,left,mariogpt,mariogpt::level_013.txt,mariogan,mariogan::level_78.txt,LEFT,win,1.0,True,False,False,1,1,45.473,31,4,3,166,1991.0,8.0,37.23719884847676,611.3823721941593,82,1,0,0,0,0,0,0,0,0
v_b6de6b9f-fefa-4dcb-bd45-73d9be26ff38,btl_92f45c3c-86bd-4619-a94f-b8e646701332,51af43a2-c542-4cce-bac2-3c728baece9c,anon_376d7289-fc63-4549-9336-2b8703819566,2026-01-31T08:21:21.346005+00:00,2026-01-31 08:21:21.346005+00:00,right,mariogan,mariogan::level_78.txt,mariogpt,mariogpt::level_013.txt,LEFT,loss,0.0,True,False,True,0,0,38.476,35,0,2,144,2658.0,8.0,44.26834415660116,774.0100173099952,74,0,0,0,0,0,0,0,0,0
v_fa96d8c4-05e6-498f-a6d3-376b59a5452a,btl_2a4d749e-d90f-4a15-9caf-8dfbe2c968c7,51af43a2-c542-4cce-bac2-3c728baece9c,anon_376d7289-fc63-4549-9336-2b8703819566,2026-01-31T08:19:35.438084+00:00,2026-01-31 08:19:35.438084+00:00,left,notch,notch::lvl-40.txt,ore,ore::lvl-26.txt,RIGHT,loss,0.0,True,False,False,1,1,37.736,23,0,0,142,2054.0,8.0,39.73198745616461,569.3313198442573,46,1,0,0,0,0,0,0,0,0
v_fa96d8c4-05e6-498f-a6d3-376b59a5452a,btl_2a4d749e-d90f-4a15-9caf-8dfbe2c968c7,51af43a2-c542-4cce-bac2-3c728baece9c,anon_376d7289-fc63-4549-9336-2b8703819566,2026-01-31T08:19:35.438084+00:00,2026-01-31 08:19:35.438084+00:00,right,ore,ore::lvl-26.txt,notch,notch::lvl-40.txt,RIGHT,win,1.0,True,False,True,0,0,64.605,55,3,1,243,3065.0,8.0,50.311833572926936,777.5019911689875,123,0,0,0,0,0,0,0,0,0
v_b6b0540a-ff8d-4a4d-b17b-4be2b334bf74,btl_a4dda770-572c-4ed8-be92-0ce90ccaa24e,f0a25d20-566c-4bea-8d0d-f40e6d4ccb4e,anon_376d7289-fc63-4549-9336-2b8703819566,2026-01-31T08:15:19.104412+00:00,2026-01-31 08:15:19.104412+00:00,left,genetic,genetic::lvl-84.txt,hopper,hopper::lvl-1.txt,RIGHT,loss,0.0,True,False,True,0,0,14.585,6,0,0,55,2055.0,8.0,28.242901543632257,651.2913773280113,13,0,0,0,0,0,0,0,0,0
v_b6b0540a-ff8d-4a4d-b17b-4be2b334bf74,btl_a4dda770-572c-4ed8-be92-0ce90ccaa24e,f0a25d20-566c-4bea-8d0d-f40e6d4ccb4e,anon_376d7289-fc63-4549-9336-2b8703819566,2026-01-31T08:15:19.104412+00:00,2026-01-31 08:15:19.104412+00:00,right,hopper,hopper::lvl-1.txt,genetic,genetic::lvl-84.txt,RIGHT,win,1.0,True,False,True,0,0,24.877,23,0,0,94,3128.0,8.0,39.36078204790096,929.482445053803,59,0,0,0,0,0,0,0,0,0
v_493fb6e7-08d0-488c-9503-2523fda0d0d9,btl_a963aceb-12b3-48d9-b178-6ee1142bf7f8,f0a25d20-566c-4bea-8d0d-f40e6d4ccb4e,anon_376d7289-fc63-4549-9336-2b8703819566,2026-01-31T08:14:22.989701+00:00,2026-01-31 08:14:22.989701+00:00,left,notch,notch::lvl-72.txt,ore,ore::lvl-98.txt,RIGHT,loss,0.0,True,False,False,1,1,4.048,3,0,0,16,783.0,8.0,30.69914493923243,266.1175727004889,7,1,0,0,0,0,0,0,0,0
v_493fb6e7-08d0-488c-9503-2523fda0d0d9,btl_a963aceb-12b3-48d9-b178-6ee1142bf7f8,f0a25d20-566c-4bea-8d0d-f40e6d4ccb4e,anon_376d7289-fc63-4549-9336-2b8703819566,2026-01-31T08:14:22.989701+00:00,2026-01-31 08:14:22.989701+00:00,right,ore,ore::lvl-98.txt,notch,notch::lvl-72.txt,RIGHT,win,1.0,True,False,False,1,1,11.58,9,1,0,44,404.0,3.0,36.14165198582465,146.92986710368808,21,1,0,0,0,0,0,0,0,0
v_57163af1-802d-46eb-83d3-75999ed153c1,btl_bdcd8e6c-86a1-4732-b12b-0e70d3e440c3,f0a25d20-566c-4bea-8d0d-f40e6d4ccb4e,anon_376d7289-fc63-4549-9336-2b8703819566,2026-01-31T08:13:59.537337+00:00,2026-01-31 08:13:59.537337+00:00,left,mariogpt,mariogpt::level_059.txt,patternOccur,patternOccur::lvl-20.txt,LEFT,win,1.0,True,False,False,1,1,92.376,68,19,7,346,2329.0,8.0,37.95109859974625,819.630034001668,172,1,0,0,0,0,0,0,0,0
v_57163af1-802d-46eb-83d3-75999ed153c1,btl_bdcd8e6c-86a1-4732-b12b-0e70d3e440c3,f0a25d20-566c-4bea-8d0d-f40e6d4ccb4e,anon_376d7289-fc63-4549-9336-2b8703819566,2026-01-31T08:13:59.537337+00:00,2026-01-31 08:13:59.537337+00:00,right,patternOccur,patternOccur::lvl-20.txt,mariogpt,mariogpt::level_059.txt,LEFT,loss,0.0,True,False,False,1,1,14.879,10,0,0,56,785.0,8.0,49.339877071064485,170.21298183062734,31,1,0,0,0,0,0,0,0,0
v_9c7f641a-c5ce-4366-abf2-af5423d9d171,btl_74116009-e658-4d17-a832-f6b488037c31,f0a25d20-566c-4bea-8d0d-f40e6d4ccb4e,anon_376d7289-fc63-4549-9336-2b8703819566,2026-01-31T08:11:54.682828+00:00,2026-01-31 08:11:54.682828+00:00,left,hopper,hopper::lvl-61.txt,marioDiffusion,marioDiffusion::level_35.txt,LEFT,win,1.0,True,False,True,0,0,31.074,24,0,4,117,3117.0,8.0,41.20442525598987,979.4314890717856,65,0,0,0,0,0,0,0,0,0
v_9c7f641a-c5ce-4366-abf2-af5423d9d171,btl_74116009-e658-4d17-a832-f6b488037c31,f0a25d20-566c-4bea-8d0d-f40e6d4ccb4e,anon_376d7289-fc63-4549-9336-2b8703819566,2026-01-31T08:11:54.682828+00:00,2026-01-31 08:11:54.682828+00:00,right,marioDiffusion,marioDiffusion::level_35.txt,hopper,hopper::lvl-61.txt,LEFT,loss,0.0,True,False,False,1,1,6.014,3,6,0,23,378.0,8.0,48.65930320380444,99.41718632921648,12,1,1,0,0,0,0,0,1,0
v_bcf8f11d-563d-4d86-ae36-3b28e50a8e3c,btl_15fb4fa8-8bb5-4bc5-9941-2772a7fb5fdf,f0a25d20-566c-4bea-8d0d-f40e6d4ccb4e,anon_376d7289-fc63-4549-9336-2b8703819566,2026-01-31T08:11:08.635103+00:00,2026-01-31 08:11:08.635103+00:00,left,hopper,hopper::lvl-33.txt,notch,notch::lvl-38.txt,TIE,tie,0.5,True,False,False,1,1,8.904,3,0,0,34,494.0,8.0,20.305793742564486,199.2828687185777,12,1,0,0,0,0,0,0,0,0
v_bcf8f11d-563d-4d86-ae36-3b28e50a8e3c,btl_15fb4fa8-8bb5-4bc5-9941-2772a7fb5fdf,f0a25d20-566c-4bea-8d0d-f40e6d4ccb4e,anon_376d7289-fc63-4549-9336-2b8703819566,2026-01-31T08:11:08.635103+00:00,2026-01-31 08:11:08.635103+00:00,right,notch,notch::lvl-38.txt,hopper,hopper::lvl-33.txt,TIE,tie,0.5,True,False,True,0,0,30.41,26,0,0,115,2468.0,8.0,33.269360666659075,746.8131665848554,54,0,0,0,0,0,0,0,0,0
v_5e4d94ee-4e17-4c0f-845e-b92e12ff8b78,btl_5c87014a-7eeb-4efa-9a92-2b0d07c2513e,507a0e44-01a7-4669-b2bc-54f451ddac70,anon_376d7289-fc63-4549-9336-2b8703819566,2026-01-31T08:10:08.358501+00:00,2026-01-31 08:10:08.358501+00:00,left,original,original::lvl-13.txt,patternOccur,patternOccur::lvl-12.txt,LEFT,win,1.0,True,False,False,1,1,90.119,21,11,0,139,1378.0,24.0,54.77077971552392,472.5559547569732,55,1,0,0,0,0,0,0,0,0
v_5e4d94ee-4e17-4c0f-845e-b92e12ff8b78,btl_5c87014a-7eeb-4efa-9a92-2b0d07c2513e,507a0e44-01a7-4669-b2bc-54f451ddac70,anon_376d7289-fc63-4549-9336-2b8703819566,2026-01-31T08:10:08.358501+00:00,2026-01-31 08:10:08.358501+00:00,right,patternOccur,patternOccur::lvl-12.txt,original,original::lvl-13.txt,LEFT,loss,0.0,False,True,False,0,0,0.0,0,0,0,0,,,,,0,0,0,0,0,0,0,0,0,0
v_e4139151-db8d-456f-a1ae-1158d304cd74,btl_3e3976b9-40a5-449c-9510-ecb2b43b93e7,507a0e44-01a7-4669-b2bc-54f451ddac70,anon_376d7289-fc63-4549-9336-2b8703819566,2026-01-31T08:05:57.851346+00:00,2026-01-31 08:05:57.851346+00:00,left,mariogpt,mariogpt::level_070.txt,notchParam,notchParam::lvl-57.txt,LEFT,win,1.0,True,False,True,0,0,69.419,28,0,2,260,2356.0,8.0,61.566537345461114,710.9197713954414,63,0,2,1,0,0,0,1,0,0
v_e4139151-db8d-456f-a1ae-1158d304cd74,btl_3e3976b9-40a5-449c-9510-ecb2b43b93e7,507a0e44-01a7-4669-b2bc-54f451ddac70,anon_376d7289-fc63-4549-9336-2b8703819566,2026-01-31T08:05:57.851346+00:00,2026-01-31 08:05:57.851346+00:00,right,notchParam,notchParam::lvl-57.txt,mariogpt,mariogpt::level_070.txt,LEFT,loss,0.0,True,False,False,1,1,24.145,4,0,0,91,864.0,8.0,14.175858250235903,225.8362270520395,9,1,0,0,0,0,0,0,0,0
v_0507c042-6b42-42ae-bedc-9427b68aa69a,btl_b79ea746-7b89-4786-b8f2-a8b390a3398b,f8cb29ac-40ef-4169-8c89-2089863c2614,anon_376d7289-fc63-4549-9336-2b8703819566,2026-01-30T14:24:06.277079+00:00,2026-01-30 14:24:06.277079+00:00,left,patternCount,patternCount::lvl-27.txt,patternWeightCount,patternWeightCount::lvl-64.txt,RIGHT,loss,0.0,True,False,True,0,0,82.036,63,1,0,308,3154.0,8.0,31.67302347700223,780.1523929527943,186,0,0,0,0,0,0,0,0,0
v_0507c042-6b42-42ae-bedc-9427b68aa69a,btl_b79ea746-7b89-4786-b8f2-a8b390a3398b,f8cb29ac-40ef-4169-8c89-2089863c2614,anon_376d7289-fc63-4549-9336-2b8703819566,2026-01-30T14:24:06.277079+00:00,2026-01-30 14:24:06.277079+00:00,right,patternWeightCount,patternWeightCount::lvl-64.txt,patternCount,patternCount::lvl-27.txt,RIGHT,win,1.0,True,False,True,0,0,72.77,49,3,0,274,3182.0,8.0,28.160972741410188,886.858184706564,128,0,0,0,0,0,0,0,0,0
v_623a6869-a682-4a98-ab15-81aac195073c,btl_98862ecb-96c6-4530-beff-1a99fa4b6657,f8cb29ac-40ef-4169-8c89-2089863c2614,anon_376d7289-fc63-4549-9336-2b8703819566,2026-01-30T14:21:26.573603+00:00,2026-01-30 14:21:26.573603+00:00,left,notch,notch::lvl-66.txt,mariogan,mariogan::level_49.txt,LEFT,win,1.0,True,False,True,0,0,75.814,27,0,0,123,2363.0,8.0,39.051892409291895,735.6231441925027,54,0,0,0,0,0,0,0,0,0
v_623a6869-a682-4a98-ab15-81aac195073c,btl_98862ecb-96c6-4530-beff-1a99fa4b6657,f8cb29ac-40ef-4169-8c89-2089863c2614,anon_376d7289-fc63-4549-9336-2b8703819566,2026-01-30T14:21:26.573603+00:00,2026-01-30 14:21:26.573603+00:00,right,mariogan,mariogan::level_49.txt,notch,notch::lvl-66.txt,LEFT,loss,0.0,True,False,False,1,1,1.381,1,0,0,6,129.0,8.0,26.197964297504747,44.90731195102493,2,1,0,0,0,0,0,0,0,0
v_329aa4d5-9b4b-46db-bd6a-ca81d02fee63,btl_a0862c8b-92c9-468a-87a4-42e85e1d860b,f8cb29ac-40ef-4169-8c89-2089863c2614,anon_376d7289-fc63-4549-9336-2b8703819566,2026-01-30T14:20:05.981797+00:00,2026-01-30 14:20:05.981797+00:00,left,mariogan,mariogan::level_19.txt,marioDiffusion,marioDiffusion::level_17.txt,RIGHT,loss,0.0,True,False,True,0,0,35.577,31,0,0,133,2646.0,8.0,47.79062822436513,910.4850790038787,66,0,0,0,0,0,0,0,0,0
v_329aa4d5-9b4b-46db-bd6a-ca81d02fee63,btl_a0862c8b-92c9-468a-87a4-42e85e1d860b,f8cb29ac-40ef-4169-8c89-2089863c2614,anon_376d7289-fc63-4549-9336-2b8703819566,2026-01-30T14:20:05.981797+00:00,2026-01-30 14:20:05.981797+00:00,right,marioDiffusion,marioDiffusion::level_17.txt,mariogan,mariogan::level_19.txt,RIGHT,win,1.0,True,False,False,1,1,28.777,29,0,0,109,2971.0,8.0,55.35712004644672,909.2507760919164,58,1,0,0,0,0,0,0,0,0
v_c728a836-b089-4464-99c9-ab04e45a9347,btl_2eaf06da-1a31-4898-9b6a-c90cabdbaeb5,f8cb29ac-40ef-4169-8c89-2089863c2614,anon_376d7289-fc63-4549-9336-2b8703819566,2026-01-30T14:18:59.151329+00:00,2026-01-30 14:18:59.151329+00:00,left,patternOccur,patternOccur::lvl-77.txt,notch,notch::lvl-82.txt,RIGHT,loss,0.0,True,False,False,1,1,7.543,7,0,0,29,519.0,8.0,46.78716959809803,167.65880363165004,22,1,0,0,0,0,0,0,0,0
v_c728a836-b089-4464-99c9-ab04e45a9347,btl_2eaf06da-1a31-4898-9b6a-c90cabdbaeb5,f8cb29ac-40ef-4169-8c89-2089863c2614,anon_376d7289-fc63-4549-9336-2b8703819566,2026-01-30T14:18:59.151329+00:00,2026-01-30 14:18:59.151329+00:00,right,notch,notch::lvl-82.txt,patternOccur,patternOccur::lvl-77.txt,RIGHT,win,1.0,True,False,True,0,0,18.246,20,0,0,69,2409.0,8.0,37.70709809567545,706.2446395288703,41,0,0,0,0,0,0,0,0,0
v_e268124c-7a51-4eab-b826-0cd463c31caf,btl_14b3219e-1aad-49fd-b5ec-e64c8f2cf877,f8cb29ac-40ef-4169-8c89-2089863c2614,anon_376d7289-fc63-4549-9336-2b8703819566,2026-01-30T14:18:27.343024+00:00,2026-01-30 14:18:27.343024+00:00,left,ore,ore::lvl-94.txt,notchParamRand,notchParamRand::lvl-48.txt,LEFT,win,1.0,True,False,False,1,1,61.109,27,0,0,135,2403.0,3.0,45.333148147769904,760.0913523899953,58,1,0,0,0,0,0,0,0,0
v_e268124c-7a51-4eab-b826-0cd463c31caf,btl_14b3219e-1aad-49fd-b5ec-e64c8f2cf877,f8cb29ac-40ef-4169-8c89-2089863c2614,anon_376d7289-fc63-4549-9336-2b8703819566,2026-01-30T14:18:27.343024+00:00,2026-01-30 14:18:27.343024+00:00,right,notchParamRand,notchParamRand::lvl-48.txt,ore,ore::lvl-94.txt,LEFT,loss,0.0,True,False,False,1,1,3.347,1,0,0,13,285.0,8.0,16.457224452695254,105.91036737335851,4,1,0,0,0,0,0,0,0,0
v_0490b449-d640-4c1d-8a76-f3e0c6cb4bdb,btl_c141b24f-12fe-442d-998b-5f10c903588c,f8cb29ac-40ef-4169-8c89-2089863c2614,anon_376d7289-fc63-4549-9336-2b8703819566,2026-01-30T14:17:17.609029+00:00,2026-01-30 14:17:17.609029+00:00,left,mariogan,mariogan::level_84.txt,patternOccur,patternOccur::lvl-63.txt,LEFT,win,1.0,True,False,False,1,1,5.614,6,0,0,22,590.0,8.0,29.469447689215997,196.6669217208973,14,1,0,0,0,0,0,0,0,0
v_0490b449-d640-4c1d-8a76-f3e0c6cb4bdb,btl_c141b24f-12fe-442d-998b-5f10c903588c,f8cb29ac-40ef-4169-8c89-2089863c2614,anon_376d7289-fc63-4549-9336-2b8703819566,2026-01-30T14:17:17.609029+00:00,2026-01-30 14:17:17.609029+00:00,right,patternOccur,patternOccur::lvl-63.txt,mariogan,mariogan::level_84.txt,LEFT,loss,0.0,True,False,False,1,1,57.205,28,1,0,215,1595.0,8.0,42.43481585371462,491.09604937665557,74,1,0,0,0,0,0,0,0,0
v_0aa711db-8762-4b44-aabf-04d3e8c54c13,btl_ce670fca-c688-4335-8d59-436cf5d50f46,f8cb29ac-40ef-4169-8c89-2089863c2614,anon_376d7289-fc63-4549-9336-2b8703819566,2026-01-30T14:16:09.687689+00:00,2026-01-30 14:16:09.687689+00:00,left,notchParamRand,notchParamRand::lvl-32.txt,notchParam,notchParam::lvl-9.txt,RIGHT,loss,0.0,True,False,True,0,0,23.64,8,0,0,89,3087.0,8.0,26.33444209681374,826.3568557675956,18,0,0,0,0,0,0,0,0,0
v_0aa711db-8762-4b44-aabf-04d3e8c54c13,btl_ce670fca-c688-4335-8d59-436cf5d50f46,f8cb29ac-40ef-4169-8c89-2089863c2614,anon_376d7289-fc63-4549-9336-2b8703819566,2026-01-30T14:16:09.687689+00:00,2026-01-30 14:16:09.687689+00:00,right,notchParam,notchParam::lvl-9.txt,notchParamRand,notchParamRand::lvl-32.txt,RIGHT,win,1.0,True,False,True,0,0,21.211,17,0,1,80,3092.0,8.0,38.34439129455571,915.5286328127592,36,0,0,0,0,0,0,0,0,0
v_33e87bab-a843-42fb-8ce9-b62a17fae9c0,btl_4099dc04-5bda-4827-9e02-713dc8d677b7,f8cb29ac-40ef-4169-8c89-2089863c2614,anon_376d7289-fc63-4549-9336-2b8703819566,2026-01-30T14:15:20.965402+00:00,2026-01-30 14:15:20.965402+00:00,left,notchParam,notchParam::lvl-52.txt,mariogan,mariogan::level_34.txt,RIGHT,loss,0.0,True,False,False,1,1,4.076,2,0,0,16,749.0,8.0,18.780704027006017,245.6389309026564,5,1,0,0,0,0,0,0,0,0
v_33e87bab-a843-42fb-8ce9-b62a17fae9c0,btl_4099dc04-5bda-4827-9e02-713dc8d677b7,f8cb29ac-40ef-4169-8c89-2089863c2614,anon_376d7289-fc63-4549-9336-2b8703819566,2026-01-30T14:15:20.965402+00:00,2026-01-30 14:15:20.965402+00:00,right,mariogan,mariogan::level_34.txt,notchParam,notchParam::lvl-52.txt,RIGHT,win,1.0,True,False,False,1,1,14.046,15,0,0,53,1691.0,8.0,38.3718943810556,535.3874619610198,32,1,0,0,0,0,0,0,0,0
v_58f300aa-9411-4b32-bebe-7e3ed6c01302,btl_292f268d-02e5-4377-ac0b-f7e211690ea6,f8cb29ac-40ef-4169-8c89-2089863c2614,anon_376d7289-fc63-4549-9336-2b8703819566,2026-01-30T14:14:59.129951+00:00,2026-01-30 14:14:59.129951+00:00,left,notchParamRand,notchParamRand::lvl-85.txt,marioDiffusion,marioDiffusion::level_100.txt,TIE,tie,0.5,True,False,True,0,0,17.438,5,0,0,66,3095.0,8.0,34.088380377596074,942.2722253893131,11,0,1,0,1,0,0,0,0,0
v_58f300aa-9411-4b32-bebe-7e3ed6c01302,btl_292f268d-02e5-4377-ac0b-f7e211690ea6,f8cb29ac-40ef-4169-8c89-2089863c2614,anon_376d7289-fc63-4549-9336-2b8703819566,2026-01-30T14:14:59.129951+00:00,2026-01-30 14:14:59.129951+00:00,right,marioDiffusion,marioDiffusion::level_100.txt,notchParamRand,notchParamRand::lvl-85.txt,TIE,tie,0.5,True,False,False,1,1,0.713,0,0,0,3,31.0,8.0,75.07477753694793,9.533566430716728,1,1,1,0,0,0,0,0,1,0
v_974966c8-90f2-40af-94d6-879db84d630a,btl_e9e83d90-5f72-4fb9-96cb-b5c19fd16e2c,f8cb29ac-40ef-4169-8c89-2089863c2614,anon_376d7289-fc63-4549-9336-2b8703819566,2026-01-30T14:14:31.756309+00:00,2026-01-30 14:14:31.756309+00:00,left,mariogan,mariogan::level_15.txt,mariogpt,mariogpt::level_076.txt,RIGHT,loss,0.0,True,False,True,0,0,41.638,35,0,4,153,2630.0,8.0,31.014463766227703,739.605741014994,93,0,0,0,0,0,0,0,0,0
v_974966c8-90f2-40af-94d6-879db84d630a,btl_e9e83d90-5f72-4fb9-96cb-b5c19fd16e2c,f8cb29ac-40ef-4169-8c89-2089863c2614,anon_376d7289-fc63-4549-9336-2b8703819566,2026-01-30T14:14:31.756309+00:00,2026-01-30 14:14:31.756309+00:00,right,mariogpt,mariogpt::level_076.txt,mariogan,mariogan::level_15.txt,RIGHT,win,1.0,True,False,False,1,1,41.908,43,2,2,157,1323.0,8.0,43.87951298387687,461.8908176496959,124,1,0,0,0,0,0,0,0,0
v_01a72999-82b6-4445-b39e-faac3331cb47,btl_e11c1a3f-1bd5-4671-9abd-b168520f6f10,f8cb29ac-40ef-4169-8c89-2089863c2614,anon_376d7289-fc63-4549-9336-2b8703819566,2026-01-30T14:13:05.329529+00:00,2026-01-30 14:13:05.329529+00:00,left,original,original::lvl-11.txt,ore,ore::lvl-96.txt,LEFT,win,1.0,True,False,False,1,1,2.841,4,2,0,11,294.0,8.0,18.40993264068912,94.28390395743351,11,1,0,0,0,0,0,0,0,0
v_01a72999-82b6-4445-b39e-faac3331cb47,btl_e11c1a3f-1bd5-4671-9abd-b168520f6f10,f8cb29ac-40ef-4169-8c89-2089863c2614,anon_376d7289-fc63-4549-9336-2b8703819566,2026-01-30T14:13:05.329529+00:00,2026-01-30 14:13:05.329529+00:00,right,ore,ore::lvl-96.txt,original,original::lvl-11.txt,LEFT,loss,0.0,True,False,False,1,1,26.478,25,1,0,100,1559.0,0.0,53.47322601078039,486.9456454266739,57,1,0,0,0,0,0,0,0,0
v_d3ba73c8-fadc-4be4-b87a-a82faf318aa9,btl_ad7a49ba-6d3f-4577-a25e-ea4cfff7f1f5,f8cb29ac-40ef-4169-8c89-2089863c2614,anon_376d7289-fc63-4549-9336-2b8703819566,2026-01-30T14:12:32.897682+00:00,2026-01-30 14:12:32.897682+00:00,left,ore,ore::lvl-89.txt,mariogan,mariogan::level_11.txt,TIE,tie,0.5,True,False,False,1,1,11.137,11,0,0,42,1018.0,8.0,58.59142612549639,317.7367000272674,28,1,0,0,0,0,0,0,0,0
v_d3ba73c8-fadc-4be4-b87a-a82faf318aa9,btl_ad7a49ba-6d3f-4577-a25e-ea4cfff7f1f5,f8cb29ac-40ef-4169-8c89-2089863c2614,anon_376d7289-fc63-4549-9336-2b8703819566,2026-01-30T14:12:32.897682+00:00,2026-01-30 14:12:32.897682+00:00,right,mariogan,mariogan::level_11.txt,ore,ore::lvl-89.txt,TIE,tie,0.5,True,False,True,0,0,39.509,34,0,0,149,2656.0,8.0,51.24402582178936,775.655299964402,73,0,0,0,0,0,0,0,0,0
v_fa389701-4821-468a-a7ec-61c76bace091,btl_b51e1254-8617-44b0-a134-1b5f00bee982,f8cb29ac-40ef-4169-8c89-2089863c2614,anon_376d7289-fc63-4549-9336-2b8703819566,2026-01-30T14:11:37.838943+00:00,2026-01-30 14:11:37.838943+00:00,left,original,original::lvl-9.txt,notch,notch::lvl-12.txt,RIGHT,loss,0.0,True,False,False,1,1,3.144,3,0,1,12,490.0,24.0,22.555487137279922,167.36785832411192,9,1,0,0,0,0,0,0,0,0
v_fa389701-4821-468a-a7ec-61c76bace091,btl_b51e1254-8617-44b0-a134-1b5f00bee982,f8cb29ac-40ef-4169-8c89-2089863c2614,anon_376d7289-fc63-4549-9336-2b8703819566,2026-01-30T14:11:37.838943+00:00,2026-01-30 14:11:37.838943+00:00,right,notch,notch::lvl-12.txt,original,original::lvl-9.txt,RIGHT,win,1.0,True,False,False,1,1,2.982,3,0,0,12,513.0,8.0,24.01908963026423,191.3583571034548,7,1,0,0,0,0,0,0,0,0
v_18764695-20ab-40ff-b959-360fd79120f7,btl_f0157244-167d-46b4-8af4-6f0d46bfc8c2,f8cb29ac-40ef-4169-8c89-2089863c2614,anon_376d7289-fc63-4549-9336-2b8703819566,2026-01-30T14:11:23.673198+00:00,2026-01-30 14:11:23.673198+00:00,left,marioDiffusion,marioDiffusion::level_13.txt,ore,ore::lvl-29.txt,RIGHT,loss,0.0,True,False,False,1,1,15.037,10,0,0,57,1532.0,8.0,49.1621396416581,468.5922986800695,20,1,0,0,0,0,0,0,0,0
v_18764695-20ab-40ff-b959-360fd79120f7,btl_f0157244-167d-46b4-8af4-6f0d46bfc8c2,f8cb29ac-40ef-4169-8c89-2089863c2614,anon_376d7289-fc63-4549-9336-2b8703819566,2026-01-30T14:11:23.673198+00:00,2026-01-30 14:11:23.673198+00:00,right,ore,ore::lvl-29.txt,marioDiffusion,marioDiffusion::level_13.txt,RIGHT,win,1.0,True,False,False,1,1,38.542,8,0,0,58,584.0,8.0,43.407729438773075,172.88498372645756,18,1,0,0,0,0,0,0,0,0
v_447833a6-e486-44d0-97f9-9dee8387343e,btl_2799fd13-ec6e-4778-b458-b75e298182ef,f8cb29ac-40ef-4169-8c89-2089863c2614,anon_376d7289-fc63-4549-9336-2b8703819566,2026-01-30T14:10:25.772288+00:00,2026-01-30 14:10:25.772288+00:00,left,hopper,hopper::lvl-21.txt,patternOccur,patternOccur::lvl-37.txt,LEFT,win,1.0,True,False,True,0,0,39.11,20,2,6,103,3131.0,8.0,53.62993081055077,838.6527047169416,63,0,0,0,0,0,0,0,0,0
v_447833a6-e486-44d0-97f9-9dee8387343e,btl_2799fd13-ec6e-4778-b458-b75e298182ef,f8cb29ac-40ef-4169-8c89-2089863c2614,anon_376d7289-fc63-4549-9336-2b8703819566,2026-01-30T14:10:25.772288+00:00,2026-01-30 14:10:25.772288+00:00,right,patternOccur,patternOccur::lvl-37.txt,hopper,hopper::lvl-21.txt,LEFT,loss,0.0,True,False,False,1,1,7.081,7,0,0,27,386.0,8.0,43.568875514296295,114.63791629235003,21,1,0,0,0,0,0,0,0,0
v_e088bcc6-c1e4-46cb-b86d-e53dbb3cd468,btl_c1424fed-e674-459e-92dc-e8c3f54bc035,f8cb29ac-40ef-4169-8c89-2089863c2614,anon_376d7289-fc63-4549-9336-2b8703819566,2026-01-30T14:09:35.231738+00:00,2026-01-30 14:09:35.231738+00:00,left,genetic,genetic::lvl-94.txt,mariogan,mariogan::level_70.txt,LEFT,win,1.0,True,False,True,0,0,21.041,14,1,0,77,2028.0,8.0,35.73620578790318,559.5381989826632,31,0,0,0,0,0,0,0,0,0
v_e088bcc6-c1e4-46cb-b86d-e53dbb3cd468,btl_c1424fed-e674-459e-92dc-e8c3f54bc035,f8cb29ac-40ef-4169-8c89-2089863c2614,anon_376d7289-fc63-4549-9336-2b8703819566,2026-01-30T14:09:35.231738+00:00,2026-01-30 14:09:35.231738+00:00,right,mariogan,mariogan::level_70.txt,genetic,genetic::lvl-94.txt,LEFT,loss,0.0,True,False,False,1,1,33.043,23,0,1,123,1938.0,8.0,37.921542168450955,544.1281470503551,51,1,0,0,0,0,0,0,0,0
v_a8f249c9-103e-4353-91cd-59912a6e6543,btl_821f3ca5-5a28-460f-9dfc-6011d171afd1,f8cb29ac-40ef-4169-8c89-2089863c2614,anon_376d7289-fc63-4549-9336-2b8703819566,2026-01-30T14:08:35.229717+00:00,2026-01-30 14:08:35.229717+00:00,left,notch,notch::lvl-64.txt,original,original::lvl-9.txt,LEFT,win,1.0,True,False,True,0,0,17.941,17,0,2,68,2317.0,8.0,29.65093928852915,684.331460157716,36,0,0,0,0,0,0,0,0,0
v_a8f249c9-103e-4353-91cd-59912a6e6543,btl_821f3ca5-5a28-460f-9dfc-6011d171afd1,f8cb29ac-40ef-4169-8c89-2089863c2614,anon_376d7289-fc63-4549-9336-2b8703819566,2026-01-30T14:08:35.229717+00:00,2026-01-30 14:08:35.229717+00:00,right,original,original::lvl-9.txt,notch,notch::lvl-64.txt,LEFT,loss,0.0,True,False,False,1,1,3.181,3,0,0,13,629.0,24.0,25.463281371905936,207.710739922831,7,1,0,0,0,0,0,0,0,0
v_e319ef1d-f658-4d36-a00d-cedd3d60e8ee,btl_823eabe4-ac95-4f52-8ab0-964eddb84eb9,2ab49193-e7e6-414a-9d00-61098839d6c0,anon_376d7289-fc63-4549-9336-2b8703819566,2026-01-30T14:07:44.062838+00:00,2026-01-30 14:07:44.062838+00:00,left,patternOccur,patternOccur::lvl-81.txt,ore,ore::lvl-91.txt,RIGHT,loss,0.0,True,False,False,1,1,21.014,17,0,0,79,907.0,8.0,32.74512528990479,343.70362620000793,49,1,0,0,0,0,0,0,0,0
v_e319ef1d-f658-4d36-a00d-cedd3d60e8ee,btl_823eabe4-ac95-4f52-8ab0-964eddb84eb9,2ab49193-e7e6-414a-9d00-61098839d6c0,anon_376d7289-fc63-4549-9336-2b8703819566,2026-01-30T14:07:44.062838+00:00,2026-01-30 14:07:44.062838+00:00,right,ore,ore::lvl-91.txt,patternOccur,patternOccur::lvl-81.txt,RIGHT,win,1.0,True,False,True,0,0,41.708,40,1,2,157,3055.0,8.0,41.31462269708363,889.5339051779844,93,0,0,0,0,0,0,0,0,0
v_ce838978-ccda-41a7-96d3-011a68042c48,btl_807d29bf-68ae-4ddd-9e34-c2f918fe7bee,2ab49193-e7e6-414a-9d00-61098839d6c0,anon_376d7289-fc63-4549-9336-2b8703819566,2026-01-30T14:06:31.238046+00:00,2026-01-30 14:06:31.238046+00:00,left,notchParam,notchParam::lvl-88.txt,mariogan,mariogan::level_5.txt,RIGHT,loss,0.0,True,False,False,1,1,5.843,5,0,0,23,1125.0,8.0,34.430335681240074,359.1382723642088,10,1,0,0,0,0,0,0,0,0
v_ce838978-ccda-41a7-96d3-011a68042c48,btl_807d29bf-68ae-4ddd-9e34-c2f918fe7bee,2ab49193-e7e6-414a-9d00-61098839d6c0,anon_376d7289-fc63-4549-9336-2b8703819566,2026-01-30T14:06:31.238046+00:00,2026-01-30 14:06:31.238046+00:00,right,mariogan,mariogan::level_5.txt,notchParam,notchParam::lvl-88.txt,RIGHT,win,1.0,True,False,False,1,1,4.848,5,0,0,19,573.0,8.0,41.39646832795886,177.3126571718776,12,1,0,0,0,0,0,0,0,0
v_d5e45e25-d0a1-4df2-b0cc-1becb5a158cd,btl_48a20882-9754-46f9-a784-b5e025f1768c,2ab49193-e7e6-414a-9d00-61098839d6c0,anon_376d7289-fc63-4549-9336-2b8703819566,2026-01-30T14:05:56.145445+00:00,2026-01-30 14:05:56.145445+00:00,left,marioDiffusion,marioDiffusion::level_59.txt,ore,ore::lvl-92.txt,TIE,tie,0.5,True,False,False,1,1,30.015,26,1,1,113,2202.0,8.0,49.360610693244304,740.2476034211402,55,1,0,0,0,0,0,0,0,0
v_d5e45e25-d0a1-4df2-b0cc-1becb5a158cd,btl_48a20882-9754-46f9-a784-b5e025f1768c,2ab49193-e7e6-414a-9d00-61098839d6c0,anon_376d7289-fc63-4549-9336-2b8703819566,2026-01-30T14:05:56.145445+00:00,2026-01-30 14:05:56.145445+00:00,right,ore,ore::lvl-92.txt,marioDiffusion,marioDiffusion::level_59.txt,TIE,tie,0.5,True,False,False,1,1,16.146,16,0,0,61,1457.0,6.0,61.19610869516346,426.5238019321076,35,1,0,0,0,0,0,0,0,0
v_5fa32fc0-0513-4ed6-8f60-a96d45c2a1a8,btl_de34d32e-7ea0-44e1-a208-0dfcfc6d8e8b,2ab49193-e7e6-414a-9d00-61098839d6c0,anon_376d7289-fc63-4549-9336-2b8703819566,2026-01-30T14:05:03.436360+00:00,2026-01-30 14:05:03.436360+00:00,left,patternWeightCount,patternWeightCount::lvl-81.txt,mariogpt,mariogpt::level_038.txt,LEFT,win,1.0,True,False,False,1,1,40.616,32,3,0,153,1406.0,8.0,32.42369104457933,448.34620623565604,82,1,0,0,0,0,0,0,0,0
v_5fa32fc0-0513-4ed6-8f60-a96d45c2a1a8,btl_de34d32e-7ea0-44e1-a208-0dfcfc6d8e8b,2ab49193-e7e6-414a-9d00-61098839d6c0,anon_376d7289-fc63-4549-9336-2b8703819566,2026-01-30T14:05:03.436360+00:00,2026-01-30 14:05:03.436360+00:00,right,mariogpt,mariogpt::level_038.txt,patternWeightCount,patternWeightCount::lvl-81.txt,LEFT,loss,0.0,False,True,False,0,0,0.0,0,0,0,0,,,,,0,0,1,0,0,0,0,0,1,0
v_18562c36-c257-46b7-8532-cd20dfa2552e,btl_9f7666f9-1328-4d6a-8fbb-2bb709865933,ccd77092-db4d-4f35-b5c2-7a0431a6231c,anon_376d7289-fc63-4549-9336-2b8703819566,2026-01-30T13:38:01.454647+00:00,2026-01-30 13:38:01.454647+00:00,left,marioDiffusion,marioDiffusion::level_91.txt,mariogpt,mariogpt::level_051.txt,LEFT,win,1.0,True,False,False,1,1,6.583,7,0,0,25,747.0,8.0,62.00258059145603,229.51008692430054,14,1,0,0,0,0,0,0,0,0
v_18562c36-c257-46b7-8532-cd20dfa2552e,btl_9f7666f9-1328-4d6a-8fbb-2bb709865933,ccd77092-db4d-4f35-b5c2-7a0431a6231c,anon_376d7289-fc63-4549-9336-2b8703819566,2026-01-30T13:38:01.454647+00:00,2026-01-30 13:38:01.454647+00:00,right,mariogpt,mariogpt::level_051.txt,marioDiffusion,marioDiffusion::level_91.txt,LEFT,loss,0.0,True,False,False,1,1,0.384,0,0,0,2,8.0,8.0,0.0,0.0,2,1,0,0,0,0,0,0,0,0
v_16868532-9ee5-4991-8e7a-b4569f4bbf26,btl_3e97fde2-b6aa-4f02-9c00-03b0afedcfee,ccd77092-db4d-4f35-b5c2-7a0431a6231c,anon_376d7289-fc63-4549-9336-2b8703819566,2026-01-30T13:37:46.923684+00:00,2026-01-30 13:37:46.923684+00:00,left,original,original::lvl-12.txt,mariogan,mariogan::level_21.txt,LEFT,win,1.0,True,False,False,1,1,4.469,5,0,0,17,384.0,8.0,55.04600152360773,112.51534305216036,11,1,0,0,0,0,0,0,0,0
v_16868532-9ee5-4991-8e7a-b4569f4bbf26,btl_3e97fde2-b6aa-4f02-9c00-03b0afedcfee,ccd77092-db4d-4f35-b5c2-7a0431a6231c,anon_376d7289-fc63-4549-9336-2b8703819566,2026-01-30T13:37:46.923684+00:00,2026-01-30 13:37:46.923684+00:00,right,mariogan,mariogan::level_21.txt,original,original::lvl-12.txt,LEFT,loss,0.0,True,False,False,1,1,26.311,21,0,1,99,1060.0,8.0,31.368159533305217,175.46833566992416,43,1,0,0,0,0,0,0,0,0
v_c32402c1-c2d9-4f64-831d-37f2bfd8405f,btl_0330ac88-d943-4c6e-bb67-846876f9a7dc,ccd77092-db4d-4f35-b5c2-7a0431a6231c,anon_376d7289-fc63-4549-9336-2b8703819566,2026-01-30T13:37:11.187893+00:00,2026-01-30 13:37:11.187893+00:00,left,patternWeightCount,patternWeightCount::lvl-59.txt,ore,ore::lvl-87.txt,RIGHT,loss,0.0,True,False,True,0,0,35.04,37,0,0,132,3171.0,8.0,39.91973409080557,894.3332415337724,91,0,0,0,0,0,0,0,0,0
v_c32402c1-c2d9-4f64-831d-37f2bfd8405f,btl_0330ac88-d943-4c6e-bb67-846876f9a7dc,ccd77092-db4d-4f35-b5c2-7a0431a6231c,anon_376d7289-fc63-4549-9336-2b8703819566,2026-01-30T13:37:11.187893+00:00,2026-01-30 13:37:11.187893+00:00,right,ore,ore::lvl-87.txt,patternWeightCount,patternWeightCount::lvl-59.txt,RIGHT,win,1.0,True,False,False,1,1,1.981,1,1,0,8,78.0,8.0,18.309406735336893,27.788261910382232,4,1,0,0,0,0,0,0,0,0
v_c92641c8-0cb8-4c25-9974-7f6d36fd9263,btl_9a80c0e2-08dd-4477-87e2-7e562f7cc77f,ccd77092-db4d-4f35-b5c2-7a0431a6231c,anon_376d7289-fc63-4549-9336-2b8703819566,2026-01-30T13:36:29.764748+00:00,2026-01-30 13:36:29.764748+00:00,left,hopper,hopper::lvl-75.txt,notchParamRand,notchParamRand::lvl-2.txt,LEFT,win,1.0,True,False,False,1,1,8.37,9,0,0,32,2418.0,8.0,39.83627380839604,773.2090596986044,25,1,0,0,0,0,0,0,0,0
v_c92641c8-0cb8-4c25-9974-7f6d36fd9263,btl_9a80c0e2-08dd-4477-87e2-7e562f7cc77f,ccd77092-db4d-4f35-b5c2-7a0431a6231c,anon_376d7289-fc63-4549-9336-2b8703819566,2026-01-30T13:36:29.764748+00:00,2026-01-30 13:36:29.764748+00:00,right,notchParamRand,notchParamRand::lvl-2.txt,hopper,hopper::lvl-75.txt,LEFT,loss,0.0,True,False,False,1,1,1.98,2,0,0,8,357.0,8.0,6.082762530298219,126.10207918587227,5,1,0,0,0,0,0,0,0,0
v_a23772d6-a94a-4a7b-b92d-0be52ee72229,btl_34289621-cab3-4f99-83a2-60f8a80b3c93,ccd77092-db4d-4f35-b5c2-7a0431a6231c,anon_376d7289-fc63-4549-9336-2b8703819566,2026-01-30T13:36:10.251467+00:00,2026-01-30 13:36:10.251467+00:00,left,original,original::lvl-9.txt,hopper,hopper::lvl-10.txt,LEFT,win,1.0,True,False,False,1,1,11.506,8,0,1,44,1287.0,24.0,23.392480867941835,347.9909539469749,19,1,0,0,0,0,0,0,0,0
v_a23772d6-a94a-4a7b-b92d-0be52ee72229,btl_34289621-cab3-4f99-83a2-60f8a80b3c93,ccd77092-db4d-4f35-b5c2-7a0431a6231c,anon_376d7289-fc63-4549-9336-2b8703819566,2026-01-30T13:36:10.251467+00:00,2026-01-30 13:36:10.251467+00:00,right,hopper,hopper::lvl-10.txt,original,original::lvl-9.txt,LEFT,loss,0.0,True,False,False,1,1,7.713,7,0,0,30,922.0,8.0,36.74732038605748,291.306436592122,24,1,0,0,0,0,0,0,0,0
v_e4f50ea8-54c7-482a-90a4-48745d31385a,btl_bf232197-093e-490d-8dbd-07cbf8de7a5c,ccd77092-db4d-4f35-b5c2-7a0431a6231c,anon_376d7289-fc63-4549-9336-2b8703819566,2026-01-30T13:35:35.614693+00:00,2026-01-30 13:35:35.614693+00:00,left,patternOccur,patternOccur::lvl-99.txt,patternWeightCount,patternWeightCount::lvl-28.txt,TIE,tie,0.5,True,False,True,0,0,51.569,49,2,0,194,3143.0,3.0,34.05042898872319,820.6873170954207,117,0,0,0,0,0,0,0,0,0
v_e4f50ea8-54c7-482a-90a4-48745d31385a,btl_bf232197-093e-490d-8dbd-07cbf8de7a5c,ccd77092-db4d-4f35-b5c2-7a0431a6231c,anon_376d7289-fc63-4549-9336-2b8703819566,2026-01-30T13:35:35.614693+00:00,2026-01-30 13:35:35.614693+00:00,right,patternWeightCount,patternWeightCount::lvl-28.txt,patternOccur,patternOccur::lvl-99.txt,TIE,tie,0.5,True,False,False,1,1,6.881,6,0,0,26,309.0,8.0,33.47205847008594,106.36436761540423,18,1,0,0,0,0,0,0,0,0
v_f557457a-a151-43b2-8fc4-1c467d37c585,btl_e560059d-35ae-4d43-b190-6c0a56eed392,ccd77092-db4d-4f35-b5c2-7a0431a6231c,anon_376d7289-fc63-4549-9336-2b8703819566,2026-01-30T13:34:34.997901+00:00,2026-01-30 13:34:34.997901+00:00,left,patternOccur,patternOccur::lvl-100.txt,ore,ore::lvl-78.txt,RIGHT,loss,0.0,True,False,False,1,1,11.239,10,0,0,43,523.0,8.0,37.87009191362997,146.212418726798,29,1,0,0,0,0,0,0,0,0
v_f557457a-a151-43b2-8fc4-1c467d37c585,btl_e560059d-35ae-4d43-b190-6c0a56eed392,ccd77092-db4d-4f35-b5c2-7a0431a6231c,anon_376d7289-fc63-4549-9336-2b8703819566,2026-01-30T13:34:34.997901+00:00,2026-01-30 13:34:34.997901+00:00,right,ore,ore::lvl-78.txt,patternOccur,patternOccur::lvl-100.txt,RIGHT,win,1.0,True,False,False,1,1,14.813,15,0,0,56,1272.0,8.0,54.916634407926686,398.4686055285118,34,1,0,0,0,0,0,0,0,0
v_cdb17959-33b9-4a27-8add-4d076a369b5d,btl_1b5c7a62-f722-41ec-a8b4-5dc038ef0e74,ccd77092-db4d-4f35-b5c2-7a0431a6231c,anon_376d7289-fc63-4549-9336-2b8703819566,2026-01-30T13:34:06.238674+00:00,2026-01-30 13:34:06.238674+00:00,left,notch,notch::lvl-84.txt,patternWeightCount,patternWeightCount::lvl-63.txt,LEFT,win,1.0,True,False,False,1,1,16.451,14,0,5,62,1570.0,8.0,29.597894854409752,490.2815721921613,36,1,0,0,0,0,0,0,0,0
v_cdb17959-33b9-4a27-8add-4d076a369b5d,btl_1b5c7a62-f722-41ec-a8b4-5dc038ef0e74,ccd77092-db4d-4f35-b5c2-7a0431a6231c,anon_376d7289-fc63-4549-9336-2b8703819566,2026-01-30T13:34:06.238674+00:00,2026-01-30 13:34:06.238674+00:00,right,patternWeightCount,patternWeightCount::lvl-63.txt,notch,notch::lvl-84.txt,LEFT,loss,0.0,True,False,False,1,1,4.913,5,0,0,19,133.0,8.0,40.016132480860286,33.705092211670774,17,1,0,0,0,0,0,0,0,0
v_a5c525f0-1c91-4bcd-af70-7d1801ccebf7,btl_0be3fc4e-7cd6-49ee-99d2-995b739dc863,ccd77092-db4d-4f35-b5c2-7a0431a6231c,anon_376d7289-fc63-4549-9336-2b8703819566,2026-01-30T13:33:41.156778+00:00,2026-01-30 13:33:41.156778+00:00,left,notch,notch::lvl-45.txt,patternOccur,patternOccur::lvl-80.txt,LEFT,win,1.0,True,False,False,1,1,11.27,10,0,1,43,1388.0,8.0,34.77783931018301,425.5582342153551,23,1,0,0,0,0,0,0,0,0
v_a5c525f0-1c91-4bcd-af70-7d1801ccebf7,btl_0be3fc4e-7cd6-49ee-99d2-995b739dc863,ccd77092-db4d-4f35-b5c2-7a0431a6231c,anon_376d7289-fc63-4549-9336-2b8703819566,2026-01-30T13:33:41.156778+00:00,2026-01-30 13:33:41.156778+00:00,right,patternOccur,patternOccur::lvl-80.txt,notch,notch::lvl-45.txt,LEFT,loss,0.0,True,False,False,1,1,3.048,3,0,0,12,107.0,8.0,30.106639171820927,29.201764596605386,8,1,0,0,0,0,0,0,0,0
v_d5d3f052-b6cb-4856-8a30-4830dc8f36f3,btl_5a5ea7eb-a770-4fd0-b6cd-2211672da3c1,ccd77092-db4d-4f35-b5c2-7a0431a6231c,anon_376d7289-fc63-4549-9336-2b8703819566,2026-01-30T13:33:24.827164+00:00,2026-01-30 13:33:24.827164+00:00,left,notchParamRand,notchParamRand::lvl-53.txt,patternOccur,patternOccur::lvl-84.txt,LEFT,win,1.0,True,False,True,0,0,15.807,14,0,0,60,3083.0,8.0,34.759874696104546,888.6163189038463,28,0,0,0,0,0,0,0,0,0
v_d5d3f052-b6cb-4856-8a30-4830dc8f36f3,btl_5a5ea7eb-a770-4fd0-b6cd-2211672da3c1,ccd77092-db4d-4f35-b5c2-7a0431a6231c,anon_376d7289-fc63-4549-9336-2b8703819566,2026-01-30T13:33:24.827164+00:00,2026-01-30 13:33:24.827164+00:00,right,patternOccur,patternOccur::lvl-84.txt,notchParamRand,notchParamRand::lvl-53.txt,LEFT,loss,0.0,True,False,False,1,1,8.847,8,0,0,34,524.0,8.0,35.47303913101204,161.90570592927463,23,1,0,0,0,0,0,0,0,0
v_ffffc867-67a2-4d3c-a710-34bb15f11525,btl_668831c2-f5cd-4788-b01f-8457b1e98278,ccd77092-db4d-4f35-b5c2-7a0431a6231c,anon_376d7289-fc63-4549-9336-2b8703819566,2026-01-30T13:32:58.018200+00:00,2026-01-30 13:32:58.018200+00:00,left,ore,ore::lvl-7.txt,patternWeightCount,patternWeightCount::lvl-94.txt,LEFT,win,1.0,True,False,False,1,1,23.478,22,0,0,89,1585.0,8.0,49.33627132469284,449.9231549362731,49,1,0,0,0,0,0,0,0,0
v_ffffc867-67a2-4d3c-a710-34bb15f11525,btl_668831c2-f5cd-4788-b01f-8457b1e98278,ccd77092-db4d-4f35-b5c2-7a0431a6231c,anon_376d7289-fc63-4549-9336-2b8703819566,2026-01-30T13:32:58.018200+00:00,2026-01-30 13:32:58.018200+00:00,right,patternWeightCount,patternWeightCount::lvl-94.txt,ore,ore::lvl-7.txt,LEFT,loss,0.0,True,False,False,1,1,0.717,0,0,0,3,8.0,0.0,75.07477753694793,3.2998316455372216,5,1,0,0,0,0,0,0,0,0
v_4ada7b4d-0cd6-4922-a084-6fe4503a8181,btl_1ad4268f-86dd-4178-9fe1-b2fd56c5270a,ccd77092-db4d-4f35-b5c2-7a0431a6231c,anon_376d7289-fc63-4549-9336-2b8703819566,2026-01-30T13:32:27.642466+00:00,2026-01-30 13:32:27.642466+00:00,left,hopper,hopper::lvl-55.txt,patternOccur,patternOccur::lvl-94.txt,LEFT,win,1.0,True,False,True,0,0,32.549,28,0,9,122,3148.0,8.0,33.434240350903416,768.1621231005206,79,0,0,0,0,0,0,0,0,0
v_4ada7b4d-0cd6-4922-a084-6fe4503a8181,btl_1ad4268f-86dd-4178-9fe1-b2fd56c5270a,ccd77092-db4d-4f35-b5c2-7a0431a6231c,anon_376d7289-fc63-4549-9336-2b8703819566,2026-01-30T13:32:27.642466+00:00,2026-01-30 13:32:27.642466+00:00,right,patternOccur,patternOccur::lvl-94.txt,hopper,hopper::lvl-55.txt,LEFT,loss,0.0,True,False,False,1,1,9.415,5,0,0,36,237.0,8.0,30.33058595616716,60.57840420113058,15,1,0,0,0,0,0,0,0,0
v_5ab00c4f-62c3-4bd9-9417-644d1546a828,btl_d10690b4-2414-4e13-afed-a61eddb7da0d,ccd77092-db4d-4f35-b5c2-7a0431a6231c,anon_376d7289-fc63-4549-9336-2b8703819566,2026-01-30T13:31:42.910366+00:00,2026-01-30 13:31:42.910366+00:00,left,notchParam,notchParam::lvl-61.txt,notchParamRand,notchParamRand::lvl-22.txt,TIE,tie,0.5,True,False,False,1,1,4.015,4,0,0,16,518.0,8.0,33.9098068410895,196.70011081275476,11,1,0,0,0,0,0,0,0,0
v_5ab00c4f-62c3-4bd9-9417-644d1546a828,btl_d10690b4-2414-4e13-afed-a61eddb7da0d,ccd77092-db4d-4f35-b5c2-7a0431a6231c,anon_376d7289-fc63-4549-9336-2b8703819566,2026-01-30T13:31:42.910366+00:00,2026-01-30 13:31:42.910366+00:00,right,notchParamRand,notchParamRand::lvl-22.txt,notchParam,notchParam::lvl-61.txt,TIE,tie,0.5,True,False,True,0,0,20.344,22,0,1,77,3088.0,8.0,36.620373829187514,885.6217653623479,48,0,0,0,0,0,0,0,0,0
v_8eb9b0fa-2938-40d8-bed3-a250775b3f83,btl_cc8611d0-0de0-4c28-93ca-c9ae6b91b3b6,ccd77092-db4d-4f35-b5c2-7a0431a6231c,anon_376d7289-fc63-4549-9336-2b8703819566,2026-01-30T13:31:16.220229+00:00,2026-01-30 13:31:16.220229+00:00,left,notchParam,notchParam::lvl-13.txt,mariogan,mariogan::level_1.txt,LEFT,win,1.0,True,False,False,1,1,1.841,1,0,1,8,281.0,8.0,23.381349405027933,100.93430722504613,4,1,0,0,0,0,0,0,0,0
v_8eb9b0fa-2938-40d8-bed3-a250775b3f83,btl_cc8611d0-0de0-4c28-93ca-c9ae6b91b3b6,ccd77092-db4d-4f35-b5c2-7a0431a6231c,anon_376d7289-fc63-4549-9336-2b8703819566,2026-01-30T13:31:16.220229+00:00,2026-01-30 13:31:16.220229+00:00,right,mariogan,mariogan::level_1.txt,notchParam,notchParam::lvl-13.txt,LEFT,loss,0.0,True,False,False,1,1,21.444,20,0,0,81,2260.0,8.0,36.606301892032725,717.3344974858945,41,1,1,0,0,0,0,0,1,0
v_2a12ba03-3f2f-4680-80ac-b701b1d552cb,btl_aae72670-99ab-4c1c-8000-79be0fff8184,ccd77092-db4d-4f35-b5c2-7a0431a6231c,anon_376d7289-fc63-4549-9336-2b8703819566,2026-01-30T13:30:46.702940+00:00,2026-01-30 13:30:46.702940+00:00,left,notchParamRand,notchParamRand::lvl-68.txt,patternOccur,patternOccur::lvl-59.txt,LEFT,win,1.0,True,False,False,1,1,2.685,2,0,0,11,500.0,8.0,34.64173186745806,174.7207926146766,5,1,0,0,0,0,0,0,0,0
v_2a12ba03-3f2f-4680-80ac-b701b1d552cb,btl_aae72670-99ab-4c1c-8000-79be0fff8184,ccd77092-db4d-4f35-b5c2-7a0431a6231c,anon_376d7289-fc63-4549-9336-2b8703819566,2026-01-30T13:30:46.702940+00:00,2026-01-30 13:30:46.702940+00:00,right,patternOccur,patternOccur::lvl-59.txt,notchParamRand,notchParamRand::lvl-68.txt,LEFT,loss,0.0,True,False,False,1,1,0.715,0,0,0,3,8.0,8.0,75.07477753694793,0.0,5,1,0,0,0,0,0,0,0,0
v_b6a831f5-920c-4212-a261-ece230c2299b,btl_12440c5c-8040-40eb-91b8-24f93bd6c81a,ccd77092-db4d-4f35-b5c2-7a0431a6231c,anon_376d7289-fc63-4549-9336-2b8703819566,2026-01-30T13:30:41.229072+00:00,2026-01-30 13:30:41.229072+00:00,left,ore,ore::lvl-71.txt,patternOccur,patternOccur::lvl-33.txt,LEFT,win,1.0,True,False,True,0,0,43.117,44,1,0,162,3028.0,8.0,50.52579695163578,892.4159380070953,94,0,0,0,0,0,0,0,0,0
v_b6a831f5-920c-4212-a261-ece230c2299b,btl_12440c5c-8040-40eb-91b8-24f93bd6c81a,ccd77092-db4d-4f35-b5c2-7a0431a6231c,anon_376d7289-fc63-4549-9336-2b8703819566,2026-01-30T13:30:41.229072+00:00,2026-01-30 13:30:41.229072+00:00,right,patternOccur,patternOccur::lvl-33.txt,ore,ore::lvl-71.txt,LEFT,loss,0.0,True,False,False,1,1,6.281,7,0,0,24,500.0,8.0,28.01438122742595,153.7988348370111,19,1,0,0,0,0,0,0,0,0
v_0d3f6bcb-80f7-4e4a-b3f0-22dfe6ecccd1,btl_1d818e7d-45b0-49b4-b0de-7f61eaeb39c5,ccd77092-db4d-4f35-b5c2-7a0431a6231c,anon_376d7289-fc63-4549-9336-2b8703819566,2026-01-30T13:29:49.733104+00:00,2026-01-30 13:29:49.733104+00:00,left,marioDiffusion,marioDiffusion::level_89.txt,genetic,genetic::lvl-52.txt,LEFT,win,1.0,True,False,True,0,0,43.874,37,2,0,165,3278.0,8.0,53.70211344130175,1102.7288108443977,78,0,0,0,0,0,0,0,0,0
v_0d3f6bcb-80f7-4e4a-b3f0-22dfe6ecccd1,btl_1d818e7d-45b0-49b4-b0de-7f61eaeb39c5,ccd77092-db4d-4f35-b5c2-7a0431a6231c,anon_376d7289-fc63-4549-9336-2b8703819566,2026-01-30T13:29:49.733104+00:00,2026-01-30 13:29:49.733104+00:00,right,genetic,genetic::lvl-52.txt,marioDiffusion,marioDiffusion::level_89.txt,LEFT,loss,0.0,True,False,False,1,1,5.548,2,0,0,21,548.0,8.0,29.655619742519722,220.23095483920454,6,1,0,0,0,0,0,0,0,0
v_1217ebe0-871e-4d0f-b523-90660494a8fb,btl_edb8a2e9-ce0c-4cc7-9df3-a3ab7f560058,ee7a8dfd-2952-4bb7-8596-ac55f7bf79a3,anon_a9445e2d-8170-40b8-bfa3-9fdf5b9366fb,2026-01-29T16:18:36.692319+00:00,2026-01-29 16:18:36.692319+00:00,left,mariogan,mariogan::level_3.txt,hopper,hopper::lvl-71.txt,LEFT,win,1.0,True,False,False,1,1,14.145,12,0,0,54,1001.0,8.0,58.73020782685398,227.00897053273462,27,1,0,0,0,0,0,0,0,0
v_1217ebe0-871e-4d0f-b523-90660494a8fb,btl_edb8a2e9-ce0c-4cc7-9df3-a3ab7f560058,ee7a8dfd-2952-4bb7-8596-ac55f7bf79a3,anon_a9445e2d-8170-40b8-bfa3-9fdf5b9366fb,2026-01-29T16:18:36.692319+00:00,2026-01-29 16:18:36.692319+00:00,right,hopper,hopper::lvl-71.txt,mariogan,mariogan::level_3.txt,LEFT,loss,0.0,True,False,False,1,1,2.382,3,0,0,10,553.0,8.0,25.579093025359597,186.68060959831902,7,1,0,0,0,0,0,0,0,0
v_e3e4521a-019a-4866-b595-5cfe52136aef,btl_692893b6-6e6a-4695-a70e-b7f87c4bae52,ee7a8dfd-2952-4bb7-8596-ac55f7bf79a3,anon_a9445e2d-8170-40b8-bfa3-9fdf5b9366fb,2026-01-29T16:18:16.548612+00:00,2026-01-29 16:18:16.548612+00:00,left,notch,notch::lvl-15.txt,notchParamRand,notchParamRand::lvl-65.txt,LEFT,win,1.0,True,False,False,1,1,2.178,1,0,0,9,295.0,8.0,26.549743668986505,112.61438629233834,3,1,0,0,0,0,0,0,0,0
v_e3e4521a-019a-4866-b595-5cfe52136aef,btl_692893b6-6e6a-4695-a70e-b7f87c4bae52,ee7a8dfd-2952-4bb7-8596-ac55f7bf79a3,anon_a9445e2d-8170-40b8-bfa3-9fdf5b9366fb,2026-01-29T16:18:16.548612+00:00,2026-01-29 16:18:16.548612+00:00,right,notchParamRand,notchParamRand::lvl-65.txt,notch,notch::lvl-15.txt,LEFT,loss,0.0,True,False,False,1,1,1.615,1,0,0,7,325.0,8.0,32.277495793414296,116.62358777061267,3,1,0,0,0,0,0,0,0,0
v_64c931c5-4b2d-4f34-b639-5c99575faac8,btl_e67b8c97-ce45-4f4f-a366-f8498fa689f8,ee7a8dfd-2952-4bb7-8596-ac55f7bf79a3,anon_a9445e2d-8170-40b8-bfa3-9fdf5b9366fb,2026-01-29T16:18:09.985487+00:00,2026-01-29 16:18:09.985487+00:00,left,patternWeightCount,patternWeightCount::lvl-63.txt,genetic,genetic::lvl-16.txt,TIE,tie,0.5,True,False,False,1,1,14.642,12,0,0,55,515.0,8.0,34.343553535146704,184.77825531258713,36,1,0,0,0,0,0,0,0,0
v_64c931c5-4b2d-4f34-b639-5c99575faac8,btl_e67b8c97-ce45-4f4f-a366-f8498fa689f8,ee7a8dfd-2952-4bb7-8596-ac55f7bf79a3,anon_a9445e2d-8170-40b8-bfa3-9fdf5b9366fb,2026-01-29T16:18:09.985487+00:00,2026-01-29 16:18:09.985487+00:00,right,genetic,genetic::lvl-16.txt,patternWeightCount,patternWeightCount::lvl-63.txt,TIE,tie,0.5,True,False,False,1,1,22.215,13,0,0,84,1651.0,8.0,36.06179149907072,430.05553796142715,27,1,0,0,0,0,0,0,0,0
v_0b15e29b-6bcc-44b1-84dd-777fcaa3b65d,btl_da393636-8572-4b6b-9286-a9b5603c3432,2f152124-63e3-4da0-94fe-6a3d99539b29,anon_a9445e2d-8170-40b8-bfa3-9fdf5b9366fb,2026-01-29T16:13:29.283239+00:00,2026-01-29 16:13:29.283239+00:00,left,genetic,genetic::lvl-73.txt,notchParam,notchParam::lvl-6.txt,TIE,tie,0.5,True,False,False,1,1,10.272,7,0,0,39,1974.0,8.0,28.79502020648102,637.6949996334673,14,1,0,0,0,0,0,0,0,0
v_0b15e29b-6bcc-44b1-84dd-777fcaa3b65d,btl_da393636-8572-4b6b-9286-a9b5603c3432,2f152124-63e3-4da0-94fe-6a3d99539b29,anon_a9445e2d-8170-40b8-bfa3-9fdf5b9366fb,2026-01-29T16:13:29.283239+00:00,2026-01-29 16:13:29.283239+00:00,right,notchParam,notchParam::lvl-6.txt,genetic,genetic::lvl-73.txt,TIE,tie,0.5,True,False,False,1,1,2.679,2,0,0,11,683.0,8.0,26.847903407070206,233.27836030894454,9,1,0,0,0,0,0,0,0,0
v_2d123e37-1d7c-4a10-99a1-468f2b008462,btl_1431285e-8b1e-42ae-a0af-efacd57046b9,2f152124-63e3-4da0-94fe-6a3d99539b29,anon_a9445e2d-8170-40b8-bfa3-9fdf5b9366fb,2026-01-29T16:13:12.115368+00:00,2026-01-29 16:13:12.115368+00:00,left,notchParamRand,notchParamRand::lvl-68.txt,mariogpt,mariogpt::level_014.txt,RIGHT,loss,0.0,True,False,True,0,0,21.54,22,0,1,81,3073.0,8.0,32.01041497179733,911.5870301733383,47,0,0,0,0,0,0,0,0,0
v_2d123e37-1d7c-4a10-99a1-468f2b008462,btl_1431285e-8b1e-42ae-a0af-efacd57046b9,2f152124-63e3-4da0-94fe-6a3d99539b29,anon_a9445e2d-8170-40b8-bfa3-9fdf5b9366fb,2026-01-29T16:13:12.115368+00:00,2026-01-29 16:13:12.115368+00:00,right,mariogpt,mariogpt::level_014.txt,notchParamRand,notchParamRand::lvl-68.txt,RIGHT,win,1.0,True,False,True,0,0,67.846,60,9,8,251,2380.0,8.0,43.739658885279894,805.1498599708992,153,0,1,1,0,0,0,0,0,0
v_a4030239-3e65-4639-8a9c-d6108dd3d23d,btl_77b8251d-b29f-4516-a715-c43d1b0aa0f8,ec14a5fd-8b35-4a16-9c48-09c1fdcbf57f,anon_376d7289-fc63-4549-9336-2b8703819566,2026-01-28T16:22:28.322979+00:00,2026-01-28 16:22:28.322979+00:00,left,mariogpt,mariogpt::level_065.txt,genetic,genetic::lvl-43.txt,RIGHT,loss,0.0,True,False,False,1,1,29.486,21,2,4,111,578.0,8.0,23.43203583871427,159.47824188257871,61,1,0,0,0,0,0,0,0,0
v_a4030239-3e65-4639-8a9c-d6108dd3d23d,btl_77b8251d-b29f-4516-a715-c43d1b0aa0f8,ec14a5fd-8b35-4a16-9c48-09c1fdcbf57f,anon_376d7289-fc63-4549-9336-2b8703819566,2026-01-28T16:22:28.322979+00:00,2026-01-28 16:22:28.322979+00:00,right,genetic,genetic::lvl-43.txt,mariogpt,mariogpt::level_065.txt,RIGHT,win,1.0,True,False,False,1,1,5.47,3,0,0,21,705.0,8.0,35.77772144049873,198.7972451298101,7,1,0,0,0,0,0,0,0,0
v_f9050df0-6438-4736-b95f-f6bcb9a0327c,btl_481271ef-cba2-4f79-8a42-fd1064928fbb,ec14a5fd-8b35-4a16-9c48-09c1fdcbf57f,anon_376d7289-fc63-4549-9336-2b8703819566,2026-01-28T16:21:46.101845+00:00,2026-01-28 16:21:46.101845+00:00,left,marioDiffusion,marioDiffusion::level_41.txt,genetic,genetic::lvl-83.txt,RIGHT,loss,0.0,True,False,False,1,1,76.245,13,0,0,197,1828.0,8.0,35.32641910130671,433.2778926723532,26,1,0,0,0,0,0,0,0,0
v_f9050df0-6438-4736-b95f-f6bcb9a0327c,btl_481271ef-cba2-4f79-8a42-fd1064928fbb,ec14a5fd-8b35-4a16-9c48-09c1fdcbf57f,anon_376d7289-fc63-4549-9336-2b8703819566,2026-01-28T16:21:46.101845+00:00,2026-01-28 16:21:46.101845+00:00,right,genetic,genetic::lvl-83.txt,marioDiffusion,marioDiffusion::level_41.txt,RIGHT,win,1.0,True,False,False,1,1,5.085,4,0,0,20,589.0,8.0,26.20014312938004,198.88400513867373,9,1,0,0,0,0,0,0,0,0
v_8162cbfd-3a86-49f2-89d5-980356e1afcc,btl_b8a13c34-d8e0-4fb6-9a71-d1ea8ae1d171,ec14a5fd-8b35-4a16-9c48-09c1fdcbf57f,anon_376d7289-fc63-4549-9336-2b8703819566,2026-01-28T16:20:17.657013+00:00,2026-01-28 16:20:17.657013+00:00,left,hopper,hopper::lvl-44.txt,notchParam,notchParam::lvl-33.txt,LEFT,win,1.0,True,False,False,1,1,2.848,2,0,0,11,455.0,8.0,25.841538730635644,156.72838008467687,6,1,0,0,0,0,0,0,0,0
v_8162cbfd-3a86-49f2-89d5-980356e1afcc,btl_b8a13c34-d8e0-4fb6-9a71-d1ea8ae1d171,ec14a5fd-8b35-4a16-9c48-09c1fdcbf57f,anon_376d7289-fc63-4549-9336-2b8703819566,2026-01-28T16:20:17.657013+00:00,2026-01-28 16:20:17.657013+00:00,right,notchParam,notchParam::lvl-33.txt,hopper,hopper::lvl-44.txt,LEFT,loss,0.0,True,False,False,1,1,6.202,1,0,0,24,1087.0,8.0,14.069211361456382,319.4237623135692,3,1,0,0,0,0,0,0,0,0
v_b2e5ba32-b177-408a-bb63-be3477374756,btl_c680f803-fb2f-4ed5-a5f3-fce9f1d8d9d0,ec14a5fd-8b35-4a16-9c48-09c1fdcbf57f,anon_376d7289-fc63-4549-9336-2b8703819566,2026-01-28T16:20:07.427514+00:00,2026-01-28 16:20:07.427514+00:00,left,notch,notch::lvl-84.txt,ore,ore::lvl-85.txt,LEFT,win,1.0,True,False,False,1,1,5.75,5,0,0,22,1349.0,8.0,27.501953349108298,455.1124917702098,11,1,0,0,0,0,0,0,0,0
v_b2e5ba32-b177-408a-bb63-be3477374756,btl_c680f803-fb2f-4ed5-a5f3-fce9f1d8d9d0,ec14a5fd-8b35-4a16-9c48-09c1fdcbf57f,anon_376d7289-fc63-4549-9336-2b8703819566,2026-01-28T16:20:07.427514+00:00,2026-01-28 16:20:07.427514+00:00,right,ore,ore::lvl-85.txt,notch,notch::lvl-84.txt,LEFT,loss,0.0,True,False,False,1,1,2.468,3,0,0,10,114.0,0.0,34.587425460707536,41.000121951038146,6,1,0,0,0,0,0,0,0,0
v_37ea313e-fce2-4862-8281-ddd14ec45c9e,btl_81828ac2-e279-4da7-b9a0-5af7dccb7204,ec14a5fd-8b35-4a16-9c48-09c1fdcbf57f,anon_376d7289-fc63-4549-9336-2b8703819566,2026-01-28T16:19:57.362418+00:00,2026-01-28 16:19:57.362418+00:00,left,mariogan,mariogan::level_19.txt,mariogpt,mariogpt::level_096.txt,LEFT,win,1.0,True,False,False,1,1,3.477,1,0,0,14,187.0,8.0,19.635453150059035,53.32844896851731,3,1,0,0,0,0,0,0,0,0
v_37ea313e-fce2-4862-8281-ddd14ec45c9e,btl_81828ac2-e279-4da7-b9a0-5af7dccb7204,ec14a5fd-8b35-4a16-9c48-09c1fdcbf57f,anon_376d7289-fc63-4549-9336-2b8703819566,2026-01-28T16:19:57.362418+00:00,2026-01-28 16:19:57.362418+00:00,right,mariogpt,mariogpt::level_096.txt,mariogan,mariogan::level_19.txt,LEFT,loss,0.0,False,True,False,0,0,0.0,0,0,0,0,,,,,0,0,0,0,0,0,0,0,0,0
v_6b75e97c-9cb0-4de5-a9f3-6547c1b67943,btl_2363cc80-58ff-4f20-93d6-f1462c3fd076,ec14a5fd-8b35-4a16-9c48-09c1fdcbf57f,anon_376d7289-fc63-4549-9336-2b8703819566,2026-01-28T16:19:49.843930+00:00,2026-01-28 16:19:49.843930+00:00,left,mariogan,mariogan::level_77.txt,ore,ore::lvl-70.txt,RIGHT,loss,0.0,True,False,False,1,1,0.682,0,0,0,3,8.0,8.0,0.0,0.0,2,1,0,0,0,0,0,0,0,0
v_6b75e97c-9cb0-4de5-a9f3-6547c1b67943,btl_2363cc80-58ff-4f20-93d6-f1462c3fd076,ec14a5fd-8b35-4a16-9c48-09c1fdcbf57f,anon_376d7289-fc63-4549-9336-2b8703819566,2026-01-28T16:19:49.843930+00:00,2026-01-28 16:19:49.843930+00:00,right,ore,ore::lvl-70.txt,mariogan,mariogan::level_77.txt,RIGHT,win,1.0,True,False,False,1,1,5.702,7,0,0,22,734.0,1.0,51.177700464102415,225.3755910137417,17,1,0,0,0,0,0,0,0,0
v_7df458a2-2b3f-45b5-b2cd-e6eea5ea5e85,btl_e49d5b0e-8ad0-4687-ae58-dcb45415d37e,ec14a5fd-8b35-4a16-9c48-09c1fdcbf57f,anon_376d7289-fc63-4549-9336-2b8703819566,2026-01-28T16:19:42.200779+00:00,2026-01-28 16:19:42.200779+00:00,left,mariogan,mariogan::level_44.txt,patternWeightCount,patternWeightCount::lvl-49.txt,RIGHT,loss,0.0,True,False,False,1,1,4.311,4,0,0,17,626.0,8.0,43.84985391744555,196.79881002256485,9,1,0,0,0,0,0,0,0,0
v_7df458a2-2b3f-45b5-b2cd-e6eea5ea5e85,btl_e49d5b0e-8ad0-4687-ae58-dcb45415d37e,ec14a5fd-8b35-4a16-9c48-09c1fdcbf57f,anon_376d7289-fc63-4549-9336-2b8703819566,2026-01-28T16:19:42.200779+00:00,2026-01-28 16:19:42.200779+00:00,right,patternWeightCount,patternWeightCount::lvl-49.txt,mariogan,mariogan::level_44.txt,RIGHT,win,1.0,True,False,False,1,1,2.735,2,0,0,11,293.0,8.0,36.89251755084857,112.51100956229693,8,1,0,0,0,0,0,0,0,0
v_7e734df6-4c15-4a2c-b61a-7b386c38575e,btl_6d8d56bf-f1ee-434b-83ef-2275bb4dd5b5,79ff2255-8440-4fe5-8b79-93c24e229bb2,anon_376d7289-fc63-4549-9336-2b8703819566,2026-01-28T16:18:12.586453+00:00,2026-01-28 16:18:12.586453+00:00,left,patternWeightCount,patternWeightCount::lvl-5.txt,patternCount,patternCount::lvl-35.txt,LEFT,win,1.0,False,True,False,0,0,0.0,0,0,0,0,,,,,0,0,0,0,0,0,0,0,0,0
v_7e734df6-4c15-4a2c-b61a-7b386c38575e,btl_6d8d56bf-f1ee-434b-83ef-2275bb4dd5b5,79ff2255-8440-4fe5-8b79-93c24e229bb2,anon_376d7289-fc63-4549-9336-2b8703819566,2026-01-28T16:18:12.586453+00:00,2026-01-28 16:18:12.586453+00:00,right,patternCount,patternCount::lvl-35.txt,patternWeightCount,patternWeightCount::lvl-5.txt,LEFT,loss,0.0,True,False,False,1,1,0.715,0,0,0,3,8.0,8.0,75.07477753694793,0.0,7,1,0,0,0,0,0,0,0,0
v_99dc76e1-cbae-4c6b-b8f6-5e4415380955,btl_b01da7f6-aa54-41de-9b9b-f24e79472078,eec48364-65ae-40f6-8f8a-03d9d598fdbe,anon_376d7289-fc63-4549-9336-2b8703819566,2026-01-28T15:53:49.371734+00:00,2026-01-28 15:53:49.371734+00:00,left,mariogan,mariogan::level_18.txt,notchParam,notchParam::lvl-56.txt,TIE,tie,0.5,True,False,False,1,1,22.013,17,0,3,81,1543.0,8.0,49.70740175015905,382.7065411005251,39,1,1,0,0,0,0,0,1,0
v_99dc76e1-cbae-4c6b-b8f6-5e4415380955,btl_b01da7f6-aa54-41de-9b9b-f24e79472078,eec48364-65ae-40f6-8f8a-03d9d598fdbe,anon_376d7289-fc63-4549-9336-2b8703819566,2026-01-28T15:53:49.371734+00:00,2026-01-28 15:53:49.371734+00:00,right,notchParam,notchParam::lvl-56.txt,mariogan,mariogan::level_18.txt,TIE,tie,0.5,True,False,False,1,1,1.617,1,0,0,7,278.0,8.0,22.49988662102953,97.46208053831573,4,1,0,0,0,0,0,0,0,0
v_59c11106-0d64-4f87-88fa-3c44fa765217,btl_80e96578-aac5-43a5-bee3-860ee1876839,eec48364-65ae-40f6-8f8a-03d9d598fdbe,anon_376d7289-fc63-4549-9336-2b8703819566,2026-01-28T15:53:19.754049+00:00,2026-01-28 15:53:19.754049+00:00,left,patternOccur,patternOccur::lvl-61.txt,hopper,hopper::lvl-56.txt,LEFT,win,1.0,True,False,False,1,1,13.882,17,0,0,53,1298.0,8.0,36.20727678426577,407.32734550203537,46,1,0,0,0,0,0,0,0,0
v_59c11106-0d64-4f87-88fa-3c44fa765217,btl_80e96578-aac5-43a5-bee3-860ee1876839,eec48364-65ae-40f6-8f8a-03d9d598fdbe,anon_376d7289-fc63-4549-9336-2b8703819566,2026-01-28T15:53:19.754049+00:00,2026-01-28 15:53:19.754049+00:00,right,hopper,hopper::lvl-56.txt,patternOccur,patternOccur::lvl-61.txt,LEFT,loss,0.0,True,False,False,1,1,2.418,3,0,0,10,542.0,8.0,24.939125886846956,188.87098771383603,7,1,0,0,0,0,0,0,0,0
v_ace28638-0e99-40f6-8200-d17abc45b3f9,btl_824adae5-9d07-4d37-8c58-92181c1428b7,eec48364-65ae-40f6-8f8a-03d9d598fdbe,anon_376d7289-fc63-4549-9336-2b8703819566,2026-01-28T15:53:01.641772+00:00,2026-01-28 15:53:01.641772+00:00,left,original,original::lvl-10.txt,mariogpt,mariogpt::level_025.txt,LEFT,win,1.0,True,False,False,1,1,19.305,17,13,3,73,1602.0,0.0,55.838180671623185,460.7282876880898,52,1,0,0,0,0,0,0,0,0
v_ace28638-0e99-40f6-8200-d17abc45b3f9,btl_824adae5-9d07-4d37-8c58-92181c1428b7,eec48364-65ae-40f6-8f8a-03d9d598fdbe,anon_376d7289-fc63-4549-9336-2b8703819566,2026-01-28T15:53:01.641772+00:00,2026-01-28 15:53:01.641772+00:00,right,mariogpt,mariogpt::level_025.txt,original,original::lvl-10.txt,LEFT,loss,0.0,True,False,False,1,1,14.01,10,11,0,53,194.0,0.0,23.151074102751075,59.43622038237986,31,1,1,0,0,0,0,0,1,0
v_1e422629-50c8-4c2a-ace2-50f6c98c41e4,btl_0ceddeb8-af00-4ec0-90ab-e5fe824a4a0d,27cefe89-4d2d-4ce9-8cbb-4e64f0b9044e,anon_aaeacaf4-6956-4b32-8407-824c4cdd3f92,2026-01-27T23:59:57.261375+00:00,2026-01-27 23:59:57.261375+00:00,left,patternWeightCount,patternWeightCount::lvl-99.txt,notchParamRand,notchParamRand::lvl-40.txt,LEFT,win,1.0,True,False,False,1,1,11.543,11,1,0,44,606.0,8.0,28.956177704813307,173.73492413339457,29,1,0,0,0,0,0,0,0,0
v_1e422629-50c8-4c2a-ace2-50f6c98c41e4,btl_0ceddeb8-af00-4ec0-90ab-e5fe824a4a0d,27cefe89-4d2d-4ce9-8cbb-4e64f0b9044e,anon_aaeacaf4-6956-4b32-8407-824c4cdd3f92,2026-01-27T23:59:57.261375+00:00,2026-01-27 23:59:57.261375+00:00,right,notchParamRand,notchParamRand::lvl-40.txt,patternWeightCount,patternWeightCount::lvl-99.txt,LEFT,loss,0.0,True,False,False,1,1,4.815,3,0,2,19,586.0,8.0,23.664904412040734,197.7995991918164,8,1,0,0,0,0,0,0,0,0
v_21d5646c-ea46-4551-83d1-03198c0520b0,btl_d757e27e-0d39-41bc-be0d-f0887aedf79c,27cefe89-4d2d-4ce9-8cbb-4e64f0b9044e,anon_aaeacaf4-6956-4b32-8407-824c4cdd3f92,2026-01-27T23:59:36.083427+00:00,2026-01-27 23:59:36.083427+00:00,left,notch,notch::lvl-24.txt,ore,ore::lvl-89.txt,RIGHT,loss,0.0,True,False,False,1,1,11.504,5,0,0,44,597.0,8.0,22.123094305564322,173.11943519713554,12,1,0,0,0,0,0,0,0,0
v_21d5646c-ea46-4551-83d1-03198c0520b0,btl_d757e27e-0d39-41bc-be0d-f0887aedf79c,27cefe89-4d2d-4ce9-8cbb-4e64f0b9044e,anon_aaeacaf4-6956-4b32-8407-824c4cdd3f92,2026-01-27T23:59:36.083427+00:00,2026-01-27 23:59:36.083427+00:00,right,ore,ore::lvl-89.txt,notch,notch::lvl-24.txt,RIGHT,win,1.0,True,False,False,1,1,5.781,5,0,0,22,517.0,8.0,21.138709547233812,172.50464720054683,15,1,0,0,0,0,0,0,0,0
v_a951d8e7-888f-4fb5-864f-35d8afd0ec1d,btl_858a98bd-b6f5-4bf6-a804-eb6975f27d38,24ca2e1e-9cc9-499d-89b0-99c05317a5ea,anon_57b8b83d-01b4-4c11-a88c-b639bd2ed990,2026-01-27T17:02:25.593334+00:00,2026-01-27 17:02:25.593334+00:00,left,marioDiffusion,marioDiffusion::level_70.txt,notchParam,notchParam::lvl-7.txt,LEFT,win,1.0,True,False,False,1,1,13.213,9,0,1,50,740.0,8.0,51.314777598660605,249.36960520480437,20,1,0,0,0,0,0,0,0,0
v_a951d8e7-888f-4fb5-864f-35d8afd0ec1d,btl_858a98bd-b6f5-4bf6-a804-eb6975f27d38,24ca2e1e-9cc9-499d-89b0-99c05317a5ea,anon_57b8b83d-01b4-4c11-a88c-b639bd2ed990,2026-01-27T17:02:25.593334+00:00,2026-01-27 17:02:25.593334+00:00,right,notchParam,notchParam::lvl-7.txt,marioDiffusion,marioDiffusion::level_70.txt,LEFT,loss,0.0,True,False,False,1,1,13.548,7,0,0,51,1602.0,8.0,34.85376712294548,510.35096893763085,16,1,0,0,0,0,0,0,0,0
v_0cfefd9c-d370-47f2-8859-71fda93bdeff,btl_858261d2-5aed-48a2-9f74-40d540fffa95,b085e420-26d9-400a-8ee9-82d8ee82559b,anon_1575bc4a-8ab3-4bac-9213-640e500b4960,2026-01-27T15:41:47.074931+00:00,2026-01-27 15:41:47.074931+00:00,left,genetic,genetic::lvl-100.txt,mariogan,mariogan::level_22.txt,RIGHT,loss,0.0,True,False,False,1,1,2.312,2,0,0,9,73.0,8.0,22.503223363073904,24.267032964268395,5,1,0,0,0,0,0,0,0,0
v_0cfefd9c-d370-47f2-8859-71fda93bdeff,btl_858261d2-5aed-48a2-9f74-40d540fffa95,b085e420-26d9-400a-8ee9-82d8ee82559b,anon_1575bc4a-8ab3-4bac-9213-640e500b4960,2026-01-27T15:41:47.074931+00:00,2026-01-27 15:41:47.074931+00:00,right,mariogan,mariogan::level_22.txt,genetic,genetic::lvl-100.txt,RIGHT,win,1.0,True,False,True,0,0,31.813,32,0,3,120,2658.0,8.0,39.80029225883761,779.3824391073287,67,0,0,0,0,0,0,0,0,0
v_7ed47aaf-868f-44b8-b1d9-2193768e4dea,btl_7e94bbba-9c9e-418f-880a-92bf4f449ffe,b085e420-26d9-400a-8ee9-82d8ee82559b,anon_1575bc4a-8ab3-4bac-9213-640e500b4960,2026-01-27T15:41:05.562291+00:00,2026-01-27 15:41:05.562291+00:00,left,patternWeightCount,patternWeightCount::lvl-28.txt,mariogan,mariogan::level_43.txt,RIGHT,loss,0.0,True,False,False,1,1,8.514,7,0,0,33,176.0,8.0,35.32418406415044,54.53718792576604,19,1,0,0,0,0,0,0,0,0
v_7ed47aaf-868f-44b8-b1d9-2193768e4dea,btl_7e94bbba-9c9e-418f-880a-92bf4f449ffe,b085e420-26d9-400a-8ee9-82d8ee82559b,anon_1575bc4a-8ab3-4bac-9213-640e500b4960,2026-01-27T15:41:05.562291+00:00,2026-01-27 15:41:05.562291+00:00,right,mariogan,mariogan::level_43.txt,patternWeightCount,patternWeightCount::lvl-28.txt,RIGHT,win,1.0,True,False,False,1,1,7.48,6,0,0,29,454.0,8.0,53.09749182895145,162.30783570582815,12,1,0,0,0,0,0,0,0,0
v_a9cb998f-5ba2-4bc2-a04a-1cae0378c3df,btl_6ccbcfd5-ebe0-457a-9789-9425f06e4a9d,b085e420-26d9-400a-8ee9-82d8ee82559b,anon_1575bc4a-8ab3-4bac-9213-640e500b4960,2026-01-27T15:40:44.277017+00:00,2026-01-27 15:40:44.277017+00:00,left,patternWeightCount,patternWeightCount::lvl-91.txt,patternCount,patternCount::lvl-30.txt,LEFT,win,1.0,True,False,False,1,1,0.706,0,0,0,3,8.0,8.0,75.07477753694793,0.0,6,1,0,0,0,0,0,0,0,0
v_a9cb998f-5ba2-4bc2-a04a-1cae0378c3df,btl_6ccbcfd5-ebe0-457a-9789-9425f06e4a9d,b085e420-26d9-400a-8ee9-82d8ee82559b,anon_1575bc4a-8ab3-4bac-9213-640e500b4960,2026-01-27T15:40:44.277017+00:00,2026-01-27 15:40:44.277017+00:00,right,patternCount,patternCount::lvl-30.txt,patternWeightCount,patternWeightCount::lvl-91.txt,LEFT,loss,0.0,True,False,False,1,1,2.113,1,0,0,9,39.0,8.0,31.622776601683793,12.587471725666138,10,1,2,1,1,0,0,0,0,0
v_c948ecf3-626f-4037-8b9d-e2f952b9ab9a,btl_3d496020-bfa0-48d8-a569-cf82980a2eed,b085e420-26d9-400a-8ee9-82d8ee82559b,anon_1575bc4a-8ab3-4bac-9213-640e500b4960,2026-01-27T15:40:32.616918+00:00,2026-01-27 15:40:32.616918+00:00,left,original,original::lvl-8.txt,notch,notch::lvl-15.txt,LEFT,win,1.0,True,False,False,1,1,3.516,1,0,0,14,253.0,8.0,80.83634891632877,78.672662056791,3,1,0,0,0,0,0,0,0,0
v_c948ecf3-626f-4037-8b9d-e2f952b9ab9a,btl_3d496020-bfa0-48d8-a569-cf82980a2eed,b085e420-26d9-400a-8ee9-82d8ee82559b,anon_1575bc4a-8ab3-4bac-9213-640e500b4960,2026-01-27T15:40:32.616918+00:00,2026-01-27 15:40:32.616918+00:00,right,notch,notch::lvl-15.txt,original,original::lvl-8.txt,LEFT,loss,0.0,True,False,False,1,1,11.679,8,0,0,44,772.0,8.0,28.622399192541323,235.91489198507708,17,1,0,0,0,0,0,0,0,0
v_395541ec-aa55-4ac9-ac46-a058fbe583cb,btl_bc92928d-4587-4ffa-851e-09da76b796b6,dd8c1588-b623-4a58-bdda-76a66c84484e,anon_83d581ca-5994-4c8f-a3df-9fa65c8fb089,2026-01-27T15:09:34.969641+00:00,2026-01-27 15:09:34.969641+00:00,left,mariogpt,mariogpt::level_069.txt,notchParam,notchParam::lvl-50.txt,TIE,tie,0.5,True,False,False,1,1,9.408,6,0,1,36,603.0,8.0,50.021006389785015,167.5819865684323,17,1,2,0,0,1,0,0,0,1
v_395541ec-aa55-4ac9-ac46-a058fbe583cb,btl_bc92928d-4587-4ffa-851e-09da76b796b6,dd8c1588-b623-4a58-bdda-76a66c84484e,anon_83d581ca-5994-4c8f-a3df-9fa65c8fb089,2026-01-27T15:09:34.969641+00:00,2026-01-27 15:09:34.969641+00:00,right,notchParam,notchParam::lvl-50.txt,mariogpt,mariogpt::level_069.txt,TIE,tie,0.5,True,False,True,0,0,26.804,22,0,1,101,3091.0,8.0,37.919300438568435,920.3578285084634,46,0,1,0,1,0,0,0,0,0
v_b5e82cc6-105d-44a4-86ea-1f8ff1751c8f,btl_7181391a-5e7f-4901-bec1-d2201a36719f,ba0afa2b-8e20-420f-a9f1-892622c76574,anon_83d581ca-5994-4c8f-a3df-9fa65c8fb089,2026-01-27T15:07:21.081102+00:00,2026-01-27 15:07:21.081102+00:00,left,mariogan,mariogan::level_68.txt,ore,ore::lvl-99.txt,RIGHT,loss,0.0,True,False,False,1,1,1.873,1,0,0,8,105.0,8.0,21.644499878722076,32.39116391857508,2,1,1,0,0,0,0,0,1,0
v_b5e82cc6-105d-44a4-86ea-1f8ff1751c8f,btl_7181391a-5e7f-4901-bec1-d2201a36719f,ba0afa2b-8e20-420f-a9f1-892622c76574,anon_83d581ca-5994-4c8f-a3df-9fa65c8fb089,2026-01-27T15:07:21.081102+00:00,2026-01-27 15:07:21.081102+00:00,right,ore,ore::lvl-99.txt,mariogan,mariogan::level_68.txt,RIGHT,win,1.0,True,False,False,1,1,60.171,59,3,0,224,2581.0,8.0,46.62758322130741,754.9852081602767,131,1,1,1,0,0,0,0,0,0
v_72146b2b-dac5-435c-b515-2f7998e09cd5,btl_e88d68da-530b-4d5a-bd35-ad2e17173cf6,ba0afa2b-8e20-420f-a9f1-892622c76574,anon_83d581ca-5994-4c8f-a3df-9fa65c8fb089,2026-01-27T15:06:04.654347+00:00,2026-01-27 15:06:04.654347+00:00,left,mariogpt,mariogpt::level_078.txt,notchParamRand,notchParamRand::lvl-80.txt,RIGHT,loss,0.0,True,False,False,1,1,2.975,1,0,0,12,147.0,8.0,21.140403654298247,40.63549009862629,6,1,1,0,0,0,0,0,1,0
v_72146b2b-dac5-435c-b515-2f7998e09cd5,btl_e88d68da-530b-4d5a-bd35-ad2e17173cf6,ba0afa2b-8e20-420f-a9f1-892622c76574,anon_83d581ca-5994-4c8f-a3df-9fa65c8fb089,2026-01-27T15:06:04.654347+00:00,2026-01-27 15:06:04.654347+00:00,right,notchParamRand,notchParamRand::lvl-80.txt,mariogpt,mariogpt::level_078.txt,RIGHT,win,1.0,True,False,True,0,0,38.609,22,4,5,143,3098.0,8.0,18.91533806680765,894.5477213111486,60,0,1,0,1,0,0,0,0,0
v_efdf9493-a544-4cfa-a84f-a6b2ed9c16a0,btl_23984801-cf73-4ae7-bd3d-0aead159af55,ba0afa2b-8e20-420f-a9f1-892622c76574,anon_83d581ca-5994-4c8f-a3df-9fa65c8fb089,2026-01-27T15:05:14.589973+00:00,2026-01-27 15:05:14.589973+00:00,left,mariogpt,mariogpt::level_021.txt,hopper,hopper::lvl-30.txt,RIGHT,loss,0.0,False,True,False,0,0,0.0,0,0,0,0,,,,,0,0,2,0,0,0,0,0,1,1
v_efdf9493-a544-4cfa-a84f-a6b2ed9c16a0,btl_23984801-cf73-4ae7-bd3d-0aead159af55,ba0afa2b-8e20-420f-a9f1-892622c76574,anon_83d581ca-5994-4c8f-a3df-9fa65c8fb089,2026-01-27T15:05:14.589973+00:00,2026-01-27 15:05:14.589973+00:00,right,hopper,hopper::lvl-30.txt,mariogpt,mariogpt::level_021.txt,RIGHT,win,1.0,True,False,True,0,0,46.545,40,4,4,172,3140.0,8.0,35.22590120547999,853.31392393731,119,0,0,0,0,0,0,0,0,0
v_0805c533-7425-48c8-a143-49bc9ffb23f7,btl_1919a0f1-fe7a-4e05-ae29-03c33c5cae74,b507101b-6f66-48fb-99b1-2e336075f385,anon_83d581ca-5994-4c8f-a3df-9fa65c8fb089,2026-01-27T15:03:15.173666+00:00,2026-01-27 15:03:15.173666+00:00,left,patternCount,patternCount::lvl-44.txt,mariogan,mariogan::level_21.txt,SKIP,skip,,True,False,False,1,1,19.877,17,1,0,74,731.0,8.0,31.800717129245033,218.69807011699925,57,1,1,0,0,1,0,0,0,0
v_0805c533-7425-48c8-a143-49bc9ffb23f7,btl_1919a0f1-fe7a-4e05-ae29-03c33c5cae74,b507101b-6f66-48fb-99b1-2e336075f385,anon_83d581ca-5994-4c8f-a3df-9fa65c8fb089,2026-01-27T15:03:15.173666+00:00,2026-01-27 15:03:15.173666+00:00,right,mariogan,mariogan::level_21.txt,patternCount,patternCount::lvl-44.txt,SKIP,skip,,True,False,False,1,1,15.439,12,0,1,59,1097.0,8.0,31.338107622683125,292.35676202187256,25,1,1,0,0,0,0,0,1,0
v_9f01064c-0d14-4ce1-a158-6d16bf1e63ef,btl_87a34728-352e-4a21-8e61-d3c509306913,b507101b-6f66-48fb-99b1-2e336075f385,anon_83d581ca-5994-4c8f-a3df-9fa65c8fb089,2026-01-27T15:02:31.461283+00:00,2026-01-27 15:02:31.461283+00:00,left,marioDiffusion,marioDiffusion::level_58.txt,mariogpt,mariogpt::level_079.txt,RIGHT,loss,0.0,True,False,False,1,1,51.945,53,0,3,195,3057.0,8.0,41.88743690119051,843.5276595344915,110,1,2,0,1,0,0,0,1,0
v_9f01064c-0d14-4ce1-a158-6d16bf1e63ef,btl_87a34728-352e-4a21-8e61-d3c509306913,b507101b-6f66-48fb-99b1-2e336075f385,anon_83d581ca-5994-4c8f-a3df-9fa65c8fb089,2026-01-27T15:02:31.461283+00:00,2026-01-27 15:02:31.461283+00:00,right,mariogpt,mariogpt::level_079.txt,marioDiffusion,marioDiffusion::level_58.txt,RIGHT,win,1.0,True,False,True,0,0,58.611,47,5,5,218,2379.0,8.0,40.8283000916815,653.7030530856503,126,0,0,0,0,0,0,0,0,0
v_f7a9b01d-315b-418a-a7e4-9157a2f9ea87,btl_227b63c6-44c3-4acb-9a71-a4fc30311f64,b507101b-6f66-48fb-99b1-2e336075f385,anon_83d581ca-5994-4c8f-a3df-9fa65c8fb089,2026-01-27T15:00:25.428595+00:00,2026-01-27 15:00:25.428595+00:00,left,patternOccur,patternOccur::lvl-10.txt,hopper,hopper::lvl-37.txt,RIGHT,loss,0.0,True,False,True,0,0,95.378,77,6,0,356,3165.0,8.0,44.75264069948358,854.3287031196227,197,0,1,0,0,1,0,0,0,0
v_f7a9b01d-315b-418a-a7e4-9157a2f9ea87,btl_227b63c6-44c3-4acb-9a71-a4fc30311f64,b507101b-6f66-48fb-99b1-2e336075f385,anon_83d581ca-5994-4c8f-a3df-9fa65c8fb089,2026-01-27T15:00:25.428595+00:00,2026-01-27 15:00:25.428595+00:00,right,hopper,hopper::lvl-37.txt,patternOccur,patternOccur::lvl-10.txt,RIGHT,win,1.0,True,False,False,1,1,14.339,5,0,4,54,665.0,8.0,35.59399927848076,187.99541135718718,25,1,0,0,0,0,0,0,0,0
v_0de1e3c6-abc8-4a26-aebb-85abf8844eb6,btl_de4f71d3-68bc-4ce5-a4f2-90cdfe80bd43,b507101b-6f66-48fb-99b1-2e336075f385,anon_83d581ca-5994-4c8f-a3df-9fa65c8fb089,2026-01-27T14:58:19.546400+00:00,2026-01-27 14:58:19.546400+00:00,left,notchParam,notchParam::lvl-32.txt,mariogan,mariogan::level_92.txt,TIE,tie,0.5,True,False,False,1,1,10.647,2,0,0,41,1273.0,8.0,28.599160078022432,398.0169478543571,4,1,2,0,1,0,0,0,1,0
v_0de1e3c6-abc8-4a26-aebb-85abf8844eb6,btl_de4f71d3-68bc-4ce5-a4f2-90cdfe80bd43,b507101b-6f66-48fb-99b1-2e336075f385,anon_83d581ca-5994-4c8f-a3df-9fa65c8fb089,2026-01-27T14:58:19.546400+00:00,2026-01-27 14:58:19.546400+00:00,right,mariogan,mariogan::level_92.txt,notchParam,notchParam::lvl-32.txt,TIE,tie,0.5,True,False,False,1,1,59.838,48,0,6,223,2290.0,8.0,37.66327749674928,655.5675074176245,113,1,2,0,0,0,0,0,1,1
v_db8a2f34-9877-4dcf-a33c-a2ec7af20e6a,btl_254920a0-20ff-4c05-b7df-0fec2ddec7e2,356d67cd-853e-4485-8a25-7eab35b4ff17,anon_83d581ca-5994-4c8f-a3df-9fa65c8fb089,2026-01-27T14:54:53.932814+00:00,2026-01-27 14:54:53.932814+00:00,left,notchParamRand,notchParamRand::lvl-88.txt,hopper,hopper::lvl-68.txt,RIGHT,loss,0.0,True,False,True,0,0,55.48,46,9,4,206,3102.0,8.0,24.075902299665312,910.5685793187505,132,0,0,0,0,0,0,0,0,0
v_db8a2f34-9877-4dcf-a33c-a2ec7af20e6a,btl_254920a0-20ff-4c05-b7df-0fec2ddec7e2,356d67cd-853e-4485-8a25-7eab35b4ff17,anon_83d581ca-5994-4c8f-a3df-9fa65c8fb089,2026-01-27T14:54:53.932814+00:00,2026-01-27 14:54:53.932814+00:00,right,hopper,hopper::lvl-68.txt,notchParamRand,notchParamRand::lvl-88.txt,RIGHT,win,1.0,True,False,True,0,0,53.976,32,4,5,200,3142.0,8.0,39.03037278838111,907.5853444718023,108,0,0,0,0,0,0,0,0,0
v_42c2e56b-7bfb-402b-bcd9-d920429b0876,btl_fca9390f-5278-44f4-a9ac-06681e40c268,7fa01579-1ec4-44c2-ad97-4c78e1ef1911,anon_64941084-f829-4939-8305-bb3433681a53,2026-01-27T12:12:53.211237+00:00,2026-01-27 12:12:53.211237+00:00,left,mariogan,mariogan::level_89.txt,hopper,hopper::lvl-21.txt,RIGHT,loss,0.0,True,False,True,0,0,21.742,20,0,2,82,2650.0,8.0,28.93633136822557,808.6022233593312,46,0,1,0,0,0,1,0,0,0
v_42c2e56b-7bfb-402b-bcd9-d920429b0876,btl_fca9390f-5278-44f4-a9ac-06681e40c268,7fa01579-1ec4-44c2-ad97-4c78e1ef1911,anon_64941084-f829-4939-8305-bb3433681a53,2026-01-27T12:12:53.211237+00:00,2026-01-27 12:12:53.211237+00:00,right,hopper,hopper::lvl-21.txt,mariogan,mariogan::level_89.txt,RIGHT,win,1.0,True,False,False,1,1,10.875,8,1,6,39,1030.0,8.0,27.614087058533467,349.2921385138999,38,1,0,0,0,0,0,0,0,0
v_254043bf-8978-4de6-bfac-ad1bf7eee817,btl_c5afe61a-4d20-4d04-9854-41a40d56d884,7fa01579-1ec4-44c2-ad97-4c78e1ef1911,anon_64941084-f829-4939-8305-bb3433681a53,2026-01-27T12:12:11.116029+00:00,2026-01-27 12:12:11.116029+00:00,left,mariogan,mariogan::level_80.txt,mariogpt,mariogpt::level_072.txt,RIGHT,loss,0.0,True,False,False,1,1,25.278,26,0,7,94,1468.0,8.0,31.0296372587732,342.3428687283062,65,1,1,0,0,0,0,0,0,1
v_254043bf-8978-4de6-bfac-ad1bf7eee817,btl_c5afe61a-4d20-4d04-9854-41a40d56d884,7fa01579-1ec4-44c2-ad97-4c78e1ef1911,anon_64941084-f829-4939-8305-bb3433681a53,2026-01-27T12:12:11.116029+00:00,2026-01-27 12:12:11.116029+00:00,right,mariogpt,mariogpt::level_072.txt,mariogan,mariogan::level_80.txt,RIGHT,win,1.0,True,False,False,1,1,11.309,11,0,0,43,1015.0,8.0,51.668693296377356,320.4038791189362,23,1,2,0,0,0,0,1,0,1
v_20ae817b-1066-4483-95d5-08c600b9eb6b,btl_f9124200-8f7f-4aef-9486-cbe285fea746,7fa01579-1ec4-44c2-ad97-4c78e1ef1911,anon_64941084-f829-4939-8305-bb3433681a53,2026-01-27T12:11:18.331456+00:00,2026-01-27 12:11:18.331456+00:00,left,patternOccur,patternOccur::lvl-86.txt,hopper,hopper::lvl-92.txt,LEFT,win,1.0,True,False,False,1,1,70.581,57,9,0,263,2699.0,8.0,39.34325904850712,732.4437004840001,172,1,0,0,0,0,0,0,0,0
v_20ae817b-1066-4483-95d5-08c600b9eb6b,btl_f9124200-8f7f-4aef-9486-cbe285fea746,7fa01579-1ec4-44c2-ad97-4c78e1ef1911,anon_64941084-f829-4939-8305-bb3433681a53,2026-01-27T12:11:18.331456+00:00,2026-01-27 12:11:18.331456+00:00,right,hopper,hopper::lvl-92.txt,patternOccur,patternOccur::lvl-86.txt,LEFT,loss,0.0,True,False,False,1,1,10.939,9,0,0,42,1480.0,8.0,27.386334874686696,462.2783669486955,27,1,1,0,1,0,0,0,0,0
v_850e980a-594b-4f06-9262-085775771c51,btl_6e4db331-538f-448a-928f-e45ea4d56568,7fa01579-1ec4-44c2-ad97-4c78e1ef1911,anon_64941084-f829-4939-8305-bb3433681a53,2026-01-27T12:09:49.044040+00:00,2026-01-27 12:09:49.044040+00:00,left,hopper,hopper::lvl-23.txt,notch,notch::lvl-53.txt,RIGHT,loss,0.0,True,False,False,1,1,3.117,2,0,0,12,530.0,8.0,22.094965489902897,178.95737776229166,5,1,0,0,0,0,0,0,0,0
v_850e980a-594b-4f06-9262-085775771c51,btl_6e4db331-538f-448a-928f-e45ea4d56568,7fa01579-1ec4-44c2-ad97-4c78e1ef1911,anon_64941084-f829-4939-8305-bb3433681a53,2026-01-27T12:09:49.044040+00:00,2026-01-27 12:09:49.044040+00:00,right,notch,notch::lvl-53.txt,hopper,hopper::lvl-23.txt,RIGHT,win,1.0,True,False,False,1,1,4.537,5,1,1,18,595.0,8.0,28.487597474629958,185.25028115138358,14,1,0,0,0,0,0,0,0,0
v_7d5fab2f-efb3-44fb-86c0-b5d06abb210b,btl_f618734a-072e-4f01-84c6-ad96eacb7f98,7fa01579-1ec4-44c2-ad97-4c78e1ef1911,anon_64941084-f829-4939-8305-bb3433681a53,2026-01-27T12:09:31.416531+00:00,2026-01-27 12:09:31.416531+00:00,left,mariogpt,mariogpt::level_025.txt,notchParamRand,notchParamRand::lvl-37.txt,RIGHT,loss,0.0,True,False,False,1,1,10.579,5,11,0,40,289.0,7.0,18.79080559741918,70.48813729983223,21,1,1,0,0,0,0,0,1,0
v_7d5fab2f-efb3-44fb-86c0-b5d06abb210b,btl_f618734a-072e-4f01-84c6-ad96eacb7f98,7fa01579-1ec4-44c2-ad97-4c78e1ef1911,anon_64941084-f829-4939-8305-bb3433681a53,2026-01-27T12:09:31.416531+00:00,2026-01-27 12:09:31.416531+00:00,right,notchParamRand,notchParamRand::lvl-37.txt,mariogpt,mariogpt::level_025.txt,RIGHT,win,1.0,True,False,False,1,1,6.637,6,2,2,26,365.0,8.0,36.78204234478089,140.24372276557668,17,1,0,0,0,0,0,0,0,0
v_2d2e910f-9b70-4fba-a2d7-8e5a22c0bcfb,btl_88079988-a29b-4e9f-a333-9e4e41e4d446,7fa01579-1ec4-44c2-ad97-4c78e1ef1911,anon_64941084-f829-4939-8305-bb3433681a53,2026-01-27T12:09:04.596933+00:00,2026-01-27 12:09:04.596933+00:00,left,patternCount,patternCount::lvl-16.txt,patternWeightCount,patternWeightCount::lvl-23.txt,TIE,tie,0.5,True,False,False,1,1,3.574,2,0,0,14,232.0,8.0,32.73642419977715,70.88896174976173,12,1,1,0,0,1,0,0,0,0
v_2d2e910f-9b70-4fba-a2d7-8e5a22c0bcfb,btl_88079988-a29b-4e9f-a333-9e4e41e4d446,7fa01579-1ec4-44c2-ad97-4c78e1ef1911,anon_64941084-f829-4939-8305-bb3433681a53,2026-01-27T12:09:04.596933+00:00,2026-01-27 12:09:04.596933+00:00,right,patternWeightCount,patternWeightCount::lvl-23.txt,patternCount,patternCount::lvl-16.txt,TIE,tie,0.5,False,True,False,0,0,0.0,0,0,0,0,,,,,0,0,1,0,0,0,0,0,1,0
v_90ca1a23-3aac-4298-a6b7-e1e466007a83,btl_7b84efd4-4c90-4ddd-b6a0-8689d5bd7b36,7fa01579-1ec4-44c2-ad97-4c78e1ef1911,anon_64941084-f829-4939-8305-bb3433681a53,2026-01-27T12:08:45.357475+00:00,2026-01-27 12:08:45.357475+00:00,left,mariogpt,mariogpt::level_048.txt,patternWeightCount,patternWeightCount::lvl-43.txt,LEFT,win,1.0,True,False,False,1,1,4.535,4,0,0,18,315.0,8.0,36.77731621059809,118.29317263205863,10,1,0,0,0,0,0,0,0,0
v_90ca1a23-3aac-4298-a6b7-e1e466007a83,btl_7b84efd4-4c90-4ddd-b6a0-8689d5bd7b36,7fa01579-1ec4-44c2-ad97-4c78e1ef1911,anon_64941084-f829-4939-8305-bb3433681a53,2026-01-27T12:08:45.357475+00:00,2026-01-27 12:08:45.357475+00:00,right,patternWeightCount,patternWeightCount::lvl-43.txt,mariogpt,mariogpt::level_048.txt,LEFT,loss,0.0,True,False,False,1,1,0.717,0,0,0,3,8.0,0.0,75.07477753694793,3.7712361663282534,3,1,1,0,0,0,0,0,1,0
v_5c3421b7-0e24-4e51-80c4-4f2d5e053a76,btl_c977cd27-2699-496d-af95-5cb5e2fd1478,7fa01579-1ec4-44c2-ad97-4c78e1ef1911,anon_64941084-f829-4939-8305-bb3433681a53,2026-01-27T12:08:32.403320+00:00,2026-01-27 12:08:32.403320+00:00,left,hopper,hopper::lvl-71.txt,mariogpt,mariogpt::level_060.txt,RIGHT,loss,0.0,True,False,False,1,1,13.868,12,1,5,53,1002.0,8.0,32.25936188665676,253.22451367389905,42,1,0,0,0,0,0,0,0,0
v_5c3421b7-0e24-4e51-80c4-4f2d5e053a76,btl_c977cd27-2699-496d-af95-5cb5e2fd1478,7fa01579-1ec4-44c2-ad97-4c78e1ef1911,anon_64941084-f829-4939-8305-bb3433681a53,2026-01-27T12:08:32.403320+00:00,2026-01-27 12:08:32.403320+00:00,right,mariogpt,mariogpt::level_060.txt,hopper,hopper::lvl-71.txt,RIGHT,win,1.0,True,False,True,0,0,43.97,44,4,3,166,2376.0,8.0,48.94014165820069,682.7483666210235,101,0,0,0,0,0,0,0,0,0
v_b9485b2b-fc4f-454b-9215-326f5adac17a,btl_70d72fbb-a917-402a-91d6-df6c774fb276,7fa01579-1ec4-44c2-ad97-4c78e1ef1911,anon_64941084-f829-4939-8305-bb3433681a53,2026-01-27T12:07:27.455016+00:00,2026-01-27 12:07:27.455016+00:00,left,genetic,genetic::lvl-36.txt,patternWeightCount,patternWeightCount::lvl-33.txt,LEFT,win,1.0,True,False,False,1,1,6.238,5,0,0,24,340.0,8.0,41.20525772142299,121.99025888934284,11,1,0,0,0,0,0,0,0,0
v_b9485b2b-fc4f-454b-9215-326f5adac17a,btl_70d72fbb-a917-402a-91d6-df6c774fb276,7fa01579-1ec4-44c2-ad97-4c78e1ef1911,anon_64941084-f829-4939-8305-bb3433681a53,2026-01-27T12:07:27.455016+00:00,2026-01-27 12:07:27.455016+00:00,right,patternWeightCount,patternWeightCount::lvl-33.txt,genetic,genetic::lvl-36.txt,LEFT,loss,0.0,True,False,False,1,1,7.706,7,1,0,30,167.0,0.0,43.66671755722225,61.63174686979286,21,1,1,0,0,1,0,0,0,0
v_c2eab743-ee94-4526-9255-2385198b420c,btl_8257416a-5c73-4522-b3c4-97514ad38c10,7fa01579-1ec4-44c2-ad97-4c78e1ef1911,anon_64941084-f829-4939-8305-bb3433681a53,2026-01-27T12:07:01.258780+00:00,2026-01-27 12:07:01.258780+00:00,left,patternCount,patternCount::lvl-85.txt,mariogan,mariogan::level_78.txt,TIE,tie,0.5,True,False,False,1,1,3.25,2,0,0,13,59.0,8.0,25.724990727481206,19.523313328264994,11,1,1,0,0,1,0,0,0,0
v_c2eab743-ee94-4526-9255-2385198b420c,btl_8257416a-5c73-4522-b3c4-97514ad38c10,7fa01579-1ec4-44c2-ad97-4c78e1ef1911,anon_64941084-f829-4939-8305-bb3433681a53,2026-01-27T12:07:01.258780+00:00,2026-01-27 12:07:01.258780+00:00,right,mariogan,mariogan::level_78.txt,patternCount,patternCount::lvl-85.txt,TIE,tie,0.5,True,False,False,1,1,9.44,6,0,0,36,734.0,8.0,24.709547312629212,210.03180241261407,14,1,1,0,0,0,0,0,0,1
v_67517d96-7ad4-4a07-b51d-7fe1490c6196,btl_6cf935a6-5c72-4113-8237-00b462f2bc89,7fa01579-1ec4-44c2-ad97-4c78e1ef1911,anon_64941084-f829-4939-8305-bb3433681a53,2026-01-27T12:06:37.304443+00:00,2026-01-27 12:06:37.304443+00:00,left,original,original::lvl-1.txt,mariogpt,mariogpt::level_091.txt,LEFT,win,1.0,True,False,True,0,0,65.851,68,7,9,244,3110.0,56.0,43.84586667163789,787.3344662920207,165,0,2,1,0,0,0,1,0,0
v_67517d96-7ad4-4a07-b51d-7fe1490c6196,btl_6cf935a6-5c72-4113-8237-00b462f2bc89,7fa01579-1ec4-44c2-ad97-4c78e1ef1911,anon_64941084-f829-4939-8305-bb3433681a53,2026-01-27T12:06:37.304443+00:00,2026-01-27 12:06:37.304443+00:00,right,mariogpt,mariogpt::level_091.txt,original,original::lvl-1.txt,LEFT,loss,0.0,True,False,False,1,1,2.201,1,0,0,9,22.0,0.0,7.913108362117714,6.972609550994325,3,1,1,0,0,0,0,0,1,0
v_e8e9fd63-e31f-4d10-984d-8cca5ee0f370,btl_78c9aeb6-e0e8-484a-9f1e-6cf48068fd72,7fa01579-1ec4-44c2-ad97-4c78e1ef1911,anon_64941084-f829-4939-8305-bb3433681a53,2026-01-27T12:05:18.790209+00:00,2026-01-27 12:05:18.790209+00:00,left,mariogpt,mariogpt::level_013.txt,marioDiffusion,marioDiffusion::level_30.txt,LEFT,win,1.0,True,False,False,1,1,8.671,4,1,0,33,375.0,8.0,33.646954379655675,76.16269859638595,11,1,0,0,0,0,0,0,0,0
v_e8e9fd63-e31f-4d10-984d-8cca5ee0f370,btl_78c9aeb6-e0e8-484a-9f1e-6cf48068fd72,7fa01579-1ec4-44c2-ad97-4c78e1ef1911,anon_64941084-f829-4939-8305-bb3433681a53,2026-01-27T12:05:18.790209+00:00,2026-01-27 12:05:18.790209+00:00,right,marioDiffusion,marioDiffusion::level_30.txt,mariogpt,mariogpt::level_013.txt,LEFT,loss,0.0,True,False,False,1,1,9.807,8,0,0,37,754.0,8.0,28.686130503650396,255.02803810392703,17,1,1,0,0,1,0,0,0,0
v_023b06f6-9726-42d5-9956-09f4deb8b866,btl_def1f1d3-d2b1-4913-9f84-e1a265db9025,7fa01579-1ec4-44c2-ad97-4c78e1ef1911,anon_64941084-f829-4939-8305-bb3433681a53,2026-01-27T12:04:49.443668+00:00,2026-01-27 12:04:49.443668+00:00,left,genetic,genetic::lvl-44.txt,marioDiffusion,marioDiffusion::level_100.txt,LEFT,win,1.0,True,False,True,0,0,25.714,25,1,1,94,2068.0,8.0,30.665110903254828,626.3755401818962,65,0,0,0,0,0,0,0,0,0
v_023b06f6-9726-42d5-9956-09f4deb8b866,btl_def1f1d3-d2b1-4913-9f84-e1a265db9025,7fa01579-1ec4-44c2-ad97-4c78e1ef1911,anon_64941084-f829-4939-8305-bb3433681a53,2026-01-27T12:04:49.443668+00:00,2026-01-27 12:04:49.443668+00:00,right,marioDiffusion,marioDiffusion::level_100.txt,genetic,genetic::lvl-44.txt,LEFT,loss,0.0,True,False,False,1,1,0.716,0,0,0,3,8.0,8.0,75.07477753694793,0.0,1,1,2,0,0,1,0,0,1,0
v_5d935b9f-eb49-45b6-b0ff-c53f916adfc2,btl_c90347b5-8a18-45ef-95fe-809b18eff1b0,7fa01579-1ec4-44c2-ad97-4c78e1ef1911,anon_64941084-f829-4939-8305-bb3433681a53,2026-01-27T12:04:11.386385+00:00,2026-01-27 12:04:11.386385+00:00,left,notchParamRand,notchParamRand::lvl-75.txt,notchParam,notchParam::lvl-37.txt,TIE,tie,0.5,True,False,True,0,0,34.314,33,9,2,127,3092.0,8.0,25.911511164206953,961.372927773511,87,0,1,0,1,0,0,0,0,0
v_5d935b9f-eb49-45b6-b0ff-c53f916adfc2,btl_c90347b5-8a18-45ef-95fe-809b18eff1b0,7fa01579-1ec4-44c2-ad97-4c78e1ef1911,anon_64941084-f829-4939-8305-bb3433681a53,2026-01-27T12:04:11.386385+00:00,2026-01-27 12:04:11.386385+00:00,right,notchParam,notchParam::lvl-37.txt,notchParamRand,notchParamRand::lvl-75.txt,TIE,tie,0.5,True,False,False,1,1,7.806,1,0,0,30,841.0,8.0,12.061877502648123,254.63335078762432,4,1,1,0,1,0,0,0,0,0
v_3021fac3-fce2-447c-b526-356c4742a712,btl_9a0d17e3-a978-4e0c-b59e-ab19a4196021,7fa01579-1ec4-44c2-ad97-4c78e1ef1911,anon_64941084-f829-4939-8305-bb3433681a53,2026-01-27T12:03:21.732195+00:00,2026-01-27 12:03:21.732195+00:00,left,ore,ore::lvl-28.txt,patternOccur,patternOccur::lvl-85.txt,LEFT,win,1.0,True,False,False,1,1,24.117,23,0,0,91,658.0,8.0,53.319233937145086,176.6110948012819,49,1,0,0,0,0,0,0,0,0
v_3021fac3-fce2-447c-b526-356c4742a712,btl_9a0d17e3-a978-4e0c-b59e-ab19a4196021,7fa01579-1ec4-44c2-ad97-4c78e1ef1911,anon_64941084-f829-4939-8305-bb3433681a53,2026-01-27T12:03:21.732195+00:00,2026-01-27 12:03:21.732195+00:00,right,patternOccur,patternOccur::lvl-85.txt,ore,ore::lvl-28.txt,LEFT,loss,0.0,True,False,False,1,1,1.318,1,0,0,6,74.0,8.0,31.00537587795596,24.122373201840833,6,1,1,0,0,1,0,0,0,0
v_9dfb4654-4310-4904-9227-c690fd6385c6,btl_e4c124ff-04af-4cf5-8e9a-6f2e68a287c6,7fa01579-1ec4-44c2-ad97-4c78e1ef1911,anon_64941084-f829-4939-8305-bb3433681a53,2026-01-27T12:02:46.806821+00:00,2026-01-27 12:02:46.806821+00:00,left,original,original::lvl-13.txt,ore,ore::lvl-99.txt,LEFT,win,1.0,True,False,True,0,0,45.949,35,18,0,172,2579.0,24.0,46.93732083976382,691.539316025081,89,0,2,1,0,0,0,1,0,0
v_9dfb4654-4310-4904-9227-c690fd6385c6,btl_e4c124ff-04af-4cf5-8e9a-6f2e68a287c6,7fa01579-1ec4-44c2-ad97-4c78e1ef1911,anon_64941084-f829-4939-8305-bb3433681a53,2026-01-27T12:02:46.806821+00:00,2026-01-27 12:02:46.806821+00:00,right,ore,ore::lvl-99.txt,original,original::lvl-13.txt,LEFT,loss,0.0,True,False,False,1,1,1.684,1,0,0,7,16.0,8.0,25.657079223592742,2.799416848895061,4,1,1,0,0,1,0,0,0,0
v_050b29d2-00c5-4302-8c08-ebeb8abafe8d,btl_c92e5e29-8097-498a-94b8-5d96e0f456ba,7fa01579-1ec4-44c2-ad97-4c78e1ef1911,anon_64941084-f829-4939-8305-bb3433681a53,2026-01-27T12:01:43.059335+00:00,2026-01-27 12:01:43.059335+00:00,left,hopper,hopper::lvl-91.txt,original,original::lvl-2.txt,RIGHT,loss,0.0,True,False,False,1,1,7.101,5,0,3,27,726.0,8.0,24.112618716023096,251.51613245158234,22,1,0,0,0,0,0,0,0,0
v_050b29d2-00c5-4302-8c08-ebeb8abafe8d,btl_c92e5e29-8097-498a-94b8-5d96e0f456ba,7fa01579-1ec4-44c2-ad97-4c78e1ef1911,anon_64941084-f829-4939-8305-bb3433681a53,2026-01-27T12:01:43.059335+00:00,2026-01-27 12:01:43.059335+00:00,right,original,original::lvl-2.txt,hopper,hopper::lvl-91.txt,RIGHT,win,1.0,True,False,False,1,1,28.506,26,6,8,105,898.0,56.0,23.31048443956616,246.22979072660937,73,1,0,0,0,0,0,0,0,0
v_1053c99e-3212-40e2-bb29-253e209fd5f0,btl_d31adc33-4695-4d22-80f1-1dfa9276b222,7fa01579-1ec4-44c2-ad97-4c78e1ef1911,anon_64941084-f829-4939-8305-bb3433681a53,2026-01-27T12:01:01.166647+00:00,2026-01-27 12:01:01.166647+00:00,left,original,original::lvl-3.txt,notchParam,notchParam::lvl-30.txt,LEFT,win,1.0,True,False,False,1,1,18.107,11,4,3,69,577.0,8.0,53.366542118497435,136.92222406218067,30,1,2,1,0,0,0,1,0,0
v_1053c99e-3212-40e2-bb29-253e209fd5f0,btl_d31adc33-4695-4d22-80f1-1dfa9276b222,7fa01579-1ec4-44c2-ad97-4c78e1ef1911,anon_64941084-f829-4939-8305-bb3433681a53,2026-01-27T12:01:01.166647+00:00,2026-01-27 12:01:01.166647+00:00,right,notchParam,notchParam::lvl-30.txt,original,original::lvl-3.txt,LEFT,loss,0.0,True,False,False,1,1,7.813,6,0,0,30,1830.0,8.0,37.17520081392373,560.0794427777387,14,1,0,0,0,0,0,0,0,0
v_6f400f20-45c5-417d-a627-a9684ec55f09,btl_2e0ce05c-3b95-4762-a16e-6f3acbf12d7c,7fa01579-1ec4-44c2-ad97-4c78e1ef1911,anon_64941084-f829-4939-8305-bb3433681a53,2026-01-27T12:00:25.970652+00:00,2026-01-27 12:00:25.970652+00:00,left,marioDiffusion,marioDiffusion::level_5.txt,notchParam,notchParam::lvl-92.txt,LEFT,win,1.0,True,False,False,1,1,17.644,20,4,1,67,1369.0,8.0,57.40617496434102,428.9630271727632,47,1,0,0,0,0,0,0,0,0
v_6f400f20-45c5-417d-a627-a9684ec55f09,btl_2e0ce05c-3b95-4762-a16e-6f3acbf12d7c,7fa01579-1ec4-44c2-ad97-4c78e1ef1911,anon_64941084-f829-4939-8305-bb3433681a53,2026-01-27T12:00:25.970652+00:00,2026-01-27 12:00:25.970652+00:00,right,notchParam,notchParam::lvl-92.txt,marioDiffusion,marioDiffusion::level_5.txt,LEFT,loss,0.0,True,False,False,1,1,11.576,7,0,0,44,1034.0,8.0,21.221322409156986,287.3291551312358,16,1,0,0,0,0,0,0,0,0
v_4907503b-e867-4738-9236-78303b84e09d,btl_8de1ff42-84f8-4d14-ae97-41ca48b92fe2,7fa01579-1ec4-44c2-ad97-4c78e1ef1911,anon_64941084-f829-4939-8305-bb3433681a53,2026-01-27T11:59:49.158682+00:00,2026-01-27 11:59:49.158682+00:00,left,mariogan,mariogan::level_73.txt,genetic,genetic::lvl-47.txt,LEFT,win,1.0,True,False,False,1,1,2.919,1,0,2,11,36.0,8.0,20.259473857722355,9.949459057516147,6,1,0,0,0,0,0,0,0,0
v_4907503b-e867-4738-9236-78303b84e09d,btl_8de1ff42-84f8-4d14-ae97-41ca48b92fe2,7fa01579-1ec4-44c2-ad97-4c78e1ef1911,anon_64941084-f829-4939-8305-bb3433681a53,2026-01-27T11:59:49.158682+00:00,2026-01-27 11:59:49.158682+00:00,right,genetic,genetic::lvl-47.txt,mariogan,mariogan::level_73.txt,LEFT,loss,0.0,True,False,False,1,1,6.571,2,0,0,25,341.0,0.0,32.646371927061054,83.26858711422933,5,1,0,0,0,0,0,0,0,0
v_385382ea-a876-461f-a148-035393e3f12e,btl_c002f7c7-5a12-4360-9197-24dac769be75,94fecccd-4c1f-4d80-bebd-7787fc183def,anon_83d581ca-5994-4c8f-a3df-9fa65c8fb089,2026-01-27T01:36:42.134979+00:00,2026-01-27 01:36:42.134979+00:00,left,mariogpt,mariogpt::level_022.txt,ore,ore::lvl-25.txt,RIGHT,loss,0.0,False,True,False,0,0,0.0,0,0,0,0,,,,,0,0,1,0,0,0,1,0,0,0
v_385382ea-a876-461f-a148-035393e3f12e,btl_c002f7c7-5a12-4360-9197-24dac769be75,94fecccd-4c1f-4d80-bebd-7787fc183def,anon_83d581ca-5994-4c8f-a3df-9fa65c8fb089,2026-01-27T01:36:42.134979+00:00,2026-01-27 01:36:42.134979+00:00,right,ore,ore::lvl-25.txt,mariogpt,mariogpt::level_022.txt,RIGHT,win,1.0,True,False,False,1,1,44.238,39,3,1,167,1849.0,8.0,52.88081824935541,562.4193206789212,87,1,1,0,0,1,0,0,0,0
v_6da5a38c-0020-426a-8236-5c5cdce20b62,btl_5637d0b9-89c3-4de9-a741-4ad478103040,94fecccd-4c1f-4d80-bebd-7787fc183def,anon_83d581ca-5994-4c8f-a3df-9fa65c8fb089,2026-01-27T01:35:11.981269+00:00,2026-01-27 01:35:11.981269+00:00,left,notchParam,notchParam::lvl-18.txt,ore,ore::lvl-53.txt,SKIP,skip,,True,False,False,1,1,3.408,3,0,0,13,208.0,8.0,33.07477631673972,83.62829848617217,7,1,0,0,0,0,0,0,0,0
v_6da5a38c-0020-426a-8236-5c5cdce20b62,btl_5637d0b9-89c3-4de9-a741-4ad478103040,94fecccd-4c1f-4d80-bebd-7787fc183def,anon_83d581ca-5994-4c8f-a3df-9fa65c8fb089,2026-01-27T01:35:11.981269+00:00,2026-01-27 01:35:11.981269+00:00,right,ore,ore::lvl-53.txt,notchParam,notchParam::lvl-18.txt,SKIP,skip,,True,False,False,1,1,2.54,1,0,0,10,16.0,8.0,0.0,2.4,3,1,0,0,0,0,0,0,0,0
v_f3e08e6b-01b7-44be-8781-609814d5a1fd,btl_aac0496d-8324-4ca0-a1f0-6a90dc50b5ac,94fecccd-4c1f-4d80-bebd-7787fc183def,anon_83d581ca-5994-4c8f-a3df-9fa65c8fb089,2026-01-27T01:34:56.680899+00:00,2026-01-27 01:34:56.680899+00:00,left,genetic,genetic::lvl-99.txt,patternWeightCount,patternWeightCount::lvl-43.txt,TIE,tie,0.5,True,False,True,0,0,20.712,12,5,0,78,2053.0,8.0,22.451027865166846,605.1502485391829,31,0,1,0,1,0,0,0,0,0
v_f3e08e6b-01b7-44be-8781-609814d5a1fd,btl_aac0496d-8324-4ca0-a1f0-6a90dc50b5ac,94fecccd-4c1f-4d80-bebd-7787fc183def,anon_83d581ca-5994-4c8f-a3df-9fa65c8fb089,2026-01-27T01:34:56.680899+00:00,2026-01-27 01:34:56.680899+00:00,right,patternWeightCount,patternWeightCount::lvl-43.txt,genetic,genetic::lvl-99.txt,TIE,tie,0.5,True,False,False,1,1,0.704,0,0,0,3,8.0,8.0,75.07477753694793,0.0,3,1,1,0,0,0,0,0,1,0
v_68a988d9-eb65-4294-ac88-7004068ad3e1,btl_668a5dec-77a4-4977-9b80-44ca5cb80b35,94fecccd-4c1f-4d80-bebd-7787fc183def,anon_83d581ca-5994-4c8f-a3df-9fa65c8fb089,2026-01-27T01:34:27.123360+00:00,2026-01-27 01:34:27.123360+00:00,left,notchParamRand,notchParamRand::lvl-8.txt,notch,notch::lvl-97.txt,RIGHT,loss,0.0,True,False,True,0,0,28.774,12,0,1,106,3089.0,8.0,19.905964407943763,914.586868869457,31,0,1,0,1,0,0,0,0,0
v_68a988d9-eb65-4294-ac88-7004068ad3e1,btl_668a5dec-77a4-4977-9b80-44ca5cb80b35,94fecccd-4c1f-4d80-bebd-7787fc183def,anon_83d581ca-5994-4c8f-a3df-9fa65c8fb089,2026-01-27T01:34:27.123360+00:00,2026-01-27 01:34:27.123360+00:00,right,notch,notch::lvl-97.txt,notchParamRand,notchParamRand::lvl-8.txt,RIGHT,win,1.0,True,False,False,1,1,11.872,12,0,0,45,1150.0,8.0,39.111805549390496,370.69190561555143,26,1,0,0,0,0,0,0,0,0
v_96c739b8-293f-4506-b795-7c5d38c8992a,btl_70b92b5e-40a5-41c8-bda0-4b6d51918ec4,a6d4a610-a42a-43c3-9fe6-9783f9f1db98,anon_83d581ca-5994-4c8f-a3df-9fa65c8fb089,2026-01-27T01:33:25.212889+00:00,2026-01-27 01:33:25.212889+00:00,left,patternOccur,patternOccur::lvl-35.txt,mariogan,mariogan::level_3.txt,LEFT,win,1.0,True,False,False,1,1,0.712,0,0,0,3,8.0,8.0,75.07477753694793,0.0,3,1,1,0,0,1,0,0,0,0
v_96c739b8-293f-4506-b795-7c5d38c8992a,btl_70b92b5e-40a5-41c8-bda0-4b6d51918ec4,a6d4a610-a42a-43c3-9fe6-9783f9f1db98,anon_83d581ca-5994-4c8f-a3df-9fa65c8fb089,2026-01-27T01:33:25.212889+00:00,2026-01-27 01:33:25.212889+00:00,right,mariogan,mariogan::level_3.txt,patternOccur,patternOccur::lvl-35.txt,LEFT,loss,0.0,True,False,False,1,1,27.603,23,0,2,102,2012.0,8.0,49.77858028287724,582.310221909732,57,1,1,0,0,0,0,0,1,0
v_db52ab3e-5d9e-4706-9b6d-9d675156c4c7,btl_a0c4eb3f-2d58-40f9-921c-8b3d71239a0a,296fa995-5390-457a-baaf-32ec24f1253f,anon_83d581ca-5994-4c8f-a3df-9fa65c8fb089,2026-01-27T01:30:55.041815+00:00,2026-01-27 01:30:55.041815+00:00,left,notch,notch::lvl-64.txt,mariogpt,mariogpt::level_059.txt,TIE,tie,0.5,True,False,True,0,0,26.676,28,1,0,101,2329.0,8.0,25.81042087420045,661.3184924201212,59,0,1,1,0,0,0,0,0,0
v_db52ab3e-5d9e-4706-9b6d-9d675156c4c7,btl_a0c4eb3f-2d58-40f9-921c-8b3d71239a0a,296fa995-5390-457a-baaf-32ec24f1253f,anon_83d581ca-5994-4c8f-a3df-9fa65c8fb089,2026-01-27T01:30:55.041815+00:00,2026-01-27 01:30:55.041815+00:00,right,mariogpt,mariogpt::level_059.txt,notch,notch::lvl-64.txt,TIE,tie,0.5,True,False,True,0,0,62.438,57,25,4,234,2379.0,8.0,33.25156198528493,774.4596380863953,148,0,1,1,0,0,0,0,0,0
v_056d0a89-45c5-4154-abd6-7df201aee767,btl_ba8e491d-fbf4-48f2-b75f-dd07b2e92e41,a6d9ea38-462e-46a7-a0f7-d8346a47c971,anon_83d581ca-5994-4c8f-a3df-9fa65c8fb089,2026-01-27T01:28:19.045928+00:00,2026-01-27 01:28:19.045928+00:00,left,genetic,genetic::lvl-34.txt,original,original::lvl-1.txt,RIGHT,loss,0.0,True,False,True,0,0,18.94,16,3,0,71,2079.0,8.0,30.646262643349477,637.3772204017696,38,0,1,0,0,0,1,0,0,0
v_056d0a89-45c5-4154-abd6-7df201aee767,btl_ba8e491d-fbf4-48f2-b75f-dd07b2e92e41,a6d9ea38-462e-46a7-a0f7-d8346a47c971,anon_83d581ca-5994-4c8f-a3df-9fa65c8fb089,2026-01-27T01:28:19.045928+00:00,2026-01-27 01:28:19.045928+00:00,right,original,original::lvl-1.txt,genetic,genetic::lvl-34.txt,RIGHT,win,1.0,True,False,True,0,0,81.472,64,10,17,302,3161.0,56.0,37.37542411756784,757.1902519440796,177,0,2,1,0,0,0,1,0,0
v_87acdae8-0e30-4435-8cc0-61f84a8c3b02,btl_97a345c9-c0a5-4592-a7d1-1f926efd7e82,a6d9ea38-462e-46a7-a0f7-d8346a47c971,anon_83d581ca-5994-4c8f-a3df-9fa65c8fb089,2026-01-27T01:26:25.380615+00:00,2026-01-27 01:26:25.380615+00:00,left,marioDiffusion,marioDiffusion::level_23.txt,genetic,genetic::lvl-21.txt,RIGHT,loss,0.0,True,False,False,1,1,5.874,4,0,1,23,534.0,8.0,32.296066584403064,188.07086505770604,10,1,1,0,0,1,0,0,0,0
v_87acdae8-0e30-4435-8cc0-61f84a8c3b02,btl_97a345c9-c0a5-4592-a7d1-1f926efd7e82,a6d9ea38-462e-46a7-a0f7-d8346a47c971,anon_83d581ca-5994-4c8f-a3df-9fa65c8fb089,2026-01-27T01:26:25.380615+00:00,2026-01-27 01:26:25.380615+00:00,right,genetic,genetic::lvl-21.txt,marioDiffusion,marioDiffusion::level_23.txt,RIGHT,win,1.0,True,False,True,0,0,34.245,17,1,0,127,2074.0,8.0,37.579317402132155,657.4571561766016,40,0,0,0,0,0,0,0,0,0
v_683886a9-0f6a-438c-b693-3438b30aa1d3,btl_84eda0e1-3739-46eb-b207-9c30c0b2e396,12fb919b-6c90-41a9-8bf0-a52665c6a15c,anon_83d581ca-5994-4c8f-a3df-9fa65c8fb089,2026-01-27T01:22:18.400989+00:00,2026-01-27 01:22:18.400989+00:00,left,marioDiffusion,marioDiffusion::level_29.txt,hopper,hopper::lvl-78.txt,RIGHT,loss,0.0,True,False,False,1,1,6.606,4,0,0,25,400.0,8.0,27.967295185627087,114.06079782291549,9,1,1,0,0,0,0,0,1,0
v_683886a9-0f6a-438c-b693-3438b30aa1d3,btl_84eda0e1-3739-46eb-b207-9c30c0b2e396,12fb919b-6c90-41a9-8bf0-a52665c6a15c,anon_83d581ca-5994-4c8f-a3df-9fa65c8fb089,2026-01-27T01:22:18.400989+00:00,2026-01-27 01:22:18.400989+00:00,right,hopper,hopper::lvl-78.txt,marioDiffusion,marioDiffusion::level_29.txt,RIGHT,win,1.0,True,False,True,0,0,36.275,22,0,1,137,3144.0,7.0,32.516169741961455,851.8740792866123,63,0,1,0,0,0,0,1,0,0
v_e4335b8a-443e-4039-a8f5-bd32758acab3,btl_dcbacc39-720a-4ed5-bccd-41bfb3a80f32,12fb919b-6c90-41a9-8bf0-a52665c6a15c,anon_83d581ca-5994-4c8f-a3df-9fa65c8fb089,2026-01-27T01:21:24.618207+00:00,2026-01-27 01:21:24.618207+00:00,left,genetic,genetic::lvl-91.txt,notch,notch::lvl-79.txt,TIE,tie,0.5,True,False,True,0,0,21.344,15,1,0,80,2078.0,8.0,27.428497953770638,591.7503051065964,35,0,1,0,0,0,1,0,0,0
v_e4335b8a-443e-4039-a8f5-bd32758acab3,btl_dcbacc39-720a-4ed5-bccd-41bfb3a80f32,12fb919b-6c90-41a9-8bf0-a52665c6a15c,anon_83d581ca-5994-4c8f-a3df-9fa65c8fb089,2026-01-27T01:21:24.618207+00:00,2026-01-27 01:21:24.618207+00:00,right,notch,notch::lvl-79.txt,genetic,genetic::lvl-91.txt,TIE,tie,0.5,True,False,True,0,0,34.071,32,0,0,126,2398.0,8.0,35.86752047386759,699.4761985807326,69,0,1,0,0,0,1,0,0,0
v_dc668515-4029-4bfd-b87b-8a5d99fd9c3b,btl_dafc28c1-66d0-473d-82a7-70ee7c61b397,4796fb3e-2776-4b11-9b7c-6ef1a646f275,anon_83d581ca-5994-4c8f-a3df-9fa65c8fb089,2026-01-27T01:19:32.740404+00:00,2026-01-27 01:19:32.740404+00:00,left,notchParam,notchParam::lvl-27.txt,mariogpt,mariogpt::level_022.txt,LEFT,win,1.0,True,False,True,0,0,29.403,15,0,4,111,3101.0,8.0,26.645544958721114,895.3883129613343,34,0,2,0,1,0,1,0,0,0
v_dc668515-4029-4bfd-b87b-8a5d99fd9c3b,btl_dafc28c1-66d0-473d-82a7-70ee7c61b397,4796fb3e-2776-4b11-9b7c-6ef1a646f275,anon_83d581ca-5994-4c8f-a3df-9fa65c8fb089,2026-01-27T01:19:32.740404+00:00,2026-01-27 01:19:32.740404+00:00,right,mariogpt,mariogpt::level_022.txt,notchParam,notchParam::lvl-27.txt,LEFT,loss,0.0,True,False,False,1,1,8.403,3,0,1,32,374.0,8.0,15.304079317293152,127.76519219230839,10,1,1,0,0,0,0,0,1,0
v_720441fd-f819-459e-9c80-636985ebe8a2,btl_ca5dc932-3a51-4d23-8b88-a9f34b066f7b,4796fb3e-2776-4b11-9b7c-6ef1a646f275,anon_83d581ca-5994-4c8f-a3df-9fa65c8fb089,2026-01-27T01:18:44.319589+00:00,2026-01-27 01:18:44.319589+00:00,left,mariogpt,mariogpt::level_051.txt,notchParamRand,notchParamRand::lvl-2.txt,RIGHT,loss,0.0,True,False,False,1,1,0.378,0,0,0,2,8.0,8.0,0.0,0.0,2,1,1,0,0,0,0,0,1,0
v_720441fd-f819-459e-9c80-636985ebe8a2,btl_ca5dc932-3a51-4d23-8b88-a9f34b066f7b,4796fb3e-2776-4b11-9b7c-6ef1a646f275,anon_83d581ca-5994-4c8f-a3df-9fa65c8fb089,2026-01-27T01:18:44.319589+00:00,2026-01-27 01:18:44.319589+00:00,right,notchParamRand,notchParamRand::lvl-2.txt,mariogpt,mariogpt::level_051.txt,RIGHT,win,1.0,True,False,True,0,0,35.239,19,4,2,131,3118.0,8.0,22.305850321582632,893.069216776728,52,0,2,0,1,0,1,0,0,0
v_8173761d-52d2-4cff-9a10-05c98b9b5847,btl_027217f0-866a-4e12-a3ce-96f041737052,4796fb3e-2776-4b11-9b7c-6ef1a646f275,anon_83d581ca-5994-4c8f-a3df-9fa65c8fb089,2026-01-27T01:17:56.945363+00:00,2026-01-27 01:17:56.945363+00:00,left,patternWeightCount,patternWeightCount::lvl-64.txt,notchParamRand,notchParamRand::lvl-59.txt,TIE,tie,0.5,True,False,False,1,1,0.641,0,0,0,3,36.0,8.0,13.67073110293992,12.552113589175153,6,1,1,0,0,1,0,0,0,0
v_8173761d-52d2-4cff-9a10-05c98b9b5847,btl_027217f0-866a-4e12-a3ce-96f041737052,4796fb3e-2776-4b11-9b7c-6ef1a646f275,anon_83d581ca-5994-4c8f-a3df-9fa65c8fb089,2026-01-27T01:17:56.945363+00:00,2026-01-27 01:17:56.945363+00:00,right,notchParamRand,notchParamRand::lvl-59.txt,patternWeightCount,patternWeightCount::lvl-64.txt,TIE,tie,0.5,True,False,True,0,0,28.44,22,1,0,105,3095.0,8.0,27.873614991572456,846.677894510158,55,0,1,0,0,0,1,0,0,0
v_31b8c1d5-f180-41f1-b4e5-19adac702d85,btl_ba5e7ce6-2675-4100-89c6-96d5c4d68138,4b8121ed-4d56-49b6-8026-58755c377ca3,anon_83d581ca-5994-4c8f-a3df-9fa65c8fb089,2026-01-27T01:09:49.099946+00:00,2026-01-27 01:09:49.099946+00:00,left,mariogan,mariogan::level_100.txt,notch,notch::lvl-34.txt,RIGHT,loss,0.0,True,False,False,1,1,6.444,5,0,0,25,538.0,8.0,37.72519582454146,158.2190077076708,10,1,1,0,0,0,0,0,1,0
v_31b8c1d5-f180-41f1-b4e5-19adac702d85,btl_ba5e7ce6-2675-4100-89c6-96d5c4d68138,4b8121ed-4d56-49b6-8026-58755c377ca3,anon_83d581ca-5994-4c8f-a3df-9fa65c8fb089,2026-01-27T01:09:49.099946+00:00,2026-01-27 01:09:49.099946+00:00,right,notch,notch::lvl-34.txt,mariogan,mariogan::level_100.txt,RIGHT,win,1.0,True,False,True,0,0,44.707,37,3,2,168,2389.0,8.0,24.1406902087085,660.4764378572253,87,0,2,1,0,0,0,1,0,0
v_ebf9357e-3f3c-4d2d-9634-e656e52eb76d,btl_596e79d9-19d4-4e7f-8909-526689890373,1a1231d7-cb42-475d-b193-da5e6a3d5ed7,anon_83d581ca-5994-4c8f-a3df-9fa65c8fb089,2026-01-27T01:02:36.660640+00:00,2026-01-27 01:02:36.660640+00:00,left,original,original::lvl-4.txt,ore,ore::lvl-29.txt,LEFT,win,1.0,True,False,False,1,1,53.343,47,16,11,196,1769.0,40.0,33.840001011694284,462.8124223381567,148,1,1,1,0,0,0,0,0,0
v_ebf9357e-3f3c-4d2d-9634-e656e52eb76d,btl_596e79d9-19d4-4e7f-8909-526689890373,1a1231d7-cb42-475d-b193-da5e6a3d5ed7,anon_83d581ca-5994-4c8f-a3df-9fa65c8fb089,2026-01-27T01:02:36.660640+00:00,2026-01-27 01:02:36.660640+00:00,right,ore,ore::lvl-29.txt,original,original::lvl-4.txt,LEFT,loss,0.0,True,False,True,0,0,53.24,53,3,2,198,3069.0,8.0,47.17351482526279,899.2711454429202,131,0,1,1,0,0,0,0,0,0
v_02b83efc-408d-479d-a523-79b7581f5686,btl_06b367ce-da81-403c-bebe-10ad834c376a,dc109ada-997c-4cee-b0e1-69fbe48759fa,anon_83d581ca-5994-4c8f-a3df-9fa65c8fb089,2026-01-27T00:56:40.997415+00:00,2026-01-27 00:56:40.997415+00:00,left,patternOccur,patternOccur::lvl-59.txt,patternCount,patternCount::lvl-84.txt,TIE,tie,0.5,True,False,False,1,1,0.702,0,0,0,3,8.0,8.0,75.07477753694793,0.0,5,1,1,0,0,0,0,0,1,0
v_02b83efc-408d-479d-a523-79b7581f5686,btl_06b367ce-da81-403c-bebe-10ad834c376a,dc109ada-997c-4cee-b0e1-69fbe48759fa,anon_83d581ca-5994-4c8f-a3df-9fa65c8fb089,2026-01-27T00:56:40.997415+00:00,2026-01-27 00:56:40.997415+00:00,right,patternCount,patternCount::lvl-84.txt,patternOccur,patternOccur::lvl-59.txt,TIE,tie,0.5,True,False,False,1,1,0.707,0,0,0,3,8.0,8.0,75.07477753694793,0.0,7,1,1,0,0,0,0,0,1,0
v_df0f61f2-80c0-406b-8c9b-1ab57aeb59a0,btl_32c0f4c2-d510-4411-af69-93919e9b3a92,dc109ada-997c-4cee-b0e1-69fbe48759fa,anon_83d581ca-5994-4c8f-a3df-9fa65c8fb089,2026-01-27T00:56:30.691131+00:00,2026-01-27 00:56:30.691131+00:00,left,mariogpt,mariogpt::level_008.txt,patternOccur,patternOccur::lvl-1.txt,LEFT,win,1.0,True,False,False,1,1,45.972,41,0,4,173,1949.0,8.0,48.12044054685009,595.049228172492,87,1,1,0,0,0,0,0,1,0
v_df0f61f2-80c0-406b-8c9b-1ab57aeb59a0,btl_32c0f4c2-d510-4411-af69-93919e9b3a92,dc109ada-997c-4cee-b0e1-69fbe48759fa,anon_83d581ca-5994-4c8f-a3df-9fa65c8fb089,2026-01-27T00:56:30.691131+00:00,2026-01-27 00:56:30.691131+00:00,right,patternOccur,patternOccur::lvl-1.txt,mariogpt,mariogpt::level_008.txt,LEFT,loss,0.0,True,False,False,1,1,54.706,63,5,0,205,1979.0,8.0,36.9676695252071,518.4609532067001,159,1,1,0,0,1,0,0,0,0
v_df719a55-97af-4864-a556-21f0f06bc850,btl_3c59daf2-485b-4b48-b57b-a86dc2a1562e,c9ec1cde-ad0d-457f-9e28-5aaae83d14f0,anon_83d581ca-5994-4c8f-a3df-9fa65c8fb089,2026-01-27T00:54:24.239776+00:00,2026-01-27 00:54:24.239776+00:00,left,original,original::lvl-8.txt,mariogpt,mariogpt::level_038.txt,LEFT,win,1.0,True,False,False,1,1,67.074,46,20,8,250,2876.0,8.0,53.51194991775202,911.2364383320061,135,1,2,1,0,0,0,1,0,0
v_df719a55-97af-4864-a556-21f0f06bc850,btl_3c59daf2-485b-4b48-b57b-a86dc2a1562e,c9ec1cde-ad0d-457f-9e28-5aaae83d14f0,anon_83d581ca-5994-4c8f-a3df-9fa65c8fb089,2026-01-27T00:54:24.239776+00:00,2026-01-27 00:54:24.239776+00:00,right,mariogpt,mariogpt::level_038.txt,original,original::lvl-8.txt,LEFT,loss,0.0,False,True,False,0,0,0.0,0,0,0,0,,,,,0,0,1,0,0,0,0,0,1,0
v_bc45a4a4-6e2d-44bc-a37c-9f68adca0a88,btl_9b729e5a-6faf-4376-ae81-c49e16caa205,4295954f-108f-4482-b964-cf0d9e0e36da,anon_83d581ca-5994-4c8f-a3df-9fa65c8fb089,2026-01-27T00:52:36.137222+00:00,2026-01-27 00:52:36.137222+00:00,left,original,original::lvl-6.txt,notchParam,notchParam::lvl-96.txt,LEFT,win,1.0,True,False,False,1,1,43.437,25,16,2,164,1634.0,24.0,39.88412862954104,426.4650691414233,70,1,3,1,0,0,0,1,1,0
v_bc45a4a4-6e2d-44bc-a37c-9f68adca0a88,btl_9b729e5a-6faf-4376-ae81-c49e16caa205,4295954f-108f-4482-b964-cf0d9e0e36da,anon_83d581ca-5994-4c8f-a3df-9fa65c8fb089,2026-01-27T00:52:36.137222+00:00,2026-01-27 00:52:36.137222+00:00,right,notchParam,notchParam::lvl-96.txt,original,original::lvl-6.txt,LEFT,loss,0.0,True,False,False,1,1,14.406,9,0,1,55,1777.0,8.0,26.97868151334211,549.8001909033457,19,1,1,0,1,0,0,0,0,0
v_e2fb9649-0f5e-4cc7-9592-3fc18f330be5,btl_01e1a9d2-59a4-40b6-93fc-750b6dac6f05,717fd28b-16d0-4d50-95f7-38c92cb176cf,anon_83d581ca-5994-4c8f-a3df-9fa65c8fb089,2026-01-27T00:50:41.323980+00:00,2026-01-27 00:50:41.323980+00:00,left,hopper,hopper::lvl-39.txt,notchParamRand,notchParamRand::lvl-6.txt,LEFT,win,1.0,True,False,True,0,0,59.173,37,4,7,218,3133.0,8.0,37.76056515892099,869.63680694603,106,0,0,0,0,0,0,0,0,0
v_e2fb9649-0f5e-4cc7-9592-3fc18f330be5,btl_01e1a9d2-59a4-40b6-93fc-750b6dac6f05,717fd28b-16d0-4d50-95f7-38c92cb176cf,anon_83d581ca-5994-4c8f-a3df-9fa65c8fb089,2026-01-27T00:50:41.323980+00:00,2026-01-27 00:50:41.323980+00:00,right,notchParamRand,notchParamRand::lvl-6.txt,hopper,hopper::lvl-39.txt,LEFT,loss,0.0,True,False,True,0,0,40.273,31,8,5,152,3112.0,8.0,23.927506764937913,860.7894454255093,75,0,1,0,1,0,0,0,0,0
v_d0c9ed2f-515b-42b7-adc7-cb7d5022f7e3,btl_d8b8642d-6179-4f00-b779-1cd9877fc2dd,ab7341e1-3d4e-4a22-89c5-6cf1f36dc45a,anon_83d581ca-5994-4c8f-a3df-9fa65c8fb089,2026-01-27T00:47:55.890556+00:00,2026-01-27 00:47:55.890556+00:00,left,notchParam,notchParam::lvl-37.txt,patternCount,patternCount::lvl-94.txt,TIE,tie,0.5,True,False,True,0,0,27.571,11,0,3,104,3105.0,8.0,19.449085309564,892.5787080140328,25,0,2,0,1,0,1,0,0,0
v_d0c9ed2f-515b-42b7-adc7-cb7d5022f7e3,btl_d8b8642d-6179-4f00-b779-1cd9877fc2dd,ab7341e1-3d4e-4a22-89c5-6cf1f36dc45a,anon_83d581ca-5994-4c8f-a3df-9fa65c8fb089,2026-01-27T00:47:55.890556+00:00,2026-01-27 00:47:55.890556+00:00,right,patternCount,patternCount::lvl-94.txt,notchParam,notchParam::lvl-37.txt,TIE,tie,0.5,True,False,False,1,1,0.704,0,0,0,3,8.0,8.0,75.07477753694793,0.0,7,1,1,0,0,0,0,0,1,0
v_2f927f12-756c-4cbb-8cce-5021e27877ac,btl_1c2446b7-e50a-4d8c-a9ce-d80285e4167a,79fa0e47-5865-411f-8857-613ea4ac4ea6,anon_83d581ca-5994-4c8f-a3df-9fa65c8fb089,2026-01-27T00:43:35.618832+00:00,2026-01-27 00:43:35.618832+00:00,left,notch,notch::lvl-19.txt,ore,ore::lvl-72.txt,TIE,tie,0.5,True,False,True,0,0,44.313,35,3,5,167,2341.0,8.0,26.31261733958894,603.4549768359619,79,0,1,1,0,0,0,0,0,0
v_2f927f12-756c-4cbb-8cce-5021e27877ac,btl_1c2446b7-e50a-4d8c-a9ce-d80285e4167a,79fa0e47-5865-411f-8857-613ea4ac4ea6,anon_83d581ca-5994-4c8f-a3df-9fa65c8fb089,2026-01-27T00:43:35.618832+00:00,2026-01-27 00:43:35.618832+00:00,right,ore,ore::lvl-72.txt,notch,notch::lvl-19.txt,TIE,tie,0.5,True,False,False,1,1,23.34,21,3,1,88,457.0,8.0,26.26989358342164,157.45294087401493,52,1,1,1,0,0,0,0,0,0
v_ab87e1c2-1995-41ad-8718-2243ddcb77b9,btl_2212938d-4b26-4a0c-9e38-83884b2acea5,6c4e877b-9b9b-4743-a44d-abcce25978df,anon_83d581ca-5994-4c8f-a3df-9fa65c8fb089,2026-01-27T00:40:53.945079+00:00,2026-01-27 00:40:53.945079+00:00,left,mariogan,mariogan::level_56.txt,mariogpt,mariogpt::level_071.txt,LEFT,win,1.0,True,False,True,0,0,79.542,61,0,6,259,2655.0,8.0,40.170862026607104,845.9787144317152,141,0,2,1,0,0,0,1,0,0
v_ab87e1c2-1995-41ad-8718-2243ddcb77b9,btl_2212938d-4b26-4a0c-9e38-83884b2acea5,6c4e877b-9b9b-4743-a44d-abcce25978df,anon_83d581ca-5994-4c8f-a3df-9fa65c8fb089,2026-01-27T00:40:53.945079+00:00,2026-01-27 00:40:53.945079+00:00,right,mariogpt,mariogpt::level_071.txt,mariogan,mariogan::level_56.txt,LEFT,loss,0.0,True,False,False,1,1,26.039,9,0,1,51,252.0,8.0,16.168256975967054,67.29862524324632,24,1,2,0,0,0,0,1,1,0
v_9f35c900-3664-4549-a981-24f742e92a2d,btl_f84e3019-edc4-415c-8ff8-b6450c776f98,a8f166fc-6693-44d2-bb7c-f7b167315518,anon_83d581ca-5994-4c8f-a3df-9fa65c8fb089,2026-01-27T00:37:09.613364+00:00,2026-01-27 00:37:09.613364+00:00,left,mariogan,mariogan::level_84.txt,notchParamRand,notchParamRand::lvl-41.txt,LEFT,win,1.0,True,False,True,0,0,60.773,41,0,7,226,2640.0,7.0,28.46792652219372,772.3566646117539,101,0,1,0,0,0,0,0,0,1
v_9f35c900-3664-4549-a981-24f742e92a2d,btl_f84e3019-edc4-415c-8ff8-b6450c776f98,a8f166fc-6693-44d2-bb7c-f7b167315518,anon_83d581ca-5994-4c8f-a3df-9fa65c8fb089,2026-01-27T00:37:09.613364+00:00,2026-01-27 00:37:09.613364+00:00,right,notchParamRand,notchParamRand::lvl-41.txt,mariogan,mariogan::level_84.txt,LEFT,loss,0.0,True,False,True,0,0,35.206,19,2,3,129,3089.0,8.0,18.253359831096578,966.606168388419,58,0,1,0,1,0,0,0,0,0
v_520ac609-280d-4116-a2d9-445355062910,btl_8017d6cd-50c9-470f-b2a8-0a71c81565c4,f709c9f1-dbc3-40e3-804c-3aa9d92c1f92,anon_83d581ca-5994-4c8f-a3df-9fa65c8fb089,2026-01-27T00:35:02.599966+00:00,2026-01-27 00:35:02.599966+00:00,left,notch,notch::lvl-58.txt,original,original::lvl-5.txt,TIE,tie,0.5,True,False,True,0,0,42.809,39,6,1,160,2317.0,8.0,34.61187476863974,642.4617010715504,91,0,0,0,0,0,0,0,0,0
v_520ac609-280d-4116-a2d9-445355062910,btl_8017d6cd-50c9-470f-b2a8-0a71c81565c4,f709c9f1-dbc3-40e3-804c-3aa9d92c1f92,anon_83d581ca-5994-4c8f-a3df-9fa65c8fb089,2026-01-27T00:35:02.599966+00:00,2026-01-27 00:35:02.599966+00:00,right,original,original::lvl-5.txt,notch,notch::lvl-58.txt,TIE,tie,0.5,True,False,False,1,1,13.805,5,2,0,52,235.0,24.0,31.74354055337724,56.56889225542531,14,1,0,0,0,0,0,0,0,0
v_e985f794-cb4b-4719-b769-788699633b32,btl_8c981145-b95e-4375-8667-54f0e04dace8,89019710-60d1-4c9e-932b-f96dc0448302,anon_83d581ca-5994-4c8f-a3df-9fa65c8fb089,2026-01-27T00:33:42.258389+00:00,2026-01-27 00:33:42.258389+00:00,left,original,original::lvl-1.txt,patternWeightCount,patternWeightCount::lvl-59.txt,LEFT,win,1.0,True,False,True,0,0,92.204,80,11,13,342,3154.0,56.0,37.789528887690196,764.284929289743,205,0,2,1,0,0,0,1,0,0
v_e985f794-cb4b-4719-b769-788699633b32,btl_8c981145-b95e-4375-8667-54f0e04dace8,89019710-60d1-4c9e-932b-f96dc0448302,anon_83d581ca-5994-4c8f-a3df-9fa65c8fb089,2026-01-27T00:33:42.258389+00:00,2026-01-27 00:33:42.258389+00:00,right,patternWeightCount,patternWeightCount::lvl-59.txt,original,original::lvl-1.txt,LEFT,loss,0.0,True,False,True,0,0,57.805,50,2,0,216,3158.0,8.0,35.53284593769684,857.3208482500212,120,0,2,1,0,1,0,0,0,0
v_267b4214-ce80-4b4d-b4ca-492c71e0d557,btl_2912d173-c4dd-41d4-8395-4a7e34df0744,df71ab97-6b85-4ca2-98ee-3d4a50a9f64a,anon_83d581ca-5994-4c8f-a3df-9fa65c8fb089,2026-01-27T00:24:28.061210+00:00,2026-01-27 00:24:28.061210+00:00,left,patternWeightCount,patternWeightCount::lvl-48.txt,notch,notch::lvl-52.txt,LEFT,win,1.0,True,False,True,0,0,61.999,57,9,0,231,3170.0,8.0,25.126273554950288,800.2924448140434,148,0,2,1,0,0,0,1,0,0
v_267b4214-ce80-4b4d-b4ca-492c71e0d557,btl_2912d173-c4dd-41d4-8395-4a7e34df0744,df71ab97-6b85-4ca2-98ee-3d4a50a9f64a,anon_83d581ca-5994-4c8f-a3df-9fa65c8fb089,2026-01-27T00:24:28.061210+00:00,2026-01-27 00:24:28.061210+00:00,right,notch,notch::lvl-52.txt,patternWeightCount,patternWeightCount::lvl-48.txt,LEFT,loss,0.0,True,False,True,0,0,32.966,29,3,0,123,2379.0,8.0,26.569638071707914,690.7838174883664,67,0,1,1,0,0,0,0,0,0
v_58b32880-dab7-422e-b5d2-b2bbd2dde19a,btl_2cbb3852-64c4-4af9-9561-64855fc09110,5e958033-f287-476b-bec4-c106c7aaeeae,anon_83d581ca-5994-4c8f-a3df-9fa65c8fb089,2026-01-27T00:16:17.055610+00:00,2026-01-27 00:16:17.055610+00:00,left,marioDiffusion,marioDiffusion::level_74.txt,patternCount,patternCount::lvl-37.txt,RIGHT,loss,0.0,True,False,False,1,1,2.608,1,0,0,10,124.0,8.0,20.219792283799556,38.492077106854076,2,1,1,0,0,0,0,0,1,0
v_58b32880-dab7-422e-b5d2-b2bbd2dde19a,btl_2cbb3852-64c4-4af9-9561-64855fc09110,5e958033-f287-476b-bec4-c106c7aaeeae,anon_83d581ca-5994-4c8f-a3df-9fa65c8fb089,2026-01-27T00:16:17.055610+00:00,2026-01-27 00:16:17.055610+00:00,right,patternCount,patternCount::lvl-37.txt,marioDiffusion,marioDiffusion::level_74.txt,RIGHT,win,1.0,True,False,False,1,1,11.907,12,1,0,45,517.0,8.0,22.641641959391638,158.71893941302363,44,1,1,0,0,1,0,0,0,0
v_dbcc5656-70a7-4b55-b3eb-cb234875541b,btl_fcc644ba-9a84-4188-b962-c49b50efda7b,bd27d73c-66c3-4749-905f-9af3378a040c,anon_83d581ca-5994-4c8f-a3df-9fa65c8fb089,2026-01-27T00:12:55.913329+00:00,2026-01-27 00:12:55.913329+00:00,left,notchParam,notchParam::lvl-36.txt,patternOccur,patternOccur::lvl-83.txt,RIGHT,loss,0.0,True,False,False,1,1,11.438,3,0,0,44,1217.0,8.0,29.246883001257693,377.1219523471801,6,1,2,0,1,1,0,0,0,0
v_dbcc5656-70a7-4b55-b3eb-cb234875541b,btl_fcc644ba-9a84-4188-b962-c49b50efda7b,bd27d73c-66c3-4749-905f-9af3378a040c,anon_83d581ca-5994-4c8f-a3df-9fa65c8fb089,2026-01-27T00:12:55.913329+00:00,2026-01-27 00:12:55.913329+00:00,right,patternOccur,patternOccur::lvl-83.txt,notchParam,notchParam::lvl-36.txt,RIGHT,win,1.0,True,False,False,1,1,33.239,29,1,0,125,1652.0,8.0,32.55701607948738,498.82323576994685,71,1,2,1,0,1,0,0,0,0
v_8922cc76-5896-4ebc-943b-6a4a3b875d4e,btl_a9a55077-1f3c-413e-9e5a-bfc3a12b9997,41b0d154-ea8c-4d50-afb5-3caa01b54152,anon_83d581ca-5994-4c8f-a3df-9fa65c8fb089,2026-01-27T00:09:37.528939+00:00,2026-01-27 00:09:37.528939+00:00,left,marioDiffusion,marioDiffusion::level_80.txt,mariogpt,mariogpt::level_088.txt,TIE,tie,0.5,True,False,False,1,1,0.71,0,0,0,3,8.0,8.0,75.07477753694793,0.0,1,1,1,0,0,0,0,0,1,0
v_8922cc76-5896-4ebc-943b-6a4a3b875d4e,btl_a9a55077-1f3c-413e-9e5a-bfc3a12b9997,41b0d154-ea8c-4d50-afb5-3caa01b54152,anon_83d581ca-5994-4c8f-a3df-9fa65c8fb089,2026-01-27T00:09:37.528939+00:00,2026-01-27 00:09:37.528939+00:00,right,mariogpt,mariogpt::level_088.txt,marioDiffusion,marioDiffusion::level_80.txt,TIE,tie,0.5,True,False,False,1,1,3.04,0,0,0,12,44.0,8.0,4.14578098794425,9.994442900376633,1,1,1,0,0,0,0,0,1,0
v_9beb27ec-69f2-4392-84fa-01483cc8551a,btl_29c67688-3e22-42f1-89dc-43935b685b9e,3e4cf9f5-7ec6-4750-b9ba-bc0c864dd594,anon_83d581ca-5994-4c8f-a3df-9fa65c8fb089,2026-01-27T00:07:57.936231+00:00,2026-01-27 00:07:57.936231+00:00,left,notchParam,notchParam::lvl-58.txt,ore,ore::lvl-61.txt,SKIP,skip,,True,False,True,0,0,36.609,20,0,1,138,3103.0,8.0,30.076545907677133,940.1385563833065,41,0,2,1,0,0,1,0,0,0
v_9beb27ec-69f2-4392-84fa-01483cc8551a,btl_29c67688-3e22-42f1-89dc-43935b685b9e,3e4cf9f5-7ec6-4750-b9ba-bc0c864dd594,anon_83d581ca-5994-4c8f-a3df-9fa65c8fb089,2026-01-27T00:07:57.936231+00:00,2026-01-27 00:07:57.936231+00:00,right,ore,ore::lvl-61.txt,notchParam,notchParam::lvl-58.txt,SKIP,skip,,True,False,False,1,1,19.205,13,0,0,73,161.0,6.0,36.25442299001462,45.70690359061333,27,1,0,0,0,0,0,0,0,0
v_fa07efcb-8a00-4782-8249-9df85be03a0c,btl_fefa391e-fa0e-4f84-9815-08ccaa2e542d,931a2fd4-1761-4367-b41d-94d32651105c,anon_83d581ca-5994-4c8f-a3df-9fa65c8fb089,2026-01-27T00:06:20.888432+00:00,2026-01-27 00:06:20.888432+00:00,left,marioDiffusion,marioDiffusion::level_22.txt,notchParam,notchParam::lvl-67.txt,TIE,tie,0.5,True,False,False,1,1,46.737,36,0,0,176,2133.0,8.0,53.908829513681,748.1337973161789,74,1,1,0,0,0,0,0,1,0
v_fa07efcb-8a00-4782-8249-9df85be03a0c,btl_fefa391e-fa0e-4f84-9815-08ccaa2e542d,931a2fd4-1761-4367-b41d-94d32651105c,anon_83d581ca-5994-4c8f-a3df-9fa65c8fb089,2026-01-27T00:06:20.888432+00:00,2026-01-27 00:06:20.888432+00:00,right,notchParam,notchParam::lvl-67.txt,marioDiffusion,marioDiffusion::level_22.txt,TIE,tie,0.5,True,False,False,1,1,18.272,8,0,2,69,1190.0,8.0,31.37538906304403,371.83230518609355,18,1,1,0,0,0,0,0,1,0
v_8a665c90-c2a5-43b5-bc34-15194823051a,btl_8751c36a-090a-4209-aaf5-e1fb088eb132,98c4e17c-9287-4036-a0b3-70120acd4c84,anon_7f556d66-9db3-4f99-890e-799fd9038dfc,2026-01-26T21:06:13.180073+00:00,2026-01-26 21:06:13.180073+00:00,left,patternCount,patternCount::lvl-83.txt,mariogpt,mariogpt::level_050.txt,RIGHT,loss,0.0,True,False,False,1,1,0.715,0,0,0,3,8.0,8.0,75.07477753694793,0.0,11,1,0,0,0,0,0,0,0,0
v_8a665c90-c2a5-43b5-bc34-15194823051a,btl_8751c36a-090a-4209-aaf5-e1fb088eb132,98c4e17c-9287-4036-a0b3-70120acd4c84,anon_7f556d66-9db3-4f99-890e-799fd9038dfc,2026-01-26T21:06:13.180073+00:00,2026-01-26 21:06:13.180073+00:00,right,mariogpt,mariogpt::level_050.txt,patternCount,patternCount::lvl-83.txt,RIGHT,win,1.0,True,False,True,0,0,44.368,28,9,2,165,2364.0,8.0,40.004292698952135,778.271539338286,75,0,0,0,0,0,0,0,0,0
v_3025b103-d5e3-4a1e-a767-dfae3c118d50,btl_bc33f66f-104b-4c86-bff6-5dfd6c9685a8,050a88ba-4959-45d6-a61e-b5e0d06ca2a5,anon_7f556d66-9db3-4f99-890e-799fd9038dfc,2026-01-26T21:04:25.570885+00:00,2026-01-26 21:04:25.570885+00:00,left,notchParamRand,notchParamRand::lvl-97.txt,mariogpt,mariogpt::level_029.txt,RIGHT,loss,0.0,True,False,False,1,1,10.808,9,0,3,41,1488.0,8.0,37.00283764863392,446.13457553567815,23,1,0,0,0,0,0,0,0,0
v_3025b103-d5e3-4a1e-a767-dfae3c118d50,btl_bc33f66f-104b-4c86-bff6-5dfd6c9685a8,050a88ba-4959-45d6-a61e-b5e0d06ca2a5,anon_7f556d66-9db3-4f99-890e-799fd9038dfc,2026-01-26T21:04:25.570885+00:00,2026-01-26 21:04:25.570885+00:00,right,mariogpt,mariogpt::level_029.txt,notchParamRand,notchParamRand::lvl-97.txt,RIGHT,win,1.0,True,False,False,1,1,6.78,5,8,0,26,396.0,8.0,34.81854909307316,121.7242494304577,21,1,0,0,0,0,0,0,0,0
v_465f3438-008c-4244-9ac5-522ce0f061d4,btl_f256bb25-90b4-4e74-96f3-9db9f16c019b,050a88ba-4959-45d6-a61e-b5e0d06ca2a5,anon_7f556d66-9db3-4f99-890e-799fd9038dfc,2026-01-26T21:04:02.757503+00:00,2026-01-26 21:04:02.757503+00:00,left,original,original::lvl-3.txt,marioDiffusion,marioDiffusion::level_50.txt,TIE,tie,0.5,True,False,False,1,1,22.444,18,11,3,83,1093.0,8.0,57.67004619800635,283.6402282259686,58,1,0,0,0,0,0,0,0,0
v_465f3438-008c-4244-9ac5-522ce0f061d4,btl_f256bb25-90b4-4e74-96f3-9db9f16c019b,050a88ba-4959-45d6-a61e-b5e0d06ca2a5,anon_7f556d66-9db3-4f99-890e-799fd9038dfc,2026-01-26T21:04:02.757503+00:00,2026-01-26 21:04:02.757503+00:00,right,marioDiffusion,marioDiffusion::level_50.txt,original,original::lvl-3.txt,TIE,tie,0.5,True,False,False,1,1,4.341,4,0,0,17,323.0,8.0,33.83708168394274,99.30847401093536,9,1,0,0,0,0,0,0,0,0
v_2f8bf3f8-6dfc-4daa-9f4a-a3a434c3d190,btl_eb7bb0e6-baf8-4aaf-ab9a-7fe449ac2d5a,050a88ba-4959-45d6-a61e-b5e0d06ca2a5,anon_7f556d66-9db3-4f99-890e-799fd9038dfc,2026-01-26T21:03:30.154874+00:00,2026-01-26 21:03:30.154874+00:00,left,hopper,hopper::lvl-65.txt,notch,notch::lvl-25.txt,RIGHT,loss,0.0,True,False,False,1,1,4.236,4,0,0,17,1087.0,8.0,49.58533938930882,367.57921256329297,11,1,0,0,0,0,0,0,0,0
v_2f8bf3f8-6dfc-4daa-9f4a-a3a434c3d190,btl_eb7bb0e6-baf8-4aaf-ab9a-7fe449ac2d5a,050a88ba-4959-45d6-a61e-b5e0d06ca2a5,anon_7f556d66-9db3-4f99-890e-799fd9038dfc,2026-01-26T21:03:30.154874+00:00,2026-01-26 21:03:30.154874+00:00,right,notch,notch::lvl-25.txt,hopper,hopper::lvl-65.txt,RIGHT,win,1.0,True,False,False,1,1,2.17,1,0,0,9,465.0,8.0,27.716822007983204,163.15772873034376,3,1,0,0,0,0,0,0,0,0
v_5d48dad1-d115-4910-8a3c-aa84c8ee3cf4,btl_ff04dc55-2b0e-4366-b224-d6fe7b9a1717,050a88ba-4959-45d6-a61e-b5e0d06ca2a5,anon_7f556d66-9db3-4f99-890e-799fd9038dfc,2026-01-26T21:03:22.095532+00:00,2026-01-26 21:03:22.095532+00:00,left,notchParam,notchParam::lvl-92.txt,original,original::lvl-13.txt,RIGHT,loss,0.0,True,False,False,1,1,2.975,2,0,0,12,539.0,8.0,26.18881758817428,202.96975691521686,5,1,0,0,0,0,0,0,0,0
v_5d48dad1-d115-4910-8a3c-aa84c8ee3cf4,btl_ff04dc55-2b0e-4366-b224-d6fe7b9a1717,050a88ba-4959-45d6-a61e-b5e0d06ca2a5,anon_7f556d66-9db3-4f99-890e-799fd9038dfc,2026-01-26T21:03:22.095532+00:00,2026-01-26 21:03:22.095532+00:00,right,original,original::lvl-13.txt,notchParam,notchParam::lvl-92.txt,RIGHT,win,1.0,True,False,False,1,1,8.169,6,0,0,31,875.0,24.0,23.005179709020506,264.57380173795934,12,1,0,0,0,0,0,0,0,0
v_0155b8aa-1be2-4912-908b-4629ee287bd4,btl_43ab0db7-6f87-4982-9427-cef24a9fdd60,050a88ba-4959-45d6-a61e-b5e0d06ca2a5,anon_7f556d66-9db3-4f99-890e-799fd9038dfc,2026-01-26T21:03:09.055129+00:00,2026-01-26 21:03:09.055129+00:00,left,patternWeightCount,patternWeightCount::lvl-43.txt,mariogan,mariogan::level_2.txt,RIGHT,loss,0.0,True,False,False,1,1,0.715,0,0,0,3,8.0,8.0,75.07477753694793,0.0,3,1,0,0,0,0,0,0,0,0
v_0155b8aa-1be2-4912-908b-4629ee287bd4,btl_43ab0db7-6f87-4982-9427-cef24a9fdd60,050a88ba-4959-45d6-a61e-b5e0d06ca2a5,anon_7f556d66-9db3-4f99-890e-799fd9038dfc,2026-01-26T21:03:09.055129+00:00,2026-01-26 21:03:09.055129+00:00,right,mariogan,mariogan::level_2.txt,patternWeightCount,patternWeightCount::lvl-43.txt,RIGHT,win,1.0,True,False,False,1,1,5.546,3,0,0,21,870.0,8.0,22.733594668037263,279.3875306635023,8,1,0,0,0,0,0,0,0,0
v_b427ef9f-ab3d-4d4f-b069-d7f968724b06,btl_63e19491-837a-4915-8a3d-8b3c6f13e6d4,58b108f0-ccf8-46ce-b6e3-bf15fb2cb731,anon_7f556d66-9db3-4f99-890e-799fd9038dfc,2026-01-26T20:54:57.721940+00:00,2026-01-26 20:54:57.721940+00:00,left,patternOccur,patternOccur::lvl-96.txt,patternCount,patternCount::lvl-68.txt,RIGHT,loss,0.0,True,False,False,1,1,0.711,0,0,0,3,8.0,8.0,75.07477753694793,0.0,7,1,0,0,0,0,0,0,0,0
v_b427ef9f-ab3d-4d4f-b069-d7f968724b06,btl_63e19491-837a-4915-8a3d-8b3c6f13e6d4,58b108f0-ccf8-46ce-b6e3-bf15fb2cb731,anon_7f556d66-9db3-4f99-890e-799fd9038dfc,2026-01-26T20:54:57.721940+00:00,2026-01-26 20:54:57.721940+00:00,right,patternCount,patternCount::lvl-68.txt,patternOccur,patternOccur::lvl-96.txt,RIGHT,win,1.0,True,False,True,0,0,57.05,60,0,0,215,3183.0,8.0,41.72392097340983,758.9200093092923,161,0,0,0,0,0,0,0,0,0
v_a19350fd-bf63-4408-b626-9b6eeef23aed,btl_50f2c033-f3c0-4e00-a65d-ab0494e56c63,6d06b0af-7291-445c-b05f-006ba99b3bb3,anon_7f556d66-9db3-4f99-890e-799fd9038dfc,2026-01-26T20:53:42.874185+00:00,2026-01-26 20:53:42.874185+00:00,left,mariogan,mariogan::level_40.txt,notchParamRand,notchParamRand::lvl-4.txt,LEFT,win,1.0,True,False,True,0,0,39.146,36,0,10,144,2667.0,8.0,33.975401868098125,737.0130311876665,87,0,0,0,0,0,0,0,0,0
v_a19350fd-bf63-4408-b626-9b6eeef23aed,btl_50f2c033-f3c0-4e00-a65d-ab0494e56c63,6d06b0af-7291-445c-b05f-006ba99b3bb3,anon_7f556d66-9db3-4f99-890e-799fd9038dfc,2026-01-26T20:53:42.874185+00:00,2026-01-26 20:53:42.874185+00:00,right,notchParamRand,notchParamRand::lvl-4.txt,mariogan,mariogan::level_40.txt,LEFT,loss,0.0,True,False,False,1,1,3.941,3,0,0,15,397.0,8.0,38.18900365288417,122.25321627216557,7,1,0,0,0,0,0,0,0,0
v_c0b00cd8-1d57-4360-8aac-9462f59ea675,btl_cdeaf2a0-c48c-4c14-8105-ec767dfa5d8e,21eac70b-77ec-4037-ba2e-17c95f4327df,anon_7f556d66-9db3-4f99-890e-799fd9038dfc,2026-01-26T20:52:37.753800+00:00,2026-01-26 20:52:37.753800+00:00,left,ore,ore::lvl-2.txt,notchParam,notchParam::lvl-14.txt,LEFT,win,1.0,True,False,True,0,0,60.646,60,1,0,228,3043.0,8.0,72.8098227899647,717.3177368981386,129,0,0,0,0,0,0,0,0,0
v_c0b00cd8-1d57-4360-8aac-9462f59ea675,btl_cdeaf2a0-c48c-4c14-8105-ec767dfa5d8e,21eac70b-77ec-4037-ba2e-17c95f4327df,anon_7f556d66-9db3-4f99-890e-799fd9038dfc,2026-01-26T20:52:37.753800+00:00,2026-01-26 20:52:37.753800+00:00,right,notchParam,notchParam::lvl-14.txt,ore,ore::lvl-2.txt,LEFT,loss,0.0,True,False,False,1,1,4.441,2,0,0,17,1054.0,8.0,36.91662728693149,358.32772882610516,5,1,0,0,0,0,0,0,0,0
v_723aebc0-75fe-4020-8142-4e4e82f4aadc,btl_d39f376a-41f3-4428-a7f2-a59d928b802f,21eac70b-77ec-4037-ba2e-17c95f4327df,anon_7f556d66-9db3-4f99-890e-799fd9038dfc,2026-01-26T20:51:30.360497+00:00,2026-01-26 20:51:30.360497+00:00,left,patternWeightCount,patternWeightCount::lvl-27.txt,mariogpt,mariogpt::level_067.txt,LEFT,win,1.0,True,False,False,1,1,2.242,2,0,0,9,74.0,8.0,44.24203911091077,27.133870228558383,5,1,0,0,0,0,0,0,0,0
v_723aebc0-75fe-4020-8142-4e4e82f4aadc,btl_d39f376a-41f3-4428-a7f2-a59d928b802f,21eac70b-77ec-4037-ba2e-17c95f4327df,anon_7f556d66-9db3-4f99-890e-799fd9038dfc,2026-01-26T20:51:30.360497+00:00,2026-01-26 20:51:30.360497+00:00,right,mariogpt,mariogpt::level_067.txt,patternWeightCount,patternWeightCount::lvl-27.txt,LEFT,loss,0.0,True,False,False,1,1,3.473,2,2,0,14,75.0,0.0,17.261642034125426,18.132308519460448,8,1,1,0,0,0,0,0,1,0
v_f45ed129-97a9-4269-9853-7db276fac802,btl_0e1560d2-0f3f-45d9-b916-089f0a75e0b5,21eac70b-77ec-4037-ba2e-17c95f4327df,anon_7f556d66-9db3-4f99-890e-799fd9038dfc,2026-01-26T20:51:20.528832+00:00,2026-01-26 20:51:20.528832+00:00,left,notch,notch::lvl-64.txt,patternCount,patternCount::lvl-30.txt,LEFT,win,1.0,True,False,False,1,1,4.709,4,0,0,18,962.0,8.0,27.027706406209294,313.194866962021,9,1,0,0,0,0,0,0,0,0
v_f45ed129-97a9-4269-9853-7db276fac802,btl_0e1560d2-0f3f-45d9-b916-089f0a75e0b5,21eac70b-77ec-4037-ba2e-17c95f4327df,anon_7f556d66-9db3-4f99-890e-799fd9038dfc,2026-01-26T20:51:20.528832+00:00,2026-01-26 20:51:20.528832+00:00,right,patternCount,patternCount::lvl-30.txt,notch,notch::lvl-64.txt,LEFT,loss,0.0,True,False,False,1,1,1.336,1,0,0,6,137.0,8.0,34.32524176494934,47.752835866923476,10,1,0,0,0,0,0,0,0,0
v_0d817a87-6ddd-4c4e-823d-cfc37dc0c370,btl_ba0a9bf3-1d12-42bc-9322-d0267c5fb43c,21eac70b-77ec-4037-ba2e-17c95f4327df,anon_7f556d66-9db3-4f99-890e-799fd9038dfc,2026-01-26T20:51:11.394225+00:00,2026-01-26 20:51:11.394225+00:00,left,patternOccur,patternOccur::lvl-7.txt,mariogpt,mariogpt::level_090.txt,RIGHT,loss,0.0,False,True,False,0,0,0.0,0,0,0,0,,,,,0,0,0,0,0,0,0,0,0,0
v_0d817a87-6ddd-4c4e-823d-cfc37dc0c370,btl_ba0a9bf3-1d12-42bc-9322-d0267c5fb43c,21eac70b-77ec-4037-ba2e-17c95f4327df,anon_7f556d66-9db3-4f99-890e-799fd9038dfc,2026-01-26T20:51:11.394225+00:00,2026-01-26 20:51:11.394225+00:00,right,mariogpt,mariogpt::level_090.txt,patternOccur,patternOccur::lvl-7.txt,RIGHT,win,1.0,True,False,False,1,1,4.38,4,0,1,17,363.0,8.0,35.86248244417588,106.74605249461635,10,1,0,0,0,0,0,0,0,0
v_f75c598e-b9fb-488e-9419-b5ea6fa0dc3e,btl_3cbea9a1-9885-43b7-b1fc-de7886fece99,21eac70b-77ec-4037-ba2e-17c95f4327df,anon_7f556d66-9db3-4f99-890e-799fd9038dfc,2026-01-26T20:51:01.917683+00:00,2026-01-26 20:51:01.917683+00:00,left,genetic,genetic::lvl-87.txt,mariogpt,mariogpt::level_051.txt,LEFT,win,1.0,True,False,False,1,1,7.637,5,0,0,29,1196.0,8.0,38.87789966092799,372.450253643038,11,1,0,0,0,0,0,0,0,0
v_f75c598e-b9fb-488e-9419-b5ea6fa0dc3e,btl_3cbea9a1-9885-43b7-b1fc-de7886fece99,21eac70b-77ec-4037-ba2e-17c95f4327df,anon_7f556d66-9db3-4f99-890e-799fd9038dfc,2026-01-26T20:51:01.917683+00:00,2026-01-26 20:51:01.917683+00:00,right,mariogpt,mariogpt::level_051.txt,genetic,genetic::lvl-87.txt,LEFT,loss,0.0,True,False,False,1,1,0.383,0,0,0,2,8.0,8.0,0.0,0.0,2,1,0,0,0,0,0,0,0,0
v_af83313b-2a1e-4222-822e-ac518429eff4,btl_417d7bb5-7e90-4b42-9c34-fa4b110c9dcd,4e2fccdd-26ec-43b4-9576-20e903e82f28,anon_64941084-f829-4939-8305-bb3433681a53,2026-01-26T11:27:53.805087+00:00,2026-01-26 11:27:53.805087+00:00,left,notchParam,notchParam::lvl-18.txt,ore,ore::lvl-74.txt,RIGHT,loss,0.0,True,False,False,1,1,28.441,31,6,2,105,1477.0,8.0,29.10804955253503,420.6412560648978,83,1,1,0,1,0,0,0,0,0
v_af83313b-2a1e-4222-822e-ac518429eff4,btl_417d7bb5-7e90-4b42-9c34-fa4b110c9dcd,4e2fccdd-26ec-43b4-9576-20e903e82f28,anon_64941084-f829-4939-8305-bb3433681a53,2026-01-26T11:27:53.805087+00:00,2026-01-26 11:27:53.805087+00:00,right,ore,ore::lvl-74.txt,notchParam,notchParam::lvl-18.txt,RIGHT,win,1.0,True,False,False,1,1,49.241,51,0,3,183,2249.0,2.0,61.26013162405703,843.9666623712124,112,1,0,0,0,0,0,0,0,0
v_c214e8dd-e6bc-4a97-ba78-e8aca10d6ffe,btl_ffae825e-4a95-49fe-8c32-3d0d984f15ea,4e2fccdd-26ec-43b4-9576-20e903e82f28,anon_64941084-f829-4939-8305-bb3433681a53,2026-01-26T11:26:23.455471+00:00,2026-01-26 11:26:23.455471+00:00,left,hopper,hopper::lvl-25.txt,original,original::lvl-13.txt,RIGHT,loss,0.0,True,False,True,0,0,47.251,38,1,10,176,3152.0,8.0,33.48563433192763,982.5640569617116,116,0,1,0,1,0,0,0,0,0
v_c214e8dd-e6bc-4a97-ba78-e8aca10d6ffe,btl_ffae825e-4a95-49fe-8c32-3d0d984f15ea,4e2fccdd-26ec-43b4-9576-20e903e82f28,anon_64941084-f829-4939-8305-bb3433681a53,2026-01-26T11:26:23.455471+00:00,2026-01-26 11:26:23.455471+00:00,right,original,original::lvl-13.txt,hopper,hopper::lvl-25.txt,RIGHT,win,1.0,True,False,True,0,0,56.147,45,20,0,210,2569.0,24.0,49.59507601189709,689.9402009810018,111,0,2,1,0,0,0,1,0,0
v_e974bf47-1b1c-45d5-ba13-a2c0bf905c37,btl_9d4f4988-eabb-4783-93e4-19ecd9942b9e,4e2fccdd-26ec-43b4-9576-20e903e82f28,anon_64941084-f829-4939-8305-bb3433681a53,2026-01-26T11:24:26.451268+00:00,2026-01-26 11:24:26.451268+00:00,left,notch,notch::lvl-10.txt,patternCount,patternCount::lvl-24.txt,LEFT,win,1.0,True,False,False,1,1,8.714,4,0,0,33,548.0,8.0,23.5049181106905,147.41510763066114,9,1,0,0,0,0,0,0,0,0
v_e974bf47-1b1c-45d5-ba13-a2c0bf905c37,btl_9d4f4988-eabb-4783-93e4-19ecd9942b9e,4e2fccdd-26ec-43b4-9576-20e903e82f28,anon_64941084-f829-4939-8305-bb3433681a53,2026-01-26T11:24:26.451268+00:00,2026-01-26 11:24:26.451268+00:00,right,patternCount,patternCount::lvl-24.txt,notch,notch::lvl-10.txt,LEFT,loss,0.0,True,False,False,1,1,1.383,1,0,0,6,176.0,8.0,32.73122871713394,63.48140585154749,9,1,1,0,0,0,0,0,1,0
v_bead6f1b-875a-4292-8f57-57ce1fd828fd,btl_70ebb894-9c64-4919-b812-c94c76a08d63,4e2fccdd-26ec-43b4-9576-20e903e82f28,anon_64941084-f829-4939-8305-bb3433681a53,2026-01-26T11:24:07.397100+00:00,2026-01-26 11:24:07.397100+00:00,left,patternOccur,patternOccur::lvl-5.txt,marioDiffusion,marioDiffusion::level_100.txt,LEFT,win,1.0,True,False,False,1,1,67.55,9,0,0,254,184.0,8.0,14.222184151565612,32.80136557156069,20,1,1,0,0,1,0,0,0,0
v_bead6f1b-875a-4292-8f57-57ce1fd828fd,btl_70ebb894-9c64-4919-b812-c94c76a08d63,4e2fccdd-26ec-43b4-9576-20e903e82f28,anon_64941084-f829-4939-8305-bb3433681a53,2026-01-26T11:24:07.397100+00:00,2026-01-26 11:24:07.397100+00:00,right,marioDiffusion,marioDiffusion::level_100.txt,patternOccur,patternOccur::lvl-5.txt,LEFT,loss,0.0,True,False,False,1,1,0.714,0,0,0,3,15.0,8.0,75.07477753694793,2.943920288775949,1,1,1,0,0,0,0,0,1,0
v_917fa1e4-4087-41af-9290-930aa001bd92,btl_09a137a5-4e10-4a9b-a2b6-1cec0b8b8aa7,4e2fccdd-26ec-43b4-9576-20e903e82f28,anon_64941084-f829-4939-8305-bb3433681a53,2026-01-26T11:22:44.137123+00:00,2026-01-26 11:22:44.137123+00:00,left,notchParamRand,notchParamRand::lvl-1.txt,patternCount,patternCount::lvl-65.txt,LEFT,win,1.0,True,False,True,0,0,39.449,36,11,7,146,3097.0,8.0,30.495932899942467,891.4478506643667,97,0,1,0,1,0,0,0,0,0
v_917fa1e4-4087-41af-9290-930aa001bd92,btl_09a137a5-4e10-4a9b-a2b6-1cec0b8b8aa7,4e2fccdd-26ec-43b4-9576-20e903e82f28,anon_64941084-f829-4939-8305-bb3433681a53,2026-01-26T11:22:44.137123+00:00,2026-01-26 11:22:44.137123+00:00,right,patternCount,patternCount::lvl-65.txt,notchParamRand,notchParamRand::lvl-1.txt,LEFT,loss,0.0,True,False,False,1,1,21.017,15,1,0,78,747.0,0.0,30.50025597805948,225.33670802941947,53,1,1,0,0,1,0,0,0,0
v_e14148ab-3027-4cbc-8b36-d405e554790f,btl_4457d641-4adb-4860-b5eb-0a725417d442,4e2fccdd-26ec-43b4-9576-20e903e82f28,anon_64941084-f829-4939-8305-bb3433681a53,2026-01-26T11:21:31.460180+00:00,2026-01-26 11:21:31.460180+00:00,left,notchParam,notchParam::lvl-97.txt,genetic,genetic::lvl-62.txt,RIGHT,loss,0.0,True,False,False,1,1,14.336,9,0,1,54,1770.0,8.0,29.300486660096933,510.96939930226705,21,1,1,0,1,0,0,0,0,0
v_e14148ab-3027-4cbc-8b36-d405e554790f,btl_4457d641-4adb-4860-b5eb-0a725417d442,4e2fccdd-26ec-43b4-9576-20e903e82f28,anon_64941084-f829-4939-8305-bb3433681a53,2026-01-26T11:21:31.460180+00:00,2026-01-26 11:21:31.460180+00:00,right,genetic,genetic::lvl-62.txt,notchParam,notchParam::lvl-97.txt,RIGHT,win,1.0,True,False,False,1,1,12.543,6,0,0,48,1326.0,8.0,32.231415564718155,355.69338033757697,16,1,1,0,1,0,0,0,0,0
v_3002014c-4a6b-4f46-888f-ae7123aa69d9,btl_0e04c563-6863-4172-b2c0-8f3eb009bf24,4e2fccdd-26ec-43b4-9576-20e903e82f28,anon_64941084-f829-4939-8305-bb3433681a53,2026-01-26T11:20:56.187988+00:00,2026-01-26 11:20:56.187988+00:00,left,patternWeightCount,patternWeightCount::lvl-27.txt,ore,ore::lvl-99.txt,RIGHT,loss,0.0,True,False,False,1,1,15.178,12,1,0,58,241.0,8.0,38.11448194125713,66.25344089509579,27,1,1,0,0,1,0,0,0,0
v_3002014c-4a6b-4f46-888f-ae7123aa69d9,btl_0e04c563-6863-4172-b2c0-8f3eb009bf24,4e2fccdd-26ec-43b4-9576-20e903e82f28,anon_64941084-f829-4939-8305-bb3433681a53,2026-01-26T11:20:56.187988+00:00,2026-01-26 11:20:56.187988+00:00,right,ore,ore::lvl-99.txt,patternWeightCount,patternWeightCount::lvl-27.txt,RIGHT,win,1.0,True,False,False,1,1,1.668,1,0,0,7,11.0,8.0,22.809772341821265,1.0497813183356477,4,1,0,0,0,0,0,0,0,0
v_9b2f14ef-4880-4edf-bf67-101da54ec91d,btl_d4cb575d-8724-40d1-aadc-f75f11adbc73,4e2fccdd-26ec-43b4-9576-20e903e82f28,anon_64941084-f829-4939-8305-bb3433681a53,2026-01-26T11:20:26.605774+00:00,2026-01-26 11:20:26.605774+00:00,left,marioDiffusion,marioDiffusion::level_72.txt,patternWeightCount,patternWeightCount::lvl-18.txt,TIE,tie,0.5,True,False,False,1,1,3.204,0,0,0,13,155.0,0.0,48.135410577653644,43.99018179860769,1,1,1,0,0,1,0,0,0,0
v_9b2f14ef-4880-4edf-bf67-101da54ec91d,btl_d4cb575d-8724-40d1-aadc-f75f11adbc73,4e2fccdd-26ec-43b4-9576-20e903e82f28,anon_64941084-f829-4939-8305-bb3433681a53,2026-01-26T11:20:26.605774+00:00,2026-01-26 11:20:26.605774+00:00,right,patternWeightCount,patternWeightCount::lvl-18.txt,marioDiffusion,marioDiffusion::level_72.txt,TIE,tie,0.5,True,False,False,1,1,0.716,0,0,0,3,8.0,8.0,75.07477753694793,0.0,8,1,1,0,0,1,0,0,0,0
v_43fc8cb2-4f98-4281-8f00-349ffc2daa5b,btl_1acac770-7ad5-40d9-9f86-ff5140f99146,4e2fccdd-26ec-43b4-9576-20e903e82f28,anon_64941084-f829-4939-8305-bb3433681a53,2026-01-26T11:20:03.293007+00:00,2026-01-26 11:20:03.293007+00:00,left,ore,ore::lvl-28.txt,notchParamRand,notchParamRand::lvl-66.txt,LEFT,win,1.0,True,False,False,1,1,64.841,67,4,1,242,2937.0,3.0,58.1646241792042,839.520108383128,153,1,0,0,0,0,0,0,0,0
v_43fc8cb2-4f98-4281-8f00-349ffc2daa5b,btl_1acac770-7ad5-40d9-9f86-ff5140f99146,4e2fccdd-26ec-43b4-9576-20e903e82f28,anon_64941084-f829-4939-8305-bb3433681a53,2026-01-26T11:20:03.293007+00:00,2026-01-26 11:20:03.293007+00:00,right,notchParamRand,notchParamRand::lvl-66.txt,ore,ore::lvl-28.txt,LEFT,loss,0.0,True,False,True,0,0,43.336,33,7,2,161,3096.0,8.0,26.84276452185298,737.6117876371125,87,0,1,0,1,0,0,0,0,0
v_d5934ffa-676d-4a94-89a3-bc58be5a8107,btl_28c91710-180d-42b0-8c53-5a4355b8d040,4e2fccdd-26ec-43b4-9576-20e903e82f28,anon_64941084-f829-4939-8305-bb3433681a53,2026-01-26T11:18:03.206687+00:00,2026-01-26 11:18:03.206687+00:00,left,mariogan,mariogan::level_85.txt,hopper,hopper::lvl-39.txt,TIE,tie,0.5,True,False,False,1,1,9.438,7,0,0,36,700.0,0.0,55.52652019030587,224.85297665610545,16,1,0,0,0,0,0,0,0,0
v_d5934ffa-676d-4a94-89a3-bc58be5a8107,btl_28c91710-180d-42b0-8c53-5a4355b8d040,4e2fccdd-26ec-43b4-9576-20e903e82f28,anon_64941084-f829-4939-8305-bb3433681a53,2026-01-26T11:18:03.206687+00:00,2026-01-26 11:18:03.206687+00:00,right,hopper,hopper::lvl-39.txt,mariogan,mariogan::level_85.txt,TIE,tie,0.5,True,False,False,1,1,8.873,7,0,4,34,1196.0,8.0,36.03309705041995,328.3641021244768,23,1,0,0,0,0,0,0,0,0
v_7b98fadf-4109-4b65-aa4c-7ad34550e847,btl_a49c740d-4460-4189-970f-2d9847a74243,4e2fccdd-26ec-43b4-9576-20e903e82f28,anon_64941084-f829-4939-8305-bb3433681a53,2026-01-26T11:17:37.777932+00:00,2026-01-26 11:17:37.777932+00:00,left,marioDiffusion,marioDiffusion::level_36.txt,original,original::lvl-13.txt,RIGHT,loss,0.0,True,False,False,1,1,56.079,59,0,2,210,3095.0,8.0,57.279348100522775,898.6348156409733,122,1,1,0,1,0,0,0,0,0
v_7b98fadf-4109-4b65-aa4c-7ad34550e847,btl_a49c740d-4460-4189-970f-2d9847a74243,4e2fccdd-26ec-43b4-9576-20e903e82f28,anon_64941084-f829-4939-8305-bb3433681a53,2026-01-26T11:17:37.777932+00:00,2026-01-26 11:17:37.777932+00:00,right,original,original::lvl-13.txt,marioDiffusion,marioDiffusion::level_36.txt,RIGHT,win,1.0,True,False,False,1,1,28.439,21,9,0,107,1399.0,24.0,46.82540330439896,378.1238765233298,53,1,2,1,0,0,0,1,0,0
v_27018d84-5339-4bed-a39c-f880f6a26a33,btl_ce9f1c41-5eb0-4edc-b548-73ea7ad3988a,4e2fccdd-26ec-43b4-9576-20e903e82f28,anon_64941084-f829-4939-8305-bb3433681a53,2026-01-26T11:16:02.771613+00:00,2026-01-26 11:16:02.771613+00:00,left,patternWeightCount,patternWeightCount::lvl-87.txt,notchParamRand,notchParamRand::lvl-4.txt,RIGHT,loss,0.0,True,False,False,1,1,50.336,41,5,0,187,1100.0,8.0,34.035206248486574,326.8361757586697,105,1,0,0,0,0,0,0,0,0
v_27018d84-5339-4bed-a39c-f880f6a26a33,btl_ce9f1c41-5eb0-4edc-b548-73ea7ad3988a,4e2fccdd-26ec-43b4-9576-20e903e82f28,anon_64941084-f829-4939-8305-bb3433681a53,2026-01-26T11:16:02.771613+00:00,2026-01-26 11:16:02.771613+00:00,right,notchParamRand,notchParamRand::lvl-4.txt,patternWeightCount,patternWeightCount::lvl-87.txt,RIGHT,win,1.0,True,False,True,0,0,49.939,46,9,0,186,3108.0,8.0,22.93194473851083,778.3091892299444,111,0,0,0,0,0,0,0,0,0
v_c7b4bb1f-9452-4101-8b03-56295a9d1884,btl_dc14b328-1d5d-4579-9790-eabf692d064d,cbdfec28-59e5-4a2f-894e-5b76dc4ad0c7,anon_87480ecb-d1df-459f-8b06-90b40ac24e5f,2026-01-26T07:41:57.073655+00:00,2026-01-26 07:41:57.073655+00:00,left,patternOccur,patternOccur::lvl-21.txt,notchParamRand,notchParamRand::lvl-2.txt,RIGHT,loss,0.0,False,True,False,0,0,0.0,0,0,0,0,,,,,0,0,1,0,0,0,0,0,1,0
v_c7b4bb1f-9452-4101-8b03-56295a9d1884,btl_dc14b328-1d5d-4579-9790-eabf692d064d,cbdfec28-59e5-4a2f-894e-5b76dc4ad0c7,anon_87480ecb-d1df-459f-8b06-90b40ac24e5f,2026-01-26T07:41:57.073655+00:00,2026-01-26 07:41:57.073655+00:00,right,notchParamRand,notchParamRand::lvl-2.txt,patternOccur,patternOccur::lvl-21.txt,RIGHT,win,1.0,True,False,True,0,0,28.35,20,0,2,107,3098.0,8.0,26.941557074490767,932.1051527171691,42,0,1,0,1,0,0,0,0,0
v_6a8aa1ad-b2d7-4647-ac4a-d9f489a70db9,btl_18b1a81a-2468-4540-a6b4-859ec051d69b,cbdfec28-59e5-4a2f-894e-5b76dc4ad0c7,anon_87480ecb-d1df-459f-8b06-90b40ac24e5f,2026-01-26T07:41:09.812314+00:00,2026-01-26 07:41:09.812314+00:00,left,ore,ore::lvl-19.txt,patternCount,patternCount::lvl-25.txt,LEFT,win,1.0,True,False,False,1,1,2.561,0,0,0,10,8.0,8.0,0.0,0.0,2,1,1,0,0,1,0,0,0,0
v_6a8aa1ad-b2d7-4647-ac4a-d9f489a70db9,btl_18b1a81a-2468-4540-a6b4-859ec051d69b,cbdfec28-59e5-4a2f-894e-5b76dc4ad0c7,anon_87480ecb-d1df-459f-8b06-90b40ac24e5f,2026-01-26T07:41:09.812314+00:00,2026-01-26 07:41:09.812314+00:00,right,patternCount,patternCount::lvl-25.txt,ore,ore::lvl-19.txt,LEFT,loss,0.0,False,True,False,0,0,0.0,0,0,0,0,,,,,0,0,1,0,0,0,0,0,1,0
v_4d520fcc-78cd-434b-9b45-85ba8e30dfbf,btl_2f19bdaa-3534-403f-90b7-aade0920ab10,cbdfec28-59e5-4a2f-894e-5b76dc4ad0c7,anon_87480ecb-d1df-459f-8b06-90b40ac24e5f,2026-01-26T07:40:43.310628+00:00,2026-01-26 07:40:43.310628+00:00,left,marioDiffusion,marioDiffusion::level_84.txt,original,original::lvl-12.txt,RIGHT,loss,0.0,True,False,False,1,1,0.707,0,0,0,3,8.0,8.0,75.07477753694793,0.0,1,1,1,0,0,0,0,0,1,0
v_4d520fcc-78cd-434b-9b45-85ba8e30dfbf,btl_2f19bdaa-3534-403f-90b7-aade0920ab10,cbdfec28-59e5-4a2f-894e-5b76dc4ad0c7,anon_87480ecb-d1df-459f-8b06-90b40ac24e5f,2026-01-26T07:40:43.310628+00:00,2026-01-26 07:40:43.310628+00:00,right,original,original::lvl-12.txt,marioDiffusion,marioDiffusion::level_84.txt,RIGHT,win,1.0,True,False,False,1,1,28.255,24,0,1,107,1424.0,8.0,36.85787942075929,421.3335618047573,50,1,1,0,0,0,0,1,0,0
v_04c497cd-1186-4dc9-b3ec-ec0bb97538f2,btl_1ab4cd47-0f80-4149-a1a6-09b29562e0a9,cbdfec28-59e5-4a2f-894e-5b76dc4ad0c7,anon_87480ecb-d1df-459f-8b06-90b40ac24e5f,2026-01-26T07:39:51.061032+00:00,2026-01-26 07:39:51.061032+00:00,left,notchParamRand,notchParamRand::lvl-95.txt,notchParam,notchParam::lvl-63.txt,RIGHT,loss,0.0,True,False,True,0,0,22.153,18,0,0,84,3112.0,8.0,26.116244911918706,975.885231893415,36,0,2,0,1,0,1,0,0,0
v_04c497cd-1186-4dc9-b3ec-ec0bb97538f2,btl_1ab4cd47-0f80-4149-a1a6-09b29562e0a9,cbdfec28-59e5-4a2f-894e-5b76dc4ad0c7,anon_87480ecb-d1df-459f-8b06-90b40ac24e5f,2026-01-26T07:39:51.061032+00:00,2026-01-26 07:39:51.061032+00:00,right,notchParam,notchParam::lvl-63.txt,notchParamRand,notchParamRand::lvl-95.txt,RIGHT,win,1.0,True,False,True,0,0,25.073,23,0,5,95,3110.0,8.0,31.096604013355464,919.4868278517088,52,0,1,1,0,0,0,0,0,0
v_ed8056a8-b8ee-4976-8fb6-63161e9ef5f6,btl_40afc75f-9232-4da1-b734-31cc1d291b3d,cbdfec28-59e5-4a2f-894e-5b76dc4ad0c7,anon_87480ecb-d1df-459f-8b06-90b40ac24e5f,2026-01-26T07:38:42.425238+00:00,2026-01-26 07:38:42.425238+00:00,left,original,original::lvl-4.txt,notch,notch::lvl-35.txt,LEFT,win,1.0,True,False,True,0,0,123.554,103,19,24,457,3083.0,33.0,41.3941303988535,868.7235012977782,306,0,1,0,0,0,0,1,0,0
v_ed8056a8-b8ee-4976-8fb6-63161e9ef5f6,btl_40afc75f-9232-4da1-b734-31cc1d291b3d,cbdfec28-59e5-4a2f-894e-5b76dc4ad0c7,anon_87480ecb-d1df-459f-8b06-90b40ac24e5f,2026-01-26T07:38:42.425238+00:00,2026-01-26 07:38:42.425238+00:00,right,notch,notch::lvl-35.txt,original,original::lvl-4.txt,LEFT,loss,0.0,True,False,True,0,0,35.289,31,2,3,133,2323.0,8.0,23.8431260051377,624.146592255833,70,0,1,1,0,0,0,0,0,0
v_542a0920-7409-4708-b38f-563cf159aaa8,btl_7e09ab02-208b-4fe2-b232-d344a5f7cb81,cbdfec28-59e5-4a2f-894e-5b76dc4ad0c7,anon_87480ecb-d1df-459f-8b06-90b40ac24e5f,2026-01-26T07:35:40.991092+00:00,2026-01-26 07:35:40.991092+00:00,left,mariogpt,mariogpt::level_076.txt,patternCount,patternCount::lvl-55.txt,LEFT,win,1.0,True,False,False,1,1,45.75,42,1,2,170,717.0,0.0,48.06368648447088,238.39073803157447,120,1,2,0,0,0,0,1,0,1
v_542a0920-7409-4708-b38f-563cf159aaa8,btl_7e09ab02-208b-4fe2-b232-d344a5f7cb81,cbdfec28-59e5-4a2f-894e-5b76dc4ad0c7,anon_87480ecb-d1df-459f-8b06-90b40ac24e5f,2026-01-26T07:35:40.991092+00:00,2026-01-26 07:35:40.991092+00:00,right,patternCount,patternCount::lvl-55.txt,mariogpt,mariogpt::level_076.txt,LEFT,loss,0.0,True,False,False,1,1,10.076,8,0,0,38,59.0,0.0,29.085995811637094,15.845864215699384,23,1,1,0,0,1,0,0,0,0
v_242bd9bc-fd9a-4d24-8583-1ad329e371af,btl_1f68646e-1328-4583-9073-cdd07cabbe1d,cbdfec28-59e5-4a2f-894e-5b76dc4ad0c7,anon_87480ecb-d1df-459f-8b06-90b40ac24e5f,2026-01-26T07:34:21.521634+00:00,2026-01-26 07:34:21.521634+00:00,left,marioDiffusion,marioDiffusion::level_95.txt,hopper,hopper::lvl-16.txt,RIGHT,loss,0.0,True,False,False,1,1,7.94,2,0,0,30,305.0,8.0,17.627125561348784,86.5634000153773,4,1,1,0,0,0,0,0,1,0
v_242bd9bc-fd9a-4d24-8583-1ad329e371af,btl_1f68646e-1328-4583-9073-cdd07cabbe1d,cbdfec28-59e5-4a2f-894e-5b76dc4ad0c7,anon_87480ecb-d1df-459f-8b06-90b40ac24e5f,2026-01-26T07:34:21.521634+00:00,2026-01-26 07:34:21.521634+00:00,right,hopper,hopper::lvl-16.txt,marioDiffusion,marioDiffusion::level_95.txt,RIGHT,win,1.0,True,False,False,1,1,61.411,40,1,10,230,2571.0,8.0,35.0825655891581,737.4456794451543,116,1,1,1,0,0,0,0,0,0
v_4de01ea1-f70f-447b-8ce2-15b6f5511f30,btl_fec61a4b-8e2d-499b-915f-7a63c0a659bf,cbdfec28-59e5-4a2f-894e-5b76dc4ad0c7,anon_87480ecb-d1df-459f-8b06-90b40ac24e5f,2026-01-26T07:32:49.648222+00:00,2026-01-26 07:32:49.648222+00:00,left,marioDiffusion,marioDiffusion::level_97.txt,mariogpt,mariogpt::level_046.txt,RIGHT,loss,0.0,True,False,False,1,1,0.715,0,0,0,3,8.0,8.0,75.07477753694793,0.0,1,1,1,0,0,0,0,0,1,0
v_4de01ea1-f70f-447b-8ce2-15b6f5511f30,btl_fec61a4b-8e2d-499b-915f-7a63c0a659bf,cbdfec28-59e5-4a2f-894e-5b76dc4ad0c7,anon_87480ecb-d1df-459f-8b06-90b40ac24e5f,2026-01-26T07:32:49.648222+00:00,2026-01-26 07:32:49.648222+00:00,right,mariogpt,mariogpt::level_046.txt,marioDiffusion,marioDiffusion::level_97.txt,RIGHT,win,1.0,True,False,True,0,0,82.679,91,21,3,308,2372.0,8.0,32.826275700578385,759.2734885564014,237,0,0,0,0,0,0,0,0,0
v_a20e16e6-a8b9-4eb5-9c8e-8069437e41d6,btl_d3b90cf9-37ec-4e99-ad32-2305559315ee,cbdfec28-59e5-4a2f-894e-5b76dc4ad0c7,anon_87480ecb-d1df-459f-8b06-90b40ac24e5f,2026-01-26T07:31:00.625553+00:00,2026-01-26 07:31:00.625553+00:00,left,patternWeightCount,patternWeightCount::lvl-21.txt,notchParam,notchParam::lvl-78.txt,LEFT,win,1.0,True,False,True,0,0,189.851,214,53,0,710,3183.0,8.0,32.93064264111759,1011.4201878701373,558,0,1,1,0,0,0,0,0,0
v_a20e16e6-a8b9-4eb5-9c8e-8069437e41d6,btl_d3b90cf9-37ec-4e99-ad32-2305559315ee,cbdfec28-59e5-4a2f-894e-5b76dc4ad0c7,anon_87480ecb-d1df-459f-8b06-90b40ac24e5f,2026-01-26T07:31:00.625553+00:00,2026-01-26 07:31:00.625553+00:00,right,notchParam,notchParam::lvl-78.txt,patternWeightCount,patternWeightCount::lvl-21.txt,LEFT,loss,0.0,True,False,True,0,0,49.544,44,7,1,186,3091.0,8.0,24.996665866236192,843.2050570868945,96,0,0,0,0,0,0,0,0,0
v_1d63da56-f0dd-4d3b-bd66-6000cee7e1be,btl_aea72096-a8d7-4fe5-8108-fe332cdacdc2,cbdfec28-59e5-4a2f-894e-5b76dc4ad0c7,anon_87480ecb-d1df-459f-8b06-90b40ac24e5f,2026-01-26T07:26:40.130501+00:00,2026-01-26 07:26:40.130501+00:00,left,marioDiffusion,marioDiffusion::level_56.txt,mariogpt,mariogpt::level_055.txt,LEFT,win,1.0,True,False,False,1,1,26.88,28,1,0,101,1759.0,8.0,42.59214682865123,563.66867385452,59,1,1,0,0,0,0,0,1,0
v_1d63da56-f0dd-4d3b-bd66-6000cee7e1be,btl_aea72096-a8d7-4fe5-8108-fe332cdacdc2,cbdfec28-59e5-4a2f-894e-5b76dc4ad0c7,anon_87480ecb-d1df-459f-8b06-90b40ac24e5f,2026-01-26T07:26:40.130501+00:00,2026-01-26 07:26:40.130501+00:00,right,mariogpt,mariogpt::level_055.txt,marioDiffusion,marioDiffusion::level_56.txt,LEFT,loss,0.0,True,False,False,1,1,19.851,10,0,0,75,1021.0,8.0,39.6943567217754,316.2263476267171,20,1,1,0,0,0,0,0,1,0
v_b0a506d3-3ffd-47b3-89a7-ce37adbf79f8,btl_fb550d62-389d-4715-9949-3f11488883f7,cbdfec28-59e5-4a2f-894e-5b76dc4ad0c7,anon_87480ecb-d1df-459f-8b06-90b40ac24e5f,2026-01-26T07:25:35.619610+00:00,2026-01-26 07:25:35.619610+00:00,left,mariogpt,mariogpt::level_086.txt,original,original::lvl-14.txt,RIGHT,loss,0.0,True,False,False,1,1,47.641,30,3,7,177,1932.0,8.0,33.23121963325126,686.3231518744478,83,1,2,0,0,0,0,1,1,0
v_b0a506d3-3ffd-47b3-89a7-ce37adbf79f8,btl_fb550d62-389d-4715-9949-3f11488883f7,cbdfec28-59e5-4a2f-894e-5b76dc4ad0c7,anon_87480ecb-d1df-459f-8b06-90b40ac24e5f,2026-01-26T07:25:35.619610+00:00,2026-01-26 07:25:35.619610+00:00,right,original,original::lvl-14.txt,mariogpt,mariogpt::level_086.txt,RIGHT,win,1.0,True,False,False,1,1,3.95,3,0,0,15,238.0,24.0,20.548479262466117,81.30556903162018,7,1,0,0,0,0,0,0,0,0
v_3a8bd5df-06e0-4b28-95c8-59fc9b30232a,btl_d51ce68b-f296-4f0c-9e23-d855fa81e9ee,cbdfec28-59e5-4a2f-894e-5b76dc4ad0c7,anon_87480ecb-d1df-459f-8b06-90b40ac24e5f,2026-01-26T07:24:23.858020+00:00,2026-01-26 07:24:23.858020+00:00,left,patternOccur,patternOccur::lvl-98.txt,hopper,hopper::lvl-87.txt,LEFT,win,1.0,True,False,False,1,1,52.943,51,4,0,197,1771.0,8.0,29.122540999885025,499.9601130216188,139,1,0,0,0,0,0,0,0,0
v_3a8bd5df-06e0-4b28-95c8-59fc9b30232a,btl_d51ce68b-f296-4f0c-9e23-d855fa81e9ee,cbdfec28-59e5-4a2f-894e-5b76dc4ad0c7,anon_87480ecb-d1df-459f-8b06-90b40ac24e5f,2026-01-26T07:24:23.858020+00:00,2026-01-26 07:24:23.858020+00:00,right,hopper,hopper::lvl-87.txt,patternOccur,patternOccur::lvl-98.txt,LEFT,loss,0.0,True,False,False,1,1,8.515,3,0,0,33,438.0,8.0,17.73206358469125,127.54998660025942,7,1,0,0,0,0,0,0,0,0
v_80e4665f-4d1b-4ec5-acc4-815b467e91a6,btl_a0a992ae-85c7-4796-80cf-685d50057545,cbdfec28-59e5-4a2f-894e-5b76dc4ad0c7,anon_87480ecb-d1df-459f-8b06-90b40ac24e5f,2026-01-26T07:23:13.873990+00:00,2026-01-26 07:23:13.873990+00:00,left,patternCount,patternCount::lvl-27.txt,notchParamRand,notchParamRand::lvl-56.txt,RIGHT,loss,0.0,True,False,False,1,1,5.153,1,0,0,20,85.0,8.0,27.373162038756135,24.658619182752307,11,1,1,0,0,1,0,0,0,0
v_80e4665f-4d1b-4ec5-acc4-815b467e91a6,btl_a0a992ae-85c7-4796-80cf-685d50057545,cbdfec28-59e5-4a2f-894e-5b76dc4ad0c7,anon_87480ecb-d1df-459f-8b06-90b40ac24e5f,2026-01-26T07:23:13.873990+00:00,2026-01-26 07:23:13.873990+00:00,right,notchParamRand,notchParamRand::lvl-56.txt,patternCount,patternCount::lvl-27.txt,RIGHT,win,1.0,True,False,False,1,1,4.781,5,0,0,19,583.0,8.0,22.122800061214594,192.80239765868134,11,1,0,0,0,0,0,0,0,0
v_42b75bf9-d740-44b4-94b6-98ee54f04a82,btl_8877f740-e5da-4be8-98b3-ed34e626f08b,cbdfec28-59e5-4a2f-894e-5b76dc4ad0c7,anon_87480ecb-d1df-459f-8b06-90b40ac24e5f,2026-01-26T07:22:53.431495+00:00,2026-01-26 07:22:53.431495+00:00,left,mariogan,mariogan::level_72.txt,notchParamRand,notchParamRand::lvl-82.txt,RIGHT,loss,0.0,True,False,False,1,1,4.785,1,0,0,19,28.0,8.0,14.620025730297831,5.418241478581552,2,1,1,0,0,1,0,0,0,0
v_42b75bf9-d740-44b4-94b6-98ee54f04a82,btl_8877f740-e5da-4be8-98b3-ed34e626f08b,cbdfec28-59e5-4a2f-894e-5b76dc4ad0c7,anon_87480ecb-d1df-459f-8b06-90b40ac24e5f,2026-01-26T07:22:53.431495+00:00,2026-01-26 07:22:53.431495+00:00,right,notchParamRand,notchParamRand::lvl-82.txt,mariogan,mariogan::level_72.txt,RIGHT,win,1.0,True,False,True,0,0,29.776,27,0,1,111,3093.0,8.0,31.88683219394272,929.377247852336,59,0,1,1,0,0,0,0,0,0
v_e78a9682-dcb6-4498-b318-e4df5d8d9228,btl_0c9650bf-ff93-4b4d-858d-77741146c0d4,cbdfec28-59e5-4a2f-894e-5b76dc4ad0c7,anon_87480ecb-d1df-459f-8b06-90b40ac24e5f,2026-01-26T07:21:44.527596+00:00,2026-01-26 07:21:44.527596+00:00,left,patternWeightCount,patternWeightCount::lvl-97.txt,original,original::lvl-8.txt,RIGHT,loss,0.0,True,False,False,1,1,29.85,23,1,0,113,798.0,8.0,27.912290043432716,252.78042941056736,59,1,1,0,0,1,0,0,0,0
v_e78a9682-dcb6-4498-b318-e4df5d8d9228,btl_0c9650bf-ff93-4b4d-858d-77741146c0d4,cbdfec28-59e5-4a2f-894e-5b76dc4ad0c7,anon_87480ecb-d1df-459f-8b06-90b40ac24e5f,2026-01-26T07:21:44.527596+00:00,2026-01-26 07:21:44.527596+00:00,right,original,original::lvl-8.txt,patternWeightCount,patternWeightCount::lvl-97.txt,RIGHT,win,1.0,True,False,False,1,1,5.486,3,0,0,21,296.0,0.0,87.04303416080099,100.65954833597165,7,1,0,0,0,0,0,0,0,0
v_878ce4d8-ed03-4c89-8ee0-da932654bc0b,btl_bd879625-05c8-41f7-a29e-431ee6ceafbc,cbdfec28-59e5-4a2f-894e-5b76dc4ad0c7,anon_87480ecb-d1df-459f-8b06-90b40ac24e5f,2026-01-26T07:20:37.255954+00:00,2026-01-26 07:20:37.255954+00:00,left,notch,notch::lvl-37.txt,genetic,genetic::lvl-41.txt,RIGHT,loss,0.0,True,False,True,0,0,39.155,35,0,0,147,2362.0,8.0,29.23812214507646,680.5935892760889,70,0,1,0,1,0,0,0,0,0
v_878ce4d8-ed03-4c89-8ee0-da932654bc0b,btl_bd879625-05c8-41f7-a29e-431ee6ceafbc,cbdfec28-59e5-4a2f-894e-5b76dc4ad0c7,anon_87480ecb-d1df-459f-8b06-90b40ac24e5f,2026-01-26T07:20:37.255954+00:00,2026-01-26 07:20:37.255954+00:00,right,genetic,genetic::lvl-41.txt,notch,notch::lvl-37.txt,RIGHT,win,1.0,True,False,False,1,1,17.173,9,0,0,63,1292.0,8.0,22.624221073635056,397.4336138907218,23,1,0,0,0,0,0,0,0,0
v_bb9216e8-3970-4984-96bc-e9c257a0191a,btl_f34d043d-4fe9-4982-a5f6-50821d082630,cbdfec28-59e5-4a2f-894e-5b76dc4ad0c7,anon_87480ecb-d1df-459f-8b06-90b40ac24e5f,2026-01-26T07:19:16.734477+00:00,2026-01-26 07:19:16.734477+00:00,left,mariogan,mariogan::level_23.txt,mariogpt,mariogpt::level_024.txt,TIE,tie,0.5,True,False,False,1,1,11.701,8,0,0,44,573.0,8.0,30.105084549000676,193.76711334712098,16,1,1,0,0,0,0,0,1,0
v_bb9216e8-3970-4984-96bc-e9c257a0191a,btl_f34d043d-4fe9-4982-a5f6-50821d082630,cbdfec28-59e5-4a2f-894e-5b76dc4ad0c7,anon_87480ecb-d1df-459f-8b06-90b40ac24e5f,2026-01-26T07:19:16.734477+00:00,2026-01-26 07:19:16.734477+00:00,right,mariogpt,mariogpt::level_024.txt,mariogan,mariogan::level_23.txt,TIE,tie,0.5,True,False,False,1,1,3.609,1,0,0,14,89.0,8.0,11.591032776087147,21.474237056129773,4,1,1,0,0,0,0,0,1,0
v_f51ba883-a674-4a1f-9f73-987a075df799,btl_b8d681b5-29ef-4025-9158-d076883d426b,cbdfec28-59e5-4a2f-894e-5b76dc4ad0c7,anon_87480ecb-d1df-459f-8b06-90b40ac24e5f,2026-01-26T07:18:43.804786+00:00,2026-01-26 07:18:43.804786+00:00,left,ore,ore::lvl-87.txt,mariogan,mariogan::level_18.txt,RIGHT,loss,0.0,True,False,False,1,1,19.694,7,1,0,74,267.0,0.0,24.469685782188453,56.184543117460244,16,1,0,0,0,0,0,0,0,0
v_f51ba883-a674-4a1f-9f73-987a075df799,btl_b8d681b5-29ef-4025-9158-d076883d426b,cbdfec28-59e5-4a2f-894e-5b76dc4ad0c7,anon_87480ecb-d1df-459f-8b06-90b40ac24e5f,2026-01-26T07:18:43.804786+00:00,2026-01-26 07:18:43.804786+00:00,right,mariogan,mariogan::level_18.txt,ore,ore::lvl-87.txt,RIGHT,win,1.0,True,False,False,1,1,11.922,8,0,1,45,511.0,8.0,31.547495058157065,160.5527243118304,19,1,1,0,0,0,0,0,0,1
v_40ffb72a-e414-46b3-acd9-30979121f2c4,btl_8cac33b4-2508-4178-80ba-380032fc112b,063b784e-e13c-4edc-a88c-2e07a5daa26b,anon_74d12fb2-49f1-4452-83bc-5be72866032d,2026-01-25T23:57:18.738212+00:00,2026-01-25 23:57:18.738212+00:00,left,mariogan,mariogan::level_88.txt,ore,ore::lvl-82.txt,RIGHT,loss,0.0,True,False,False,1,1,25.569,25,0,2,97,2330.0,8.0,39.37943266848768,731.9695367291886,53,1,0,0,0,0,0,0,0,0
v_40ffb72a-e414-46b3-acd9-30979121f2c4,btl_8cac33b4-2508-4178-80ba-380032fc112b,063b784e-e13c-4edc-a88c-2e07a5daa26b,anon_74d12fb2-49f1-4452-83bc-5be72866032d,2026-01-25T23:57:18.738212+00:00,2026-01-25 23:57:18.738212+00:00,right,ore,ore::lvl-82.txt,mariogan,mariogan::level_88.txt,RIGHT,win,1.0,True,False,False,1,1,15.867,15,0,2,60,929.0,8.0,53.94961383859325,283.51040349322085,36,1,0,0,0,0,0,0,0,0
v_484cb189-1e87-419d-96b7-13564a6e2d0c,btl_428e951c-4d97-40cf-9243-fa205ec784f7,063b784e-e13c-4edc-a88c-2e07a5daa26b,anon_74d12fb2-49f1-4452-83bc-5be72866032d,2026-01-25T23:56:32.485406+00:00,2026-01-25 23:56:32.485406+00:00,left,hopper,hopper::lvl-13.txt,notchParam,notchParam::lvl-54.txt,RIGHT,loss,0.0,True,False,False,1,1,4.469,2,0,0,17,449.0,8.0,15.796938076575337,152.78954021337952,5,1,0,0,0,0,0,0,0,0
v_484cb189-1e87-419d-96b7-13564a6e2d0c,btl_428e951c-4d97-40cf-9243-fa205ec784f7,063b784e-e13c-4edc-a88c-2e07a5daa26b,anon_74d12fb2-49f1-4452-83bc-5be72866032d,2026-01-25T23:56:32.485406+00:00,2026-01-25 23:56:32.485406+00:00,right,notchParam,notchParam::lvl-54.txt,hopper,hopper::lvl-13.txt,RIGHT,win,1.0,True,False,False,1,1,8.538,9,0,0,33,1198.0,8.0,36.155413948113114,389.7009472439454,18,1,0,0,0,0,0,0,0,0
v_b7db2e24-7fe3-48d4-96f2-1ab7ae6091c3,btl_35c4be17-cd02-4d20-99c1-515d7b4dab3c,063b784e-e13c-4edc-a88c-2e07a5daa26b,anon_74d12fb2-49f1-4452-83bc-5be72866032d,2026-01-25T23:56:13.106025+00:00,2026-01-25 23:56:13.106025+00:00,left,mariogpt,mariogpt::level_098.txt,ore,ore::lvl-65.txt,RIGHT,loss,0.0,True,False,False,1,1,4.57,2,0,1,18,417.0,8.0,20.803905141482513,147.8860192559054,8,1,0,0,0,0,0,0,0,0
v_b7db2e24-7fe3-48d4-96f2-1ab7ae6091c3,btl_35c4be17-cd02-4d20-99c1-515d7b4dab3c,063b784e-e13c-4edc-a88c-2e07a5daa26b,anon_74d12fb2-49f1-4452-83bc-5be72866032d,2026-01-25T23:56:13.106025+00:00,2026-01-25 23:56:13.106025+00:00,right,ore,ore::lvl-65.txt,mariogpt,mariogpt::level_098.txt,RIGHT,win,1.0,True,False,False,1,1,21.934,27,0,0,83,1575.0,0.0,49.65059802422483,462.66375828433615,59,1,0,0,0,0,0,0,0,0
v_5eba00ca-5d64-4fa8-a64d-91184b291c0d,btl_730442e6-9f79-4a88-b7cd-85af361ec5d1,7a2334cd-d94a-40da-9901-2d28720696f3,anon_74d12fb2-49f1-4452-83bc-5be72866032d,2026-01-25T23:55:37.059123+00:00,2026-01-25 23:55:37.059123+00:00,left,patternCount,patternCount::lvl-72.txt,patternOccur,patternOccur::lvl-92.txt,TIE,tie,0.5,True,False,False,1,1,20.036,8,0,0,76,425.0,8.0,22.76607450131546,97.5294614200004,22,1,0,0,0,0,0,0,0,0
v_5eba00ca-5d64-4fa8-a64d-91184b291c0d,btl_730442e6-9f79-4a88-b7cd-85af361ec5d1,7a2334cd-d94a-40da-9901-2d28720696f3,anon_74d12fb2-49f1-4452-83bc-5be72866032d,2026-01-25T23:55:37.059123+00:00,2026-01-25 23:55:37.059123+00:00,right,patternOccur,patternOccur::lvl-92.txt,patternCount,patternCount::lvl-72.txt,TIE,tie,0.5,True,False,False,1,1,3.669,3,1,0,14,164.0,3.0,22.315913604421397,54.42111872485999,11,1,0,0,0,0,0,0,0,0
v_dabf18ea-efb8-4517-85e6-8b8a583d92d8,btl_ad31ab58-40e7-4cb0-b36a-5972e0485164,93982e4e-cd28-49ed-9db0-5129bede5ada,anon_1215d783-74a2-4353-879b-fcd79a34cc93,2026-01-25T23:08:05.152159+00:00,2026-01-25 23:08:05.152159+00:00,left,notch,notch::lvl-5.txt,genetic,genetic::lvl-39.txt,LEFT,win,1.0,True,False,False,1,1,5.306,3,0,0,21,573.0,8.0,31.095857938837785,197.55447022905605,6,1,0,0,0,0,0,0,0,0
v_dabf18ea-efb8-4517-85e6-8b8a583d92d8,btl_ad31ab58-40e7-4cb0-b36a-5972e0485164,93982e4e-cd28-49ed-9db0-5129bede5ada,anon_1215d783-74a2-4353-879b-fcd79a34cc93,2026-01-25T23:08:05.152159+00:00,2026-01-25 23:08:05.152159+00:00,right,genetic,genetic::lvl-39.txt,notch,notch::lvl-5.txt,LEFT,loss,0.0,True,False,True,0,0,17.58,7,0,0,67,2079.0,8.0,31.320553236227973,661.981021480358,15,0,0,0,0,0,0,0,0,0
v_00cf38b5-7cdb-4b6a-9581-84e18bbc7f07,btl_0d436ce4-97c7-4171-8be7-1c917993487b,012ba9ef-4f5a-4e4c-a682-adbd9d843355,anon_64941084-f829-4939-8305-bb3433681a53,2026-01-25T21:49:00.681711+00:00,2026-01-25 21:49:00.681711+00:00,left,original,original::lvl-11.txt,patternWeightCount,patternWeightCount::lvl-91.txt,LEFT,win,1.0,True,False,False,1,1,5.917,3,2,0,23,283.0,8.0,13.889790350917417,81.46802868329719,10,1,0,0,0,0,0,0,0,0
v_00cf38b5-7cdb-4b6a-9581-84e18bbc7f07,btl_0d436ce4-97c7-4171-8be7-1c917993487b,012ba9ef-4f5a-4e4c-a682-adbd9d843355,anon_64941084-f829-4939-8305-bb3433681a53,2026-01-25T21:49:00.681711+00:00,2026-01-25 21:49:00.681711+00:00,right,patternWeightCount,patternWeightCount::lvl-91.txt,original,original::lvl-11.txt,LEFT,loss,0.0,True,False,False,1,1,0.717,0,0,0,3,8.0,8.0,75.07477753694793,0.0,6,1,0,0,0,0,0,0,0,0
v_ef838fd2-f9fc-4186-868b-7b9a7cb86fd8,btl_1b83dda5-2d78-4577-a45f-3c7efb063a83,012ba9ef-4f5a-4e4c-a682-adbd9d843355,anon_64941084-f829-4939-8305-bb3433681a53,2026-01-25T21:48:47.175081+00:00,2026-01-25 21:48:47.175081+00:00,left,notch,notch::lvl-63.txt,original,original::lvl-3.txt,RIGHT,loss,0.0,True,False,True,0,0,37.878,28,0,1,143,2439.0,0.0,53.627101433116415,753.2959933756947,58,0,0,0,0,0,0,0,0,0
v_ef838fd2-f9fc-4186-868b-7b9a7cb86fd8,btl_1b83dda5-2d78-4577-a45f-3c7efb063a83,012ba9ef-4f5a-4e4c-a682-adbd9d843355,anon_64941084-f829-4939-8305-bb3433681a53,2026-01-25T21:48:47.175081+00:00,2026-01-25 21:48:47.175081+00:00,right,original,original::lvl-3.txt,notch,notch::lvl-63.txt,RIGHT,win,1.0,True,False,False,1,1,16.976,9,1,1,64,625.0,8.0,44.594480876105905,157.1835230299581,23,1,1,1,0,0,0,0,0,0
v_54f28d5c-1232-4ddd-a55c-e3438c1ee273,btl_40490397-4ca5-47e0-a701-6aa843baa85e,012ba9ef-4f5a-4e4c-a682-adbd9d843355,anon_64941084-f829-4939-8305-bb3433681a53,2026-01-25T21:47:43.331843+00:00,2026-01-25 21:47:43.331843+00:00,left,mariogpt,mariogpt::level_063.txt,notch,notch::lvl-42.txt,RIGHT,loss,0.0,True,False,False,1,1,0.676,0,0,0,3,8.0,8.0,0.0,0.0,2,1,1,0,0,1,0,0,0,0
v_54f28d5c-1232-4ddd-a55c-e3438c1ee273,btl_40490397-4ca5-47e0-a701-6aa843baa85e,012ba9ef-4f5a-4e4c-a682-adbd9d843355,anon_64941084-f829-4939-8305-bb3433681a53,2026-01-25T21:47:43.331843+00:00,2026-01-25 21:47:43.331843+00:00,right,notch,notch::lvl-42.txt,mariogpt,mariogpt::level_063.txt,RIGHT,win,1.0,True,False,True,0,0,43.636,36,3,4,163,2339.0,8.0,31.17068699842258,648.8500365878482,87,0,1,0,0,0,1,0,0,0
v_cbbd96ff-4d2d-49c4-8d9d-fa24bd692cfc,btl_7730d616-27c3-44cd-b2f6-053f6f3484e4,012ba9ef-4f5a-4e4c-a682-adbd9d843355,anon_64941084-f829-4939-8305-bb3433681a53,2026-01-25T21:46:45.356945+00:00,2026-01-25 21:46:45.356945+00:00,left,hopper,hopper::lvl-87.txt,ore,ore::lvl-42.txt,SKIP,skip,,True,False,False,1,1,10.019,2,0,0,38,481.0,8.0,14.353665066143385,149.97942610520832,7,1,0,0,0,0,0,0,0,0
v_cbbd96ff-4d2d-49c4-8d9d-fa24bd692cfc,btl_7730d616-27c3-44cd-b2f6-053f6f3484e4,012ba9ef-4f5a-4e4c-a682-adbd9d843355,anon_64941084-f829-4939-8305-bb3433681a53,2026-01-25T21:46:45.356945+00:00,2026-01-25 21:46:45.356945+00:00,right,ore,ore::lvl-42.txt,hopper,hopper::lvl-87.txt,SKIP,skip,,True,False,False,1,1,1.783,2,1,0,7,106.0,8.0,25.7396700104119,35.31375404130515,6,1,0,0,0,0,0,0,0,0
v_23c86460-4fc5-46b3-bbad-2f9314b3fe1e,btl_f9418759-1ed1-47e0-a4ba-97022e37810f,012ba9ef-4f5a-4e4c-a682-adbd9d843355,anon_64941084-f829-4939-8305-bb3433681a53,2026-01-25T21:46:27.090963+00:00,2026-01-25 21:46:27.090963+00:00,left,patternCount,patternCount::lvl-22.txt,patternOccur,patternOccur::lvl-82.txt,RIGHT,loss,0.0,True,False,False,1,1,0.72,0,0,0,3,8.0,8.0,75.07477753694793,0.0,9,1,1,0,0,1,0,0,0,0
v_23c86460-4fc5-46b3-bbad-2f9314b3fe1e,btl_f9418759-1ed1-47e0-a4ba-97022e37810f,012ba9ef-4f5a-4e4c-a682-adbd9d843355,anon_64941084-f829-4939-8305-bb3433681a53,2026-01-25T21:46:27.090963+00:00,2026-01-25 21:46:27.090963+00:00,right,patternOccur,patternOccur::lvl-82.txt,patternCount,patternCount::lvl-22.txt,RIGHT,win,1.0,True,False,False,1,1,4.804,2,0,0,19,89.0,8.0,32.00830917052131,27.048842659098668,8,1,0,0,0,0,0,0,0,0
v_ef676985-efb7-43ae-beee-26a488c7f082,btl_cef243ce-7c5e-44da-80be-ed38534dba7d,012ba9ef-4f5a-4e4c-a682-adbd9d843355,anon_64941084-f829-4939-8305-bb3433681a53,2026-01-25T21:46:07.978966+00:00,2026-01-25 21:46:07.978966+00:00,left,patternCount,patternCount::lvl-21.txt,genetic,genetic::lvl-76.txt,RIGHT,loss,0.0,False,True,False,0,0,0.0,0,0,0,0,,,,,0,0,0,0,0,0,0,0,0,0
v_ef676985-efb7-43ae-beee-26a488c7f082,btl_cef243ce-7c5e-44da-80be-ed38534dba7d,012ba9ef-4f5a-4e4c-a682-adbd9d843355,anon_64941084-f829-4939-8305-bb3433681a53,2026-01-25T21:46:07.978966+00:00,2026-01-25 21:46:07.978966+00:00,right,genetic,genetic::lvl-76.txt,patternCount,patternCount::lvl-21.txt,RIGHT,win,1.0,True,False,True,0,0,51.308,26,4,2,187,2047.0,8.0,27.30775772695596,547.1345500407764,72,0,0,0,0,0,0,0,0,0
v_43b7ed8e-3443-446c-ba72-4cae21878bcf,btl_6b28ba59-63fa-48dd-9440-2afaf9e8a4aa,012ba9ef-4f5a-4e4c-a682-adbd9d843355,anon_64941084-f829-4939-8305-bb3433681a53,2026-01-25T21:45:05.009628+00:00,2026-01-25 21:45:05.009628+00:00,left,ore,ore::lvl-28.txt,mariogan,mariogan::level_70.txt,LEFT,win,1.0,True,False,False,1,1,23.27,13,0,0,88,399.0,2.0,18.48518224984318,117.33314984558264,28,1,0,0,0,0,0,0,0,0
v_43b7ed8e-3443-446c-ba72-4cae21878bcf,btl_6b28ba59-63fa-48dd-9440-2afaf9e8a4aa,012ba9ef-4f5a-4e4c-a682-adbd9d843355,anon_64941084-f829-4939-8305-bb3433681a53,2026-01-25T21:45:05.009628+00:00,2026-01-25 21:45:05.009628+00:00,right,mariogan,mariogan::level_70.txt,ore,ore::lvl-28.txt,LEFT,loss,0.0,True,False,False,1,1,2.917,3,0,0,12,376.0,8.0,42.09141836526776,133.2888206948438,8,1,1,0,0,0,0,0,0,1
v_fae6951d-97eb-4537-9913-3ac6b75306de,btl_02fcd350-508c-4997-b3d3-e960da841210,012ba9ef-4f5a-4e4c-a682-adbd9d843355,anon_64941084-f829-4939-8305-bb3433681a53,2026-01-25T21:44:30.115863+00:00,2026-01-25 21:44:30.115863+00:00,left,hopper,hopper::lvl-24.txt,mariogpt,mariogpt::level_008.txt,RIGHT,loss,0.0,True,False,False,1,1,8.176,4,0,0,31,607.0,8.0,29.208782337864932,180.16312991812134,10,1,0,0,0,0,0,0,0,0
v_fae6951d-97eb-4537-9913-3ac6b75306de,btl_02fcd350-508c-4997-b3d3-e960da841210,012ba9ef-4f5a-4e4c-a682-adbd9d843355,anon_64941084-f829-4939-8305-bb3433681a53,2026-01-25T21:44:30.115863+00:00,2026-01-25 21:44:30.115863+00:00,right,mariogpt,mariogpt::level_008.txt,hopper,hopper::lvl-24.txt,RIGHT,win,1.0,True,False,False,1,1,44.002,47,0,1,166,1704.0,8.0,45.95237267549071,443.6412447819843,97,1,0,0,0,0,0,0,0,0
v_1990e17a-f912-4394-b688-05dc926f2175,btl_67734879-bddc-4443-9683-731e02734a63,012ba9ef-4f5a-4e4c-a682-adbd9d843355,anon_64941084-f829-4939-8305-bb3433681a53,2026-01-25T21:43:28.932536+00:00,2026-01-25 21:43:28.932536+00:00,left,notchParam,notchParam::lvl-91.txt,marioDiffusion,marioDiffusion::level_13.txt,TIE,tie,0.5,True,False,False,1,1,6.416,5,0,2,25,916.0,8.0,25.662423891752702,317.4868816187528,12,1,1,0,1,0,0,0,0,0
v_1990e17a-f912-4394-b688-05dc926f2175,btl_67734879-bddc-4443-9683-731e02734a63,012ba9ef-4f5a-4e4c-a682-adbd9d843355,anon_64941084-f829-4939-8305-bb3433681a53,2026-01-25T21:43:28.932536+00:00,2026-01-25 21:43:28.932536+00:00,right,marioDiffusion,marioDiffusion::level_13.txt,notchParam,notchParam::lvl-91.txt,TIE,tie,0.5,True,False,False,1,1,2.77,3,0,0,11,291.0,8.0,49.29385659005249,88.85664934168634,7,1,1,0,1,0,0,0,0,0
v_698d547c-e5ec-4dd6-a1d6-a301cf072fd8,btl_9f41cc29-0624-4aef-85c1-5118cfbc85fa,012ba9ef-4f5a-4e4c-a682-adbd9d843355,anon_64941084-f829-4939-8305-bb3433681a53,2026-01-25T21:43:09.788578+00:00,2026-01-25 21:43:09.788578+00:00,left,genetic,genetic::lvl-66.txt,ore,ore::lvl-31.txt,TIE,tie,0.5,True,False,True,0,0,23.25,12,1,0,87,2066.0,8.0,33.81811569461888,585.5139733830609,27,0,1,0,0,0,1,0,0,0
v_698d547c-e5ec-4dd6-a1d6-a301cf072fd8,btl_9f41cc29-0624-4aef-85c1-5118cfbc85fa,012ba9ef-4f5a-4e4c-a682-adbd9d843355,anon_64941084-f829-4939-8305-bb3433681a53,2026-01-25T21:43:09.788578+00:00,2026-01-25 21:43:09.788578+00:00,right,ore,ore::lvl-31.txt,genetic,genetic::lvl-66.txt,TIE,tie,0.5,True,False,False,1,1,3.436,3,0,1,14,100.0,0.0,30.26953745862635,32.27212103222172,8,1,1,0,0,1,0,0,0,0
v_68a655d5-e7c9-4e32-aef0-c03dab8c98e6,btl_366563ef-bc17-4e08-b79c-40547d83a089,012ba9ef-4f5a-4e4c-a682-adbd9d843355,anon_64941084-f829-4939-8305-bb3433681a53,2026-01-25T21:42:32.821423+00:00,2026-01-25 21:42:32.821423+00:00,left,notch,notch::lvl-75.txt,patternWeightCount,patternWeightCount::lvl-21.txt,TIE,tie,0.5,True,False,False,1,1,3.248,1,0,0,13,334.0,8.0,19.173453047772796,110.58205339269288,3,1,0,0,0,0,0,0,0,0
v_68a655d5-e7c9-4e32-aef0-c03dab8c98e6,btl_366563ef-bc17-4e08-b79c-40547d83a089,012ba9ef-4f5a-4e4c-a682-adbd9d843355,anon_64941084-f829-4939-8305-bb3433681a53,2026-01-25T21:42:32.821423+00:00,2026-01-25 21:42:32.821423+00:00,right,patternWeightCount,patternWeightCount::lvl-21.txt,notch,notch::lvl-75.txt,TIE,tie,0.5,True,False,False,1,1,7.472,8,2,0,29,374.0,8.0,53.67750621077999,111.16662729870991,20,1,0,0,0,0,0,0,0,0
v_fa184109-71d7-46ed-842e-82fb41a93247,btl_62de92f3-b52b-4c19-ae02-eb66b5d0de05,012ba9ef-4f5a-4e4c-a682-adbd9d843355,anon_64941084-f829-4939-8305-bb3433681a53,2026-01-25T21:42:13.880008+00:00,2026-01-25 21:42:13.880008+00:00,left,hopper,hopper::lvl-56.txt,mariogan,mariogan::level_97.txt,SKIP,skip,,True,False,False,1,1,5.883,4,0,1,23,582.0,8.0,26.48322220956382,220.01698679909066,16,1,0,0,0,0,0,0,0,0
v_fa184109-71d7-46ed-842e-82fb41a93247,btl_62de92f3-b52b-4c19-ae02-eb66b5d0de05,012ba9ef-4f5a-4e4c-a682-adbd9d843355,anon_64941084-f829-4939-8305-bb3433681a53,2026-01-25T21:42:13.880008+00:00,2026-01-25 21:42:13.880008+00:00,right,mariogan,mariogan::level_97.txt,hopper,hopper::lvl-56.txt,SKIP,skip,,True,False,False,1,1,1.283,0,0,0,5,8.0,8.0,0.0,0.0,2,1,0,0,0,0,0,0,0,0
v_f85a0e83-4cea-45bb-830d-ac293d98ee3e,btl_484973f8-c7b2-4468-abc1-7894013ca3b2,012ba9ef-4f5a-4e4c-a682-adbd9d843355,anon_64941084-f829-4939-8305-bb3433681a53,2026-01-25T21:42:00.334756+00:00,2026-01-25 21:42:00.334756+00:00,left,notchParam,notchParam::lvl-8.txt,mariogan,mariogan::level_76.txt,SKIP,skip,,True,False,False,1,1,19.283,22,6,1,73,1295.0,8.0,29.649779111970265,355.2497460385075,53,1,0,0,0,0,0,0,0,0
v_f85a0e83-4cea-45bb-830d-ac293d98ee3e,btl_484973f8-c7b2-4468-abc1-7894013ca3b2,012ba9ef-4f5a-4e4c-a682-adbd9d843355,anon_64941084-f829-4939-8305-bb3433681a53,2026-01-25T21:42:00.334756+00:00,2026-01-25 21:42:00.334756+00:00,right,mariogan,mariogan::level_76.txt,notchParam,notchParam::lvl-8.txt,SKIP,skip,,True,False,False,1,1,6.171,5,0,0,24,786.0,8.0,20.85228304846578,278.06009542303383,12,1,0,0,0,0,0,0,0,0
v_3b2b9629-6197-4ae9-88d8-f87edfb7f189,btl_00fc5027-0727-483d-be28-201491cf4f51,012ba9ef-4f5a-4e4c-a682-adbd9d843355,anon_64941084-f829-4939-8305-bb3433681a53,2026-01-25T21:41:27.746725+00:00,2026-01-25 21:41:27.746725+00:00,left,original,original::lvl-11.txt,ore,ore::lvl-61.txt,LEFT,win,1.0,True,False,False,1,1,4.738,3,2,0,18,239.0,8.0,14.926569235286536,78.40857300695923,9,1,0,0,0,0,0,0,0,0
v_3b2b9629-6197-4ae9-88d8-f87edfb7f189,btl_00fc5027-0727-483d-be28-201491cf4f51,012ba9ef-4f5a-4e4c-a682-adbd9d843355,anon_64941084-f829-4939-8305-bb3433681a53,2026-01-25T21:41:27.746725+00:00,2026-01-25 21:41:27.746725+00:00,right,ore,ore::lvl-61.txt,original,original::lvl-11.txt,LEFT,loss,0.0,True,False,False,1,1,7.303,7,1,0,28,110.0,0.0,32.13990065768272,35.95568417496455,16,1,0,0,0,0,0,0,0,0
v_a62e8613-1a6f-4cd9-9895-43ffa50de55e,btl_f5873cf5-724c-4b9f-98ff-8866ad1ca7cd,012ba9ef-4f5a-4e4c-a682-adbd9d843355,anon_64941084-f829-4939-8305-bb3433681a53,2026-01-25T21:41:09.306281+00:00,2026-01-25 21:41:09.306281+00:00,left,patternOccur,patternOccur::lvl-22.txt,genetic,genetic::lvl-97.txt,TIE,tie,0.5,True,False,False,1,1,13.608,10,1,0,52,267.0,8.0,31.197500279167222,72.3904702120023,29,1,1,0,0,1,0,0,0,0
v_a62e8613-1a6f-4cd9-9895-43ffa50de55e,btl_f5873cf5-724c-4b9f-98ff-8866ad1ca7cd,012ba9ef-4f5a-4e4c-a682-adbd9d843355,anon_64941084-f829-4939-8305-bb3433681a53,2026-01-25T21:41:09.306281+00:00,2026-01-25 21:41:09.306281+00:00,right,genetic,genetic::lvl-97.txt,patternOccur,patternOccur::lvl-22.txt,TIE,tie,0.5,True,False,False,1,1,7.672,5,0,0,29,1143.0,8.0,29.161161928867255,399.94352455060994,11,1,1,0,1,0,0,0,0,0
v_48e558fa-051c-42cf-bd5a-b1bbf11aa503,btl_d2f77f15-e5bc-4cf4-b36a-8683622d9391,012ba9ef-4f5a-4e4c-a682-adbd9d843355,anon_64941084-f829-4939-8305-bb3433681a53,2026-01-25T21:40:31.724945+00:00,2026-01-25 21:40:31.724945+00:00,left,patternWeightCount,patternWeightCount::lvl-15.txt,ore,ore::lvl-70.txt,TIE,tie,0.5,True,False,False,1,1,31.941,28,3,0,119,392.0,8.0,34.55701484373272,82.20429476161469,73,1,0,0,0,0,0,0,0,0
v_48e558fa-051c-42cf-bd5a-b1bbf11aa503,btl_d2f77f15-e5bc-4cf4-b36a-8683622d9391,012ba9ef-4f5a-4e4c-a682-adbd9d843355,anon_64941084-f829-4939-8305-bb3433681a53,2026-01-25T21:40:31.724945+00:00,2026-01-25 21:40:31.724945+00:00,right,ore,ore::lvl-70.txt,patternWeightCount,patternWeightCount::lvl-15.txt,TIE,tie,0.5,True,False,False,1,1,1.717,1,0,0,7,114.0,8.0,19.818564786686284,38.43520919836978,3,1,0,0,0,0,0,0,0,0
v_e38a6ad8-89ab-4624-a13d-c62ddabf6098,btl_e9a90b20-21c0-46f5-9e63-a4f20afbba26,012ba9ef-4f5a-4e4c-a682-adbd9d843355,anon_64941084-f829-4939-8305-bb3433681a53,2026-01-25T21:39:50.672953+00:00,2026-01-25 21:39:50.672953+00:00,left,genetic,genetic::lvl-43.txt,hopper,hopper::lvl-18.txt,RIGHT,loss,0.0,True,False,False,1,1,14.644,10,0,0,56,1292.0,8.0,38.48328221714049,392.6712445720663,23,1,0,0,0,0,0,0,0,0
v_e38a6ad8-89ab-4624-a13d-c62ddabf6098,btl_e9a90b20-21c0-46f5-9e63-a4f20afbba26,012ba9ef-4f5a-4e4c-a682-adbd9d843355,anon_64941084-f829-4939-8305-bb3433681a53,2026-01-25T21:39:50.672953+00:00,2026-01-25 21:39:50.672953+00:00,right,hopper,hopper::lvl-18.txt,genetic,genetic::lvl-43.txt,RIGHT,win,1.0,True,False,True,0,0,27.771,21,0,4,105,3134.0,8.0,32.02828115354918,921.0696884958053,68,0,0,0,0,0,0,0,0,0
v_3e3bd358-21d6-458b-90d1-b4de4fb07199,btl_b7a46cb1-8258-4652-a0cc-d7b1022419bb,012ba9ef-4f5a-4e4c-a682-adbd9d843355,anon_64941084-f829-4939-8305-bb3433681a53,2026-01-25T21:39:00.354293+00:00,2026-01-25 21:39:00.354293+00:00,left,original,original::lvl-7.txt,notchParam,notchParam::lvl-57.txt,LEFT,win,1.0,True,False,True,0,0,73.043,59,22,0,271,3436.0,24.0,35.10106050735742,958.6600960879874,158,0,2,1,0,0,0,1,0,0
v_3e3bd358-21d6-458b-90d1-b4de4fb07199,btl_b7a46cb1-8258-4652-a0cc-d7b1022419bb,012ba9ef-4f5a-4e4c-a682-adbd9d843355,anon_64941084-f829-4939-8305-bb3433681a53,2026-01-25T21:39:00.354293+00:00,2026-01-25 21:39:00.354293+00:00,right,notchParam,notchParam::lvl-57.txt,original,original::lvl-7.txt,LEFT,loss,0.0,True,False,True,0,0,42.568,25,0,3,160,3079.0,8.0,27.75814914128822,865.6263209376203,53,0,1,0,1,0,0,0,0,0
v_ed6030ad-d138-4461-8e2d-20e9fada50df,btl_38e0be31-257a-4cfe-aa87-faee4d86cc32,012ba9ef-4f5a-4e4c-a682-adbd9d843355,anon_64941084-f829-4939-8305-bb3433681a53,2026-01-25T21:36:51.389877+00:00,2026-01-25 21:36:51.389877+00:00,left,patternOccur,patternOccur::lvl-24.txt,genetic,genetic::lvl-87.txt,RIGHT,loss,0.0,True,False,False,1,1,4.97,3,0,0,19,56.0,8.0,26.270487322376123,14.31172542933042,12,1,1,0,0,1,0,0,0,0
v_ed6030ad-d138-4461-8e2d-20e9fada50df,btl_38e0be31-257a-4cfe-aa87-faee4d86cc32,012ba9ef-4f5a-4e4c-a682-adbd9d843355,anon_64941084-f829-4939-8305-bb3433681a53,2026-01-25T21:36:51.389877+00:00,2026-01-25 21:36:51.389877+00:00,right,genetic,genetic::lvl-87.txt,patternOccur,patternOccur::lvl-24.txt,RIGHT,win,1.0,True,False,False,1,1,3.703,3,0,0,15,290.0,8.0,33.42627044041192,121.26580538451702,7,1,0,0,0,0,0,0,0,0
v_15449013-8f9e-49f1-8ba2-d3ff3d58d196,btl_ae7c8eea-67a3-494c-ad57-b4799ff84e91,012ba9ef-4f5a-4e4c-a682-adbd9d843355,anon_64941084-f829-4939-8305-bb3433681a53,2026-01-25T21:36:28.655012+00:00,2026-01-25 21:36:28.655012+00:00,left,hopper,hopper::lvl-54.txt,notchParamRand,notchParamRand::lvl-34.txt,RIGHT,loss,0.0,True,False,True,0,0,59.774,42,2,16,223,3146.0,8.0,34.15974081249273,848.720055963685,134,0,0,0,0,0,0,0,0,0
v_15449013-8f9e-49f1-8ba2-d3ff3d58d196,btl_ae7c8eea-67a3-494c-ad57-b4799ff84e91,012ba9ef-4f5a-4e4c-a682-adbd9d843355,anon_64941084-f829-4939-8305-bb3433681a53,2026-01-25T21:36:28.655012+00:00,2026-01-25 21:36:28.655012+00:00,right,notchParamRand,notchParamRand::lvl-34.txt,hopper,hopper::lvl-54.txt,RIGHT,win,1.0,True,False,False,1,1,43.017,43,6,6,160,2499.0,8.0,20.892282329546955,712.1956430809147,118,1,1,1,0,0,0,0,0,0
v_9f1daec2-8ff9-4542-9fc0-0576a8480d07,btl_14ff83cb-5b09-4fba-b687-23a7a4a64221,012ba9ef-4f5a-4e4c-a682-adbd9d843355,anon_64941084-f829-4939-8305-bb3433681a53,2026-01-25T21:34:34.979594+00:00,2026-01-25 21:34:34.979594+00:00,left,patternOccur,patternOccur::lvl-87.txt,notch,notch::lvl-39.txt,RIGHT,loss,0.0,True,False,False,1,1,0.709,0,0,0,3,8.0,8.0,75.07477753694793,0.0,7,1,1,0,0,1,0,0,0,0
v_9f1daec2-8ff9-4542-9fc0-0576a8480d07,btl_14ff83cb-5b09-4fba-b687-23a7a4a64221,012ba9ef-4f5a-4e4c-a682-adbd9d843355,anon_64941084-f829-4939-8305-bb3433681a53,2026-01-25T21:34:34.979594+00:00,2026-01-25 21:34:34.979594+00:00,right,notch,notch::lvl-39.txt,patternOccur,patternOccur::lvl-87.txt,RIGHT,win,1.0,True,False,False,1,1,8.805,7,0,1,34,753.0,8.0,31.53105790259419,229.07386314262592,16,1,0,0,0,0,0,0,0,0
v_0f46610c-ad42-47c4-80fa-2c907d23f02a,btl_916d71c5-1944-441d-9f8f-4ff10c1939fc,b3860798-6f2f-4f51-b1dc-c818f3c95e49,anon_64941084-f829-4939-8305-bb3433681a53,2026-01-25T21:32:56.366467+00:00,2026-01-25 21:32:56.366467+00:00,left,patternOccur,patternOccur::lvl-75.txt,marioDiffusion,marioDiffusion::level_83.txt,LEFT,win,1.0,True,False,False,1,1,26.54,5,1,0,60,169.0,8.0,35.34796866708028,64.73329900445364,15,1,0,0,0,0,0,0,0,0
v_0f46610c-ad42-47c4-80fa-2c907d23f02a,btl_916d71c5-1944-441d-9f8f-4ff10c1939fc,b3860798-6f2f-4f51-b1dc-c818f3c95e49,anon_64941084-f829-4939-8305-bb3433681a53,2026-01-25T21:32:56.366467+00:00,2026-01-25 21:32:56.366467+00:00,right,marioDiffusion,marioDiffusion::level_83.txt,patternOccur,patternOccur::lvl-75.txt,LEFT,loss,0.0,True,False,False,1,1,11.975,14,0,0,46,1388.0,8.0,48.460144792089935,428.5811873157558,29,1,1,0,0,0,0,0,1,0
v_76d1fa6b-18bc-4b06-9fdb-938326c8d798,btl_82171770-1839-45f2-83ea-a00cf259c135,b3860798-6f2f-4f51-b1dc-c818f3c95e49,anon_64941084-f829-4939-8305-bb3433681a53,2026-01-25T21:32:06.545484+00:00,2026-01-25 21:32:06.545484+00:00,left,patternCount,patternCount::lvl-18.txt,marioDiffusion,marioDiffusion::level_93.txt,LEFT,win,1.0,True,False,False,1,1,15.712,12,0,0,60,676.0,8.0,35.650557109563124,212.9462895244297,43,1,1,1,0,0,0,0,0,0
v_76d1fa6b-18bc-4b06-9fdb-938326c8d798,btl_82171770-1839-45f2-83ea-a00cf259c135,b3860798-6f2f-4f51-b1dc-c818f3c95e49,anon_64941084-f829-4939-8305-bb3433681a53,2026-01-25T21:32:06.545484+00:00,2026-01-25 21:32:06.545484+00:00,right,marioDiffusion,marioDiffusion::level_93.txt,patternCount,patternCount::lvl-18.txt,LEFT,loss,0.0,True,False,False,1,1,5.136,2,0,0,20,486.0,8.0,21.036337609004093,145.99735442808543,4,1,1,0,0,0,0,0,1,0
v_ea3434c5-b387-41a6-8801-f189184c12b5,btl_6aaeefaa-294e-46b1-91fa-3ea79d1076e9,b3860798-6f2f-4f51-b1dc-c818f3c95e49,anon_64941084-f829-4939-8305-bb3433681a53,2026-01-25T21:31:32.816441+00:00,2026-01-25 21:31:32.816441+00:00,left,hopper,hopper::lvl-32.txt,genetic,genetic::lvl-32.txt,LEFT,win,1.0,True,False,False,1,1,34.58,8,0,12,49,745.0,8.0,32.823585348070075,269.898376605518,34,1,0,0,0,0,0,0,0,0
v_ea3434c5-b387-41a6-8801-f189184c12b5,btl_6aaeefaa-294e-46b1-91fa-3ea79d1076e9,b3860798-6f2f-4f51-b1dc-c818f3c95e49,anon_64941084-f829-4939-8305-bb3433681a53,2026-01-25T21:31:32.816441+00:00,2026-01-25 21:31:32.816441+00:00,right,genetic,genetic::lvl-32.txt,hopper,hopper::lvl-32.txt,LEFT,loss,0.0,True,False,False,1,1,30.142,22,7,1,110,980.0,0.0,38.93978080222871,176.50312782563202,61,1,0,0,0,0,0,0,0,0
v_86d0ae8e-be40-46d8-a3fa-4442ba0d846c,btl_8ad70b04-94d3-4bd6-87a3-063a00a060bc,b3860798-6f2f-4f51-b1dc-c818f3c95e49,anon_64941084-f829-4939-8305-bb3433681a53,2026-01-25T21:30:12.809304+00:00,2026-01-25 21:30:12.809304+00:00,left,notchParamRand,notchParamRand::lvl-85.txt,mariogpt,mariogpt::level_025.txt,TIE,tie,0.5,True,False,True,0,0,28.536,28,11,0,107,3117.0,8.0,15.346961149539043,900.1582811293158,78,0,1,0,1,0,0,0,0,0
v_86d0ae8e-be40-46d8-a3fa-4442ba0d846c,btl_8ad70b04-94d3-4bd6-87a3-063a00a060bc,b3860798-6f2f-4f51-b1dc-c818f3c95e49,anon_64941084-f829-4939-8305-bb3433681a53,2026-01-25T21:30:12.809304+00:00,2026-01-25 21:30:12.809304+00:00,right,mariogpt,mariogpt::level_025.txt,notchParamRand,notchParamRand::lvl-85.txt,TIE,tie,0.5,True,False,False,1,1,8.539,5,11,0,33,199.0,3.0,20.180635145961055,49.510997192292606,21,1,1,0,0,0,0,0,1,0
v_e5fc7bd1-0e52-45c0-bc8e-01a786c67ebf,btl_1735c306-6a32-47d9-a7aa-273d5b49ae0a,b3860798-6f2f-4f51-b1dc-c818f3c95e49,anon_64941084-f829-4939-8305-bb3433681a53,2026-01-25T21:29:25.300504+00:00,2026-01-25 21:29:25.300504+00:00,left,patternOccur,patternOccur::lvl-47.txt,notchParamRand,notchParamRand::lvl-31.txt,LEFT,win,1.0,True,False,False,1,1,54.383,36,1,0,203,1154.0,8.0,38.660802783540284,368.5396399094287,89,1,0,0,0,0,0,0,0,0
v_e5fc7bd1-0e52-45c0-bc8e-01a786c67ebf,btl_1735c306-6a32-47d9-a7aa-273d5b49ae0a,b3860798-6f2f-4f51-b1dc-c818f3c95e49,anon_64941084-f829-4939-8305-bb3433681a53,2026-01-25T21:29:25.300504+00:00,2026-01-25 21:29:25.300504+00:00,right,notchParamRand,notchParamRand::lvl-31.txt,patternOccur,patternOccur::lvl-47.txt,LEFT,loss,0.0,True,False,True,0,0,64.237,57,11,10,236,3095.0,8.0,28.251578372748764,693.7955654293643,149,0,1,0,0,0,1,0,0,0
v_a383ab0d-e234-46cf-9b04-08c76962e0ba,btl_a6cbf6dd-a17e-4487-9eab-567b9ae8346f,b3860798-6f2f-4f51-b1dc-c818f3c95e49,anon_64941084-f829-4939-8305-bb3433681a53,2026-01-25T21:27:06.420405+00:00,2026-01-25 21:27:06.420405+00:00,left,mariogpt,mariogpt::level_096.txt,patternWeightCount,patternWeightCount::lvl-78.txt,RIGHT,loss,0.0,False,True,False,0,0,0.0,0,0,0,0,,,,,0,0,1,0,0,0,0,0,1,0
v_a383ab0d-e234-46cf-9b04-08c76962e0ba,btl_a6cbf6dd-a17e-4487-9eab-567b9ae8346f,b3860798-6f2f-4f51-b1dc-c818f3c95e49,anon_64941084-f829-4939-8305-bb3433681a53,2026-01-25T21:27:06.420405+00:00,2026-01-25 21:27:06.420405+00:00,right,patternWeightCount,patternWeightCount::lvl-78.txt,mariogpt,mariogpt::level_096.txt,RIGHT,win,1.0,True,False,False,1,1,17.676,10,2,0,67,379.0,0.0,37.22476030989595,120.62970223481803,30,1,0,0,0,0,0,0,0,0
v_44cfe105-28c9-4011-b197-be6cbbab5085,btl_1dd32b33-f6b8-43c5-a4ea-64db5f4ef07f,b3860798-6f2f-4f51-b1dc-c818f3c95e49,anon_64941084-f829-4939-8305-bb3433681a53,2026-01-25T21:26:27.852902+00:00,2026-01-25 21:26:27.852902+00:00,left,notchParam,notchParam::lvl-44.txt,marioDiffusion,marioDiffusion::level_38.txt,RIGHT,loss,0.0,True,False,False,1,1,7.282,3,0,1,28,488.0,8.0,17.861249527787173,176.9913342453782,7,1,0,0,0,0,0,0,0,0
v_44cfe105-28c9-4011-b197-be6cbbab5085,btl_1dd32b33-f6b8-43c5-a4ea-64db5f4ef07f,b3860798-6f2f-4f51-b1dc-c818f3c95e49,anon_64941084-f829-4939-8305-bb3433681a53,2026-01-25T21:26:27.852902+00:00,2026-01-25 21:26:27.852902+00:00,right,marioDiffusion,marioDiffusion::level_38.txt,notchParam,notchParam::lvl-44.txt,RIGHT,win,1.0,True,False,False,1,1,30.508,20,0,0,115,1755.0,0.0,46.86191435497736,492.37685752873045,41,1,0,0,0,0,0,0,0,0
v_b2d9b967-25a6-4288-96bd-01a729777929,btl_be33622e-8c51-460f-a428-e3b0c3f2bcff,b3860798-6f2f-4f51-b1dc-c818f3c95e49,anon_64941084-f829-4939-8305-bb3433681a53,2026-01-25T21:25:35.245377+00:00,2026-01-25 21:25:35.245377+00:00,left,ore,ore::lvl-23.txt,notchParam,notchParam::lvl-33.txt,LEFT,win,1.0,True,False,False,1,1,54.803,41,3,2,206,2569.0,8.0,42.4883010518207,746.161153226952,98,1,1,1,0,0,0,0,0,0
v_b2d9b967-25a6-4288-96bd-01a729777929,btl_be33622e-8c51-460f-a428-e3b0c3f2bcff,b3860798-6f2f-4f51-b1dc-c818f3c95e49,anon_64941084-f829-4939-8305-bb3433681a53,2026-01-25T21:25:35.245377+00:00,2026-01-25 21:25:35.245377+00:00,right,notchParam,notchParam::lvl-33.txt,ore,ore::lvl-23.txt,LEFT,loss,0.0,True,False,True,0,0,27.571,9,0,3,104,3109.0,8.0,23.3469914150859,897.3626610627804,21,0,2,0,1,0,1,0,0,0
v_4c847de3-5b27-449d-87d2-77f4fee9b1ef,btl_7766d1b1-2aeb-4d6b-a45a-7dbe65ed4144,b3860798-6f2f-4f51-b1dc-c818f3c95e49,anon_64941084-f829-4939-8305-bb3433681a53,2026-01-25T21:23:57.238687+00:00,2026-01-25 21:23:57.238687+00:00,left,notchParam,notchParam::lvl-87.txt,ore,ore::lvl-8.txt,SKIP,skip,,True,False,False,1,1,26.476,10,0,2,99,2011.0,8.0,23.612916800180866,537.7439216323372,25,1,1,0,1,0,0,0,0,0
v_4c847de3-5b27-449d-87d2-77f4fee9b1ef,btl_7766d1b1-2aeb-4d6b-a45a-7dbe65ed4144,b3860798-6f2f-4f51-b1dc-c818f3c95e49,anon_64941084-f829-4939-8305-bb3433681a53,2026-01-25T21:23:57.238687+00:00,2026-01-25 21:23:57.238687+00:00,right,ore,ore::lvl-8.txt,notchParam,notchParam::lvl-87.txt,SKIP,skip,,True,False,False,1,1,2.749,3,0,0,11,28.0,0.0,0.0,12.056341563709385,8,1,0,0,0,0,0,0,0,0
v_a457a779-c4d7-4cdd-8183-37826f6e65f9,btl_00d0bc5b-1940-4563-9c90-e63710b0a68a,1a8711b7-33e9-4fa2-a4d5-abb19e0a2592,anon_2a765e61-6b3f-4252-b1c5-6d98636be2a3,2026-01-25T21:02:50.838203+00:00,2026-01-25 21:02:50.838203+00:00,left,patternCount,patternCount::lvl-42.txt,patternOccur,patternOccur::lvl-46.txt,TIE,tie,0.5,True,False,False,1,1,26.507,25,3,0,99,896.0,8.0,33.8935025235659,251.08961811852242,70,1,1,0,0,0,0,0,0,1
v_a457a779-c4d7-4cdd-8183-37826f6e65f9,btl_00d0bc5b-1940-4563-9c90-e63710b0a68a,1a8711b7-33e9-4fa2-a4d5-abb19e0a2592,anon_2a765e61-6b3f-4252-b1c5-6d98636be2a3,2026-01-25T21:02:50.838203+00:00,2026-01-25 21:02:50.838203+00:00,right,patternOccur,patternOccur::lvl-46.txt,patternCount,patternCount::lvl-42.txt,TIE,tie,0.5,True,False,False,1,1,5.318,6,2,0,21,228.0,8.0,45.335784247472034,74.23358977134365,17,1,1,0,0,0,0,0,0,1
v_443af14d-f2e1-4c39-a903-44793c85c35c,btl_33c9fd06-9ffd-4cda-9169-f7924da52fe5,1a8711b7-33e9-4fa2-a4d5-abb19e0a2592,anon_2a765e61-6b3f-4252-b1c5-6d98636be2a3,2026-01-25T21:02:10.521853+00:00,2026-01-25 21:02:10.521853+00:00,left,marioDiffusion,marioDiffusion::level_82.txt,patternCount,patternCount::lvl-16.txt,RIGHT,loss,0.0,True,False,False,1,1,2.669,2,0,0,11,42.0,8.0,25.424007655939224,9.967716483770314,6,1,1,0,1,0,0,0,0,0
v_443af14d-f2e1-4c39-a903-44793c85c35c,btl_33c9fd06-9ffd-4cda-9169-f7924da52fe5,1a8711b7-33e9-4fa2-a4d5-abb19e0a2592,anon_2a765e61-6b3f-4252-b1c5-6d98636be2a3,2026-01-25T21:02:10.521853+00:00,2026-01-25 21:02:10.521853+00:00,right,patternCount,patternCount::lvl-16.txt,marioDiffusion,marioDiffusion::level_82.txt,RIGHT,win,1.0,True,False,False,1,1,2.781,2,0,0,11,165.0,8.0,30.660228094012272,50.877750093193534,11,1,2,1,0,0,0,1,0,0
v_8ac9a887-1588-487c-aaed-09f1de4c7356,btl_5b4f0e7d-38a2-4e6d-b131-5f27ac832d05,1a8711b7-33e9-4fa2-a4d5-abb19e0a2592,anon_2a765e61-6b3f-4252-b1c5-6d98636be2a3,2026-01-25T21:01:51.235337+00:00,2026-01-25 21:01:51.235337+00:00,left,original,original::lvl-2.txt,notchParamRand,notchParamRand::lvl-71.txt,LEFT,win,1.0,True,False,False,1,1,36.173,33,6,3,134,936.0,56.0,26.30045247521381,237.54418285020188,87,1,1,1,0,0,0,0,0,0
v_8ac9a887-1588-487c-aaed-09f1de4c7356,btl_5b4f0e7d-38a2-4e6d-b131-5f27ac832d05,1a8711b7-33e9-4fa2-a4d5-abb19e0a2592,anon_2a765e61-6b3f-4252-b1c5-6d98636be2a3,2026-01-25T21:01:51.235337+00:00,2026-01-25 21:01:51.235337+00:00,right,notchParamRand,notchParamRand::lvl-71.txt,original,original::lvl-2.txt,LEFT,loss,0.0,True,False,False,1,1,2.98,2,0,0,12,514.0,8.0,22.932873057396595,174.92067646666462,5,1,1,0,1,0,0,0,0,0
v_fc4cb54e-7edb-4368-93aa-e24fbea7a297,btl_99915c34-0574-4f61-ac7c-4536397aa000,1a8711b7-33e9-4fa2-a4d5-abb19e0a2592,anon_2a765e61-6b3f-4252-b1c5-6d98636be2a3,2026-01-25T21:00:58.433604+00:00,2026-01-25 21:00:58.433604+00:00,left,notchParamRand,notchParamRand::lvl-47.txt,mariogan,mariogan::level_45.txt,TIE,tie,0.5,True,False,False,1,1,6.643,7,1,1,26,546.0,8.0,22.680603239632084,191.33404677584514,19,1,2,0,1,0,1,0,0,0
v_fc4cb54e-7edb-4368-93aa-e24fbea7a297,btl_99915c34-0574-4f61-ac7c-4536397aa000,1a8711b7-33e9-4fa2-a4d5-abb19e0a2592,anon_2a765e61-6b3f-4252-b1c5-6d98636be2a3,2026-01-25T21:00:58.433604+00:00,2026-01-25 21:00:58.433604+00:00,right,mariogan,mariogan::level_45.txt,notchParamRand,notchParamRand::lvl-47.txt,TIE,tie,0.5,True,False,False,1,1,25.28,27,0,3,95,2234.0,8.0,32.88872534543784,683.4418075197975,59,1,2,1,0,0,0,0,0,1
v_6da51035-dcc6-478d-8d58-1ea15ed1602a,btl_52dc6a37-0194-4228-9881-d0e70b0e84ab,f0c2aa4e-b3f6-4b5f-8871-a8e02115141c,anon_83d581ca-5994-4c8f-a3df-9fa65c8fb089,2026-01-25T20:05:09.507720+00:00,2026-01-25 20:05:09.507720+00:00,left,notchParam,notchParam::lvl-53.txt,hopper,hopper::lvl-56.txt,SKIP,skip,,True,False,False,1,1,33.009,22,7,2,124,1162.0,8.0,23.576081538449014,262.88558124047336,54,1,0,0,0,0,0,0,0,0
v_6da51035-dcc6-478d-8d58-1ea15ed1602a,btl_52dc6a37-0194-4228-9881-d0e70b0e84ab,f0c2aa4e-b3f6-4b5f-8871-a8e02115141c,anon_83d581ca-5994-4c8f-a3df-9fa65c8fb089,2026-01-25T20:05:09.507720+00:00,2026-01-25 20:05:09.507720+00:00,right,hopper,hopper::lvl-56.txt,notchParam,notchParam::lvl-53.txt,SKIP,skip,,True,False,False,1,1,9.309,6,0,4,36,623.0,8.0,23.388476507317304,222.83557542017277,22,1,0,0,0,0,0,0,0,0
v_77a213fa-911c-4963-b798-1261725c67db,btl_433dfc11-6a9c-4bab-9f64-0658805e4b42,75c46a44-2eac-44ce-91e6-b0b3377ab865,anon_da3fe352-7fe7-4aa3-ab89-c9563b352180,2026-01-25T19:57:29.656865+00:00,2026-01-25 19:57:29.656865+00:00,left,notchParam,notchParam::lvl-27.txt,patternWeightCount,patternWeightCount::lvl-13.txt,LEFT,win,1.0,True,False,False,1,1,20.27,10,0,1,77,2102.0,8.0,23.762351538712466,729.1007098939208,22,1,1,0,0,0,1,0,0,0
v_77a213fa-911c-4963-b798-1261725c67db,btl_433dfc11-6a9c-4bab-9f64-0658805e4b42,75c46a44-2eac-44ce-91e6-b0b3377ab865,anon_da3fe352-7fe7-4aa3-ab89-c9563b352180,2026-01-25T19:57:29.656865+00:00,2026-01-25 19:57:29.656865+00:00,right,patternWeightCount,patternWeightCount::lvl-13.txt,notchParam,notchParam::lvl-27.txt,LEFT,loss,0.0,True,False,False,1,1,0.708,0,0,0,3,8.0,8.0,75.07477753694793,0.0,4,1,1,0,0,0,0,0,0,1
v_120e8f0b-e4f9-4087-b406-5d6534fb86fd,btl_f9deb755-8e5a-4785-b0ab-edd437fc2dc7,bad48865-b7c8-4253-b50c-00c740571a8a,anon_3a3c76ab-a931-42cd-84c4-ce44907cf135,2026-01-25T19:11:06.318955+00:00,2026-01-25 19:11:06.318955+00:00,left,patternCount,patternCount::lvl-95.txt,patternWeightCount,patternWeightCount::lvl-24.txt,TIE,tie,0.5,True,False,False,1,1,13.34,13,0,0,51,627.0,8.0,48.46209234508625,193.51808378154374,40,1,0,0,0,0,0,0,0,0
v_120e8f0b-e4f9-4087-b406-5d6534fb86fd,btl_f9deb755-8e5a-4785-b0ab-edd437fc2dc7,bad48865-b7c8-4253-b50c-00c740571a8a,anon_3a3c76ab-a931-42cd-84c4-ce44907cf135,2026-01-25T19:11:06.318955+00:00,2026-01-25 19:11:06.318955+00:00,right,patternWeightCount,patternWeightCount::lvl-24.txt,patternCount,patternCount::lvl-95.txt,TIE,tie,0.5,True,False,False,1,1,17.172,9,0,0,65,430.0,7.0,28.70956379422087,140.39195344362147,26,1,0,0,0,0,0,0,0,0
v_a22014ba-9f52-4b86-80ff-4100d30b9fea,btl_719f56ac-fbbb-44dd-8518-9c10a7b68a6c,bad48865-b7c8-4253-b50c-00c740571a8a,anon_3a3c76ab-a931-42cd-84c4-ce44907cf135,2026-01-25T19:10:27.511401+00:00,2026-01-25 19:10:27.511401+00:00,left,notchParamRand,notchParamRand::lvl-91.txt,notch,notch::lvl-62.txt,TIE,tie,0.5,True,False,True,0,0,20.438,15,0,0,77,3085.0,8.0,35.93775657692182,915.4996086725039,31,0,0,0,0,0,0,0,0,0
v_a22014ba-9f52-4b86-80ff-4100d30b9fea,btl_719f56ac-fbbb-44dd-8518-9c10a7b68a6c,bad48865-b7c8-4253-b50c-00c740571a8a,anon_3a3c76ab-a931-42cd-84c4-ce44907cf135,2026-01-25T19:10:27.511401+00:00,2026-01-25 19:10:27.511401+00:00,right,notch,notch::lvl-62.txt,notchParamRand,notchParamRand::lvl-91.txt,TIE,tie,0.5,True,False,False,1,1,2.609,1,0,0,10,258.0,8.0,19.403350226185168,88.72209420431868,3,1,0,0,0,0,0,0,0,0
v_c1f2e564-1957-4f37-b392-d14005044cae,btl_6dab1852-1b07-4bc2-81b2-035c2f150b27,bad48865-b7c8-4253-b50c-00c740571a8a,anon_3a3c76ab-a931-42cd-84c4-ce44907cf135,2026-01-25T19:09:54.020940+00:00,2026-01-25 19:09:54.020940+00:00,left,notchParamRand,notchParamRand::lvl-65.txt,marioDiffusion,marioDiffusion::level_45.txt,LEFT,win,1.0,True,False,False,1,1,2.773,1,0,0,11,302.0,8.0,18.879784982666923,103.37790738613927,3,1,0,0,0,0,0,0,0,0
v_c1f2e564-1957-4f37-b392-d14005044cae,btl_6dab1852-1b07-4bc2-81b2-035c2f150b27,bad48865-b7c8-4253-b50c-00c740571a8a,anon_3a3c76ab-a931-42cd-84c4-ce44907cf135,2026-01-25T19:09:54.020940+00:00,2026-01-25 19:09:54.020940+00:00,right,marioDiffusion,marioDiffusion::level_45.txt,notchParamRand,notchParamRand::lvl-65.txt,LEFT,loss,0.0,True,False,False,1,1,2.072,1,0,0,8,147.0,8.0,19.313207915827967,50.32395056034453,2,1,0,0,0,0,0,0,0,0
v_8b295fa6-e151-480b-bc13-a6cdd6c1b098,btl_923cb4ae-20cb-44c6-a184-a1a058b740e6,bad48865-b7c8-4253-b50c-00c740571a8a,anon_3a3c76ab-a931-42cd-84c4-ce44907cf135,2026-01-25T19:09:47.153129+00:00,2026-01-25 19:09:47.153129+00:00,left,mariogan,mariogan::level_76.txt,marioDiffusion,marioDiffusion::level_31.txt,LEFT,win,1.0,True,False,False,1,1,13.373,11,0,1,51,1759.0,8.0,40.84709534349742,562.8436642517282,25,1,0,0,0,0,0,0,0,0
v_8b295fa6-e151-480b-bc13-a6cdd6c1b098,btl_923cb4ae-20cb-44c6-a184-a1a058b740e6,bad48865-b7c8-4253-b50c-00c740571a8a,anon_3a3c76ab-a931-42cd-84c4-ce44907cf135,2026-01-25T19:09:47.153129+00:00,2026-01-25 19:09:47.153129+00:00,right,marioDiffusion,marioDiffusion::level_31.txt,mariogan,mariogan::level_76.txt,LEFT,loss,0.0,True,False,False,1,1,5.906,5,0,1,23,379.0,8.0,27.584823640438632,106.88387423221741,11,1,0,0,0,0,0,0,0,0
v_cd3b4eeb-8d76-404b-88b3-f342977705b2,btl_9fd1c3d5-0da0-42d2-84d7-167cb181075c,bad48865-b7c8-4253-b50c-00c740571a8a,anon_3a3c76ab-a931-42cd-84c4-ce44907cf135,2026-01-25T19:09:23.674794+00:00,2026-01-25 19:09:23.674794+00:00,left,notch,notch::lvl-50.txt,patternWeightCount,patternWeightCount::lvl-90.txt,LEFT,win,1.0,True,False,False,1,1,4.011,3,0,0,16,354.0,8.0,28.75264933445264,108.76609076361989,8,1,0,0,0,0,0,0,0,0
v_cd3b4eeb-8d76-404b-88b3-f342977705b2,btl_9fd1c3d5-0da0-42d2-84d7-167cb181075c,bad48865-b7c8-4253-b50c-00c740571a8a,anon_3a3c76ab-a931-42cd-84c4-ce44907cf135,2026-01-25T19:09:23.674794+00:00,2026-01-25 19:09:23.674794+00:00,right,patternWeightCount,patternWeightCount::lvl-90.txt,notch,notch::lvl-50.txt,LEFT,loss,0.0,True,False,False,1,1,1.406,0,0,0,6,57.0,8.0,34.45286635390443,18.092355660149213,3,1,0,0,0,0,0,0,0,0
v_85ca6e9e-15fc-4b97-9363-d788c13b8751,btl_1a5da6e5-cb0b-4963-91ff-f22c4f35374f,bad48865-b7c8-4253-b50c-00c740571a8a,anon_3a3c76ab-a931-42cd-84c4-ce44907cf135,2026-01-25T19:09:13.635791+00:00,2026-01-25 19:09:13.635791+00:00,left,patternWeightCount,patternWeightCount::lvl-100.txt,marioDiffusion,marioDiffusion::level_43.txt,LEFT,win,1.0,True,False,False,1,1,18.803,17,1,0,71,696.0,8.0,43.84967829811124,201.50236065351368,45,1,0,0,0,0,0,0,0,0
v_85ca6e9e-15fc-4b97-9363-d788c13b8751,btl_1a5da6e5-cb0b-4963-91ff-f22c4f35374f,bad48865-b7c8-4253-b50c-00c740571a8a,anon_3a3c76ab-a931-42cd-84c4-ce44907cf135,2026-01-25T19:09:13.635791+00:00,2026-01-25 19:09:13.635791+00:00,right,marioDiffusion,marioDiffusion::level_43.txt,patternWeightCount,patternWeightCount::lvl-100.txt,LEFT,loss,0.0,True,False,False,1,1,0.574,0,0,0,3,8.0,8.0,0.0,0.0,2,1,0,0,0,0,0,0,0,0
v_e7c15df5-6e99-4db5-842f-e4a2f6f1c1b5,btl_d0945b61-97e1-47bf-9104-8955b7643f90,bad48865-b7c8-4253-b50c-00c740571a8a,anon_3a3c76ab-a931-42cd-84c4-ce44907cf135,2026-01-25T19:08:41.148504+00:00,2026-01-25 19:08:41.148504+00:00,left,patternWeightCount,patternWeightCount::lvl-98.txt,genetic,genetic::lvl-55.txt,RIGHT,loss,0.0,True,False,False,1,1,7.575,7,0,0,29,719.0,8.0,33.065351641732754,246.0545698974513,23,1,0,0,0,0,0,0,0,0
v_e7c15df5-6e99-4db5-842f-e4a2f6f1c1b5,btl_d0945b61-97e1-47bf-9104-8955b7643f90,bad48865-b7c8-4253-b50c-00c740571a8a,anon_3a3c76ab-a931-42cd-84c4-ce44907cf135,2026-01-25T19:08:41.148504+00:00,2026-01-25 19:08:41.148504+00:00,right,genetic,genetic::lvl-55.txt,patternWeightCount,patternWeightCount::lvl-98.txt,RIGHT,win,1.0,True,False,False,1,1,14.507,14,0,0,55,1729.0,8.0,40.397062326710085,531.986699019707,29,1,0,0,0,0,0,0,0,0
v_07931830-2671-40a4-a9b4-c7c63dab9126,btl_9497c81c-4261-41ce-8647-c574f6c2fa64,bad48865-b7c8-4253-b50c-00c740571a8a,anon_3a3c76ab-a931-42cd-84c4-ce44907cf135,2026-01-25T19:08:06.746317+00:00,2026-01-25 19:08:06.746317+00:00,left,notch,notch::lvl-7.txt,mariogpt,mariogpt::level_064.txt,RIGHT,loss,0.0,True,False,False,1,1,17.938,18,0,0,68,2312.0,8.0,41.94099857647282,724.1358223635286,37,1,0,0,0,0,0,0,0,0
v_07931830-2671-40a4-a9b4-c7c63dab9126,btl_9497c81c-4261-41ce-8647-c574f6c2fa64,bad48865-b7c8-4253-b50c-00c740571a8a,anon_3a3c76ab-a931-42cd-84c4-ce44907cf135,2026-01-25T19:08:06.746317+00:00,2026-01-25 19:08:06.746317+00:00,right,mariogpt,mariogpt::level_064.txt,notch,notch::lvl-7.txt,RIGHT,win,1.0,True,False,True,0,0,21.837,18,0,3,83,2381.0,0.0,48.519862880245654,769.6400089385804,39,0,0,0,0,0,0,0,0,0
v_7a322780-2a82-427a-b742-ea23b65a5b87,btl_db12d6cd-fcb3-4916-a279-b5e92771a7b7,bad48865-b7c8-4253-b50c-00c740571a8a,anon_3a3c76ab-a931-42cd-84c4-ce44907cf135,2026-01-25T19:07:18.615329+00:00,2026-01-25 19:07:18.615329+00:00,left,patternWeightCount,patternWeightCount::lvl-96.txt,notchParam,notchParam::lvl-2.txt,LEFT,win,1.0,True,False,False,1,1,3.203,2,0,0,13,136.0,8.0,34.15159382732738,41.813618573675875,6,1,0,0,0,0,0,0,0,0
v_7a322780-2a82-427a-b742-ea23b65a5b87,btl_db12d6cd-fcb3-4916-a279-b5e92771a7b7,bad48865-b7c8-4253-b50c-00c740571a8a,anon_3a3c76ab-a931-42cd-84c4-ce44907cf135,2026-01-25T19:07:18.615329+00:00,2026-01-25 19:07:18.615329+00:00,right,notchParam,notchParam::lvl-2.txt,patternWeightCount,patternWeightCount::lvl-96.txt,LEFT,loss,0.0,True,False,False,1,1,12.506,8,0,1,48,1202.0,8.0,37.10438891941671,400.30316419420035,17,1,0,0,0,0,0,0,0,0
v_5a3d721b-ae90-4d79-974d-6d3e1e16f76a,btl_677af128-accc-4769-9689-7f4827141192,bad48865-b7c8-4253-b50c-00c740571a8a,anon_3a3c76ab-a931-42cd-84c4-ce44907cf135,2026-01-25T19:06:48.427444+00:00,2026-01-25 19:06:48.427444+00:00,left,marioDiffusion,marioDiffusion::level_79.txt,hopper,hopper::lvl-67.txt,RIGHT,loss,0.0,True,False,False,1,1,10.072,5,0,0,38,74.0,0.0,20.409790709037257,11.586719879341473,10,1,0,0,0,0,0,0,0,0
v_5a3d721b-ae90-4d79-974d-6d3e1e16f76a,btl_677af128-accc-4769-9689-7f4827141192,bad48865-b7c8-4253-b50c-00c740571a8a,anon_3a3c76ab-a931-42cd-84c4-ce44907cf135,2026-01-25T19:06:48.427444+00:00,2026-01-25 19:06:48.427444+00:00,right,hopper,hopper::lvl-67.txt,marioDiffusion,marioDiffusion::level_79.txt,RIGHT,win,1.0,True,False,False,1,1,3.846,2,0,0,15,422.0,8.0,19.50270636490114,143.8229467087919,4,1,0,0,0,0,0,0,0,0
v_52f722e8-727a-487d-ac47-ae62a36c2416,btl_89750056-4391-4001-a429-0527c7b71d32,438e7409-2a4d-44cc-9825-7e59a74727b4,anon_24ee907a-2260-4563-bd6f-7059cfae587b,2026-01-25T18:34:46.234453+00:00,2026-01-25 18:34:46.234453+00:00,left,notchParamRand,notchParamRand::lvl-99.txt,original,original::lvl-4.txt,SKIP,skip,,True,False,False,1,1,2.642,1,0,0,11,182.0,8.0,24.679097455937676,59.411438362191355,2,1,0,0,0,0,0,0,0,0
v_52f722e8-727a-487d-ac47-ae62a36c2416,btl_89750056-4391-4001-a429-0527c7b71d32,438e7409-2a4d-44cc-9825-7e59a74727b4,anon_24ee907a-2260-4563-bd6f-7059cfae587b,2026-01-25T18:34:46.234453+00:00,2026-01-25 18:34:46.234453+00:00,right,original,original::lvl-4.txt,notchParamRand,notchParamRand::lvl-99.txt,SKIP,skip,,True,False,False,1,1,8.005,6,1,4,31,618.0,8.0,31.30884054636902,182.28909242025594,19,1,0,0,0,0,0,0,0,0
v_837bda69-a323-41a6-9603-7e00273415ee,btl_c3589336-72a3-4d17-8965-37e1a77e9d95,438e7409-2a4d-44cc-9825-7e59a74727b4,anon_24ee907a-2260-4563-bd6f-7059cfae587b,2026-01-25T18:34:28.571390+00:00,2026-01-25 18:34:28.571390+00:00,left,notch,notch::lvl-55.txt,patternCount,patternCount::lvl-90.txt,SKIP,skip,,True,False,False,1,1,17.78,13,0,0,67,1307.0,8.0,27.945536248441627,398.3298704291421,26,1,0,0,0,0,0,0,0,0
v_837bda69-a323-41a6-9603-7e00273415ee,btl_c3589336-72a3-4d17-8965-37e1a77e9d95,438e7409-2a4d-44cc-9825-7e59a74727b4,anon_24ee907a-2260-4563-bd6f-7059cfae587b,2026-01-25T18:34:28.571390+00:00,2026-01-25 18:34:28.571390+00:00,right,patternCount,patternCount::lvl-90.txt,notch,notch::lvl-55.txt,SKIP,skip,,True,False,False,1,1,1.678,0,0,0,7,40.0,8.0,12.947302926139656,11.0416650622512,7,1,0,0,0,0,0,0,0,0
v_74544ed1-4f64-4c0b-99ad-198a8f91b1a9,btl_5a00eb14-8d39-417d-97b5-10ca86263c77,e4d8faf5-e569-4c66-b86e-6fbee65c5b8b,anon_83e5cc3f-ca0d-4351-93da-aa409d4cc716,2026-01-25T17:59:30.157351+00:00,2026-01-25 17:59:30.157351+00:00,left,patternCount,patternCount::lvl-87.txt,patternOccur,patternOccur::lvl-25.txt,SKIP,skip,,False,True,False,0,0,0.0,0,0,0,0,,,,,0,0,0,0,0,0,0,0,0,0
v_74544ed1-4f64-4c0b-99ad-198a8f91b1a9,btl_5a00eb14-8d39-417d-97b5-10ca86263c77,e4d8faf5-e569-4c66-b86e-6fbee65c5b8b,anon_83e5cc3f-ca0d-4351-93da-aa409d4cc716,2026-01-25T17:59:30.157351+00:00,2026-01-25 17:59:30.157351+00:00,right,patternOccur,patternOccur::lvl-25.txt,patternCount,patternCount::lvl-87.txt,SKIP,skip,,False,True,False,0,0,0.0,0,0,0,0,,,,,0,0,0,0,0,0,0,0,0,0
v_a97f6fe2-d358-4e59-8e59-d947585d6270,btl_b93fc70a-3a21-4ff7-9582-c07956d5cc18,e27497d5-c1a9-4134-9f46-e31cada84557,anon_97ba4ed4-4810-43a5-b35c-3c565f6e3b3f,2026-01-25T16:43:49.382361+00:00,2026-01-25 16:43:49.382361+00:00,left,notch,notch::lvl-76.txt,hopper,hopper::lvl-68.txt,RIGHT,loss,0.0,True,False,False,1,1,12.141,10,0,0,46,1063.0,8.0,32.97656268018816,347.43316461621265,22,1,0,0,0,0,0,0,0,0
v_a97f6fe2-d358-4e59-8e59-d947585d6270,btl_b93fc70a-3a21-4ff7-9582-c07956d5cc18,e27497d5-c1a9-4134-9f46-e31cada84557,anon_97ba4ed4-4810-43a5-b35c-3c565f6e3b3f,2026-01-25T16:43:49.382361+00:00,2026-01-25 16:43:49.382361+00:00,right,hopper,hopper::lvl-68.txt,notch,notch::lvl-76.txt,RIGHT,win,1.0,True,False,False,1,1,10.129,6,0,0,39,947.0,0.0,54.492277287920984,276.16744722833056,23,1,0,0,0,0,0,0,0,0
v_88d04fa6-a5c9-4ed5-810a-0bb6c1492f2f,btl_4a8196fe-2d95-4082-8b90-297ef595f969,c6d4ca90-d28b-4e16-8505-466b4dd1b0ed,anon_c1081429-74e2-44e0-a8e7-00f4bc8d73dd,2026-01-25T16:43:34.104418+00:00,2026-01-25 16:43:34.104418+00:00,left,hopper,hopper::lvl-11.txt,patternWeightCount,patternWeightCount::lvl-83.txt,LEFT,win,1.0,True,False,True,0,0,57.341,32,3,7,213,3117.0,8.0,31.02269548523127,865.88194861835,98,0,0,0,0,0,0,0,0,0
v_88d04fa6-a5c9-4ed5-810a-0bb6c1492f2f,btl_4a8196fe-2d95-4082-8b90-297ef595f969,c6d4ca90-d28b-4e16-8505-466b4dd1b0ed,anon_c1081429-74e2-44e0-a8e7-00f4bc8d73dd,2026-01-25T16:43:34.104418+00:00,2026-01-25 16:43:34.104418+00:00,right,patternWeightCount,patternWeightCount::lvl-83.txt,hopper,hopper::lvl-11.txt,LEFT,loss,0.0,True,False,False,1,1,19.083,12,0,0,72,664.0,8.0,39.49498913364412,225.2432597030745,33,1,1,0,0,0,0,0,1,0
v_5c74ee9a-2196-4259-98b1-74940c88628f,btl_d96c9b38-55f6-4fee-ba2d-015404081f90,e27497d5-c1a9-4134-9f46-e31cada84557,anon_97ba4ed4-4810-43a5-b35c-3c565f6e3b3f,2026-01-25T16:43:21.739259+00:00,2026-01-25 16:43:21.739259+00:00,left,patternOccur,patternOccur::lvl-54.txt,mariogan,mariogan::level_23.txt,LEFT,win,1.0,True,False,False,1,1,0.705,0,0,0,3,8.0,8.0,75.07477753694793,0.0,6,1,0,0,0,0,0,0,0,0
v_5c74ee9a-2196-4259-98b1-74940c88628f,btl_d96c9b38-55f6-4fee-ba2d-015404081f90,e27497d5-c1a9-4134-9f46-e31cada84557,anon_97ba4ed4-4810-43a5-b35c-3c565f6e3b3f,2026-01-25T16:43:21.739259+00:00,2026-01-25 16:43:21.739259+00:00,right,mariogan,mariogan::level_23.txt,patternOccur,patternOccur::lvl-54.txt,LEFT,loss,0.0,True,False,False,1,1,9.163,5,0,0,35,531.0,8.0,32.63647640044395,205.70123768143318,11,1,0,0,0,0,0,0,0,0
v_79925667-694b-421f-b9b8-4d0018559c8c,btl_1d4022ae-7d61-4a0e-af42-99af826a37cb,e27497d5-c1a9-4134-9f46-e31cada84557,anon_97ba4ed4-4810-43a5-b35c-3c565f6e3b3f,2026-01-25T16:43:04.500489+00:00,2026-01-25 16:43:04.500489+00:00,left,patternCount,patternCount::lvl-31.txt,notchParam,notchParam::lvl-24.txt,TIE,tie,0.5,True,False,False,1,1,10.648,4,0,0,39,196.0,8.0,31.751749085990898,58.15813080584448,15,1,1,0,0,0,0,0,0,1
v_79925667-694b-421f-b9b8-4d0018559c8c,btl_1d4022ae-7d61-4a0e-af42-99af826a37cb,e27497d5-c1a9-4134-9f46-e31cada84557,anon_97ba4ed4-4810-43a5-b35c-3c565f6e3b3f,2026-01-25T16:43:04.500489+00:00,2026-01-25 16:43:04.500489+00:00,right,notchParam,notchParam::lvl-24.txt,patternCount,patternCount::lvl-31.txt,TIE,tie,0.5,True,False,False,1,1,10.029,7,0,0,38,619.0,8.0,20.820513137601086,217.9788167298288,14,1,1,0,0,0,0,0,1,0
v_2cbe893e-9202-436d-a841-80d7d0ba4368,btl_59012c33-9822-4af6-b26c-0356ad34b79e,e27497d5-c1a9-4134-9f46-e31cada84557,anon_97ba4ed4-4810-43a5-b35c-3c565f6e3b3f,2026-01-25T16:42:24.197723+00:00,2026-01-25 16:42:24.197723+00:00,left,notch,notch::lvl-98.txt,marioDiffusion,marioDiffusion::level_66.txt,LEFT,win,1.0,True,False,False,1,1,11.542,8,0,0,44,822.0,8.0,33.07869248767574,243.73765173214585,17,1,0,0,0,0,0,0,0,0
v_2cbe893e-9202-436d-a841-80d7d0ba4368,btl_59012c33-9822-4af6-b26c-0356ad34b79e,e27497d5-c1a9-4134-9f46-e31cada84557,anon_97ba4ed4-4810-43a5-b35c-3c565f6e3b3f,2026-01-25T16:42:24.197723+00:00,2026-01-25 16:42:24.197723+00:00,right,marioDiffusion,marioDiffusion::level_66.txt,notch,notch::lvl-98.txt,LEFT,loss,0.0,True,False,False,1,1,12.592,13,0,0,48,837.0,8.0,59.18552736358405,307.685623174586,27,1,0,0,0,0,0,0,0,0
v_97a059bc-c0b6-49b2-b9fb-2ccbe8e52cd0,btl_f33d8dce-edbb-443a-bd16-f21dda1584d1,c6d4ca90-d28b-4e16-8505-466b4dd1b0ed,anon_c1081429-74e2-44e0-a8e7-00f4bc8d73dd,2026-01-25T16:41:59.993018+00:00,2026-01-25 16:41:59.993018+00:00,left,genetic,genetic::lvl-60.txt,notch,notch::lvl-25.txt,RIGHT,loss,0.0,True,False,False,1,1,17.87,8,0,1,68,528.0,8.0,33.69105771925563,128.64010242361087,17,1,2,0,0,1,0,0,0,1
v_97a059bc-c0b6-49b2-b9fb-2ccbe8e52cd0,btl_f33d8dce-edbb-443a-bd16-f21dda1584d1,c6d4ca90-d28b-4e16-8505-466b4dd1b0ed,anon_c1081429-74e2-44e0-a8e7-00f4bc8d73dd,2026-01-25T16:41:59.993018+00:00,2026-01-25 16:41:59.993018+00:00,right,notch,notch::lvl-25.txt,genetic,genetic::lvl-60.txt,RIGHT,win,1.0,True,False,False,1,1,26.848,12,0,0,101,1140.0,8.0,23.94656339112713,293.2605055998705,25,1,1,0,1,0,0,0,0,0
v_88c0f454-5c92-4810-81c3-f5521f037950,btl_36d00178-14e0-471b-8295-b2b618933c37,e4439e7e-63c1-452f-aa60-2319a60686c4,anon_1a445f28-14b0-47a9-85f7-4e751977f9f1,2026-01-25T16:14:42.653782+00:00,2026-01-25 16:14:42.653782+00:00,left,original,original::lvl-2.txt,notchParamRand,notchParamRand::lvl-57.txt,LEFT,win,1.0,True,False,True,0,0,41.146,36,5,4,153,2487.0,20.0,36.744736479319016,750.4906153864686,95,0,0,0,0,0,0,0,0,0
v_88c0f454-5c92-4810-81c3-f5521f037950,btl_36d00178-14e0-471b-8295-b2b618933c37,e4439e7e-63c1-452f-aa60-2319a60686c4,anon_1a445f28-14b0-47a9-85f7-4e751977f9f1,2026-01-25T16:14:42.653782+00:00,2026-01-25 16:14:42.653782+00:00,right,notchParamRand,notchParamRand::lvl-57.txt,original,original::lvl-2.txt,LEFT,loss,0.0,True,False,False,1,1,8.749,6,0,0,33,782.0,8.0,39.950819168695034,271.9155496026339,14,1,0,0,0,0,0,0,0,0
v_77f89a29-14f7-46d4-82de-e807fb16f3b5,btl_66c5daf6-390a-4878-bd99-d093e24641e3,3bb1cc67-feff-4f90-961b-a6f611658898,anon_76ea3efa-14a6-4d8a-8824-adf702349ea1,2026-01-25T16:09:25.488596+00:00,2026-01-25 16:09:25.488596+00:00,left,ore,ore::lvl-19.txt,genetic,genetic::lvl-10.txt,LEFT,win,1.0,True,False,False,1,1,6.915,6,0,1,27,614.0,8.0,47.9984853441864,188.05712292141843,16,1,0,0,0,0,0,0,0,0
v_77f89a29-14f7-46d4-82de-e807fb16f3b5,btl_66c5daf6-390a-4878-bd99-d093e24641e3,3bb1cc67-feff-4f90-961b-a6f611658898,anon_76ea3efa-14a6-4d8a-8824-adf702349ea1,2026-01-25T16:09:25.488596+00:00,2026-01-25 16:09:25.488596+00:00,right,genetic,genetic::lvl-10.txt,ore,ore::lvl-19.txt,LEFT,loss,0.0,True,False,False,1,1,3.782,3,0,0,15,687.0,8.0,31.185181666226597,238.06886025312554,8,1,0,0,0,0,0,0,0,0
v_9043e227-5ffc-45a2-a375-a7f322509dc4,btl_74deb1f7-e999-4801-86f6-4f598a0caab6,1679d69d-69cb-4d60-bebd-e136f80868fd,anon_a9445e2d-8170-40b8-bfa3-9fdf5b9366fb,2026-01-25T12:04:57.372401+00:00,2026-01-25 12:04:57.372401+00:00,left,original,original::lvl-3.txt,mariogan,mariogan::level_2.txt,LEFT,win,1.0,True,False,False,1,1,10.57,7,5,2,40,841.0,8.0,54.163087061208024,239.36407416318767,21,1,0,0,0,0,0,0,0,0
v_9043e227-5ffc-45a2-a375-a7f322509dc4,btl_74deb1f7-e999-4801-86f6-4f598a0caab6,1679d69d-69cb-4d60-bebd-e136f80868fd,anon_a9445e2d-8170-40b8-bfa3-9fdf5b9366fb,2026-01-25T12:04:57.372401+00:00,2026-01-25 12:04:57.372401+00:00,right,mariogan,mariogan::level_2.txt,original,original::lvl-3.txt,LEFT,loss,0.0,True,False,False,1,1,5.111,4,0,0,20,893.0,8.0,36.886955688969515,287.55243000190416,9,1,0,0,0,0,0,0,0,0
v_cbef9bb5-5bbb-49e5-be83-c8aee97e32b2,btl_7c518143-07b9-40ec-af2c-ef356b39f493,1679d69d-69cb-4d60-bebd-e136f80868fd,anon_a9445e2d-8170-40b8-bfa3-9fdf5b9366fb,2026-01-25T12:04:35.542024+00:00,2026-01-25 12:04:35.542024+00:00,left,notchParamRand,notchParamRand::lvl-89.txt,patternOccur,patternOccur::lvl-88.txt,LEFT,win,1.0,True,False,False,1,1,2.683,3,0,0,11,554.0,8.0,30.13605511977004,191.02585174017116,7,1,0,0,0,0,0,0,0,0
v_cbef9bb5-5bbb-49e5-be83-c8aee97e32b2,btl_7c518143-07b9-40ec-af2c-ef356b39f493,1679d69d-69cb-4d60-bebd-e136f80868fd,anon_a9445e2d-8170-40b8-bfa3-9fdf5b9366fb,2026-01-25T12:04:35.542024+00:00,2026-01-25 12:04:35.542024+00:00,right,patternOccur,patternOccur::lvl-88.txt,notchParamRand,notchParamRand::lvl-89.txt,LEFT,loss,0.0,True,False,False,1,1,2.839,2,0,0,11,48.0,8.0,24.43104649944106,14.04832274333226,10,1,0,0,0,0,0,0,0,0
v_0d6f6786-8ce4-442b-8b0f-6fd23dd3044e,btl_5853653b-8b67-490f-a29c-16da9fe30036,1679d69d-69cb-4d60-bebd-e136f80868fd,anon_a9445e2d-8170-40b8-bfa3-9fdf5b9366fb,2026-01-25T12:04:27.068827+00:00,2026-01-25 12:04:27.068827+00:00,left,patternOccur,patternOccur::lvl-62.txt,notchParam,notchParam::lvl-67.txt,RIGHT,loss,0.0,True,False,False,1,1,0.703,0,0,0,3,8.0,8.0,75.07477753694793,0.0,4,1,0,0,0,0,0,0,0,0
v_0d6f6786-8ce4-442b-8b0f-6fd23dd3044e,btl_5853653b-8b67-490f-a29c-16da9fe30036,1679d69d-69cb-4d60-bebd-e136f80868fd,anon_a9445e2d-8170-40b8-bfa3-9fdf5b9366fb,2026-01-25T12:04:27.068827+00:00,2026-01-25 12:04:27.068827+00:00,right,notchParam,notchParam::lvl-67.txt,patternOccur,patternOccur::lvl-62.txt,RIGHT,win,1.0,True,False,False,1,1,740.441,9,0,0,386,1221.0,8.0,11.52887348749106,209.2425704952779,18,1,0,0,0,0,0,0,0,0
v_32c8b5c7-9d5f-467d-a7f9-5c9f63c96e62,btl_c91b47f1-e7da-4105-be93-27429553d129,1679d69d-69cb-4d60-bebd-e136f80868fd,anon_a9445e2d-8170-40b8-bfa3-9fdf5b9366fb,2026-01-25T11:52:02.846375+00:00,2026-01-25 11:52:02.846375+00:00,left,genetic,genetic::lvl-88.txt,hopper,hopper::lvl-52.txt,RIGHT,loss,0.0,True,False,False,1,1,4.247,3,0,0,17,837.0,8.0,40.78961126982277,273.14010245830667,6,1,0,0,0,0,0,0,0,0
v_32c8b5c7-9d5f-467d-a7f9-5c9f63c96e62,btl_c91b47f1-e7da-4105-be93-27429553d129,1679d69d-69cb-4d60-bebd-e136f80868fd,anon_a9445e2d-8170-40b8-bfa3-9fdf5b9366fb,2026-01-25T11:52:02.846375+00:00,2026-01-25 11:52:02.846375+00:00,right,hopper,hopper::lvl-52.txt,genetic,genetic::lvl-88.txt,RIGHT,win,1.0,True,False,False,1,1,3.307,2,0,3,13,836.0,8.0,34.16371998646532,283.1619855474453,10,1,0,0,0,0,0,0,0,0
v_9159896d-c737-4b41-908c-889e5e951316,btl_2d4c2e5c-71e2-49bc-b13a-d24b607bb44f,1679d69d-69cb-4d60-bebd-e136f80868fd,anon_a9445e2d-8170-40b8-bfa3-9fdf5b9366fb,2026-01-25T11:51:52.946349+00:00,2026-01-25 11:51:52.946349+00:00,left,notch,notch::lvl-46.txt,ore,ore::lvl-11.txt,RIGHT,loss,0.0,True,False,False,1,1,10.635,11,0,0,41,1269.0,8.0,34.45719136672064,385.0071887583372,23,1,0,0,0,0,0,0,0,0
v_9159896d-c737-4b41-908c-889e5e951316,btl_2d4c2e5c-71e2-49bc-b13a-d24b607bb44f,1679d69d-69cb-4d60-bebd-e136f80868fd,anon_a9445e2d-8170-40b8-bfa3-9fdf5b9366fb,2026-01-25T11:51:52.946349+00:00,2026-01-25 11:51:52.946349+00:00,right,ore,ore::lvl-11.txt,notch,notch::lvl-46.txt,RIGHT,win,1.0,True,False,False,1,1,22.484,16,1,1,83,620.0,8.0,37.65753574715704,141.02365326250614,38,1,0,0,0,0,0,0,0,0
v_98956eed-8388-4734-8d74-81385e99108e,btl_109c084a-84c0-4b8f-b863-781d9041b855,1679d69d-69cb-4d60-bebd-e136f80868fd,anon_a9445e2d-8170-40b8-bfa3-9fdf5b9366fb,2026-01-25T11:51:13.356624+00:00,2026-01-25 11:51:13.356624+00:00,left,marioDiffusion,marioDiffusion::level_63.txt,patternWeightCount,patternWeightCount::lvl-61.txt,LEFT,win,1.0,True,False,False,1,1,0.684,0,0,0,3,8.0,8.0,0.0,0.0,2,1,0,0,0,0,0,0,0,0
v_98956eed-8388-4734-8d74-81385e99108e,btl_109c084a-84c0-4b8f-b863-781d9041b855,1679d69d-69cb-4d60-bebd-e136f80868fd,anon_a9445e2d-8170-40b8-bfa3-9fdf5b9366fb,2026-01-25T11:51:13.356624+00:00,2026-01-25 11:51:13.356624+00:00,right,patternWeightCount,patternWeightCount::lvl-61.txt,marioDiffusion,marioDiffusion::level_63.txt,LEFT,loss,0.0,True,False,False,1,1,45.971,42,2,0,172,2940.0,8.0,34.058341504161085,796.6303328623284,102,1,0,0,0,0,0,0,0,0
v_3ddd1661-fcce-409e-8f60-f0d2500639de,btl_4d3d9fb8-788d-44e8-8a34-e9a29223d520,899da27b-bae4-4c45-8f2e-f26e55cff6a5,anon_a9445e2d-8170-40b8-bfa3-9fdf5b9366fb,2026-01-24T18:16:01.421636+00:00,2026-01-24 18:16:01.421636+00:00,left,mariogan,mariogan::level_73.txt,marioDiffusion,marioDiffusion::level_75.txt,LEFT,win,1.0,True,False,False,1,1,2.507,0,0,0,10,8.0,8.0,0.0,0.0,2,1,0,0,0,0,0,0,0,0
v_3ddd1661-fcce-409e-8f60-f0d2500639de,btl_4d3d9fb8-788d-44e8-8a34-e9a29223d520,899da27b-bae4-4c45-8f2e-f26e55cff6a5,anon_a9445e2d-8170-40b8-bfa3-9fdf5b9366fb,2026-01-24T18:16:01.421636+00:00,2026-01-24 18:16:01.421636+00:00,right,marioDiffusion,marioDiffusion::level_75.txt,mariogan,mariogan::level_73.txt,LEFT,loss,0.0,True,False,False,1,1,0.717,0,0,0,3,8.0,8.0,75.07477753694793,0.0,1,1,0,0,0,0,0,0,0,0
v_ef4ca166-4911-4c21-ba9a-3c45d9acf9cc,btl_3ef05648-c927-4fc7-9749-ddcf69ab367a,899da27b-bae4-4c45-8f2e-f26e55cff6a5,anon_a9445e2d-8170-40b8-bfa3-9fdf5b9366fb,2026-01-24T18:15:53.901576+00:00,2026-01-24 18:15:53.901576+00:00,left,notch,notch::lvl-91.txt,genetic,genetic::lvl-53.txt,LEFT,win,1.0,True,False,False,1,1,5.875,6,0,0,23,1112.0,8.0,33.856418724473514,369.51954705018505,13,1,0,0,0,0,0,0,0,0
v_ef4ca166-4911-4c21-ba9a-3c45d9acf9cc,btl_3ef05648-c927-4fc7-9749-ddcf69ab367a,899da27b-bae4-4c45-8f2e-f26e55cff6a5,anon_a9445e2d-8170-40b8-bfa3-9fdf5b9366fb,2026-01-24T18:15:53.901576+00:00,2026-01-24 18:15:53.901576+00:00,right,genetic,genetic::lvl-53.txt,notch,notch::lvl-91.txt,LEFT,loss,0.0,True,False,False,1,1,3.34,3,0,0,13,709.0,8.0,25.08565209095435,240.10912213521664,7,1,0,0,0,0,0,0,0,0
v_d3a56331-cd89-46b8-9eba-d06ed31a587e,btl_5550050f-d94b-4d75-860c-ca15cf8d3c85,899da27b-bae4-4c45-8f2e-f26e55cff6a5,anon_a9445e2d-8170-40b8-bfa3-9fdf5b9366fb,2026-01-24T18:15:42.258325+00:00,2026-01-24 18:15:42.258325+00:00,left,notchParam,notchParam::lvl-31.txt,patternCount,patternCount::lvl-46.txt,TIE,tie,0.5,True,False,False,1,1,3.208,2,0,0,13,421.0,8.0,21.624826845426405,150.22783486046754,6,1,0,0,0,0,0,0,0,0
v_d3a56331-cd89-46b8-9eba-d06ed31a587e,btl_5550050f-d94b-4d75-860c-ca15cf8d3c85,899da27b-bae4-4c45-8f2e-f26e55cff6a5,anon_a9445e2d-8170-40b8-bfa3-9fdf5b9366fb,2026-01-24T18:15:42.258325+00:00,2026-01-24 18:15:42.258325+00:00,right,patternCount,patternCount::lvl-46.txt,notchParam,notchParam::lvl-31.txt,TIE,tie,0.5,True,False,False,1,1,28.212,30,0,0,106,1163.0,8.0,29.04584614631301,379.2830433890922,98,1,0,0,0,0,0,0,0,0
v_b1aa8468-9432-40a1-b4e2-956bda04c8f1,btl_1439276e-94de-4f62-92db-a6acc6fb3e96,899da27b-bae4-4c45-8f2e-f26e55cff6a5,anon_a9445e2d-8170-40b8-bfa3-9fdf5b9366fb,2026-01-24T18:15:07.378411+00:00,2026-01-24 18:15:07.378411+00:00,left,original,original::lvl-7.txt,mariogpt,mariogpt::level_083.txt,RIGHT,loss,0.0,True,False,True,0,0,78.475,71,35,1,292,3486.0,24.0,35.09533633923632,917.9845749282767,184,0,0,0,0,0,0,0,0,0
v_b1aa8468-9432-40a1-b4e2-956bda04c8f1,btl_1439276e-94de-4f62-92db-a6acc6fb3e96,899da27b-bae4-4c45-8f2e-f26e55cff6a5,anon_a9445e2d-8170-40b8-bfa3-9fdf5b9366fb,2026-01-24T18:15:07.378411+00:00,2026-01-24 18:15:07.378411+00:00,right,mariogpt,mariogpt::level_083.txt,original,original::lvl-7.txt,RIGHT,win,1.0,True,False,True,0,0,32.773,27,3,0,121,2339.0,8.0,41.71612509847166,634.3633040967859,70,0,0,0,0,0,0,0,0,0
v_7753719c-6f88-45fa-95e5-8c0aad8305fb,btl_943f4667-72f6-4e61-acff-83ebbe4d2af2,26e99d87-3ee6-43f1-92d0-34dbb5e833f3,anon_a9445e2d-8170-40b8-bfa3-9fdf5b9366fb,2026-01-24T09:53:04.484919+00:00,2026-01-24 09:53:04.484919+00:00,left,marioDiffusion,marioDiffusion::level_47.txt,hopper,hopper::lvl-32.txt,RIGHT,loss,0.0,True,False,False,1,1,0.717,0,0,0,3,8.0,8.0,75.07477753694793,0.0,1,1,1,0,0,0,0,0,1,0
v_7753719c-6f88-45fa-95e5-8c0aad8305fb,btl_943f4667-72f6-4e61-acff-83ebbe4d2af2,26e99d87-3ee6-43f1-92d0-34dbb5e833f3,anon_a9445e2d-8170-40b8-bfa3-9fdf5b9366fb,2026-01-24T09:53:04.484919+00:00,2026-01-24 09:53:04.484919+00:00,right,hopper,hopper::lvl-32.txt,marioDiffusion,marioDiffusion::level_47.txt,RIGHT,win,1.0,True,False,False,1,1,2.606,3,0,0,10,455.0,8.0,25.133443854752574,158.6962192366283,7,1,0,0,0,0,0,0,0,0
v_eb7006ff-deaa-4502-96d0-4bf4622a0245,btl_f998e6e2-51c9-4fa9-89bb-46f04f4fb038,26e99d87-3ee6-43f1-92d0-34dbb5e833f3,anon_a9445e2d-8170-40b8-bfa3-9fdf5b9366fb,2026-01-24T09:52:46.063343+00:00,2026-01-24 09:52:46.063343+00:00,left,patternCount,patternCount::lvl-13.txt,genetic,genetic::lvl-2.txt,RIGHT,loss,0.0,True,False,False,1,1,3.204,2,0,0,13,51.0,8.0,18.49484175649073,11.750865510109728,12,1,0,0,0,0,0,0,0,0
v_eb7006ff-deaa-4502-96d0-4bf4622a0245,btl_f998e6e2-51c9-4fa9-89bb-46f04f4fb038,26e99d87-3ee6-43f1-92d0-34dbb5e833f3,anon_a9445e2d-8170-40b8-bfa3-9fdf5b9366fb,2026-01-24T09:52:46.063343+00:00,2026-01-24 09:52:46.063343+00:00,right,genetic,genetic::lvl-2.txt,patternCount,patternCount::lvl-13.txt,RIGHT,win,1.0,True,False,False,1,1,6.113,2,0,0,24,522.0,8.0,31.59146772996363,135.18304848324075,6,1,0,0,0,0,0,0,0,0
v_5dfaf0cf-1949-4ffc-ad96-74ef146cd4b5,btl_4e14fa37-78eb-471d-86f0-8b647fcef0b0,26e99d87-3ee6-43f1-92d0-34dbb5e833f3,anon_a9445e2d-8170-40b8-bfa3-9fdf5b9366fb,2026-01-24T09:52:33.966963+00:00,2026-01-24 09:52:33.966963+00:00,left,marioDiffusion,marioDiffusion::level_9.txt,original,original::lvl-5.txt,RIGHT,loss,0.0,True,False,False,1,1,0.712,0,0,0,3,8.0,8.0,75.07477753694793,0.0,1,1,0,0,0,0,0,0,0,0
v_5dfaf0cf-1949-4ffc-ad96-74ef146cd4b5,btl_4e14fa37-78eb-471d-86f0-8b647fcef0b0,26e99d87-3ee6-43f1-92d0-34dbb5e833f3,anon_a9445e2d-8170-40b8-bfa3-9fdf5b9366fb,2026-01-24T09:52:33.966963+00:00,2026-01-24 09:52:33.966963+00:00,right,original,original::lvl-5.txt,marioDiffusion,marioDiffusion::level_9.txt,RIGHT,win,1.0,True,False,True,0,0,52.138,42,4,13,187,3031.0,24.0,48.379654023042455,842.814156820403,125,0,0,0,0,0,0,0,0,0
v_813ad065-7286-401d-9213-8c1ad76eb0a3,btl_a8ac08f2-e61d-4af8-ae04-006bf82cf988,e3360d92-afbb-4eed-a781-a56f5b3ce2d8,anon_376d7289-fc63-4549-9336-2b8703819566,2026-01-23T17:45:10.887080+00:00,2026-01-23 17:45:10.887080+00:00,left,ore,ore::lvl-33.txt,original,original::lvl-3.txt,RIGHT,loss,0.0,True,False,False,1,1,6.557,1,0,0,25,292.0,8.0,16.615847856790214,78.34794190021842,4,1,0,0,0,0,0,0,0,0
v_813ad065-7286-401d-9213-8c1ad76eb0a3,btl_a8ac08f2-e61d-4af8-ae04-006bf82cf988,e3360d92-afbb-4eed-a781-a56f5b3ce2d8,anon_376d7289-fc63-4549-9336-2b8703819566,2026-01-23T17:45:10.887080+00:00,2026-01-23 17:45:10.887080+00:00,right,original,original::lvl-3.txt,ore,ore::lvl-33.txt,RIGHT,win,1.0,True,False,False,1,1,12.572,9,3,2,48,860.0,8.0,62.630111096598114,241.84346980823958,23,1,0,0,0,0,0,0,0,0
v_82cc8270-be75-444e-b304-0825e6421299,btl_27438fa5-505e-42c0-b4ee-40dad6630c62,e3360d92-afbb-4eed-a781-a56f5b3ce2d8,anon_376d7289-fc63-4549-9336-2b8703819566,2026-01-23T17:44:47.537989+00:00,2026-01-23 17:44:47.537989+00:00,left,patternCount,patternCount::lvl-17.txt,notchParamRand,notchParamRand::lvl-14.txt,RIGHT,loss,0.0,True,False,False,1,1,6.979,5,0,0,27,460.0,8.0,49.86304975769679,158.78854640412766,20,1,0,0,0,0,0,0,0,0
v_82cc8270-be75-444e-b304-0825e6421299,btl_27438fa5-505e-42c0-b4ee-40dad6630c62,e3360d92-afbb-4eed-a781-a56f5b3ce2d8,anon_376d7289-fc63-4549-9336-2b8703819566,2026-01-23T17:44:47.537989+00:00,2026-01-23 17:44:47.537989+00:00,right,notchParamRand,notchParamRand::lvl-14.txt,patternCount,patternCount::lvl-17.txt,RIGHT,win,1.0,True,False,True,0,0,27.57,13,0,0,104,3097.0,8.0,31.262530032351325,929.2982883884889,28,0,0,0,0,0,0,0,0,0
v_c6d4a09d-5e2d-47d1-8df0-a2ff218a13a9,btl_7e6541fe-d03c-46cf-bacf-f989d9d7a5d8,e3360d92-afbb-4eed-a781-a56f5b3ce2d8,anon_376d7289-fc63-4549-9336-2b8703819566,2026-01-23T17:44:04.308308+00:00,2026-01-23 17:44:04.308308+00:00,left,patternWeightCount,patternWeightCount::lvl-48.txt,notchParam,notchParam::lvl-13.txt,LEFT,win,1.0,True,False,False,1,1,15.375,10,0,0,58,887.0,8.0,23.499184087842124,264.7094564119537,27,1,0,0,0,0,0,0,0,0
v_c6d4a09d-5e2d-47d1-8df0-a2ff218a13a9,btl_7e6541fe-d03c-46cf-bacf-f989d9d7a5d8,e3360d92-afbb-4eed-a781-a56f5b3ce2d8,anon_376d7289-fc63-4549-9336-2b8703819566,2026-01-23T17:44:04.308308+00:00,2026-01-23 17:44:04.308308+00:00,right,notchParam,notchParam::lvl-13.txt,patternWeightCount,patternWeightCount::lvl-48.txt,LEFT,loss,0.0,True,False,True,0,0,27.573,10,0,1,104,3094.0,8.0,25.310315213624225,933.339474474152,21,0,0,0,0,0,0,0,0,0
v_46572456-2040-4bd6-9c0a-c919692db149,btl_fd5559a1-d5bf-4ac8-bac0-45f2791169f8,e3360d92-afbb-4eed-a781-a56f5b3ce2d8,anon_376d7289-fc63-4549-9336-2b8703819566,2026-01-23T17:43:18.456920+00:00,2026-01-23 17:43:18.456920+00:00,left,patternOccur,patternOccur::lvl-10.txt,genetic,genetic::lvl-61.txt,RIGHT,loss,0.0,True,False,False,1,1,3.35,1,0,0,13,171.0,8.0,50.850517676116084,56.16480398880239,8,1,0,0,0,0,0,0,0,0
v_46572456-2040-4bd6-9c0a-c919692db149,btl_fd5559a1-d5bf-4ac8-bac0-45f2791169f8,e3360d92-afbb-4eed-a781-a56f5b3ce2d8,anon_376d7289-fc63-4549-9336-2b8703819566,2026-01-23T17:43:18.456920+00:00,2026-01-23 17:43:18.456920+00:00,right,genetic,genetic::lvl-61.txt,patternOccur,patternOccur::lvl-10.txt,RIGHT,win,1.0,True,False,False,1,1,2.286,1,0,0,9,324.0,8.0,0.0,112.1877834946038,3,1,0,0,0,0,0,0,0,0
v_ac648c99-a2a6-4de5-b837-33ade81d7ec0,btl_959b5f19-185f-4bf7-b6fd-d20b24b801cf,e3360d92-afbb-4eed-a781-a56f5b3ce2d8,anon_376d7289-fc63-4549-9336-2b8703819566,2026-01-23T17:43:10.475648+00:00,2026-01-23 17:43:10.475648+00:00,left,ore,ore::lvl-54.txt,notchParam,notchParam::lvl-34.txt,LEFT,win,1.0,True,False,False,1,1,33.384,26,0,0,126,1991.0,8.0,70.27536496624423,604.7495930505324,63,1,0,0,0,0,0,0,0,0
v_ac648c99-a2a6-4de5-b837-33ade81d7ec0,btl_959b5f19-185f-4bf7-b6fd-d20b24b801cf,e3360d92-afbb-4eed-a781-a56f5b3ce2d8,anon_376d7289-fc63-4549-9336-2b8703819566,2026-01-23T17:43:10.475648+00:00,2026-01-23 17:43:10.475648+00:00,right,notchParam,notchParam::lvl-34.txt,ore,ore::lvl-54.txt,LEFT,loss,0.0,True,False,False,1,1,5.585,3,0,1,22,1147.0,8.0,26.268362330075554,390.22140356681217,8,1,0,0,0,0,0,0,0,0
v_fde02001-3be8-4ae6-bad9-b765cb812e76,btl_4546e1e9-ee73-44ba-bf78-cf4a58683592,e3360d92-afbb-4eed-a781-a56f5b3ce2d8,anon_376d7289-fc63-4549-9336-2b8703819566,2026-01-23T17:42:29.502102+00:00,2026-01-23 17:42:29.502102+00:00,left,hopper,hopper::lvl-68.txt,patternWeightCount,patternWeightCount::lvl-50.txt,LEFT,win,1.0,True,False,True,0,0,40.512,24,0,1,153,3150.0,8.0,41.44636106859717,860.9269900267011,69,0,0,0,0,0,0,0,0,0
v_fde02001-3be8-4ae6-bad9-b765cb812e76,btl_4546e1e9-ee73-44ba-bf78-cf4a58683592,e3360d92-afbb-4eed-a781-a56f5b3ce2d8,anon_376d7289-fc63-4549-9336-2b8703819566,2026-01-23T17:42:29.502102+00:00,2026-01-23 17:42:29.502102+00:00,right,patternWeightCount,patternWeightCount::lvl-50.txt,hopper,hopper::lvl-68.txt,LEFT,loss,0.0,True,False,False,1,1,0.714,0,0,0,3,9.0,8.0,75.07477753694793,0.4714045207910317,6,1,0,0,0,0,0,0,0,0
v_b49c3219-6455-4f84-a74c-1c7cf8148366,btl_1a6d1ac9-f821-4840-acea-a49f6f078fc4,e3360d92-afbb-4eed-a781-a56f5b3ce2d8,anon_376d7289-fc63-4549-9336-2b8703819566,2026-01-23T17:41:45.471179+00:00,2026-01-23 17:41:45.471179+00:00,left,original,original::lvl-11.txt,patternOccur,patternOccur::lvl-100.txt,LEFT,win,1.0,True,False,False,1,1,2.909,3,2,0,12,292.0,8.0,18.197985236466884,89.52373986826065,9,1,0,0,0,0,0,0,0,0
v_b49c3219-6455-4f84-a74c-1c7cf8148366,btl_1a6d1ac9-f821-4840-acea-a49f6f078fc4,e3360d92-afbb-4eed-a781-a56f5b3ce2d8,anon_376d7289-fc63-4549-9336-2b8703819566,2026-01-23T17:41:45.471179+00:00,2026-01-23 17:41:45.471179+00:00,right,patternOccur,patternOccur::lvl-100.txt,original,original::lvl-11.txt,LEFT,loss,0.0,True,False,False,1,1,8.521,9,0,0,33,570.0,8.0,41.04686116810764,171.03690148987744,28,1,0,0,0,0,0,0,0,0
v_025f8ec8-b4b6-4167-aad8-f625a50ac671,btl_29da9092-ecec-47a6-9da0-828577ea4680,e3360d92-afbb-4eed-a781-a56f5b3ce2d8,anon_376d7289-fc63-4549-9336-2b8703819566,2026-01-23T17:41:29.536119+00:00,2026-01-23 17:41:29.536119+00:00,left,marioDiffusion,marioDiffusion::level_94.txt,mariogpt,mariogpt::level_033.txt,RIGHT,loss,0.0,True,False,False,1,1,9.375,7,0,0,36,715.0,8.0,63.975611431425115,191.9271398374207,15,1,0,0,0,0,0,0,0,0
v_025f8ec8-b4b6-4167-aad8-f625a50ac671,btl_29da9092-ecec-47a6-9da0-828577ea4680,e3360d92-afbb-4eed-a781-a56f5b3ce2d8,anon_376d7289-fc63-4549-9336-2b8703819566,2026-01-23T17:41:29.536119+00:00,2026-01-23 17:41:29.536119+00:00,right,mariogpt,mariogpt::level_033.txt,marioDiffusion,marioDiffusion::level_94.txt,RIGHT,win,1.0,True,False,False,1,1,26.254,24,0,2,97,1876.0,8.0,38.68108005050985,567.1216265612019,56,1,0,0,0,0,0,0,0,0
v_2336ea23-8ef2-45b6-874a-bf329c8364e9,btl_e168e0ad-cc45-4ea9-adc5-f673b9e87bea,e3360d92-afbb-4eed-a781-a56f5b3ce2d8,anon_376d7289-fc63-4549-9336-2b8703819566,2026-01-23T17:40:33.772026+00:00,2026-01-23 17:40:33.772026+00:00,left,mariogpt,mariogpt::level_053.txt,ore,ore::lvl-12.txt,RIGHT,loss,0.0,True,False,False,1,1,0.071,0,0,0,1,8.0,8.0,0.0,0.0,2,1,0,0,0,0,0,0,0,0
v_2336ea23-8ef2-45b6-874a-bf329c8364e9,btl_e168e0ad-cc45-4ea9-adc5-f673b9e87bea,e3360d92-afbb-4eed-a781-a56f5b3ce2d8,anon_376d7289-fc63-4549-9336-2b8703819566,2026-01-23T17:40:33.772026+00:00,2026-01-23 17:40:33.772026+00:00,right,ore,ore::lvl-12.txt,mariogpt,mariogpt::level_053.txt,RIGHT,win,1.0,True,False,True,0,0,43.216,35,0,1,163,3078.0,8.0,47.83974889950392,853.7124599986563,76,0,0,0,0,0,0,0,0,0
v_1e8c466c-67ff-48e1-96f5-b193de2cddf9,btl_fa47b824-241a-49d1-a7e7-83a2a2cdfa4b,e3360d92-afbb-4eed-a781-a56f5b3ce2d8,anon_376d7289-fc63-4549-9336-2b8703819566,2026-01-23T17:39:43.156602+00:00,2026-01-23 17:39:43.156602+00:00,left,genetic,genetic::lvl-88.txt,original,original::lvl-6.txt,LEFT,win,1.0,True,False,True,0,0,32.911,16,1,0,124,2070.0,8.0,33.508105275391536,586.6825949537315,36,0,0,0,0,0,0,0,0,0
v_1e8c466c-67ff-48e1-96f5-b193de2cddf9,btl_fa47b824-241a-49d1-a7e7-83a2a2cdfa4b,e3360d92-afbb-4eed-a781-a56f5b3ce2d8,anon_376d7289-fc63-4549-9336-2b8703819566,2026-01-23T17:39:43.156602+00:00,2026-01-23 17:39:43.156602+00:00,right,original,original::lvl-6.txt,genetic,genetic::lvl-88.txt,LEFT,loss,0.0,True,False,True,0,0,80.654,29,14,3,211,2351.0,24.0,45.115154801745135,547.9633669605463,81,0,0,0,0,0,0,0,0,0
v_bc6bdd4c-f8f6-46d8-b3e5-448a406a2d94,btl_5f3934f3-ecd1-48b6-9dda-924a730f5fd7,5f3d721a-e26a-4cd0-88b7-9d33b7392e5c,anon_a9445e2d-8170-40b8-bfa3-9fdf5b9366fb,2026-01-22T14:03:22.105570+00:00,2026-01-22 14:03:22.105570+00:00,left,patternWeightCount,patternWeightCount::lvl-65.txt,mariogan,mariogan::level_1.txt,RIGHT,loss,0.0,True,False,False,1,1,1.743,1,0,0,7,156.0,8.0,26.3159763688315,52.732284964251456,5,1,0,0,0,0,0,0,0,0
v_bc6bdd4c-f8f6-46d8-b3e5-448a406a2d94,btl_5f3934f3-ecd1-48b6-9dda-924a730f5fd7,5f3d721a-e26a-4cd0-88b7-9d33b7392e5c,anon_a9445e2d-8170-40b8-bfa3-9fdf5b9366fb,2026-01-22T14:03:22.105570+00:00,2026-01-22 14:03:22.105570+00:00,right,mariogan,mariogan::level_1.txt,patternWeightCount,patternWeightCount::lvl-65.txt,RIGHT,win,1.0,True,False,False,1,1,5.212,5,0,0,20,667.0,8.0,35.71120272407526,207.1870893661089,12,1,0,0,0,0,0,0,0,0
v_de63de31-6bce-49bf-820d-9047aa217c26,btl_9adab701-0e62-4dac-8201-028fec1c65df,facb061d-7377-4a81-8ac9-ecabc175b241,anon_376d7289-fc63-4549-9336-2b8703819566,2026-01-22T10:59:39.678326+00:00,2026-01-22 10:59:39.678326+00:00,left,marioDiffusion,marioDiffusion::level_24.txt,hopper,hopper::lvl-5.txt,LEFT,win,1.0,True,False,False,1,1,4.54,1,0,0,18,331.0,8.0,17.390929947660776,109.65766033039279,2,1,0,0,0,0,0,0,0,0
v_de63de31-6bce-49bf-820d-9047aa217c26,btl_9adab701-0e62-4dac-8201-028fec1c65df,facb061d-7377-4a81-8ac9-ecabc175b241,anon_376d7289-fc63-4549-9336-2b8703819566,2026-01-22T10:59:39.678326+00:00,2026-01-22 10:59:39.678326+00:00,right,hopper,hopper::lvl-5.txt,marioDiffusion,marioDiffusion::level_24.txt,LEFT,loss,0.0,True,False,False,1,1,2.778,2,0,0,11,553.0,8.0,25.182966826444776,192.3831834028077,4,1,0,0,0,0,0,0,0,0
v_a1912fed-0457-41e9-91de-327e0129e265,btl_50102f5a-d0ec-4270-afc2-d01ea6fd376c,4a5bf5f1-f601-4748-a99b-9d2a3abafb4f,anon_9a0e666c-a215-4e8c-9539-f400b6aa635f,2026-01-22T10:58:53.073040+00:00,2026-01-22 10:58:53.073040+00:00,left,patternWeightCount,patternWeightCount::lvl-10.txt,mariogpt,mariogpt::level_071.txt,LEFT,win,1.0,True,False,False,1,1,17.25,14,0,0,59,863.0,8.0,28.502075099465685,290.24710568994556,36,1,0,0,0,0,0,0,0,0
v_a1912fed-0457-41e9-91de-327e0129e265,btl_50102f5a-d0ec-4270-afc2-d01ea6fd376c,4a5bf5f1-f601-4748-a99b-9d2a3abafb4f,anon_9a0e666c-a215-4e8c-9539-f400b6aa635f,2026-01-22T10:58:53.073040+00:00,2026-01-22 10:58:53.073040+00:00,right,mariogpt,mariogpt::level_071.txt,patternWeightCount,patternWeightCount::lvl-10.txt,LEFT,loss,0.0,True,False,False,1,1,7.567,2,0,1,28,267.0,8.0,15.701090239020905,91.00915938429898,6,1,1,0,0,1,0,0,0,0
v_a281709e-e95f-4ddf-86ff-984bc1c450cd,btl_1db0bf5c-d712-48d3-b553-fe3be53f3b30,ab134236-8002-48dd-bb10-afc4b15a2f5b,anon_92aea243-ad41-4eef-9e5b-2cef3a78e23d,2026-01-22T10:54:14.250372+00:00,2026-01-22 10:54:14.250372+00:00,left,genetic,genetic::lvl-80.txt,notchParam,notchParam::lvl-98.txt,LEFT,win,1.0,True,False,True,0,0,27.451,7,4,0,88,2061.0,8.0,29.518169219136652,647.2653726878839,19,0,0,0,0,0,0,0,0,0
v_a281709e-e95f-4ddf-86ff-984bc1c450cd,btl_1db0bf5c-d712-48d3-b553-fe3be53f3b30,ab134236-8002-48dd-bb10-afc4b15a2f5b,anon_92aea243-ad41-4eef-9e5b-2cef3a78e23d,2026-01-22T10:54:14.250372+00:00,2026-01-22 10:54:14.250372+00:00,right,notchParam,notchParam::lvl-98.txt,genetic,genetic::lvl-80.txt,LEFT,loss,0.0,True,False,False,1,1,12.283,4,0,0,46,1594.0,8.0,26.562015035048024,508.68715944229854,10,1,0,0,0,0,0,0,0,0
v_b17b4ac2-eb9e-4946-b385-59b51c2d92f5,btl_801cdfe9-63d5-42fb-92dd-b45d24408302,4667db8d-1021-4fa3-8e44-35635e68abfa,anon_376d7289-fc63-4549-9336-2b8703819566,2026-01-22T10:46:31.136453+00:00,2026-01-22 10:46:31.136453+00:00,left,notchParam,notchParam::lvl-66.txt,notch,notch::lvl-31.txt,TIE,tie,0.5,True,False,False,1,1,6.972,7,0,0,27,1229.0,8.0,31.59231036303097,386.3258857315706,15,1,0,0,0,0,0,0,0,0
v_b17b4ac2-eb9e-4946-b385-59b51c2d92f5,btl_801cdfe9-63d5-42fb-92dd-b45d24408302,4667db8d-1021-4fa3-8e44-35635e68abfa,anon_376d7289-fc63-4549-9336-2b8703819566,2026-01-22T10:46:31.136453+00:00,2026-01-22 10:46:31.136453+00:00,right,notch,notch::lvl-31.txt,notchParam,notchParam::lvl-66.txt,TIE,tie,0.5,True,False,False,1,1,3.783,3,0,0,15,715.0,8.0,32.2086254837979,241.33320441985506,9,1,0,0,0,0,0,0,0,0
v_8d11ba9b-ac1c-4036-a189-6353ea07d064,btl_034d797a-22dc-4b03-9140-11e9dbda4e70,79249a78-d167-4465-b1fb-5624dda9391b,anon_376d7289-fc63-4549-9336-2b8703819566,2026-01-22T10:45:46.981668+00:00,2026-01-22 10:45:46.981668+00:00,left,original,original::lvl-4.txt,marioDiffusion,marioDiffusion::level_37.txt,TIE,tie,0.5,True,False,False,1,1,18.977,16,0,2,72,1593.0,40.0,57.157190662631805,420.18940008577613,34,1,0,0,0,0,0,0,0,0
v_8d11ba9b-ac1c-4036-a189-6353ea07d064,btl_034d797a-22dc-4b03-9140-11e9dbda4e70,79249a78-d167-4465-b1fb-5624dda9391b,anon_376d7289-fc63-4549-9336-2b8703819566,2026-01-22T10:45:46.981668+00:00,2026-01-22 10:45:46.981668+00:00,right,marioDiffusion,marioDiffusion::level_37.txt,original,original::lvl-4.txt,TIE,tie,0.5,True,False,False,1,1,12.483,11,1,0,47,1503.0,8.0,37.73628441714405,449.6901362615966,23,1,0,0,0,0,0,0,0,0
v_d1a6b84d-525b-4539-b546-e63260661059,btl_b1d68cd7-c567-4040-8e5e-6c8befaccb38,6d18a76a-0efa-4659-a745-1457533eb6f9,anon_376d7289-fc63-4549-9336-2b8703819566,2026-01-22T10:40:11.334519+00:00,2026-01-22 10:40:11.334519+00:00,left,mariogan,mariogan::level_26.txt,patternWeightCount,patternWeightCount::lvl-54.txt,LEFT,win,1.0,True,False,False,1,1,16.617,17,0,0,63,2607.0,8.0,42.45494403026282,856.9265647149615,37,1,0,0,0,0,0,0,0,0
v_d1a6b84d-525b-4539-b546-e63260661059,btl_b1d68cd7-c567-4040-8e5e-6c8befaccb38,6d18a76a-0efa-4659-a745-1457533eb6f9,anon_376d7289-fc63-4549-9336-2b8703819566,2026-01-22T10:40:11.334519+00:00,2026-01-22 10:40:11.334519+00:00,right,patternWeightCount,patternWeightCount::lvl-54.txt,mariogan,mariogan::level_26.txt,LEFT,loss,0.0,False,True,False,0,0,0.0,0,0,0,0,,,,,0,0,0,0,0,0,0,0,0,0
v_20e53c14-fafd-40e8-ae0c-b625728b2ecb,btl_d6f39e48-2c79-473f-beff-9105503bbdf0,6d18a76a-0efa-4659-a745-1457533eb6f9,anon_376d7289-fc63-4549-9336-2b8703819566,2026-01-22T10:39:50.219037+00:00,2026-01-22 10:39:50.219037+00:00,left,genetic,genetic::lvl-91.txt,ore,ore::lvl-53.txt,TIE,tie,0.5,True,False,True,0,0,17.673,13,0,0,67,2042.0,8.0,35.377422751573505,594.2947714221616,27,0,0,0,0,0,0,0,0,0
v_20e53c14-fafd-40e8-ae0c-b625728b2ecb,btl_d6f39e48-2c79-473f-beff-9105503bbdf0,6d18a76a-0efa-4659-a745-1457533eb6f9,anon_376d7289-fc63-4549-9336-2b8703819566,2026-01-22T10:39:50.219037+00:00,2026-01-22 10:39:50.219037+00:00,right,ore,ore::lvl-53.txt,genetic,genetic::lvl-91.txt,TIE,tie,0.5,True,False,False,1,1,1.815,0,0,0,7,50.0,8.0,0.0,16.183892218713606,2,1,0,0,0,0,0,0,0,0
v_4c63af98-440c-4d01-99a9-8cbe460f2d1b,btl_4f1c5155-aeb0-4e68-a185-ec4cb2d473c2,6d18a76a-0efa-4659-a745-1457533eb6f9,anon_376d7289-fc63-4549-9336-2b8703819566,2026-01-22T10:39:27.803805+00:00,2026-01-22 10:39:27.803805+00:00,left,marioDiffusion,marioDiffusion::level_27.txt,patternWeightCount,patternWeightCount::lvl-38.txt,TIE,tie,0.5,True,False,False,1,1,0.705,0,0,0,3,8.0,8.0,75.07477753694793,0.0,1,1,0,0,0,0,0,0,0,0
v_4c63af98-440c-4d01-99a9-8cbe460f2d1b,btl_4f1c5155-aeb0-4e68-a185-ec4cb2d473c2,6d18a76a-0efa-4659-a745-1457533eb6f9,anon_376d7289-fc63-4549-9336-2b8703819566,2026-01-22T10:39:27.803805+00:00,2026-01-22 10:39:27.803805+00:00,right,patternWeightCount,patternWeightCount::lvl-38.txt,marioDiffusion,marioDiffusion::level_27.txt,TIE,tie,0.5,True,False,False,1,1,0.715,0,0,0,3,8.0,8.0,75.07477753694793,0.0,3,1,0,0,0,0,0,0,0,0
v_f659276b-fb53-4962-9666-65e2c185efa2,btl_6bd0c49b-7044-4117-aabb-630677dc5dc3,514d158b-bba4-4bca-8d76-51649dec039e,anon_376d7289-fc63-4549-9336-2b8703819566,2026-01-21T14:31:10.282306+00:00,2026-01-21 14:31:10.282306+00:00,left,ore,ore::lvl-49.txt,patternOccur,patternOccur::lvl-76.txt,LEFT,win,1.0,True,False,True,0,0,39.54,38,2,4,149,3078.0,0.0,48.55614948869788,909.0300473822781,86,0,0,0,0,0,0,0,0,0
v_f659276b-fb53-4962-9666-65e2c185efa2,btl_6bd0c49b-7044-4117-aabb-630677dc5dc3,514d158b-bba4-4bca-8d76-51649dec039e,anon_376d7289-fc63-4549-9336-2b8703819566,2026-01-21T14:31:10.282306+00:00,2026-01-21 14:31:10.282306+00:00,right,patternOccur,patternOccur::lvl-76.txt,ore,ore::lvl-49.txt,LEFT,loss,0.0,True,False,False,1,1,0.716,0,0,0,3,8.0,8.0,75.07477753694793,0.0,7,1,0,0,0,0,0,0,0,0
v_b8b2b267-74c5-4288-b66f-919f99415e8a,btl_b7ce19bd-ff93-48b7-94f8-ccd95603ef2a,283a6c51-4154-4dd1-b756-de7ede1ea57c,anon_376d7289-fc63-4549-9336-2b8703819566,2026-01-21T14:30:13.826382+00:00,2026-01-21 14:30:13.826382+00:00,left,hopper,hopper::lvl-41.txt,notchParam,notchParam::lvl-78.txt,LEFT,win,1.0,True,False,False,1,1,6.741,6,0,0,26,1034.0,8.0,52.2420544056291,326.1866184550979,16,1,0,0,0,0,0,0,0,0
v_b8b2b267-74c5-4288-b66f-919f99415e8a,btl_b7ce19bd-ff93-48b7-94f8-ccd95603ef2a,283a6c51-4154-4dd1-b756-de7ede1ea57c,anon_376d7289-fc63-4549-9336-2b8703819566,2026-01-21T14:30:13.826382+00:00,2026-01-21 14:30:13.826382+00:00,right,notchParam,notchParam::lvl-78.txt,hopper,hopper::lvl-41.txt,LEFT,loss,0.0,True,False,False,1,1,5.781,5,0,1,22,875.0,8.0,38.42156871014978,286.5657439748071,12,1,0,0,0,0,0,0,0,0
v_8b9af975-bc45-43c5-8c42-361e8f31fb92,btl_b6b8b976-5ba0-4c0b-8056-e2a3fd5dadcf,283a6c51-4154-4dd1-b756-de7ede1ea57c,anon_376d7289-fc63-4549-9336-2b8703819566,2026-01-21T14:29:57.541221+00:00,2026-01-21 14:29:57.541221+00:00,left,genetic,genetic::lvl-43.txt,mariogan,mariogan::level_31.txt,LEFT,win,1.0,True,False,False,1,1,21.881,12,0,0,83,2005.0,8.0,34.07906239659103,679.8061230450913,27,1,0,0,0,0,0,0,0,0
v_8b9af975-bc45-43c5-8c42-361e8f31fb92,btl_b6b8b976-5ba0-4c0b-8056-e2a3fd5dadcf,283a6c51-4154-4dd1-b756-de7ede1ea57c,anon_376d7289-fc63-4549-9336-2b8703819566,2026-01-21T14:29:57.541221+00:00,2026-01-21 14:29:57.541221+00:00,right,mariogan,mariogan::level_31.txt,genetic,genetic::lvl-43.txt,LEFT,loss,0.0,True,False,False,1,1,10.482,10,0,0,40,1131.0,8.0,43.01892025609197,387.9235032516076,20,1,1,0,0,1,0,0,0,0
v_cef43468-1718-4f79-a770-5148f7a91a54,btl_0940528f-4d58-444e-8ec9-e9fc34877ed7,63402ef3-6920-4a3c-b668-7891ce40bbc3,anon_376d7289-fc63-4549-9336-2b8703819566,2026-01-21T14:15:00.066673+00:00,2026-01-21 14:15:00.066673+00:00,left,patternWeightCount,patternWeightCount::lvl-46.txt,mariogpt,mariogpt::level_018.txt,RIGHT,loss,0.0,True,False,False,1,1,67.97,52,3,0,254,2760.0,8.0,34.703974962988845,866.0250585339919,147,1,0,0,0,0,0,0,0,0
v_cef43468-1718-4f79-a770-5148f7a91a54,btl_0940528f-4d58-444e-8ec9-e9fc34877ed7,63402ef3-6920-4a3c-b668-7891ce40bbc3,anon_376d7289-fc63-4549-9336-2b8703819566,2026-01-21T14:15:00.066673+00:00,2026-01-21 14:15:00.066673+00:00,right,mariogpt,mariogpt::level_018.txt,patternWeightCount,patternWeightCount::lvl-46.txt,RIGHT,win,1.0,True,False,True,0,0,30.315,23,15,1,114,2361.0,8.0,31.339997523168876,745.7573684728693,65,0,0,0,0,0,0,0,0,0
v_ba826833-fb79-4b26-b2f2-58b102948c08,btl_6ee5b75a-c918-48fe-8ff2-47d0fe428031,63402ef3-6920-4a3c-b668-7891ce40bbc3,anon_376d7289-fc63-4549-9336-2b8703819566,2026-01-21T14:13:19.153148+00:00,2026-01-21 14:13:19.153148+00:00,left,hopper,hopper::lvl-39.txt,genetic,genetic::lvl-67.txt,TIE,tie,0.5,True,False,False,1,1,4.572,3,0,1,18,714.0,8.0,31.341852663731633,263.96511764498985,10,1,0,0,0,0,0,0,0,0
v_ba826833-fb79-4b26-b2f2-58b102948c08,btl_6ee5b75a-c918-48fe-8ff2-47d0fe428031,63402ef3-6920-4a3c-b668-7891ce40bbc3,anon_376d7289-fc63-4549-9336-2b8703819566,2026-01-21T14:13:19.153148+00:00,2026-01-21 14:13:19.153148+00:00,right,genetic,genetic::lvl-67.txt,hopper,hopper::lvl-39.txt,TIE,tie,0.5,True,False,False,1,1,2.916,3,0,0,12,457.0,8.0,40.07042411665852,173.28605124347303,8,1,0,0,0,0,0,0,0,0
v_b32ec9ec-97b4-4d98-a305-e0e4a8317222,btl_5a95f20d-0aa8-4b5f-95bd-1949333fe1d4,ab1ca0cb-ccf8-4350-8664-6a1b1fcdace7,anon_376d7289-fc63-4549-9336-2b8703819566,2026-01-21T14:11:55.801374+00:00,2026-01-21 14:11:55.801374+00:00,left,hopper,hopper::lvl-94.txt,notchParam,notchParam::lvl-74.txt,LEFT,win,1.0,True,False,False,1,1,3.146,2,0,1,12,651.0,8.0,24.25042954946022,225.30510178175925,7,1,0,0,0,0,0,0,0,0
v_b32ec9ec-97b4-4d98-a305-e0e4a8317222,btl_5a95f20d-0aa8-4b5f-95bd-1949333fe1d4,ab1ca0cb-ccf8-4350-8664-6a1b1fcdace7,anon_376d7289-fc63-4549-9336-2b8703819566,2026-01-21T14:11:55.801374+00:00,2026-01-21 14:11:55.801374+00:00,right,notchParam,notchParam::lvl-74.txt,hopper,hopper::lvl-94.txt,LEFT,loss,0.0,True,False,True,0,0,18.781,19,0,2,71,3092.0,8.0,34.084029795285296,929.7173665530312,40,0,0,0,0,0,0,0,0,0
v_1c022872-a8a8-4965-8526-4cd1c6814f36,btl_7b3ece4a-c0e7-4ab3-a38f-3dbd2863e9bf,ab1ca0cb-ccf8-4350-8664-6a1b1fcdace7,anon_376d7289-fc63-4549-9336-2b8703819566,2026-01-21T14:11:29.276667+00:00,2026-01-21 14:11:29.276667+00:00,left,notchParamRand,notchParamRand::lvl-46.txt,notch,notch::lvl-43.txt,RIGHT,loss,0.0,True,False,True,0,0,17.844,9,0,0,68,3115.0,8.0,32.513994192333556,984.1799700520007,19,0,0,0,0,0,0,0,0,0
v_1c022872-a8a8-4965-8526-4cd1c6814f36,btl_7b3ece4a-c0e7-4ab3-a38f-3dbd2863e9bf,ab1ca0cb-ccf8-4350-8664-6a1b1fcdace7,anon_376d7289-fc63-4549-9336-2b8703819566,2026-01-21T14:11:29.276667+00:00,2026-01-21 14:11:29.276667+00:00,right,notch,notch::lvl-43.txt,notchParamRand,notchParamRand::lvl-46.txt,RIGHT,win,1.0,True,False,True,0,0,21.081,20,0,1,80,2327.0,8.0,31.062990438784222,689.5390629797561,43,0,0,0,0,0,0,0,0,0
v_df26b5b0-c630-4a3c-9889-636140d50788,btl_e66070fa-8d63-4923-9948-81a259428011,87df4bc4-7086-4c30-be36-eb6af1cc7af8,anon_a9445e2d-8170-40b8-bfa3-9fdf5b9366fb,2026-01-20T15:15:38.311181+00:00,2026-01-20 15:15:38.311181+00:00,left,original,original::lvl-6.txt,hopper,hopper::lvl-71.txt,LEFT,win,1.0,True,False,True,0,0,21.739,19,10,3,82,2302.0,24.0,54.043047210667126,676.5908832006386,52,0,0,0,0,0,0,0,0,0
v_df26b5b0-c630-4a3c-9889-636140d50788,btl_e66070fa-8d63-4923-9948-81a259428011,87df4bc4-7086-4c30-be36-eb6af1cc7af8,anon_a9445e2d-8170-40b8-bfa3-9fdf5b9366fb,2026-01-20T15:15:38.311181+00:00,2026-01-20 15:15:38.311181+00:00,right,hopper,hopper::lvl-71.txt,original,original::lvl-6.txt,LEFT,loss,0.0,True,False,False,1,1,4.042,3,0,2,16,957.0,8.0,37.34279548989336,319.7059195573332,12,1,0,0,0,0,0,0,0,0
v_9bb3b587-0b53-4db9-8157-00791a1d4718,btl_1ee4272c-f4d9-4650-8bd6-135cb4d83059,87df4bc4-7086-4c30-be36-eb6af1cc7af8,anon_a9445e2d-8170-40b8-bfa3-9fdf5b9366fb,2026-01-20T15:15:10.671979+00:00,2026-01-20 15:15:10.671979+00:00,left,notch,notch::lvl-30.txt,hopper,hopper::lvl-71.txt,LEFT,win,1.0,True,False,False,1,1,2.67,1,0,0,11,455.0,8.0,28.352853428194155,156.72838008467687,2,1,0,0,0,0,0,0,0,0
v_9bb3b587-0b53-4db9-8157-00791a1d4718,btl_1ee4272c-f4d9-4650-8bd6-135cb4d83059,87df4bc4-7086-4c30-be36-eb6af1cc7af8,anon_a9445e2d-8170-40b8-bfa3-9fdf5b9366fb,2026-01-20T15:15:10.671979+00:00,2026-01-20 15:15:10.671979+00:00,right,hopper,hopper::lvl-71.txt,notch,notch::lvl-30.txt,LEFT,loss,0.0,True,False,False,1,1,4.142,3,0,2,16,925.0,8.0,35.65612675263537,316.526997021976,12,1,0,0,0,0,0,0,0,0
v_4694a96e-64d0-426f-8ced-ba49027f78ac,btl_5911c66f-66a4-49f4-820c-da92f900f583,87df4bc4-7086-4c30-be36-eb6af1cc7af8,anon_a9445e2d-8170-40b8-bfa3-9fdf5b9366fb,2026-01-20T15:14:59.450302+00:00,2026-01-20 15:14:59.450302+00:00,left,original,original::lvl-11.txt,marioDiffusion,marioDiffusion::level_85.txt,LEFT,win,1.0,True,False,False,1,1,2.444,2,1,0,10,267.0,8.0,20.819221887476967,97.28391439492965,7,1,0,0,0,0,0,0,0,0
v_4694a96e-64d0-426f-8ced-ba49027f78ac,btl_5911c66f-66a4-49f4-820c-da92f900f583,87df4bc4-7086-4c30-be36-eb6af1cc7af8,anon_a9445e2d-8170-40b8-bfa3-9fdf5b9366fb,2026-01-20T15:14:59.450302+00:00,2026-01-20 15:14:59.450302+00:00,right,marioDiffusion,marioDiffusion::level_85.txt,original,original::lvl-11.txt,LEFT,loss,0.0,True,False,False,1,1,5.578,6,0,0,22,909.0,8.0,58.1507019066099,283.3790681772239,13,1,0,0,0,0,0,0,0,0
v_ab124061-13d6-4a5d-a5e6-56468475a2ce,btl_a072a6aa-4270-4eb3-9797-69e5efcf5ebb,87df4bc4-7086-4c30-be36-eb6af1cc7af8,anon_a9445e2d-8170-40b8-bfa3-9fdf5b9366fb,2026-01-20T15:14:48.977713+00:00,2026-01-20 15:14:48.977713+00:00,left,notchParamRand,notchParamRand::lvl-74.txt,marioDiffusion,marioDiffusion::level_34.txt,RIGHT,loss,0.0,True,False,True,0,0,12.245,6,0,1,47,3112.0,8.0,38.59086506487527,988.3915582098147,13,0,0,0,0,0,0,0,0,0
v_ab124061-13d6-4a5d-a5e6-56468475a2ce,btl_a072a6aa-4270-4eb3-9797-69e5efcf5ebb,87df4bc4-7086-4c30-be36-eb6af1cc7af8,anon_a9445e2d-8170-40b8-bfa3-9fdf5b9366fb,2026-01-20T15:14:48.977713+00:00,2026-01-20 15:14:48.977713+00:00,right,marioDiffusion,marioDiffusion::level_34.txt,notchParamRand,notchParamRand::lvl-74.txt,RIGHT,win,1.0,True,False,False,1,1,0.917,1,0,0,4,8.0,8.0,0.0,0.0,3,1,0,0,0,0,0,0,0,0
v_c8dae6fe-7504-4141-92b5-51c0b60b4e96,btl_9dcfc20d-869f-47fb-9f07-066411daa47e,87df4bc4-7086-4c30-be36-eb6af1cc7af8,anon_a9445e2d-8170-40b8-bfa3-9fdf5b9366fb,2026-01-20T15:14:33.275680+00:00,2026-01-20 15:14:33.275680+00:00,left,genetic,genetic::lvl-62.txt,patternCount,patternCount::lvl-63.txt,LEFT,win,1.0,True,False,False,1,1,4.839,3,0,0,19,803.0,8.0,44.58326580711311,273.7863776914737,6,1,0,0,0,0,0,0,0,0
v_c8dae6fe-7504-4141-92b5-51c0b60b4e96,btl_9dcfc20d-869f-47fb-9f07-066411daa47e,87df4bc4-7086-4c30-be36-eb6af1cc7af8,anon_a9445e2d-8170-40b8-bfa3-9fdf5b9366fb,2026-01-20T15:14:33.275680+00:00,2026-01-20 15:14:33.275680+00:00,right,patternCount,patternCount::lvl-63.txt,genetic,genetic::lvl-62.txt,LEFT,loss,0.0,True,False,False,1,1,1.986,2,0,0,8,123.0,8.0,28.994611568358696,43.726422218150894,8,1,0,0,0,0,0,0,0,0
v_2ea16c7f-493f-48c1-b93f-5307eb54fd8f,btl_ade1c643-a4ce-4923-a542-8783bc2d2bb2,be22e424-ae19-4432-94dd-52e4b2c78df0,anon_a9445e2d-8170-40b8-bfa3-9fdf5b9366fb,2026-01-20T14:55:55.835900+00:00,2026-01-20 14:55:55.835900+00:00,left,ore,ore::lvl-15.txt,marioDiffusion,marioDiffusion::level_31.txt,RIGHT,loss,0.0,True,False,False,1,1,3.779,3,1,0,15,106.0,8.0,27.702867882024215,34.28741265634762,9,1,0,0,0,0,0,0,0,0
v_2ea16c7f-493f-48c1-b93f-5307eb54fd8f,btl_ade1c643-a4ce-4923-a542-8783bc2d2bb2,be22e424-ae19-4432-94dd-52e4b2c78df0,anon_a9445e2d-8170-40b8-bfa3-9fdf5b9366fb,2026-01-20T14:55:55.835900+00:00,2026-01-20 14:55:55.835900+00:00,right,marioDiffusion,marioDiffusion::level_31.txt,ore,ore::lvl-15.txt,RIGHT,win,1.0,True,False,False,1,1,13.181,10,0,0,50,1198.0,8.0,50.01017496470093,338.3875299120817,20,1,0,0,0,0,0,0,0,0
v_49da65c6-904e-4475-924c-1454bb144896,btl_ceae9d71-00e4-4adc-815c-c8c04cbb0ad8,eeefbc0f-48ab-45b5-b3cb-7a1d4df7daf1,anon_a9445e2d-8170-40b8-bfa3-9fdf5b9366fb,2026-01-20T14:54:43.134870+00:00,2026-01-20 14:54:43.134870+00:00,left,mariogan,mariogan::level_40.txt,original,original::lvl-14.txt,RIGHT,loss,0.0,True,False,True,0,0,33.316,25,0,3,108,2630.0,8.0,50.275410898520654,813.2574289532186,55,0,0,0,0,0,0,0,0,0
v_49da65c6-904e-4475-924c-1454bb144896,btl_ceae9d71-00e4-4adc-815c-c8c04cbb0ad8,eeefbc0f-48ab-45b5-b3cb-7a1d4df7daf1,anon_a9445e2d-8170-40b8-bfa3-9fdf5b9366fb,2026-01-20T14:54:43.134870+00:00,2026-01-20 14:54:43.134870+00:00,right,original,original::lvl-14.txt,mariogan,mariogan::level_40.txt,RIGHT,win,1.0,True,False,False,1,1,11.407,7,0,0,43,508.0,24.0,24.234611348984824,133.45330144603744,15,1,0,0,0,0,0,0,0,0
v_e83eff02-3c35-4388-8ef2-efa65b3c4ba0,btl_c980b827-3818-44fe-bce4-c5ab6ef7b4dd,eeefbc0f-48ab-45b5-b3cb-7a1d4df7daf1,anon_a9445e2d-8170-40b8-bfa3-9fdf5b9366fb,2026-01-20T14:53:54.162196+00:00,2026-01-20 14:53:54.162196+00:00,left,patternWeightCount,patternWeightCount::lvl-89.txt,ore,ore::lvl-18.txt,RIGHT,loss,0.0,True,False,False,1,1,26.648,21,1,0,98,1675.0,8.0,31.872169252259063,449.98872168753394,64,1,0,0,0,0,0,0,0,0
v_e83eff02-3c35-4388-8ef2-efa65b3c4ba0,btl_c980b827-3818-44fe-bce4-c5ab6ef7b4dd,eeefbc0f-48ab-45b5-b3cb-7a1d4df7daf1,anon_a9445e2d-8170-40b8-bfa3-9fdf5b9366fb,2026-01-20T14:53:54.162196+00:00,2026-01-20 14:53:54.162196+00:00,right,ore,ore::lvl-18.txt,patternWeightCount,patternWeightCount::lvl-89.txt,RIGHT,win,1.0,True,False,False,1,1,10.539,8,1,0,38,605.0,8.0,36.47972153268844,188.1492894609324,33,1,0,0,0,0,0,0,0,0
v_615012e4-441a-476f-a405-7cf6fd901df9,btl_2f3ce256-7eb3-40dc-b5b0-021599ad868c,eeefbc0f-48ab-45b5-b3cb-7a1d4df7daf1,anon_a9445e2d-8170-40b8-bfa3-9fdf5b9366fb,2026-01-20T14:53:14.860716+00:00,2026-01-20 14:53:14.860716+00:00,left,patternCount,patternCount::lvl-73.txt,notchParam,notchParam::lvl-38.txt,TIE,tie,0.5,True,False,False,1,1,14.469,14,0,0,55,566.0,8.0,34.200739443941806,172.93509602743026,44,1,0,0,0,0,0,0,0,0
v_615012e4-441a-476f-a405-7cf6fd901df9,btl_2f3ce256-7eb3-40dc-b5b0-021599ad868c,eeefbc0f-48ab-45b5-b3cb-7a1d4df7daf1,anon_a9445e2d-8170-40b8-bfa3-9fdf5b9366fb,2026-01-20T14:53:14.860716+00:00,2026-01-20 14:53:14.860716+00:00,right,notchParam,notchParam::lvl-38.txt,patternCount,patternCount::lvl-73.txt,TIE,tie,0.5,True,False,False,1,1,4.842,4,0,0,19,1128.0,8.0,32.92945536250051,392.6271623852065,8,1,0,0,0,0,0,0,0,0
v_c97050b3-ae3a-4b07-80d3-1dc50365820f,btl_09482c1c-1a68-43a1-9f16-182abf347760,eeefbc0f-48ab-45b5-b3cb-7a1d4df7daf1,anon_a9445e2d-8170-40b8-bfa3-9fdf5b9366fb,2026-01-20T14:52:52.405334+00:00,2026-01-20 14:52:52.405334+00:00,left,patternOccur,patternOccur::lvl-67.txt,patternCount,patternCount::lvl-87.txt,RIGHT,loss,0.0,True,False,False,1,1,1.91,1,0,0,8,64.0,8.0,19.576771950451892,18.33328598478734,5,1,0,0,0,0,0,0,0,0
v_c97050b3-ae3a-4b07-80d3-1dc50365820f,btl_09482c1c-1a68-43a1-9f16-182abf347760,eeefbc0f-48ab-45b5-b3cb-7a1d4df7daf1,anon_a9445e2d-8170-40b8-bfa3-9fdf5b9366fb,2026-01-20T14:52:52.405334+00:00,2026-01-20 14:52:52.405334+00:00,right,patternCount,patternCount::lvl-87.txt,patternOccur,patternOccur::lvl-67.txt,RIGHT,win,1.0,True,False,False,1,1,8.703,9,0,0,33,412.0,8.0,27.89890578473119,122.13904674643797,27,1,0,0,0,0,0,0,0,0
v_46fd5187-b156-4f7b-90d9-357cd47ddbe0,btl_a51150ab-857b-473e-b9f4-0bd756243827,e3360d92-afbb-4eed-a781-a56f5b3ce2d8,anon_376d7289-fc63-4549-9336-2b8703819566,2026-01-17T10:15:56.860889+00:00,2026-01-17 10:15:56.860889+00:00,left,mariogan,mariogan::level_63.txt,notch,notch::lvl-28.txt,LEFT,win,1.0,True,False,False,1,1,17.345,11,0,0,65,1028.0,8.0,33.30598325691736,286.4827662960119,24,1,0,0,0,0,0,0,0,0
v_46fd5187-b156-4f7b-90d9-357cd47ddbe0,btl_a51150ab-857b-473e-b9f4-0bd756243827,e3360d92-afbb-4eed-a781-a56f5b3ce2d8,anon_376d7289-fc63-4549-9336-2b8703819566,2026-01-17T10:15:56.860889+00:00,2026-01-17 10:15:56.860889+00:00,right,notch,notch::lvl-28.txt,mariogan,mariogan::level_63.txt,LEFT,loss,0.0,True,False,False,1,1,8.84,9,0,0,34,920.0,8.0,36.60498245436582,277.06190831303803,20,1,0,0,0,0,0,0,0,0
v_0f919e23-44e1-47d0-b559-a34e822722ff,btl_fb62d2c6-9128-4ace-aef0-068aba3ddf77,e3360d92-afbb-4eed-a781-a56f5b3ce2d8,anon_376d7289-fc63-4549-9336-2b8703819566,2026-01-17T10:15:23.993274+00:00,2026-01-17 10:15:23.993274+00:00,left,mariogan,mariogan::level_54.txt,original,original::lvl-1.txt,RIGHT,loss,0.0,True,False,False,1,1,17.717,10,0,0,66,489.0,0.0,50.80286536679387,180.40953118941724,22,1,0,0,0,0,0,0,0,0
v_0f919e23-44e1-47d0-b559-a34e822722ff,btl_fb62d2c6-9128-4ace-aef0-068aba3ddf77,e3360d92-afbb-4eed-a781-a56f5b3ce2d8,anon_376d7289-fc63-4549-9336-2b8703819566,2026-01-17T10:15:23.993274+00:00,2026-01-17 10:15:23.993274+00:00,right,original,original::lvl-1.txt,mariogan,mariogan::level_54.txt,RIGHT,win,1.0,True,False,True,0,0,52.641,41,3,5,195,3158.0,56.0,53.67255875626857,966.0456838851138,96,0,0,0,0,0,0,0,0,0
v_6e0f4a51-ea23-43a9-ad6c-63672ad3a7a7,btl_9b36c106-33a4-44de-9d2f-662ba92ed71f,e3360d92-afbb-4eed-a781-a56f5b3ce2d8,anon_376d7289-fc63-4549-9336-2b8703819566,2026-01-17T10:14:05.708245+00:00,2026-01-17 10:14:05.708245+00:00,left,mariogan,mariogan::level_15.txt,ore,ore::lvl-38.txt,RIGHT,loss,0.0,True,False,False,1,1,1.613,0,0,0,7,8.0,8.0,0.0,0.0,3,1,0,0,0,0,0,0,0,0
v_6e0f4a51-ea23-43a9-ad6c-63672ad3a7a7,btl_9b36c106-33a4-44de-9d2f-662ba92ed71f,e3360d92-afbb-4eed-a781-a56f5b3ce2d8,anon_376d7289-fc63-4549-9336-2b8703819566,2026-01-17T10:14:05.708245+00:00,2026-01-17 10:14:05.708245+00:00,right,ore,ore::lvl-38.txt,mariogan,mariogan::level_15.txt,RIGHT,win,1.0,True,False,False,1,1,21.885,9,2,0,83,586.0,8.0,49.75467468268479,202.62317551461112,21,1,0,0,0,0,0,0,0,0
v_5db7e460-0977-4336-9d0b-71fd132b1e0a,btl_1f2c7d86-88e5-4cc2-9157-c3135ead0d8a,e3360d92-afbb-4eed-a781-a56f5b3ce2d8,anon_376d7289-fc63-4549-9336-2b8703819566,2026-01-17T10:13:23.375450+00:00,2026-01-17 10:13:23.375450+00:00,left,notchParamRand,notchParamRand::lvl-28.txt,genetic,genetic::lvl-69.txt,TIE,tie,0.5,True,False,True,0,0,31.578,25,0,0,119,3092.0,8.0,36.113703246521425,1013.6326779692162,50,0,0,0,0,0,0,0,0,0
v_5db7e460-0977-4336-9d0b-71fd132b1e0a,btl_1f2c7d86-88e5-4cc2-9157-c3135ead0d8a,e3360d92-afbb-4eed-a781-a56f5b3ce2d8,anon_376d7289-fc63-4549-9336-2b8703819566,2026-01-17T10:13:23.375450+00:00,2026-01-17 10:13:23.375450+00:00,right,genetic,genetic::lvl-69.txt,notchParamRand,notchParamRand::lvl-28.txt,TIE,tie,0.5,True,False,True,0,0,16.444,9,0,0,62,2013.0,8.0,24.663948463255572,630.8406497192373,18,0,0,0,0,0,0,0,0,0
v_57f2ac9c-a833-4c6c-81bf-a5dfbf14231e,btl_634fc998-b37a-4f46-a677-60f0dcee6ea9,8386112d-3210-4c9a-8aff-578fa05c6bf3,anon_76ea3efa-14a6-4d8a-8824-adf702349ea1,2026-01-17T10:06:40.282334+00:00,2026-01-17 10:06:40.282334+00:00,left,marioDiffusion,marioDiffusion::level_49.txt,mariogpt,mariogpt::level_087.txt,RIGHT,loss,0.0,True,False,False,1,1,5.472,2,0,0,21,370.0,8.0,20.339744723557892,119.54300737493973,5,1,0,0,0,0,0,0,0,0
v_57f2ac9c-a833-4c6c-81bf-a5dfbf14231e,btl_634fc998-b37a-4f46-a677-60f0dcee6ea9,8386112d-3210-4c9a-8aff-578fa05c6bf3,anon_76ea3efa-14a6-4d8a-8824-adf702349ea1,2026-01-17T10:06:40.282334+00:00,2026-01-17 10:06:40.282334+00:00,right,mariogpt,mariogpt::level_087.txt,marioDiffusion,marioDiffusion::level_49.txt,RIGHT,win,1.0,True,False,False,1,1,4.57,3,1,0,18,529.0,8.0,28.378667435806403,175.9192435378051,9,1,0,0,0,0,0,0,0,0
v_f2b15f3c-14b2-440f-a17d-eeb9fa800a46,btl_fa145daf-ee1a-4f43-b661-1d91e1b795f2,e3360d92-afbb-4eed-a781-a56f5b3ce2d8,anon_376d7289-fc63-4549-9336-2b8703819566,2026-01-17T10:00:04.653546+00:00,2026-01-17 10:00:04.653546+00:00,left,hopper,hopper::lvl-79.txt,patternCount,patternCount::lvl-7.txt,LEFT,win,1.0,True,False,False,1,1,4.412,4,0,0,17,1004.0,8.0,25.53483271260847,342.0748112191078,10,1,0,0,0,0,0,0,0,0
v_f2b15f3c-14b2-440f-a17d-eeb9fa800a46,btl_fa145daf-ee1a-4f43-b661-1d91e1b795f2,e3360d92-afbb-4eed-a781-a56f5b3ce2d8,anon_376d7289-fc63-4549-9336-2b8703819566,2026-01-17T10:00:04.653546+00:00,2026-01-17 10:00:04.653546+00:00,right,patternCount,patternCount::lvl-7.txt,hopper,hopper::lvl-79.txt,LEFT,loss,0.0,True,False,False,1,1,1.617,1,0,0,7,65.0,8.0,24.06369099888452,25.03385462830326,11,1,0,0,0,0,0,0,0,0
v_779b3ec2-8b22-4cc2-8a63-ab4071e4179c,btl_c330f21a-674a-467d-9d6e-9d42098a12ce,e3360d92-afbb-4eed-a781-a56f5b3ce2d8,anon_376d7289-fc63-4549-9336-2b8703819566,2026-01-17T09:59:55.973146+00:00,2026-01-17 09:59:55.973146+00:00,left,hopper,hopper::lvl-5.txt,ore,ore::lvl-33.txt,RIGHT,loss,0.0,True,False,False,1,1,4.751,5,0,1,18,923.0,8.0,34.64083795639169,317.52587626643196,15,1,0,0,0,0,0,0,0,0
v_779b3ec2-8b22-4cc2-8a63-ab4071e4179c,btl_c330f21a-674a-467d-9d6e-9d42098a12ce,e3360d92-afbb-4eed-a781-a56f5b3ce2d8,anon_376d7289-fc63-4549-9336-2b8703819566,2026-01-17T09:59:55.973146+00:00,2026-01-17 09:59:55.973146+00:00,right,ore,ore::lvl-33.txt,hopper,hopper::lvl-5.txt,RIGHT,win,1.0,True,False,True,0,0,47.037,43,2,0,177,3064.0,8.0,60.51036147864771,937.5236616589052,92,0,0,0,0,0,0,0,0,0
v_c30b6f90-13ad-42df-a255-26728a9de7a2,btl_ec8aa404-f614-46d5-986b-04e071087c3e,e3360d92-afbb-4eed-a781-a56f5b3ce2d8,anon_376d7289-fc63-4549-9336-2b8703819566,2026-01-17T09:59:00.037522+00:00,2026-01-17 09:59:00.037522+00:00,left,ore,ore::lvl-61.txt,mariogpt,mariogpt::level_000.txt,TIE,tie,0.5,True,False,True,0,0,137.145,44,0,1,479,3074.0,8.0,70.2687706741771,782.8309105644973,93,0,0,0,0,0,0,0,0,0
v_c30b6f90-13ad-42df-a255-26728a9de7a2,btl_ec8aa404-f614-46d5-986b-04e071087c3e,e3360d92-afbb-4eed-a781-a56f5b3ce2d8,anon_376d7289-fc63-4549-9336-2b8703819566,2026-01-17T09:59:00.037522+00:00,2026-01-17 09:59:00.037522+00:00,right,mariogpt,mariogpt::level_000.txt,ore,ore::lvl-61.txt,TIE,tie,0.5,True,False,True,0,0,49.236,32,6,5,183,2349.0,8.0,44.604231414312174,722.0183807964235,88,0,0,0,0,0,0,0,0,0
v_9cf80cba-9c88-4c09-9232-1c3d0bc44a87,btl_8dd5266c-92d6-434d-9fde-679ede95294b,df042a3b-c6a1-494d-b797-d4be48a4c3e2,anon_a9445e2d-8170-40b8-bfa3-9fdf5b9366fb,2026-01-14T21:29:54.237735+00:00,2026-01-14 21:29:54.237735+00:00,left,notchParam,notchParam::lvl-14.txt,mariogpt,mariogpt::level_007.txt,RIGHT,loss,0.0,True,False,False,1,1,11.302,5,0,0,43,3075.0,8.0,31.52045701419939,979.994388566842,11,1,0,0,0,0,0,0,0,0
v_9cf80cba-9c88-4c09-9232-1c3d0bc44a87,btl_8dd5266c-92d6-434d-9fde-679ede95294b,df042a3b-c6a1-494d-b797-d4be48a4c3e2,anon_a9445e2d-8170-40b8-bfa3-9fdf5b9366fb,2026-01-14T21:29:54.237735+00:00,2026-01-14 21:29:54.237735+00:00,right,mariogpt,mariogpt::level_007.txt,notchParam,notchParam::lvl-14.txt,RIGHT,win,1.0,True,False,True,0,0,32.274,28,6,2,122,2381.0,8.0,31.16299875278034,742.007624965259,68,0,0,0,0,0,0,0,0,0
v_7929a2b6-3de4-40ca-bf53-a30d4ac1f55d,btl_1db59ff7-f37d-40a5-9157-367453bc524d,df042a3b-c6a1-494d-b797-d4be48a4c3e2,anon_a9445e2d-8170-40b8-bfa3-9fdf5b9366fb,2026-01-14T21:29:07.102222+00:00,2026-01-14 21:29:07.102222+00:00,left,patternCount,patternCount::lvl-77.txt,patternWeightCount,patternWeightCount::lvl-23.txt,LEFT,win,1.0,True,False,False,1,1,0.709,0,0,0,3,8.0,8.0,75.07477753694793,0.0,8,1,0,0,0,0,0,0,0,0
v_7929a2b6-3de4-40ca-bf53-a30d4ac1f55d,btl_1db59ff7-f37d-40a5-9157-367453bc524d,df042a3b-c6a1-494d-b797-d4be48a4c3e2,anon_a9445e2d-8170-40b8-bfa3-9fdf5b9366fb,2026-01-14T21:29:07.102222+00:00,2026-01-14 21:29:07.102222+00:00,right,patternWeightCount,patternWeightCount::lvl-23.txt,patternCount,patternCount::lvl-77.txt,LEFT,loss,0.0,False,True,False,0,0,0.0,0,0,0,0,,,,,0,0,0,0,0,0,0,0,0,0
v_298d65a1-738c-45df-a339-eb4ec8cd8d7d,btl_c3b27dcf-000b-4b8e-a328-dc35199fb15f,df042a3b-c6a1-494d-b797-d4be48a4c3e2,anon_a9445e2d-8170-40b8-bfa3-9fdf5b9366fb,2026-01-14T21:28:59.706996+00:00,2026-01-14 21:28:59.706996+00:00,left,mariogan,mariogan::level_42.txt,notch,notch::lvl-7.txt,RIGHT,loss,0.0,True,False,True,0,0,22.216,20,0,1,84,2638.0,8.0,44.2245016661471,777.0733982877877,41,0,0,0,0,0,0,0,0,0
v_298d65a1-738c-45df-a339-eb4ec8cd8d7d,btl_c3b27dcf-000b-4b8e-a328-dc35199fb15f,df042a3b-c6a1-494d-b797-d4be48a4c3e2,anon_a9445e2d-8170-40b8-bfa3-9fdf5b9366fb,2026-01-14T21:28:59.706996+00:00,2026-01-14 21:28:59.706996+00:00,right,notch,notch::lvl-7.txt,mariogan,mariogan::level_42.txt,RIGHT,win,1.0,True,False,False,1,1,2.138,2,0,0,9,295.0,8.0,26.352313834736496,116.19141295484984,6,1,0,0,0,0,0,0,0,0
v_aa01348e-df3d-4e2d-ab2d-67cf30e9c1e2,btl_c6b11901-82c1-4c17-9a55-f04e8c4c6cef,df042a3b-c6a1-494d-b797-d4be48a4c3e2,anon_a9445e2d-8170-40b8-bfa3-9fdf5b9366fb,2026-01-14T21:28:29.604898+00:00,2026-01-14 21:28:29.604898+00:00,left,mariogan,mariogan::level_15.txt,genetic,genetic::lvl-4.txt,LEFT,win,1.0,True,False,False,1,1,1.448,1,0,0,6,8.0,8.0,11.925695879998878,0.0,5,1,0,0,0,0,0,0,0,0
v_aa01348e-df3d-4e2d-ab2d-67cf30e9c1e2,btl_c6b11901-82c1-4c17-9a55-f04e8c4c6cef,df042a3b-c6a1-494d-b797-d4be48a4c3e2,anon_a9445e2d-8170-40b8-bfa3-9fdf5b9366fb,2026-01-14T21:28:29.604898+00:00,2026-01-14 21:28:29.604898+00:00,right,genetic,genetic::lvl-4.txt,mariogan,mariogan::level_15.txt,LEFT,loss,0.0,True,False,False,1,1,3.005,4,0,0,12,475.0,8.0,33.49989635141511,176.13558145802216,9,1,0,0,0,0,0,0,0,0
v_740cca8b-9fc8-4457-af7f-3b5cec08f938,btl_852c8a97-dd50-4a71-bece-062e83a89f5d,df042a3b-c6a1-494d-b797-d4be48a4c3e2,anon_a9445e2d-8170-40b8-bfa3-9fdf5b9366fb,2026-01-14T21:28:21.548338+00:00,2026-01-14 21:28:21.548338+00:00,left,marioDiffusion,marioDiffusion::level_6.txt,patternCount,patternCount::lvl-63.txt,LEFT,win,1.0,True,False,False,1,1,0.437,0,0,0,2,8.0,8.0,0.0,0.0,2,1,0,0,0,0,0,0,0,0
v_740cca8b-9fc8-4457-af7f-3b5cec08f938,btl_852c8a97-dd50-4a71-bece-062e83a89f5d,df042a3b-c6a1-494d-b797-d4be48a4c3e2,anon_a9445e2d-8170-40b8-bfa3-9fdf5b9366fb,2026-01-14T21:28:21.548338+00:00,2026-01-14 21:28:21.548338+00:00,right,patternCount,patternCount::lvl-63.txt,marioDiffusion,marioDiffusion::level_6.txt,LEFT,loss,0.0,True,False,False,1,1,3.072,1,0,0,12,116.0,8.0,17.4515201502779,32.161376939843024,7,1,0,0,0,0,0,0,0,0
v_7aaec2a3-84e2-4579-ab9a-02012f5b8bbc,btl_bba4c573-9a20-4f48-b95d-363dcf6f37f3,df042a3b-c6a1-494d-b797-d4be48a4c3e2,anon_a9445e2d-8170-40b8-bfa3-9fdf5b9366fb,2026-01-14T21:28:15.285907+00:00,2026-01-14 21:28:15.285907+00:00,left,genetic,genetic::lvl-56.txt,notchParamRand,notchParamRand::lvl-11.txt,LEFT,win,1.0,True,False,False,1,1,7.848,5,2,0,29,408.0,8.0,22.12643379608877,157.86317620617703,15,1,0,0,0,0,0,0,0,0
v_7aaec2a3-84e2-4579-ab9a-02012f5b8bbc,btl_bba4c573-9a20-4f48-b95d-363dcf6f37f3,df042a3b-c6a1-494d-b797-d4be48a4c3e2,anon_a9445e2d-8170-40b8-bfa3-9fdf5b9366fb,2026-01-14T21:28:15.285907+00:00,2026-01-14 21:28:15.285907+00:00,right,notchParamRand,notchParamRand::lvl-11.txt,genetic,genetic::lvl-56.txt,LEFT,loss,0.0,True,False,False,1,1,10.473,8,0,1,40,2203.0,8.0,30.581857366746057,707.2278699259525,19,1,0,0,0,0,0,0,0,0
v_02f3bc32-ccb0-4006-938b-2020ba95c292,btl_f1cbe4c1-1e8f-4a8f-a1aa-54a241055149,788ae2aa-cbef-4862-8dfb-082b7d5b47fe,anon_a9445e2d-8170-40b8-bfa3-9fdf5b9366fb,2026-01-14T14:26:07.935796+00:00,2026-01-14 14:26:07.935796+00:00,left,original,original::lvl-14.txt,notch,notch::lvl-83.txt,LEFT,win,1.0,True,False,False,1,1,10.607,9,2,1,40,746.0,24.0,24.097912253969223,228.7711247076431,23,1,0,0,0,0,0,0,0,0
v_02f3bc32-ccb0-4006-938b-2020ba95c292,btl_f1cbe4c1-1e8f-4a8f-a1aa-54a241055149,788ae2aa-cbef-4862-8dfb-082b7d5b47fe,anon_a9445e2d-8170-40b8-bfa3-9fdf5b9366fb,2026-01-14T14:26:07.935796+00:00,2026-01-14 14:26:07.935796+00:00,right,notch,notch::lvl-83.txt,original,original::lvl-14.txt,LEFT,loss,0.0,True,False,False,1,1,2.169,1,0,0,9,284.0,8.0,27.211108842611402,94.64084154786921,2,1,0,0,0,0,0,0,0,0
v_153d3734-175b-4146-878f-320bee774963,btl_cbd22ee7-3680-4f0e-b5d1-314aaa961ceb,788ae2aa-cbef-4862-8dfb-082b7d5b47fe,anon_a9445e2d-8170-40b8-bfa3-9fdf5b9366fb,2026-01-14T14:25:52.298954+00:00,2026-01-14 14:25:52.298954+00:00,left,marioDiffusion,marioDiffusion::level_83.txt,notchParamRand,notchParamRand::lvl-27.txt,LEFT,win,1.0,True,False,False,1,1,15.616,17,0,0,59,1769.0,8.0,44.58881050675555,572.5905826106955,35,1,0,0,0,0,0,0,0,0
v_153d3734-175b-4146-878f-320bee774963,btl_cbd22ee7-3680-4f0e-b5d1-314aaa961ceb,788ae2aa-cbef-4862-8dfb-082b7d5b47fe,anon_a9445e2d-8170-40b8-bfa3-9fdf5b9366fb,2026-01-14T14:25:52.298954+00:00,2026-01-14 14:25:52.298954+00:00,right,notchParamRand,notchParamRand::lvl-27.txt,marioDiffusion,marioDiffusion::level_83.txt,LEFT,loss,0.0,True,False,True,0,0,11.042,8,1,1,42,3070.0,8.0,21.8961292513192,996.7324111481008,18,0,0,0,0,0,0,0,0,0
v_dd5513e3-b6db-4af3-952d-606e12dbc848,btl_efaa8e62-0667-4823-ab24-5209b04332de,788ae2aa-cbef-4862-8dfb-082b7d5b47fe,anon_a9445e2d-8170-40b8-bfa3-9fdf5b9366fb,2026-01-14T14:25:16.054367+00:00,2026-01-14 14:25:16.054367+00:00,left,mariogpt,mariogpt::level_033.txt,patternCount,patternCount::lvl-3.txt,LEFT,win,1.0,True,False,False,1,1,12.04,10,0,1,45,1037.0,8.0,30.804392824464998,337.00721756567475,24,1,0,0,0,0,0,0,0,0
v_dd5513e3-b6db-4af3-952d-606e12dbc848,btl_efaa8e62-0667-4823-ab24-5209b04332de,788ae2aa-cbef-4862-8dfb-082b7d5b47fe,anon_a9445e2d-8170-40b8-bfa3-9fdf5b9366fb,2026-01-14T14:25:16.054367+00:00,2026-01-14 14:25:16.054367+00:00,right,patternCount,patternCount::lvl-3.txt,mariogpt,mariogpt::level_033.txt,LEFT,loss,0.0,True,False,False,1,1,25.909,32,0,0,98,1228.0,8.0,29.89644246344392,350.09225713344426,97,1,0,0,0,0,0,0,0,0
v_6f64d777-9d5a-46f1-af23-8a9494578153,btl_ce8727f1-5d4d-4d3e-98a6-89399438a68c,788ae2aa-cbef-4862-8dfb-082b7d5b47fe,anon_a9445e2d-8170-40b8-bfa3-9fdf5b9366fb,2026-01-14T14:24:35.079616+00:00,2026-01-14 14:24:35.079616+00:00,left,ore,ore::lvl-69.txt,notchParam,notchParam::lvl-86.txt,LEFT,win,1.0,True,False,False,1,1,7.777,7,0,0,30,630.0,8.0,68.96843883658347,211.27933326917392,17,1,0,0,0,0,0,0,0,0
v_6f64d777-9d5a-46f1-af23-8a9494578153,btl_ce8727f1-5d4d-4d3e-98a6-89399438a68c,788ae2aa-cbef-4862-8dfb-082b7d5b47fe,anon_a9445e2d-8170-40b8-bfa3-9fdf5b9366fb,2026-01-14T14:24:35.079616+00:00,2026-01-14 14:24:35.079616+00:00,right,notchParam,notchParam::lvl-86.txt,ore,ore::lvl-69.txt,LEFT,loss,0.0,True,False,False,1,1,2.171,2,0,0,9,382.0,8.0,23.666405841024925,134.3320926328147,5,1,0,0,0,0,0,0,0,0
v_3dd3760a-1ba5-44bd-8506-47d5dbf4f29b,btl_28943c3a-64af-4bbc-b736-a7f495f92a04,788ae2aa-cbef-4862-8dfb-082b7d5b47fe,anon_a9445e2d-8170-40b8-bfa3-9fdf5b9366fb,2026-01-14T14:24:22.660202+00:00,2026-01-14 14:24:22.660202+00:00,left,marioDiffusion,marioDiffusion::level_72.txt,patternCount,patternCount::lvl-69.txt,TIE,tie,0.5,True,False,False,1,1,3.677,2,0,0,14,188.0,0.0,33.29276442810519,59.10700258938902,5,1,0,0,0,0,0,0,0,0
v_3dd3760a-1ba5-44bd-8506-47d5dbf4f29b,btl_28943c3a-64af-4bbc-b736-a7f495f92a04,788ae2aa-cbef-4862-8dfb-082b7d5b47fe,anon_a9445e2d-8170-40b8-bfa3-9fdf5b9366fb,2026-01-14T14:24:22.660202+00:00,2026-01-14 14:24:22.660202+00:00,right,patternCount,patternCount::lvl-69.txt,marioDiffusion,marioDiffusion::level_72.txt,TIE,tie,0.5,True,False,False,1,1,6.748,6,0,0,26,523.0,8.0,50.96512324111704,186.04952973547904,20,1,0,0,0,0,0,0,0,0
v_32cdf20e-6ccc-40b5-97a4-f4296ce0c45c,btl_b353569f-10d1-44e7-b6cc-8d4119da832d,48939b14-162c-4762-a4ef-122b7961cdb7,anon_376d7289-fc63-4549-9336-2b8703819566,2026-01-13T17:18:15.051860+00:00,2026-01-13 17:18:15.051860+00:00,left,patternWeightCount,patternWeightCount::lvl-89.txt,mariogan,mariogan::level_23.txt,LEFT,win,1.0,True,False,False,1,1,36.274,25,3,0,136,1925.0,8.0,31.85257369702749,516.6591634496291,76,1,0,0,0,0,0,0,0,0
v_32cdf20e-6ccc-40b5-97a4-f4296ce0c45c,btl_b353569f-10d1-44e7-b6cc-8d4119da832d,48939b14-162c-4762-a4ef-122b7961cdb7,anon_376d7289-fc63-4549-9336-2b8703819566,2026-01-13T17:18:15.051860+00:00,2026-01-13 17:18:15.051860+00:00,right,mariogan,mariogan::level_23.txt,patternWeightCount,patternWeightCount::lvl-89.txt,LEFT,loss,0.0,True,False,False,1,1,5.754,3,0,0,22,502.0,8.0,33.93896441827776,170.4093030867517,7,1,0,0,0,0,0,0,0,0
v_a2d8c246-41c8-4218-a495-8d8a86a8b834,btl_ac429e5c-7966-4658-8e33-46f2d85adf07,48939b14-162c-4762-a4ef-122b7961cdb7,anon_376d7289-fc63-4549-9336-2b8703819566,2026-01-13T17:17:30.409766+00:00,2026-01-13 17:17:30.409766+00:00,left,notchParam,notchParam::lvl-61.txt,genetic,genetic::lvl-50.txt,RIGHT,loss,0.0,True,False,False,1,1,3.869,3,0,0,15,548.0,8.0,34.818896529837865,181.46066607761955,7,1,0,0,0,0,0,0,0,0
v_a2d8c246-41c8-4218-a495-8d8a86a8b834,btl_ac429e5c-7966-4658-8e33-46f2d85adf07,48939b14-162c-4762-a4ef-122b7961cdb7,anon_376d7289-fc63-4549-9336-2b8703819566,2026-01-13T17:17:30.409766+00:00,2026-01-13 17:17:30.409766+00:00,right,genetic,genetic::lvl-50.txt,notchParam,notchParam::lvl-61.txt,RIGHT,win,1.0,True,False,False,1,1,7.805,3,0,0,30,840.0,8.0,18.892208858562714,233.66856870362346,7,1,0,0,0,0,0,0,0,0
v_11122dd6-5894-497e-b699-8e1ed7a38e4f,btl_4e7396f9-67b1-4026-955e-5cde37d48620,48939b14-162c-4762-a4ef-122b7961cdb7,anon_376d7289-fc63-4549-9336-2b8703819566,2026-01-13T17:17:16.524218+00:00,2026-01-13 17:17:16.524218+00:00,left,patternCount,patternCount::lvl-1.txt,original,original::lvl-11.txt,RIGHT,loss,0.0,True,False,False,1,1,0.731,0,0,0,3,8.0,8.0,75.07477753694793,0.0,4,1,0,0,0,0,0,0,0,0
v_11122dd6-5894-497e-b699-8e1ed7a38e4f,btl_4e7396f9-67b1-4026-955e-5cde37d48620,48939b14-162c-4762-a4ef-122b7961cdb7,anon_376d7289-fc63-4549-9336-2b8703819566,2026-01-13T17:17:16.524218+00:00,2026-01-13 17:17:16.524218+00:00,right,original,original::lvl-11.txt,patternCount,patternCount::lvl-1.txt,RIGHT,win,1.0,True,False,False,1,1,32.042,28,9,0,119,1869.0,8.0,42.4780681311653,494.08605412634455,77,1,0,0,0,0,0,0,0,0
v_60cb3dde-5fd2-4100-a8a5-167cc57c2fa9,btl_5a7f943a-107a-4e23-af63-acf832baa0c0,9b740099-0e65-411a-887f-ea75ad2310e0,anon_376d7289-fc63-4549-9336-2b8703819566,2026-01-13T17:15:48.225208+00:00,2026-01-13 17:15:48.225208+00:00,left,patternOccur,patternOccur::lvl-41.txt,mariogpt,mariogpt::level_076.txt,RIGHT,loss,0.0,True,False,False,1,1,39.306,36,1,0,146,1866.0,8.0,32.60415632354679,625.0008539307358,94,1,0,0,0,0,0,0,0,0
v_60cb3dde-5fd2-4100-a8a5-167cc57c2fa9,btl_5a7f943a-107a-4e23-af63-acf832baa0c0,9b740099-0e65-411a-887f-ea75ad2310e0,anon_376d7289-fc63-4549-9336-2b8703819566,2026-01-13T17:15:48.225208+00:00,2026-01-13 17:15:48.225208+00:00,right,mariogpt,mariogpt::level_076.txt,patternOccur,patternOccur::lvl-41.txt,RIGHT,win,1.0,True,False,True,0,0,49.19,38,3,4,183,2365.0,8.0,36.55893386215207,687.5337397219096,108,0,0,0,0,0,0,0,0,0
v_8a23453d-431a-4d65-aa42-4c3ba05df009,btl_ea21c594-7db4-461a-ba4a-1090bdf814ef,9b740099-0e65-411a-887f-ea75ad2310e0,anon_376d7289-fc63-4549-9336-2b8703819566,2026-01-13T17:14:07.896181+00:00,2026-01-13 17:14:07.896181+00:00,left,mariogan,mariogan::level_26.txt,original,original::lvl-8.txt,RIGHT,loss,0.0,True,False,True,0,0,18.447,21,0,1,70,2653.0,8.0,48.93017932707372,855.6655675375677,45,0,0,0,0,0,0,0,0,0
v_8a23453d-431a-4d65-aa42-4c3ba05df009,btl_ea21c594-7db4-461a-ba4a-1090bdf814ef,9b740099-0e65-411a-887f-ea75ad2310e0,anon_376d7289-fc63-4549-9336-2b8703819566,2026-01-13T17:14:07.896181+00:00,2026-01-13 17:14:07.896181+00:00,right,original,original::lvl-8.txt,mariogan,mariogan::level_26.txt,RIGHT,win,1.0,True,False,True,0,0,56.345,49,19,3,210,2966.0,8.0,48.723436276912835,871.8080943135694,130,0,0,0,0,0,0,0,0,0
v_61bea40e-db7e-4c20-8b0e-dd1c65236e9a,btl_e9e3de9e-ea51-42b3-a3bd-219fd81aa6e8,9b740099-0e65-411a-887f-ea75ad2310e0,anon_376d7289-fc63-4549-9336-2b8703819566,2026-01-13T17:12:50.472962+00:00,2026-01-13 17:12:50.472962+00:00,left,mariogpt,mariogpt::level_067.txt,notchParam,notchParam::lvl-71.txt,RIGHT,loss,0.0,True,False,False,1,1,5.863,2,1,0,23,64.0,0.0,15.583909107229221,11.948693089231254,7,1,1,0,0,0,0,0,1,0
v_61bea40e-db7e-4c20-8b0e-dd1c65236e9a,btl_e9e3de9e-ea51-42b3-a3bd-219fd81aa6e8,9b740099-0e65-411a-887f-ea75ad2310e0,anon_376d7289-fc63-4549-9336-2b8703819566,2026-01-13T17:12:50.472962+00:00,2026-01-13 17:12:50.472962+00:00,right,notchParam,notchParam::lvl-71.txt,mariogpt,mariogpt::level_067.txt,RIGHT,win,1.0,True,False,False,1,1,5.67,4,0,0,22,622.0,8.0,22.71345034217129,191.0513106623064,10,1,0,0,0,0,0,0,0,0
v_77a69e1f-ea76-49a8-bd8c-eb32428e8458,btl_3f8b9aa5-e850-4190-b3d5-aba530557d38,620dabc4-41a2-4db9-9f14-0b17f64361c3,anon_2caf6547-3ac7-446b-9aeb-b6d642d8403f,2026-01-12T11:06:58.371887+00:00,2026-01-12 11:06:58.371887+00:00,left,notchParam,notchParam::lvl-63.txt,mariogan,mariogan::level_6.txt,RIGHT,loss,0.0,True,False,False,1,1,12.905,10,0,1,49,1249.0,8.0,29.175052244501426,347.4786136183287,23,1,0,0,0,0,0,0,0,0
v_77a69e1f-ea76-49a8-bd8c-eb32428e8458,btl_3f8b9aa5-e850-4190-b3d5-aba530557d38,620dabc4-41a2-4db9-9f14-0b17f64361c3,anon_2caf6547-3ac7-446b-9aeb-b6d642d8403f,2026-01-12T11:06:58.371887+00:00,2026-01-12 11:06:58.371887+00:00,right,mariogan,mariogan::level_6.txt,notchParam,notchParam::lvl-63.txt,RIGHT,win,1.0,True,False,True,0,0,28.314,30,0,7,107,2660.0,8.0,32.6211495937993,747.2339998535699,68,0,0,0,0,0,0,0,0,0
v_437d33e0-1d2a-43bb-b88e-7a7dfc52196c,btl_a3fa3be4-e353-46cd-91b2-468ff45798ad,620dabc4-41a2-4db9-9f14-0b17f64361c3,anon_2caf6547-3ac7-446b-9aeb-b6d642d8403f,2026-01-12T11:06:05.495636+00:00,2026-01-12 11:06:05.495636+00:00,left,original,original::lvl-8.txt,patternCount,patternCount::lvl-71.txt,SKIP,skip,,True,False,False,1,1,26.911,14,3,2,102,1979.0,0.0,70.63950276049445,629.73595523676,34,1,0,0,0,0,0,0,0,0
v_437d33e0-1d2a-43bb-b88e-7a7dfc52196c,btl_a3fa3be4-e353-46cd-91b2-468ff45798ad,620dabc4-41a2-4db9-9f14-0b17f64361c3,anon_2caf6547-3ac7-446b-9aeb-b6d642d8403f,2026-01-12T11:06:05.495636+00:00,2026-01-12 11:06:05.495636+00:00,right,patternCount,patternCount::lvl-71.txt,original,original::lvl-8.txt,SKIP,skip,,True,False,False,1,1,2.171,1,0,0,9,118.0,8.0,41.88078318274385,44.889988985419805,9,1,0,0,0,0,0,0,0,0
v_a76f6c56-aec2-4759-8255-d8fb8130ce67,btl_1edf4c00-6110-439f-b98c-2750d8e8e641,620dabc4-41a2-4db9-9f14-0b17f64361c3,anon_2caf6547-3ac7-446b-9aeb-b6d642d8403f,2026-01-12T11:05:25.764047+00:00,2026-01-12 11:05:25.764047+00:00,left,mariogan,mariogan::level_28.txt,patternCount,patternCount::lvl-99.txt,RIGHT,loss,0.0,True,False,False,1,1,23.278,16,0,2,88,964.0,8.0,28.658964746315917,263.3034121585568,34,1,1,0,0,0,0,0,1,0
v_a76f6c56-aec2-4759-8255-d8fb8130ce67,btl_1edf4c00-6110-439f-b98c-2750d8e8e641,620dabc4-41a2-4db9-9f14-0b17f64361c3,anon_2caf6547-3ac7-446b-9aeb-b6d642d8403f,2026-01-12T11:05:25.764047+00:00,2026-01-12 11:05:25.764047+00:00,right,patternCount,patternCount::lvl-99.txt,mariogan,mariogan::level_28.txt,RIGHT,win,1.0,True,False,False,1,1,5.879,5,1,0,23,190.0,8.0,33.88728118464148,64.47097499074361,18,1,0,0,0,0,0,0,0,0
v_d005ad7c-5295-48b5-a08e-7a246161a77b,btl_8995a42e-ddd2-4cd3-bef8-8603da736b69,620dabc4-41a2-4db9-9f14-0b17f64361c3,anon_2caf6547-3ac7-446b-9aeb-b6d642d8403f,2026-01-12T11:04:42.334002+00:00,2026-01-12 11:04:42.334002+00:00,left,notchParam,notchParam::lvl-51.txt,notchParamRand,notchParamRand::lvl-6.txt,TIE,tie,0.5,True,False,False,1,1,22.809,11,0,0,86,2579.0,8.0,22.608383269283944,782.8803014428428,24,1,0,0,0,0,0,0,0,0
v_d005ad7c-5295-48b5-a08e-7a246161a77b,btl_8995a42e-ddd2-4cd3-bef8-8603da736b69,620dabc4-41a2-4db9-9f14-0b17f64361c3,anon_2caf6547-3ac7-446b-9aeb-b6d642d8403f,2026-01-12T11:04:42.334002+00:00,2026-01-12 11:04:42.334002+00:00,right,notchParamRand,notchParamRand::lvl-6.txt,notchParam,notchParam::lvl-51.txt,TIE,tie,0.5,True,False,False,1,1,20.446,12,1,1,77,3031.0,8.0,24.26972874824191,941.175882156811,27,1,0,0,0,0,0,0,0,0
v_cbe5b5dd-8846-46ee-9755-4cf342ca1fa6,btl_2aa6b240-4f41-48a6-991a-856fc154c659,620dabc4-41a2-4db9-9f14-0b17f64361c3,anon_2caf6547-3ac7-446b-9aeb-b6d642d8403f,2026-01-12T11:03:50.341057+00:00,2026-01-12 11:03:50.341057+00:00,left,original,original::lvl-4.txt,patternOccur,patternOccur::lvl-27.txt,RIGHT,loss,0.0,True,False,False,1,1,12.873,8,0,2,49,614.0,40.0,50.106467238691096,203.2404828707879,20,1,0,0,0,0,0,0,0,0
v_cbe5b5dd-8846-46ee-9755-4cf342ca1fa6,btl_2aa6b240-4f41-48a6-991a-856fc154c659,620dabc4-41a2-4db9-9f14-0b17f64361c3,anon_2caf6547-3ac7-446b-9aeb-b6d642d8403f,2026-01-12T11:03:50.341057+00:00,2026-01-12 11:03:50.341057+00:00,right,patternOccur,patternOccur::lvl-27.txt,original,original::lvl-4.txt,RIGHT,win,1.0,True,False,False,1,1,17.639,10,0,0,67,842.0,8.0,36.61968205533489,291.65192316532483,30,1,0,0,0,0,0,0,0,0
v_ce55e102-0594-4f36-abcf-08ee36836c41,btl_a933ff83-d281-421f-9539-5a60d8d5ce7d,620dabc4-41a2-4db9-9f14-0b17f64361c3,anon_2caf6547-3ac7-446b-9aeb-b6d642d8403f,2026-01-12T11:03:10.370560+00:00,2026-01-12 11:03:10.370560+00:00,left,patternWeightCount,patternWeightCount::lvl-91.txt,patternOccur,patternOccur::lvl-91.txt,RIGHT,loss,0.0,True,False,False,1,1,0.707,0,0,0,3,8.0,8.0,75.07477753694793,0.0,6,1,0,0,0,0,0,0,0,0
v_ce55e102-0594-4f36-abcf-08ee36836c41,btl_a933ff83-d281-421f-9539-5a60d8d5ce7d,620dabc4-41a2-4db9-9f14-0b17f64361c3,anon_2caf6547-3ac7-446b-9aeb-b6d642d8403f,2026-01-12T11:03:10.370560+00:00,2026-01-12 11:03:10.370560+00:00,right,patternOccur,patternOccur::lvl-91.txt,patternWeightCount,patternWeightCount::lvl-91.txt,RIGHT,win,1.0,True,False,False,1,1,37.049,22,1,0,140,1195.0,8.0,34.046333225803465,402.1298554102205,53,1,0,0,0,0,0,0,0,0
v_c7579e3b-f232-43cb-bde5-0ededf0513f8,btl_df7cf3d6-ace7-4448-b8b4-fb4a1637cdea,99bb7e95-f23e-4102-aa5c-6a19172430ac,anon_376d7289-fc63-4549-9336-2b8703819566,2026-01-11T15:47:15.369073+00:00,2026-01-11 15:47:15.369073+00:00,left,notch,notch::lvl-4.txt,notchParam,notchParam::lvl-43.txt,LEFT,win,1.0,True,False,True,0,0,21.637,22,1,2,82,2307.0,8.0,29.331953124920716,719.3839564306254,50,0,0,0,0,0,0,0,0,0
v_c7579e3b-f232-43cb-bde5-0ededf0513f8,btl_df7cf3d6-ace7-4448-b8b4-fb4a1637cdea,99bb7e95-f23e-4102-aa5c-6a19172430ac,anon_376d7289-fc63-4549-9336-2b8703819566,2026-01-11T15:47:15.369073+00:00,2026-01-11 15:47:15.369073+00:00,right,notchParam,notchParam::lvl-43.txt,notch,notch::lvl-4.txt,LEFT,loss,0.0,True,False,False,1,1,2.615,1,0,0,10,210.0,8.0,18.90634814024115,71.25756100232451,3,1,0,0,0,0,0,0,0,0
v_33dbb9c6-6b6c-46c1-a8bd-b3d1bf5a15ad,btl_64344e09-470c-40a9-9c34-63b1aac76864,f9186f04-d731-46e5-90d0-b6e329a0320c,anon_6169b215-ab69-49a2-a586-55c0a7f2fcf7,2026-01-09T09:59:32.726193+00:00,2026-01-09 09:59:32.726193+00:00,left,ore,ore::lvl-81.txt,genetic,genetic::lvl-46.txt,SKIP,skip,,True,False,False,1,1,4.241,2,1,0,17,240.0,8.0,13.987636656660563,79.29542676524513,7,1,0,0,0,0,0,0,0,0
v_33dbb9c6-6b6c-46c1-a8bd-b3d1bf5a15ad,btl_64344e09-470c-40a9-9c34-63b1aac76864,f9186f04-d731-46e5-90d0-b6e329a0320c,anon_6169b215-ab69-49a2-a586-55c0a7f2fcf7,2026-01-09T09:59:32.726193+00:00,2026-01-09 09:59:32.726193+00:00,right,genetic,genetic::lvl-46.txt,ore,ore::lvl-81.txt,SKIP,skip,,True,False,False,1,1,2.44,2,0,0,10,226.0,8.0,27.0747114481392,77.17959574913566,5,1,0,0,0,0,0,0,0,0
