vote_id,player_id,session_id,created_at,result,left_generator_id,right_generator_id,left_level_id,right_level_id,left_tags,right_tags
v_c778af22-8c6e-4006-ad72-63e94418d6a2,anon_64941084-f829-4939-8305-bb3433681a53,112c0f47-d1ce-4d53-869d-349673aec9e5,2026-05-03 13:43:53.109517+00:00,LEFT,notchParam,patternOccur,notchParam::lvl-73.txt,patternOccur::lvl-54.txt,[],['too_hard']
v_39dc82dd-094f-4e30-a116-69cb0eed7b1c,anon_64941084-f829-4939-8305-bb3433681a53,112c0f47-d1ce-4d53-869d-349673aec9e5,2026-05-03 13:43:29.600624+00:00,RIGHT,patternOccur,mariodpo,patternOccur::lvl-97.txt,mariodpo::mariodpo_nintendo_0187.txt,[],"['creative', 'fun']"
v_97138801-80dd-4402-b6bf-7659b63f306f,anon_64941084-f829-4939-8305-bb3433681a53,112c0f47-d1ce-4d53-869d-349673aec9e5,2026-05-03 13:42:17.652921+00:00,RIGHT,hopper,notch,hopper::lvl-67.txt,notch::lvl-65.txt,[],['fun']
v_c064b539-73e1-46ff-9a6b-f7605862a306,anon_64941084-f829-4939-8305-bb3433681a53,112c0f47-d1ce-4d53-869d-349673aec9e5,2026-05-03 13:41:04.894363+00:00,LEFT,genetic,mariogan,genetic::lvl-61.txt,mariogan::level_41.txt,[],[]
v_2e3218e9-6549-421f-81d8-86f4bcba1d21,anon_7f556d66-9db3-4f99-890e-799fd9038dfc,7beec95e-b422-4fcb-addc-03f96b1c68c5,2026-04-25 16:15:52.251023+00:00,RIGHT,hopper,ore,hopper::lvl-73.txt,ore::lvl-22.txt,[],[]
v_00502e23-43e8-4c71-8381-2cd1215a5ab5,anon_7f556d66-9db3-4f99-890e-799fd9038dfc,7beec95e-b422-4fcb-addc-03f96b1c68c5,2026-04-25 16:15:25.899536+00:00,LEFT,mariogan,patternOccur,mariogan::level_14.txt,patternOccur::lvl-30.txt,[],[]
v_a28b8659-16d8-4b21-9bdc-de7366b024b4,anon_64941084-f829-4939-8305-bb3433681a53,e003ece7-0621-485e-bfad-18aa3d0873ee,2026-04-20 16:57:04.726625+00:00,RIGHT,mariogan,marioDiffusion,mariogan::level_59.txt,marioDiffusion::level_31.txt,[],['too_hard']
v_b29d10d0-9d7f-499f-85ff-5a457fce3537,anon_64941084-f829-4939-8305-bb3433681a53,e003ece7-0621-485e-bfad-18aa3d0873ee,2026-04-20 16:56:36.739390+00:00,TIE,genetic,notchParamRand,genetic::lvl-56.txt,notchParamRand::lvl-43.txt,['too_hard'],['too_easy']
v_8e239290-bba7-485e-9663-e5de9cbd49ca,anon_64941084-f829-4939-8305-bb3433681a53,e003ece7-0621-485e-bfad-18aa3d0873ee,2026-04-20 16:56:00.829538+00:00,LEFT,ore,mariogan,ore::lvl-77.txt,mariogan::level_49.txt,[],"['boring', 'broken_graphics']"
v_fa61c9e1-dfac-4670-9eb8-532732792041,anon_64941084-f829-4939-8305-bb3433681a53,e003ece7-0621-485e-bfad-18aa3d0873ee,2026-04-20 16:54:05.463697+00:00,LEFT,notchParam,patternWeightCount,notchParam::lvl-19.txt,patternWeightCount::lvl-7.txt,['too_easy'],['too_hard']
v_6aef3ed1-e540-438e-a476-5517ffbd47a8,anon_64941084-f829-4939-8305-bb3433681a53,e003ece7-0621-485e-bfad-18aa3d0873ee,2026-04-20 16:53:16.071148+00:00,RIGHT,patternOccur,notchParamRand,patternOccur::lvl-55.txt,notchParamRand::lvl-67.txt,['too_hard'],"['boring', 'too_easy']"
v_9d53fcd7-4c02-4b19-a223-8d2c85f26f21,anon_64941084-f829-4939-8305-bb3433681a53,e003ece7-0621-485e-bfad-18aa3d0873ee,2026-04-20 16:52:19.709246+00:00,TIE,marioDiffusion,notchParam,marioDiffusion::level_7.txt,notchParam::lvl-30.txt,['impossible'],['boring']
v_8f96ce20-7de1-4998-b320-7bf8e957ed02,anon_64941084-f829-4939-8305-bb3433681a53,e003ece7-0621-485e-bfad-18aa3d0873ee,2026-04-20 16:51:45.011547+00:00,RIGHT,patternOccur,mariogpt,patternOccur::lvl-30.txt,mariogpt::level_094.txt,['boring'],[]
v_4147aa4f-37c6-4d94-ba5d-95b9ce384a77,anon_7fd917a4-994c-4a2c-8ff4-d9f9e44d2530,9434b508-0a65-4290-b91c-34b2ac8f93f4,2026-04-15 16:43:54.845231+00:00,LEFT,hopper,patternWeightCount,hopper::lvl-71.txt,patternWeightCount::lvl-99.txt,[],[]
v_4c579da2-26ed-41bb-a9fd-a8007c4749ec,anon_a9445e2d-8170-40b8-bfa3-9fdf5b9366fb,77fe0301-e9df-4719-beae-30e33777b294,2026-04-11 11:49:41.897776+00:00,RIGHT,patternWeightCount,hopper,patternWeightCount::lvl-55.txt,hopper::lvl-18.txt,[],[]
v_98a0bf27-6680-4069-81c1-b817cdf3ebff,anon_a9445e2d-8170-40b8-bfa3-9fdf5b9366fb,77fe0301-e9df-4719-beae-30e33777b294,2026-04-11 11:48:56.691991+00:00,LEFT,mariogan,ore,mariogan::level_79.txt,ore::lvl-76.txt,[],[]
v_16f266a1-2b1c-4211-9ea2-1986cfbc2695,anon_a9445e2d-8170-40b8-bfa3-9fdf5b9366fb,95b32c22-7dd0-48d0-8508-0b41ab1d9bf0,2026-04-11 11:47:54.781601+00:00,TIE,original,mariogpt,original::lvl-5.txt,mariogpt::level_052.txt,['fun'],['creative']
v_5ca08d66-cabe-42e7-8474-44c5d7c2a54d,anon_a9445e2d-8170-40b8-bfa3-9fdf5b9366fb,95b32c22-7dd0-48d0-8508-0b41ab1d9bf0,2026-04-11 11:46:53.057954+00:00,LEFT,genetic,patternCount,genetic::lvl-6.txt,patternCount::lvl-65.txt,[],[]
v_ddfaceb0-e669-473c-9a16-8405259ce835,anon_a9445e2d-8170-40b8-bfa3-9fdf5b9366fb,95b32c22-7dd0-48d0-8508-0b41ab1d9bf0,2026-04-11 11:46:26.581999+00:00,TIE,notchParam,notch,notchParam::lvl-28.txt,notch::lvl-16.txt,[],[]
v_4246c1e4-f33c-4e3c-8296-13526e015029,anon_376d7289-fc63-4549-9336-2b8703819566,a9736245-5fb9-4d79-9b04-b26463484bc3,2026-04-01 18:10:06.386432+00:00,RIGHT,marioDiffusion,mariogan,marioDiffusion::level_1.txt,mariogan::level_82.txt,[],[]
v_e6bd1f81-402a-408b-8a32-1854f974a3f4,anon_376d7289-fc63-4549-9336-2b8703819566,a9736245-5fb9-4d79-9b04-b26463484bc3,2026-04-01 18:09:57.733171+00:00,LEFT,original,notch,original::lvl-9.txt,notch::lvl-63.txt,[],[]
v_39c85800-3802-46ab-a4e5-56a1122d09d4,anon_376d7289-fc63-4549-9336-2b8703819566,a9736245-5fb9-4d79-9b04-b26463484bc3,2026-04-01 18:09:49.716894+00:00,LEFT,marioDiffusion,genetic,marioDiffusion::level_53.txt,genetic::lvl-28.txt,[],[]
v_2b4215f2-6cca-4119-afca-74c356e4f9a4,anon_376d7289-fc63-4549-9336-2b8703819566,a9736245-5fb9-4d79-9b04-b26463484bc3,2026-04-01 18:09:41.405898+00:00,TIE,mariogpt,original,mariogpt::level_065.txt,original::lvl-6.txt,"['fun', 'impossible']","['creative', 'fun']"
v_fbe22377-31fd-4f2b-9487-c7ee5e896add,anon_376d7289-fc63-4549-9336-2b8703819566,a9736245-5fb9-4d79-9b04-b26463484bc3,2026-04-01 17:46:38.570999+00:00,RIGHT,notch,mariogan,notch::lvl-84.txt,mariogan::level_13.txt,[],[]
v_1c62c109-faac-4c07-8789-4e23d02ec2f4,anon_376d7289-fc63-4549-9336-2b8703819566,a9736245-5fb9-4d79-9b04-b26463484bc3,2026-04-01 17:46:05.366954+00:00,TIE,patternCount,patternWeightCount,patternCount::lvl-1.txt,patternWeightCount::lvl-32.txt,[],[]
v_d0810f31-24e6-4be6-af92-67c24505a4c0,anon_376d7289-fc63-4549-9336-2b8703819566,a9736245-5fb9-4d79-9b04-b26463484bc3,2026-04-01 17:45:55.465353+00:00,RIGHT,notchParamRand,patternOccur,notchParamRand::lvl-11.txt,patternOccur::lvl-16.txt,[],[]
v_8ba9489c-23be-4805-bb0a-a9b9e2064e72,anon_3671cb82-b46b-414a-916a-69c2c19e992e,8785441c-5a51-46b2-a08c-3a2a3999c6ef,2026-03-30 10:27:09.468987+00:00,LEFT,marioDiffusion,ore,marioDiffusion::level_82.txt,ore::lvl-18.txt,[],[]
v_fb5a57c2-9a9a-435e-8171-1725cc10182d,anon_376d7289-fc63-4549-9336-2b8703819566,58043f9f-0046-49cb-a255-3c113546e1b6,2026-03-29 19:40:32.401083+00:00,RIGHT,marioDiffusion,notch,marioDiffusion::level_73.txt,notch::lvl-97.txt,[],[]
v_113ffa6a-8b47-4cc0-ad2f-36e38dc62c48,anon_376d7289-fc63-4549-9336-2b8703819566,58043f9f-0046-49cb-a255-3c113546e1b6,2026-03-29 19:40:22.007206+00:00,LEFT,patternCount,notchParam,patternCount::lvl-71.txt,notchParam::lvl-47.txt,[],[]
v_7ab4ab3f-0982-4a5a-be8d-d151a418f3ed,anon_376d7289-fc63-4549-9336-2b8703819566,58043f9f-0046-49cb-a255-3c113546e1b6,2026-03-29 19:39:40.123730+00:00,LEFT,mariodpo,notch,mariodpo::mariodpo_nintendo_0144.txt,notch::lvl-90.txt,[],[]
v_8231e11c-8cda-417f-810c-e9ac2fdbd1af,anon_376d7289-fc63-4549-9336-2b8703819566,58043f9f-0046-49cb-a255-3c113546e1b6,2026-03-29 19:38:38.019692+00:00,LEFT,ore,genetic,ore::lvl-51.txt,genetic::lvl-99.txt,[],[]
v_051b5e38-b3b8-40fa-8eda-b9d1b4782125,anon_376d7289-fc63-4549-9336-2b8703819566,58043f9f-0046-49cb-a255-3c113546e1b6,2026-03-29 19:38:25.351141+00:00,LEFT,ore,genetic,ore::lvl-32.txt,genetic::lvl-19.txt,[],[]
v_e0299f95-e13a-4a93-9165-a59e85d8a41e,anon_376d7289-fc63-4549-9336-2b8703819566,58043f9f-0046-49cb-a255-3c113546e1b6,2026-03-29 19:38:11.185027+00:00,LEFT,ore,patternOccur,ore::lvl-92.txt,patternOccur::lvl-88.txt,[],[]
v_21e26233-b8f7-471c-a670-c38e609563c3,anon_376d7289-fc63-4549-9336-2b8703819566,58043f9f-0046-49cb-a255-3c113546e1b6,2026-03-29 19:37:55.818631+00:00,LEFT,notchParam,patternOccur,notchParam::lvl-100.txt,patternOccur::lvl-35.txt,[],[]
v_54ad2ae7-aa1f-45a2-a57b-199b0a49f2bb,anon_376d7289-fc63-4549-9336-2b8703819566,58043f9f-0046-49cb-a255-3c113546e1b6,2026-03-29 19:37:49.102697+00:00,LEFT,notchParam,notchParamRand,notchParam::lvl-95.txt,notchParamRand::lvl-93.txt,[],[]
v_076f9734-9c20-4102-9a81-94acf61f701a,anon_376d7289-fc63-4549-9336-2b8703819566,58043f9f-0046-49cb-a255-3c113546e1b6,2026-03-29 19:37:31.246875+00:00,LEFT,marioDiffusion,hopper,marioDiffusion::level_24.txt,hopper::lvl-15.txt,[],[]
v_ab585941-4497-4867-aebd-32d24e2ed430,anon_64e4cafb-01c2-4a94-b89d-7542388b8615,5ae92f4a-93e4-4532-89f6-f50d56a997d0,2026-03-28 14:05:24.525311+00:00,LEFT,mariodpo,patternCount,mariodpo::mariodpo_nintendo_0022.txt,patternCount::lvl-46.txt,[],[]
v_4683698d-22c1-45bc-a90e-38947bd4ff22,anon_01f06b56-688b-42ca-9612-970ea110d6af,c237b949-f073-453e-8d76-3e46db06dc74,2026-03-28 13:55:30.050520+00:00,RIGHT,patternWeightCount,hopper,patternWeightCount::lvl-34.txt,hopper::lvl-85.txt,[],[]
v_418dafd4-091b-4d9f-98f0-b6bfb2b15bbd,anon_01f06b56-688b-42ca-9612-970ea110d6af,c237b949-f073-453e-8d76-3e46db06dc74,2026-03-28 13:55:17.193769+00:00,RIGHT,patternWeightCount,notch,patternWeightCount::lvl-29.txt,notch::lvl-84.txt,[],[]
v_37c3e480-aaaa-47b2-8718-778c2c4ad869,anon_01f06b56-688b-42ca-9612-970ea110d6af,0c05b5d4-17da-4879-b6bd-1803bcc5c54c,2026-03-28 13:54:42.189031+00:00,RIGHT,patternCount,notch,patternCount::lvl-67.txt,notch::lvl-22.txt,[],[]
v_9275f8b7-bd59-4bf1-948d-10935226b332,anon_67727a39-e98e-4154-9070-30f589713663,8b836a93-37df-4663-b89d-e768c3c72ded,2026-03-28 12:26:03.381358+00:00,LEFT,notchParamRand,patternCount,notchParamRand::lvl-87.txt,patternCount::lvl-92.txt,[],[]
v_6c660d45-8d9a-451f-9e7f-4507c79f1bda,anon_67727a39-e98e-4154-9070-30f589713663,8b836a93-37df-4663-b89d-e768c3c72ded,2026-03-28 12:25:40.099747+00:00,TIE,patternCount,notchParam,patternCount::lvl-34.txt,notchParam::lvl-32.txt,[],[]
v_33a79877-eb9f-488b-b509-004cb6cba29e,anon_67727a39-e98e-4154-9070-30f589713663,8b836a93-37df-4663-b89d-e768c3c72ded,2026-03-28 12:25:31.997428+00:00,RIGHT,notchParamRand,mariogan,notchParamRand::lvl-13.txt,mariogan::level_99.txt,[],[]
v_5295a855-e411-47ba-9ff4-1074dc1a11c7,anon_64941084-f829-4939-8305-bb3433681a53,ac72b3d6-9828-4f51-bbb7-babbef3afabf,2026-03-27 22:32:03.742035+00:00,LEFT,original,patternOccur,original::lvl-13.txt,patternOccur::lvl-68.txt,"['creative', 'fun']",[]
v_3193cdb6-6c93-45a2-9b94-630ebcf7d621,anon_64941084-f829-4939-8305-bb3433681a53,ac72b3d6-9828-4f51-bbb7-babbef3afabf,2026-03-27 22:31:25.171520+00:00,TIE,patternWeightCount,ore,patternWeightCount::lvl-55.txt,ore::lvl-50.txt,[],[]
v_052bd6e2-a40a-42f0-896c-43a5dd8615d8,anon_64941084-f829-4939-8305-bb3433681a53,ac72b3d6-9828-4f51-bbb7-babbef3afabf,2026-03-27 22:31:01.489589+00:00,LEFT,ore,marioDiffusion,ore::lvl-9.txt,marioDiffusion::level_93.txt,[],['impossible']
v_cf3e4f9c-1887-4fe2-8093-cd795e3aa655,anon_64941084-f829-4939-8305-bb3433681a53,ac72b3d6-9828-4f51-bbb7-babbef3afabf,2026-03-27 22:30:46.356073+00:00,RIGHT,notchParamRand,hopper,notchParamRand::lvl-62.txt,hopper::lvl-49.txt,[],[]
v_e4258d97-0584-438d-8fbf-ac3d63c7dbbd,anon_64941084-f829-4939-8305-bb3433681a53,ac72b3d6-9828-4f51-bbb7-babbef3afabf,2026-03-27 22:30:33.421591+00:00,RIGHT,ore,notch,ore::lvl-46.txt,notch::lvl-73.txt,[],[]
v_59ad9e0d-8f05-4c08-83a3-03ccaefabfe4,anon_64941084-f829-4939-8305-bb3433681a53,ac72b3d6-9828-4f51-bbb7-babbef3afabf,2026-03-27 22:30:05.367611+00:00,RIGHT,patternOccur,notch,patternOccur::lvl-52.txt,notch::lvl-57.txt,"['broken_graphics', 'too_hard']",[]
v_bb35e6a9-03d9-448b-8c42-131f948038b9,anon_64941084-f829-4939-8305-bb3433681a53,ac72b3d6-9828-4f51-bbb7-babbef3afabf,2026-03-27 22:29:43.881153+00:00,RIGHT,mariogpt,hopper,mariogpt::level_069.txt,hopper::lvl-32.txt,[],[]
v_123cfce0-babe-4a57-9150-7d3501d9764a,anon_64941084-f829-4939-8305-bb3433681a53,ac72b3d6-9828-4f51-bbb7-babbef3afabf,2026-03-27 22:29:30.943467+00:00,RIGHT,mariogan,notch,mariogan::level_46.txt,notch::lvl-59.txt,[],[]
v_c9e6c69e-1e9d-4cac-ad1d-7691d4477489,anon_64941084-f829-4939-8305-bb3433681a53,ac72b3d6-9828-4f51-bbb7-babbef3afabf,2026-03-27 22:29:04.808729+00:00,RIGHT,notchParamRand,mariogan,notchParamRand::lvl-19.txt,mariogan::level_7.txt,[],[]
v_2a2720b4-6163-4e88-a81e-342bf90456dc,anon_64941084-f829-4939-8305-bb3433681a53,ac72b3d6-9828-4f51-bbb7-babbef3afabf,2026-03-27 22:28:29.883964+00:00,LEFT,notchParamRand,patternWeightCount,notchParamRand::lvl-97.txt,patternWeightCount::lvl-80.txt,[],[]
v_97907926-d1f4-4e73-a9b6-be253cd87958,anon_64941084-f829-4939-8305-bb3433681a53,ac72b3d6-9828-4f51-bbb7-babbef3afabf,2026-03-27 22:27:52.471796+00:00,LEFT,hopper,mariogan,hopper::lvl-80.txt,mariogan::level_40.txt,[],['broken_graphics']
v_21ed583a-b48b-4935-bd81-bc2e550d841a,anon_64941084-f829-4939-8305-bb3433681a53,ac72b3d6-9828-4f51-bbb7-babbef3afabf,2026-03-27 22:26:45.198414+00:00,RIGHT,notch,mariogpt,notch::lvl-83.txt,mariogpt::level_079.txt,[],[]
v_0c6f824d-0928-47f5-860e-5374cef7ffc0,anon_64941084-f829-4939-8305-bb3433681a53,ac72b3d6-9828-4f51-bbb7-babbef3afabf,2026-03-27 22:25:47.945500+00:00,LEFT,notch,mariogan,notch::lvl-14.txt,mariogan::level_85.txt,[],['impossible']
v_34da7c62-ddd8-4fc8-8718-27b7043cde59,anon_64941084-f829-4939-8305-bb3433681a53,ac72b3d6-9828-4f51-bbb7-babbef3afabf,2026-03-27 22:25:16.843891+00:00,RIGHT,genetic,notch,genetic::lvl-95.txt,notch::lvl-93.txt,[],[]
v_710cdd05-9239-4839-845e-e764d77f7bdb,anon_64941084-f829-4939-8305-bb3433681a53,ac72b3d6-9828-4f51-bbb7-babbef3afabf,2026-03-27 22:24:33.814342+00:00,LEFT,patternWeightCount,hopper,patternWeightCount::lvl-44.txt,hopper::lvl-94.txt,['too_hard'],['fun']
v_9c9ef4c0-7744-4a1b-90d0-8ffb3f8a2b86,anon_64941084-f829-4939-8305-bb3433681a53,ac72b3d6-9828-4f51-bbb7-babbef3afabf,2026-03-27 22:23:50.030170+00:00,LEFT,notch,patternCount,notch::lvl-56.txt,patternCount::lvl-13.txt,[],['too_hard']
v_984402e3-5353-4948-8f40-12864545d3ee,anon_64941084-f829-4939-8305-bb3433681a53,ac72b3d6-9828-4f51-bbb7-babbef3afabf,2026-03-27 22:23:30.112022+00:00,SKIP,ore,mariogpt,ore::lvl-52.txt,mariogpt::level_048.txt,[],[]
v_2c4a7cec-c365-4ef8-bec4-2aa25ad49b5d,anon_64941084-f829-4939-8305-bb3433681a53,ac72b3d6-9828-4f51-bbb7-babbef3afabf,2026-03-27 22:23:15.946870+00:00,LEFT,mariodpo,mariogan,mariodpo::mariodpo_nintendo_0034.txt,mariogan::level_65.txt,[],[]
v_13a957f7-0614-4fb6-a6a6-58706f3b703d,anon_64941084-f829-4939-8305-bb3433681a53,ac72b3d6-9828-4f51-bbb7-babbef3afabf,2026-03-27 22:22:36.734741+00:00,LEFT,mariogan,genetic,mariogan::level_9.txt,genetic::lvl-74.txt,"['broken_graphics', 'fun', 'impossible']",[]
v_ff0139b7-2080-4f6d-875e-52277fa46c86,anon_ff6ea069-f874-4a33-b0fc-81e0bca7f935,65531623-1659-47a9-b5f3-1a95a2b20f17,2026-03-27 10:46:48.453806+00:00,LEFT,notch,notchParam,notch::lvl-85.txt,notchParam::lvl-83.txt,[],[]
v_f812c457-e8d3-41fa-9b49-0fa67df130be,anon_ff6ea069-f874-4a33-b0fc-81e0bca7f935,65531623-1659-47a9-b5f3-1a95a2b20f17,2026-03-27 10:46:03.310205+00:00,RIGHT,notchParam,patternOccur,notchParam::lvl-40.txt,patternOccur::lvl-90.txt,[],[]
v_8970e2f5-3aab-487a-8c00-4b013e3d2014,anon_4380a976-3891-4b06-80a4-e76c6419fbcc,0601637a-b4c3-45a1-beab-3226a91827f3,2026-03-27 10:43:16.090591+00:00,RIGHT,notchParam,patternWeightCount,notchParam::lvl-10.txt,patternWeightCount::lvl-53.txt,[],[]
v_b09c3842-9eab-41aa-8ee0-2d180b8ca312,anon_4380a976-3891-4b06-80a4-e76c6419fbcc,0601637a-b4c3-45a1-beab-3226a91827f3,2026-03-27 10:42:16.413234+00:00,RIGHT,notch,mariogpt,notch::lvl-74.txt,mariogpt::level_050.txt,[],[]
v_bf8e42ba-6a6d-4bfc-8818-f0c4317ae117,anon_4380a976-3891-4b06-80a4-e76c6419fbcc,0601637a-b4c3-45a1-beab-3226a91827f3,2026-03-27 10:41:34.240855+00:00,RIGHT,notch,marioDiffusion,notch::lvl-1.txt,marioDiffusion::level_34.txt,[],[]
v_49927574-7a8e-43b2-b07e-4581d3873bbd,anon_4380a976-3891-4b06-80a4-e76c6419fbcc,0601637a-b4c3-45a1-beab-3226a91827f3,2026-03-27 10:40:32.869077+00:00,RIGHT,genetic,ore,genetic::lvl-6.txt,ore::lvl-71.txt,[],[]
v_eb0628f1-4a23-40b8-9b56-b549b33c9c5b,anon_4380a976-3891-4b06-80a4-e76c6419fbcc,0601637a-b4c3-45a1-beab-3226a91827f3,2026-03-27 10:39:31.152339+00:00,RIGHT,genetic,hopper,genetic::lvl-57.txt,hopper::lvl-64.txt,[],[]
v_a1a2b605-b918-4423-a57d-fcf9ead00354,anon_4380a976-3891-4b06-80a4-e76c6419fbcc,0601637a-b4c3-45a1-beab-3226a91827f3,2026-03-27 10:39:18.474929+00:00,RIGHT,hopper,original,hopper::lvl-32.txt,original::lvl-10.txt,[],[]
v_97bbe490-3a3e-4884-8894-04d39853c8e4,anon_4380a976-3891-4b06-80a4-e76c6419fbcc,0601637a-b4c3-45a1-beab-3226a91827f3,2026-03-27 10:38:38.038524+00:00,LEFT,notchParam,notchParamRand,notchParam::lvl-74.txt,notchParamRand::lvl-29.txt,[],[]
v_167722d2-38fd-4cfb-b7e8-86768d10d055,anon_a9445e2d-8170-40b8-bfa3-9fdf5b9366fb,73f03ca2-9ed4-4e4a-8623-4350f160da43,2026-03-25 13:42:02.459852+00:00,RIGHT,genetic,original,genetic::lvl-53.txt,original::lvl-13.txt,[],[]
v_757013da-75fe-430d-9fe2-d80b7b139c82,anon_a9445e2d-8170-40b8-bfa3-9fdf5b9366fb,73f03ca2-9ed4-4e4a-8623-4350f160da43,2026-03-25 13:41:46.116407+00:00,TIE,marioDiffusion,notchParam,marioDiffusion::level_34.txt,notchParam::lvl-80.txt,[],[]
v_ce4b11d3-630a-4c63-83cc-9333492f55e4,anon_a9445e2d-8170-40b8-bfa3-9fdf5b9366fb,73f03ca2-9ed4-4e4a-8623-4350f160da43,2026-03-25 13:41:35.697596+00:00,LEFT,mariogan,hopper,mariogan::level_84.txt,hopper::lvl-55.txt,[],[]
v_40dc25f2-07d6-4516-b678-b189016407ed,anon_a9445e2d-8170-40b8-bfa3-9fdf5b9366fb,73f03ca2-9ed4-4e4a-8623-4350f160da43,2026-03-25 13:41:17.434680+00:00,LEFT,ore,patternCount,ore::lvl-5.txt,patternCount::lvl-18.txt,[],[]
v_cc7ce509-ca08-4610-ab84-568522d055c0,anon_a9445e2d-8170-40b8-bfa3-9fdf5b9366fb,73f03ca2-9ed4-4e4a-8623-4350f160da43,2026-03-25 13:39:49.443825+00:00,LEFT,mariogan,hopper,mariogan::level_28.txt,hopper::lvl-19.txt,[],[]
v_dae3d1d2-b5cb-43c3-b225-4907717c8ece,anon_72677589-2e4f-445f-9be1-de98ed1ec474,1ebb87c6-4663-4e19-86a2-795d39927cb8,2026-03-23 13:52:11.831998+00:00,LEFT,notch,notchParam,notch::lvl-95.txt,notchParam::lvl-62.txt,[],[]
v_8ba00f1c-60c8-4a87-92c5-121669675581,anon_72677589-2e4f-445f-9be1-de98ed1ec474,1ebb87c6-4663-4e19-86a2-795d39927cb8,2026-03-23 13:52:04.655841+00:00,LEFT,mariogpt,genetic,mariogpt::level_024.txt,genetic::lvl-56.txt,"['creative', 'fun']",[]
v_bd63ffd7-baac-48a7-8185-514c296d7af5,anon_72677589-2e4f-445f-9be1-de98ed1ec474,1ebb87c6-4663-4e19-86a2-795d39927cb8,2026-03-23 13:51:27.150764+00:00,RIGHT,mariogan,genetic,mariogan::level_50.txt,genetic::lvl-79.txt,[],[]
v_c2300f1f-7bdc-46dc-b7f5-f9bfc6aebb1a,anon_72677589-2e4f-445f-9be1-de98ed1ec474,1ebb87c6-4663-4e19-86a2-795d39927cb8,2026-03-23 13:50:19.144897+00:00,LEFT,mariodpo,notch,mariodpo::mariodpo_nintendo_0019.txt,notch::lvl-94.txt,[],[]
v_924f0fb8-7cbf-49df-ba0b-90aa6c6617b7,anon_72677589-2e4f-445f-9be1-de98ed1ec474,1ebb87c6-4663-4e19-86a2-795d39927cb8,2026-03-23 13:47:53.283774+00:00,TIE,patternCount,patternOccur,patternCount::lvl-21.txt,patternOccur::lvl-90.txt,[],[]
v_820ccf07-c096-4fec-8a2f-3f7c886d62c9,anon_72677589-2e4f-445f-9be1-de98ed1ec474,1ebb87c6-4663-4e19-86a2-795d39927cb8,2026-03-23 13:47:33.360018+00:00,LEFT,ore,mariogan,ore::lvl-63.txt,mariogan::level_57.txt,[],[]
v_67d81bc5-84a1-4dcc-a539-535a64d4c074,anon_72677589-2e4f-445f-9be1-de98ed1ec474,1ebb87c6-4663-4e19-86a2-795d39927cb8,2026-03-23 13:46:00.325928+00:00,RIGHT,notchParam,mariodpo,notchParam::lvl-38.txt,mariodpo::mariodpo_nintendo_0191.txt,[],[]
v_606c680b-8c4e-4131-8066-590331f44784,anon_376d7289-fc63-4549-9336-2b8703819566,5d45ebf2-ecd8-482e-8151-888fbe6242cc,2026-03-21 15:49:21.677097+00:00,LEFT,patternCount,mariodpo,patternCount::lvl-3.txt,mariodpo::mariodpo_nintendo_0180.txt,[],[]
v_afafaee1-6589-4276-80b5-fc641132e6c4,anon_376d7289-fc63-4549-9336-2b8703819566,5d45ebf2-ecd8-482e-8151-888fbe6242cc,2026-03-21 15:49:00.783225+00:00,LEFT,mariodpo,genetic,mariodpo::mariodpo_nintendo_0168.txt,genetic::lvl-47.txt,[],[]
v_cbcd30da-b5c0-4d4f-abff-ba3542452def,anon_376d7289-fc63-4549-9336-2b8703819566,5d45ebf2-ecd8-482e-8151-888fbe6242cc,2026-03-21 15:48:29.010517+00:00,LEFT,ore,patternCount,ore::lvl-18.txt,patternCount::lvl-21.txt,[],[]
v_a2116c6b-02be-431a-9ba8-9ebf96862aef,anon_376d7289-fc63-4549-9336-2b8703819566,5d45ebf2-ecd8-482e-8151-888fbe6242cc,2026-03-21 15:48:11.805615+00:00,RIGHT,notchParamRand,marioDiffusion,notchParamRand::lvl-24.txt,marioDiffusion::level_85.txt,[],[]
v_a2edddad-d615-4573-99b1-de8dd92e1bf9,anon_376d7289-fc63-4549-9336-2b8703819566,5d45ebf2-ecd8-482e-8151-888fbe6242cc,2026-03-21 15:48:02.071336+00:00,RIGHT,notchParamRand,mariogan,notchParamRand::lvl-53.txt,mariogan::level_98.txt,[],[]
v_981d25ec-d535-45f2-9fab-ee172e4eb746,anon_376d7289-fc63-4549-9336-2b8703819566,5d45ebf2-ecd8-482e-8151-888fbe6242cc,2026-03-21 15:47:50.062589+00:00,RIGHT,notch,original,notch::lvl-87.txt,original::lvl-12.txt,[],[]
v_ab061e9a-0297-43da-9c97-a3d238ecee3d,anon_376d7289-fc63-4549-9336-2b8703819566,5d45ebf2-ecd8-482e-8151-888fbe6242cc,2026-03-21 15:46:40.772970+00:00,RIGHT,marioDiffusion,mariogan,marioDiffusion::level_25.txt,mariogan::level_9.txt,[],[]
v_9bf14508-d76a-49bc-9e9b-3d5c2e5b9b6a,anon_376d7289-fc63-4549-9336-2b8703819566,5d45ebf2-ecd8-482e-8151-888fbe6242cc,2026-03-21 15:45:53.983138+00:00,RIGHT,hopper,mariogpt,hopper::lvl-2.txt,mariogpt::level_029.txt,[],[]
v_766e81c9-6cc2-498a-99f9-29f4714b91fd,anon_376d7289-fc63-4549-9336-2b8703819566,5d45ebf2-ecd8-482e-8151-888fbe6242cc,2026-03-21 15:45:21.251201+00:00,RIGHT,notchParamRand,patternOccur,notchParamRand::lvl-43.txt,patternOccur::lvl-64.txt,[],[]
v_d0d317eb-f145-4d1d-85d4-a783af6e3f43,anon_376d7289-fc63-4549-9336-2b8703819566,5d45ebf2-ecd8-482e-8151-888fbe6242cc,2026-03-21 15:44:50.359269+00:00,LEFT,marioDiffusion,notchParam,marioDiffusion::level_67.txt,notchParam::lvl-52.txt,[],[]
v_584c1f69-c3fb-4f70-8dff-c5f592dc9e16,anon_052f1356-fd9d-4579-8a5d-bd475652cde1,79505382-1a32-4ab5-a8be-4c30669452ee,2026-03-21 15:34:11.744625+00:00,RIGHT,marioDiffusion,patternWeightCount,marioDiffusion::level_6.txt,patternWeightCount::lvl-28.txt,[],[]
v_e2d6391d-6def-46b9-abd1-45fe67878775,anon_376d7289-fc63-4549-9336-2b8703819566,0161e5d6-96d5-41e2-a13b-b53aa7e4dabc,2026-03-21 07:34:02.799888+00:00,RIGHT,ore,mariodpo,ore::lvl-99.txt,mariodpo::mariodpo_nintendo_0158.txt,[],[]
v_50e592ef-cc07-4a47-b33a-188553383e5a,anon_376d7289-fc63-4549-9336-2b8703819566,0161e5d6-96d5-41e2-a13b-b53aa7e4dabc,2026-03-21 07:33:07.318320+00:00,LEFT,notchParamRand,patternOccur,notchParamRand::lvl-25.txt,patternOccur::lvl-7.txt,[],[]
v_47589f48-5c4c-4ac4-860c-37762fee0fae,anon_376d7289-fc63-4549-9336-2b8703819566,0161e5d6-96d5-41e2-a13b-b53aa7e4dabc,2026-03-21 07:32:59.986717+00:00,RIGHT,patternWeightCount,hopper,patternWeightCount::lvl-98.txt,hopper::lvl-7.txt,[],[]
v_963f604e-744f-4370-87b3-01c642eabd62,anon_376d7289-fc63-4549-9336-2b8703819566,0161e5d6-96d5-41e2-a13b-b53aa7e4dabc,2026-03-21 07:32:47.862104+00:00,RIGHT,notchParamRand,patternOccur,notchParamRand::lvl-29.txt,patternOccur::lvl-10.txt,[],[]
v_e0647564-fd98-4336-8235-65ae64814348,anon_376d7289-fc63-4549-9336-2b8703819566,0161e5d6-96d5-41e2-a13b-b53aa7e4dabc,2026-03-21 07:32:14.326958+00:00,RIGHT,patternOccur,original,patternOccur::lvl-9.txt,original::lvl-2.txt,[],[]
v_f8c33ec1-45e1-4d03-b2b3-74397136520e,anon_376d7289-fc63-4549-9336-2b8703819566,0161e5d6-96d5-41e2-a13b-b53aa7e4dabc,2026-03-21 07:31:55.103437+00:00,TIE,genetic,mariogan,genetic::lvl-93.txt,mariogan::level_79.txt,[],[]
v_149eea68-6c15-45fc-858d-f34f0a781618,anon_376d7289-fc63-4549-9336-2b8703819566,0161e5d6-96d5-41e2-a13b-b53aa7e4dabc,2026-03-21 07:31:41.040390+00:00,TIE,notchParam,patternCount,notchParam::lvl-98.txt,patternCount::lvl-63.txt,[],[]
v_58dde53b-3bbd-48ea-a39b-da28b1d74c5b,anon_376d7289-fc63-4549-9336-2b8703819566,0161e5d6-96d5-41e2-a13b-b53aa7e4dabc,2026-03-21 07:31:35.721136+00:00,LEFT,notch,genetic,notch::lvl-74.txt,genetic::lvl-15.txt,[],[]
v_7da3afb2-2645-4418-9dbe-796a1a832d79,anon_376d7289-fc63-4549-9336-2b8703819566,0161e5d6-96d5-41e2-a13b-b53aa7e4dabc,2026-03-21 07:31:25.550134+00:00,LEFT,mariogpt,patternOccur,mariogpt::level_011.txt,patternOccur::lvl-70.txt,[],[]
v_da8ca6e1-4f37-49e8-864d-1eb3f5c0cfab,anon_376d7289-fc63-4549-9336-2b8703819566,0161e5d6-96d5-41e2-a13b-b53aa7e4dabc,2026-03-21 07:30:06.532736+00:00,RIGHT,patternWeightCount,ore,patternWeightCount::lvl-31.txt,ore::lvl-41.txt,[],[]
v_d3010e87-884b-4895-a437-90fc1921c149,anon_376d7289-fc63-4549-9336-2b8703819566,0161e5d6-96d5-41e2-a13b-b53aa7e4dabc,2026-03-21 07:29:57.502054+00:00,LEFT,notch,hopper,notch::lvl-3.txt,hopper::lvl-74.txt,[],[]
v_6b3920c9-dc8c-44d6-8270-45885a64a2d8,anon_376d7289-fc63-4549-9336-2b8703819566,0161e5d6-96d5-41e2-a13b-b53aa7e4dabc,2026-03-21 07:29:48.253980+00:00,LEFT,mariogpt,notch,mariogpt::level_024.txt,notch::lvl-4.txt,[],[]
v_5ac14cf8-ee1c-4aae-aef9-5e91e69f8040,anon_d6554a56-db8c-4b80-9e65-b0014eca7dbf,05db1b44-a111-409e-9098-f21e03dc8d0c,2026-03-20 19:09:29.423257+00:00,LEFT,mariogpt,notch,mariogpt::level_081.txt,notch::lvl-15.txt,['creative'],[]
v_f9759627-f6d8-413c-861a-796da28f797b,anon_d6554a56-db8c-4b80-9e65-b0014eca7dbf,05db1b44-a111-409e-9098-f21e03dc8d0c,2026-03-20 19:08:47.388235+00:00,TIE,original,marioDiffusion,original::lvl-6.txt,marioDiffusion::level_28.txt,[],[]
v_dfe23850-7fca-43c2-967a-bb9d9e71fc34,anon_a083e297-896c-414b-9906-aeea4a491cef,5734180c-3f03-4b46-847e-193e81172143,2026-03-20 19:06:40.038440+00:00,LEFT,notchParam,patternOccur,notchParam::lvl-58.txt,patternOccur::lvl-27.txt,[],[]
v_6f846da3-85fd-438d-8671-459dfd75873f,anon_a083e297-896c-414b-9906-aeea4a491cef,5734180c-3f03-4b46-847e-193e81172143,2026-03-20 19:06:24.658517+00:00,LEFT,original,ore,original::lvl-7.txt,ore::lvl-80.txt,[],[]
v_a05c56ff-10f2-49b6-95e6-389baf9256c8,anon_279752ab-25b8-4149-883c-ca0ea05b4baf,9478efab-ad6a-42aa-9acc-e3ee7fe3183d,2026-03-20 19:01:54.327127+00:00,RIGHT,patternWeightCount,patternOccur,patternWeightCount::lvl-9.txt,patternOccur::lvl-55.txt,[],[]
v_79a70c55-9e97-4cfc-a576-716b6544b9a6,anon_279752ab-25b8-4149-883c-ca0ea05b4baf,9478efab-ad6a-42aa-9acc-e3ee7fe3183d,2026-03-20 19:01:45.850610+00:00,TIE,patternOccur,patternWeightCount,patternOccur::lvl-1.txt,patternWeightCount::lvl-9.txt,[],[]
v_dfce0342-dc9c-48ba-b8c5-bb0f75cf9b9d,anon_279752ab-25b8-4149-883c-ca0ea05b4baf,9478efab-ad6a-42aa-9acc-e3ee7fe3183d,2026-03-20 19:01:30.769523+00:00,LEFT,patternOccur,hopper,patternOccur::lvl-98.txt,hopper::lvl-18.txt,[],[]
v_f4a6bf60-a5c2-4757-9d88-98f7025837a5,anon_279752ab-25b8-4149-883c-ca0ea05b4baf,9478efab-ad6a-42aa-9acc-e3ee7fe3183d,2026-03-20 19:01:19.964089+00:00,LEFT,notchParamRand,notch,notchParamRand::lvl-8.txt,notch::lvl-50.txt,[],[]
v_bbb1bd2e-183b-4a65-a254-ff2d48e78078,anon_376d7289-fc63-4549-9336-2b8703819566,d5f100f8-438c-48dc-a1fb-51f4f64d3458,2026-03-20 18:51:42.368412+00:00,TIE,patternCount,patternWeightCount,patternCount::lvl-56.txt,patternWeightCount::lvl-17.txt,[],[]
v_b6dcb74c-3b20-49f1-9392-279f54b03d77,anon_376d7289-fc63-4549-9336-2b8703819566,d5f100f8-438c-48dc-a1fb-51f4f64d3458,2026-03-20 18:51:33.231874+00:00,LEFT,original,patternCount,original::lvl-4.txt,patternCount::lvl-12.txt,[],[]
v_cc51f3a4-9e05-421e-9c7e-ce9e7aa7f4a5,anon_376d7289-fc63-4549-9336-2b8703819566,d5f100f8-438c-48dc-a1fb-51f4f64d3458,2026-03-20 18:51:20.913058+00:00,TIE,patternCount,notchParam,patternCount::lvl-62.txt,notchParam::lvl-41.txt,[],[]
v_a39ee348-8f34-4ad6-868e-c38f55c7145e,anon_376d7289-fc63-4549-9336-2b8703819566,d5f100f8-438c-48dc-a1fb-51f4f64d3458,2026-03-20 18:51:08.619610+00:00,RIGHT,mariogpt,mariogan,mariogpt::level_082.txt,mariogan::level_30.txt,[],[]
v_88894a21-13c2-4b51-88d0-124a1fe1d53b,anon_376d7289-fc63-4549-9336-2b8703819566,d5f100f8-438c-48dc-a1fb-51f4f64d3458,2026-03-20 18:51:03.616576+00:00,RIGHT,notchParamRand,mariogpt,notchParamRand::lvl-70.txt,mariogpt::level_062.txt,[],[]
v_e8e426b4-b149-4ddc-977b-4a44d254b349,anon_376d7289-fc63-4549-9336-2b8703819566,d5f100f8-438c-48dc-a1fb-51f4f64d3458,2026-03-20 18:50:50.724383+00:00,RIGHT,patternCount,mariogan,patternCount::lvl-36.txt,mariogan::level_2.txt,[],[]
v_3a027b56-11a8-4b5f-bddc-a501eb98ddf8,anon_376d7289-fc63-4549-9336-2b8703819566,d5f100f8-438c-48dc-a1fb-51f4f64d3458,2026-03-20 18:50:37.765102+00:00,RIGHT,mariogan,ore,mariogan::level_7.txt,ore::lvl-92.txt,[],[]
v_38b417e7-8693-4a6f-a64f-0875ae2577f4,anon_376d7289-fc63-4549-9336-2b8703819566,d5f100f8-438c-48dc-a1fb-51f4f64d3458,2026-03-20 18:50:16.932138+00:00,LEFT,patternWeightCount,mariogan,patternWeightCount::lvl-39.txt,mariogan::level_67.txt,[],[]
v_08d980d9-d619-4da3-853b-791f0136ef86,anon_376d7289-fc63-4549-9336-2b8703819566,d5f100f8-438c-48dc-a1fb-51f4f64d3458,2026-03-20 18:50:03.065879+00:00,RIGHT,marioDiffusion,mariodpo,marioDiffusion::level_57.txt,mariodpo::mariodpo_nintendo_0098.txt,[],[]
v_6b646d99-286a-48f3-9c92-a9140914c558,anon_376d7289-fc63-4549-9336-2b8703819566,d5f100f8-438c-48dc-a1fb-51f4f64d3458,2026-03-20 18:49:38.441272+00:00,RIGHT,patternWeightCount,mariogpt,patternWeightCount::lvl-44.txt,mariogpt::level_059.txt,[],[]
v_5f435467-adb3-4a5b-b1c0-fc3533cb7b8e,anon_376d7289-fc63-4549-9336-2b8703819566,d5f100f8-438c-48dc-a1fb-51f4f64d3458,2026-03-20 18:48:40.162580+00:00,LEFT,hopper,patternWeightCount,hopper::lvl-16.txt,patternWeightCount::lvl-24.txt,[],[]
v_1a7e32dd-1d9f-49fe-9a6f-a0425cc57271,anon_376d7289-fc63-4549-9336-2b8703819566,d5f100f8-438c-48dc-a1fb-51f4f64d3458,2026-03-20 18:48:10.235691+00:00,RIGHT,patternOccur,mariodpo,patternOccur::lvl-71.txt,mariodpo::mariodpo_nintendo_0119.txt,[],[]
v_a215f2cd-98d6-4cd7-b41b-ef895e06b214,anon_376d7289-fc63-4549-9336-2b8703819566,d5f100f8-438c-48dc-a1fb-51f4f64d3458,2026-03-20 18:47:53.722567+00:00,RIGHT,patternCount,mariodpo,patternCount::lvl-93.txt,mariodpo::mariodpo_nintendo_0151.txt,[],[]
v_03d92902-ca2b-4599-bfd6-8800283450d0,anon_376d7289-fc63-4549-9336-2b8703819566,d5f100f8-438c-48dc-a1fb-51f4f64d3458,2026-03-20 18:47:40.849109+00:00,TIE,genetic,mariodpo,genetic::lvl-48.txt,mariodpo::mariodpo_nintendo_0077.txt,[],[]
v_c54fef74-7cae-4698-980c-d5e703fdaef0,anon_160509a4-6404-4ae8-93c9-fa4bc251f103,21ef9fa5-122a-4d6d-bcdc-5b608ee2e545,2026-03-18 19:22:43.316310+00:00,RIGHT,mariogan,notch,mariogan::level_64.txt,notch::lvl-43.txt,[],[]
v_73b6cb93-f34f-45ce-b161-437fe4c27bef,anon_160509a4-6404-4ae8-93c9-fa4bc251f103,21ef9fa5-122a-4d6d-bcdc-5b608ee2e545,2026-03-18 19:22:24.036662+00:00,LEFT,notchParamRand,notch,notchParamRand::lvl-72.txt,notch::lvl-42.txt,[],[]
v_337ee1d4-8fda-4193-b147-66e007c5ce1e,anon_160509a4-6404-4ae8-93c9-fa4bc251f103,21ef9fa5-122a-4d6d-bcdc-5b608ee2e545,2026-03-18 19:21:57.065085+00:00,LEFT,notchParam,patternCount,notchParam::lvl-23.txt,patternCount::lvl-54.txt,[],[]
v_88d38287-78e4-4f53-a161-a9046ef9be75,anon_160509a4-6404-4ae8-93c9-fa4bc251f103,21ef9fa5-122a-4d6d-bcdc-5b608ee2e545,2026-03-18 19:21:49.558210+00:00,LEFT,genetic,notchParam,genetic::lvl-51.txt,notchParam::lvl-98.txt,[],[]
v_656ce6a4-5b5c-4128-a87d-71873f3df718,anon_160509a4-6404-4ae8-93c9-fa4bc251f103,21ef9fa5-122a-4d6d-bcdc-5b608ee2e545,2026-03-18 19:20:13.683856+00:00,LEFT,notchParamRand,patternWeightCount,notchParamRand::lvl-44.txt,patternWeightCount::lvl-33.txt,[],[]
v_a5bbae54-f9b7-40a0-a50c-f1a748629c3b,anon_160509a4-6404-4ae8-93c9-fa4bc251f103,21ef9fa5-122a-4d6d-bcdc-5b608ee2e545,2026-03-18 19:19:59.175244+00:00,LEFT,genetic,patternWeightCount,genetic::lvl-99.txt,patternWeightCount::lvl-4.txt,[],[]
v_605c4115-08b7-4bba-81dd-02ada754b34e,anon_169470ab-bdc6-4c10-9e18-cfe46e26f1d7,1b240271-cfa3-4f88-824c-188eea08c238,2026-03-18 18:54:51.030326+00:00,LEFT,mariodpo,ore,mariodpo::mariodpo_nintendo_0016.txt,ore::lvl-7.txt,[],[]
v_4da287fa-2048-4344-97d3-bc51bb88ae35,anon_169470ab-bdc6-4c10-9e18-cfe46e26f1d7,1b240271-cfa3-4f88-824c-188eea08c238,2026-03-18 18:54:32.193442+00:00,RIGHT,genetic,original,genetic::lvl-23.txt,original::lvl-9.txt,[],[]
v_28a1a478-2174-473f-9b4c-5c58a5667544,anon_169470ab-bdc6-4c10-9e18-cfe46e26f1d7,1b240271-cfa3-4f88-824c-188eea08c238,2026-03-18 18:53:56.367294+00:00,RIGHT,mariogan,ore,mariogan::level_31.txt,ore::lvl-17.txt,[],[]
v_fbbf1360-8e3f-4eb1-b1e3-d69641d6b3ba,anon_169470ab-bdc6-4c10-9e18-cfe46e26f1d7,1b240271-cfa3-4f88-824c-188eea08c238,2026-03-18 18:53:33.324579+00:00,TIE,patternWeightCount,notch,patternWeightCount::lvl-77.txt,notch::lvl-86.txt,[],[]
v_0ceb28b4-fd0b-4787-a154-087771c61c78,anon_169470ab-bdc6-4c10-9e18-cfe46e26f1d7,1b240271-cfa3-4f88-824c-188eea08c238,2026-03-18 18:53:13.075196+00:00,TIE,genetic,mariodpo,genetic::lvl-35.txt,mariodpo::mariodpo_nintendo_0183.txt,[],[]
v_f4e70017-e6cd-404f-89a7-34d82572ec77,anon_169470ab-bdc6-4c10-9e18-cfe46e26f1d7,1b240271-cfa3-4f88-824c-188eea08c238,2026-03-18 18:53:05.467651+00:00,TIE,patternOccur,notchParam,patternOccur::lvl-24.txt,notchParam::lvl-28.txt,[],[]
v_5271b6d6-3301-4f0c-be06-87abde483330,anon_169470ab-bdc6-4c10-9e18-cfe46e26f1d7,65632cc0-de44-4c28-ae39-5a04c4f6fd53,2026-03-18 18:52:23.132324+00:00,RIGHT,marioDiffusion,notch,marioDiffusion::level_2.txt,notch::lvl-63.txt,[],[]
v_c00dbe3f-d191-4be1-9da7-ebd5e757e02b,anon_169470ab-bdc6-4c10-9e18-cfe46e26f1d7,65632cc0-de44-4c28-ae39-5a04c4f6fd53,2026-03-18 18:52:09.494567+00:00,LEFT,genetic,notchParamRand,genetic::lvl-92.txt,notchParamRand::lvl-15.txt,[],[]
v_117dc0c3-0144-4558-94fa-721963eaf4cd,anon_169470ab-bdc6-4c10-9e18-cfe46e26f1d7,65632cc0-de44-4c28-ae39-5a04c4f6fd53,2026-03-18 18:52:00.870669+00:00,RIGHT,patternOccur,notch,patternOccur::lvl-24.txt,notch::lvl-91.txt,[],[]
v_eff16e9b-74ec-4fbe-8721-1590b85f9212,anon_169470ab-bdc6-4c10-9e18-cfe46e26f1d7,65632cc0-de44-4c28-ae39-5a04c4f6fd53,2026-03-18 18:51:40.151607+00:00,TIE,genetic,hopper,genetic::lvl-15.txt,hopper::lvl-71.txt,[],[]
v_251b9dc4-6ec7-4bcd-b90a-4807190e5a3e,anon_169470ab-bdc6-4c10-9e18-cfe46e26f1d7,65632cc0-de44-4c28-ae39-5a04c4f6fd53,2026-03-18 18:51:28.864573+00:00,LEFT,mariogpt,marioDiffusion,mariogpt::level_002.txt,marioDiffusion::level_85.txt,[],[]
v_487f7cf7-bcea-4a53-8c6b-02bfbc96ee0d,anon_169470ab-bdc6-4c10-9e18-cfe46e26f1d7,65632cc0-de44-4c28-ae39-5a04c4f6fd53,2026-03-18 18:50:45.963695+00:00,RIGHT,patternOccur,marioDiffusion,patternOccur::lvl-70.txt,marioDiffusion::level_49.txt,[],[]
v_2db6f5a2-6c42-44ae-a836-5b45e4599c20,anon_bfd27f25-1260-41a7-a74e-85c2a5fc6629,017bfbdb-0adf-49e1-a1ad-f892208935c6,2026-03-18 11:20:56.018822+00:00,LEFT,mariodpo,marioDiffusion,mariodpo::mariodpo_nintendo_0153.txt,marioDiffusion::level_85.txt,[],[]
v_3a66fa68-2a6c-483d-b83f-f47542175d7b,anon_ade2e98b-1795-4ced-886e-7fd1082317ea,423221df-9c56-4460-8a4d-568492b09b27,2026-03-18 11:09:55.559268+00:00,RIGHT,hopper,original,hopper::lvl-51.txt,original::lvl-10.txt,[],[]
v_84d6ac62-a9d9-4d0b-abca-32d523468c3b,anon_4f8414f6-5de9-4f28-ae06-088f00aec1f2,421843ae-0217-428f-b9bb-f63875a3b727,2026-03-17 17:39:11.198038+00:00,RIGHT,genetic,marioDiffusion,genetic::lvl-51.txt,marioDiffusion::level_50.txt,[],[]
v_586d7b7e-3f92-4682-a8f1-2cbbc3c565ef,anon_4f8414f6-5de9-4f28-ae06-088f00aec1f2,421843ae-0217-428f-b9bb-f63875a3b727,2026-03-17 17:38:58.558932+00:00,LEFT,marioDiffusion,patternWeightCount,marioDiffusion::level_72.txt,patternWeightCount::lvl-28.txt,[],[]
v_ab0881bb-8941-4b7b-bf0c-0887588050ed,anon_4f8414f6-5de9-4f28-ae06-088f00aec1f2,421843ae-0217-428f-b9bb-f63875a3b727,2026-03-17 17:38:48.797197+00:00,RIGHT,patternOccur,notchParamRand,patternOccur::lvl-31.txt,notchParamRand::lvl-22.txt,[],[]
v_27fb48a9-03b5-4975-9e17-b2938ad31a9e,anon_4f8414f6-5de9-4f28-ae06-088f00aec1f2,421843ae-0217-428f-b9bb-f63875a3b727,2026-03-17 17:38:20.692380+00:00,RIGHT,hopper,notch,hopper::lvl-61.txt,notch::lvl-17.txt,[],[]
v_6c7c12ff-9aaf-479d-bc48-5575ac9d7d2d,anon_4f8414f6-5de9-4f28-ae06-088f00aec1f2,421843ae-0217-428f-b9bb-f63875a3b727,2026-03-17 17:37:59.948547+00:00,RIGHT,patternWeightCount,hopper,patternWeightCount::lvl-13.txt,hopper::lvl-93.txt,[],[]
v_2cc87ec6-341a-431c-988d-47e9e78f7314,anon_4f8414f6-5de9-4f28-ae06-088f00aec1f2,421843ae-0217-428f-b9bb-f63875a3b727,2026-03-17 17:37:54.082370+00:00,RIGHT,patternWeightCount,genetic,patternWeightCount::lvl-15.txt,genetic::lvl-70.txt,[],[]
v_5294de1e-6005-4619-9d3d-a2ccbfe8bf0f,anon_03c755b1-406e-4fea-a7e1-fa26dbc780fc,cf78d380-82ec-4aa0-bddc-1553d5548123,2026-03-17 17:36:19.018388+00:00,LEFT,hopper,notchParamRand,hopper::lvl-8.txt,notchParamRand::lvl-17.txt,[],[]
v_211ff824-b36a-41a2-a6a0-fe2b565921ac,anon_03c755b1-406e-4fea-a7e1-fa26dbc780fc,cf78d380-82ec-4aa0-bddc-1553d5548123,2026-03-17 17:35:35.769173+00:00,LEFT,genetic,hopper,genetic::lvl-14.txt,hopper::lvl-99.txt,[],[]
v_4cfb483f-05eb-4d26-b364-56a22d58ce0a,anon_03c755b1-406e-4fea-a7e1-fa26dbc780fc,cf78d380-82ec-4aa0-bddc-1553d5548123,2026-03-17 17:35:29.277580+00:00,LEFT,original,hopper,original::lvl-11.txt,hopper::lvl-22.txt,[],[]
v_510b56a5-20ce-428c-8ec3-58ed67bf1f40,anon_03c755b1-406e-4fea-a7e1-fa26dbc780fc,cf78d380-82ec-4aa0-bddc-1553d5548123,2026-03-17 17:35:21.806195+00:00,RIGHT,mariogan,genetic,mariogan::level_49.txt,genetic::lvl-57.txt,[],[]
v_fd8394b2-b516-4921-8bdd-183bb892f728,anon_03c755b1-406e-4fea-a7e1-fa26dbc780fc,cf78d380-82ec-4aa0-bddc-1553d5548123,2026-03-17 17:34:55.356925+00:00,LEFT,patternWeightCount,notchParam,patternWeightCount::lvl-75.txt,notchParam::lvl-22.txt,[],[]
v_f3d42beb-d1fb-4059-b64b-eb3dbadedf90,anon_03c755b1-406e-4fea-a7e1-fa26dbc780fc,cf78d380-82ec-4aa0-bddc-1553d5548123,2026-03-17 17:34:41.341694+00:00,TIE,ore,original,ore::lvl-35.txt,original::lvl-7.txt,[],[]
v_e57b78d8-3cf7-47fa-ae83-0269ea64a0c2,anon_03c755b1-406e-4fea-a7e1-fa26dbc780fc,cf78d380-82ec-4aa0-bddc-1553d5548123,2026-03-17 17:34:04.240803+00:00,RIGHT,patternCount,notch,patternCount::lvl-26.txt,notch::lvl-31.txt,[],[]
v_27de11d0-534f-4e2c-a912-ad8c296b390a,anon_03c755b1-406e-4fea-a7e1-fa26dbc780fc,cf78d380-82ec-4aa0-bddc-1553d5548123,2026-03-17 17:32:54.584527+00:00,LEFT,patternOccur,notchParamRand,patternOccur::lvl-62.txt,notchParamRand::lvl-25.txt,[],[]
v_e6410cb8-a50d-4f6c-b219-95f039d5bb9d,anon_03c755b1-406e-4fea-a7e1-fa26dbc780fc,cf78d380-82ec-4aa0-bddc-1553d5548123,2026-03-17 17:32:33.003355+00:00,LEFT,ore,mariogan,ore::lvl-90.txt,mariogan::level_80.txt,[],[]
v_25ad10be-d7c1-48ec-b080-58d178af1679,anon_03c755b1-406e-4fea-a7e1-fa26dbc780fc,cf78d380-82ec-4aa0-bddc-1553d5548123,2026-03-17 17:31:58.713670+00:00,RIGHT,patternWeightCount,notch,patternWeightCount::lvl-9.txt,notch::lvl-16.txt,[],[]
v_2cd1dc44-8d74-4eaf-95ac-7cd7d23e8173,anon_03c755b1-406e-4fea-a7e1-fa26dbc780fc,cf78d380-82ec-4aa0-bddc-1553d5548123,2026-03-17 17:31:49.493981+00:00,TIE,notchParam,patternWeightCount,notchParam::lvl-49.txt,patternWeightCount::lvl-57.txt,[],[]
v_c5b1e1e9-6697-4736-9215-c6343bb246d7,anon_03c755b1-406e-4fea-a7e1-fa26dbc780fc,cf78d380-82ec-4aa0-bddc-1553d5548123,2026-03-17 17:31:36.721065+00:00,LEFT,notchParamRand,notchParam,notchParamRand::lvl-23.txt,notchParam::lvl-11.txt,[],[]
v_54be4ec3-721e-4445-aab6-6918ba6d3ba3,anon_03c755b1-406e-4fea-a7e1-fa26dbc780fc,cf78d380-82ec-4aa0-bddc-1553d5548123,2026-03-17 17:31:14.680779+00:00,RIGHT,notchParam,patternCount,notchParam::lvl-84.txt,patternCount::lvl-38.txt,[],[]
v_7d0ef342-b9d7-40bb-8925-e18a1ee13e32,anon_03c755b1-406e-4fea-a7e1-fa26dbc780fc,cf78d380-82ec-4aa0-bddc-1553d5548123,2026-03-17 17:30:00.480796+00:00,RIGHT,genetic,original,genetic::lvl-30.txt,original::lvl-10.txt,[],[]
v_7dc16880-564a-41e1-bc44-5eee57ad8e0b,anon_0a61353a-479e-44ee-99a1-fd9c6bf60ff9,2b8fbc9d-a4da-4b45-8687-b2907d093f35,2026-03-17 17:27:11.497406+00:00,LEFT,original,patternOccur,original::lvl-2.txt,patternOccur::lvl-16.txt,[],[]
v_02a38b69-2479-428d-8a36-d89961acd95e,anon_0a61353a-479e-44ee-99a1-fd9c6bf60ff9,2b8fbc9d-a4da-4b45-8687-b2907d093f35,2026-03-17 17:26:43.653736+00:00,RIGHT,patternWeightCount,hopper,patternWeightCount::lvl-68.txt,hopper::lvl-17.txt,[],[]
v_f540eda8-b275-47fb-aac1-c492ea10b7a7,anon_0a61353a-479e-44ee-99a1-fd9c6bf60ff9,2b8fbc9d-a4da-4b45-8687-b2907d093f35,2026-03-17 17:26:33.103900+00:00,LEFT,notch,patternCount,notch::lvl-29.txt,patternCount::lvl-46.txt,[],[]
v_4bfb0a7c-15fa-4360-bfdb-c6f203bade81,anon_0a61353a-479e-44ee-99a1-fd9c6bf60ff9,2b8fbc9d-a4da-4b45-8687-b2907d093f35,2026-03-17 17:26:20.166941+00:00,RIGHT,mariogan,original,mariogan::level_22.txt,original::lvl-10.txt,[],[]
v_2f1d2589-cb4e-40cc-9fa4-cfb7761e34c2,anon_0a61353a-479e-44ee-99a1-fd9c6bf60ff9,2b8fbc9d-a4da-4b45-8687-b2907d093f35,2026-03-17 17:25:15.863167+00:00,TIE,patternCount,patternOccur,patternCount::lvl-63.txt,patternOccur::lvl-83.txt,[],[]
v_335131e3-b6ad-4e0d-a8e6-3c708ee63fa5,anon_0a61353a-479e-44ee-99a1-fd9c6bf60ff9,2b8fbc9d-a4da-4b45-8687-b2907d093f35,2026-03-17 17:24:54.310872+00:00,RIGHT,hopper,notchParamRand,hopper::lvl-32.txt,notchParamRand::lvl-62.txt,[],[]
v_4cb46a12-1826-4989-a6b9-1bf69b97449d,anon_0a61353a-479e-44ee-99a1-fd9c6bf60ff9,2b8fbc9d-a4da-4b45-8687-b2907d093f35,2026-03-17 17:24:46.870127+00:00,RIGHT,patternWeightCount,original,patternWeightCount::lvl-67.txt,original::lvl-1.txt,[],[]
v_9d8a04ee-4868-4707-be4f-690d63a890bd,anon_0a61353a-479e-44ee-99a1-fd9c6bf60ff9,2b8fbc9d-a4da-4b45-8687-b2907d093f35,2026-03-17 17:23:10.579783+00:00,RIGHT,mariogan,mariodpo,mariogan::level_68.txt,mariodpo::mariodpo_nintendo_0120.txt,[],[]
v_afce2926-625b-4fbf-81b1-0bfc69a40762,anon_0a61353a-479e-44ee-99a1-fd9c6bf60ff9,2b8fbc9d-a4da-4b45-8687-b2907d093f35,2026-03-17 17:22:39.053996+00:00,RIGHT,marioDiffusion,ore,marioDiffusion::level_37.txt,ore::lvl-65.txt,[],[]
v_8db2e6b0-196e-464a-a5de-4a3988dd0b4a,anon_0a61353a-479e-44ee-99a1-fd9c6bf60ff9,2b8fbc9d-a4da-4b45-8687-b2907d093f35,2026-03-17 17:21:17.824904+00:00,RIGHT,notch,mariogan,notch::lvl-85.txt,mariogan::level_19.txt,[],[]
v_8d768922-b126-42c7-a569-e145d4a66c9a,anon_0a61353a-479e-44ee-99a1-fd9c6bf60ff9,2b8fbc9d-a4da-4b45-8687-b2907d093f35,2026-03-17 17:20:58.171136+00:00,LEFT,mariogpt,hopper,mariogpt::level_050.txt,hopper::lvl-3.txt,[],[]
v_0163a5e6-16d0-4dcc-8b96-9461f3c07baf,anon_0a61353a-479e-44ee-99a1-fd9c6bf60ff9,2b8fbc9d-a4da-4b45-8687-b2907d093f35,2026-03-17 17:20:11.844246+00:00,RIGHT,mariogan,ore,mariogan::level_33.txt,ore::lvl-17.txt,[],[]
v_098626ac-70fe-4f92-84de-f9c11c8c1563,anon_0a61353a-479e-44ee-99a1-fd9c6bf60ff9,2b8fbc9d-a4da-4b45-8687-b2907d093f35,2026-03-17 17:19:46.683463+00:00,LEFT,mariogpt,marioDiffusion,mariogpt::level_046.txt,marioDiffusion::level_52.txt,[],[]
v_f3487f54-49ee-4df7-86cc-f9ba3b11135f,anon_0a61353a-479e-44ee-99a1-fd9c6bf60ff9,2b8fbc9d-a4da-4b45-8687-b2907d093f35,2026-03-17 17:18:52.427807+00:00,LEFT,hopper,genetic,hopper::lvl-41.txt,genetic::lvl-33.txt,[],[]
v_cb6bcf5e-8902-41d6-b82b-640913fbdec2,anon_0a61353a-479e-44ee-99a1-fd9c6bf60ff9,2b8fbc9d-a4da-4b45-8687-b2907d093f35,2026-03-17 17:18:17.496836+00:00,LEFT,original,mariogpt,original::lvl-7.txt,mariogpt::level_042.txt,[],[]
v_46fe6e9b-cd7f-4993-80d0-f09ad18c796f,anon_0a61353a-479e-44ee-99a1-fd9c6bf60ff9,2b8fbc9d-a4da-4b45-8687-b2907d093f35,2026-03-17 17:16:48.333751+00:00,LEFT,patternCount,patternOccur,patternCount::lvl-72.txt,patternOccur::lvl-6.txt,[],[]
v_3354e7f8-1556-4854-810f-27e1835aea40,anon_0a61353a-479e-44ee-99a1-fd9c6bf60ff9,2b8fbc9d-a4da-4b45-8687-b2907d093f35,2026-03-17 17:16:32.876821+00:00,LEFT,notch,genetic,notch::lvl-3.txt,genetic::lvl-21.txt,[],[]
v_b299e30e-d994-49b7-b375-c8e76c526433,anon_0a61353a-479e-44ee-99a1-fd9c6bf60ff9,2b8fbc9d-a4da-4b45-8687-b2907d093f35,2026-03-17 17:15:48.802581+00:00,LEFT,notch,genetic,notch::lvl-66.txt,genetic::lvl-23.txt,[],[]
v_ee08d2ce-fa6b-4e3a-af2d-d27076865ca6,anon_0a61353a-479e-44ee-99a1-fd9c6bf60ff9,2b8fbc9d-a4da-4b45-8687-b2907d093f35,2026-03-17 17:15:19.447117+00:00,RIGHT,genetic,patternOccur,genetic::lvl-67.txt,patternOccur::lvl-31.txt,[],[]
v_b182e251-dfbf-41f4-9e36-4514d52a74b0,anon_0a61353a-479e-44ee-99a1-fd9c6bf60ff9,2b8fbc9d-a4da-4b45-8687-b2907d093f35,2026-03-17 17:14:41.405260+00:00,RIGHT,notchParamRand,genetic,notchParamRand::lvl-56.txt,genetic::lvl-36.txt,[],[]
v_c68e44c8-229e-4a20-891a-7ab0e58fc306,anon_a9445e2d-8170-40b8-bfa3-9fdf5b9366fb,e3bc709a-0740-4e71-b421-d7482e89ded9,2026-03-16 15:18:08.408800+00:00,TIE,original,mariodpo,original::lvl-7.txt,mariodpo::mariodpo_nintendo_0190.txt,[],[]
v_ed4b8238-92ee-4c28-a5eb-24d8405f84f4,anon_a9445e2d-8170-40b8-bfa3-9fdf5b9366fb,e3bc709a-0740-4e71-b421-d7482e89ded9,2026-03-16 15:17:28.768470+00:00,RIGHT,notchParam,marioDiffusion,notchParam::lvl-99.txt,marioDiffusion::level_5.txt,[],[]
v_f54c24aa-3c2c-4e89-aa97-88dc9f75567e,anon_a9445e2d-8170-40b8-bfa3-9fdf5b9366fb,e3bc709a-0740-4e71-b421-d7482e89ded9,2026-03-16 15:17:16.043248+00:00,LEFT,marioDiffusion,patternOccur,marioDiffusion::level_22.txt,patternOccur::lvl-91.txt,[],[]
v_7b3a3f7f-a04c-40ae-9807-1a3f02156586,anon_a9445e2d-8170-40b8-bfa3-9fdf5b9366fb,e3bc709a-0740-4e71-b421-d7482e89ded9,2026-03-16 15:16:47.629769+00:00,RIGHT,patternWeightCount,marioDiffusion,patternWeightCount::lvl-69.txt,marioDiffusion::level_14.txt,[],[]
v_97b89f53-71d7-42aa-9c58-22c69bdaaf6d,anon_a9445e2d-8170-40b8-bfa3-9fdf5b9366fb,e3bc709a-0740-4e71-b421-d7482e89ded9,2026-03-16 15:16:32.886452+00:00,TIE,hopper,notch,hopper::lvl-94.txt,notch::lvl-40.txt,[],[]
v_a78c544b-89f6-4082-bd1f-084bbb2cd851,anon_a9445e2d-8170-40b8-bfa3-9fdf5b9366fb,e3bc709a-0740-4e71-b421-d7482e89ded9,2026-03-16 15:16:23.078734+00:00,RIGHT,patternCount,mariogan,patternCount::lvl-69.txt,mariogan::level_94.txt,[],[]
v_f7010710-d6b2-4e4e-8e77-d152e45c4531,anon_a9445e2d-8170-40b8-bfa3-9fdf5b9366fb,e3bc709a-0740-4e71-b421-d7482e89ded9,2026-03-16 15:15:26.195954+00:00,RIGHT,notch,patternWeightCount,notch::lvl-60.txt,patternWeightCount::lvl-20.txt,[],[]
v_7f71d01d-32c9-451b-b4b2-fefef14cb5a2,anon_a9445e2d-8170-40b8-bfa3-9fdf5b9366fb,e3bc709a-0740-4e71-b421-d7482e89ded9,2026-03-16 15:14:37.232405+00:00,RIGHT,patternWeightCount,ore,patternWeightCount::lvl-12.txt,ore::lvl-33.txt,[],[]
v_b3be3c2b-b338-48e8-8faf-438af559e49f,anon_1306880e-d282-4c14-8213-0a6dfe651c10,517536ff-fe76-42f2-94e7-fedb1ccd4660,2026-03-12 13:52:18.574023+00:00,RIGHT,patternCount,mariogpt,patternCount::lvl-27.txt,mariogpt::level_033.txt,[],[]
v_c59938bb-b4fc-4c50-a18d-62399ee9d8e9,anon_1306880e-d282-4c14-8213-0a6dfe651c10,517536ff-fe76-42f2-94e7-fedb1ccd4660,2026-03-12 13:50:14.203195+00:00,RIGHT,notchParamRand,genetic,notchParamRand::lvl-34.txt,genetic::lvl-36.txt,[],[]
v_9a8460b5-33ab-4884-9b41-97955805e27e,anon_1306880e-d282-4c14-8213-0a6dfe651c10,517536ff-fe76-42f2-94e7-fedb1ccd4660,2026-03-12 13:50:02.531806+00:00,LEFT,genetic,notchParam,genetic::lvl-12.txt,notchParam::lvl-91.txt,[],[]
v_6646450b-0371-491a-9552-d35398f4ceaf,anon_1306880e-d282-4c14-8213-0a6dfe651c10,517536ff-fe76-42f2-94e7-fedb1ccd4660,2026-03-12 13:49:45.169657+00:00,RIGHT,hopper,marioDiffusion,hopper::lvl-34.txt,marioDiffusion::level_24.txt,[],[]
v_19585a9e-6caa-4db0-a060-cc730c8f5005,anon_1306880e-d282-4c14-8213-0a6dfe651c10,517536ff-fe76-42f2-94e7-fedb1ccd4660,2026-03-12 13:48:45.754464+00:00,RIGHT,notchParamRand,marioDiffusion,notchParamRand::lvl-6.txt,marioDiffusion::level_13.txt,[],[]
v_9681277e-03bd-4224-9c40-2a2b552815d7,anon_1306880e-d282-4c14-8213-0a6dfe651c10,517536ff-fe76-42f2-94e7-fedb1ccd4660,2026-03-12 13:48:23.117317+00:00,RIGHT,mariogan,mariogpt,mariogan::level_6.txt,mariogpt::level_056.txt,[],[]
v_3d1c7b06-3399-4ad0-988b-11a60813f5fa,anon_1306880e-d282-4c14-8213-0a6dfe651c10,517536ff-fe76-42f2-94e7-fedb1ccd4660,2026-03-12 13:47:06.054990+00:00,LEFT,mariogpt,patternWeightCount,mariogpt::level_089.txt,patternWeightCount::lvl-32.txt,[],[]
v_3cff974f-d50c-4e6e-bfff-60b56986b7dc,anon_1306880e-d282-4c14-8213-0a6dfe651c10,517536ff-fe76-42f2-94e7-fedb1ccd4660,2026-03-12 13:46:16.684728+00:00,RIGHT,patternCount,genetic,patternCount::lvl-65.txt,genetic::lvl-9.txt,[],[]
v_33d785b9-e78a-4c4b-bb82-fd177169849b,anon_1306880e-d282-4c14-8213-0a6dfe651c10,517536ff-fe76-42f2-94e7-fedb1ccd4660,2026-03-12 13:45:53.415652+00:00,LEFT,mariogpt,mariogan,mariogpt::level_034.txt,mariogan::level_57.txt,[],[]
v_6556a3b2-61a2-44e5-859a-7cecf922043d,anon_1306880e-d282-4c14-8213-0a6dfe651c10,517536ff-fe76-42f2-94e7-fedb1ccd4660,2026-03-12 13:44:11.556337+00:00,LEFT,original,notchParam,original::lvl-10.txt,notchParam::lvl-52.txt,[],[]
v_cb18f0d4-847d-47b4-a14f-24360a0b16d9,anon_1306880e-d282-4c14-8213-0a6dfe651c10,517536ff-fe76-42f2-94e7-fedb1ccd4660,2026-03-12 13:43:52.695458+00:00,LEFT,patternOccur,marioDiffusion,patternOccur::lvl-16.txt,marioDiffusion::level_46.txt,[],[]
v_e7d1dafe-eebc-44b0-ad99-8c0f6068c44a,anon_1306880e-d282-4c14-8213-0a6dfe651c10,517536ff-fe76-42f2-94e7-fedb1ccd4660,2026-03-12 13:43:29.485785+00:00,LEFT,mariodpo,marioDiffusion,mariodpo::mariodpo_nintendo_0124.txt,marioDiffusion::level_10.txt,[],[]
v_b95fa6a6-a6e8-4863-b8c4-fc68970ae924,anon_1306880e-d282-4c14-8213-0a6dfe651c10,517536ff-fe76-42f2-94e7-fedb1ccd4660,2026-03-12 13:42:20.283842+00:00,RIGHT,genetic,marioDiffusion,genetic::lvl-93.txt,marioDiffusion::level_59.txt,[],['fun']
v_147ae2f7-6c66-4199-a629-ad652f363725,anon_1306880e-d282-4c14-8213-0a6dfe651c10,517536ff-fe76-42f2-94e7-fedb1ccd4660,2026-03-12 13:40:52.889603+00:00,RIGHT,notchParam,patternCount,notchParam::lvl-25.txt,patternCount::lvl-95.txt,[],[]
v_1ce30c33-319e-42d2-82d5-469a68a31fd2,anon_f4ad86c4-6446-4a84-b961-5661c5ef30d1,121cb5ca-ef9f-4295-a84b-bdde8f1222d0,2026-03-11 10:22:28.877435+00:00,RIGHT,patternWeightCount,marioDiffusion,patternWeightCount::lvl-82.txt,marioDiffusion::level_25.txt,[],[]
v_95ed446b-3422-424b-98f2-2755c9ca0460,anon_f4ad86c4-6446-4a84-b961-5661c5ef30d1,121cb5ca-ef9f-4295-a84b-bdde8f1222d0,2026-03-11 10:21:54.644477+00:00,RIGHT,patternWeightCount,mariogan,patternWeightCount::lvl-22.txt,mariogan::level_2.txt,[],[]
v_02d3d294-90bd-4b97-b3b0-8952b0aaaf9a,anon_070f999b-9335-4911-9497-236fa38b5ff2,0e49f1a5-2a6c-4b57-9b7b-a12049a6b8b1,2026-03-11 09:24:40.128235+00:00,LEFT,mariogpt,original,mariogpt::level_055.txt,original::lvl-11.txt,[],[]
v_8cfa42a4-6071-46e3-bda5-b3b7228fe356,anon_070f999b-9335-4911-9497-236fa38b5ff2,0e49f1a5-2a6c-4b57-9b7b-a12049a6b8b1,2026-03-11 09:23:54.853274+00:00,LEFT,original,patternCount,original::lvl-7.txt,patternCount::lvl-92.txt,[],[]
v_7ea05b65-ef78-477f-9ed8-afdabd3a465d,anon_070f999b-9335-4911-9497-236fa38b5ff2,0e49f1a5-2a6c-4b57-9b7b-a12049a6b8b1,2026-03-11 09:23:40.184623+00:00,RIGHT,notchParam,patternCount,notchParam::lvl-27.txt,patternCount::lvl-39.txt,[],[]
v_b28adadd-d7ac-4dbd-b105-35eee4b2167f,anon_070f999b-9335-4911-9497-236fa38b5ff2,0e49f1a5-2a6c-4b57-9b7b-a12049a6b8b1,2026-03-11 09:23:27.516105+00:00,RIGHT,notchParamRand,notchParam,notchParamRand::lvl-72.txt,notchParam::lvl-24.txt,[],[]
v_b370777b-97f5-4b74-9fd2-1a8142294428,anon_070f999b-9335-4911-9497-236fa38b5ff2,0e49f1a5-2a6c-4b57-9b7b-a12049a6b8b1,2026-03-11 09:23:17.713584+00:00,LEFT,ore,hopper,ore::lvl-69.txt,hopper::lvl-40.txt,[],[]
v_613db32f-ed19-45f9-a2ab-cb7b71a966fb,anon_070f999b-9335-4911-9497-236fa38b5ff2,0e49f1a5-2a6c-4b57-9b7b-a12049a6b8b1,2026-03-11 09:23:02.739677+00:00,RIGHT,notchParam,hopper,notchParam::lvl-32.txt,hopper::lvl-49.txt,[],[]
v_9d0d3255-c3d6-484a-b3eb-6fe4d87df422,anon_070f999b-9335-4911-9497-236fa38b5ff2,0e49f1a5-2a6c-4b57-9b7b-a12049a6b8b1,2026-03-11 09:22:53.265473+00:00,TIE,mariogan,notchParamRand,mariogan::level_49.txt,notchParamRand::lvl-53.txt,[],[]
v_81c827e8-0787-4875-baa7-a2dbd94c8dd3,anon_070f999b-9335-4911-9497-236fa38b5ff2,0e49f1a5-2a6c-4b57-9b7b-a12049a6b8b1,2026-03-11 09:22:46.245882+00:00,LEFT,notchParam,marioDiffusion,notchParam::lvl-26.txt,marioDiffusion::level_64.txt,[],[]
v_1fa903d0-a16a-4dfa-8a00-ad3f5bd93083,anon_070f999b-9335-4911-9497-236fa38b5ff2,0e49f1a5-2a6c-4b57-9b7b-a12049a6b8b1,2026-03-11 09:22:39.231133+00:00,LEFT,mariodpo,notch,mariodpo::mariodpo_nintendo_0116.txt,notch::lvl-38.txt,[],[]
v_225e856c-d5d1-4bd4-99b6-5d483ae4a9bd,anon_070f999b-9335-4911-9497-236fa38b5ff2,0e49f1a5-2a6c-4b57-9b7b-a12049a6b8b1,2026-03-11 09:22:04.328235+00:00,RIGHT,patternCount,mariodpo,patternCount::lvl-56.txt,mariodpo::mariodpo_nintendo_0126.txt,[],[]
v_058a85f8-2bb0-4db9-a059-6d130a642361,anon_070f999b-9335-4911-9497-236fa38b5ff2,68417243-8714-4a72-a3db-aa50f6911b34,2026-03-11 09:21:16.043210+00:00,LEFT,marioDiffusion,notchParam,marioDiffusion::level_48.txt,notchParam::lvl-74.txt,[],[]
v_b99b2ba6-04a3-42c4-aee4-0639e87514ce,anon_070f999b-9335-4911-9497-236fa38b5ff2,68417243-8714-4a72-a3db-aa50f6911b34,2026-03-11 09:21:07.220530+00:00,RIGHT,mariogan,patternCount,mariogan::level_8.txt,patternCount::lvl-67.txt,[],[]
v_71860b9b-9d8d-444e-8367-d3db379b5860,anon_070f999b-9335-4911-9497-236fa38b5ff2,68417243-8714-4a72-a3db-aa50f6911b34,2026-03-11 09:20:55.490142+00:00,LEFT,mariogan,patternCount,mariogan::level_72.txt,patternCount::lvl-96.txt,[],[]
v_491874a4-6531-4332-b79e-d639eb82af3d,anon_070f999b-9335-4911-9497-236fa38b5ff2,68417243-8714-4a72-a3db-aa50f6911b34,2026-03-11 09:20:03.452721+00:00,LEFT,mariogan,genetic,mariogan::level_34.txt,genetic::lvl-25.txt,[],[]
v_a18ce648-6a4b-47ab-bd26-ec79a5ecec73,anon_070f999b-9335-4911-9497-236fa38b5ff2,68417243-8714-4a72-a3db-aa50f6911b34,2026-03-11 09:19:28.355895+00:00,RIGHT,notchParam,ore,notchParam::lvl-82.txt,ore::lvl-48.txt,[],[]
v_4f397a3d-1620-4696-9ca3-64b26dbfaf49,anon_070f999b-9335-4911-9497-236fa38b5ff2,68417243-8714-4a72-a3db-aa50f6911b34,2026-03-11 09:19:05.614133+00:00,LEFT,mariogpt,ore,mariogpt::level_049.txt,ore::lvl-84.txt,[],[]
v_6bd956f5-c52d-4cc0-9b51-106a29476030,anon_16bf536d-e6f1-441a-84ca-5daf496c1fb2,cd0b38b8-71ec-48fc-98d9-0ee77760fbaf,2026-03-10 20:57:30.183275+00:00,LEFT,mariodpo,patternOccur,mariodpo::mariodpo_nintendo_0190.txt,patternOccur::lvl-2.txt,[],[]
v_dc666020-44cb-4cb5-abc8-7384fed8345e,anon_16bf536d-e6f1-441a-84ca-5daf496c1fb2,cd0b38b8-71ec-48fc-98d9-0ee77760fbaf,2026-03-10 20:56:53.921448+00:00,TIE,genetic,hopper,genetic::lvl-28.txt,hopper::lvl-95.txt,[],[]
v_ccef4d97-fc05-433c-8ae9-dc04641dcd21,anon_16bf536d-e6f1-441a-84ca-5daf496c1fb2,cd0b38b8-71ec-48fc-98d9-0ee77760fbaf,2026-03-10 20:56:45.934678+00:00,LEFT,mariodpo,notch,mariodpo::mariodpo_nintendo_0062.txt,notch::lvl-85.txt,[],[]
v_21cf742c-053a-48f7-b791-1314f71562e3,anon_16bf536d-e6f1-441a-84ca-5daf496c1fb2,cd0b38b8-71ec-48fc-98d9-0ee77760fbaf,2026-03-10 20:56:26.426473+00:00,LEFT,mariodpo,mariogpt,mariodpo::mariodpo_nintendo_0104.txt,mariogpt::level_038.txt,[],[]
v_579de87d-0b13-43db-8a5e-a0b14e809306,anon_16bf536d-e6f1-441a-84ca-5daf496c1fb2,cd0b38b8-71ec-48fc-98d9-0ee77760fbaf,2026-03-10 20:56:19.013356+00:00,LEFT,hopper,patternCount,hopper::lvl-66.txt,patternCount::lvl-81.txt,[],[]
v_86706783-63cb-465f-bd75-b8564cd37184,anon_16bf536d-e6f1-441a-84ca-5daf496c1fb2,cd0b38b8-71ec-48fc-98d9-0ee77760fbaf,2026-03-10 20:56:10.001387+00:00,LEFT,marioDiffusion,notchParamRand,marioDiffusion::level_23.txt,notchParamRand::lvl-86.txt,[],[]
v_f4032e10-86bf-4919-b9b5-df5d0ed6aa5e,anon_16bf536d-e6f1-441a-84ca-5daf496c1fb2,cd0b38b8-71ec-48fc-98d9-0ee77760fbaf,2026-03-10 20:55:51.647915+00:00,RIGHT,genetic,hopper,genetic::lvl-27.txt,hopper::lvl-10.txt,[],[]
v_0acde508-b2d4-44c7-b2c9-57e42cb13c1a,anon_16bf536d-e6f1-441a-84ca-5daf496c1fb2,cd0b38b8-71ec-48fc-98d9-0ee77760fbaf,2026-03-10 20:55:37.181112+00:00,LEFT,hopper,patternOccur,hopper::lvl-67.txt,patternOccur::lvl-2.txt,[],[]
v_b2ee9392-591f-4f15-9439-4c60cec7521d,anon_16bf536d-e6f1-441a-84ca-5daf496c1fb2,cd0b38b8-71ec-48fc-98d9-0ee77760fbaf,2026-03-10 20:55:22.612426+00:00,RIGHT,patternCount,mariodpo,patternCount::lvl-82.txt,mariodpo::mariodpo_nintendo_0187.txt,[],[]
v_b3fca84e-49cf-4188-a642-6e853f1a0341,anon_16bf536d-e6f1-441a-84ca-5daf496c1fb2,cd0b38b8-71ec-48fc-98d9-0ee77760fbaf,2026-03-10 20:54:03.547177+00:00,TIE,notch,mariogan,notch::lvl-61.txt,mariogan::level_28.txt,[],[]
v_8c12768e-81d1-4f54-a1ef-240c6a46c176,anon_16bf536d-e6f1-441a-84ca-5daf496c1fb2,cd0b38b8-71ec-48fc-98d9-0ee77760fbaf,2026-03-10 20:53:16.825919+00:00,RIGHT,marioDiffusion,hopper,marioDiffusion::level_97.txt,hopper::lvl-32.txt,[],[]
v_e2b0dfff-1774-4720-97c1-d75e517cdb41,anon_16bf536d-e6f1-441a-84ca-5daf496c1fb2,cd0b38b8-71ec-48fc-98d9-0ee77760fbaf,2026-03-10 20:52:46.045454+00:00,RIGHT,notchParam,mariodpo,notchParam::lvl-26.txt,mariodpo::mariodpo_nintendo_0065.txt,[],[]
v_4c8c326d-b1e1-4dfb-8dae-84641abf6dc6,anon_16bf536d-e6f1-441a-84ca-5daf496c1fb2,cd0b38b8-71ec-48fc-98d9-0ee77760fbaf,2026-03-10 20:52:26.003323+00:00,TIE,original,mariodpo,original::lvl-12.txt,mariodpo::mariodpo_nintendo_0056.txt,[],[]
v_fd33f47e-b2b2-41ce-a395-63fb2c843a6a,anon_16bf536d-e6f1-441a-84ca-5daf496c1fb2,cd0b38b8-71ec-48fc-98d9-0ee77760fbaf,2026-03-10 20:52:17.902649+00:00,LEFT,original,ore,original::lvl-14.txt,ore::lvl-83.txt,[],[]
v_5f4aabb3-bcb2-4a7e-9058-82b16ec90635,anon_0ccb2636-0117-4391-b3fd-4a6959b248a2,6367fd23-0bb5-4923-a609-09075f20958a,2026-03-10 18:58:00.590230+00:00,LEFT,original,mariogpt,original::lvl-2.txt,mariogpt::level_001.txt,[],[]
v_7a768cf1-00b6-4bc3-abc8-c16781b9d962,anon_0ccb2636-0117-4391-b3fd-4a6959b248a2,6367fd23-0bb5-4923-a609-09075f20958a,2026-03-10 18:57:35.246611+00:00,RIGHT,patternOccur,original,patternOccur::lvl-80.txt,original::lvl-12.txt,[],[]
v_317b6a7f-7f45-44a9-a712-409e5b710de1,anon_0ccb2636-0117-4391-b3fd-4a6959b248a2,6367fd23-0bb5-4923-a609-09075f20958a,2026-03-10 18:57:19.339618+00:00,RIGHT,notchParam,mariogpt,notchParam::lvl-83.txt,mariogpt::level_001.txt,[],[]
v_a4d9cf5b-cca0-4095-aedc-35b34409e666,anon_0ccb2636-0117-4391-b3fd-4a6959b248a2,2e8bafa7-0451-4395-984d-5731fbddaacc,2026-03-10 18:56:28.361877+00:00,TIE,mariodpo,mariogpt,mariodpo::mariodpo_nintendo_0189.txt,mariogpt::level_028.txt,[],[]
v_112c84b9-f91f-4cac-8e06-0c5cec64ea3e,anon_0ccb2636-0117-4391-b3fd-4a6959b248a2,db24f894-aff3-42c3-be0b-3524f51aa16f,2026-03-10 18:55:53.823931+00:00,LEFT,notch,notchParamRand,notch::lvl-76.txt,notchParamRand::lvl-5.txt,[],[]
v_3f9fc09e-7e1b-43f5-aeec-376f96a7030d,anon_0ccb2636-0117-4391-b3fd-4a6959b248a2,db24f894-aff3-42c3-be0b-3524f51aa16f,2026-03-10 18:55:40.199065+00:00,LEFT,mariogpt,ore,mariogpt::level_029.txt,ore::lvl-3.txt,"['creative', 'fun']",[]
v_070bbe08-fa83-4c58-ad13-0e4c0003d238,anon_0ccb2636-0117-4391-b3fd-4a6959b248a2,db24f894-aff3-42c3-be0b-3524f51aa16f,2026-03-10 18:54:31.495500+00:00,RIGHT,marioDiffusion,patternWeightCount,marioDiffusion::level_19.txt,patternWeightCount::lvl-38.txt,[],[]
v_46878006-0e18-4a59-84c1-281c3f6786fc,anon_0ccb2636-0117-4391-b3fd-4a6959b248a2,db24f894-aff3-42c3-be0b-3524f51aa16f,2026-03-10 18:54:13.421814+00:00,RIGHT,original,mariogpt,original::lvl-11.txt,mariogpt::level_079.txt,[],[]
v_ef38b5eb-6e74-4765-86bd-0b23ea84b42b,anon_0ccb2636-0117-4391-b3fd-4a6959b248a2,db24f894-aff3-42c3-be0b-3524f51aa16f,2026-03-10 18:53:30.968826+00:00,LEFT,patternWeightCount,notchParam,patternWeightCount::lvl-84.txt,notchParam::lvl-88.txt,[],[]
v_15b62ab8-4999-4989-a103-cc578af3f0dd,anon_0ccb2636-0117-4391-b3fd-4a6959b248a2,db24f894-aff3-42c3-be0b-3524f51aa16f,2026-03-10 18:53:26.152190+00:00,RIGHT,patternWeightCount,marioDiffusion,patternWeightCount::lvl-55.txt,marioDiffusion::level_45.txt,[],[]
v_a8a2b6a9-04a4-49f7-bbd0-02ba570b1c39,anon_0ccb2636-0117-4391-b3fd-4a6959b248a2,db24f894-aff3-42c3-be0b-3524f51aa16f,2026-03-10 18:53:07.631962+00:00,RIGHT,notch,original,notch::lvl-99.txt,original::lvl-11.txt,[],[]
v_9e174b13-be8a-4ac9-b48d-4d49fd3b6101,anon_0ccb2636-0117-4391-b3fd-4a6959b248a2,db24f894-aff3-42c3-be0b-3524f51aa16f,2026-03-10 18:52:46.235355+00:00,LEFT,mariodpo,notchParamRand,mariodpo::mariodpo_nintendo_0004.txt,notchParamRand::lvl-30.txt,[],[]
v_76f5f0ca-3d01-45d0-8793-d2ab27cbe5af,anon_0ccb2636-0117-4391-b3fd-4a6959b248a2,db24f894-aff3-42c3-be0b-3524f51aa16f,2026-03-10 18:52:02.831339+00:00,TIE,original,mariodpo,original::lvl-6.txt,mariodpo::mariodpo_nintendo_0107.txt,[],[]
v_6bff3c38-a9c1-47ee-be17-42acba14efbe,anon_0ccb2636-0117-4391-b3fd-4a6959b248a2,11e9e3cd-a286-4510-aacc-814a4db79d73,2026-03-10 18:51:09.563791+00:00,RIGHT,notch,mariodpo,notch::lvl-45.txt,mariodpo::mariodpo_nintendo_0139.txt,[],[]
v_92cb713f-361d-46f3-ad6c-f71309374a39,anon_0ccb2636-0117-4391-b3fd-4a6959b248a2,11e9e3cd-a286-4510-aacc-814a4db79d73,2026-03-10 18:51:01.002938+00:00,RIGHT,notchParam,hopper,notchParam::lvl-92.txt,hopper::lvl-58.txt,[],[]
v_73a659d9-9d34-4264-8582-aab551db6620,anon_0ccb2636-0117-4391-b3fd-4a6959b248a2,11e9e3cd-a286-4510-aacc-814a4db79d73,2026-03-10 18:50:47.920081+00:00,LEFT,mariogan,notchParam,mariogan::level_33.txt,notchParam::lvl-15.txt,[],[]
v_e09f08be-a347-451f-b333-11e6cf234f2d,anon_0ccb2636-0117-4391-b3fd-4a6959b248a2,11e9e3cd-a286-4510-aacc-814a4db79d73,2026-03-10 18:50:29.929899+00:00,LEFT,mariogan,notch,mariogan::level_36.txt,notch::lvl-21.txt,[],[]
v_3b25e5b2-643e-418a-8722-e10e342c0440,anon_0ccb2636-0117-4391-b3fd-4a6959b248a2,11e9e3cd-a286-4510-aacc-814a4db79d73,2026-03-10 18:50:09.552627+00:00,RIGHT,patternWeightCount,genetic,patternWeightCount::lvl-74.txt,genetic::lvl-52.txt,[],[]
v_20b7b42b-8f94-4089-af97-d51d41e4fd24,anon_0ccb2636-0117-4391-b3fd-4a6959b248a2,11e9e3cd-a286-4510-aacc-814a4db79d73,2026-03-10 18:49:52.550399+00:00,LEFT,ore,marioDiffusion,ore::lvl-23.txt,marioDiffusion::level_73.txt,[],[]
v_40d3141f-6187-46e1-8b3d-12716489f2a1,anon_0ccb2636-0117-4391-b3fd-4a6959b248a2,11e9e3cd-a286-4510-aacc-814a4db79d73,2026-03-10 18:49:46.663344+00:00,RIGHT,hopper,patternCount,hopper::lvl-93.txt,patternCount::lvl-33.txt,[],[]
v_e13e374f-800c-49b2-96df-2ba060f86013,anon_0ccb2636-0117-4391-b3fd-4a6959b248a2,11e9e3cd-a286-4510-aacc-814a4db79d73,2026-03-10 18:48:47.436673+00:00,LEFT,patternWeightCount,notchParam,patternWeightCount::lvl-74.txt,notchParam::lvl-77.txt,[],[]
v_13b73ca6-08cc-4e85-abd7-76dcba28eebe,anon_0ccb2636-0117-4391-b3fd-4a6959b248a2,11e9e3cd-a286-4510-aacc-814a4db79d73,2026-03-10 18:47:59.883226+00:00,LEFT,mariogan,notchParamRand,mariogan::level_80.txt,notchParamRand::lvl-93.txt,[],[]
v_b3f48b9e-cc3e-401d-97fd-5af3b7d44f9d,anon_0ccb2636-0117-4391-b3fd-4a6959b248a2,11e9e3cd-a286-4510-aacc-814a4db79d73,2026-03-10 18:47:06.928210+00:00,LEFT,ore,patternOccur,ore::lvl-97.txt,patternOccur::lvl-23.txt,[],[]
v_ef5b17b5-133e-4b16-b0c8-86dd12e7c5ae,anon_6cef13ed-1ba6-4c10-87b2-51de63c70839,895e8f18-e777-41b2-92b7-3e54b78074e6,2026-03-10 17:08:46.570871+00:00,LEFT,mariodpo,notchParamRand,mariodpo::mariodpo_nintendo_0192.txt,notchParamRand::lvl-96.txt,[],[]
v_3b321f96-1b84-47ae-9d31-8d087f51f734,anon_6cef13ed-1ba6-4c10-87b2-51de63c70839,895e8f18-e777-41b2-92b7-3e54b78074e6,2026-03-10 17:08:20.441659+00:00,TIE,notchParam,patternWeightCount,notchParam::lvl-75.txt,patternWeightCount::lvl-26.txt,[],[]
v_d8000191-8f33-4516-8e8e-4a0eef8546ee,anon_6cef13ed-1ba6-4c10-87b2-51de63c70839,895e8f18-e777-41b2-92b7-3e54b78074e6,2026-03-10 17:07:49.872620+00:00,LEFT,ore,patternWeightCount,ore::lvl-52.txt,patternWeightCount::lvl-98.txt,[],[]
v_241200c6-0bb2-4eb3-8fb2-5f5271a164c7,anon_6cef13ed-1ba6-4c10-87b2-51de63c70839,895e8f18-e777-41b2-92b7-3e54b78074e6,2026-03-10 17:05:11.732376+00:00,LEFT,ore,patternOccur,ore::lvl-11.txt,patternOccur::lvl-44.txt,[],[]
v_f32eb0f2-3c0a-47c4-a8a6-9133c3ffeefc,anon_6cef13ed-1ba6-4c10-87b2-51de63c70839,895e8f18-e777-41b2-92b7-3e54b78074e6,2026-03-10 17:03:36.114095+00:00,LEFT,ore,patternOccur,ore::lvl-30.txt,patternOccur::lvl-100.txt,[],[]
v_ffdfa83c-8f08-4357-80a2-f5190dc5de88,anon_6cef13ed-1ba6-4c10-87b2-51de63c70839,895e8f18-e777-41b2-92b7-3e54b78074e6,2026-03-10 17:03:22.643154+00:00,TIE,notch,notchParam,notch::lvl-76.txt,notchParam::lvl-93.txt,[],[]
v_c9b4512f-a138-46c4-9cd5-3e049674e8bd,anon_6cef13ed-1ba6-4c10-87b2-51de63c70839,895e8f18-e777-41b2-92b7-3e54b78074e6,2026-03-10 17:02:15.080020+00:00,LEFT,ore,notch,ore::lvl-2.txt,notch::lvl-73.txt,[],[]
v_0a0c586c-d2b2-4e75-9449-378d96d8c3c3,anon_6cef13ed-1ba6-4c10-87b2-51de63c70839,895e8f18-e777-41b2-92b7-3e54b78074e6,2026-03-10 17:01:45.322877+00:00,LEFT,mariogpt,marioDiffusion,mariogpt::level_013.txt,marioDiffusion::level_53.txt,[],[]
v_911c886f-b62f-43f0-bad8-1c1a698aa5ab,anon_6cef13ed-1ba6-4c10-87b2-51de63c70839,895e8f18-e777-41b2-92b7-3e54b78074e6,2026-03-10 16:59:23.404683+00:00,RIGHT,genetic,original,genetic::lvl-14.txt,original::lvl-8.txt,[],[]
v_0b31d0e8-755c-43aa-833b-7aa8d01da79d,anon_6cef13ed-1ba6-4c10-87b2-51de63c70839,895e8f18-e777-41b2-92b7-3e54b78074e6,2026-03-10 16:59:00.319677+00:00,LEFT,original,patternCount,original::lvl-14.txt,patternCount::lvl-16.txt,[],[]
v_22dd0a60-4e0d-48ca-b9a6-6e676102cc5f,anon_6cef13ed-1ba6-4c10-87b2-51de63c70839,895e8f18-e777-41b2-92b7-3e54b78074e6,2026-03-10 16:57:29.731167+00:00,RIGHT,notchParam,patternOccur,notchParam::lvl-42.txt,patternOccur::lvl-81.txt,[],[]
v_3ac706cd-ef5b-4dc4-800c-a0a1e53b9cbd,anon_6cef13ed-1ba6-4c10-87b2-51de63c70839,895e8f18-e777-41b2-92b7-3e54b78074e6,2026-03-10 16:54:27.379069+00:00,LEFT,marioDiffusion,ore,marioDiffusion::level_89.txt,ore::lvl-68.txt,[],[]
v_679308a9-9270-448f-a7a3-1523a136f95e,anon_6cef13ed-1ba6-4c10-87b2-51de63c70839,895e8f18-e777-41b2-92b7-3e54b78074e6,2026-03-10 16:53:20.566154+00:00,LEFT,ore,genetic,ore::lvl-56.txt,genetic::lvl-43.txt,[],[]
v_a9758db7-8306-428b-b30e-7d4b91fd5b30,anon_6cef13ed-1ba6-4c10-87b2-51de63c70839,895e8f18-e777-41b2-92b7-3e54b78074e6,2026-03-10 16:52:27.413446+00:00,LEFT,mariogan,hopper,mariogan::level_18.txt,hopper::lvl-31.txt,[],[]
v_cf7a6fcb-0c00-4cbe-9c79-273b125bca91,anon_9250363a-2f61-4467-9d53-a0b9cf621314,8cdc0ec9-8e9d-48fc-aab7-bf6cb042fe8f,2026-03-10 16:51:21.617842+00:00,LEFT,hopper,ore,hopper::lvl-85.txt,ore::lvl-19.txt,[],[]
v_e8b34402-dea5-4514-92fb-14601e89dbdf,anon_9250363a-2f61-4467-9d53-a0b9cf621314,8cdc0ec9-8e9d-48fc-aab7-bf6cb042fe8f,2026-03-10 16:51:13.739843+00:00,RIGHT,notchParamRand,patternWeightCount,notchParamRand::lvl-98.txt,patternWeightCount::lvl-68.txt,[],[]
v_57fc25fe-8297-4da3-9fd2-6b4f28a73b62,anon_9250363a-2f61-4467-9d53-a0b9cf621314,8cdc0ec9-8e9d-48fc-aab7-bf6cb042fe8f,2026-03-10 16:50:33.268893+00:00,TIE,patternCount,notchParamRand,patternCount::lvl-11.txt,notchParamRand::lvl-45.txt,[],[]
v_d419a106-f93d-4131-9f51-f474e277a6ec,anon_9250363a-2f61-4467-9d53-a0b9cf621314,8cdc0ec9-8e9d-48fc-aab7-bf6cb042fe8f,2026-03-10 16:49:32.601123+00:00,TIE,ore,marioDiffusion,ore::lvl-19.txt,marioDiffusion::level_96.txt,[],[]
v_aec12ea3-08ef-4fc4-911a-fce506e30e1a,anon_9250363a-2f61-4467-9d53-a0b9cf621314,8cdc0ec9-8e9d-48fc-aab7-bf6cb042fe8f,2026-03-10 16:49:25.910995+00:00,RIGHT,genetic,mariogan,genetic::lvl-32.txt,mariogan::level_12.txt,[],[]
v_c0aeb6a0-a3b6-47af-a4fa-86db4a71f5fb,anon_9250363a-2f61-4467-9d53-a0b9cf621314,8cdc0ec9-8e9d-48fc-aab7-bf6cb042fe8f,2026-03-10 16:48:00.271313+00:00,LEFT,original,hopper,original::lvl-3.txt,hopper::lvl-96.txt,[],[]
v_dbb27ef3-b9c1-404c-8e3e-e65004b0f5de,anon_9250363a-2f61-4467-9d53-a0b9cf621314,8cdc0ec9-8e9d-48fc-aab7-bf6cb042fe8f,2026-03-10 16:47:31.405054+00:00,RIGHT,hopper,ore,hopper::lvl-19.txt,ore::lvl-73.txt,[],[]
v_95ef2c38-fa55-417d-b24b-2f2d4fc534e8,anon_9250363a-2f61-4467-9d53-a0b9cf621314,8cdc0ec9-8e9d-48fc-aab7-bf6cb042fe8f,2026-03-10 16:47:19.510668+00:00,TIE,notchParamRand,marioDiffusion,notchParamRand::lvl-3.txt,marioDiffusion::level_13.txt,[],[]
v_112b2824-5190-407b-b45a-cef6adbf1d17,anon_9250363a-2f61-4467-9d53-a0b9cf621314,8cdc0ec9-8e9d-48fc-aab7-bf6cb042fe8f,2026-03-10 16:46:39.212942+00:00,RIGHT,patternOccur,original,patternOccur::lvl-9.txt,original::lvl-13.txt,[],[]
v_e6ad970f-1c94-4425-adc1-340947afabe4,anon_9250363a-2f61-4467-9d53-a0b9cf621314,8cdc0ec9-8e9d-48fc-aab7-bf6cb042fe8f,2026-03-10 16:45:31.038927+00:00,LEFT,notchParam,genetic,notchParam::lvl-26.txt,genetic::lvl-99.txt,[],[]
v_5f0e30a6-660e-4d55-8355-d8d3625a6488,anon_9250363a-2f61-4467-9d53-a0b9cf621314,8cdc0ec9-8e9d-48fc-aab7-bf6cb042fe8f,2026-03-10 16:44:58.908191+00:00,RIGHT,hopper,marioDiffusion,hopper::lvl-68.txt,marioDiffusion::level_59.txt,[],[]
v_1df964a5-b1b9-488d-8f1c-340058f417b4,anon_9250363a-2f61-4467-9d53-a0b9cf621314,8cdc0ec9-8e9d-48fc-aab7-bf6cb042fe8f,2026-03-10 16:44:12.585002+00:00,LEFT,genetic,notchParam,genetic::lvl-47.txt,notchParam::lvl-100.txt,[],[]
v_b8f30162-8a1c-4ead-b92d-81a6c68e84b6,anon_9250363a-2f61-4467-9d53-a0b9cf621314,8cdc0ec9-8e9d-48fc-aab7-bf6cb042fe8f,2026-03-10 16:43:41.719210+00:00,RIGHT,marioDiffusion,mariogpt,marioDiffusion::level_16.txt,mariogpt::level_048.txt,[],[]
v_8ef2d659-bb0a-4e58-896b-be309359ce4f,anon_9250363a-2f61-4467-9d53-a0b9cf621314,8cdc0ec9-8e9d-48fc-aab7-bf6cb042fe8f,2026-03-10 16:43:02.243398+00:00,LEFT,original,mariogpt,original::lvl-11.txt,mariogpt::level_025.txt,[],[]
v_22bc0887-286a-4012-b759-e1c762e39313,anon_9250363a-2f61-4467-9d53-a0b9cf621314,8cdc0ec9-8e9d-48fc-aab7-bf6cb042fe8f,2026-03-10 16:42:28.000070+00:00,RIGHT,patternOccur,marioDiffusion,patternOccur::lvl-52.txt,marioDiffusion::level_15.txt,[],[]
v_52e76166-d045-4dd7-8482-efa2b90a5073,anon_376d7289-fc63-4549-9336-2b8703819566,57fbb010-cd1d-4a83-8d52-fc0f764c1ca6,2026-03-10 14:48:19.701808+00:00,LEFT,mariodpo,ore,mariodpo::mariodpo_nintendo_0134.txt,ore::lvl-18.txt,[],[]
v_f9c839fb-5eff-451c-b760-46dc7d2d303e,anon_46d23f1b-af04-4b3c-b201-a6e046a29af7,4f50b048-0e59-4695-bb4c-53e71aa31c7b,2026-03-09 21:27:53.618251+00:00,LEFT,mariodpo,hopper,mariodpo::mariodpo_nintendo_0192.txt,hopper::lvl-4.txt,[],[]
v_5d2cc0d4-6d08-4d1d-912e-7b91ea8d3a7a,anon_46d23f1b-af04-4b3c-b201-a6e046a29af7,4f50b048-0e59-4695-bb4c-53e71aa31c7b,2026-03-09 21:26:51.406508+00:00,RIGHT,original,mariodpo,original::lvl-2.txt,mariodpo::mariodpo_nintendo_0161.txt,[],[]
v_3b60b85c-d5c0-4224-a822-1acdff022ea7,anon_46d23f1b-af04-4b3c-b201-a6e046a29af7,4f50b048-0e59-4695-bb4c-53e71aa31c7b,2026-03-09 21:25:24.507338+00:00,LEFT,patternWeightCount,notch,patternWeightCount::lvl-55.txt,notch::lvl-99.txt,[],[]
v_b06878c4-cff5-4055-b437-8a2ebb04d3a0,anon_61fa1cd7-2663-49dc-bbd1-e4510c96fa81,d22b423e-bda4-465f-8324-3a48e9657bf8,2026-03-09 21:21:00.452535+00:00,LEFT,original,notch,original::lvl-7.txt,notch::lvl-60.txt,[],[]
v_ca99a87d-07e8-4a48-8dd7-d321aedcc1f3,anon_61fa1cd7-2663-49dc-bbd1-e4510c96fa81,d22b423e-bda4-465f-8324-3a48e9657bf8,2026-03-09 21:20:07.859690+00:00,LEFT,mariogan,patternOccur,mariogan::level_1.txt,patternOccur::lvl-42.txt,[],[]
v_e53e6aed-cd29-48e7-9e24-ae8298daa499,anon_61fa1cd7-2663-49dc-bbd1-e4510c96fa81,d22b423e-bda4-465f-8324-3a48e9657bf8,2026-03-09 21:19:50.167623+00:00,LEFT,hopper,notchParamRand,hopper::lvl-34.txt,notchParamRand::lvl-21.txt,[],[]
v_2ed2a1fc-0678-46e2-98a3-7c041be5be8d,anon_61fa1cd7-2663-49dc-bbd1-e4510c96fa81,284e0043-d2d4-4a1f-9a28-4e1d60138cf0,2026-03-09 21:15:10.194235+00:00,LEFT,mariogan,patternWeightCount,mariogan::level_24.txt,patternWeightCount::lvl-1.txt,[],[]
v_fa24d254-3fa5-45d6-8cf3-6b5ca9214010,anon_61fa1cd7-2663-49dc-bbd1-e4510c96fa81,284e0043-d2d4-4a1f-9a28-4e1d60138cf0,2026-03-09 21:14:12.632688+00:00,RIGHT,notchParam,hopper,notchParam::lvl-69.txt,hopper::lvl-13.txt,[],[]
v_103dee6e-a90b-4fd7-9452-ffe3dd19fc31,anon_61fa1cd7-2663-49dc-bbd1-e4510c96fa81,284e0043-d2d4-4a1f-9a28-4e1d60138cf0,2026-03-09 21:13:56.768811+00:00,LEFT,original,ore,original::lvl-13.txt,ore::lvl-49.txt,[],[]
v_ef3adb00-0284-41d8-97ca-ccd7bd50508f,anon_f6537df1-776d-4692-9d88-e5e324251f49,533a367f-6198-4416-bf0d-227c7ad68f33,2026-03-09 21:04:52.424529+00:00,RIGHT,notchParam,original,notchParam::lvl-94.txt,original::lvl-11.txt,[],[]
v_89a5afb8-6d18-408b-af78-50661f90ac91,anon_f6537df1-776d-4692-9d88-e5e324251f49,533a367f-6198-4416-bf0d-227c7ad68f33,2026-03-09 21:04:37.802207+00:00,LEFT,patternWeightCount,notchParamRand,patternWeightCount::lvl-90.txt,notchParamRand::lvl-66.txt,[],[]
v_bea801fe-323f-48fe-82d4-804cddbd4781,anon_f6537df1-776d-4692-9d88-e5e324251f49,533a367f-6198-4416-bf0d-227c7ad68f33,2026-03-09 21:03:40.758238+00:00,LEFT,notchParam,marioDiffusion,notchParam::lvl-4.txt,marioDiffusion::level_92.txt,[],[]
v_0b83aab3-fa11-48f6-9112-0ace0d896366,anon_f6537df1-776d-4692-9d88-e5e324251f49,533a367f-6198-4416-bf0d-227c7ad68f33,2026-03-09 21:03:34.604522+00:00,TIE,patternWeightCount,patternOccur,patternWeightCount::lvl-98.txt,patternOccur::lvl-20.txt,[],[]
v_0ce17759-48ea-4c33-9de8-d2c4eb0287b2,anon_f6537df1-776d-4692-9d88-e5e324251f49,533a367f-6198-4416-bf0d-227c7ad68f33,2026-03-09 21:03:17.281099+00:00,LEFT,original,patternWeightCount,original::lvl-14.txt,patternWeightCount::lvl-54.txt,[],[]
v_aa3ba048-b51d-4d81-88f1-dbe08d55d17c,anon_f6537df1-776d-4692-9d88-e5e324251f49,533a367f-6198-4416-bf0d-227c7ad68f33,2026-03-09 21:02:39.287407+00:00,LEFT,genetic,notch,genetic::lvl-55.txt,notch::lvl-14.txt,[],[]
v_e4379fcf-27a0-410a-ad3d-b7cbe8cec622,anon_f6537df1-776d-4692-9d88-e5e324251f49,533a367f-6198-4416-bf0d-227c7ad68f33,2026-03-09 21:02:17.300853+00:00,RIGHT,hopper,genetic,hopper::lvl-90.txt,genetic::lvl-94.txt,[],[]
v_660a169f-52d6-434e-9473-69472766d48d,anon_f6537df1-776d-4692-9d88-e5e324251f49,533a367f-6198-4416-bf0d-227c7ad68f33,2026-03-09 21:01:46.936104+00:00,LEFT,notchParam,hopper,notchParam::lvl-76.txt,hopper::lvl-85.txt,[],[]
v_635f8ed0-8038-4ec8-8cdb-74cb4ea5a75e,anon_f6537df1-776d-4692-9d88-e5e324251f49,533a367f-6198-4416-bf0d-227c7ad68f33,2026-03-09 21:01:39.936942+00:00,LEFT,genetic,marioDiffusion,genetic::lvl-54.txt,marioDiffusion::level_99.txt,[],[]
v_bf6c0efd-9d3b-469b-90db-f7eb1766035a,anon_f6537df1-776d-4692-9d88-e5e324251f49,533a367f-6198-4416-bf0d-227c7ad68f33,2026-03-09 21:00:51.422310+00:00,LEFT,mariogpt,mariodpo,mariogpt::level_061.txt,mariodpo::mariodpo_nintendo_0065.txt,[],[]
v_9b4c8da4-fb03-4b09-88b8-d697ba2dba39,anon_f6537df1-776d-4692-9d88-e5e324251f49,533a367f-6198-4416-bf0d-227c7ad68f33,2026-03-09 21:00:19.140225+00:00,RIGHT,patternWeightCount,genetic,patternWeightCount::lvl-84.txt,genetic::lvl-77.txt,[],[]
v_f52d2adf-dad4-41f9-8157-364e6655d0c0,anon_f6537df1-776d-4692-9d88-e5e324251f49,533a367f-6198-4416-bf0d-227c7ad68f33,2026-03-09 21:00:02.181491+00:00,LEFT,genetic,notchParam,genetic::lvl-77.txt,notchParam::lvl-2.txt,[],[]
v_a56882d6-1a5d-4fbd-adec-93b527ceb96c,anon_f6537df1-776d-4692-9d88-e5e324251f49,533a367f-6198-4416-bf0d-227c7ad68f33,2026-03-09 20:59:53.019732+00:00,RIGHT,notch,genetic,notch::lvl-51.txt,genetic::lvl-78.txt,[],[]
v_add016ba-3663-4a63-8ba3-2df4b5bff0fd,anon_f6537df1-776d-4692-9d88-e5e324251f49,533a367f-6198-4416-bf0d-227c7ad68f33,2026-03-09 20:59:41.681217+00:00,LEFT,mariogan,patternOccur,mariogan::level_5.txt,patternOccur::lvl-25.txt,[],[]
v_27539847-da8c-46cd-9bdd-57d90379e81d,anon_f6537df1-776d-4692-9d88-e5e324251f49,533a367f-6198-4416-bf0d-227c7ad68f33,2026-03-09 20:59:21.186295+00:00,LEFT,patternWeightCount,patternCount,patternWeightCount::lvl-31.txt,patternCount::lvl-93.txt,[],[]
v_76b4337d-4980-468e-80c9-918291f0d551,anon_f6537df1-776d-4692-9d88-e5e324251f49,533a367f-6198-4416-bf0d-227c7ad68f33,2026-03-09 20:58:39.489817+00:00,LEFT,patternWeightCount,genetic,patternWeightCount::lvl-3.txt,genetic::lvl-25.txt,[],[]
v_96e8953a-1f2f-4855-8868-4983944d19e6,anon_f6537df1-776d-4692-9d88-e5e324251f49,533a367f-6198-4416-bf0d-227c7ad68f33,2026-03-09 20:58:10.007560+00:00,LEFT,genetic,notchParamRand,genetic::lvl-34.txt,notchParamRand::lvl-85.txt,[],[]
v_59d62b31-efbb-40d9-97ec-41aa5c080d3e,anon_f6537df1-776d-4692-9d88-e5e324251f49,533a367f-6198-4416-bf0d-227c7ad68f33,2026-03-09 20:57:20.941829+00:00,RIGHT,patternCount,hopper,patternCount::lvl-83.txt,hopper::lvl-61.txt,[],[]
v_f2cdd9ba-59d1-4784-809e-15f142209a12,anon_f6537df1-776d-4692-9d88-e5e324251f49,533a367f-6198-4416-bf0d-227c7ad68f33,2026-03-09 20:57:14.403458+00:00,RIGHT,marioDiffusion,notchParam,marioDiffusion::level_34.txt,notchParam::lvl-2.txt,[],[]
v_6ec2fccf-3a2f-4e4c-8fcc-a6219a9e35d2,anon_f6537df1-776d-4692-9d88-e5e324251f49,533a367f-6198-4416-bf0d-227c7ad68f33,2026-03-09 20:57:07.029166+00:00,LEFT,notch,mariogan,notch::lvl-94.txt,mariogan::level_79.txt,[],[]
v_4aaf1a6f-8c04-4dd7-92ef-ac6106884ed7,anon_f6537df1-776d-4692-9d88-e5e324251f49,533a367f-6198-4416-bf0d-227c7ad68f33,2026-03-09 20:56:46.865087+00:00,LEFT,patternWeightCount,marioDiffusion,patternWeightCount::lvl-3.txt,marioDiffusion::level_42.txt,[],[]
v_50eeb605-4dbd-4b15-881d-3528a139c33f,anon_a9445e2d-8170-40b8-bfa3-9fdf5b9366fb,c74af2ab-6e83-4bd2-aaa7-5a3de1d9d4b6,2026-03-09 09:09:46.664445+00:00,LEFT,marioDiffusion,patternWeightCount,marioDiffusion::level_37.txt,patternWeightCount::lvl-85.txt,[],[]
v_6b91e4b8-5db9-40bc-866e-ba64aa147118,anon_a9445e2d-8170-40b8-bfa3-9fdf5b9366fb,c74af2ab-6e83-4bd2-aaa7-5a3de1d9d4b6,2026-03-09 09:09:20.180443+00:00,LEFT,hopper,genetic,hopper::lvl-42.txt,genetic::lvl-84.txt,[],[]
v_46b12304-c67b-45ae-b49d-8748bdce7749,anon_a9445e2d-8170-40b8-bfa3-9fdf5b9366fb,c74af2ab-6e83-4bd2-aaa7-5a3de1d9d4b6,2026-03-09 09:09:08.968067+00:00,TIE,mariogpt,patternCount,mariogpt::level_074.txt,patternCount::lvl-75.txt,[],[]
v_0bb0f4b1-4f15-4bf8-9a6d-2580e8bcb81a,anon_a9445e2d-8170-40b8-bfa3-9fdf5b9366fb,c74af2ab-6e83-4bd2-aaa7-5a3de1d9d4b6,2026-03-09 09:08:56.399158+00:00,TIE,genetic,mariogpt,genetic::lvl-70.txt,mariogpt::level_041.txt,[],[]
v_c3b3bc81-f2b3-47c3-884d-292ebc563162,anon_376d7289-fc63-4549-9336-2b8703819566,cf8ccb02-2377-49f4-b218-62abb38dcd89,2026-03-07 11:59:43.642664+00:00,RIGHT,patternCount,marioDiffusion,patternCount::lvl-68.txt,marioDiffusion::level_78.txt,[],[]
v_99779315-2f66-406a-8e6b-ecc40f5b40b7,anon_376d7289-fc63-4549-9336-2b8703819566,8dcf87bc-e427-471d-ab63-12cd43872380,2026-03-07 08:00:59.094940+00:00,LEFT,marioDiffusion,original,marioDiffusion::level_37.txt,original::lvl-8.txt,[],[]
v_02a33874-3377-4146-9e8b-9fd031301031,anon_a9445e2d-8170-40b8-bfa3-9fdf5b9366fb,59eba33b-077e-4e2e-950d-1aef95f94b97,2026-03-06 13:50:09.161794+00:00,LEFT,patternOccur,genetic,patternOccur::lvl-94.txt,genetic::lvl-26.txt,[],[]
v_6d0a79f9-29ac-44d2-9260-0c50e4f85512,anon_a9445e2d-8170-40b8-bfa3-9fdf5b9366fb,59eba33b-077e-4e2e-950d-1aef95f94b97,2026-03-06 13:49:48.956460+00:00,RIGHT,mariogan,mariodpo,mariogan::level_77.txt,mariodpo::mariodpo_nintendo_0070.txt,[],[]
v_86eee4e6-fcaf-49a8-a63e-7d7462f5d7c0,anon_a9445e2d-8170-40b8-bfa3-9fdf5b9366fb,7af56605-48bc-4088-8a57-4b6a404d5a44,2026-03-06 11:06:33.316437+00:00,TIE,patternOccur,genetic,patternOccur::lvl-58.txt,genetic::lvl-25.txt,[],[]
v_649cbe78-5a28-4c63-8ff1-5fca577dca96,anon_a9445e2d-8170-40b8-bfa3-9fdf5b9366fb,7af56605-48bc-4088-8a57-4b6a404d5a44,2026-03-06 11:05:56.375389+00:00,RIGHT,ore,mariogpt,ore::lvl-55.txt,mariogpt::level_073.txt,[],[]
v_f7d5960b-fea5-484e-8aef-9ce6ad88b06d,anon_a9445e2d-8170-40b8-bfa3-9fdf5b9366fb,7af56605-48bc-4088-8a57-4b6a404d5a44,2026-03-06 11:04:20.266781+00:00,RIGHT,patternOccur,hopper,patternOccur::lvl-66.txt,hopper::lvl-23.txt,[],[]
v_21e82e06-0797-4051-b23b-2a7c46ab01ef,anon_a9445e2d-8170-40b8-bfa3-9fdf5b9366fb,7af56605-48bc-4088-8a57-4b6a404d5a44,2026-03-06 11:03:54.840871+00:00,RIGHT,genetic,patternWeightCount,genetic::lvl-51.txt,patternWeightCount::lvl-79.txt,[],[]
v_5410703b-baf8-4820-81a5-bca6b1d18ba5,anon_a9445e2d-8170-40b8-bfa3-9fdf5b9366fb,5fd0667a-664c-415f-b603-e0daedf6462d,2026-03-05 10:51:42.821140+00:00,TIE,marioDiffusion,original,marioDiffusion::level_51.txt,original::lvl-3.txt,[],[]
v_6c1d5063-5220-419d-acf1-7deee938736f,anon_a9445e2d-8170-40b8-bfa3-9fdf5b9366fb,5fd0667a-664c-415f-b603-e0daedf6462d,2026-03-05 10:51:04.398484+00:00,RIGHT,patternOccur,genetic,patternOccur::lvl-64.txt,genetic::lvl-19.txt,[],[]
v_1cc16222-0c46-4d51-a62b-3765068b84e2,anon_a9445e2d-8170-40b8-bfa3-9fdf5b9366fb,5fd0667a-664c-415f-b603-e0daedf6462d,2026-03-05 10:50:55.982411+00:00,LEFT,notchParamRand,genetic,notchParamRand::lvl-57.txt,genetic::lvl-40.txt,[],[]
v_cbe6feb9-f50f-4e6e-831b-b8c4ca488a71,anon_a9445e2d-8170-40b8-bfa3-9fdf5b9366fb,5fd0667a-664c-415f-b603-e0daedf6462d,2026-03-05 10:50:39.226222+00:00,LEFT,marioDiffusion,notchParam,marioDiffusion::level_50.txt,notchParam::lvl-12.txt,[],[]
v_1f6d5236-dbf0-4058-9b2a-9594de8d52ec,anon_a9445e2d-8170-40b8-bfa3-9fdf5b9366fb,5fd0667a-664c-415f-b603-e0daedf6462d,2026-03-05 10:50:29.472196+00:00,TIE,patternWeightCount,mariogan,patternWeightCount::lvl-90.txt,mariogan::level_75.txt,[],[]
v_e2a079c8-ea17-476e-9001-3fb8c96c3aab,anon_a00e1100-2bc1-4b5e-8974-592f8986ad1e,4272d5ba-7d32-4d99-9abb-d5bc9d567fa1,2026-03-04 20:18:10.595676+00:00,LEFT,notch,hopper,notch::lvl-79.txt,hopper::lvl-89.txt,[],[]
v_6ce9a3e1-d7e2-47ca-947d-457f149681ee,anon_a00e1100-2bc1-4b5e-8974-592f8986ad1e,4272d5ba-7d32-4d99-9abb-d5bc9d567fa1,2026-03-04 20:17:46.487907+00:00,TIE,notchParamRand,patternCount,notchParamRand::lvl-83.txt,patternCount::lvl-42.txt,[],[]
v_715bfe6e-0570-43f9-bed7-a5224fdb92e7,anon_a00e1100-2bc1-4b5e-8974-592f8986ad1e,4272d5ba-7d32-4d99-9abb-d5bc9d567fa1,2026-03-04 20:17:05.813252+00:00,LEFT,genetic,hopper,genetic::lvl-90.txt,hopper::lvl-92.txt,[],[]
v_2a007057-26be-45d9-9c03-057c12eb5a95,anon_a00e1100-2bc1-4b5e-8974-592f8986ad1e,4272d5ba-7d32-4d99-9abb-d5bc9d567fa1,2026-03-04 20:16:46.841112+00:00,TIE,patternWeightCount,genetic,patternWeightCount::lvl-79.txt,genetic::lvl-98.txt,[],[]
v_158fee51-15dd-443c-8c4d-91be9d9f940c,anon_a00e1100-2bc1-4b5e-8974-592f8986ad1e,4272d5ba-7d32-4d99-9abb-d5bc9d567fa1,2026-03-04 20:16:26.615110+00:00,LEFT,notch,notchParamRand,notch::lvl-78.txt,notchParamRand::lvl-16.txt,[],[]
v_8a9a6596-8d2a-4126-bbd1-ce702e89240e,anon_a00e1100-2bc1-4b5e-8974-592f8986ad1e,4272d5ba-7d32-4d99-9abb-d5bc9d567fa1,2026-03-04 20:16:19.585854+00:00,TIE,mariodpo,ore,mariodpo::mariodpo_nintendo_0081.txt,ore::lvl-40.txt,[],[]
v_99ef039f-f530-4656-969a-2653f8d89386,anon_a00e1100-2bc1-4b5e-8974-592f8986ad1e,4272d5ba-7d32-4d99-9abb-d5bc9d567fa1,2026-03-04 20:16:06.555822+00:00,LEFT,ore,genetic,ore::lvl-21.txt,genetic::lvl-33.txt,[],[]
v_7dddb4b6-f233-43b0-a2af-b0db454bc436,anon_a00e1100-2bc1-4b5e-8974-592f8986ad1e,4272d5ba-7d32-4d99-9abb-d5bc9d567fa1,2026-03-04 20:15:51.447361+00:00,RIGHT,notchParam,mariodpo,notchParam::lvl-63.txt,mariodpo::mariodpo_nintendo_0020.txt,[],[]
v_796e56d3-c14c-47c6-9820-6cddb31c753e,anon_a00e1100-2bc1-4b5e-8974-592f8986ad1e,4272d5ba-7d32-4d99-9abb-d5bc9d567fa1,2026-03-04 20:14:53.504713+00:00,RIGHT,notchParamRand,genetic,notchParamRand::lvl-67.txt,genetic::lvl-97.txt,[],[]
v_6f27ec8b-1240-4db3-b20c-d6e764c31802,anon_a00e1100-2bc1-4b5e-8974-592f8986ad1e,4272d5ba-7d32-4d99-9abb-d5bc9d567fa1,2026-03-04 20:14:25.522815+00:00,RIGHT,notchParamRand,patternWeightCount,notchParamRand::lvl-81.txt,patternWeightCount::lvl-74.txt,[],[]
v_2029788b-47b6-4892-b859-260eb7469333,anon_a00e1100-2bc1-4b5e-8974-592f8986ad1e,fb74fc67-5bee-4288-be5e-f126e778aeb6,2026-03-04 13:05:53.309466+00:00,RIGHT,mariodpo,mariogpt,mariodpo::mariodpo_nintendo_0111.txt,mariogpt::level_060.txt,[],[]
v_65717657-7efa-4c07-b42a-de50b8eefab6,anon_a00e1100-2bc1-4b5e-8974-592f8986ad1e,fb74fc67-5bee-4288-be5e-f126e778aeb6,2026-03-04 13:04:39.489478+00:00,RIGHT,genetic,ore,genetic::lvl-27.txt,ore::lvl-65.txt,[],[]
v_e0134c17-ff3f-4f3a-b005-0fa1d78ec379,anon_a00e1100-2bc1-4b5e-8974-592f8986ad1e,ea2377aa-4288-4c8e-93dd-af87136fdb16,2026-03-04 13:02:30.904086+00:00,RIGHT,mariodpo,original,mariodpo::mariodpo_nintendo_0139.txt,original::lvl-11.txt,[],[]
v_62e2ebc7-1786-472d-83b3-84cc2c5a5cc6,anon_a00e1100-2bc1-4b5e-8974-592f8986ad1e,31d1553e-a038-4f5a-b15a-641238d0714f,2026-03-04 13:02:06.397699+00:00,RIGHT,hopper,mariogan,hopper::lvl-77.txt,mariogan::level_29.txt,[],[]
v_baf401b0-045f-435f-a869-05e4a37fcce0,anon_a00e1100-2bc1-4b5e-8974-592f8986ad1e,31d1553e-a038-4f5a-b15a-641238d0714f,2026-03-04 13:01:38.001102+00:00,TIE,mariogan,hopper,mariogan::level_22.txt,hopper::lvl-4.txt,[],[]
v_7be951bf-d50f-4d21-b74c-3a43477e102b,anon_a9445e2d-8170-40b8-bfa3-9fdf5b9366fb,205bccb5-8344-4e5f-8a9b-22a99ddccc8c,2026-03-04 11:45:38.784612+00:00,RIGHT,patternWeightCount,notchParam,patternWeightCount::lvl-36.txt,notchParam::lvl-29.txt,[],[]
v_672ce4e7-6c45-4926-9a53-e3b9c1db9cbc,anon_a9445e2d-8170-40b8-bfa3-9fdf5b9366fb,205bccb5-8344-4e5f-8a9b-22a99ddccc8c,2026-03-04 11:44:57.676462+00:00,LEFT,notch,patternCount,notch::lvl-50.txt,patternCount::lvl-61.txt,[],[]
v_fda03937-693c-4c52-a427-84d0270102bb,anon_a9445e2d-8170-40b8-bfa3-9fdf5b9366fb,205bccb5-8344-4e5f-8a9b-22a99ddccc8c,2026-03-04 11:44:45.226278+00:00,RIGHT,notch,mariodpo,notch::lvl-14.txt,mariodpo::mariodpo_nintendo_0142.txt,[],[]
v_c1d863ff-91ac-428b-a479-0add67673563,anon_a9445e2d-8170-40b8-bfa3-9fdf5b9366fb,205bccb5-8344-4e5f-8a9b-22a99ddccc8c,2026-03-04 11:43:52.604473+00:00,RIGHT,original,mariogpt,original::lvl-8.txt,mariogpt::level_060.txt,[],[]
v_e9dd20b4-259e-44cc-91af-24dcf553b1f8,anon_a9445e2d-8170-40b8-bfa3-9fdf5b9366fb,205bccb5-8344-4e5f-8a9b-22a99ddccc8c,2026-03-04 11:43:06.689493+00:00,LEFT,mariodpo,patternWeightCount,mariodpo::mariodpo_nintendo_0026.txt,patternWeightCount::lvl-58.txt,[],[]
v_c8851f8a-f269-4837-b365-3d7b1e5041f1,anon_a9445e2d-8170-40b8-bfa3-9fdf5b9366fb,205bccb5-8344-4e5f-8a9b-22a99ddccc8c,2026-03-04 11:42:54.730623+00:00,RIGHT,marioDiffusion,hopper,marioDiffusion::level_97.txt,hopper::lvl-64.txt,[],[]
v_370a6041-2d32-4311-a5a0-16843b149fdd,anon_a9445e2d-8170-40b8-bfa3-9fdf5b9366fb,205bccb5-8344-4e5f-8a9b-22a99ddccc8c,2026-03-04 11:42:48.300154+00:00,LEFT,hopper,patternWeightCount,hopper::lvl-48.txt,patternWeightCount::lvl-10.txt,[],[]
v_3e7a85d0-e1d3-447c-94f7-da7e03784e3a,anon_7f556d66-9db3-4f99-890e-799fd9038dfc,7143549c-07cf-4f5e-a6df-716eded205d4,2026-02-23 16:38:45.683860+00:00,LEFT,mariodpo,patternWeightCount,mariodpo::mariodpo_nintendo_0075.txt,patternWeightCount::lvl-53.txt,[],[]
v_323344e8-1700-4789-8850-1dd839d6d503,anon_7f556d66-9db3-4f99-890e-799fd9038dfc,7143549c-07cf-4f5e-a6df-716eded205d4,2026-02-23 16:37:45.607178+00:00,LEFT,mariodpo,notchParamRand,mariodpo::mariodpo_nintendo_0034.txt,notchParamRand::lvl-86.txt,[],[]
v_e6074c5d-341b-4de8-a178-32529c3a6e80,anon_7f556d66-9db3-4f99-890e-799fd9038dfc,7143549c-07cf-4f5e-a6df-716eded205d4,2026-02-23 16:37:25.255200+00:00,LEFT,marioDiffusion,ore,marioDiffusion::level_31.txt,ore::lvl-80.txt,[],[]
v_2b116863-2523-431f-9017-ea9970e14b45,anon_7f556d66-9db3-4f99-890e-799fd9038dfc,7143549c-07cf-4f5e-a6df-716eded205d4,2026-02-23 16:37:03.237559+00:00,LEFT,original,genetic,original::lvl-1.txt,genetic::lvl-61.txt,[],[]
v_6e775508-139e-45fc-a3e5-23d88f16e3f9,anon_a9445e2d-8170-40b8-bfa3-9fdf5b9366fb,5a808468-ede3-4729-ad5e-2d7331bff69d,2026-02-20 15:22:41.887055+00:00,LEFT,hopper,patternOccur,hopper::lvl-54.txt,patternOccur::lvl-11.txt,[],[]
v_8df1b45d-b142-4462-bd0d-3f00a7c3b124,anon_a9445e2d-8170-40b8-bfa3-9fdf5b9366fb,5a808468-ede3-4729-ad5e-2d7331bff69d,2026-02-20 15:22:24.758776+00:00,TIE,notch,notchParam,notch::lvl-21.txt,notchParam::lvl-65.txt,[],[]
v_1d27a521-e722-4acd-900f-6ddbd26f9990,anon_a9445e2d-8170-40b8-bfa3-9fdf5b9366fb,5a808468-ede3-4729-ad5e-2d7331bff69d,2026-02-20 15:22:04.375182+00:00,RIGHT,notch,patternWeightCount,notch::lvl-18.txt,patternWeightCount::lvl-19.txt,[],[]
v_cd077c36-d971-45d4-98cd-7ad3e6a373a5,anon_a9445e2d-8170-40b8-bfa3-9fdf5b9366fb,5a808468-ede3-4729-ad5e-2d7331bff69d,2026-02-20 15:21:41.104137+00:00,LEFT,hopper,patternWeightCount,hopper::lvl-69.txt,patternWeightCount::lvl-88.txt,[],[]
v_9cc104fe-2ca9-4bd6-9d1e-4a39240eb02a,anon_a9445e2d-8170-40b8-bfa3-9fdf5b9366fb,46dbf295-5fd9-49bc-a7e4-02d0b5d70287,2026-02-20 14:11:45.996901+00:00,TIE,mariogan,patternWeightCount,mariogan::level_46.txt,patternWeightCount::lvl-28.txt,[],[]
v_410e189b-862b-4039-885f-530b05eadd49,anon_a9445e2d-8170-40b8-bfa3-9fdf5b9366fb,46dbf295-5fd9-49bc-a7e4-02d0b5d70287,2026-02-20 14:11:34.504195+00:00,LEFT,original,hopper,original::lvl-5.txt,hopper::lvl-33.txt,[],[]
v_110351f6-fedc-4b4a-a1dc-978b7eb5a465,anon_a9445e2d-8170-40b8-bfa3-9fdf5b9366fb,6674f388-7a8d-495c-82f5-acfb2f461cf8,2026-02-20 14:10:04.165362+00:00,RIGHT,mariogan,original,mariogan::level_37.txt,original::lvl-10.txt,[],[]
v_757c73d6-9e4b-4a9c-8947-5613fb355cb4,anon_a9445e2d-8170-40b8-bfa3-9fdf5b9366fb,6674f388-7a8d-495c-82f5-acfb2f461cf8,2026-02-20 14:09:55.928380+00:00,TIE,notchParamRand,mariogpt,notchParamRand::lvl-59.txt,mariogpt::level_086.txt,[],[]
v_95a14887-764d-43a3-bc8e-fa1a7c6dc810,anon_a9445e2d-8170-40b8-bfa3-9fdf5b9366fb,6674f388-7a8d-495c-82f5-acfb2f461cf8,2026-02-20 14:09:16.735310+00:00,TIE,patternWeightCount,mariodpo,patternWeightCount::lvl-35.txt,mariodpo::mariodpo_nintendo_0082.txt,[],[]
v_37e82276-6a06-4b6d-8e5b-2c3be3cae6f2,anon_376d7289-fc63-4549-9336-2b8703819566,4d12a87e-8e76-486c-b39c-5690428eac21,2026-02-19 19:34:01.646163+00:00,RIGHT,genetic,mariogpt,genetic::lvl-39.txt,mariogpt::level_095.txt,[],['creative']
v_4a19b8f3-59ef-4eea-813b-0344ab1f703a,anon_376d7289-fc63-4549-9336-2b8703819566,4d12a87e-8e76-486c-b39c-5690428eac21,2026-02-19 19:33:03.902141+00:00,TIE,genetic,patternWeightCount,genetic::lvl-28.txt,patternWeightCount::lvl-46.txt,[],[]
v_e96f39f0-9c8e-4b10-b985-d5357d7475ba,anon_eb610ba1-0a9f-4dc9-9195-09c829139bea,2eab807e-d4b3-45a4-9fc7-83d7df2088d8,2026-02-19 19:09:47.618960+00:00,TIE,mariodpo,notchParam,mariodpo::mariodpo_nintendo_0041.txt,notchParam::lvl-54.txt,[],[]
v_b8bf80c6-3e6b-4cc8-9e4a-7fc095e64ca8,anon_eb610ba1-0a9f-4dc9-9195-09c829139bea,2eab807e-d4b3-45a4-9fc7-83d7df2088d8,2026-02-19 19:09:32.242063+00:00,TIE,patternOccur,genetic,patternOccur::lvl-26.txt,genetic::lvl-53.txt,[],[]
v_7997632f-11c0-4148-bb24-cb8d2ec0b9e0,anon_376d7289-fc63-4549-9336-2b8703819566,777f923b-ffe3-4808-ac11-767b9f23507a,2026-02-19 17:42:00.542364+00:00,LEFT,mariodpo,original,mariodpo::mariodpo_nintendo_0154.txt,original::lvl-1.txt,[],[]
v_5e8597f6-fb53-4d4d-8e59-9be9d401250f,anon_376d7289-fc63-4549-9336-2b8703819566,777f923b-ffe3-4808-ac11-767b9f23507a,2026-02-19 17:41:39.445312+00:00,LEFT,original,patternWeightCount,original::lvl-10.txt,patternWeightCount::lvl-71.txt,[],[]
v_e21d1466-eb97-41bd-9de3-dc618b9359a1,anon_376d7289-fc63-4549-9336-2b8703819566,777f923b-ffe3-4808-ac11-767b9f23507a,2026-02-19 17:41:22.617127+00:00,LEFT,notch,patternOccur,notch::lvl-3.txt,patternOccur::lvl-75.txt,[],[]
v_f124af06-615d-4587-8e6c-7365acb2be9b,anon_eb610ba1-0a9f-4dc9-9195-09c829139bea,2eab807e-d4b3-45a4-9fc7-83d7df2088d8,2026-02-19 14:13:46.808735+00:00,RIGHT,patternWeightCount,notchParamRand,patternWeightCount::lvl-71.txt,notchParamRand::lvl-31.txt,[],[]
v_b2dd8f85-0838-49cc-a1b1-3529a27c5e17,anon_eb610ba1-0a9f-4dc9-9195-09c829139bea,076d2663-d127-42ed-a116-e9d39f67abc3,2026-02-18 13:20:13.441992+00:00,LEFT,marioDiffusion,patternCount,marioDiffusion::level_2.txt,patternCount::lvl-30.txt,[],[]
v_ba9bc9a7-449f-4ddd-8f50-c4dbdcb5dd4e,anon_eb610ba1-0a9f-4dc9-9195-09c829139bea,076d2663-d127-42ed-a116-e9d39f67abc3,2026-02-18 13:19:44.805750+00:00,RIGHT,patternCount,patternWeightCount,patternCount::lvl-5.txt,patternWeightCount::lvl-72.txt,[],[]
v_1064df0a-ddde-4f5a-858e-422554729842,anon_eb610ba1-0a9f-4dc9-9195-09c829139bea,1854fded-6308-4b7f-ba88-752698f252d9,2026-02-18 13:19:28.864777+00:00,LEFT,mariodpo,mariogpt,mariodpo::mariodpo_nintendo_0147.txt,mariogpt::level_025.txt,[],[]
v_963ba8cf-5c2c-4601-b9c9-d8ea57cafb77,anon_a9445e2d-8170-40b8-bfa3-9fdf5b9366fb,53cd5d64-462b-4671-8957-32683337c020,2026-02-17 13:51:10.259134+00:00,TIE,mariodpo,mariogpt,mariodpo::mariodpo_nintendo_0074.txt,mariogpt::level_015.txt,[],[]
v_244b3342-7764-4c65-8d75-8408e2d7da14,anon_a9445e2d-8170-40b8-bfa3-9fdf5b9366fb,53cd5d64-462b-4671-8957-32683337c020,2026-02-17 13:50:12.925976+00:00,TIE,mariodpo,genetic,mariodpo::mariodpo_nintendo_0107.txt,genetic::lvl-38.txt,[],[]
v_ccb21a0d-6bae-4af7-aa08-4864e266817e,anon_a9445e2d-8170-40b8-bfa3-9fdf5b9366fb,53cd5d64-462b-4671-8957-32683337c020,2026-02-17 13:49:46.780673+00:00,TIE,notch,mariogpt,notch::lvl-18.txt,mariogpt::level_035.txt,[],[]
v_8add7cf8-d49f-4069-a407-e78e7624869a,anon_a9445e2d-8170-40b8-bfa3-9fdf5b9366fb,53cd5d64-462b-4671-8957-32683337c020,2026-02-17 13:49:29.783149+00:00,LEFT,hopper,patternOccur,hopper::lvl-63.txt,patternOccur::lvl-71.txt,[],[]
v_97abb858-c0be-4a3c-980a-172331135b4a,anon_b61c4670-c85a-452e-a77c-f3faf427ee06,f7105a8a-8b9a-41fa-9224-73fcb652a38f,2026-02-16 19:34:10.271219+00:00,RIGHT,notchParamRand,mariogan,notchParamRand::lvl-31.txt,mariogan::level_72.txt,[],[]
v_70e95cf8-ad7f-430d-ba31-fb88eff201d4,anon_b61c4670-c85a-452e-a77c-f3faf427ee06,f7105a8a-8b9a-41fa-9224-73fcb652a38f,2026-02-16 19:34:01.422743+00:00,RIGHT,patternCount,ore,patternCount::lvl-99.txt,ore::lvl-11.txt,[],[]
v_b5bf5fc7-b94c-4e3b-90e3-5c05c81ccc2c,anon_b61c4670-c85a-452e-a77c-f3faf427ee06,f7105a8a-8b9a-41fa-9224-73fcb652a38f,2026-02-16 19:33:51.208763+00:00,RIGHT,notchParamRand,patternOccur,notchParamRand::lvl-54.txt,patternOccur::lvl-60.txt,[],[]
v_1a74c6f5-41e1-47a6-a6f9-06fa97e9afe7,anon_b61c4670-c85a-452e-a77c-f3faf427ee06,f7105a8a-8b9a-41fa-9224-73fcb652a38f,2026-02-16 19:32:49.347905+00:00,LEFT,mariogpt,patternOccur,mariogpt::level_077.txt,patternOccur::lvl-49.txt,[],[]
v_af12b9c2-54b6-48eb-ba93-f17ce2fa62fa,anon_b61c4670-c85a-452e-a77c-f3faf427ee06,f7105a8a-8b9a-41fa-9224-73fcb652a38f,2026-02-16 19:32:10.505073+00:00,RIGHT,notchParam,notchParamRand,notchParam::lvl-37.txt,notchParamRand::lvl-49.txt,[],[]
v_cf8c0b22-0b2b-4252-9d14-196234db7bef,anon_b61c4670-c85a-452e-a77c-f3faf427ee06,f7105a8a-8b9a-41fa-9224-73fcb652a38f,2026-02-16 19:32:01.264489+00:00,RIGHT,notchParamRand,marioDiffusion,notchParamRand::lvl-55.txt,marioDiffusion::level_83.txt,[],[]
v_d3efbc81-695b-4bed-ab6d-523bf0deefef,anon_b61c4670-c85a-452e-a77c-f3faf427ee06,f7105a8a-8b9a-41fa-9224-73fcb652a38f,2026-02-16 19:31:36.748403+00:00,TIE,patternCount,patternOccur,patternCount::lvl-12.txt,patternOccur::lvl-51.txt,[],[]
v_3237319b-73fa-4892-bace-42e33067af2f,anon_b61c4670-c85a-452e-a77c-f3faf427ee06,f7105a8a-8b9a-41fa-9224-73fcb652a38f,2026-02-16 19:31:28.988045+00:00,RIGHT,genetic,mariodpo,genetic::lvl-8.txt,mariodpo::mariodpo_nintendo_0181.txt,[],[]
v_a1f4c7ed-3eee-4485-a687-e6ca3e9044cf,anon_b61c4670-c85a-452e-a77c-f3faf427ee06,f7105a8a-8b9a-41fa-9224-73fcb652a38f,2026-02-16 19:30:53.496984+00:00,RIGHT,notchParam,genetic,notchParam::lvl-90.txt,genetic::lvl-24.txt,[],[]
v_c33f573e-fd83-45d2-b106-4073de46d81e,anon_b61c4670-c85a-452e-a77c-f3faf427ee06,f7105a8a-8b9a-41fa-9224-73fcb652a38f,2026-02-16 19:30:42.038951+00:00,TIE,patternWeightCount,notchParam,patternWeightCount::lvl-4.txt,notchParam::lvl-11.txt,[],[]
v_d8baf1c7-4338-4ce5-93ea-8dd10f596367,anon_b61c4670-c85a-452e-a77c-f3faf427ee06,f7105a8a-8b9a-41fa-9224-73fcb652a38f,2026-02-16 19:30:14.390625+00:00,LEFT,notchParamRand,mariogpt,notchParamRand::lvl-18.txt,mariogpt::level_043.txt,[],[]
v_a00ab3b3-0e2d-4136-b958-b473b3ba9257,anon_b61c4670-c85a-452e-a77c-f3faf427ee06,f7105a8a-8b9a-41fa-9224-73fcb652a38f,2026-02-16 19:29:54.587125+00:00,TIE,patternOccur,notchParamRand,patternOccur::lvl-62.txt,notchParamRand::lvl-31.txt,[],[]
v_bab8dce7-6bdd-44a9-b020-b7d408ce892b,anon_b61c4670-c85a-452e-a77c-f3faf427ee06,f7105a8a-8b9a-41fa-9224-73fcb652a38f,2026-02-16 19:29:19.770531+00:00,LEFT,mariogan,genetic,mariogan::level_53.txt,genetic::lvl-23.txt,[],[]
v_5dbee52d-64e1-4470-bfef-0a8070ae2de1,anon_a1a3afbf-3494-4602-8e4a-b7e8afac4157,d0fb0fa2-aeb0-4aab-b4c6-d0a75797d179,2026-02-16 18:43:42.524277+00:00,RIGHT,notch,mariogpt,notch::lvl-34.txt,mariogpt::level_062.txt,[],['creative']
v_f2ab7344-afff-40ba-ac95-419a3702d9fa,anon_a9445e2d-8170-40b8-bfa3-9fdf5b9366fb,c945659e-4ab8-4b3e-b2e0-4a3c33b17848,2026-02-15 10:18:07.442848+00:00,LEFT,notch,patternOccur,notch::lvl-65.txt,patternOccur::lvl-57.txt,[],[]
v_c01ae552-072c-457d-bd49-c6e0f2c7e472,anon_a9445e2d-8170-40b8-bfa3-9fdf5b9366fb,c1a104a6-ceb8-44e1-8532-f761e671c6a9,2026-02-15 10:14:31.353126+00:00,LEFT,notchParamRand,marioDiffusion,notchParamRand::lvl-27.txt,marioDiffusion::level_96.txt,[],['impossible']
v_42ecfcb0-3b7e-4207-a9b5-e4df542d7df4,anon_a9445e2d-8170-40b8-bfa3-9fdf5b9366fb,c1a104a6-ceb8-44e1-8532-f761e671c6a9,2026-02-15 10:14:18.869394+00:00,TIE,notchParamRand,genetic,notchParamRand::lvl-18.txt,genetic::lvl-69.txt,[],[]
v_8b545136-a8cc-4d13-8305-f9c46d29d1d9,anon_a9445e2d-8170-40b8-bfa3-9fdf5b9366fb,c1a104a6-ceb8-44e1-8532-f761e671c6a9,2026-02-15 10:14:10.754225+00:00,LEFT,mariogpt,patternOccur,mariogpt::level_032.txt,patternOccur::lvl-86.txt,['creative'],[]
v_d2ef39cc-bef5-4306-9d54-e8ee8844d1d1,anon_a9445e2d-8170-40b8-bfa3-9fdf5b9366fb,5956bf10-951a-49f8-8a70-5e8f0512d9f9,2026-02-14 13:18:09.639940+00:00,RIGHT,patternWeightCount,ore,patternWeightCount::lvl-93.txt,ore::lvl-24.txt,[],[]
v_f1453cee-0d10-4876-9731-16b07dbebbc9,anon_a9445e2d-8170-40b8-bfa3-9fdf5b9366fb,5956bf10-951a-49f8-8a70-5e8f0512d9f9,2026-02-14 13:17:21.631102+00:00,LEFT,mariodpo,ore,mariodpo::mariodpo_nintendo_0187.txt,ore::lvl-31.txt,[],[]
v_8c34665e-5afa-4052-9386-3ce5ecb67bca,anon_a9445e2d-8170-40b8-bfa3-9fdf5b9366fb,5956bf10-951a-49f8-8a70-5e8f0512d9f9,2026-02-14 13:15:49.598896+00:00,RIGHT,notch,ore,notch::lvl-15.txt,ore::lvl-1.txt,[],[]
v_03eb6a6f-a2b5-4652-a9e1-56f8bef84d28,anon_a9445e2d-8170-40b8-bfa3-9fdf5b9366fb,5956bf10-951a-49f8-8a70-5e8f0512d9f9,2026-02-14 13:15:31.978248+00:00,LEFT,ore,mariogpt,ore::lvl-81.txt,mariogpt::level_088.txt,[],[]
v_51985a71-6a28-4211-84d4-bdba82bc265e,anon_a9445e2d-8170-40b8-bfa3-9fdf5b9366fb,5956bf10-951a-49f8-8a70-5e8f0512d9f9,2026-02-14 13:15:15.245482+00:00,LEFT,mariogan,notchParam,mariogan::level_36.txt,notchParam::lvl-65.txt,[],[]
v_0c9fbf77-62da-44a4-8def-60fafe93b210,anon_a9445e2d-8170-40b8-bfa3-9fdf5b9366fb,5956bf10-951a-49f8-8a70-5e8f0512d9f9,2026-02-14 13:14:16.519198+00:00,RIGHT,patternOccur,patternCount,patternOccur::lvl-51.txt,patternCount::lvl-44.txt,[],[]
v_2df72478-7352-4ac0-9743-bf501647f93d,anon_a9445e2d-8170-40b8-bfa3-9fdf5b9366fb,5956bf10-951a-49f8-8a70-5e8f0512d9f9,2026-02-14 13:13:09.662964+00:00,RIGHT,original,mariodpo,original::lvl-13.txt,mariodpo::mariodpo_nintendo_0173.txt,[],[]
v_7be811d9-f1f3-42a9-a21c-ec7ab162594e,anon_a9445e2d-8170-40b8-bfa3-9fdf5b9366fb,5956bf10-951a-49f8-8a70-5e8f0512d9f9,2026-02-14 13:12:27.391700+00:00,RIGHT,marioDiffusion,mariodpo,marioDiffusion::level_97.txt,mariodpo::mariodpo_nintendo_0162.txt,[],[]
v_0024d98e-436a-4fb2-a210-4d1583e140a2,anon_a9445e2d-8170-40b8-bfa3-9fdf5b9366fb,5956bf10-951a-49f8-8a70-5e8f0512d9f9,2026-02-14 13:11:30.364738+00:00,LEFT,marioDiffusion,notchParamRand,marioDiffusion::level_62.txt,notchParamRand::lvl-83.txt,[],[]
v_3568d900-9ad5-465b-ad3e-d699873311ad,anon_a9445e2d-8170-40b8-bfa3-9fdf5b9366fb,5956bf10-951a-49f8-8a70-5e8f0512d9f9,2026-02-14 13:10:18.143321+00:00,LEFT,ore,patternCount,ore::lvl-94.txt,patternCount::lvl-7.txt,[],[]
v_e7164225-2576-4354-b9a0-1d0bce2626b0,anon_a9445e2d-8170-40b8-bfa3-9fdf5b9366fb,5956bf10-951a-49f8-8a70-5e8f0512d9f9,2026-02-14 13:10:04.951307+00:00,RIGHT,patternCount,patternOccur,patternCount::lvl-64.txt,patternOccur::lvl-13.txt,[],[]
v_4a8224e6-5e5e-4bc9-9f6c-370c6cfbefd0,anon_a9445e2d-8170-40b8-bfa3-9fdf5b9366fb,5956bf10-951a-49f8-8a70-5e8f0512d9f9,2026-02-14 13:09:14.624688+00:00,RIGHT,hopper,marioDiffusion,hopper::lvl-100.txt,marioDiffusion::level_28.txt,[],[]
v_ab0b6666-f4b3-4bc5-b9c9-bb874b734942,anon_a9445e2d-8170-40b8-bfa3-9fdf5b9366fb,5956bf10-951a-49f8-8a70-5e8f0512d9f9,2026-02-14 13:06:45.013868+00:00,LEFT,original,patternCount,original::lvl-1.txt,patternCount::lvl-83.txt,[],[]
v_4b19328b-d9b2-4ee8-95a3-7e3ee1ee88ec,anon_a9445e2d-8170-40b8-bfa3-9fdf5b9366fb,5956bf10-951a-49f8-8a70-5e8f0512d9f9,2026-02-14 13:06:23.637755+00:00,TIE,mariogpt,mariodpo,mariogpt::level_086.txt,mariodpo::mariodpo_nintendo_0056.txt,[],['impossible']
v_5243ceef-307d-471e-bcd5-8e45136efd98,anon_a9445e2d-8170-40b8-bfa3-9fdf5b9366fb,5956bf10-951a-49f8-8a70-5e8f0512d9f9,2026-02-14 13:04:57.174218+00:00,RIGHT,genetic,mariogan,genetic::lvl-28.txt,mariogan::level_28.txt,[],[]
v_bbd75c97-620e-4350-b83d-a308227e0a4f,anon_a9445e2d-8170-40b8-bfa3-9fdf5b9366fb,5956bf10-951a-49f8-8a70-5e8f0512d9f9,2026-02-14 13:03:55.928709+00:00,RIGHT,notchParam,patternOccur,notchParam::lvl-87.txt,patternOccur::lvl-42.txt,[],[]
v_6cf56a2a-af92-4c9d-ac60-cc1be5dcbd53,anon_a9445e2d-8170-40b8-bfa3-9fdf5b9366fb,5956bf10-951a-49f8-8a70-5e8f0512d9f9,2026-02-14 13:03:24.835751+00:00,RIGHT,mariogan,mariogpt,mariogan::level_69.txt,mariogpt::level_082.txt,['impossible'],['too_hard']
v_c8b839b2-6aed-451c-a105-c6226632e745,anon_a9445e2d-8170-40b8-bfa3-9fdf5b9366fb,faaae8a8-310e-4de0-8722-fd99a65a5c7b,2026-02-14 13:02:30.883490+00:00,LEFT,notchParam,patternOccur,notchParam::lvl-54.txt,patternOccur::lvl-86.txt,[],[]
v_fa2428fd-e25c-4bf8-955a-33bb45d04d1c,anon_a9445e2d-8170-40b8-bfa3-9fdf5b9366fb,faaae8a8-310e-4de0-8722-fd99a65a5c7b,2026-02-14 13:00:46.613840+00:00,LEFT,marioDiffusion,hopper,marioDiffusion::level_15.txt,hopper::lvl-89.txt,[],[]
v_7dc2ef89-b5ea-4079-9dd5-19a0c66b51ff,anon_f1b21e41-c962-475b-b25f-4a220e670f9e,35982ea6-d25e-4e86-9f4d-77033577ae36,2026-02-13 22:19:36.783485+00:00,RIGHT,original,mariogpt,original::lvl-14.txt,mariogpt::level_045.txt,[],[]
v_5ea2d43b-3909-4c73-bff1-3a42a1f043b2,anon_f1b21e41-c962-475b-b25f-4a220e670f9e,35982ea6-d25e-4e86-9f4d-77033577ae36,2026-02-13 22:18:34.733247+00:00,LEFT,mariodpo,notchParam,mariodpo::mariodpo_nintendo_0126.txt,notchParam::lvl-37.txt,[],[]
v_1324a28f-1f3c-4fdc-9072-eec711b1a8bb,anon_f1b21e41-c962-475b-b25f-4a220e670f9e,35982ea6-d25e-4e86-9f4d-77033577ae36,2026-02-13 22:18:22.361200+00:00,RIGHT,hopper,mariogpt,hopper::lvl-45.txt,mariogpt::level_043.txt,[],[]
v_1065350f-071b-49fa-8352-ae793a8cb0b5,anon_f1b21e41-c962-475b-b25f-4a220e670f9e,35982ea6-d25e-4e86-9f4d-77033577ae36,2026-02-13 22:17:42.500609+00:00,LEFT,original,patternOccur,original::lvl-1.txt,patternOccur::lvl-1.txt,[],[]
v_341a1ba7-643c-4857-a715-5a4f6b46b691,anon_f1b21e41-c962-475b-b25f-4a220e670f9e,35982ea6-d25e-4e86-9f4d-77033577ae36,2026-02-13 22:14:31.328450+00:00,LEFT,marioDiffusion,notch,marioDiffusion::level_49.txt,notch::lvl-34.txt,[],[]
v_9618f3cc-8a7d-4064-bfe7-a9bb0e4f445d,anon_f1b21e41-c962-475b-b25f-4a220e670f9e,35982ea6-d25e-4e86-9f4d-77033577ae36,2026-02-13 22:13:32.369932+00:00,RIGHT,patternCount,genetic,patternCount::lvl-46.txt,genetic::lvl-42.txt,[],[]
v_5098615c-4d3c-4918-9a84-a034ba7ec0fc,anon_f1b21e41-c962-475b-b25f-4a220e670f9e,35982ea6-d25e-4e86-9f4d-77033577ae36,2026-02-13 22:12:58.912876+00:00,LEFT,notch,genetic,notch::lvl-62.txt,genetic::lvl-68.txt,[],[]
v_ef9838fd-4028-4a65-b54c-a22e3ddfc27f,anon_f1b21e41-c962-475b-b25f-4a220e670f9e,6b0189af-c020-4b9b-9664-ead2f4522152,2026-02-13 22:10:18.865651+00:00,RIGHT,notchParam,mariodpo,notchParam::lvl-12.txt,mariodpo::mariodpo_nintendo_0050.txt,[],[]
v_cc08e4d2-5480-410c-8fb7-7aa1679af99f,anon_f1b21e41-c962-475b-b25f-4a220e670f9e,6b0189af-c020-4b9b-9664-ead2f4522152,2026-02-13 22:09:57.320115+00:00,LEFT,original,notchParamRand,original::lvl-11.txt,notchParamRand::lvl-87.txt,[],[]
v_94eb7607-ddd3-418f-aeec-50e80573d804,anon_f1b21e41-c962-475b-b25f-4a220e670f9e,6b0189af-c020-4b9b-9664-ead2f4522152,2026-02-13 22:09:50.252098+00:00,RIGHT,notch,ore,notch::lvl-74.txt,ore::lvl-75.txt,[],[]
v_7949f227-8a9d-43c9-ae6e-7235cf185aca,anon_f1b21e41-c962-475b-b25f-4a220e670f9e,6b0189af-c020-4b9b-9664-ead2f4522152,2026-02-13 22:09:16.166310+00:00,RIGHT,hopper,original,hopper::lvl-95.txt,original::lvl-14.txt,[],[]
v_b3a5bf93-9f9c-4558-8a2e-8e8363d5f1fc,anon_f1b21e41-c962-475b-b25f-4a220e670f9e,6b0189af-c020-4b9b-9664-ead2f4522152,2026-02-13 22:08:57.880149+00:00,RIGHT,notchParam,mariodpo,notchParam::lvl-17.txt,mariodpo::mariodpo_nintendo_0076.txt,[],[]
v_878cbd2e-ab26-41f0-a711-c94486405d52,anon_f1b21e41-c962-475b-b25f-4a220e670f9e,6b0189af-c020-4b9b-9664-ead2f4522152,2026-02-13 22:07:43.143467+00:00,RIGHT,ore,mariogan,ore::lvl-30.txt,mariogan::level_4.txt,[],[]
v_a2183f76-deff-4833-bbb4-4e5d48384647,anon_f1b21e41-c962-475b-b25f-4a220e670f9e,1aa0504b-3cd5-4bfb-ad4a-c63e02ea457f,2026-02-13 22:04:26.843838+00:00,LEFT,mariodpo,patternCount,mariodpo::mariodpo_nintendo_0174.txt,patternCount::lvl-41.txt,[],[]
v_5bbd48d0-fa0a-44e3-bb78-d3a1ce8f6be3,anon_f1b21e41-c962-475b-b25f-4a220e670f9e,1aa0504b-3cd5-4bfb-ad4a-c63e02ea457f,2026-02-13 22:04:13.594352+00:00,RIGHT,ore,mariogpt,ore::lvl-76.txt,mariogpt::level_000.txt,[],[]
v_e7c28c62-5cf2-48fe-a9a4-926145f96943,anon_64383bae-6f5d-4741-af06-381523e0885e,e7718d82-03d4-469f-a13e-824bc17f267d,2026-02-13 17:41:07.237661+00:00,LEFT,original,patternOccur,original::lvl-2.txt,patternOccur::lvl-49.txt,[],[]
v_68614bab-399d-4d28-8ea5-c10ba6fede5b,anon_64383bae-6f5d-4741-af06-381523e0885e,e7718d82-03d4-469f-a13e-824bc17f267d,2026-02-13 17:40:33.797713+00:00,RIGHT,patternOccur,original,patternOccur::lvl-85.txt,original::lvl-8.txt,[],[]
v_9ce653ec-bfe7-4b7e-9fe8-04066a143a61,anon_64383bae-6f5d-4741-af06-381523e0885e,e7718d82-03d4-469f-a13e-824bc17f267d,2026-02-13 17:39:42.363308+00:00,LEFT,original,genetic,original::lvl-13.txt,genetic::lvl-20.txt,[],[]
v_05ff6540-77bb-4f1b-9eb2-7be6aa2600e4,anon_64383bae-6f5d-4741-af06-381523e0885e,e7718d82-03d4-469f-a13e-824bc17f267d,2026-02-13 17:38:50.272121+00:00,LEFT,notchParam,marioDiffusion,notchParam::lvl-71.txt,marioDiffusion::level_77.txt,[],['impossible']
v_b10ca071-6b34-4a6f-b04e-04896893e38b,anon_64383bae-6f5d-4741-af06-381523e0885e,e7718d82-03d4-469f-a13e-824bc17f267d,2026-02-13 17:38:21.151873+00:00,TIE,patternOccur,patternWeightCount,patternOccur::lvl-48.txt,patternWeightCount::lvl-4.txt,[],[]
v_6c20d31b-b9ed-4af8-9fc4-5054ae88e115,anon_64383bae-6f5d-4741-af06-381523e0885e,e7718d82-03d4-469f-a13e-824bc17f267d,2026-02-13 17:38:11.258600+00:00,RIGHT,notchParamRand,mariodpo,notchParamRand::lvl-67.txt,mariodpo::mariodpo_nintendo_0118.txt,[],[]
v_518faa83-cd15-4d2f-9591-ae9b45602e26,anon_64383bae-6f5d-4741-af06-381523e0885e,e7718d82-03d4-469f-a13e-824bc17f267d,2026-02-13 17:37:43.186716+00:00,LEFT,ore,notchParamRand,ore::lvl-31.txt,notchParamRand::lvl-61.txt,[],[]
v_a5e08ed0-cdf3-4c85-831a-ddc81b61aa40,anon_64383bae-6f5d-4741-af06-381523e0885e,e7718d82-03d4-469f-a13e-824bc17f267d,2026-02-13 17:37:16.516192+00:00,LEFT,mariogan,notchParamRand,mariogan::level_56.txt,notchParamRand::lvl-100.txt,[],[]
v_34dce6ea-3f26-4ccc-9767-54278200737e,anon_a9445e2d-8170-40b8-bfa3-9fdf5b9366fb,340e649b-cc83-4798-8911-aa6acb0d073e,2026-02-12 12:09:24.104872+00:00,RIGHT,hopper,notch,hopper::lvl-63.txt,notch::lvl-27.txt,[],[]
v_85a28616-1752-42a2-be25-5dafd88776b9,anon_a9445e2d-8170-40b8-bfa3-9fdf5b9366fb,d8be3790-9da5-41f6-a149-d5f4de7ce8e0,2026-02-12 12:07:09.122731+00:00,RIGHT,patternWeightCount,mariogpt,patternWeightCount::lvl-56.txt,mariogpt::level_009.txt,[],"['broken_graphics', 'impossible']"
v_ff616ba0-e27f-40c8-8f13-2843f3c50450,anon_a9445e2d-8170-40b8-bfa3-9fdf5b9366fb,d8be3790-9da5-41f6-a149-d5f4de7ce8e0,2026-02-12 12:06:18.756077+00:00,RIGHT,patternCount,patternWeightCount,patternCount::lvl-61.txt,patternWeightCount::lvl-36.txt,[],[]
v_e9fb5907-1ae7-436e-9d51-b515bf5ac9cd,anon_a9445e2d-8170-40b8-bfa3-9fdf5b9366fb,d8be3790-9da5-41f6-a149-d5f4de7ce8e0,2026-02-12 12:05:49.092459+00:00,LEFT,original,hopper,original::lvl-10.txt,hopper::lvl-98.txt,[],[]
v_6177eaad-e81b-4cfb-a308-5b2d99913cd6,anon_a9445e2d-8170-40b8-bfa3-9fdf5b9366fb,d8be3790-9da5-41f6-a149-d5f4de7ce8e0,2026-02-12 12:05:26.673172+00:00,TIE,notchParamRand,patternCount,notchParamRand::lvl-35.txt,patternCount::lvl-5.txt,[],[]
v_1c0ffc63-e24e-4a3d-bfb4-209411d06231,anon_a9445e2d-8170-40b8-bfa3-9fdf5b9366fb,d8be3790-9da5-41f6-a149-d5f4de7ce8e0,2026-02-12 12:05:21.039713+00:00,LEFT,mariodpo,patternOccur,mariodpo::mariodpo_nintendo_0060.txt,patternOccur::lvl-92.txt,"['creative', 'fun']",[]
v_24ee6144-52d5-4bdd-9783-3e824ed269d0,anon_a9445e2d-8170-40b8-bfa3-9fdf5b9366fb,d8be3790-9da5-41f6-a149-d5f4de7ce8e0,2026-02-12 12:04:16.521966+00:00,TIE,mariogan,mariogpt,mariogan::level_60.txt,mariogpt::level_031.txt,[],['too_hard']
v_88a3f628-7f82-4bc3-a7ad-7d651d8c2ab5,anon_6169b215-ab69-49a2-a586-55c0a7f2fcf7,f2414744-622f-4e23-a63d-6c093eb01163,2026-02-12 08:45:34.915275+00:00,SKIP,patternWeightCount,notchParamRand,patternWeightCount::lvl-25.txt,notchParamRand::lvl-64.txt,[],[]
v_3010e43a-d92f-4b44-84cf-aff228b377b5,anon_ecca1177-4ecc-4646-923f-d989df0dfee7,f314d1e9-ee9c-4d90-9c4b-7157a32b7402,2026-02-12 08:45:18.109016+00:00,RIGHT,marioDiffusion,mariogan,marioDiffusion::level_54.txt,mariogan::level_60.txt,[],[]
v_b4dacfa0-279f-47a7-99e6-eb15c4679b58,anon_fcbab51d-e219-4a2b-8948-56caa0b20950,cd0d7fbd-4016-449d-9858-883704d1ff2b,2026-02-11 12:50:51.746387+00:00,TIE,ore,patternCount,ore::lvl-84.txt,patternCount::lvl-31.txt,[],[]
v_da815661-7136-49eb-ba01-3159a59b1a00,anon_fcbab51d-e219-4a2b-8948-56caa0b20950,cd0d7fbd-4016-449d-9858-883704d1ff2b,2026-02-11 12:50:37.578140+00:00,RIGHT,patternOccur,patternWeightCount,patternOccur::lvl-76.txt,patternWeightCount::lvl-47.txt,[],[]
v_0d2a071d-aa72-4294-b62a-b74858f2565a,anon_fcbab51d-e219-4a2b-8948-56caa0b20950,cd0d7fbd-4016-449d-9858-883704d1ff2b,2026-02-11 12:50:04.105932+00:00,TIE,patternWeightCount,mariogpt,patternWeightCount::lvl-93.txt,mariogpt::level_068.txt,['impossible'],['impossible']
v_b435a450-ee08-4742-a0f6-5f99b6b11693,anon_fcbab51d-e219-4a2b-8948-56caa0b20950,cd0d7fbd-4016-449d-9858-883704d1ff2b,2026-02-11 12:49:48.079969+00:00,LEFT,original,marioDiffusion,original::lvl-4.txt,marioDiffusion::level_3.txt,[],[]
v_0e074b74-5e7a-47c0-886f-4d95fb43dd23,anon_fcbab51d-e219-4a2b-8948-56caa0b20950,cd0d7fbd-4016-449d-9858-883704d1ff2b,2026-02-11 12:49:33.836791+00:00,RIGHT,patternCount,mariogan,patternCount::lvl-24.txt,mariogan::level_13.txt,[],['fun']
v_b50edb03-75e3-4c6b-9da5-8b65dd0a57d8,anon_b364902d-0245-4d9e-8f83-9affb00d582a,e86394b6-1146-44d9-bb2e-85c31dda1f01,2026-02-10 10:25:43.131000+00:00,TIE,mariodpo,hopper,mariodpo::mariodpo_nintendo_0047.txt,hopper::lvl-62.txt,[],[]
v_20385cf9-6089-447d-bac0-0934affe06bb,anon_b364902d-0245-4d9e-8f83-9affb00d582a,e86394b6-1146-44d9-bb2e-85c31dda1f01,2026-02-10 10:25:21.822578+00:00,TIE,mariogpt,mariogan,mariogpt::level_029.txt,mariogan::level_29.txt,[],[]
v_e6652bd1-4d8b-44b3-ba6d-180e0478dc6f,anon_b364902d-0245-4d9e-8f83-9affb00d582a,e86394b6-1146-44d9-bb2e-85c31dda1f01,2026-02-10 10:25:07.009778+00:00,TIE,patternOccur,ore,patternOccur::lvl-90.txt,ore::lvl-85.txt,['boring'],[]
v_b31aa5a5-9876-42a5-97e7-82e44dfb5589,anon_b364902d-0245-4d9e-8f83-9affb00d582a,e86394b6-1146-44d9-bb2e-85c31dda1f01,2026-02-10 10:24:37.625025+00:00,TIE,hopper,patternWeightCount,hopper::lvl-24.txt,patternWeightCount::lvl-2.txt,[],[]
v_46bcde23-3735-4eaa-bfa8-c2636fffa181,anon_b364902d-0245-4d9e-8f83-9affb00d582a,e86394b6-1146-44d9-bb2e-85c31dda1f01,2026-02-10 10:24:12.903955+00:00,TIE,original,genetic,original::lvl-1.txt,genetic::lvl-46.txt,[],[]
v_73dcd3f1-25f8-4df4-86ae-5a7bcf4df8db,anon_b364902d-0245-4d9e-8f83-9affb00d582a,e86394b6-1146-44d9-bb2e-85c31dda1f01,2026-02-10 10:23:57.931742+00:00,TIE,notch,patternCount,notch::lvl-8.txt,patternCount::lvl-97.txt,[],[]
v_229c598b-e6fe-4929-9e77-520bf340e66b,anon_b364902d-0245-4d9e-8f83-9affb00d582a,e86394b6-1146-44d9-bb2e-85c31dda1f01,2026-02-10 10:23:46.482012+00:00,TIE,hopper,mariogan,hopper::lvl-55.txt,mariogan::level_72.txt,[],[]
v_97edd5c4-7ff2-453e-b3f7-7f2b6560e06a,anon_b364902d-0245-4d9e-8f83-9affb00d582a,e86394b6-1146-44d9-bb2e-85c31dda1f01,2026-02-10 10:23:31.450830+00:00,TIE,notch,mariogpt,notch::lvl-57.txt,mariogpt::level_060.txt,[],[]
v_14816fc0-3f75-484a-8a82-baba824f5897,anon_b364902d-0245-4d9e-8f83-9affb00d582a,31d38ace-dfd9-4782-a2d4-d474f9ed9bca,2026-02-10 10:22:58.570190+00:00,SKIP,mariogan,patternCount,mariogan::level_11.txt,patternCount::lvl-27.txt,"['creative', 'fun', 'too_hard']",[]
v_7e55a7fb-c029-4ea0-9d4d-f4a8cd8e7e25,anon_d9f565b9-4193-4df2-8745-4d98c533b39c,1773be00-df92-4f32-93a0-fe8d0bad1cee,2026-02-09 08:49:11.079004+00:00,TIE,notch,notchParamRand,notch::lvl-91.txt,notchParamRand::lvl-63.txt,[],[]
v_cd27b7e9-e326-4084-8595-ebe0bc53a9e1,anon_d9f565b9-4193-4df2-8745-4d98c533b39c,1773be00-df92-4f32-93a0-fe8d0bad1cee,2026-02-09 08:49:00.984780+00:00,LEFT,hopper,notchParamRand,hopper::lvl-33.txt,notchParamRand::lvl-41.txt,[],[]
v_0cb1f66a-4c02-4046-b714-4a2516430e61,anon_d9f565b9-4193-4df2-8745-4d98c533b39c,1773be00-df92-4f32-93a0-fe8d0bad1cee,2026-02-09 08:48:41.817264+00:00,RIGHT,patternOccur,mariogan,patternOccur::lvl-89.txt,mariogan::level_66.txt,[],[]
v_84975314-5f12-4ba6-a0e6-211037219074,anon_d9f565b9-4193-4df2-8745-4d98c533b39c,1773be00-df92-4f32-93a0-fe8d0bad1cee,2026-02-09 08:48:21.582886+00:00,TIE,mariogpt,notch,mariogpt::level_001.txt,notch::lvl-63.txt,['impossible'],[]
v_34b4125d-f2b2-43a7-9e81-f486de101bdc,anon_d9f565b9-4193-4df2-8745-4d98c533b39c,1773be00-df92-4f32-93a0-fe8d0bad1cee,2026-02-09 08:47:31.836701+00:00,RIGHT,notch,ore,notch::lvl-19.txt,ore::lvl-6.txt,[],[]
v_8726037c-0e99-4870-bef5-99d958dc5fb9,anon_d9f565b9-4193-4df2-8745-4d98c533b39c,1773be00-df92-4f32-93a0-fe8d0bad1cee,2026-02-09 08:47:00.099570+00:00,LEFT,original,notchParam,original::lvl-12.txt,notchParam::lvl-34.txt,[],[]
v_ca6dc2bb-8c0e-4ae8-890b-b4511a22c62c,anon_d9f565b9-4193-4df2-8745-4d98c533b39c,1773be00-df92-4f32-93a0-fe8d0bad1cee,2026-02-09 08:46:47.886012+00:00,RIGHT,patternOccur,mariodpo,patternOccur::lvl-7.txt,mariodpo::mariodpo_nintendo_0103.txt,[],[]
v_402859ae-d6cb-4e61-ac4a-ffe5a975903b,anon_a9445e2d-8170-40b8-bfa3-9fdf5b9366fb,c010fe97-070b-4555-b3ba-604d69bd5112,2026-02-09 08:43:35.989879+00:00,LEFT,original,hopper,original::lvl-12.txt,hopper::lvl-96.txt,[],[]
v_fb170dfd-eb96-4c46-9b7a-d0f4d532ba4c,anon_a9445e2d-8170-40b8-bfa3-9fdf5b9366fb,c010fe97-070b-4555-b3ba-604d69bd5112,2026-02-09 08:43:25.452441+00:00,LEFT,original,mariogan,original::lvl-8.txt,mariogan::level_57.txt,[],[]
v_60cfc5d9-29ca-4fd2-aabb-e0cfbe4ef8b6,anon_a9445e2d-8170-40b8-bfa3-9fdf5b9366fb,c010fe97-070b-4555-b3ba-604d69bd5112,2026-02-09 08:42:56.824329+00:00,TIE,mariodpo,patternWeightCount,mariodpo::mariodpo_nintendo_0150.txt,patternWeightCount::lvl-9.txt,[],[]
v_028e3a7a-a4bd-456c-a3e2-f7af490f0cd1,anon_a9445e2d-8170-40b8-bfa3-9fdf5b9366fb,c010fe97-070b-4555-b3ba-604d69bd5112,2026-02-09 08:42:40.713309+00:00,RIGHT,patternCount,mariodpo,patternCount::lvl-90.txt,mariodpo::mariodpo_nintendo_0176.txt,[],[]
v_ae7a9975-0002-4825-9a19-03e9f83b9919,anon_a9445e2d-8170-40b8-bfa3-9fdf5b9366fb,c010fe97-070b-4555-b3ba-604d69bd5112,2026-02-09 08:42:26.886895+00:00,TIE,notchParamRand,notchParam,notchParamRand::lvl-80.txt,notchParam::lvl-57.txt,[],[]
v_913d9852-ab5f-42aa-a556-0d26d8c23ca4,anon_1e5742c1-8b20-4ede-8763-bb424c02a699,c744c28d-a025-4ff3-b01b-ae75439f69fe,2026-02-09 08:09:14.427532+00:00,TIE,hopper,genetic,hopper::lvl-86.txt,genetic::lvl-13.txt,[],[]
v_e9fad278-6e7d-4cf0-bef7-bbc188e13493,anon_1e5742c1-8b20-4ede-8763-bb424c02a699,c744c28d-a025-4ff3-b01b-ae75439f69fe,2026-02-09 08:09:03.221810+00:00,RIGHT,mariogan,notchParamRand,mariogan::level_55.txt,notchParamRand::lvl-9.txt,['impossible'],[]
v_f6f43746-b4f8-4efa-a88a-4aa5c7aa8835,anon_1e5742c1-8b20-4ede-8763-bb424c02a699,c744c28d-a025-4ff3-b01b-ae75439f69fe,2026-02-09 08:08:41.582612+00:00,RIGHT,mariogpt,marioDiffusion,mariogpt::level_039.txt,marioDiffusion::level_28.txt,[],[]
v_eaab8402-2f2a-4d95-a434-e3d3b48068cd,anon_1e5742c1-8b20-4ede-8763-bb424c02a699,c744c28d-a025-4ff3-b01b-ae75439f69fe,2026-02-09 08:07:44.454671+00:00,LEFT,mariodpo,hopper,mariodpo::mariodpo_nintendo_0149.txt,hopper::lvl-57.txt,[],[]
v_641707cc-b06f-4759-90b3-a1441985d590,anon_1e5742c1-8b20-4ede-8763-bb424c02a699,c744c28d-a025-4ff3-b01b-ae75439f69fe,2026-02-09 08:06:49.208369+00:00,RIGHT,notchParam,mariogpt,notchParam::lvl-49.txt,mariogpt::level_061.txt,[],"['creative', 'fun']"
v_dd9b27ae-cf21-4240-9bcc-573847cdf3cf,anon_1e5742c1-8b20-4ede-8763-bb424c02a699,c744c28d-a025-4ff3-b01b-ae75439f69fe,2026-02-09 08:06:19.208757+00:00,RIGHT,patternOccur,genetic,patternOccur::lvl-62.txt,genetic::lvl-60.txt,[],[]
v_5c2ca6cb-9cc7-4d72-a959-c60e12eba2b4,anon_1e5742c1-8b20-4ede-8763-bb424c02a699,c744c28d-a025-4ff3-b01b-ae75439f69fe,2026-02-09 08:06:12.491417+00:00,LEFT,mariogan,patternCount,mariogan::level_31.txt,patternCount::lvl-57.txt,[],[]
v_e85e36db-b9ba-4dd3-a459-1dddffb412d9,anon_1e5742c1-8b20-4ede-8763-bb424c02a699,c744c28d-a025-4ff3-b01b-ae75439f69fe,2026-02-09 08:06:02.640106+00:00,RIGHT,ore,original,ore::lvl-34.txt,original::lvl-10.txt,[],[]
v_1e47c799-1355-4b88-9cfb-64620a25cbc3,anon_1e5742c1-8b20-4ede-8763-bb424c02a699,c744c28d-a025-4ff3-b01b-ae75439f69fe,2026-02-09 08:05:47.127896+00:00,TIE,mariodpo,marioDiffusion,mariodpo::mariodpo_nintendo_0102.txt,marioDiffusion::level_13.txt,[],[]
v_3b3f8b5a-9d14-486e-a78a-74ec8d6a21d6,anon_1e5742c1-8b20-4ede-8763-bb424c02a699,c744c28d-a025-4ff3-b01b-ae75439f69fe,2026-02-09 08:05:35.654035+00:00,RIGHT,patternOccur,mariogan,patternOccur::lvl-7.txt,mariogan::level_31.txt,[],[]
v_7e8e1399-7376-4206-859e-315ce9082968,anon_1e5742c1-8b20-4ede-8763-bb424c02a699,c744c28d-a025-4ff3-b01b-ae75439f69fe,2026-02-09 08:05:01.107101+00:00,RIGHT,notch,marioDiffusion,notch::lvl-68.txt,marioDiffusion::level_85.txt,[],[]
v_4b60cb10-2e12-45fd-884c-2249d3bc9a56,anon_1e5742c1-8b20-4ede-8763-bb424c02a699,c744c28d-a025-4ff3-b01b-ae75439f69fe,2026-02-09 08:04:01.692447+00:00,LEFT,mariogan,hopper,mariogan::level_88.txt,hopper::lvl-12.txt,[],[]
v_0e490bc7-d1b7-4697-981f-9f0b2d440a1a,anon_1e5742c1-8b20-4ede-8763-bb424c02a699,c744c28d-a025-4ff3-b01b-ae75439f69fe,2026-02-09 08:03:42.788164+00:00,TIE,mariodpo,hopper,mariodpo::mariodpo_nintendo_0091.txt,hopper::lvl-63.txt,[],[]
v_d329af8f-a509-4e56-9a94-1b26680c7b7f,anon_1e5742c1-8b20-4ede-8763-bb424c02a699,c744c28d-a025-4ff3-b01b-ae75439f69fe,2026-02-09 08:03:15.139046+00:00,TIE,mariodpo,original,mariodpo::mariodpo_nintendo_0039.txt,original::lvl-2.txt,[],[]
v_ebe5ba24-687a-4e77-ae9e-5870676073e1,anon_1e5742c1-8b20-4ede-8763-bb424c02a699,c744c28d-a025-4ff3-b01b-ae75439f69fe,2026-02-09 08:02:39.498784+00:00,TIE,mariogan,notchParamRand,mariogan::level_46.txt,notchParamRand::lvl-20.txt,[],[]
v_15ce967b-1cd5-4a31-948c-789e39fba3d4,anon_1e5742c1-8b20-4ede-8763-bb424c02a699,c744c28d-a025-4ff3-b01b-ae75439f69fe,2026-02-09 08:01:44.696765+00:00,TIE,notchParam,notch,notchParam::lvl-61.txt,notch::lvl-80.txt,[],[]
v_acc99664-91ce-4577-88a7-34983056f7f7,anon_1e5742c1-8b20-4ede-8763-bb424c02a699,c744c28d-a025-4ff3-b01b-ae75439f69fe,2026-02-09 08:00:48.672409+00:00,LEFT,mariodpo,marioDiffusion,mariodpo::mariodpo_nintendo_0061.txt,marioDiffusion::level_6.txt,[],['impossible']
v_da15062f-a42f-43f2-8e11-aa21ccb1cda0,anon_43f0e58c-624e-42f9-983e-c1945ed48303,14efbbfb-00ed-40db-8d1a-d966842cf143,2026-02-09 07:59:07.790049+00:00,TIE,hopper,patternWeightCount,hopper::lvl-81.txt,patternWeightCount::lvl-16.txt,[],[]
v_9b05b303-9016-4fc9-9f9a-913af133b90f,anon_43f0e58c-624e-42f9-983e-c1945ed48303,14efbbfb-00ed-40db-8d1a-d966842cf143,2026-02-09 07:58:54.247000+00:00,RIGHT,patternCount,original,patternCount::lvl-76.txt,original::lvl-4.txt,[],[]
v_578fb9b5-c55b-4b5c-9d19-56430ecba935,anon_43f0e58c-624e-42f9-983e-c1945ed48303,14efbbfb-00ed-40db-8d1a-d966842cf143,2026-02-09 07:58:43.275660+00:00,LEFT,notchParamRand,ore,notchParamRand::lvl-45.txt,ore::lvl-13.txt,[],[]
v_326d0916-6097-473f-b532-00e43395bc74,anon_43f0e58c-624e-42f9-983e-c1945ed48303,14efbbfb-00ed-40db-8d1a-d966842cf143,2026-02-09 07:58:19.848008+00:00,LEFT,patternWeightCount,patternCount,patternWeightCount::lvl-76.txt,patternCount::lvl-81.txt,[],[]
v_f4aed5a9-b8ea-444b-ab0a-eb42b60df5d8,anon_43f0e58c-624e-42f9-983e-c1945ed48303,14efbbfb-00ed-40db-8d1a-d966842cf143,2026-02-09 07:58:07.795509+00:00,RIGHT,patternOccur,notchParamRand,patternOccur::lvl-68.txt,notchParamRand::lvl-84.txt,[],[]
v_35d58d40-ce4b-4846-af0b-7d3c25170289,anon_43f0e58c-624e-42f9-983e-c1945ed48303,14efbbfb-00ed-40db-8d1a-d966842cf143,2026-02-09 07:57:49.868546+00:00,LEFT,patternWeightCount,patternCount,patternWeightCount::lvl-28.txt,patternCount::lvl-38.txt,[],[]
v_7206c7f4-de04-4e64-a342-95437bf7b781,anon_43f0e58c-624e-42f9-983e-c1945ed48303,14efbbfb-00ed-40db-8d1a-d966842cf143,2026-02-09 07:57:23.845703+00:00,RIGHT,marioDiffusion,patternOccur,marioDiffusion::level_41.txt,patternOccur::lvl-45.txt,['impossible'],[]
v_5f039e5d-c4e6-4ccf-862c-c12fe830b06c,anon_43f0e58c-624e-42f9-983e-c1945ed48303,14efbbfb-00ed-40db-8d1a-d966842cf143,2026-02-09 07:53:12.042404+00:00,RIGHT,notchParam,mariodpo,notchParam::lvl-36.txt,mariodpo::mariodpo_nintendo_0152.txt,[],[]
v_98ab3d89-6bd3-454b-988a-1b286a72c6e4,anon_43f0e58c-624e-42f9-983e-c1945ed48303,14efbbfb-00ed-40db-8d1a-d966842cf143,2026-02-09 07:52:14.451188+00:00,LEFT,ore,patternWeightCount,ore::lvl-4.txt,patternWeightCount::lvl-85.txt,[],[]
v_66ee0914-6af7-48fe-b08d-1a41f242850d,anon_43f0e58c-624e-42f9-983e-c1945ed48303,14efbbfb-00ed-40db-8d1a-d966842cf143,2026-02-09 07:51:25.424791+00:00,RIGHT,ore,mariodpo,ore::lvl-48.txt,mariodpo::mariodpo_nintendo_0034.txt,[],[]
v_8a8c2451-e538-4e0b-b419-1be0c4fef4b6,anon_789cf418-3801-4480-b98b-1a7d3b10a3a7,00b5938b-3808-4358-9bd7-6e74e5a562e5,2026-02-08 15:02:43.448045+00:00,RIGHT,notch,original,notch::lvl-15.txt,original::lvl-11.txt,[],[]
v_bd07782f-f852-4f42-a28b-cb1ea77d099e,anon_789cf418-3801-4480-b98b-1a7d3b10a3a7,00b5938b-3808-4358-9bd7-6e74e5a562e5,2026-02-08 15:02:35.747276+00:00,LEFT,original,patternCount,original::lvl-13.txt,patternCount::lvl-95.txt,[],[]
v_c95c0983-1590-44c3-8693-602ec94b9144,anon_789cf418-3801-4480-b98b-1a7d3b10a3a7,00b5938b-3808-4358-9bd7-6e74e5a562e5,2026-02-08 15:02:23.466100+00:00,LEFT,mariogpt,notch,mariogpt::level_064.txt,notch::lvl-98.txt,[],[]
v_5d914faf-8fb4-4bd4-9ea6-b3cf31618f55,anon_789cf418-3801-4480-b98b-1a7d3b10a3a7,00b5938b-3808-4358-9bd7-6e74e5a562e5,2026-02-08 15:01:55.867542+00:00,RIGHT,notchParamRand,genetic,notchParamRand::lvl-74.txt,genetic::lvl-69.txt,['boring'],[]
v_fb50f4cc-c805-4b21-adb1-38f26d10b13a,anon_789cf418-3801-4480-b98b-1a7d3b10a3a7,00b5938b-3808-4358-9bd7-6e74e5a562e5,2026-02-08 15:01:27.344848+00:00,RIGHT,ore,notch,ore::lvl-39.txt,notch::lvl-45.txt,['too_hard'],[]
v_f65e039a-43a2-42bf-be21-9bb8d3037a2b,anon_789cf418-3801-4480-b98b-1a7d3b10a3a7,00b5938b-3808-4358-9bd7-6e74e5a562e5,2026-02-08 15:01:11.521704+00:00,LEFT,original,patternWeightCount,original::lvl-13.txt,patternWeightCount::lvl-93.txt,[],"['boring', 'impossible']"
v_41afa3af-b344-4859-87ac-fd89ac4e945c,anon_eeff3221-50a0-4a44-9975-829798818431,10b5e170-cf24-4afe-92b7-001b973c274c,2026-02-08 14:51:30.756448+00:00,LEFT,genetic,patternWeightCount,genetic::lvl-95.txt,patternWeightCount::lvl-81.txt,[],[]
v_10121731-8851-464b-8cf6-30f20c5f4491,anon_eeff3221-50a0-4a44-9975-829798818431,10b5e170-cf24-4afe-92b7-001b973c274c,2026-02-08 14:51:19.231656+00:00,RIGHT,ore,mariogpt,ore::lvl-42.txt,mariogpt::level_090.txt,[],['broken_graphics']
v_26a3872e-90ef-4fb3-a22d-05ef7a1256b0,anon_eeff3221-50a0-4a44-9975-829798818431,10b5e170-cf24-4afe-92b7-001b973c274c,2026-02-08 14:50:34.846988+00:00,LEFT,original,genetic,original::lvl-8.txt,genetic::lvl-31.txt,[],[]
v_2e8c19a5-3c04-46c4-b0dd-c35f45ac1851,anon_eeff3221-50a0-4a44-9975-829798818431,10b5e170-cf24-4afe-92b7-001b973c274c,2026-02-08 14:49:23.612807+00:00,RIGHT,patternWeightCount,ore,patternWeightCount::lvl-58.txt,ore::lvl-55.txt,[],[]
v_6866b1d7-0c4a-4d59-acec-e56b41094432,anon_eeff3221-50a0-4a44-9975-829798818431,10b5e170-cf24-4afe-92b7-001b973c274c,2026-02-08 14:48:52.519069+00:00,RIGHT,patternOccur,mariodpo,patternOccur::lvl-54.txt,mariodpo::mariodpo_nintendo_0110.txt,[],['creative']
v_fd0aa42e-7fe7-4e78-9dea-0eae2b1b2f84,anon_eeff3221-50a0-4a44-9975-829798818431,10b5e170-cf24-4afe-92b7-001b973c274c,2026-02-08 14:48:35.284680+00:00,RIGHT,marioDiffusion,genetic,marioDiffusion::level_7.txt,genetic::lvl-32.txt,"['boring', 'impossible', 'too_hard']",[]
v_921ddbee-cfba-40e2-837d-3301738bab14,anon_eeff3221-50a0-4a44-9975-829798818431,10b5e170-cf24-4afe-92b7-001b973c274c,2026-02-08 14:48:09.851651+00:00,LEFT,ore,patternOccur,ore::lvl-7.txt,patternOccur::lvl-54.txt,[],['impossible']
v_b594d6f4-920a-46f1-a75a-174bd370474c,anon_6169b215-ab69-49a2-a586-55c0a7f2fcf7,b0ef94a2-2bd5-45bb-b2dd-c998b16264d8,2026-02-07 20:26:11.365537+00:00,LEFT,mariodpo,notchParam,mariodpo::mariodpo_nintendo_0050.txt,notchParam::lvl-30.txt,['creative'],"['boring', 'too_easy']"
v_78e2c9bf-285c-44a3-8773-00ddbe175610,anon_6169b215-ab69-49a2-a586-55c0a7f2fcf7,b0ef94a2-2bd5-45bb-b2dd-c998b16264d8,2026-02-07 20:24:57.025136+00:00,SKIP,notchParamRand,genetic,notchParamRand::lvl-47.txt,genetic::lvl-30.txt,[],[]
v_5b570069-d635-4d7f-8f3f-60419a9ae921,anon_45da8b05-42d3-46b4-b303-6001a36dfb99,7d2a6a33-dc25-419a-a134-ff682ff7459f,2026-02-07 20:02:44.040653+00:00,LEFT,mariodpo,patternOccur,mariodpo::mariodpo_nintendo_0167.txt,patternOccur::lvl-31.txt,[],[]
v_dbfd7757-3e45-461a-b627-106637eb4077,anon_45da8b05-42d3-46b4-b303-6001a36dfb99,7d2a6a33-dc25-419a-a134-ff682ff7459f,2026-02-07 20:01:56.191630+00:00,LEFT,mariogpt,genetic,mariogpt::level_012.txt,genetic::lvl-90.txt,[],[]
v_02db9e37-ccf9-4d11-b34f-79cc60a55d98,anon_45da8b05-42d3-46b4-b303-6001a36dfb99,7d2a6a33-dc25-419a-a134-ff682ff7459f,2026-02-07 20:01:21.922166+00:00,RIGHT,patternCount,notch,patternCount::lvl-95.txt,notch::lvl-69.txt,[],[]
v_5e75ef87-9406-413f-b419-c47f396cf774,anon_45da8b05-42d3-46b4-b303-6001a36dfb99,7d2a6a33-dc25-419a-a134-ff682ff7459f,2026-02-07 20:00:10.241807+00:00,LEFT,mariogpt,mariogan,mariogpt::level_092.txt,mariogan::level_46.txt,[],[]
v_ee3727ca-4ac6-4863-beb0-78155a8dc8fc,anon_45da8b05-42d3-46b4-b303-6001a36dfb99,7d2a6a33-dc25-419a-a134-ff682ff7459f,2026-02-07 19:59:34.329542+00:00,TIE,notchParamRand,marioDiffusion,notchParamRand::lvl-71.txt,marioDiffusion::level_46.txt,[],['impossible']
v_b8069804-02e0-445e-b3f8-5cfc79d11a54,anon_45da8b05-42d3-46b4-b303-6001a36dfb99,7d2a6a33-dc25-419a-a134-ff682ff7459f,2026-02-07 19:58:25.251952+00:00,TIE,notchParam,marioDiffusion,notchParam::lvl-54.txt,marioDiffusion::level_41.txt,[],['impossible']
v_af712f9b-a56b-4018-bc17-521a6d18a491,anon_a6b27ad5-e96e-423d-9e74-e0a187bf5703,6216cf65-0962-4a15-a870-f2cddaf62b43,2026-02-07 19:57:06.755545+00:00,TIE,notchParamRand,hopper,notchParamRand::lvl-93.txt,hopper::lvl-99.txt,[],[]
v_253a977e-68f3-451b-9ad3-37f9efce7d30,anon_a6b27ad5-e96e-423d-9e74-e0a187bf5703,6216cf65-0962-4a15-a870-f2cddaf62b43,2026-02-07 19:56:49.554711+00:00,LEFT,genetic,marioDiffusion,genetic::lvl-46.txt,marioDiffusion::level_64.txt,[],['impossible']
v_6a9b15d0-9f26-436f-8125-4111dc9356c2,anon_a6b27ad5-e96e-423d-9e74-e0a187bf5703,6216cf65-0962-4a15-a870-f2cddaf62b43,2026-02-07 19:56:36.340876+00:00,RIGHT,patternCount,mariogpt,patternCount::lvl-34.txt,mariogpt::level_044.txt,[],['creative']
v_499162f9-8107-4037-990c-6e50ab7d697e,anon_a6b27ad5-e96e-423d-9e74-e0a187bf5703,6216cf65-0962-4a15-a870-f2cddaf62b43,2026-02-07 19:55:39.420171+00:00,RIGHT,notchParamRand,marioDiffusion,notchParamRand::lvl-28.txt,marioDiffusion::level_65.txt,[],[]
v_9787cda7-ec54-4426-a5dc-dd83fbc19271,anon_a6b27ad5-e96e-423d-9e74-e0a187bf5703,6216cf65-0962-4a15-a870-f2cddaf62b43,2026-02-07 19:54:59.969447+00:00,RIGHT,genetic,notch,genetic::lvl-36.txt,notch::lvl-25.txt,[],[]
v_7a9e28f1-7986-4c2f-8df6-1e7480e6f67b,anon_a6b27ad5-e96e-423d-9e74-e0a187bf5703,6216cf65-0962-4a15-a870-f2cddaf62b43,2026-02-07 19:54:12.613562+00:00,RIGHT,patternCount,marioDiffusion,patternCount::lvl-94.txt,marioDiffusion::level_78.txt,[],[]
v_e29d11bd-800b-4da4-aa4d-5b6772ab9ff0,anon_a6b27ad5-e96e-423d-9e74-e0a187bf5703,6216cf65-0962-4a15-a870-f2cddaf62b43,2026-02-07 19:54:04.764919+00:00,RIGHT,mariogan,mariodpo,mariogan::level_93.txt,mariodpo::mariodpo_nintendo_0095.txt,[],[]
v_239f5386-bbc2-49d2-845c-edc89a4facc6,anon_a6b27ad5-e96e-423d-9e74-e0a187bf5703,6216cf65-0962-4a15-a870-f2cddaf62b43,2026-02-07 19:53:55.722052+00:00,RIGHT,patternWeightCount,notchParamRand,patternWeightCount::lvl-62.txt,notchParamRand::lvl-13.txt,[],[]
v_f40adb8c-b591-4f3c-87fe-c39574507883,anon_a6b27ad5-e96e-423d-9e74-e0a187bf5703,6216cf65-0962-4a15-a870-f2cddaf62b43,2026-02-07 19:53:16.848682+00:00,RIGHT,hopper,original,hopper::lvl-91.txt,original::lvl-3.txt,[],[]
v_f95356d8-09e7-4180-b785-5011b4f6e5b2,anon_72bfd1bc-2891-4fb3-8cdd-883078e6ff4d,f9b562cf-0702-4b65-86b7-97cfcb69224b,2026-02-07 19:51:43.598842+00:00,LEFT,mariogpt,mariogan,mariogpt::level_048.txt,mariogan::level_60.txt,[],[]
v_ad3e2c4b-eeee-4b1a-b45d-72da62869a73,anon_72bfd1bc-2891-4fb3-8cdd-883078e6ff4d,f9b562cf-0702-4b65-86b7-97cfcb69224b,2026-02-07 19:51:29.260318+00:00,RIGHT,marioDiffusion,hopper,marioDiffusion::level_73.txt,hopper::lvl-49.txt,['impossible'],[]
v_9b230693-23c1-4e36-83e6-e3a77d41cd26,anon_72bfd1bc-2891-4fb3-8cdd-883078e6ff4d,f9b562cf-0702-4b65-86b7-97cfcb69224b,2026-02-07 19:51:11.075763+00:00,RIGHT,mariodpo,mariogpt,mariodpo::mariodpo_nintendo_0141.txt,mariogpt::level_048.txt,[],[]
v_a241afb6-c0d9-4518-938b-0f7200a8ce46,anon_72bfd1bc-2891-4fb3-8cdd-883078e6ff4d,f9b562cf-0702-4b65-86b7-97cfcb69224b,2026-02-07 19:50:16.176627+00:00,LEFT,mariogpt,mariogan,mariogpt::level_094.txt,mariogan::level_13.txt,[],[]
v_2535f1e9-e357-4cb2-97f2-b1da5a9f552a,anon_72bfd1bc-2891-4fb3-8cdd-883078e6ff4d,f9b562cf-0702-4b65-86b7-97cfcb69224b,2026-02-07 19:49:32.340562+00:00,RIGHT,ore,marioDiffusion,ore::lvl-86.txt,marioDiffusion::level_94.txt,[],[]
v_2c90bfc5-faeb-48a1-adbb-f8ac1f5a7ec5,anon_72bfd1bc-2891-4fb3-8cdd-883078e6ff4d,f9b562cf-0702-4b65-86b7-97cfcb69224b,2026-02-07 19:49:00.966157+00:00,RIGHT,patternCount,marioDiffusion,patternCount::lvl-16.txt,marioDiffusion::level_49.txt,[],[]
v_5e05a163-5681-49fa-83f1-d50f8a7acd58,anon_72bfd1bc-2891-4fb3-8cdd-883078e6ff4d,f9b562cf-0702-4b65-86b7-97cfcb69224b,2026-02-07 19:48:45.029634+00:00,RIGHT,genetic,mariodpo,genetic::lvl-5.txt,mariodpo::mariodpo_nintendo_0023.txt,[],[]
v_88e3674f-6103-49f9-88d7-5f0487ff2a02,anon_376d7289-fc63-4549-9336-2b8703819566,970ec1a2-b952-4761-b17c-5490ce480a31,2026-02-07 19:43:06.548500+00:00,LEFT,mariodpo,genetic,mariodpo::mariodpo_nintendo_0093.txt,genetic::lvl-69.txt,[],[]
v_9b21cfbd-61fc-4664-a149-01dbf6bfa527,anon_6169b215-ab69-49a2-a586-55c0a7f2fcf7,b0ef94a2-2bd5-45bb-b2dd-c998b16264d8,2026-02-07 17:01:36.106129+00:00,LEFT,original,notch,original::lvl-1.txt,notch::lvl-57.txt,[],[]
v_1625f553-1df8-4fea-9cd7-a188507656a9,anon_6169b215-ab69-49a2-a586-55c0a7f2fcf7,b0ef94a2-2bd5-45bb-b2dd-c998b16264d8,2026-02-07 17:01:06.588928+00:00,LEFT,notchParam,patternCount,notchParam::lvl-43.txt,patternCount::lvl-42.txt,[],[]
v_231d218d-e135-44d9-b1a7-7e9f7ebac2e3,anon_6169b215-ab69-49a2-a586-55c0a7f2fcf7,b0ef94a2-2bd5-45bb-b2dd-c998b16264d8,2026-02-07 17:00:28.781149+00:00,LEFT,mariogan,ore,mariogan::level_40.txt,ore::lvl-37.txt,[],[]
v_60b83316-cc41-4644-ad01-626f0f3a1094,anon_6169b215-ab69-49a2-a586-55c0a7f2fcf7,b0ef94a2-2bd5-45bb-b2dd-c998b16264d8,2026-02-07 16:59:47.420829+00:00,SKIP,patternOccur,mariogpt,patternOccur::lvl-90.txt,mariogpt::level_044.txt,[],[]
v_2fa8e9dc-dae0-4ad1-9b86-356b540417a7,anon_376d7289-fc63-4549-9336-2b8703819566,e0c0ea9d-6f92-4b8b-b316-60799697ede3,2026-02-07 13:17:02.517102+00:00,LEFT,mariodpo,mariogan,mariodpo::mariodpo_nintendo_0010.txt,mariogan::level_6.txt,[],[]
v_01972250-3b24-4b80-ae5d-d95ce680838c,anon_376d7289-fc63-4549-9336-2b8703819566,e0c0ea9d-6f92-4b8b-b316-60799697ede3,2026-02-07 13:16:53.011035+00:00,LEFT,mariodpo,patternOccur,mariodpo::mariodpo_nintendo_0148.txt,patternOccur::lvl-32.txt,[],[]
v_fcafce3e-f6b0-4fd4-ad31-edaeaba1ae1a,anon_376d7289-fc63-4549-9336-2b8703819566,e0c0ea9d-6f92-4b8b-b316-60799697ede3,2026-02-07 13:15:34.973692+00:00,RIGHT,hopper,patternWeightCount,hopper::lvl-27.txt,patternWeightCount::lvl-21.txt,[],[]
v_5568ff61-5702-4f04-964f-6cbaace119f7,anon_376d7289-fc63-4549-9336-2b8703819566,e0c0ea9d-6f92-4b8b-b316-60799697ede3,2026-02-07 13:15:17.270902+00:00,RIGHT,marioDiffusion,mariogan,marioDiffusion::level_27.txt,mariogan::level_74.txt,['impossible'],[]
v_4769eb39-8747-4ea7-9d75-f8d578410ffb,anon_8fa81b54-f461-4d21-a33a-7b1f35051083,8a7a7d7a-aae5-4995-b8e4-28166a2031df,2026-02-07 13:08:34.828145+00:00,LEFT,ore,marioDiffusion,ore::lvl-64.txt,marioDiffusion::level_10.txt,[],['impossible']
v_2fd05bf2-3691-4002-b317-8fd710752589,anon_8fa81b54-f461-4d21-a33a-7b1f35051083,8a7a7d7a-aae5-4995-b8e4-28166a2031df,2026-02-07 13:07:53.624434+00:00,SKIP,ore,mariogan,ore::lvl-46.txt,mariogan::level_4.txt,[],[]
v_11184622-53fd-4d1f-a6f6-abc4fdcf7bd6,anon_1976408b-1d39-44fe-bc96-10dffd721c66,719a2990-65a3-4807-9a87-87835a309af8,2026-02-06 10:55:40.580301+00:00,TIE,original,ore,original::lvl-1.txt,ore::lvl-74.txt,[],[]
v_3eaf5ba9-6cd0-4d37-a52d-b23d0d4353e2,anon_1976408b-1d39-44fe-bc96-10dffd721c66,719a2990-65a3-4807-9a87-87835a309af8,2026-02-06 10:55:23.382853+00:00,LEFT,original,patternCount,original::lvl-10.txt,patternCount::lvl-54.txt,[],['too_hard']
v_b29ef0a3-194f-4d11-a353-c2e3fd195be6,anon_1976408b-1d39-44fe-bc96-10dffd721c66,719a2990-65a3-4807-9a87-87835a309af8,2026-02-06 10:55:08.828692+00:00,LEFT,hopper,patternOccur,hopper::lvl-69.txt,patternOccur::lvl-100.txt,[],[]
v_5115c631-8857-469e-9e55-67ad320e59b6,anon_1976408b-1d39-44fe-bc96-10dffd721c66,719a2990-65a3-4807-9a87-87835a309af8,2026-02-06 10:54:40.577887+00:00,RIGHT,notchParam,original,notchParam::lvl-62.txt,original::lvl-1.txt,[],[]
v_cbd88e2b-a55b-42a9-8d95-d2392f59719d,anon_1976408b-1d39-44fe-bc96-10dffd721c66,719a2990-65a3-4807-9a87-87835a309af8,2026-02-06 10:54:28.917391+00:00,TIE,mariogan,marioDiffusion,mariogan::level_21.txt,marioDiffusion::level_43.txt,[],[]
v_d33d2dae-6f01-48ca-859c-421f857dc341,anon_91aefbb7-86f1-4764-94fb-aa45464b415f,5926c802-9d83-4001-8a8a-366f1cd18dcc,2026-02-06 10:41:51.521722+00:00,TIE,ore,mariogan,ore::lvl-37.txt,mariogan::level_15.txt,[],[]
v_e69c7ce7-c1c2-4fbe-b455-a222d74f7f18,anon_91aefbb7-86f1-4764-94fb-aa45464b415f,5926c802-9d83-4001-8a8a-366f1cd18dcc,2026-02-06 10:41:08.424134+00:00,LEFT,genetic,patternWeightCount,genetic::lvl-38.txt,patternWeightCount::lvl-3.txt,[],[]
v_7dc732a0-3878-461c-9fa0-f8b8c1e47291,anon_91aefbb7-86f1-4764-94fb-aa45464b415f,5926c802-9d83-4001-8a8a-366f1cd18dcc,2026-02-06 10:40:42.559284+00:00,LEFT,original,notchParamRand,original::lvl-10.txt,notchParamRand::lvl-12.txt,[],[]
v_095d667f-c0ed-4ae7-9108-431c5de566ba,anon_91aefbb7-86f1-4764-94fb-aa45464b415f,5926c802-9d83-4001-8a8a-366f1cd18dcc,2026-02-06 10:40:33.562444+00:00,LEFT,ore,patternCount,ore::lvl-79.txt,patternCount::lvl-99.txt,[],[]
v_a93ad122-042e-44c8-811b-3e95d3db6008,anon_91aefbb7-86f1-4764-94fb-aa45464b415f,5926c802-9d83-4001-8a8a-366f1cd18dcc,2026-02-06 10:40:11.628561+00:00,LEFT,hopper,marioDiffusion,hopper::lvl-93.txt,marioDiffusion::level_39.txt,[],"['impossible', 'too_hard']"
v_66ae5f2d-4d01-42d0-b890-e30cd330be4e,anon_91aefbb7-86f1-4764-94fb-aa45464b415f,5926c802-9d83-4001-8a8a-366f1cd18dcc,2026-02-06 10:39:53.116428+00:00,LEFT,mariodpo,notchParam,mariodpo::mariodpo_nintendo_0075.txt,notchParam::lvl-95.txt,[],[]
v_d19f01c1-87f5-43a4-a866-4c335a1d90b2,anon_91aefbb7-86f1-4764-94fb-aa45464b415f,5926c802-9d83-4001-8a8a-366f1cd18dcc,2026-02-06 10:38:37.190753+00:00,TIE,patternWeightCount,patternOccur,patternWeightCount::lvl-26.txt,patternOccur::lvl-51.txt,[],[]
v_608d96f6-0785-4b99-b7fb-803892945db1,anon_b5074dca-87aa-4454-aad2-3b6083754721,e5fc9821-1394-4968-b1ed-0ae29b82365f,2026-02-06 10:35:33.550602+00:00,LEFT,mariodpo,patternWeightCount,mariodpo::mariodpo_nintendo_0014.txt,patternWeightCount::lvl-95.txt,[],[]
v_16a2aca9-c971-43cc-a535-7688ed0d377e,anon_b5074dca-87aa-4454-aad2-3b6083754721,e5fc9821-1394-4968-b1ed-0ae29b82365f,2026-02-06 10:35:17.231507+00:00,TIE,original,mariodpo,original::lvl-8.txt,mariodpo::mariodpo_nintendo_0118.txt,[],[]
v_b5418123-cec1-4f36-88f2-2356a21bb69e,anon_a9445e2d-8170-40b8-bfa3-9fdf5b9366fb,757153dc-b3c8-442c-97f1-017099f11509,2026-02-05 14:07:21.661815+00:00,LEFT,notchParam,patternOccur,notchParam::lvl-58.txt,patternOccur::lvl-38.txt,[],[]
v_c841bb83-2662-4770-ba1f-5cee3fd4edc1,anon_a9445e2d-8170-40b8-bfa3-9fdf5b9366fb,2dd7fd1c-90d3-4f02-89db-9b86e8f5d7a8,2026-02-05 10:40:22.315037+00:00,LEFT,mariodpo,patternWeightCount,mariodpo::mariodpo_nintendo_0041.txt,patternWeightCount::lvl-8.txt,[],[]
v_bd786d30-5b7c-4abe-8907-09e672da3473,anon_a9445e2d-8170-40b8-bfa3-9fdf5b9366fb,2dd7fd1c-90d3-4f02-89db-9b86e8f5d7a8,2026-02-05 10:39:24.605913+00:00,LEFT,original,mariogpt,original::lvl-4.txt,mariogpt::level_088.txt,[],[]
v_cda4b07b-12b5-4bb9-bc8b-cb94de9f02d3,anon_a9445e2d-8170-40b8-bfa3-9fdf5b9366fb,2dd7fd1c-90d3-4f02-89db-9b86e8f5d7a8,2026-02-05 10:38:32.371022+00:00,RIGHT,notchParam,ore,notchParam::lvl-65.txt,ore::lvl-43.txt,[],[]
v_264cb6a4-c15e-4cc0-bbc1-867659936e8a,anon_a9445e2d-8170-40b8-bfa3-9fdf5b9366fb,2dd7fd1c-90d3-4f02-89db-9b86e8f5d7a8,2026-02-05 10:38:08.177879+00:00,RIGHT,marioDiffusion,ore,marioDiffusion::level_16.txt,ore::lvl-22.txt,"['impossible', 'too_hard']",[]
v_aa27dc28-913c-4ea2-9132-e23c53502208,anon_a9445e2d-8170-40b8-bfa3-9fdf5b9366fb,2dd7fd1c-90d3-4f02-89db-9b86e8f5d7a8,2026-02-05 10:37:33.768810+00:00,RIGHT,patternOccur,mariogan,patternOccur::lvl-46.txt,mariogan::level_73.txt,[],[]
v_f219d65c-debd-4505-8f1e-efe2bd093621,anon_a9445e2d-8170-40b8-bfa3-9fdf5b9366fb,2dd7fd1c-90d3-4f02-89db-9b86e8f5d7a8,2026-02-05 10:36:42.178833+00:00,RIGHT,patternWeightCount,mariogan,patternWeightCount::lvl-79.txt,mariogan::level_43.txt,[],[]
v_789655f1-6904-431f-9edd-c28f9efdae6a,anon_a9445e2d-8170-40b8-bfa3-9fdf5b9366fb,2dd7fd1c-90d3-4f02-89db-9b86e8f5d7a8,2026-02-05 10:35:55.579046+00:00,LEFT,notchParamRand,patternCount,notchParamRand::lvl-50.txt,patternCount::lvl-60.txt,[],[]
v_d33ae755-c988-427c-8658-88c2a69be279,anon_a9445e2d-8170-40b8-bfa3-9fdf5b9366fb,2dd7fd1c-90d3-4f02-89db-9b86e8f5d7a8,2026-02-05 10:35:46.113430+00:00,LEFT,patternCount,marioDiffusion,patternCount::lvl-92.txt,marioDiffusion::level_19.txt,[],[]
v_34f71dd2-b955-4319-86d2-ec70258bd4dd,anon_a9445e2d-8170-40b8-bfa3-9fdf5b9366fb,b8372c0d-837a-4f4f-bdf1-37c7accefad5,2026-02-02 20:04:03.221434+00:00,LEFT,patternOccur,hopper,patternOccur::lvl-52.txt,hopper::lvl-1.txt,[],[]
v_cf970ded-31b0-47db-8522-e26f3bdd523b,anon_a9445e2d-8170-40b8-bfa3-9fdf5b9366fb,53fe8488-e339-497e-acfc-0cf7aec313ea,2026-02-02 20:03:45.501015+00:00,RIGHT,original,mariodpo,original::lvl-12.txt,mariodpo::mariodpo_nintendo_0061.txt,[],[]
v_6e90f4ba-f0ae-4251-97dd-709925d28975,anon_a9445e2d-8170-40b8-bfa3-9fdf5b9366fb,53fe8488-e339-497e-acfc-0cf7aec313ea,2026-02-02 20:03:09.302278+00:00,TIE,ore,marioDiffusion,ore::lvl-26.txt,marioDiffusion::level_91.txt,[],[]
v_d1c5f9a2-7fec-43ad-80c8-219422a1131a,anon_a9445e2d-8170-40b8-bfa3-9fdf5b9366fb,53fe8488-e339-497e-acfc-0cf7aec313ea,2026-02-02 20:02:52.286049+00:00,LEFT,patternWeightCount,notchParam,patternWeightCount::lvl-18.txt,notchParam::lvl-37.txt,[],[]
v_647127b3-2ebe-4ebc-99d7-d5ec02c14444,anon_a9445e2d-8170-40b8-bfa3-9fdf5b9366fb,afc16307-b27a-45b1-813a-61d57186d0d7,2026-02-02 20:02:35.524356+00:00,RIGHT,notch,mariodpo,notch::lvl-52.txt,mariodpo::mariodpo_nintendo_0063.txt,[],[]
v_517d3478-bd66-40ed-982e-7ef65fa382dc,anon_a9445e2d-8170-40b8-bfa3-9fdf5b9366fb,afc16307-b27a-45b1-813a-61d57186d0d7,2026-02-02 20:02:23.032012+00:00,LEFT,ore,patternOccur,ore::lvl-4.txt,patternOccur::lvl-80.txt,[],[]
v_ce24123e-5776-4f99-be4b-1e5556ae9578,anon_a9445e2d-8170-40b8-bfa3-9fdf5b9366fb,afc16307-b27a-45b1-813a-61d57186d0d7,2026-02-02 20:01:47.841840+00:00,RIGHT,marioDiffusion,patternOccur,marioDiffusion::level_18.txt,patternOccur::lvl-4.txt,[],[]
v_ee5b0b07-edeb-492a-aed7-da62b91e0467,anon_a9445e2d-8170-40b8-bfa3-9fdf5b9366fb,afc16307-b27a-45b1-813a-61d57186d0d7,2026-02-02 20:01:42.497595+00:00,LEFT,mariogpt,notchParam,mariogpt::level_066.txt,notchParam::lvl-23.txt,[],[]
v_e1545076-a7a8-4553-9045-f3b92a40c030,anon_a9445e2d-8170-40b8-bfa3-9fdf5b9366fb,afc16307-b27a-45b1-813a-61d57186d0d7,2026-02-02 20:01:08.433147+00:00,RIGHT,patternCount,mariogan,patternCount::lvl-30.txt,mariogan::level_40.txt,[],[]
v_36072a7a-e75d-411a-977d-50e5ef744574,anon_a9445e2d-8170-40b8-bfa3-9fdf5b9366fb,afc16307-b27a-45b1-813a-61d57186d0d7,2026-02-02 20:00:35.748979+00:00,RIGHT,mariogan,mariogpt,mariogan::level_46.txt,mariogpt::level_029.txt,[],[]
v_69fb9048-fe79-4fb9-a409-40f51c574548,anon_a9445e2d-8170-40b8-bfa3-9fdf5b9366fb,afc16307-b27a-45b1-813a-61d57186d0d7,2026-02-02 19:59:57.327901+00:00,LEFT,notch,notchParamRand,notch::lvl-65.txt,notchParamRand::lvl-37.txt,[],[]
v_592853dd-7071-482a-90c6-e3d8e5dea861,anon_a9445e2d-8170-40b8-bfa3-9fdf5b9366fb,afc16307-b27a-45b1-813a-61d57186d0d7,2026-02-02 19:59:47.934685+00:00,LEFT,mariodpo,notchParamRand,mariodpo::mariodpo_nintendo_0129.txt,notchParamRand::lvl-40.txt,[],[]
v_0859d907-3883-4fcd-b2d3-c74f524de877,anon_a9445e2d-8170-40b8-bfa3-9fdf5b9366fb,afc16307-b27a-45b1-813a-61d57186d0d7,2026-02-02 19:59:38.309068+00:00,RIGHT,hopper,ore,hopper::lvl-39.txt,ore::lvl-58.txt,[],[]
v_a5d82e4e-bdc1-46d4-9f7d-e802cdd48ef2,anon_a9445e2d-8170-40b8-bfa3-9fdf5b9366fb,afc16307-b27a-45b1-813a-61d57186d0d7,2026-02-02 19:59:24.969650+00:00,LEFT,hopper,patternWeightCount,hopper::lvl-86.txt,patternWeightCount::lvl-32.txt,[],[]
v_20f2d072-7170-4014-a0b1-c7ac8d4eb6a8,anon_a9445e2d-8170-40b8-bfa3-9fdf5b9366fb,afc16307-b27a-45b1-813a-61d57186d0d7,2026-02-02 19:59:09.609262+00:00,LEFT,original,mariodpo,original::lvl-2.txt,mariodpo::mariodpo_nintendo_0000.txt,[],[]
v_11d087ad-68fc-4001-a6ed-c4047966102f,anon_a9445e2d-8170-40b8-bfa3-9fdf5b9366fb,afc16307-b27a-45b1-813a-61d57186d0d7,2026-02-02 19:58:17.887713+00:00,LEFT,patternCount,mariogan,patternCount::lvl-16.txt,mariogan::level_16.txt,[],['impossible']
v_40c79369-78ea-4520-a11b-2adc868aee6e,anon_a9445e2d-8170-40b8-bfa3-9fdf5b9366fb,afc16307-b27a-45b1-813a-61d57186d0d7,2026-02-02 19:57:53.535479+00:00,RIGHT,patternCount,patternWeightCount,patternCount::lvl-2.txt,patternWeightCount::lvl-79.txt,[],[]
v_f2fe9e80-17be-419a-8fe5-df9160a8d8de,anon_a9445e2d-8170-40b8-bfa3-9fdf5b9366fb,afc16307-b27a-45b1-813a-61d57186d0d7,2026-02-02 19:57:41.331152+00:00,LEFT,notchParamRand,patternWeightCount,notchParamRand::lvl-13.txt,patternWeightCount::lvl-2.txt,[],[]
v_bd04a24f-9403-4bcb-b4c7-44588c619054,anon_a9445e2d-8170-40b8-bfa3-9fdf5b9366fb,afc16307-b27a-45b1-813a-61d57186d0d7,2026-02-02 19:57:33.683804+00:00,RIGHT,patternCount,patternWeightCount,patternCount::lvl-16.txt,patternWeightCount::lvl-62.txt,[],[]
v_daabc048-f9ef-408a-8ec5-672ad42206b6,anon_a9445e2d-8170-40b8-bfa3-9fdf5b9366fb,afc16307-b27a-45b1-813a-61d57186d0d7,2026-02-02 19:57:17.831503+00:00,RIGHT,marioDiffusion,mariodpo,marioDiffusion::level_63.txt,mariodpo::mariodpo_nintendo_0148.txt,[],[]
v_b8f477e9-ab34-4354-9a4a-9ca7635e08ab,anon_a9445e2d-8170-40b8-bfa3-9fdf5b9366fb,afc16307-b27a-45b1-813a-61d57186d0d7,2026-02-02 19:56:28.327456+00:00,TIE,original,patternCount,original::lvl-13.txt,patternCount::lvl-37.txt,[],[]
v_ba400a4b-9f0f-4e51-bf3e-3b1f10bf0345,anon_a9445e2d-8170-40b8-bfa3-9fdf5b9366fb,afc16307-b27a-45b1-813a-61d57186d0d7,2026-02-02 19:56:08.329331+00:00,RIGHT,notchParam,genetic,notchParam::lvl-47.txt,genetic::lvl-52.txt,[],[]
v_b377eb6b-7e9d-474d-8953-818fc6ea6c36,anon_a9445e2d-8170-40b8-bfa3-9fdf5b9366fb,afc16307-b27a-45b1-813a-61d57186d0d7,2026-02-02 19:55:55.778949+00:00,RIGHT,hopper,notchParamRand,hopper::lvl-77.txt,notchParamRand::lvl-4.txt,[],[]
v_951b299c-3726-4800-b316-c55c82f74264,anon_a9445e2d-8170-40b8-bfa3-9fdf5b9366fb,afc16307-b27a-45b1-813a-61d57186d0d7,2026-02-02 19:55:44.762946+00:00,RIGHT,ore,mariodpo,ore::lvl-33.txt,mariodpo::mariodpo_nintendo_0089.txt,[],[]
v_8208a1a2-0b62-4e3f-becf-69e580b8c5ee,anon_a9445e2d-8170-40b8-bfa3-9fdf5b9366fb,afc16307-b27a-45b1-813a-61d57186d0d7,2026-02-02 19:55:04.002749+00:00,TIE,original,mariodpo,original::lvl-3.txt,mariodpo::mariodpo_nintendo_0065.txt,[],[]
v_ea0eee19-3cce-4796-af5c-e07515ccd181,anon_a9445e2d-8170-40b8-bfa3-9fdf5b9366fb,afc16307-b27a-45b1-813a-61d57186d0d7,2026-02-02 19:54:02.870993+00:00,TIE,patternCount,patternWeightCount,patternCount::lvl-82.txt,patternWeightCount::lvl-46.txt,[],[]
v_04fae118-d9ed-4c9d-9d6d-33291b566a5f,anon_a9445e2d-8170-40b8-bfa3-9fdf5b9366fb,afc16307-b27a-45b1-813a-61d57186d0d7,2026-02-02 19:53:52.229884+00:00,RIGHT,patternWeightCount,mariogan,patternWeightCount::lvl-18.txt,mariogan::level_85.txt,[],[]
v_672f9c12-671d-4431-9a0e-5e140f973196,anon_a9445e2d-8170-40b8-bfa3-9fdf5b9366fb,afc16307-b27a-45b1-813a-61d57186d0d7,2026-02-02 19:53:16.357186+00:00,LEFT,original,ore,original::lvl-5.txt,ore::lvl-69.txt,[],[]
v_be4bf553-fa03-4567-952f-c61e81c50466,anon_0788b013-4f17-4685-9c1a-0f7bf32e4675,459da72c-c6ac-4c39-93e9-b2bdaa78464a,2026-02-02 19:44:53.506644+00:00,TIE,mariogpt,hopper,mariogpt::level_020.txt,hopper::lvl-64.txt,[],[]
v_080623c0-b41e-43b2-94b2-7f557382a105,anon_0788b013-4f17-4685-9c1a-0f7bf32e4675,459da72c-c6ac-4c39-93e9-b2bdaa78464a,2026-02-02 19:44:02.358217+00:00,RIGHT,marioDiffusion,ore,marioDiffusion::level_38.txt,ore::lvl-1.txt,['boring'],['fun']
v_ffc1b91f-9922-4186-8db3-69b767c4b825,anon_a9445e2d-8170-40b8-bfa3-9fdf5b9366fb,fda54117-8753-4662-92fc-52f357bbea74,2026-02-02 11:29:58.123303+00:00,RIGHT,hopper,notch,hopper::lvl-88.txt,notch::lvl-65.txt,['too_hard'],[]
v_ecac3743-798e-401d-a698-25933e8e33e4,anon_cb82def5-3696-4db9-a70e-0c89ff994c8a,07e1f069-7dae-4791-ae78-816ca492cc22,2026-02-01 18:44:24.063259+00:00,RIGHT,mariogpt,mariodpo,mariogpt::level_040.txt,mariodpo::mariodpo_nintendo_0066.txt,[],[]
v_c3905deb-5ae3-494a-aed0-23edac422bb9,anon_376d7289-fc63-4549-9336-2b8703819566,89eeb447-d1ef-4d4c-8abd-1a5cf78329d4,2026-02-01 17:53:11.486155+00:00,RIGHT,notch,mariodpo,notch::lvl-86.txt,mariodpo::mariodpo_nintendo_0113.txt,[],[]
v_3592b12f-fb75-4d66-aa14-fa6540ea78bd,anon_376d7289-fc63-4549-9336-2b8703819566,89eeb447-d1ef-4d4c-8abd-1a5cf78329d4,2026-02-01 17:53:03.706147+00:00,LEFT,mariogpt,hopper,mariogpt::level_076.txt,hopper::lvl-81.txt,[],[]
v_abd02cfa-13cf-4959-8a23-82b686743491,anon_376d7289-fc63-4549-9336-2b8703819566,89eeb447-d1ef-4d4c-8abd-1a5cf78329d4,2026-02-01 17:52:47.775907+00:00,LEFT,mariodpo,notchParamRand,mariodpo::mariodpo_nintendo_0061.txt,notchParamRand::lvl-50.txt,[],[]
v_a7810cb0-9f47-4735-aa5f-c0dad45e3f06,anon_376d7289-fc63-4549-9336-2b8703819566,89eeb447-d1ef-4d4c-8abd-1a5cf78329d4,2026-02-01 17:52:05.511326+00:00,TIE,mariogpt,notch,mariogpt::level_053.txt,notch::lvl-69.txt,[],[]
v_97529f04-707c-40f6-8db4-226471847f41,anon_376d7289-fc63-4549-9336-2b8703819566,3bea2c7e-c353-44b5-9755-1dcca8e90d56,2026-02-01 17:42:33.983814+00:00,RIGHT,patternOccur,original,patternOccur::lvl-50.txt,original::lvl-5.txt,[],[]
v_456328bf-0055-4cfd-80eb-969e5fa01e92,anon_376d7289-fc63-4549-9336-2b8703819566,3bea2c7e-c353-44b5-9755-1dcca8e90d56,2026-02-01 17:42:17.798825+00:00,RIGHT,mariogpt,original,mariogpt::level_055.txt,original::lvl-14.txt,[],[]
v_ea76eae3-77b1-4d4e-8e6d-ab1e789fdfba,anon_376d7289-fc63-4549-9336-2b8703819566,fc5b7b1a-ee1d-4cfa-8801-98de429f150c,2026-02-01 17:25:50.030142+00:00,RIGHT,notchParamRand,original,notchParamRand::lvl-48.txt,original::lvl-12.txt,[],[]
v_46342be7-59bc-488c-8609-d0d6006548d2,anon_376d7289-fc63-4549-9336-2b8703819566,fc5b7b1a-ee1d-4cfa-8801-98de429f150c,2026-02-01 17:25:32.674146+00:00,LEFT,mariodpo,notchParamRand,mariodpo::mariodpo_nintendo_0002.txt,notchParamRand::lvl-43.txt,[],[]
v_f8360a67-22eb-4d68-8aff-625d7f105958,anon_376d7289-fc63-4549-9336-2b8703819566,fc5b7b1a-ee1d-4cfa-8801-98de429f150c,2026-02-01 17:25:04.533572+00:00,TIE,notchParamRand,notchParam,notchParamRand::lvl-6.txt,notchParam::lvl-63.txt,[],[]
v_bd1d717e-ca9b-4227-a27b-d8da6e89c765,anon_376d7289-fc63-4549-9336-2b8703819566,fc5b7b1a-ee1d-4cfa-8801-98de429f150c,2026-02-01 17:24:55.502476+00:00,TIE,notchParamRand,genetic,notchParamRand::lvl-11.txt,genetic::lvl-14.txt,[],[]
v_aad12a9a-895a-465d-95b8-cd429b75f8b0,anon_376d7289-fc63-4549-9336-2b8703819566,fc5b7b1a-ee1d-4cfa-8801-98de429f150c,2026-02-01 17:24:49.554638+00:00,LEFT,ore,notchParamRand,ore::lvl-98.txt,notchParamRand::lvl-49.txt,[],[]
v_627ceeb5-1f31-4434-91f5-d5c6b970b35c,anon_376d7289-fc63-4549-9336-2b8703819566,fc5b7b1a-ee1d-4cfa-8801-98de429f150c,2026-02-01 17:24:39.023243+00:00,RIGHT,ore,marioDiffusion,ore::lvl-45.txt,marioDiffusion::level_61.txt,[],[]
v_c1f8392b-dbad-46dd-98b9-c0fcb3438afe,anon_376d7289-fc63-4549-9336-2b8703819566,fc5b7b1a-ee1d-4cfa-8801-98de429f150c,2026-02-01 17:24:27.602088+00:00,TIE,mariogpt,patternCount,mariogpt::level_016.txt,patternCount::lvl-29.txt,[],[]
v_be68c684-ef2c-4e55-96ce-556fa8563e56,anon_376d7289-fc63-4549-9336-2b8703819566,fc5b7b1a-ee1d-4cfa-8801-98de429f150c,2026-02-01 17:23:50.487177+00:00,TIE,notchParam,notch,notchParam::lvl-18.txt,notch::lvl-83.txt,[],[]
v_5e5403c4-8e91-4836-a5ae-7dd86bac7f2d,anon_376d7289-fc63-4549-9336-2b8703819566,fc5b7b1a-ee1d-4cfa-8801-98de429f150c,2026-02-01 17:23:38.872906+00:00,LEFT,mariodpo,notch,mariodpo::mariodpo_nintendo_0113.txt,notch::lvl-50.txt,[],[]
v_e5eef9a2-8742-4fc9-83a3-920555f5ae87,anon_376d7289-fc63-4549-9336-2b8703819566,fc5b7b1a-ee1d-4cfa-8801-98de429f150c,2026-02-01 17:23:31.007040+00:00,TIE,genetic,hopper,genetic::lvl-33.txt,hopper::lvl-8.txt,[],[]
v_61299f1a-a03c-4905-ab59-9f90284b5a45,anon_376d7289-fc63-4549-9336-2b8703819566,fc5b7b1a-ee1d-4cfa-8801-98de429f150c,2026-02-01 17:23:20.417824+00:00,RIGHT,mariodpo,original,mariodpo::mariodpo_nintendo_0162.txt,original::lvl-14.txt,[],[]
v_b7c27933-bc69-4542-8cd5-94df28990df1,anon_376d7289-fc63-4549-9336-2b8703819566,fc5b7b1a-ee1d-4cfa-8801-98de429f150c,2026-02-01 17:22:46.877775+00:00,RIGHT,notch,hopper,notch::lvl-2.txt,hopper::lvl-82.txt,[],[]
v_6e9c878b-2043-4abc-b965-760a61b10d05,anon_376d7289-fc63-4549-9336-2b8703819566,fc5b7b1a-ee1d-4cfa-8801-98de429f150c,2026-02-01 17:22:30.896702+00:00,RIGHT,patternCount,hopper,patternCount::lvl-98.txt,hopper::lvl-32.txt,[],[]
v_14a7f0b2-4d87-4493-abca-7b74b8a4f9b9,anon_376d7289-fc63-4549-9336-2b8703819566,fc5b7b1a-ee1d-4cfa-8801-98de429f150c,2026-02-01 17:22:25.754387+00:00,LEFT,hopper,patternCount,hopper::lvl-46.txt,patternCount::lvl-53.txt,[],[]
v_f2364ca5-d970-4230-beb3-e2a9e5f26beb,anon_376d7289-fc63-4549-9336-2b8703819566,fc5b7b1a-ee1d-4cfa-8801-98de429f150c,2026-02-01 17:22:17.671970+00:00,LEFT,patternWeightCount,patternOccur,patternWeightCount::lvl-62.txt,patternOccur::lvl-16.txt,[],[]
v_bedab3bb-8038-4064-85da-6da4bed84c53,anon_376d7289-fc63-4549-9336-2b8703819566,fc5b7b1a-ee1d-4cfa-8801-98de429f150c,2026-02-01 17:22:11.604433+00:00,RIGHT,mariogan,original,mariogan::level_19.txt,original::lvl-13.txt,[],[]
v_805f1853-67fc-479c-a7e3-68b5050f95b1,anon_376d7289-fc63-4549-9336-2b8703819566,fc5b7b1a-ee1d-4cfa-8801-98de429f150c,2026-02-01 17:21:22.457258+00:00,LEFT,genetic,patternWeightCount,genetic::lvl-86.txt,patternWeightCount::lvl-41.txt,[],[]
v_5c29b930-007f-4b43-a9bd-db2ee532f711,anon_376d7289-fc63-4549-9336-2b8703819566,fc5b7b1a-ee1d-4cfa-8801-98de429f150c,2026-02-01 17:20:56.133276+00:00,TIE,mariogan,original,mariogan::level_53.txt,original::lvl-3.txt,[],[]
v_95df1879-046d-43ee-80c0-f489cd346323,anon_376d7289-fc63-4549-9336-2b8703819566,38ac9754-46e3-432f-b892-cf545324da3e,2026-02-01 17:20:36.180461+00:00,RIGHT,ore,mariodpo,ore::lvl-25.txt,mariodpo::mariodpo_nintendo_0186.txt,[],[]
v_e60a804e-d7f5-410c-95c0-f5a41cc49f9b,anon_376d7289-fc63-4549-9336-2b8703819566,38ac9754-46e3-432f-b892-cf545324da3e,2026-02-01 17:20:25.350200+00:00,TIE,mariodpo,mariogan,mariodpo::mariodpo_nintendo_0132.txt,mariogan::level_37.txt,[],[]
v_3df99fc8-e3e7-47bd-b6f1-ece02382e073,anon_376d7289-fc63-4549-9336-2b8703819566,38ac9754-46e3-432f-b892-cf545324da3e,2026-02-01 17:20:02.061048+00:00,LEFT,mariodpo,patternCount,mariodpo::mariodpo_nintendo_0066.txt,patternCount::lvl-96.txt,[],[]
v_2024a1d7-1a89-4f08-8f75-26c0830b8c0c,anon_376d7289-fc63-4549-9336-2b8703819566,38ac9754-46e3-432f-b892-cf545324da3e,2026-02-01 17:19:54.753740+00:00,LEFT,marioDiffusion,notchParam,marioDiffusion::level_86.txt,notchParam::lvl-9.txt,[],[]
v_5ec06c41-e2e4-4c15-a5a7-61f02664ab2a,anon_376d7289-fc63-4549-9336-2b8703819566,38ac9754-46e3-432f-b892-cf545324da3e,2026-02-01 17:19:31.337711+00:00,LEFT,mariogan,hopper,mariogan::level_74.txt,hopper::lvl-3.txt,[],[]
v_474a8785-136e-4ebb-a7d0-b4af2851d2e8,anon_376d7289-fc63-4549-9336-2b8703819566,38ac9754-46e3-432f-b892-cf545324da3e,2026-02-01 17:19:10.863402+00:00,RIGHT,notchParam,mariogan,notchParam::lvl-70.txt,mariogan::level_40.txt,[],[]
v_6bd98246-07a3-467f-ab0c-baa7a7a1b2e1,anon_376d7289-fc63-4549-9336-2b8703819566,38ac9754-46e3-432f-b892-cf545324da3e,2026-02-01 17:18:45.214863+00:00,LEFT,mariodpo,patternCount,mariodpo::mariodpo_nintendo_0086.txt,patternCount::lvl-28.txt,[],[]
v_cf2c9cdb-96a7-440c-9e08-bf7bcaffde01,anon_376d7289-fc63-4549-9336-2b8703819566,38ac9754-46e3-432f-b892-cf545324da3e,2026-02-01 17:18:19.539914+00:00,LEFT,mariodpo,mariogan,mariodpo::mariodpo_nintendo_0046.txt,mariogan::level_66.txt,[],[]
v_2a3fe041-578a-44a9-b8e1-84b0f3159287,anon_376d7289-fc63-4549-9336-2b8703819566,38ac9754-46e3-432f-b892-cf545324da3e,2026-02-01 17:17:40.148331+00:00,RIGHT,notchParamRand,ore,notchParamRand::lvl-28.txt,ore::lvl-58.txt,[],[]
v_ebaa6c7b-93b2-4130-8275-eb6691ef1c42,anon_376d7289-fc63-4549-9336-2b8703819566,38ac9754-46e3-432f-b892-cf545324da3e,2026-02-01 17:16:50.073054+00:00,LEFT,mariogan,marioDiffusion,mariogan::level_82.txt,marioDiffusion::level_92.txt,[],[]
v_c4038c9d-0968-45dd-916b-176770106daf,anon_376d7289-fc63-4549-9336-2b8703819566,38ac9754-46e3-432f-b892-cf545324da3e,2026-02-01 17:16:23.927110+00:00,TIE,patternOccur,marioDiffusion,patternOccur::lvl-63.txt,marioDiffusion::level_11.txt,[],['impossible']
v_0ac299d8-1e9f-4d19-aaba-85b8957def01,anon_376d7289-fc63-4549-9336-2b8703819566,38ac9754-46e3-432f-b892-cf545324da3e,2026-02-01 17:16:03.328186+00:00,RIGHT,notch,genetic,notch::lvl-64.txt,genetic::lvl-29.txt,[],[]
v_021ff1b5-c062-45a4-9045-0265794541c4,anon_376d7289-fc63-4549-9336-2b8703819566,38ac9754-46e3-432f-b892-cf545324da3e,2026-02-01 17:15:51.787983+00:00,LEFT,mariodpo,ore,mariodpo::mariodpo_nintendo_0011.txt,ore::lvl-90.txt,[],[]
v_b4e7999e-7399-4205-832c-57d5fba5dbcc,anon_376d7289-fc63-4549-9336-2b8703819566,38ac9754-46e3-432f-b892-cf545324da3e,2026-02-01 17:15:04.823804+00:00,RIGHT,patternCount,mariogpt,patternCount::lvl-80.txt,mariogpt::level_049.txt,[],"['creative', 'fun']"
v_b8e219ea-9256-4167-85fe-2ceb13e27aa6,anon_376d7289-fc63-4549-9336-2b8703819566,30c74b16-2848-48f0-a780-1e15e5accbdd,2026-01-31 21:24:24.680028+00:00,LEFT,notchParam,marioDiffusion,notchParam::lvl-64.txt,marioDiffusion::level_39.txt,[],[]
v_62079ca3-575e-4de7-9af3-4695f58db06b,anon_376d7289-fc63-4549-9336-2b8703819566,30c74b16-2848-48f0-a780-1e15e5accbdd,2026-01-31 21:24:07.561921+00:00,RIGHT,ore,original,ore::lvl-100.txt,original::lvl-4.txt,[],[]
v_ac96d981-c0c3-4852-906d-df68e1b3a2ff,anon_376d7289-fc63-4549-9336-2b8703819566,30c74b16-2848-48f0-a780-1e15e5accbdd,2026-01-31 21:23:33.588131+00:00,TIE,hopper,genetic,hopper::lvl-87.txt,genetic::lvl-34.txt,[],[]
v_58f703cf-ce33-40a2-bb2f-4fc2a4635b7a,anon_376d7289-fc63-4549-9336-2b8703819566,30c74b16-2848-48f0-a780-1e15e5accbdd,2026-01-31 21:23:24.691654+00:00,RIGHT,patternOccur,mariodpo,patternOccur::lvl-55.txt,mariodpo::mariodpo_nintendo_0127.txt,[],[]
v_d2b2c8ec-3baf-439a-a983-c9dd41229487,anon_376d7289-fc63-4549-9336-2b8703819566,30c74b16-2848-48f0-a780-1e15e5accbdd,2026-01-31 21:22:50.481827+00:00,TIE,genetic,notch,genetic::lvl-74.txt,notch::lvl-15.txt,[],[]
v_163fe666-cc7e-4c6a-bd0b-873bb0738065,anon_376d7289-fc63-4549-9336-2b8703819566,30c74b16-2848-48f0-a780-1e15e5accbdd,2026-01-31 21:21:56.640830+00:00,RIGHT,notchParam,notch,notchParam::lvl-74.txt,notch::lvl-24.txt,[],[]
v_5d9d76a9-007a-4109-87f2-4e4b41cf3796,anon_a0cc7026-ba1a-4e0e-9888-6b809e8c5450,dbc384d0-65b6-4a93-ba0e-5e7267b98d05,2026-01-31 20:19:24.945069+00:00,LEFT,patternOccur,notchParam,patternOccur::lvl-29.txt,notchParam::lvl-12.txt,[],[]
v_7a5855e8-2653-46fc-91cd-4c8f003f7a42,anon_a0cc7026-ba1a-4e0e-9888-6b809e8c5450,dbc384d0-65b6-4a93-ba0e-5e7267b98d05,2026-01-31 20:19:03.544409+00:00,RIGHT,mariodpo,ore,mariodpo::mariodpo_nintendo_0030.txt,ore::lvl-85.txt,[],[]
v_f731ae95-db03-4831-87e7-2ded0fd668d5,anon_a0cc7026-ba1a-4e0e-9888-6b809e8c5450,dbc384d0-65b6-4a93-ba0e-5e7267b98d05,2026-01-31 20:18:45.347025+00:00,RIGHT,genetic,mariodpo,genetic::lvl-27.txt,mariodpo::mariodpo_nintendo_0105.txt,[],[]
v_0e217d96-691a-4399-ad7d-b973d59346e2,anon_a0cc7026-ba1a-4e0e-9888-6b809e8c5450,dbc384d0-65b6-4a93-ba0e-5e7267b98d05,2026-01-31 20:18:14.567891+00:00,LEFT,mariodpo,marioDiffusion,mariodpo::mariodpo_nintendo_0008.txt,marioDiffusion::level_57.txt,[],[]
v_6736c9ca-0887-40f1-83ca-ecec257d0c49,anon_a0cc7026-ba1a-4e0e-9888-6b809e8c5450,dbc384d0-65b6-4a93-ba0e-5e7267b98d05,2026-01-31 20:17:41.433456+00:00,RIGHT,mariodpo,original,mariodpo::mariodpo_nintendo_0070.txt,original::lvl-1.txt,[],[]
v_b4223af6-4d4c-4eca-ad24-c12d038e8227,anon_a0cc7026-ba1a-4e0e-9888-6b809e8c5450,dbc384d0-65b6-4a93-ba0e-5e7267b98d05,2026-01-31 20:16:19.648097+00:00,LEFT,mariodpo,hopper,mariodpo::mariodpo_nintendo_0014.txt,hopper::lvl-64.txt,[],[]
v_de958d97-1214-42d6-a614-f44ab89b5196,anon_a0cc7026-ba1a-4e0e-9888-6b809e8c5450,1bd6109e-e8db-475f-a195-5e4b00cf825d,2026-01-31 20:13:42.348707+00:00,LEFT,mariodpo,notchParamRand,mariodpo::mariodpo_nintendo_0042.txt,notchParamRand::lvl-28.txt,[],[]
v_efb63028-3afa-4e31-896f-8ceb32fe8cb0,anon_a0cc7026-ba1a-4e0e-9888-6b809e8c5450,1bd6109e-e8db-475f-a195-5e4b00cf825d,2026-01-31 20:13:05.339191+00:00,RIGHT,mariogan,notchParamRand,mariogan::level_96.txt,notchParamRand::lvl-20.txt,[],[]
v_48226bcf-9d4c-4d36-8f55-6c0c22a136cd,anon_376d7289-fc63-4549-9336-2b8703819566,e33fdf48-87c4-4797-aafb-de8f5446f798,2026-01-31 16:51:17.304793+00:00,LEFT,mariodpo,mariogan,mariodpo::mariodpo_nintendo_0131.txt,mariogan::level_99.txt,[],[]
v_4d7ea814-3da3-4727-bdc7-08aa91ed49d0,anon_376d7289-fc63-4549-9336-2b8703819566,e33fdf48-87c4-4797-aafb-de8f5446f798,2026-01-31 16:50:45.621670+00:00,LEFT,marioDiffusion,notchParamRand,marioDiffusion::level_98.txt,notchParamRand::lvl-7.txt,[],[]
v_197d3f2c-0fde-4a39-98ee-63ecd4f47937,anon_376d7289-fc63-4549-9336-2b8703819566,e33fdf48-87c4-4797-aafb-de8f5446f798,2026-01-31 16:50:27.061952+00:00,RIGHT,patternOccur,ore,patternOccur::lvl-27.txt,ore::lvl-8.txt,[],[]
v_c8de17f1-9ba8-4425-a762-955a6169d2b9,anon_376d7289-fc63-4549-9336-2b8703819566,e33fdf48-87c4-4797-aafb-de8f5446f798,2026-01-31 16:50:15.181187+00:00,LEFT,original,genetic,original::lvl-10.txt,genetic::lvl-74.txt,[],[]
v_697c704b-b2c8-46ba-b3d7-70ebb5603847,anon_376d7289-fc63-4549-9336-2b8703819566,e33fdf48-87c4-4797-aafb-de8f5446f798,2026-01-31 16:50:04.477499+00:00,RIGHT,mariogan,mariodpo,mariogan::level_91.txt,mariodpo::mariodpo_nintendo_0039.txt,[],[]
v_ec8117bb-ff0f-4906-bd60-9b3c3ef5cc40,anon_376d7289-fc63-4549-9336-2b8703819566,e33fdf48-87c4-4797-aafb-de8f5446f798,2026-01-31 16:48:43.274130+00:00,LEFT,mariogpt,ore,mariogpt::level_028.txt,ore::lvl-77.txt,[],[]
v_e32f1dc9-694f-495b-9f40-e91f41ad47e6,anon_376d7289-fc63-4549-9336-2b8703819566,e33fdf48-87c4-4797-aafb-de8f5446f798,2026-01-31 16:48:29.289436+00:00,TIE,original,ore,original::lvl-13.txt,ore::lvl-23.txt,[],[]
v_a702363b-a726-402a-b481-5bce4cbe1859,anon_376d7289-fc63-4549-9336-2b8703819566,e33fdf48-87c4-4797-aafb-de8f5446f798,2026-01-31 16:48:22.936526+00:00,RIGHT,patternWeightCount,mariodpo,patternWeightCount::lvl-5.txt,mariodpo::mariodpo_nintendo_0123.txt,[],[]
v_a53cd2ef-2947-4e0b-a876-227678eefbfb,anon_376d7289-fc63-4549-9336-2b8703819566,e33fdf48-87c4-4797-aafb-de8f5446f798,2026-01-31 16:48:09.557045+00:00,TIE,ore,mariodpo,ore::lvl-79.txt,mariodpo::mariodpo_nintendo_0158.txt,[],[]
v_41401b86-7159-41ed-a85c-13c61d73cec0,anon_376d7289-fc63-4549-9336-2b8703819566,e33fdf48-87c4-4797-aafb-de8f5446f798,2026-01-31 16:47:48.778681+00:00,TIE,patternCount,patternOccur,patternCount::lvl-65.txt,patternOccur::lvl-11.txt,[],[]
v_da60c59d-4944-452b-af22-c757ec24d04e,anon_376d7289-fc63-4549-9336-2b8703819566,7a973411-2df0-42fc-8902-fa3096a38dbf,2026-01-31 08:41:02.102134+00:00,RIGHT,patternOccur,ore,patternOccur::lvl-85.txt,ore::lvl-59.txt,[],[]
v_58e31b93-fba2-44bd-a4b1-7a6b89abfbd0,anon_376d7289-fc63-4549-9336-2b8703819566,7a973411-2df0-42fc-8902-fa3096a38dbf,2026-01-31 08:40:36.240326+00:00,RIGHT,notch,original,notch::lvl-46.txt,original::lvl-5.txt,[],[]
v_57cc0ad4-488e-434f-8763-ac367aa3d28f,anon_376d7289-fc63-4549-9336-2b8703819566,9af7bb86-418c-4233-83e9-ed26e2b047b6,2026-01-31 08:22:22.699006+00:00,TIE,marioDiffusion,original,marioDiffusion::level_50.txt,original::lvl-6.txt,[],[]
v_b6de6b9f-fefa-4dcb-bd45-73d9be26ff38,anon_376d7289-fc63-4549-9336-2b8703819566,51af43a2-c542-4cce-bac2-3c728baece9c,2026-01-31 08:21:21.346005+00:00,LEFT,mariogpt,mariogan,mariogpt::level_013.txt,mariogan::level_78.txt,[],[]
v_fa96d8c4-05e6-498f-a6d3-376b59a5452a,anon_376d7289-fc63-4549-9336-2b8703819566,51af43a2-c542-4cce-bac2-3c728baece9c,2026-01-31 08:19:35.438084+00:00,RIGHT,notch,ore,notch::lvl-40.txt,ore::lvl-26.txt,[],[]
v_b6b0540a-ff8d-4a4d-b17b-4be2b334bf74,anon_376d7289-fc63-4549-9336-2b8703819566,f0a25d20-566c-4bea-8d0d-f40e6d4ccb4e,2026-01-31 08:15:19.104412+00:00,RIGHT,genetic,hopper,genetic::lvl-84.txt,hopper::lvl-1.txt,[],[]
v_493fb6e7-08d0-488c-9503-2523fda0d0d9,anon_376d7289-fc63-4549-9336-2b8703819566,f0a25d20-566c-4bea-8d0d-f40e6d4ccb4e,2026-01-31 08:14:22.989701+00:00,RIGHT,notch,ore,notch::lvl-72.txt,ore::lvl-98.txt,[],[]
v_57163af1-802d-46eb-83d3-75999ed153c1,anon_376d7289-fc63-4549-9336-2b8703819566,f0a25d20-566c-4bea-8d0d-f40e6d4ccb4e,2026-01-31 08:13:59.537337+00:00,LEFT,mariogpt,patternOccur,mariogpt::level_059.txt,patternOccur::lvl-20.txt,[],[]
v_9c7f641a-c5ce-4366-abf2-af5423d9d171,anon_376d7289-fc63-4549-9336-2b8703819566,f0a25d20-566c-4bea-8d0d-f40e6d4ccb4e,2026-01-31 08:11:54.682828+00:00,LEFT,hopper,marioDiffusion,hopper::lvl-61.txt,marioDiffusion::level_35.txt,[],['impossible']
v_bcf8f11d-563d-4d86-ae36-3b28e50a8e3c,anon_376d7289-fc63-4549-9336-2b8703819566,f0a25d20-566c-4bea-8d0d-f40e6d4ccb4e,2026-01-31 08:11:08.635103+00:00,TIE,hopper,notch,hopper::lvl-33.txt,notch::lvl-38.txt,[],[]
v_5e4d94ee-4e17-4c0f-845e-b92e12ff8b78,anon_376d7289-fc63-4549-9336-2b8703819566,507a0e44-01a7-4669-b2bc-54f451ddac70,2026-01-31 08:10:08.358501+00:00,LEFT,original,patternOccur,original::lvl-13.txt,patternOccur::lvl-12.txt,[],[]
v_e4139151-db8d-456f-a1ae-1158d304cd74,anon_376d7289-fc63-4549-9336-2b8703819566,507a0e44-01a7-4669-b2bc-54f451ddac70,2026-01-31 08:05:57.851346+00:00,LEFT,mariogpt,notchParam,mariogpt::level_070.txt,notchParam::lvl-57.txt,"['creative', 'fun']",[]
v_0507c042-6b42-42ae-bedc-9427b68aa69a,anon_376d7289-fc63-4549-9336-2b8703819566,f8cb29ac-40ef-4169-8c89-2089863c2614,2026-01-30 14:24:06.277079+00:00,RIGHT,patternCount,patternWeightCount,patternCount::lvl-27.txt,patternWeightCount::lvl-64.txt,[],[]
v_623a6869-a682-4a98-ab15-81aac195073c,anon_376d7289-fc63-4549-9336-2b8703819566,f8cb29ac-40ef-4169-8c89-2089863c2614,2026-01-30 14:21:26.573603+00:00,LEFT,notch,mariogan,notch::lvl-66.txt,mariogan::level_49.txt,[],[]
v_329aa4d5-9b4b-46db-bd6a-ca81d02fee63,anon_376d7289-fc63-4549-9336-2b8703819566,f8cb29ac-40ef-4169-8c89-2089863c2614,2026-01-30 14:20:05.981797+00:00,RIGHT,mariogan,marioDiffusion,mariogan::level_19.txt,marioDiffusion::level_17.txt,[],[]
v_c728a836-b089-4464-99c9-ab04e45a9347,anon_376d7289-fc63-4549-9336-2b8703819566,f8cb29ac-40ef-4169-8c89-2089863c2614,2026-01-30 14:18:59.151329+00:00,RIGHT,patternOccur,notch,patternOccur::lvl-77.txt,notch::lvl-82.txt,[],[]
v_e268124c-7a51-4eab-b826-0cd463c31caf,anon_376d7289-fc63-4549-9336-2b8703819566,f8cb29ac-40ef-4169-8c89-2089863c2614,2026-01-30 14:18:27.343024+00:00,LEFT,ore,notchParamRand,ore::lvl-94.txt,notchParamRand::lvl-48.txt,[],[]
v_0490b449-d640-4c1d-8a76-f3e0c6cb4bdb,anon_376d7289-fc63-4549-9336-2b8703819566,f8cb29ac-40ef-4169-8c89-2089863c2614,2026-01-30 14:17:17.609029+00:00,LEFT,mariogan,patternOccur,mariogan::level_84.txt,patternOccur::lvl-63.txt,[],[]
v_0aa711db-8762-4b44-aabf-04d3e8c54c13,anon_376d7289-fc63-4549-9336-2b8703819566,f8cb29ac-40ef-4169-8c89-2089863c2614,2026-01-30 14:16:09.687689+00:00,RIGHT,notchParamRand,notchParam,notchParamRand::lvl-32.txt,notchParam::lvl-9.txt,[],[]
v_33e87bab-a843-42fb-8ce9-b62a17fae9c0,anon_376d7289-fc63-4549-9336-2b8703819566,f8cb29ac-40ef-4169-8c89-2089863c2614,2026-01-30 14:15:20.965402+00:00,RIGHT,notchParam,mariogan,notchParam::lvl-52.txt,mariogan::level_34.txt,[],[]
v_58f300aa-9411-4b32-bebe-7e3ed6c01302,anon_376d7289-fc63-4549-9336-2b8703819566,f8cb29ac-40ef-4169-8c89-2089863c2614,2026-01-30 14:14:59.129951+00:00,TIE,notchParamRand,marioDiffusion,notchParamRand::lvl-85.txt,marioDiffusion::level_100.txt,['boring'],['impossible']
v_974966c8-90f2-40af-94d6-879db84d630a,anon_376d7289-fc63-4549-9336-2b8703819566,f8cb29ac-40ef-4169-8c89-2089863c2614,2026-01-30 14:14:31.756309+00:00,RIGHT,mariogan,mariogpt,mariogan::level_15.txt,mariogpt::level_076.txt,[],[]
v_01a72999-82b6-4445-b39e-faac3331cb47,anon_376d7289-fc63-4549-9336-2b8703819566,f8cb29ac-40ef-4169-8c89-2089863c2614,2026-01-30 14:13:05.329529+00:00,LEFT,original,ore,original::lvl-11.txt,ore::lvl-96.txt,[],[]
v_d3ba73c8-fadc-4be4-b87a-a82faf318aa9,anon_376d7289-fc63-4549-9336-2b8703819566,f8cb29ac-40ef-4169-8c89-2089863c2614,2026-01-30 14:12:32.897682+00:00,TIE,ore,mariogan,ore::lvl-89.txt,mariogan::level_11.txt,[],[]
v_fa389701-4821-468a-a7ec-61c76bace091,anon_376d7289-fc63-4549-9336-2b8703819566,f8cb29ac-40ef-4169-8c89-2089863c2614,2026-01-30 14:11:37.838943+00:00,RIGHT,original,notch,original::lvl-9.txt,notch::lvl-12.txt,[],[]
v_18764695-20ab-40ff-b959-360fd79120f7,anon_376d7289-fc63-4549-9336-2b8703819566,f8cb29ac-40ef-4169-8c89-2089863c2614,2026-01-30 14:11:23.673198+00:00,RIGHT,marioDiffusion,ore,marioDiffusion::level_13.txt,ore::lvl-29.txt,[],[]
v_447833a6-e486-44d0-97f9-9dee8387343e,anon_376d7289-fc63-4549-9336-2b8703819566,f8cb29ac-40ef-4169-8c89-2089863c2614,2026-01-30 14:10:25.772288+00:00,LEFT,hopper,patternOccur,hopper::lvl-21.txt,patternOccur::lvl-37.txt,[],[]
v_e088bcc6-c1e4-46cb-b86d-e53dbb3cd468,anon_376d7289-fc63-4549-9336-2b8703819566,f8cb29ac-40ef-4169-8c89-2089863c2614,2026-01-30 14:09:35.231738+00:00,LEFT,genetic,mariogan,genetic::lvl-94.txt,mariogan::level_70.txt,[],[]
v_a8f249c9-103e-4353-91cd-59912a6e6543,anon_376d7289-fc63-4549-9336-2b8703819566,f8cb29ac-40ef-4169-8c89-2089863c2614,2026-01-30 14:08:35.229717+00:00,LEFT,notch,original,notch::lvl-64.txt,original::lvl-9.txt,[],[]
v_e319ef1d-f658-4d36-a00d-cedd3d60e8ee,anon_376d7289-fc63-4549-9336-2b8703819566,2ab49193-e7e6-414a-9d00-61098839d6c0,2026-01-30 14:07:44.062838+00:00,RIGHT,patternOccur,ore,patternOccur::lvl-81.txt,ore::lvl-91.txt,[],[]
v_ce838978-ccda-41a7-96d3-011a68042c48,anon_376d7289-fc63-4549-9336-2b8703819566,2ab49193-e7e6-414a-9d00-61098839d6c0,2026-01-30 14:06:31.238046+00:00,RIGHT,notchParam,mariogan,notchParam::lvl-88.txt,mariogan::level_5.txt,[],[]
v_d5e45e25-d0a1-4df2-b0cc-1becb5a158cd,anon_376d7289-fc63-4549-9336-2b8703819566,2ab49193-e7e6-414a-9d00-61098839d6c0,2026-01-30 14:05:56.145445+00:00,TIE,marioDiffusion,ore,marioDiffusion::level_59.txt,ore::lvl-92.txt,[],[]
v_5fa32fc0-0513-4ed6-8f60-a96d45c2a1a8,anon_376d7289-fc63-4549-9336-2b8703819566,2ab49193-e7e6-414a-9d00-61098839d6c0,2026-01-30 14:05:03.436360+00:00,LEFT,patternWeightCount,mariogpt,patternWeightCount::lvl-81.txt,mariogpt::level_038.txt,[],['impossible']
v_18562c36-c257-46b7-8532-cd20dfa2552e,anon_376d7289-fc63-4549-9336-2b8703819566,ccd77092-db4d-4f35-b5c2-7a0431a6231c,2026-01-30 13:38:01.454647+00:00,LEFT,marioDiffusion,mariogpt,marioDiffusion::level_91.txt,mariogpt::level_051.txt,[],[]
v_16868532-9ee5-4991-8e7a-b4569f4bbf26,anon_376d7289-fc63-4549-9336-2b8703819566,ccd77092-db4d-4f35-b5c2-7a0431a6231c,2026-01-30 13:37:46.923684+00:00,LEFT,original,mariogan,original::lvl-12.txt,mariogan::level_21.txt,[],[]
v_c32402c1-c2d9-4f64-831d-37f2bfd8405f,anon_376d7289-fc63-4549-9336-2b8703819566,ccd77092-db4d-4f35-b5c2-7a0431a6231c,2026-01-30 13:37:11.187893+00:00,RIGHT,patternWeightCount,ore,patternWeightCount::lvl-59.txt,ore::lvl-87.txt,[],[]
v_c92641c8-0cb8-4c25-9974-7f6d36fd9263,anon_376d7289-fc63-4549-9336-2b8703819566,ccd77092-db4d-4f35-b5c2-7a0431a6231c,2026-01-30 13:36:29.764748+00:00,LEFT,hopper,notchParamRand,hopper::lvl-75.txt,notchParamRand::lvl-2.txt,[],[]
v_a23772d6-a94a-4a7b-b92d-0be52ee72229,anon_376d7289-fc63-4549-9336-2b8703819566,ccd77092-db4d-4f35-b5c2-7a0431a6231c,2026-01-30 13:36:10.251467+00:00,LEFT,original,hopper,original::lvl-9.txt,hopper::lvl-10.txt,[],[]
v_e4f50ea8-54c7-482a-90a4-48745d31385a,anon_376d7289-fc63-4549-9336-2b8703819566,ccd77092-db4d-4f35-b5c2-7a0431a6231c,2026-01-30 13:35:35.614693+00:00,TIE,patternOccur,patternWeightCount,patternOccur::lvl-99.txt,patternWeightCount::lvl-28.txt,[],[]
v_f557457a-a151-43b2-8fc4-1c467d37c585,anon_376d7289-fc63-4549-9336-2b8703819566,ccd77092-db4d-4f35-b5c2-7a0431a6231c,2026-01-30 13:34:34.997901+00:00,RIGHT,patternOccur,ore,patternOccur::lvl-100.txt,ore::lvl-78.txt,[],[]
v_cdb17959-33b9-4a27-8add-4d076a369b5d,anon_376d7289-fc63-4549-9336-2b8703819566,ccd77092-db4d-4f35-b5c2-7a0431a6231c,2026-01-30 13:34:06.238674+00:00,LEFT,notch,patternWeightCount,notch::lvl-84.txt,patternWeightCount::lvl-63.txt,[],[]
v_a5c525f0-1c91-4bcd-af70-7d1801ccebf7,anon_376d7289-fc63-4549-9336-2b8703819566,ccd77092-db4d-4f35-b5c2-7a0431a6231c,2026-01-30 13:33:41.156778+00:00,LEFT,notch,patternOccur,notch::lvl-45.txt,patternOccur::lvl-80.txt,[],[]
v_d5d3f052-b6cb-4856-8a30-4830dc8f36f3,anon_376d7289-fc63-4549-9336-2b8703819566,ccd77092-db4d-4f35-b5c2-7a0431a6231c,2026-01-30 13:33:24.827164+00:00,LEFT,notchParamRand,patternOccur,notchParamRand::lvl-53.txt,patternOccur::lvl-84.txt,[],[]
v_ffffc867-67a2-4d3c-a710-34bb15f11525,anon_376d7289-fc63-4549-9336-2b8703819566,ccd77092-db4d-4f35-b5c2-7a0431a6231c,2026-01-30 13:32:58.018200+00:00,LEFT,ore,patternWeightCount,ore::lvl-7.txt,patternWeightCount::lvl-94.txt,[],[]
v_4ada7b4d-0cd6-4922-a084-6fe4503a8181,anon_376d7289-fc63-4549-9336-2b8703819566,ccd77092-db4d-4f35-b5c2-7a0431a6231c,2026-01-30 13:32:27.642466+00:00,LEFT,hopper,patternOccur,hopper::lvl-55.txt,patternOccur::lvl-94.txt,[],[]
v_5ab00c4f-62c3-4bd9-9417-644d1546a828,anon_376d7289-fc63-4549-9336-2b8703819566,ccd77092-db4d-4f35-b5c2-7a0431a6231c,2026-01-30 13:31:42.910366+00:00,TIE,notchParam,notchParamRand,notchParam::lvl-61.txt,notchParamRand::lvl-22.txt,[],[]
v_8eb9b0fa-2938-40d8-bed3-a250775b3f83,anon_376d7289-fc63-4549-9336-2b8703819566,ccd77092-db4d-4f35-b5c2-7a0431a6231c,2026-01-30 13:31:16.220229+00:00,LEFT,notchParam,mariogan,notchParam::lvl-13.txt,mariogan::level_1.txt,[],['impossible']
v_2a12ba03-3f2f-4680-80ac-b701b1d552cb,anon_376d7289-fc63-4549-9336-2b8703819566,ccd77092-db4d-4f35-b5c2-7a0431a6231c,2026-01-30 13:30:46.702940+00:00,LEFT,notchParamRand,patternOccur,notchParamRand::lvl-68.txt,patternOccur::lvl-59.txt,[],[]
v_b6a831f5-920c-4212-a261-ece230c2299b,anon_376d7289-fc63-4549-9336-2b8703819566,ccd77092-db4d-4f35-b5c2-7a0431a6231c,2026-01-30 13:30:41.229072+00:00,LEFT,ore,patternOccur,ore::lvl-71.txt,patternOccur::lvl-33.txt,[],[]
v_0d3f6bcb-80f7-4e4a-b3f0-22dfe6ecccd1,anon_376d7289-fc63-4549-9336-2b8703819566,ccd77092-db4d-4f35-b5c2-7a0431a6231c,2026-01-30 13:29:49.733104+00:00,LEFT,marioDiffusion,genetic,marioDiffusion::level_89.txt,genetic::lvl-52.txt,[],[]
v_1217ebe0-871e-4d0f-b523-90660494a8fb,anon_a9445e2d-8170-40b8-bfa3-9fdf5b9366fb,ee7a8dfd-2952-4bb7-8596-ac55f7bf79a3,2026-01-29 16:18:36.692319+00:00,LEFT,mariogan,hopper,mariogan::level_3.txt,hopper::lvl-71.txt,[],[]
v_e3e4521a-019a-4866-b595-5cfe52136aef,anon_a9445e2d-8170-40b8-bfa3-9fdf5b9366fb,ee7a8dfd-2952-4bb7-8596-ac55f7bf79a3,2026-01-29 16:18:16.548612+00:00,LEFT,notch,notchParamRand,notch::lvl-15.txt,notchParamRand::lvl-65.txt,[],[]
v_64c931c5-4b2d-4f34-b639-5c99575faac8,anon_a9445e2d-8170-40b8-bfa3-9fdf5b9366fb,ee7a8dfd-2952-4bb7-8596-ac55f7bf79a3,2026-01-29 16:18:09.985487+00:00,TIE,patternWeightCount,genetic,patternWeightCount::lvl-63.txt,genetic::lvl-16.txt,[],[]
v_0b15e29b-6bcc-44b1-84dd-777fcaa3b65d,anon_a9445e2d-8170-40b8-bfa3-9fdf5b9366fb,2f152124-63e3-4da0-94fe-6a3d99539b29,2026-01-29 16:13:29.283239+00:00,TIE,genetic,notchParam,genetic::lvl-73.txt,notchParam::lvl-6.txt,[],[]
v_2d123e37-1d7c-4a10-99a1-468f2b008462,anon_a9445e2d-8170-40b8-bfa3-9fdf5b9366fb,2f152124-63e3-4da0-94fe-6a3d99539b29,2026-01-29 16:13:12.115368+00:00,RIGHT,notchParamRand,mariogpt,notchParamRand::lvl-68.txt,mariogpt::level_014.txt,[],['fun']
v_a4030239-3e65-4639-8a9c-d6108dd3d23d,anon_376d7289-fc63-4549-9336-2b8703819566,ec14a5fd-8b35-4a16-9c48-09c1fdcbf57f,2026-01-28 16:22:28.322979+00:00,RIGHT,mariogpt,genetic,mariogpt::level_065.txt,genetic::lvl-43.txt,[],[]
v_f9050df0-6438-4736-b95f-f6bcb9a0327c,anon_376d7289-fc63-4549-9336-2b8703819566,ec14a5fd-8b35-4a16-9c48-09c1fdcbf57f,2026-01-28 16:21:46.101845+00:00,RIGHT,marioDiffusion,genetic,marioDiffusion::level_41.txt,genetic::lvl-83.txt,[],[]
v_8162cbfd-3a86-49f2-89d5-980356e1afcc,anon_376d7289-fc63-4549-9336-2b8703819566,ec14a5fd-8b35-4a16-9c48-09c1fdcbf57f,2026-01-28 16:20:17.657013+00:00,LEFT,hopper,notchParam,hopper::lvl-44.txt,notchParam::lvl-33.txt,[],[]
v_b2e5ba32-b177-408a-bb63-be3477374756,anon_376d7289-fc63-4549-9336-2b8703819566,ec14a5fd-8b35-4a16-9c48-09c1fdcbf57f,2026-01-28 16:20:07.427514+00:00,LEFT,notch,ore,notch::lvl-84.txt,ore::lvl-85.txt,[],[]
v_37ea313e-fce2-4862-8281-ddd14ec45c9e,anon_376d7289-fc63-4549-9336-2b8703819566,ec14a5fd-8b35-4a16-9c48-09c1fdcbf57f,2026-01-28 16:19:57.362418+00:00,LEFT,mariogan,mariogpt,mariogan::level_19.txt,mariogpt::level_096.txt,[],[]
v_6b75e97c-9cb0-4de5-a9f3-6547c1b67943,anon_376d7289-fc63-4549-9336-2b8703819566,ec14a5fd-8b35-4a16-9c48-09c1fdcbf57f,2026-01-28 16:19:49.843930+00:00,RIGHT,mariogan,ore,mariogan::level_77.txt,ore::lvl-70.txt,[],[]
v_7df458a2-2b3f-45b5-b2cd-e6eea5ea5e85,anon_376d7289-fc63-4549-9336-2b8703819566,ec14a5fd-8b35-4a16-9c48-09c1fdcbf57f,2026-01-28 16:19:42.200779+00:00,RIGHT,mariogan,patternWeightCount,mariogan::level_44.txt,patternWeightCount::lvl-49.txt,[],[]
v_7e734df6-4c15-4a2c-b61a-7b386c38575e,anon_376d7289-fc63-4549-9336-2b8703819566,79ff2255-8440-4fe5-8b79-93c24e229bb2,2026-01-28 16:18:12.586453+00:00,LEFT,patternWeightCount,patternCount,patternWeightCount::lvl-5.txt,patternCount::lvl-35.txt,[],[]
v_99dc76e1-cbae-4c6b-b8f6-5e4415380955,anon_376d7289-fc63-4549-9336-2b8703819566,eec48364-65ae-40f6-8f8a-03d9d598fdbe,2026-01-28 15:53:49.371734+00:00,TIE,mariogan,notchParam,mariogan::level_18.txt,notchParam::lvl-56.txt,['impossible'],[]
v_59c11106-0d64-4f87-88fa-3c44fa765217,anon_376d7289-fc63-4549-9336-2b8703819566,eec48364-65ae-40f6-8f8a-03d9d598fdbe,2026-01-28 15:53:19.754049+00:00,LEFT,patternOccur,hopper,patternOccur::lvl-61.txt,hopper::lvl-56.txt,[],[]
v_ace28638-0e99-40f6-8200-d17abc45b3f9,anon_376d7289-fc63-4549-9336-2b8703819566,eec48364-65ae-40f6-8f8a-03d9d598fdbe,2026-01-28 15:53:01.641772+00:00,LEFT,original,mariogpt,original::lvl-10.txt,mariogpt::level_025.txt,[],['impossible']
v_1e422629-50c8-4c2a-ace2-50f6c98c41e4,anon_aaeacaf4-6956-4b32-8407-824c4cdd3f92,27cefe89-4d2d-4ce9-8cbb-4e64f0b9044e,2026-01-27 23:59:57.261375+00:00,LEFT,patternWeightCount,notchParamRand,patternWeightCount::lvl-99.txt,notchParamRand::lvl-40.txt,[],[]
v_21d5646c-ea46-4551-83d1-03198c0520b0,anon_aaeacaf4-6956-4b32-8407-824c4cdd3f92,27cefe89-4d2d-4ce9-8cbb-4e64f0b9044e,2026-01-27 23:59:36.083427+00:00,RIGHT,notch,ore,notch::lvl-24.txt,ore::lvl-89.txt,[],[]
v_a951d8e7-888f-4fb5-864f-35d8afd0ec1d,anon_57b8b83d-01b4-4c11-a88c-b639bd2ed990,24ca2e1e-9cc9-499d-89b0-99c05317a5ea,2026-01-27 17:02:25.593334+00:00,LEFT,marioDiffusion,notchParam,marioDiffusion::level_70.txt,notchParam::lvl-7.txt,[],[]
v_0cfefd9c-d370-47f2-8859-71fda93bdeff,anon_1575bc4a-8ab3-4bac-9213-640e500b4960,b085e420-26d9-400a-8ee9-82d8ee82559b,2026-01-27 15:41:47.074931+00:00,RIGHT,genetic,mariogan,genetic::lvl-100.txt,mariogan::level_22.txt,[],[]
v_7ed47aaf-868f-44b8-b1d9-2193768e4dea,anon_1575bc4a-8ab3-4bac-9213-640e500b4960,b085e420-26d9-400a-8ee9-82d8ee82559b,2026-01-27 15:41:05.562291+00:00,RIGHT,patternWeightCount,mariogan,patternWeightCount::lvl-28.txt,mariogan::level_43.txt,[],[]
v_a9cb998f-5ba2-4bc2-a04a-1cae0378c3df,anon_1575bc4a-8ab3-4bac-9213-640e500b4960,b085e420-26d9-400a-8ee9-82d8ee82559b,2026-01-27 15:40:44.277017+00:00,LEFT,patternWeightCount,patternCount,patternWeightCount::lvl-91.txt,patternCount::lvl-30.txt,[],"['boring', 'fun']"
v_c948ecf3-626f-4037-8b9d-e2f952b9ab9a,anon_1575bc4a-8ab3-4bac-9213-640e500b4960,b085e420-26d9-400a-8ee9-82d8ee82559b,2026-01-27 15:40:32.616918+00:00,LEFT,original,notch,original::lvl-8.txt,notch::lvl-15.txt,[],[]
v_395541ec-aa55-4ac9-ac46-a058fbe583cb,anon_83d581ca-5994-4c8f-a3df-9fa65c8fb089,dd8c1588-b623-4a58-bdda-76a66c84484e,2026-01-27 15:09:34.969641+00:00,TIE,mariogpt,notchParam,mariogpt::level_069.txt,notchParam::lvl-50.txt,"['broken_graphics', 'too_hard']",['boring']
v_b5e82cc6-105d-44a4-86ea-1f8ff1751c8f,anon_83d581ca-5994-4c8f-a3df-9fa65c8fb089,ba0afa2b-8e20-420f-a9f1-892622c76574,2026-01-27 15:07:21.081102+00:00,RIGHT,mariogan,ore,mariogan::level_68.txt,ore::lvl-99.txt,['impossible'],['fun']
v_72146b2b-dac5-435c-b515-2f7998e09cd5,anon_83d581ca-5994-4c8f-a3df-9fa65c8fb089,ba0afa2b-8e20-420f-a9f1-892622c76574,2026-01-27 15:06:04.654347+00:00,RIGHT,mariogpt,notchParamRand,mariogpt::level_078.txt,notchParamRand::lvl-80.txt,['impossible'],['boring']
v_efdf9493-a544-4cfa-a84f-a6b2ed9c16a0,anon_83d581ca-5994-4c8f-a3df-9fa65c8fb089,ba0afa2b-8e20-420f-a9f1-892622c76574,2026-01-27 15:05:14.589973+00:00,RIGHT,mariogpt,hopper,mariogpt::level_021.txt,hopper::lvl-30.txt,"['broken_graphics', 'impossible']",[]
v_0805c533-7425-48c8-a143-49bc9ffb23f7,anon_83d581ca-5994-4c8f-a3df-9fa65c8fb089,b507101b-6f66-48fb-99b1-2e336075f385,2026-01-27 15:03:15.173666+00:00,SKIP,patternCount,mariogan,patternCount::lvl-44.txt,mariogan::level_21.txt,['too_hard'],['impossible']
v_9f01064c-0d14-4ce1-a158-6d16bf1e63ef,anon_83d581ca-5994-4c8f-a3df-9fa65c8fb089,b507101b-6f66-48fb-99b1-2e336075f385,2026-01-27 15:02:31.461283+00:00,RIGHT,marioDiffusion,mariogpt,marioDiffusion::level_58.txt,mariogpt::level_079.txt,"['boring', 'impossible']",[]
v_f7a9b01d-315b-418a-a7e4-9157a2f9ea87,anon_83d581ca-5994-4c8f-a3df-9fa65c8fb089,b507101b-6f66-48fb-99b1-2e336075f385,2026-01-27 15:00:25.428595+00:00,RIGHT,patternOccur,hopper,patternOccur::lvl-10.txt,hopper::lvl-37.txt,['too_hard'],[]
v_0de1e3c6-abc8-4a26-aebb-85abf8844eb6,anon_83d581ca-5994-4c8f-a3df-9fa65c8fb089,b507101b-6f66-48fb-99b1-2e336075f385,2026-01-27 14:58:19.546400+00:00,TIE,notchParam,mariogan,notchParam::lvl-32.txt,mariogan::level_92.txt,"['boring', 'impossible']","['broken_graphics', 'impossible']"
v_db8a2f34-9877-4dcf-a33c-a2ec7af20e6a,anon_83d581ca-5994-4c8f-a3df-9fa65c8fb089,356d67cd-853e-4485-8a25-7eab35b4ff17,2026-01-27 14:54:53.932814+00:00,RIGHT,notchParamRand,hopper,notchParamRand::lvl-88.txt,hopper::lvl-68.txt,[],[]
v_42c2e56b-7bfb-402b-bcd9-d920429b0876,anon_64941084-f829-4939-8305-bb3433681a53,7fa01579-1ec4-44c2-ad97-4c78e1ef1911,2026-01-27 12:12:53.211237+00:00,RIGHT,mariogan,hopper,mariogan::level_89.txt,hopper::lvl-21.txt,['too_easy'],[]
v_254043bf-8978-4de6-bfac-ad1bf7eee817,anon_64941084-f829-4939-8305-bb3433681a53,7fa01579-1ec4-44c2-ad97-4c78e1ef1911,2026-01-27 12:12:11.116029+00:00,RIGHT,mariogan,mariogpt,mariogan::level_80.txt,mariogpt::level_072.txt,['broken_graphics'],"['broken_graphics', 'creative']"
v_20ae817b-1066-4483-95d5-08c600b9eb6b,anon_64941084-f829-4939-8305-bb3433681a53,7fa01579-1ec4-44c2-ad97-4c78e1ef1911,2026-01-27 12:11:18.331456+00:00,LEFT,patternOccur,hopper,patternOccur::lvl-86.txt,hopper::lvl-92.txt,[],['boring']
v_850e980a-594b-4f06-9262-085775771c51,anon_64941084-f829-4939-8305-bb3433681a53,7fa01579-1ec4-44c2-ad97-4c78e1ef1911,2026-01-27 12:09:49.044040+00:00,RIGHT,hopper,notch,hopper::lvl-23.txt,notch::lvl-53.txt,[],[]
v_7d5fab2f-efb3-44fb-86c0-b5d06abb210b,anon_64941084-f829-4939-8305-bb3433681a53,7fa01579-1ec4-44c2-ad97-4c78e1ef1911,2026-01-27 12:09:31.416531+00:00,RIGHT,mariogpt,notchParamRand,mariogpt::level_025.txt,notchParamRand::lvl-37.txt,['impossible'],[]
v_2d2e910f-9b70-4fba-a2d7-8e5a22c0bcfb,anon_64941084-f829-4939-8305-bb3433681a53,7fa01579-1ec4-44c2-ad97-4c78e1ef1911,2026-01-27 12:09:04.596933+00:00,TIE,patternCount,patternWeightCount,patternCount::lvl-16.txt,patternWeightCount::lvl-23.txt,['too_hard'],['impossible']
v_90ca1a23-3aac-4298-a6b7-e1e466007a83,anon_64941084-f829-4939-8305-bb3433681a53,7fa01579-1ec4-44c2-ad97-4c78e1ef1911,2026-01-27 12:08:45.357475+00:00,LEFT,mariogpt,patternWeightCount,mariogpt::level_048.txt,patternWeightCount::lvl-43.txt,[],['impossible']
v_5c3421b7-0e24-4e51-80c4-4f2d5e053a76,anon_64941084-f829-4939-8305-bb3433681a53,7fa01579-1ec4-44c2-ad97-4c78e1ef1911,2026-01-27 12:08:32.403320+00:00,RIGHT,hopper,mariogpt,hopper::lvl-71.txt,mariogpt::level_060.txt,[],[]
v_b9485b2b-fc4f-454b-9215-326f5adac17a,anon_64941084-f829-4939-8305-bb3433681a53,7fa01579-1ec4-44c2-ad97-4c78e1ef1911,2026-01-27 12:07:27.455016+00:00,LEFT,genetic,patternWeightCount,genetic::lvl-36.txt,patternWeightCount::lvl-33.txt,[],['too_hard']
v_c2eab743-ee94-4526-9255-2385198b420c,anon_64941084-f829-4939-8305-bb3433681a53,7fa01579-1ec4-44c2-ad97-4c78e1ef1911,2026-01-27 12:07:01.258780+00:00,TIE,patternCount,mariogan,patternCount::lvl-85.txt,mariogan::level_78.txt,['too_hard'],['broken_graphics']
v_67517d96-7ad4-4a07-b51d-7fe1490c6196,anon_64941084-f829-4939-8305-bb3433681a53,7fa01579-1ec4-44c2-ad97-4c78e1ef1911,2026-01-27 12:06:37.304443+00:00,LEFT,original,mariogpt,original::lvl-1.txt,mariogpt::level_091.txt,"['creative', 'fun']",['impossible']
v_e8e9fd63-e31f-4d10-984d-8cca5ee0f370,anon_64941084-f829-4939-8305-bb3433681a53,7fa01579-1ec4-44c2-ad97-4c78e1ef1911,2026-01-27 12:05:18.790209+00:00,LEFT,mariogpt,marioDiffusion,mariogpt::level_013.txt,marioDiffusion::level_30.txt,[],['too_hard']
v_023b06f6-9726-42d5-9956-09f4deb8b866,anon_64941084-f829-4939-8305-bb3433681a53,7fa01579-1ec4-44c2-ad97-4c78e1ef1911,2026-01-27 12:04:49.443668+00:00,LEFT,genetic,marioDiffusion,genetic::lvl-44.txt,marioDiffusion::level_100.txt,[],"['impossible', 'too_hard']"
v_5d935b9f-eb49-45b6-b0ff-c53f916adfc2,anon_64941084-f829-4939-8305-bb3433681a53,7fa01579-1ec4-44c2-ad97-4c78e1ef1911,2026-01-27 12:04:11.386385+00:00,TIE,notchParamRand,notchParam,notchParamRand::lvl-75.txt,notchParam::lvl-37.txt,['boring'],['boring']
v_3021fac3-fce2-447c-b526-356c4742a712,anon_64941084-f829-4939-8305-bb3433681a53,7fa01579-1ec4-44c2-ad97-4c78e1ef1911,2026-01-27 12:03:21.732195+00:00,LEFT,ore,patternOccur,ore::lvl-28.txt,patternOccur::lvl-85.txt,[],['too_hard']
v_9dfb4654-4310-4904-9227-c690fd6385c6,anon_64941084-f829-4939-8305-bb3433681a53,7fa01579-1ec4-44c2-ad97-4c78e1ef1911,2026-01-27 12:02:46.806821+00:00,LEFT,original,ore,original::lvl-13.txt,ore::lvl-99.txt,"['creative', 'fun']",['too_hard']
v_050b29d2-00c5-4302-8c08-ebeb8abafe8d,anon_64941084-f829-4939-8305-bb3433681a53,7fa01579-1ec4-44c2-ad97-4c78e1ef1911,2026-01-27 12:01:43.059335+00:00,RIGHT,hopper,original,hopper::lvl-91.txt,original::lvl-2.txt,[],[]
v_1053c99e-3212-40e2-bb29-253e209fd5f0,anon_64941084-f829-4939-8305-bb3433681a53,7fa01579-1ec4-44c2-ad97-4c78e1ef1911,2026-01-27 12:01:01.166647+00:00,LEFT,original,notchParam,original::lvl-3.txt,notchParam::lvl-30.txt,"['creative', 'fun']",[]
v_6f400f20-45c5-417d-a627-a9684ec55f09,anon_64941084-f829-4939-8305-bb3433681a53,7fa01579-1ec4-44c2-ad97-4c78e1ef1911,2026-01-27 12:00:25.970652+00:00,LEFT,marioDiffusion,notchParam,marioDiffusion::level_5.txt,notchParam::lvl-92.txt,[],[]
v_4907503b-e867-4738-9236-78303b84e09d,anon_64941084-f829-4939-8305-bb3433681a53,7fa01579-1ec4-44c2-ad97-4c78e1ef1911,2026-01-27 11:59:49.158682+00:00,LEFT,mariogan,genetic,mariogan::level_73.txt,genetic::lvl-47.txt,[],[]
v_385382ea-a876-461f-a148-035393e3f12e,anon_83d581ca-5994-4c8f-a3df-9fa65c8fb089,94fecccd-4c1f-4d80-bebd-7787fc183def,2026-01-27 01:36:42.134979+00:00,RIGHT,mariogpt,ore,mariogpt::level_022.txt,ore::lvl-25.txt,['too_easy'],['too_hard']
v_6da5a38c-0020-426a-8236-5c5cdce20b62,anon_83d581ca-5994-4c8f-a3df-9fa65c8fb089,94fecccd-4c1f-4d80-bebd-7787fc183def,2026-01-27 01:35:11.981269+00:00,SKIP,notchParam,ore,notchParam::lvl-18.txt,ore::lvl-53.txt,[],[]
v_f3e08e6b-01b7-44be-8781-609814d5a1fd,anon_83d581ca-5994-4c8f-a3df-9fa65c8fb089,94fecccd-4c1f-4d80-bebd-7787fc183def,2026-01-27 01:34:56.680899+00:00,TIE,genetic,patternWeightCount,genetic::lvl-99.txt,patternWeightCount::lvl-43.txt,['boring'],['impossible']
v_68a988d9-eb65-4294-ac88-7004068ad3e1,anon_83d581ca-5994-4c8f-a3df-9fa65c8fb089,94fecccd-4c1f-4d80-bebd-7787fc183def,2026-01-27 01:34:27.123360+00:00,RIGHT,notchParamRand,notch,notchParamRand::lvl-8.txt,notch::lvl-97.txt,['boring'],[]
v_96c739b8-293f-4506-b795-7c5d38c8992a,anon_83d581ca-5994-4c8f-a3df-9fa65c8fb089,a6d4a610-a42a-43c3-9fe6-9783f9f1db98,2026-01-27 01:33:25.212889+00:00,LEFT,patternOccur,mariogan,patternOccur::lvl-35.txt,mariogan::level_3.txt,['too_hard'],['impossible']
v_db52ab3e-5d9e-4706-9b6d-9d675156c4c7,anon_83d581ca-5994-4c8f-a3df-9fa65c8fb089,296fa995-5390-457a-baaf-32ec24f1253f,2026-01-27 01:30:55.041815+00:00,TIE,notch,mariogpt,notch::lvl-64.txt,mariogpt::level_059.txt,['fun'],['fun']
v_056d0a89-45c5-4154-abd6-7df201aee767,anon_83d581ca-5994-4c8f-a3df-9fa65c8fb089,a6d9ea38-462e-46a7-a0f7-d8346a47c971,2026-01-27 01:28:19.045928+00:00,RIGHT,genetic,original,genetic::lvl-34.txt,original::lvl-1.txt,['too_easy'],"['creative', 'fun']"
v_87acdae8-0e30-4435-8cc0-61f84a8c3b02,anon_83d581ca-5994-4c8f-a3df-9fa65c8fb089,a6d9ea38-462e-46a7-a0f7-d8346a47c971,2026-01-27 01:26:25.380615+00:00,RIGHT,marioDiffusion,genetic,marioDiffusion::level_23.txt,genetic::lvl-21.txt,['too_hard'],[]
v_683886a9-0f6a-438c-b693-3438b30aa1d3,anon_83d581ca-5994-4c8f-a3df-9fa65c8fb089,12fb919b-6c90-41a9-8bf0-a52665c6a15c,2026-01-27 01:22:18.400989+00:00,RIGHT,marioDiffusion,hopper,marioDiffusion::level_29.txt,hopper::lvl-78.txt,['impossible'],['creative']
v_e4335b8a-443e-4039-a8f5-bd32758acab3,anon_83d581ca-5994-4c8f-a3df-9fa65c8fb089,12fb919b-6c90-41a9-8bf0-a52665c6a15c,2026-01-27 01:21:24.618207+00:00,TIE,genetic,notch,genetic::lvl-91.txt,notch::lvl-79.txt,['too_easy'],['too_easy']
v_dc668515-4029-4bfd-b87b-8a5d99fd9c3b,anon_83d581ca-5994-4c8f-a3df-9fa65c8fb089,4796fb3e-2776-4b11-9b7c-6ef1a646f275,2026-01-27 01:19:32.740404+00:00,LEFT,notchParam,mariogpt,notchParam::lvl-27.txt,mariogpt::level_022.txt,"['boring', 'too_easy']",['impossible']
v_720441fd-f819-459e-9c80-636985ebe8a2,anon_83d581ca-5994-4c8f-a3df-9fa65c8fb089,4796fb3e-2776-4b11-9b7c-6ef1a646f275,2026-01-27 01:18:44.319589+00:00,RIGHT,mariogpt,notchParamRand,mariogpt::level_051.txt,notchParamRand::lvl-2.txt,['impossible'],"['boring', 'too_easy']"
v_8173761d-52d2-4cff-9a10-05c98b9b5847,anon_83d581ca-5994-4c8f-a3df-9fa65c8fb089,4796fb3e-2776-4b11-9b7c-6ef1a646f275,2026-01-27 01:17:56.945363+00:00,TIE,patternWeightCount,notchParamRand,patternWeightCount::lvl-64.txt,notchParamRand::lvl-59.txt,['too_hard'],['too_easy']
v_31b8c1d5-f180-41f1-b4e5-19adac702d85,anon_83d581ca-5994-4c8f-a3df-9fa65c8fb089,4b8121ed-4d56-49b6-8026-58755c377ca3,2026-01-27 01:09:49.099946+00:00,RIGHT,mariogan,notch,mariogan::level_100.txt,notch::lvl-34.txt,['impossible'],"['creative', 'fun']"
v_ebf9357e-3f3c-4d2d-9634-e656e52eb76d,anon_83d581ca-5994-4c8f-a3df-9fa65c8fb089,1a1231d7-cb42-475d-b193-da5e6a3d5ed7,2026-01-27 01:02:36.660640+00:00,LEFT,original,ore,original::lvl-4.txt,ore::lvl-29.txt,['fun'],['fun']
v_02b83efc-408d-479d-a523-79b7581f5686,anon_83d581ca-5994-4c8f-a3df-9fa65c8fb089,dc109ada-997c-4cee-b0e1-69fbe48759fa,2026-01-27 00:56:40.997415+00:00,TIE,patternOccur,patternCount,patternOccur::lvl-59.txt,patternCount::lvl-84.txt,['impossible'],['impossible']
v_df0f61f2-80c0-406b-8c9b-1ab57aeb59a0,anon_83d581ca-5994-4c8f-a3df-9fa65c8fb089,dc109ada-997c-4cee-b0e1-69fbe48759fa,2026-01-27 00:56:30.691131+00:00,LEFT,mariogpt,patternOccur,mariogpt::level_008.txt,patternOccur::lvl-1.txt,['impossible'],['too_hard']
v_df719a55-97af-4864-a556-21f0f06bc850,anon_83d581ca-5994-4c8f-a3df-9fa65c8fb089,c9ec1cde-ad0d-457f-9e28-5aaae83d14f0,2026-01-27 00:54:24.239776+00:00,LEFT,original,mariogpt,original::lvl-8.txt,mariogpt::level_038.txt,"['creative', 'fun']",['impossible']
v_bc45a4a4-6e2d-44bc-a37c-9f68adca0a88,anon_83d581ca-5994-4c8f-a3df-9fa65c8fb089,4295954f-108f-4482-b964-cf0d9e0e36da,2026-01-27 00:52:36.137222+00:00,LEFT,original,notchParam,original::lvl-6.txt,notchParam::lvl-96.txt,"['creative', 'fun', 'impossible']",['boring']
v_e2fb9649-0f5e-4cc7-9592-3fc18f330be5,anon_83d581ca-5994-4c8f-a3df-9fa65c8fb089,717fd28b-16d0-4d50-95f7-38c92cb176cf,2026-01-27 00:50:41.323980+00:00,LEFT,hopper,notchParamRand,hopper::lvl-39.txt,notchParamRand::lvl-6.txt,[],['boring']
v_d0c9ed2f-515b-42b7-adc7-cb7d5022f7e3,anon_83d581ca-5994-4c8f-a3df-9fa65c8fb089,ab7341e1-3d4e-4a22-89c5-6cf1f36dc45a,2026-01-27 00:47:55.890556+00:00,TIE,notchParam,patternCount,notchParam::lvl-37.txt,patternCount::lvl-94.txt,"['boring', 'too_easy']",['impossible']
v_2f927f12-756c-4cbb-8cce-5021e27877ac,anon_83d581ca-5994-4c8f-a3df-9fa65c8fb089,79fa0e47-5865-411f-8857-613ea4ac4ea6,2026-01-27 00:43:35.618832+00:00,TIE,notch,ore,notch::lvl-19.txt,ore::lvl-72.txt,['fun'],['fun']
v_ab87e1c2-1995-41ad-8718-2243ddcb77b9,anon_83d581ca-5994-4c8f-a3df-9fa65c8fb089,6c4e877b-9b9b-4743-a44d-abcce25978df,2026-01-27 00:40:53.945079+00:00,LEFT,mariogan,mariogpt,mariogan::level_56.txt,mariogpt::level_071.txt,"['creative', 'fun']","['creative', 'impossible']"
v_9f35c900-3664-4549-a981-24f742e92a2d,anon_83d581ca-5994-4c8f-a3df-9fa65c8fb089,a8f166fc-6693-44d2-bb7c-f7b167315518,2026-01-27 00:37:09.613364+00:00,LEFT,mariogan,notchParamRand,mariogan::level_84.txt,notchParamRand::lvl-41.txt,['broken_graphics'],['boring']
v_520ac609-280d-4116-a2d9-445355062910,anon_83d581ca-5994-4c8f-a3df-9fa65c8fb089,f709c9f1-dbc3-40e3-804c-3aa9d92c1f92,2026-01-27 00:35:02.599966+00:00,TIE,notch,original,notch::lvl-58.txt,original::lvl-5.txt,[],[]
v_e985f794-cb4b-4719-b769-788699633b32,anon_83d581ca-5994-4c8f-a3df-9fa65c8fb089,89019710-60d1-4c9e-932b-f96dc0448302,2026-01-27 00:33:42.258389+00:00,LEFT,original,patternWeightCount,original::lvl-1.txt,patternWeightCount::lvl-59.txt,"['creative', 'fun']","['fun', 'too_hard']"
v_267b4214-ce80-4b4d-b4ca-492c71e0d557,anon_83d581ca-5994-4c8f-a3df-9fa65c8fb089,df71ab97-6b85-4ca2-98ee-3d4a50a9f64a,2026-01-27 00:24:28.061210+00:00,LEFT,patternWeightCount,notch,patternWeightCount::lvl-48.txt,notch::lvl-52.txt,"['creative', 'fun']",['fun']
v_58b32880-dab7-422e-b5d2-b2bbd2dde19a,anon_83d581ca-5994-4c8f-a3df-9fa65c8fb089,5e958033-f287-476b-bec4-c106c7aaeeae,2026-01-27 00:16:17.055610+00:00,RIGHT,marioDiffusion,patternCount,marioDiffusion::level_74.txt,patternCount::lvl-37.txt,['impossible'],['too_hard']
v_dbcc5656-70a7-4b55-b3eb-cb234875541b,anon_83d581ca-5994-4c8f-a3df-9fa65c8fb089,bd27d73c-66c3-4749-905f-9af3378a040c,2026-01-27 00:12:55.913329+00:00,RIGHT,notchParam,patternOccur,notchParam::lvl-36.txt,patternOccur::lvl-83.txt,"['boring', 'too_hard']","['fun', 'too_hard']"
v_8922cc76-5896-4ebc-943b-6a4a3b875d4e,anon_83d581ca-5994-4c8f-a3df-9fa65c8fb089,41b0d154-ea8c-4d50-afb5-3caa01b54152,2026-01-27 00:09:37.528939+00:00,TIE,marioDiffusion,mariogpt,marioDiffusion::level_80.txt,mariogpt::level_088.txt,['impossible'],['impossible']
v_9beb27ec-69f2-4392-84fa-01483cc8551a,anon_83d581ca-5994-4c8f-a3df-9fa65c8fb089,3e4cf9f5-7ec6-4750-b9ba-bc0c864dd594,2026-01-27 00:07:57.936231+00:00,SKIP,notchParam,ore,notchParam::lvl-58.txt,ore::lvl-61.txt,"['fun', 'too_easy']",[]
v_fa07efcb-8a00-4782-8249-9df85be03a0c,anon_83d581ca-5994-4c8f-a3df-9fa65c8fb089,931a2fd4-1761-4367-b41d-94d32651105c,2026-01-27 00:06:20.888432+00:00,TIE,marioDiffusion,notchParam,marioDiffusion::level_22.txt,notchParam::lvl-67.txt,['impossible'],['impossible']
v_8a665c90-c2a5-43b5-bc34-15194823051a,anon_7f556d66-9db3-4f99-890e-799fd9038dfc,98c4e17c-9287-4036-a0b3-70120acd4c84,2026-01-26 21:06:13.180073+00:00,RIGHT,patternCount,mariogpt,patternCount::lvl-83.txt,mariogpt::level_050.txt,[],[]
v_3025b103-d5e3-4a1e-a767-dfae3c118d50,anon_7f556d66-9db3-4f99-890e-799fd9038dfc,050a88ba-4959-45d6-a61e-b5e0d06ca2a5,2026-01-26 21:04:25.570885+00:00,RIGHT,notchParamRand,mariogpt,notchParamRand::lvl-97.txt,mariogpt::level_029.txt,[],[]
v_465f3438-008c-4244-9ac5-522ce0f061d4,anon_7f556d66-9db3-4f99-890e-799fd9038dfc,050a88ba-4959-45d6-a61e-b5e0d06ca2a5,2026-01-26 21:04:02.757503+00:00,TIE,original,marioDiffusion,original::lvl-3.txt,marioDiffusion::level_50.txt,[],[]
v_2f8bf3f8-6dfc-4daa-9f4a-a3a434c3d190,anon_7f556d66-9db3-4f99-890e-799fd9038dfc,050a88ba-4959-45d6-a61e-b5e0d06ca2a5,2026-01-26 21:03:30.154874+00:00,RIGHT,hopper,notch,hopper::lvl-65.txt,notch::lvl-25.txt,[],[]
v_5d48dad1-d115-4910-8a3c-aa84c8ee3cf4,anon_7f556d66-9db3-4f99-890e-799fd9038dfc,050a88ba-4959-45d6-a61e-b5e0d06ca2a5,2026-01-26 21:03:22.095532+00:00,RIGHT,notchParam,original,notchParam::lvl-92.txt,original::lvl-13.txt,[],[]
v_0155b8aa-1be2-4912-908b-4629ee287bd4,anon_7f556d66-9db3-4f99-890e-799fd9038dfc,050a88ba-4959-45d6-a61e-b5e0d06ca2a5,2026-01-26 21:03:09.055129+00:00,RIGHT,patternWeightCount,mariogan,patternWeightCount::lvl-43.txt,mariogan::level_2.txt,[],[]
v_b427ef9f-ab3d-4d4f-b069-d7f968724b06,anon_7f556d66-9db3-4f99-890e-799fd9038dfc,58b108f0-ccf8-46ce-b6e3-bf15fb2cb731,2026-01-26 20:54:57.721940+00:00,RIGHT,patternOccur,patternCount,patternOccur::lvl-96.txt,patternCount::lvl-68.txt,[],[]
v_a19350fd-bf63-4408-b626-9b6eeef23aed,anon_7f556d66-9db3-4f99-890e-799fd9038dfc,6d06b0af-7291-445c-b05f-006ba99b3bb3,2026-01-26 20:53:42.874185+00:00,LEFT,mariogan,notchParamRand,mariogan::level_40.txt,notchParamRand::lvl-4.txt,[],[]
v_c0b00cd8-1d57-4360-8aac-9462f59ea675,anon_7f556d66-9db3-4f99-890e-799fd9038dfc,21eac70b-77ec-4037-ba2e-17c95f4327df,2026-01-26 20:52:37.753800+00:00,LEFT,ore,notchParam,ore::lvl-2.txt,notchParam::lvl-14.txt,[],[]
v_723aebc0-75fe-4020-8142-4e4e82f4aadc,anon_7f556d66-9db3-4f99-890e-799fd9038dfc,21eac70b-77ec-4037-ba2e-17c95f4327df,2026-01-26 20:51:30.360497+00:00,LEFT,patternWeightCount,mariogpt,patternWeightCount::lvl-27.txt,mariogpt::level_067.txt,[],['impossible']
v_f45ed129-97a9-4269-9853-7db276fac802,anon_7f556d66-9db3-4f99-890e-799fd9038dfc,21eac70b-77ec-4037-ba2e-17c95f4327df,2026-01-26 20:51:20.528832+00:00,LEFT,notch,patternCount,notch::lvl-64.txt,patternCount::lvl-30.txt,[],[]
v_0d817a87-6ddd-4c4e-823d-cfc37dc0c370,anon_7f556d66-9db3-4f99-890e-799fd9038dfc,21eac70b-77ec-4037-ba2e-17c95f4327df,2026-01-26 20:51:11.394225+00:00,RIGHT,patternOccur,mariogpt,patternOccur::lvl-7.txt,mariogpt::level_090.txt,[],[]
v_f75c598e-b9fb-488e-9419-b5ea6fa0dc3e,anon_7f556d66-9db3-4f99-890e-799fd9038dfc,21eac70b-77ec-4037-ba2e-17c95f4327df,2026-01-26 20:51:01.917683+00:00,LEFT,genetic,mariogpt,genetic::lvl-87.txt,mariogpt::level_051.txt,[],[]
v_af83313b-2a1e-4222-822e-ac518429eff4,anon_64941084-f829-4939-8305-bb3433681a53,4e2fccdd-26ec-43b4-9576-20e903e82f28,2026-01-26 11:27:53.805087+00:00,RIGHT,notchParam,ore,notchParam::lvl-18.txt,ore::lvl-74.txt,['boring'],[]
v_c214e8dd-e6bc-4a97-ba78-e8aca10d6ffe,anon_64941084-f829-4939-8305-bb3433681a53,4e2fccdd-26ec-43b4-9576-20e903e82f28,2026-01-26 11:26:23.455471+00:00,RIGHT,hopper,original,hopper::lvl-25.txt,original::lvl-13.txt,['boring'],"['creative', 'fun']"
v_e974bf47-1b1c-45d5-ba13-a2c0bf905c37,anon_64941084-f829-4939-8305-bb3433681a53,4e2fccdd-26ec-43b4-9576-20e903e82f28,2026-01-26 11:24:26.451268+00:00,LEFT,notch,patternCount,notch::lvl-10.txt,patternCount::lvl-24.txt,[],['impossible']
v_bead6f1b-875a-4292-8f57-57ce1fd828fd,anon_64941084-f829-4939-8305-bb3433681a53,4e2fccdd-26ec-43b4-9576-20e903e82f28,2026-01-26 11:24:07.397100+00:00,LEFT,patternOccur,marioDiffusion,patternOccur::lvl-5.txt,marioDiffusion::level_100.txt,['too_hard'],['impossible']
v_917fa1e4-4087-41af-9290-930aa001bd92,anon_64941084-f829-4939-8305-bb3433681a53,4e2fccdd-26ec-43b4-9576-20e903e82f28,2026-01-26 11:22:44.137123+00:00,LEFT,notchParamRand,patternCount,notchParamRand::lvl-1.txt,patternCount::lvl-65.txt,['boring'],['too_hard']
v_e14148ab-3027-4cbc-8b36-d405e554790f,anon_64941084-f829-4939-8305-bb3433681a53,4e2fccdd-26ec-43b4-9576-20e903e82f28,2026-01-26 11:21:31.460180+00:00,RIGHT,notchParam,genetic,notchParam::lvl-97.txt,genetic::lvl-62.txt,['boring'],['boring']
v_3002014c-4a6b-4f46-888f-ae7123aa69d9,anon_64941084-f829-4939-8305-bb3433681a53,4e2fccdd-26ec-43b4-9576-20e903e82f28,2026-01-26 11:20:56.187988+00:00,RIGHT,patternWeightCount,ore,patternWeightCount::lvl-27.txt,ore::lvl-99.txt,['too_hard'],[]
v_9b2f14ef-4880-4edf-bf67-101da54ec91d,anon_64941084-f829-4939-8305-bb3433681a53,4e2fccdd-26ec-43b4-9576-20e903e82f28,2026-01-26 11:20:26.605774+00:00,TIE,marioDiffusion,patternWeightCount,marioDiffusion::level_72.txt,patternWeightCount::lvl-18.txt,['too_hard'],['too_hard']
v_43fc8cb2-4f98-4281-8f00-349ffc2daa5b,anon_64941084-f829-4939-8305-bb3433681a53,4e2fccdd-26ec-43b4-9576-20e903e82f28,2026-01-26 11:20:03.293007+00:00,LEFT,ore,notchParamRand,ore::lvl-28.txt,notchParamRand::lvl-66.txt,[],['boring']
v_d5934ffa-676d-4a94-89a3-bc58be5a8107,anon_64941084-f829-4939-8305-bb3433681a53,4e2fccdd-26ec-43b4-9576-20e903e82f28,2026-01-26 11:18:03.206687+00:00,TIE,mariogan,hopper,mariogan::level_85.txt,hopper::lvl-39.txt,[],[]
v_7b98fadf-4109-4b65-aa4c-7ad34550e847,anon_64941084-f829-4939-8305-bb3433681a53,4e2fccdd-26ec-43b4-9576-20e903e82f28,2026-01-26 11:17:37.777932+00:00,RIGHT,marioDiffusion,original,marioDiffusion::level_36.txt,original::lvl-13.txt,['boring'],"['creative', 'fun']"
v_27018d84-5339-4bed-a39c-f880f6a26a33,anon_64941084-f829-4939-8305-bb3433681a53,4e2fccdd-26ec-43b4-9576-20e903e82f28,2026-01-26 11:16:02.771613+00:00,RIGHT,patternWeightCount,notchParamRand,patternWeightCount::lvl-87.txt,notchParamRand::lvl-4.txt,[],[]
v_c7b4bb1f-9452-4101-8b03-56295a9d1884,anon_87480ecb-d1df-459f-8b06-90b40ac24e5f,cbdfec28-59e5-4a2f-894e-5b76dc4ad0c7,2026-01-26 07:41:57.073655+00:00,RIGHT,patternOccur,notchParamRand,patternOccur::lvl-21.txt,notchParamRand::lvl-2.txt,['impossible'],['boring']
v_6a8aa1ad-b2d7-4647-ac4a-d9f489a70db9,anon_87480ecb-d1df-459f-8b06-90b40ac24e5f,cbdfec28-59e5-4a2f-894e-5b76dc4ad0c7,2026-01-26 07:41:09.812314+00:00,LEFT,ore,patternCount,ore::lvl-19.txt,patternCount::lvl-25.txt,['too_hard'],['impossible']
v_4d520fcc-78cd-434b-9b45-85ba8e30dfbf,anon_87480ecb-d1df-459f-8b06-90b40ac24e5f,cbdfec28-59e5-4a2f-894e-5b76dc4ad0c7,2026-01-26 07:40:43.310628+00:00,RIGHT,marioDiffusion,original,marioDiffusion::level_84.txt,original::lvl-12.txt,['impossible'],['creative']
v_04c497cd-1186-4dc9-b3ec-ec0bb97538f2,anon_87480ecb-d1df-459f-8b06-90b40ac24e5f,cbdfec28-59e5-4a2f-894e-5b76dc4ad0c7,2026-01-26 07:39:51.061032+00:00,RIGHT,notchParamRand,notchParam,notchParamRand::lvl-95.txt,notchParam::lvl-63.txt,"['boring', 'too_easy']",['fun']
v_ed8056a8-b8ee-4976-8fb6-63161e9ef5f6,anon_87480ecb-d1df-459f-8b06-90b40ac24e5f,cbdfec28-59e5-4a2f-894e-5b76dc4ad0c7,2026-01-26 07:38:42.425238+00:00,LEFT,original,notch,original::lvl-4.txt,notch::lvl-35.txt,['creative'],['fun']
v_542a0920-7409-4708-b38f-563cf159aaa8,anon_87480ecb-d1df-459f-8b06-90b40ac24e5f,cbdfec28-59e5-4a2f-894e-5b76dc4ad0c7,2026-01-26 07:35:40.991092+00:00,LEFT,mariogpt,patternCount,mariogpt::level_076.txt,patternCount::lvl-55.txt,"['broken_graphics', 'creative']",['too_hard']
v_242bd9bc-fd9a-4d24-8583-1ad329e371af,anon_87480ecb-d1df-459f-8b06-90b40ac24e5f,cbdfec28-59e5-4a2f-894e-5b76dc4ad0c7,2026-01-26 07:34:21.521634+00:00,RIGHT,marioDiffusion,hopper,marioDiffusion::level_95.txt,hopper::lvl-16.txt,['impossible'],['fun']
v_4de01ea1-f70f-447b-8ce2-15b6f5511f30,anon_87480ecb-d1df-459f-8b06-90b40ac24e5f,cbdfec28-59e5-4a2f-894e-5b76dc4ad0c7,2026-01-26 07:32:49.648222+00:00,RIGHT,marioDiffusion,mariogpt,marioDiffusion::level_97.txt,mariogpt::level_046.txt,['impossible'],[]
v_a20e16e6-a8b9-4eb5-9c8e-8069437e41d6,anon_87480ecb-d1df-459f-8b06-90b40ac24e5f,cbdfec28-59e5-4a2f-894e-5b76dc4ad0c7,2026-01-26 07:31:00.625553+00:00,LEFT,patternWeightCount,notchParam,patternWeightCount::lvl-21.txt,notchParam::lvl-78.txt,['fun'],[]
v_1d63da56-f0dd-4d3b-bd66-6000cee7e1be,anon_87480ecb-d1df-459f-8b06-90b40ac24e5f,cbdfec28-59e5-4a2f-894e-5b76dc4ad0c7,2026-01-26 07:26:40.130501+00:00,LEFT,marioDiffusion,mariogpt,marioDiffusion::level_56.txt,mariogpt::level_055.txt,['impossible'],['impossible']
v_b0a506d3-3ffd-47b3-89a7-ce37adbf79f8,anon_87480ecb-d1df-459f-8b06-90b40ac24e5f,cbdfec28-59e5-4a2f-894e-5b76dc4ad0c7,2026-01-26 07:25:35.619610+00:00,RIGHT,mariogpt,original,mariogpt::level_086.txt,original::lvl-14.txt,"['creative', 'impossible']",[]
v_3a8bd5df-06e0-4b28-95c8-59fc9b30232a,anon_87480ecb-d1df-459f-8b06-90b40ac24e5f,cbdfec28-59e5-4a2f-894e-5b76dc4ad0c7,2026-01-26 07:24:23.858020+00:00,LEFT,patternOccur,hopper,patternOccur::lvl-98.txt,hopper::lvl-87.txt,[],[]
v_80e4665f-4d1b-4ec5-acc4-815b467e91a6,anon_87480ecb-d1df-459f-8b06-90b40ac24e5f,cbdfec28-59e5-4a2f-894e-5b76dc4ad0c7,2026-01-26 07:23:13.873990+00:00,RIGHT,patternCount,notchParamRand,patternCount::lvl-27.txt,notchParamRand::lvl-56.txt,['too_hard'],[]
v_42b75bf9-d740-44b4-94b6-98ee54f04a82,anon_87480ecb-d1df-459f-8b06-90b40ac24e5f,cbdfec28-59e5-4a2f-894e-5b76dc4ad0c7,2026-01-26 07:22:53.431495+00:00,RIGHT,mariogan,notchParamRand,mariogan::level_72.txt,notchParamRand::lvl-82.txt,['too_hard'],['fun']
v_e78a9682-dcb6-4498-b318-e4df5d8d9228,anon_87480ecb-d1df-459f-8b06-90b40ac24e5f,cbdfec28-59e5-4a2f-894e-5b76dc4ad0c7,2026-01-26 07:21:44.527596+00:00,RIGHT,patternWeightCount,original,patternWeightCount::lvl-97.txt,original::lvl-8.txt,['too_hard'],[]
v_878ce4d8-ed03-4c89-8ee0-da932654bc0b,anon_87480ecb-d1df-459f-8b06-90b40ac24e5f,cbdfec28-59e5-4a2f-894e-5b76dc4ad0c7,2026-01-26 07:20:37.255954+00:00,RIGHT,notch,genetic,notch::lvl-37.txt,genetic::lvl-41.txt,['boring'],[]
v_bb9216e8-3970-4984-96bc-e9c257a0191a,anon_87480ecb-d1df-459f-8b06-90b40ac24e5f,cbdfec28-59e5-4a2f-894e-5b76dc4ad0c7,2026-01-26 07:19:16.734477+00:00,TIE,mariogan,mariogpt,mariogan::level_23.txt,mariogpt::level_024.txt,['impossible'],['impossible']
v_f51ba883-a674-4a1f-9f73-987a075df799,anon_87480ecb-d1df-459f-8b06-90b40ac24e5f,cbdfec28-59e5-4a2f-894e-5b76dc4ad0c7,2026-01-26 07:18:43.804786+00:00,RIGHT,ore,mariogan,ore::lvl-87.txt,mariogan::level_18.txt,[],['broken_graphics']
v_40ffb72a-e414-46b3-acd9-30979121f2c4,anon_74d12fb2-49f1-4452-83bc-5be72866032d,063b784e-e13c-4edc-a88c-2e07a5daa26b,2026-01-25 23:57:18.738212+00:00,RIGHT,mariogan,ore,mariogan::level_88.txt,ore::lvl-82.txt,[],[]
v_484cb189-1e87-419d-96b7-13564a6e2d0c,anon_74d12fb2-49f1-4452-83bc-5be72866032d,063b784e-e13c-4edc-a88c-2e07a5daa26b,2026-01-25 23:56:32.485406+00:00,RIGHT,hopper,notchParam,hopper::lvl-13.txt,notchParam::lvl-54.txt,[],[]
v_b7db2e24-7fe3-48d4-96f2-1ab7ae6091c3,anon_74d12fb2-49f1-4452-83bc-5be72866032d,063b784e-e13c-4edc-a88c-2e07a5daa26b,2026-01-25 23:56:13.106025+00:00,RIGHT,mariogpt,ore,mariogpt::level_098.txt,ore::lvl-65.txt,[],[]
v_5eba00ca-5d64-4fa8-a64d-91184b291c0d,anon_74d12fb2-49f1-4452-83bc-5be72866032d,7a2334cd-d94a-40da-9901-2d28720696f3,2026-01-25 23:55:37.059123+00:00,TIE,patternCount,patternOccur,patternCount::lvl-72.txt,patternOccur::lvl-92.txt,[],[]
v_dabf18ea-efb8-4517-85e6-8b8a583d92d8,anon_1215d783-74a2-4353-879b-fcd79a34cc93,93982e4e-cd28-49ed-9db0-5129bede5ada,2026-01-25 23:08:05.152159+00:00,LEFT,notch,genetic,notch::lvl-5.txt,genetic::lvl-39.txt,[],[]
v_00cf38b5-7cdb-4b6a-9581-84e18bbc7f07,anon_64941084-f829-4939-8305-bb3433681a53,012ba9ef-4f5a-4e4c-a682-adbd9d843355,2026-01-25 21:49:00.681711+00:00,LEFT,original,patternWeightCount,original::lvl-11.txt,patternWeightCount::lvl-91.txt,[],[]
v_ef838fd2-f9fc-4186-868b-7b9a7cb86fd8,anon_64941084-f829-4939-8305-bb3433681a53,012ba9ef-4f5a-4e4c-a682-adbd9d843355,2026-01-25 21:48:47.175081+00:00,RIGHT,notch,original,notch::lvl-63.txt,original::lvl-3.txt,[],['fun']
v_54f28d5c-1232-4ddd-a55c-e3438c1ee273,anon_64941084-f829-4939-8305-bb3433681a53,012ba9ef-4f5a-4e4c-a682-adbd9d843355,2026-01-25 21:47:43.331843+00:00,RIGHT,mariogpt,notch,mariogpt::level_063.txt,notch::lvl-42.txt,['too_hard'],['too_easy']
v_cbbd96ff-4d2d-49c4-8d9d-fa24bd692cfc,anon_64941084-f829-4939-8305-bb3433681a53,012ba9ef-4f5a-4e4c-a682-adbd9d843355,2026-01-25 21:46:45.356945+00:00,SKIP,hopper,ore,hopper::lvl-87.txt,ore::lvl-42.txt,[],[]
v_23c86460-4fc5-46b3-bbad-2f9314b3fe1e,anon_64941084-f829-4939-8305-bb3433681a53,012ba9ef-4f5a-4e4c-a682-adbd9d843355,2026-01-25 21:46:27.090963+00:00,RIGHT,patternCount,patternOccur,patternCount::lvl-22.txt,patternOccur::lvl-82.txt,['too_hard'],[]
v_ef676985-efb7-43ae-beee-26a488c7f082,anon_64941084-f829-4939-8305-bb3433681a53,012ba9ef-4f5a-4e4c-a682-adbd9d843355,2026-01-25 21:46:07.978966+00:00,RIGHT,patternCount,genetic,patternCount::lvl-21.txt,genetic::lvl-76.txt,[],[]
v_43b7ed8e-3443-446c-ba72-4cae21878bcf,anon_64941084-f829-4939-8305-bb3433681a53,012ba9ef-4f5a-4e4c-a682-adbd9d843355,2026-01-25 21:45:05.009628+00:00,LEFT,ore,mariogan,ore::lvl-28.txt,mariogan::level_70.txt,[],['broken_graphics']
v_fae6951d-97eb-4537-9913-3ac6b75306de,anon_64941084-f829-4939-8305-bb3433681a53,012ba9ef-4f5a-4e4c-a682-adbd9d843355,2026-01-25 21:44:30.115863+00:00,RIGHT,hopper,mariogpt,hopper::lvl-24.txt,mariogpt::level_008.txt,[],[]
v_1990e17a-f912-4394-b688-05dc926f2175,anon_64941084-f829-4939-8305-bb3433681a53,012ba9ef-4f5a-4e4c-a682-adbd9d843355,2026-01-25 21:43:28.932536+00:00,TIE,notchParam,marioDiffusion,notchParam::lvl-91.txt,marioDiffusion::level_13.txt,['boring'],['boring']
v_698d547c-e5ec-4dd6-a1d6-a301cf072fd8,anon_64941084-f829-4939-8305-bb3433681a53,012ba9ef-4f5a-4e4c-a682-adbd9d843355,2026-01-25 21:43:09.788578+00:00,TIE,genetic,ore,genetic::lvl-66.txt,ore::lvl-31.txt,['too_easy'],['too_hard']
v_68a655d5-e7c9-4e32-aef0-c03dab8c98e6,anon_64941084-f829-4939-8305-bb3433681a53,012ba9ef-4f5a-4e4c-a682-adbd9d843355,2026-01-25 21:42:32.821423+00:00,TIE,notch,patternWeightCount,notch::lvl-75.txt,patternWeightCount::lvl-21.txt,[],[]
v_fa184109-71d7-46ed-842e-82fb41a93247,anon_64941084-f829-4939-8305-bb3433681a53,012ba9ef-4f5a-4e4c-a682-adbd9d843355,2026-01-25 21:42:13.880008+00:00,SKIP,hopper,mariogan,hopper::lvl-56.txt,mariogan::level_97.txt,[],[]
v_f85a0e83-4cea-45bb-830d-ac293d98ee3e,anon_64941084-f829-4939-8305-bb3433681a53,012ba9ef-4f5a-4e4c-a682-adbd9d843355,2026-01-25 21:42:00.334756+00:00,SKIP,notchParam,mariogan,notchParam::lvl-8.txt,mariogan::level_76.txt,[],[]
v_3b2b9629-6197-4ae9-88d8-f87edfb7f189,anon_64941084-f829-4939-8305-bb3433681a53,012ba9ef-4f5a-4e4c-a682-adbd9d843355,2026-01-25 21:41:27.746725+00:00,LEFT,original,ore,original::lvl-11.txt,ore::lvl-61.txt,[],[]
v_a62e8613-1a6f-4cd9-9895-43ffa50de55e,anon_64941084-f829-4939-8305-bb3433681a53,012ba9ef-4f5a-4e4c-a682-adbd9d843355,2026-01-25 21:41:09.306281+00:00,TIE,patternOccur,genetic,patternOccur::lvl-22.txt,genetic::lvl-97.txt,['too_hard'],['boring']
v_48e558fa-051c-42cf-bd5a-b1bbf11aa503,anon_64941084-f829-4939-8305-bb3433681a53,012ba9ef-4f5a-4e4c-a682-adbd9d843355,2026-01-25 21:40:31.724945+00:00,TIE,patternWeightCount,ore,patternWeightCount::lvl-15.txt,ore::lvl-70.txt,[],[]
v_e38a6ad8-89ab-4624-a13d-c62ddabf6098,anon_64941084-f829-4939-8305-bb3433681a53,012ba9ef-4f5a-4e4c-a682-adbd9d843355,2026-01-25 21:39:50.672953+00:00,RIGHT,genetic,hopper,genetic::lvl-43.txt,hopper::lvl-18.txt,[],[]
v_3e3bd358-21d6-458b-90d1-b4de4fb07199,anon_64941084-f829-4939-8305-bb3433681a53,012ba9ef-4f5a-4e4c-a682-adbd9d843355,2026-01-25 21:39:00.354293+00:00,LEFT,original,notchParam,original::lvl-7.txt,notchParam::lvl-57.txt,"['creative', 'fun']",['boring']
v_ed6030ad-d138-4461-8e2d-20e9fada50df,anon_64941084-f829-4939-8305-bb3433681a53,012ba9ef-4f5a-4e4c-a682-adbd9d843355,2026-01-25 21:36:51.389877+00:00,RIGHT,patternOccur,genetic,patternOccur::lvl-24.txt,genetic::lvl-87.txt,['too_hard'],[]
v_15449013-8f9e-49f1-8ba2-d3ff3d58d196,anon_64941084-f829-4939-8305-bb3433681a53,012ba9ef-4f5a-4e4c-a682-adbd9d843355,2026-01-25 21:36:28.655012+00:00,RIGHT,hopper,notchParamRand,hopper::lvl-54.txt,notchParamRand::lvl-34.txt,[],['fun']
v_9f1daec2-8ff9-4542-9fc0-0576a8480d07,anon_64941084-f829-4939-8305-bb3433681a53,012ba9ef-4f5a-4e4c-a682-adbd9d843355,2026-01-25 21:34:34.979594+00:00,RIGHT,patternOccur,notch,patternOccur::lvl-87.txt,notch::lvl-39.txt,['too_hard'],[]
v_0f46610c-ad42-47c4-80fa-2c907d23f02a,anon_64941084-f829-4939-8305-bb3433681a53,b3860798-6f2f-4f51-b1dc-c818f3c95e49,2026-01-25 21:32:56.366467+00:00,LEFT,patternOccur,marioDiffusion,patternOccur::lvl-75.txt,marioDiffusion::level_83.txt,[],['impossible']
v_76d1fa6b-18bc-4b06-9fdb-938326c8d798,anon_64941084-f829-4939-8305-bb3433681a53,b3860798-6f2f-4f51-b1dc-c818f3c95e49,2026-01-25 21:32:06.545484+00:00,LEFT,patternCount,marioDiffusion,patternCount::lvl-18.txt,marioDiffusion::level_93.txt,['fun'],['impossible']
v_ea3434c5-b387-41a6-8801-f189184c12b5,anon_64941084-f829-4939-8305-bb3433681a53,b3860798-6f2f-4f51-b1dc-c818f3c95e49,2026-01-25 21:31:32.816441+00:00,LEFT,hopper,genetic,hopper::lvl-32.txt,genetic::lvl-32.txt,[],[]
v_86d0ae8e-be40-46d8-a3fa-4442ba0d846c,anon_64941084-f829-4939-8305-bb3433681a53,b3860798-6f2f-4f51-b1dc-c818f3c95e49,2026-01-25 21:30:12.809304+00:00,TIE,notchParamRand,mariogpt,notchParamRand::lvl-85.txt,mariogpt::level_025.txt,['boring'],['impossible']
v_e5fc7bd1-0e52-45c0-bc8e-01a786c67ebf,anon_64941084-f829-4939-8305-bb3433681a53,b3860798-6f2f-4f51-b1dc-c818f3c95e49,2026-01-25 21:29:25.300504+00:00,LEFT,patternOccur,notchParamRand,patternOccur::lvl-47.txt,notchParamRand::lvl-31.txt,[],['too_easy']
v_a383ab0d-e234-46cf-9b04-08c76962e0ba,anon_64941084-f829-4939-8305-bb3433681a53,b3860798-6f2f-4f51-b1dc-c818f3c95e49,2026-01-25 21:27:06.420405+00:00,RIGHT,mariogpt,patternWeightCount,mariogpt::level_096.txt,patternWeightCount::lvl-78.txt,['impossible'],[]
v_44cfe105-28c9-4011-b197-be6cbbab5085,anon_64941084-f829-4939-8305-bb3433681a53,b3860798-6f2f-4f51-b1dc-c818f3c95e49,2026-01-25 21:26:27.852902+00:00,RIGHT,notchParam,marioDiffusion,notchParam::lvl-44.txt,marioDiffusion::level_38.txt,[],[]
v_b2d9b967-25a6-4288-96bd-01a729777929,anon_64941084-f829-4939-8305-bb3433681a53,b3860798-6f2f-4f51-b1dc-c818f3c95e49,2026-01-25 21:25:35.245377+00:00,LEFT,ore,notchParam,ore::lvl-23.txt,notchParam::lvl-33.txt,['fun'],"['boring', 'too_easy']"
v_4c847de3-5b27-449d-87d2-77f4fee9b1ef,anon_64941084-f829-4939-8305-bb3433681a53,b3860798-6f2f-4f51-b1dc-c818f3c95e49,2026-01-25 21:23:57.238687+00:00,SKIP,notchParam,ore,notchParam::lvl-87.txt,ore::lvl-8.txt,['boring'],[]
v_a457a779-c4d7-4cdd-8183-37826f6e65f9,anon_2a765e61-6b3f-4252-b1c5-6d98636be2a3,1a8711b7-33e9-4fa2-a4d5-abb19e0a2592,2026-01-25 21:02:50.838203+00:00,TIE,patternCount,patternOccur,patternCount::lvl-42.txt,patternOccur::lvl-46.txt,['broken_graphics'],['broken_graphics']
v_443af14d-f2e1-4c39-a903-44793c85c35c,anon_2a765e61-6b3f-4252-b1c5-6d98636be2a3,1a8711b7-33e9-4fa2-a4d5-abb19e0a2592,2026-01-25 21:02:10.521853+00:00,RIGHT,marioDiffusion,patternCount,marioDiffusion::level_82.txt,patternCount::lvl-16.txt,['boring'],"['creative', 'fun']"
v_8ac9a887-1588-487c-aaed-09f1de4c7356,anon_2a765e61-6b3f-4252-b1c5-6d98636be2a3,1a8711b7-33e9-4fa2-a4d5-abb19e0a2592,2026-01-25 21:01:51.235337+00:00,LEFT,original,notchParamRand,original::lvl-2.txt,notchParamRand::lvl-71.txt,['fun'],['boring']
v_fc4cb54e-7edb-4368-93aa-e24fbea7a297,anon_2a765e61-6b3f-4252-b1c5-6d98636be2a3,1a8711b7-33e9-4fa2-a4d5-abb19e0a2592,2026-01-25 21:00:58.433604+00:00,TIE,notchParamRand,mariogan,notchParamRand::lvl-47.txt,mariogan::level_45.txt,"['boring', 'too_easy']","['broken_graphics', 'fun']"
v_6da51035-dcc6-478d-8d58-1ea15ed1602a,anon_83d581ca-5994-4c8f-a3df-9fa65c8fb089,f0c2aa4e-b3f6-4b5f-8871-a8e02115141c,2026-01-25 20:05:09.507720+00:00,SKIP,notchParam,hopper,notchParam::lvl-53.txt,hopper::lvl-56.txt,[],[]
v_77a213fa-911c-4963-b798-1261725c67db,anon_da3fe352-7fe7-4aa3-ab89-c9563b352180,75c46a44-2eac-44ce-91e6-b0b3377ab865,2026-01-25 19:57:29.656865+00:00,LEFT,notchParam,patternWeightCount,notchParam::lvl-27.txt,patternWeightCount::lvl-13.txt,['too_easy'],['broken_graphics']
v_120e8f0b-e4f9-4087-b406-5d6534fb86fd,anon_3a3c76ab-a931-42cd-84c4-ce44907cf135,bad48865-b7c8-4253-b50c-00c740571a8a,2026-01-25 19:11:06.318955+00:00,TIE,patternCount,patternWeightCount,patternCount::lvl-95.txt,patternWeightCount::lvl-24.txt,[],[]
v_a22014ba-9f52-4b86-80ff-4100d30b9fea,anon_3a3c76ab-a931-42cd-84c4-ce44907cf135,bad48865-b7c8-4253-b50c-00c740571a8a,2026-01-25 19:10:27.511401+00:00,TIE,notchParamRand,notch,notchParamRand::lvl-91.txt,notch::lvl-62.txt,[],[]
v_c1f2e564-1957-4f37-b392-d14005044cae,anon_3a3c76ab-a931-42cd-84c4-ce44907cf135,bad48865-b7c8-4253-b50c-00c740571a8a,2026-01-25 19:09:54.020940+00:00,LEFT,notchParamRand,marioDiffusion,notchParamRand::lvl-65.txt,marioDiffusion::level_45.txt,[],[]
v_8b295fa6-e151-480b-bc13-a6cdd6c1b098,anon_3a3c76ab-a931-42cd-84c4-ce44907cf135,bad48865-b7c8-4253-b50c-00c740571a8a,2026-01-25 19:09:47.153129+00:00,LEFT,mariogan,marioDiffusion,mariogan::level_76.txt,marioDiffusion::level_31.txt,[],[]
v_cd3b4eeb-8d76-404b-88b3-f342977705b2,anon_3a3c76ab-a931-42cd-84c4-ce44907cf135,bad48865-b7c8-4253-b50c-00c740571a8a,2026-01-25 19:09:23.674794+00:00,LEFT,notch,patternWeightCount,notch::lvl-50.txt,patternWeightCount::lvl-90.txt,[],[]
v_85ca6e9e-15fc-4b97-9363-d788c13b8751,anon_3a3c76ab-a931-42cd-84c4-ce44907cf135,bad48865-b7c8-4253-b50c-00c740571a8a,2026-01-25 19:09:13.635791+00:00,LEFT,patternWeightCount,marioDiffusion,patternWeightCount::lvl-100.txt,marioDiffusion::level_43.txt,[],[]
v_e7c15df5-6e99-4db5-842f-e4a2f6f1c1b5,anon_3a3c76ab-a931-42cd-84c4-ce44907cf135,bad48865-b7c8-4253-b50c-00c740571a8a,2026-01-25 19:08:41.148504+00:00,RIGHT,patternWeightCount,genetic,patternWeightCount::lvl-98.txt,genetic::lvl-55.txt,[],[]
v_07931830-2671-40a4-a9b4-c7c63dab9126,anon_3a3c76ab-a931-42cd-84c4-ce44907cf135,bad48865-b7c8-4253-b50c-00c740571a8a,2026-01-25 19:08:06.746317+00:00,RIGHT,notch,mariogpt,notch::lvl-7.txt,mariogpt::level_064.txt,[],[]
v_7a322780-2a82-427a-b742-ea23b65a5b87,anon_3a3c76ab-a931-42cd-84c4-ce44907cf135,bad48865-b7c8-4253-b50c-00c740571a8a,2026-01-25 19:07:18.615329+00:00,LEFT,patternWeightCount,notchParam,patternWeightCount::lvl-96.txt,notchParam::lvl-2.txt,[],[]
v_5a3d721b-ae90-4d79-974d-6d3e1e16f76a,anon_3a3c76ab-a931-42cd-84c4-ce44907cf135,bad48865-b7c8-4253-b50c-00c740571a8a,2026-01-25 19:06:48.427444+00:00,RIGHT,marioDiffusion,hopper,marioDiffusion::level_79.txt,hopper::lvl-67.txt,[],[]
v_52f722e8-727a-487d-ac47-ae62a36c2416,anon_24ee907a-2260-4563-bd6f-7059cfae587b,438e7409-2a4d-44cc-9825-7e59a74727b4,2026-01-25 18:34:46.234453+00:00,SKIP,notchParamRand,original,notchParamRand::lvl-99.txt,original::lvl-4.txt,[],[]
v_837bda69-a323-41a6-9603-7e00273415ee,anon_24ee907a-2260-4563-bd6f-7059cfae587b,438e7409-2a4d-44cc-9825-7e59a74727b4,2026-01-25 18:34:28.571390+00:00,SKIP,notch,patternCount,notch::lvl-55.txt,patternCount::lvl-90.txt,[],[]
v_74544ed1-4f64-4c0b-99ad-198a8f91b1a9,anon_83e5cc3f-ca0d-4351-93da-aa409d4cc716,e4d8faf5-e569-4c66-b86e-6fbee65c5b8b,2026-01-25 17:59:30.157351+00:00,SKIP,patternCount,patternOccur,patternCount::lvl-87.txt,patternOccur::lvl-25.txt,[],[]
v_a97f6fe2-d358-4e59-8e59-d947585d6270,anon_97ba4ed4-4810-43a5-b35c-3c565f6e3b3f,e27497d5-c1a9-4134-9f46-e31cada84557,2026-01-25 16:43:49.382361+00:00,RIGHT,notch,hopper,notch::lvl-76.txt,hopper::lvl-68.txt,[],[]
v_88d04fa6-a5c9-4ed5-810a-0bb6c1492f2f,anon_c1081429-74e2-44e0-a8e7-00f4bc8d73dd,c6d4ca90-d28b-4e16-8505-466b4dd1b0ed,2026-01-25 16:43:34.104418+00:00,LEFT,hopper,patternWeightCount,hopper::lvl-11.txt,patternWeightCount::lvl-83.txt,[],['impossible']
v_5c74ee9a-2196-4259-98b1-74940c88628f,anon_97ba4ed4-4810-43a5-b35c-3c565f6e3b3f,e27497d5-c1a9-4134-9f46-e31cada84557,2026-01-25 16:43:21.739259+00:00,LEFT,patternOccur,mariogan,patternOccur::lvl-54.txt,mariogan::level_23.txt,[],[]
v_79925667-694b-421f-b9b8-4d0018559c8c,anon_97ba4ed4-4810-43a5-b35c-3c565f6e3b3f,e27497d5-c1a9-4134-9f46-e31cada84557,2026-01-25 16:43:04.500489+00:00,TIE,patternCount,notchParam,patternCount::lvl-31.txt,notchParam::lvl-24.txt,['broken_graphics'],['impossible']
v_2cbe893e-9202-436d-a841-80d7d0ba4368,anon_97ba4ed4-4810-43a5-b35c-3c565f6e3b3f,e27497d5-c1a9-4134-9f46-e31cada84557,2026-01-25 16:42:24.197723+00:00,LEFT,notch,marioDiffusion,notch::lvl-98.txt,marioDiffusion::level_66.txt,[],[]
v_97a059bc-c0b6-49b2-b9fb-2ccbe8e52cd0,anon_c1081429-74e2-44e0-a8e7-00f4bc8d73dd,c6d4ca90-d28b-4e16-8505-466b4dd1b0ed,2026-01-25 16:41:59.993018+00:00,RIGHT,genetic,notch,genetic::lvl-60.txt,notch::lvl-25.txt,"['broken_graphics', 'too_hard']",['boring']
v_88c0f454-5c92-4810-81c3-f5521f037950,anon_1a445f28-14b0-47a9-85f7-4e751977f9f1,e4439e7e-63c1-452f-aa60-2319a60686c4,2026-01-25 16:14:42.653782+00:00,LEFT,original,notchParamRand,original::lvl-2.txt,notchParamRand::lvl-57.txt,[],[]
v_77f89a29-14f7-46d4-82de-e807fb16f3b5,anon_76ea3efa-14a6-4d8a-8824-adf702349ea1,3bb1cc67-feff-4f90-961b-a6f611658898,2026-01-25 16:09:25.488596+00:00,LEFT,ore,genetic,ore::lvl-19.txt,genetic::lvl-10.txt,[],[]
v_9043e227-5ffc-45a2-a375-a7f322509dc4,anon_a9445e2d-8170-40b8-bfa3-9fdf5b9366fb,1679d69d-69cb-4d60-bebd-e136f80868fd,2026-01-25 12:04:57.372401+00:00,LEFT,original,mariogan,original::lvl-3.txt,mariogan::level_2.txt,[],[]
v_cbef9bb5-5bbb-49e5-be83-c8aee97e32b2,anon_a9445e2d-8170-40b8-bfa3-9fdf5b9366fb,1679d69d-69cb-4d60-bebd-e136f80868fd,2026-01-25 12:04:35.542024+00:00,LEFT,notchParamRand,patternOccur,notchParamRand::lvl-89.txt,patternOccur::lvl-88.txt,[],[]
v_0d6f6786-8ce4-442b-8b0f-6fd23dd3044e,anon_a9445e2d-8170-40b8-bfa3-9fdf5b9366fb,1679d69d-69cb-4d60-bebd-e136f80868fd,2026-01-25 12:04:27.068827+00:00,RIGHT,patternOccur,notchParam,patternOccur::lvl-62.txt,notchParam::lvl-67.txt,[],[]
v_32c8b5c7-9d5f-467d-a7f9-5c9f63c96e62,anon_a9445e2d-8170-40b8-bfa3-9fdf5b9366fb,1679d69d-69cb-4d60-bebd-e136f80868fd,2026-01-25 11:52:02.846375+00:00,RIGHT,genetic,hopper,genetic::lvl-88.txt,hopper::lvl-52.txt,[],[]
v_9159896d-c737-4b41-908c-889e5e951316,anon_a9445e2d-8170-40b8-bfa3-9fdf5b9366fb,1679d69d-69cb-4d60-bebd-e136f80868fd,2026-01-25 11:51:52.946349+00:00,RIGHT,notch,ore,notch::lvl-46.txt,ore::lvl-11.txt,[],[]
v_98956eed-8388-4734-8d74-81385e99108e,anon_a9445e2d-8170-40b8-bfa3-9fdf5b9366fb,1679d69d-69cb-4d60-bebd-e136f80868fd,2026-01-25 11:51:13.356624+00:00,LEFT,marioDiffusion,patternWeightCount,marioDiffusion::level_63.txt,patternWeightCount::lvl-61.txt,[],[]
v_3ddd1661-fcce-409e-8f60-f0d2500639de,anon_a9445e2d-8170-40b8-bfa3-9fdf5b9366fb,899da27b-bae4-4c45-8f2e-f26e55cff6a5,2026-01-24 18:16:01.421636+00:00,LEFT,mariogan,marioDiffusion,mariogan::level_73.txt,marioDiffusion::level_75.txt,[],[]
v_ef4ca166-4911-4c21-ba9a-3c45d9acf9cc,anon_a9445e2d-8170-40b8-bfa3-9fdf5b9366fb,899da27b-bae4-4c45-8f2e-f26e55cff6a5,2026-01-24 18:15:53.901576+00:00,LEFT,notch,genetic,notch::lvl-91.txt,genetic::lvl-53.txt,[],[]
v_d3a56331-cd89-46b8-9eba-d06ed31a587e,anon_a9445e2d-8170-40b8-bfa3-9fdf5b9366fb,899da27b-bae4-4c45-8f2e-f26e55cff6a5,2026-01-24 18:15:42.258325+00:00,TIE,notchParam,patternCount,notchParam::lvl-31.txt,patternCount::lvl-46.txt,[],[]
v_b1aa8468-9432-40a1-b4e2-956bda04c8f1,anon_a9445e2d-8170-40b8-bfa3-9fdf5b9366fb,899da27b-bae4-4c45-8f2e-f26e55cff6a5,2026-01-24 18:15:07.378411+00:00,RIGHT,original,mariogpt,original::lvl-7.txt,mariogpt::level_083.txt,[],[]
v_7753719c-6f88-45fa-95e5-8c0aad8305fb,anon_a9445e2d-8170-40b8-bfa3-9fdf5b9366fb,26e99d87-3ee6-43f1-92d0-34dbb5e833f3,2026-01-24 09:53:04.484919+00:00,RIGHT,marioDiffusion,hopper,marioDiffusion::level_47.txt,hopper::lvl-32.txt,['impossible'],[]
v_eb7006ff-deaa-4502-96d0-4bf4622a0245,anon_a9445e2d-8170-40b8-bfa3-9fdf5b9366fb,26e99d87-3ee6-43f1-92d0-34dbb5e833f3,2026-01-24 09:52:46.063343+00:00,RIGHT,patternCount,genetic,patternCount::lvl-13.txt,genetic::lvl-2.txt,[],[]
v_5dfaf0cf-1949-4ffc-ad96-74ef146cd4b5,anon_a9445e2d-8170-40b8-bfa3-9fdf5b9366fb,26e99d87-3ee6-43f1-92d0-34dbb5e833f3,2026-01-24 09:52:33.966963+00:00,RIGHT,marioDiffusion,original,marioDiffusion::level_9.txt,original::lvl-5.txt,[],[]
v_813ad065-7286-401d-9213-8c1ad76eb0a3,anon_376d7289-fc63-4549-9336-2b8703819566,e3360d92-afbb-4eed-a781-a56f5b3ce2d8,2026-01-23 17:45:10.887080+00:00,RIGHT,ore,original,ore::lvl-33.txt,original::lvl-3.txt,[],[]
v_82cc8270-be75-444e-b304-0825e6421299,anon_376d7289-fc63-4549-9336-2b8703819566,e3360d92-afbb-4eed-a781-a56f5b3ce2d8,2026-01-23 17:44:47.537989+00:00,RIGHT,patternCount,notchParamRand,patternCount::lvl-17.txt,notchParamRand::lvl-14.txt,[],[]
v_c6d4a09d-5e2d-47d1-8df0-a2ff218a13a9,anon_376d7289-fc63-4549-9336-2b8703819566,e3360d92-afbb-4eed-a781-a56f5b3ce2d8,2026-01-23 17:44:04.308308+00:00,LEFT,patternWeightCount,notchParam,patternWeightCount::lvl-48.txt,notchParam::lvl-13.txt,[],[]
v_46572456-2040-4bd6-9c0a-c919692db149,anon_376d7289-fc63-4549-9336-2b8703819566,e3360d92-afbb-4eed-a781-a56f5b3ce2d8,2026-01-23 17:43:18.456920+00:00,RIGHT,patternOccur,genetic,patternOccur::lvl-10.txt,genetic::lvl-61.txt,[],[]
v_ac648c99-a2a6-4de5-b837-33ade81d7ec0,anon_376d7289-fc63-4549-9336-2b8703819566,e3360d92-afbb-4eed-a781-a56f5b3ce2d8,2026-01-23 17:43:10.475648+00:00,LEFT,ore,notchParam,ore::lvl-54.txt,notchParam::lvl-34.txt,[],[]
v_fde02001-3be8-4ae6-bad9-b765cb812e76,anon_376d7289-fc63-4549-9336-2b8703819566,e3360d92-afbb-4eed-a781-a56f5b3ce2d8,2026-01-23 17:42:29.502102+00:00,LEFT,hopper,patternWeightCount,hopper::lvl-68.txt,patternWeightCount::lvl-50.txt,[],[]
v_b49c3219-6455-4f84-a74c-1c7cf8148366,anon_376d7289-fc63-4549-9336-2b8703819566,e3360d92-afbb-4eed-a781-a56f5b3ce2d8,2026-01-23 17:41:45.471179+00:00,LEFT,original,patternOccur,original::lvl-11.txt,patternOccur::lvl-100.txt,[],[]
v_025f8ec8-b4b6-4167-aad8-f625a50ac671,anon_376d7289-fc63-4549-9336-2b8703819566,e3360d92-afbb-4eed-a781-a56f5b3ce2d8,2026-01-23 17:41:29.536119+00:00,RIGHT,marioDiffusion,mariogpt,marioDiffusion::level_94.txt,mariogpt::level_033.txt,[],[]
v_2336ea23-8ef2-45b6-874a-bf329c8364e9,anon_376d7289-fc63-4549-9336-2b8703819566,e3360d92-afbb-4eed-a781-a56f5b3ce2d8,2026-01-23 17:40:33.772026+00:00,RIGHT,mariogpt,ore,mariogpt::level_053.txt,ore::lvl-12.txt,[],[]
v_1e8c466c-67ff-48e1-96f5-b193de2cddf9,anon_376d7289-fc63-4549-9336-2b8703819566,e3360d92-afbb-4eed-a781-a56f5b3ce2d8,2026-01-23 17:39:43.156602+00:00,LEFT,genetic,original,genetic::lvl-88.txt,original::lvl-6.txt,[],[]
v_bc6bdd4c-f8f6-46d8-b3e5-448a406a2d94,anon_a9445e2d-8170-40b8-bfa3-9fdf5b9366fb,5f3d721a-e26a-4cd0-88b7-9d33b7392e5c,2026-01-22 14:03:22.105570+00:00,RIGHT,patternWeightCount,mariogan,patternWeightCount::lvl-65.txt,mariogan::level_1.txt,[],[]
v_de63de31-6bce-49bf-820d-9047aa217c26,anon_376d7289-fc63-4549-9336-2b8703819566,facb061d-7377-4a81-8ac9-ecabc175b241,2026-01-22 10:59:39.678326+00:00,LEFT,marioDiffusion,hopper,marioDiffusion::level_24.txt,hopper::lvl-5.txt,[],[]
v_a1912fed-0457-41e9-91de-327e0129e265,anon_9a0e666c-a215-4e8c-9539-f400b6aa635f,4a5bf5f1-f601-4748-a99b-9d2a3abafb4f,2026-01-22 10:58:53.073040+00:00,LEFT,patternWeightCount,mariogpt,patternWeightCount::lvl-10.txt,mariogpt::level_071.txt,[],['too_hard']
v_a281709e-e95f-4ddf-86ff-984bc1c450cd,anon_92aea243-ad41-4eef-9e5b-2cef3a78e23d,ab134236-8002-48dd-bb10-afc4b15a2f5b,2026-01-22 10:54:14.250372+00:00,LEFT,genetic,notchParam,genetic::lvl-80.txt,notchParam::lvl-98.txt,[],[]
v_b17b4ac2-eb9e-4946-b385-59b51c2d92f5,anon_376d7289-fc63-4549-9336-2b8703819566,4667db8d-1021-4fa3-8e44-35635e68abfa,2026-01-22 10:46:31.136453+00:00,TIE,notchParam,notch,notchParam::lvl-66.txt,notch::lvl-31.txt,[],[]
v_8d11ba9b-ac1c-4036-a189-6353ea07d064,anon_376d7289-fc63-4549-9336-2b8703819566,79249a78-d167-4465-b1fb-5624dda9391b,2026-01-22 10:45:46.981668+00:00,TIE,original,marioDiffusion,original::lvl-4.txt,marioDiffusion::level_37.txt,[],[]
v_d1a6b84d-525b-4539-b546-e63260661059,anon_376d7289-fc63-4549-9336-2b8703819566,6d18a76a-0efa-4659-a745-1457533eb6f9,2026-01-22 10:40:11.334519+00:00,LEFT,mariogan,patternWeightCount,mariogan::level_26.txt,patternWeightCount::lvl-54.txt,[],[]
v_20e53c14-fafd-40e8-ae0c-b625728b2ecb,anon_376d7289-fc63-4549-9336-2b8703819566,6d18a76a-0efa-4659-a745-1457533eb6f9,2026-01-22 10:39:50.219037+00:00,TIE,genetic,ore,genetic::lvl-91.txt,ore::lvl-53.txt,[],[]
v_4c63af98-440c-4d01-99a9-8cbe460f2d1b,anon_376d7289-fc63-4549-9336-2b8703819566,6d18a76a-0efa-4659-a745-1457533eb6f9,2026-01-22 10:39:27.803805+00:00,TIE,marioDiffusion,patternWeightCount,marioDiffusion::level_27.txt,patternWeightCount::lvl-38.txt,[],[]
v_f659276b-fb53-4962-9666-65e2c185efa2,anon_376d7289-fc63-4549-9336-2b8703819566,514d158b-bba4-4bca-8d76-51649dec039e,2026-01-21 14:31:10.282306+00:00,LEFT,ore,patternOccur,ore::lvl-49.txt,patternOccur::lvl-76.txt,[],[]
v_b8b2b267-74c5-4288-b66f-919f99415e8a,anon_376d7289-fc63-4549-9336-2b8703819566,283a6c51-4154-4dd1-b756-de7ede1ea57c,2026-01-21 14:30:13.826382+00:00,LEFT,hopper,notchParam,hopper::lvl-41.txt,notchParam::lvl-78.txt,[],[]
v_8b9af975-bc45-43c5-8c42-361e8f31fb92,anon_376d7289-fc63-4549-9336-2b8703819566,283a6c51-4154-4dd1-b756-de7ede1ea57c,2026-01-21 14:29:57.541221+00:00,LEFT,genetic,mariogan,genetic::lvl-43.txt,mariogan::level_31.txt,[],['too_hard']
v_cef43468-1718-4f79-a770-5148f7a91a54,anon_376d7289-fc63-4549-9336-2b8703819566,63402ef3-6920-4a3c-b668-7891ce40bbc3,2026-01-21 14:15:00.066673+00:00,RIGHT,patternWeightCount,mariogpt,patternWeightCount::lvl-46.txt,mariogpt::level_018.txt,[],[]
v_ba826833-fb79-4b26-b2f2-58b102948c08,anon_376d7289-fc63-4549-9336-2b8703819566,63402ef3-6920-4a3c-b668-7891ce40bbc3,2026-01-21 14:13:19.153148+00:00,TIE,hopper,genetic,hopper::lvl-39.txt,genetic::lvl-67.txt,[],[]
v_b32ec9ec-97b4-4d98-a305-e0e4a8317222,anon_376d7289-fc63-4549-9336-2b8703819566,ab1ca0cb-ccf8-4350-8664-6a1b1fcdace7,2026-01-21 14:11:55.801374+00:00,LEFT,hopper,notchParam,hopper::lvl-94.txt,notchParam::lvl-74.txt,[],[]
v_1c022872-a8a8-4965-8526-4cd1c6814f36,anon_376d7289-fc63-4549-9336-2b8703819566,ab1ca0cb-ccf8-4350-8664-6a1b1fcdace7,2026-01-21 14:11:29.276667+00:00,RIGHT,notchParamRand,notch,notchParamRand::lvl-46.txt,notch::lvl-43.txt,[],[]
v_df26b5b0-c630-4a3c-9889-636140d50788,anon_a9445e2d-8170-40b8-bfa3-9fdf5b9366fb,87df4bc4-7086-4c30-be36-eb6af1cc7af8,2026-01-20 15:15:38.311181+00:00,LEFT,original,hopper,original::lvl-6.txt,hopper::lvl-71.txt,[],[]
v_9bb3b587-0b53-4db9-8157-00791a1d4718,anon_a9445e2d-8170-40b8-bfa3-9fdf5b9366fb,87df4bc4-7086-4c30-be36-eb6af1cc7af8,2026-01-20 15:15:10.671979+00:00,LEFT,notch,hopper,notch::lvl-30.txt,hopper::lvl-71.txt,[],[]
v_4694a96e-64d0-426f-8ced-ba49027f78ac,anon_a9445e2d-8170-40b8-bfa3-9fdf5b9366fb,87df4bc4-7086-4c30-be36-eb6af1cc7af8,2026-01-20 15:14:59.450302+00:00,LEFT,original,marioDiffusion,original::lvl-11.txt,marioDiffusion::level_85.txt,[],[]
v_ab124061-13d6-4a5d-a5e6-56468475a2ce,anon_a9445e2d-8170-40b8-bfa3-9fdf5b9366fb,87df4bc4-7086-4c30-be36-eb6af1cc7af8,2026-01-20 15:14:48.977713+00:00,RIGHT,notchParamRand,marioDiffusion,notchParamRand::lvl-74.txt,marioDiffusion::level_34.txt,[],[]
v_c8dae6fe-7504-4141-92b5-51c0b60b4e96,anon_a9445e2d-8170-40b8-bfa3-9fdf5b9366fb,87df4bc4-7086-4c30-be36-eb6af1cc7af8,2026-01-20 15:14:33.275680+00:00,LEFT,genetic,patternCount,genetic::lvl-62.txt,patternCount::lvl-63.txt,[],[]
v_2ea16c7f-493f-48c1-b93f-5307eb54fd8f,anon_a9445e2d-8170-40b8-bfa3-9fdf5b9366fb,be22e424-ae19-4432-94dd-52e4b2c78df0,2026-01-20 14:55:55.835900+00:00,RIGHT,ore,marioDiffusion,ore::lvl-15.txt,marioDiffusion::level_31.txt,[],[]
v_49da65c6-904e-4475-924c-1454bb144896,anon_a9445e2d-8170-40b8-bfa3-9fdf5b9366fb,eeefbc0f-48ab-45b5-b3cb-7a1d4df7daf1,2026-01-20 14:54:43.134870+00:00,RIGHT,mariogan,original,mariogan::level_40.txt,original::lvl-14.txt,[],[]
v_e83eff02-3c35-4388-8ef2-efa65b3c4ba0,anon_a9445e2d-8170-40b8-bfa3-9fdf5b9366fb,eeefbc0f-48ab-45b5-b3cb-7a1d4df7daf1,2026-01-20 14:53:54.162196+00:00,RIGHT,patternWeightCount,ore,patternWeightCount::lvl-89.txt,ore::lvl-18.txt,[],[]
v_615012e4-441a-476f-a405-7cf6fd901df9,anon_a9445e2d-8170-40b8-bfa3-9fdf5b9366fb,eeefbc0f-48ab-45b5-b3cb-7a1d4df7daf1,2026-01-20 14:53:14.860716+00:00,TIE,patternCount,notchParam,patternCount::lvl-73.txt,notchParam::lvl-38.txt,[],[]
v_c97050b3-ae3a-4b07-80d3-1dc50365820f,anon_a9445e2d-8170-40b8-bfa3-9fdf5b9366fb,eeefbc0f-48ab-45b5-b3cb-7a1d4df7daf1,2026-01-20 14:52:52.405334+00:00,RIGHT,patternOccur,patternCount,patternOccur::lvl-67.txt,patternCount::lvl-87.txt,[],[]
v_46fd5187-b156-4f7b-90d9-357cd47ddbe0,anon_376d7289-fc63-4549-9336-2b8703819566,e3360d92-afbb-4eed-a781-a56f5b3ce2d8,2026-01-17 10:15:56.860889+00:00,LEFT,mariogan,notch,mariogan::level_63.txt,notch::lvl-28.txt,[],[]
v_0f919e23-44e1-47d0-b559-a34e822722ff,anon_376d7289-fc63-4549-9336-2b8703819566,e3360d92-afbb-4eed-a781-a56f5b3ce2d8,2026-01-17 10:15:23.993274+00:00,RIGHT,mariogan,original,mariogan::level_54.txt,original::lvl-1.txt,[],[]
v_6e0f4a51-ea23-43a9-ad6c-63672ad3a7a7,anon_376d7289-fc63-4549-9336-2b8703819566,e3360d92-afbb-4eed-a781-a56f5b3ce2d8,2026-01-17 10:14:05.708245+00:00,RIGHT,mariogan,ore,mariogan::level_15.txt,ore::lvl-38.txt,[],[]
v_5db7e460-0977-4336-9d0b-71fd132b1e0a,anon_376d7289-fc63-4549-9336-2b8703819566,e3360d92-afbb-4eed-a781-a56f5b3ce2d8,2026-01-17 10:13:23.375450+00:00,TIE,notchParamRand,genetic,notchParamRand::lvl-28.txt,genetic::lvl-69.txt,[],[]
v_57f2ac9c-a833-4c6c-81bf-a5dfbf14231e,anon_76ea3efa-14a6-4d8a-8824-adf702349ea1,8386112d-3210-4c9a-8aff-578fa05c6bf3,2026-01-17 10:06:40.282334+00:00,RIGHT,marioDiffusion,mariogpt,marioDiffusion::level_49.txt,mariogpt::level_087.txt,[],[]
v_f2b15f3c-14b2-440f-a17d-eeb9fa800a46,anon_376d7289-fc63-4549-9336-2b8703819566,e3360d92-afbb-4eed-a781-a56f5b3ce2d8,2026-01-17 10:00:04.653546+00:00,LEFT,hopper,patternCount,hopper::lvl-79.txt,patternCount::lvl-7.txt,[],[]
v_779b3ec2-8b22-4cc2-8a63-ab4071e4179c,anon_376d7289-fc63-4549-9336-2b8703819566,e3360d92-afbb-4eed-a781-a56f5b3ce2d8,2026-01-17 09:59:55.973146+00:00,RIGHT,hopper,ore,hopper::lvl-5.txt,ore::lvl-33.txt,[],[]
v_c30b6f90-13ad-42df-a255-26728a9de7a2,anon_376d7289-fc63-4549-9336-2b8703819566,e3360d92-afbb-4eed-a781-a56f5b3ce2d8,2026-01-17 09:59:00.037522+00:00,TIE,ore,mariogpt,ore::lvl-61.txt,mariogpt::level_000.txt,[],[]
v_9cf80cba-9c88-4c09-9232-1c3d0bc44a87,anon_a9445e2d-8170-40b8-bfa3-9fdf5b9366fb,df042a3b-c6a1-494d-b797-d4be48a4c3e2,2026-01-14 21:29:54.237735+00:00,RIGHT,notchParam,mariogpt,notchParam::lvl-14.txt,mariogpt::level_007.txt,[],[]
v_7929a2b6-3de4-40ca-bf53-a30d4ac1f55d,anon_a9445e2d-8170-40b8-bfa3-9fdf5b9366fb,df042a3b-c6a1-494d-b797-d4be48a4c3e2,2026-01-14 21:29:07.102222+00:00,LEFT,patternCount,patternWeightCount,patternCount::lvl-77.txt,patternWeightCount::lvl-23.txt,[],[]
v_298d65a1-738c-45df-a339-eb4ec8cd8d7d,anon_a9445e2d-8170-40b8-bfa3-9fdf5b9366fb,df042a3b-c6a1-494d-b797-d4be48a4c3e2,2026-01-14 21:28:59.706996+00:00,RIGHT,mariogan,notch,mariogan::level_42.txt,notch::lvl-7.txt,[],[]
v_aa01348e-df3d-4e2d-ab2d-67cf30e9c1e2,anon_a9445e2d-8170-40b8-bfa3-9fdf5b9366fb,df042a3b-c6a1-494d-b797-d4be48a4c3e2,2026-01-14 21:28:29.604898+00:00,LEFT,mariogan,genetic,mariogan::level_15.txt,genetic::lvl-4.txt,[],[]
v_740cca8b-9fc8-4457-af7f-3b5cec08f938,anon_a9445e2d-8170-40b8-bfa3-9fdf5b9366fb,df042a3b-c6a1-494d-b797-d4be48a4c3e2,2026-01-14 21:28:21.548338+00:00,LEFT,marioDiffusion,patternCount,marioDiffusion::level_6.txt,patternCount::lvl-63.txt,[],[]
v_7aaec2a3-84e2-4579-ab9a-02012f5b8bbc,anon_a9445e2d-8170-40b8-bfa3-9fdf5b9366fb,df042a3b-c6a1-494d-b797-d4be48a4c3e2,2026-01-14 21:28:15.285907+00:00,LEFT,genetic,notchParamRand,genetic::lvl-56.txt,notchParamRand::lvl-11.txt,[],[]
v_02f3bc32-ccb0-4006-938b-2020ba95c292,anon_a9445e2d-8170-40b8-bfa3-9fdf5b9366fb,788ae2aa-cbef-4862-8dfb-082b7d5b47fe,2026-01-14 14:26:07.935796+00:00,LEFT,original,notch,original::lvl-14.txt,notch::lvl-83.txt,[],[]
v_153d3734-175b-4146-878f-320bee774963,anon_a9445e2d-8170-40b8-bfa3-9fdf5b9366fb,788ae2aa-cbef-4862-8dfb-082b7d5b47fe,2026-01-14 14:25:52.298954+00:00,LEFT,marioDiffusion,notchParamRand,marioDiffusion::level_83.txt,notchParamRand::lvl-27.txt,[],[]
v_dd5513e3-b6db-4af3-952d-606e12dbc848,anon_a9445e2d-8170-40b8-bfa3-9fdf5b9366fb,788ae2aa-cbef-4862-8dfb-082b7d5b47fe,2026-01-14 14:25:16.054367+00:00,LEFT,mariogpt,patternCount,mariogpt::level_033.txt,patternCount::lvl-3.txt,[],[]
v_6f64d777-9d5a-46f1-af23-8a9494578153,anon_a9445e2d-8170-40b8-bfa3-9fdf5b9366fb,788ae2aa-cbef-4862-8dfb-082b7d5b47fe,2026-01-14 14:24:35.079616+00:00,LEFT,ore,notchParam,ore::lvl-69.txt,notchParam::lvl-86.txt,[],[]
v_3dd3760a-1ba5-44bd-8506-47d5dbf4f29b,anon_a9445e2d-8170-40b8-bfa3-9fdf5b9366fb,788ae2aa-cbef-4862-8dfb-082b7d5b47fe,2026-01-14 14:24:22.660202+00:00,TIE,marioDiffusion,patternCount,marioDiffusion::level_72.txt,patternCount::lvl-69.txt,[],[]
v_32cdf20e-6ccc-40b5-97a4-f4296ce0c45c,anon_376d7289-fc63-4549-9336-2b8703819566,48939b14-162c-4762-a4ef-122b7961cdb7,2026-01-13 17:18:15.051860+00:00,LEFT,patternWeightCount,mariogan,patternWeightCount::lvl-89.txt,mariogan::level_23.txt,[],[]
v_a2d8c246-41c8-4218-a495-8d8a86a8b834,anon_376d7289-fc63-4549-9336-2b8703819566,48939b14-162c-4762-a4ef-122b7961cdb7,2026-01-13 17:17:30.409766+00:00,RIGHT,notchParam,genetic,notchParam::lvl-61.txt,genetic::lvl-50.txt,[],[]
v_11122dd6-5894-497e-b699-8e1ed7a38e4f,anon_376d7289-fc63-4549-9336-2b8703819566,48939b14-162c-4762-a4ef-122b7961cdb7,2026-01-13 17:17:16.524218+00:00,RIGHT,patternCount,original,patternCount::lvl-1.txt,original::lvl-11.txt,[],[]
v_60cb3dde-5fd2-4100-a8a5-167cc57c2fa9,anon_376d7289-fc63-4549-9336-2b8703819566,9b740099-0e65-411a-887f-ea75ad2310e0,2026-01-13 17:15:48.225208+00:00,RIGHT,patternOccur,mariogpt,patternOccur::lvl-41.txt,mariogpt::level_076.txt,[],[]
v_8a23453d-431a-4d65-aa42-4c3ba05df009,anon_376d7289-fc63-4549-9336-2b8703819566,9b740099-0e65-411a-887f-ea75ad2310e0,2026-01-13 17:14:07.896181+00:00,RIGHT,mariogan,original,mariogan::level_26.txt,original::lvl-8.txt,[],[]
v_61bea40e-db7e-4c20-8b0e-dd1c65236e9a,anon_376d7289-fc63-4549-9336-2b8703819566,9b740099-0e65-411a-887f-ea75ad2310e0,2026-01-13 17:12:50.472962+00:00,RIGHT,mariogpt,notchParam,mariogpt::level_067.txt,notchParam::lvl-71.txt,['impossible'],[]
v_77a69e1f-ea76-49a8-bd8c-eb32428e8458,anon_2caf6547-3ac7-446b-9aeb-b6d642d8403f,620dabc4-41a2-4db9-9f14-0b17f64361c3,2026-01-12 11:06:58.371887+00:00,RIGHT,notchParam,mariogan,notchParam::lvl-63.txt,mariogan::level_6.txt,[],[]
v_437d33e0-1d2a-43bb-b88e-7a7dfc52196c,anon_2caf6547-3ac7-446b-9aeb-b6d642d8403f,620dabc4-41a2-4db9-9f14-0b17f64361c3,2026-01-12 11:06:05.495636+00:00,SKIP,original,patternCount,original::lvl-8.txt,patternCount::lvl-71.txt,[],[]
v_a76f6c56-aec2-4759-8255-d8fb8130ce67,anon_2caf6547-3ac7-446b-9aeb-b6d642d8403f,620dabc4-41a2-4db9-9f14-0b17f64361c3,2026-01-12 11:05:25.764047+00:00,RIGHT,mariogan,patternCount,mariogan::level_28.txt,patternCount::lvl-99.txt,['impossible'],[]
v_d005ad7c-5295-48b5-a08e-7a246161a77b,anon_2caf6547-3ac7-446b-9aeb-b6d642d8403f,620dabc4-41a2-4db9-9f14-0b17f64361c3,2026-01-12 11:04:42.334002+00:00,TIE,notchParam,notchParamRand,notchParam::lvl-51.txt,notchParamRand::lvl-6.txt,[],[]
v_cbe5b5dd-8846-46ee-9755-4cf342ca1fa6,anon_2caf6547-3ac7-446b-9aeb-b6d642d8403f,620dabc4-41a2-4db9-9f14-0b17f64361c3,2026-01-12 11:03:50.341057+00:00,RIGHT,original,patternOccur,original::lvl-4.txt,patternOccur::lvl-27.txt,[],[]
v_ce55e102-0594-4f36-abcf-08ee36836c41,anon_2caf6547-3ac7-446b-9aeb-b6d642d8403f,620dabc4-41a2-4db9-9f14-0b17f64361c3,2026-01-12 11:03:10.370560+00:00,RIGHT,patternWeightCount,patternOccur,patternWeightCount::lvl-91.txt,patternOccur::lvl-91.txt,[],[]
v_c7579e3b-f232-43cb-bde5-0ededf0513f8,anon_376d7289-fc63-4549-9336-2b8703819566,99bb7e95-f23e-4102-aa5c-6a19172430ac,2026-01-11 15:47:15.369073+00:00,LEFT,notch,notchParam,notch::lvl-4.txt,notchParam::lvl-43.txt,[],[]
v_33dbb9c6-6b6c-46c1-a8bd-b3d1bf5a15ad,anon_6169b215-ab69-49a2-a586-55c0a7f2fcf7,f9186f04-d731-46e5-90d0-b6e329a0320c,2026-01-09 09:59:32.726193+00:00,SKIP,ore,genetic,ore::lvl-81.txt,genetic::lvl-46.txt,[],[]
