level_id,generator_id,times_shown,times_won,times_lost,times_tied,times_skipped,times_completed,total_deaths,total_play_time_seconds,win_rate,completion_rate,avg_deaths,avg_duration_seconds,tag_fun,tag_boring,tag_too_hard,tag_too_easy,tag_creative,tag_good_flow,tag_unfair,tag_confusing,tag_not_mario_like,difficulty_score,updated_at_utc,times_play_skipped,tag_impossible,tag_broken_graphics,width,height,ground_tiles,platform_tiles,pipe_tiles,coin_tiles,question_block_tiles,brick_tiles,empty_tiles,enemy_goomba,enemy_koopa_red,enemy_koopa_green,enemy_spiky,enemy_piranha,enemy_bullet_bill,enemy_total,gap_count,max_gap_width,platform_count,avg_platform_height,height_variance,enemy_density,coin_density,gap_density,structural_complexity,leniency_score,computed_at_utc
original::lvl-11.txt,original,8,8,0,0,0,0,8,74.275,1.0,0.0,1.0,9.284375,0,0,0,0,0,1,0,0,0,1.0,2026-01-25T21:49:00.681711+00:00,0,0,0,,,,,,,,,,,,,,,,,,,,,,,,,,,
original::lvl-2.txt,original,8,8,0,0,0,1,7,335.31399999999996,1.0,0.125,0.875,41.914249999999996,2,0,0,0,0,0,0,0,0,0.875,2026-01-27T12:01:43.059335+00:00,0,0,0,,,,,,,,,,,,,,,,,,,,,,,,,,,
original::lvl-3.txt,original,7,6,0,1,0,0,7,127.52300000000001,1.0,0.0,1.0,18.21757142857143,2,0,0,0,1,0,0,0,0,1.0,2026-01-27T12:01:01.166647+00:00,0,0,0,,,,,,,,,,,,,,,,,,,,,,,,,,,
original::lvl-4.txt,original,7,4,1,1,1,1,6,256.408,0.8,0.14285714285714285,0.8571428571428571,36.629714285714286,1,0,0,0,1,0,0,0,0,0.8571428571428572,2026-01-27T01:02:36.660640+00:00,0,0,0,,,,,,,,,,,,,,,,,,,,,,,,,,,
original::lvl-8.txt,original,7,6,0,0,1,2,5,224.98499999999999,1.0,0.2857142857142857,0.7142857142857143,32.14071428571428,1,0,0,0,1,0,0,0,0,0.7142857142857143,2026-01-27T15:40:32.616918+00:00,0,0,0,,,,,,,,,,,,,,,,,,,,,,,,,,,
original::lvl-5.txt,original,6,3,1,1,1,1,5,107.602,0.75,0.16666666666666666,0.8333333333333334,17.933666666666667,0,0,0,0,0,0,0,0,0,0.8333333333333334,2026-01-27T00:35:02.599966+00:00,0,0,0,,,,,,,,,,,,,,,,,,,,,,,,,,,
patternWeightCount::lvl-43.txt,patternWeightCount,5,0,4,1,0,0,5,7.614,0.0,0.0,1.0,1.5228,0,0,0,0,0,0,1,0,0,1.0,2026-01-27T12:08:45.357475+00:00,0,2,0,,,,,,,,,,,,,,,,,,,,,,,,,,,
original::lvl-6.txt,original,5,4,1,0,0,4,1,223.39600000000002,0.8,0.8,0.2,44.6792,1,0,0,0,1,0,0,0,0,0.19999999999999996,2026-01-27T00:52:36.137222+00:00,0,1,0,,,,,,,,,,,,,,,,,,,,,,,,,,,
original::lvl-1.txt,original,5,5,0,0,0,4,1,299.452,1.0,0.8,0.2,59.8904,3,0,0,0,3,0,0,0,0,0.19999999999999996,2026-01-27T12:06:37.304443+00:00,0,0,0,,,,,,,,,,,,,,,,,,,,,,,,,,,
notch::lvl-79.txt,notch,4,1,2,1,0,4,0,98.50399999999999,0.3333333333333333,1.0,0.0,24.625999999999998,0,0,0,1,0,0,0,0,0,0.0,2026-01-27T01:21:24.618207+00:00,0,0,0,,,,,,,,,,,,,,,,,,,,,,,,,,,
notchParam::lvl-57.txt,notchParam,4,2,2,0,0,2,2,77.461,0.5,0.5,0.5,19.36525,0,1,0,0,0,0,0,0,0,0.5,2026-01-25T21:39:00.354293+00:00,0,0,0,,,,,,,,,,,,,,,,,,,,,,,,,,,
original::lvl-7.txt,original,4,3,1,0,0,3,1,205.38400000000001,0.75,0.75,0.25,51.346000000000004,1,0,0,0,1,0,0,0,0,0.25,2026-01-25T21:39:00.354293+00:00,0,0,0,,,,,,,,,,,,,,,,,,,,,,,,,,,
original::lvl-14.txt,original,4,4,0,0,0,0,4,37.339,1.0,0.0,1.0,9.33475,0,0,0,0,0,0,0,0,0,1.0,2026-01-26T07:25:35.619610+00:00,0,0,0,,,,,,,,,,,,,,,,,,,,,,,,,,,
original::lvl-13.txt,original,4,4,0,0,0,2,2,138.704,1.0,0.5,0.5,34.676,3,0,0,0,3,0,0,0,0,0.5,2026-01-27T12:02:46.806821+00:00,0,0,0,,,,,,,,,,,,,,,,,,,,,,,,,,,
ore::lvl-83.txt,ore,3,3,0,0,0,0,3,48.431000000000004,1.0,0.0,1.0,16.143666666666668,0,0,0,0,2,0,0,0,0,1.0,2026-01-08T15:29:53.644730+00:00,0,0,0,,,,,,,,,,,,,,,,,,,,,,,,,,,
notchParam::lvl-18.txt,notchParam,3,0,2,0,1,0,3,42.620000000000005,0.0,0.0,1.0,14.206666666666669,0,1,0,0,0,0,0,0,0,1.0,2026-01-27T01:35:11.981269+00:00,0,0,0,,,,,,,,,,,,,,,,,,,,,,,,,,,
patternWeightCount::lvl-59.txt,patternWeightCount,3,1,2,0,0,1,2,68.181,0.3333333333333333,0.3333333333333333,0.6666666666666666,22.727,1,0,1,0,0,0,0,0,0,0.6666666666666667,2026-01-27T00:33:42.258389+00:00,0,0,0,,,,,,,,,,,,,,,,,,,,,,,,,,,
patternCount::lvl-39.txt,patternCount,3,0,3,0,0,0,3,48.167,0.0,0.0,1.0,16.055666666666667,0,0,0,0,0,0,0,0,1,1.0,2026-01-02T14:16:44.310837+00:00,0,0,0,,,,,,,,,,,,,,,,,,,,,,,,,,,
notchParamRand::lvl-6.txt,notchParamRand,3,1,1,1,0,1,2,68.271,0.5,0.3333333333333333,0.6666666666666666,22.757,0,1,0,0,0,0,0,0,0,0.6666666666666667,2026-01-27T00:50:41.323980+00:00,0,0,0,,,,,,,,,,,,,,,,,,,,,,,,,,,
ore::lvl-87.txt,ore,3,1,2,0,0,0,3,36.013000000000005,0.3333333333333333,0.0,1.0,12.004333333333335,0,0,0,0,0,0,0,0,0,1.0,2026-01-26T07:18:43.804786+00:00,0,0,0,,,,,,,,,,,,,,,,,,,,,,,,,,,
patternWeightCount::lvl-21.txt,patternWeightCount,3,2,0,1,0,1,2,223.065,1.0,0.3333333333333333,0.6666666666666666,74.355,1,0,0,0,0,0,0,0,0,0.6666666666666667,2026-01-26T07:31:00.625553+00:00,0,0,0,,,,,,,,,,,,,,,,,,,,,,,,,,,
patternCount::lvl-69.txt,patternCount,3,1,0,2,0,0,3,22.928,1.0,0.0,1.0,7.642666666666667,0,0,0,0,0,0,0,0,0,1.0,2026-01-14T14:24:22.660202+00:00,0,0,0,,,,,,,,,,,,,,,,,,,,,,,,,,,
patternWeightCount::lvl-46.txt,patternWeightCount,3,0,3,0,0,0,3,90.179,0.0,0.0,1.0,30.05966666666667,0,0,1,0,0,0,0,0,0,1.0,2026-01-21T14:15:00.066673+00:00,0,0,0,,,,,,,,,,,,,,,,,,,,,,,,,,,
patternCount::lvl-68.txt,patternCount,3,2,1,0,0,1,2,92.90299999999999,0.6666666666666666,0.3333333333333333,0.6666666666666666,30.967666666666663,0,0,1,0,0,0,0,0,0,0.6666666666666667,2026-01-26T20:54:57.721940+00:00,0,0,0,,,,,,,,,,,,,,,,,,,,,,,,,,,
notchParamRand::lvl-7.txt,notchParamRand,3,0,2,0,1,0,3,7.17,0.0,0.0,1.0,2.39,0,0,0,0,0,0,0,0,0,1.0,2026-01-08T15:31:37.780313+00:00,0,0,0,,,,,,,,,,,,,,,,,,,,,,,,,,,
hopper::lvl-56.txt,hopper,3,1,0,0,2,0,3,28.227999999999998,1.0,0.0,1.0,9.409333333333333,0,0,0,0,0,0,0,0,0,1.0,2026-01-25T21:42:13.880008+00:00,0,0,0,,,,,,,,,,,,,,,,,,,,,,,,,,,
notchParam::lvl-92.txt,notchParam,3,0,2,1,0,0,3,283.98800000000006,0.0,0.0,1.0,94.66266666666668,0,1,0,0,0,0,0,0,0,1.0,2026-01-27T12:00:25.970652+00:00,0,0,0,,,,,,,,,,,,,,,,,,,,,,,,,,,
mariogpt::level_051.txt,mariogpt,3,1,2,0,0,0,3,1.133,0.3333333333333333,0.0,1.0,0.37766666666666665,0,0,0,0,0,0,0,0,0,1.0,2026-01-27T01:18:44.319589+00:00,0,1,0,,,,,,,,,,,,,,,,,,,,,,,,,,,
genetic::lvl-100.txt,genetic,3,0,2,0,1,1,2,40.022999999999996,0.0,0.3333333333333333,0.6666666666666666,13.341,0,0,0,0,0,0,0,0,0,0.6666666666666667,2026-01-27T15:41:47.074931+00:00,0,0,0,,,,,,,,,,,,,,,,,,,,,,,,,,,
marioDiffusion::level_100.txt,marioDiffusion,3,0,2,1,0,0,3,2.138,0.0,0.0,1.0,0.7126666666666667,0,0,1,0,0,0,0,0,0,1.0,2026-01-27T12:04:49.443668+00:00,0,2,0,,,,,,,,,,,,,,,,,,,,,,,,,,,
notchParamRand::lvl-88.txt,notchParamRand,3,1,2,0,0,2,1,104.429,0.3333333333333333,0.6666666666666666,0.3333333333333333,34.809666666666665,0,0,0,0,0,0,0,0,0,0.33333333333333337,2026-01-27T14:54:53.932814+00:00,0,0,0,,,,,,,,,,,,,,,,,,,,,,,,,,,
genetic::lvl-82.txt,genetic,3,1,0,1,1,0,3,176.927,1.0,0.0,1.0,58.97566666666666,0,0,0,0,0,0,0,0,0,1.0,2026-01-08T15:18:32.844423+00:00,0,0,0,,,,,,,,,,,,,,,,,,,,,,,,,,,
marioDiffusion::level_24.txt,marioDiffusion,3,3,0,0,0,1,2,41.794000000000004,1.0,0.3333333333333333,0.6666666666666666,13.931333333333335,0,0,0,0,0,0,0,0,0,0.6666666666666667,2026-01-22T10:59:39.678326+00:00,0,0,0,,,,,,,,,,,,,,,,,,,,,,,,,,,
original::lvl-12.txt,original,3,3,0,0,0,0,3,78.745,1.0,0.0,1.0,26.248333333333335,1,0,0,0,2,1,0,0,0,1.0,2026-01-26T07:40:43.310628+00:00,0,0,0,,,,,,,,,,,,,,,,,,,,,,,,,,,
notchParam::lvl-78.txt,notchParam,3,1,2,0,0,1,2,58.23,0.3333333333333333,0.3333333333333333,0.6666666666666666,19.41,0,0,0,0,0,0,0,0,0,0.6666666666666667,2026-01-26T07:31:00.625553+00:00,0,0,0,,,,,,,,,,,,,,,,,,,,,,,,,,,
notchParamRand::lvl-31.txt,notchParamRand,3,1,1,0,1,1,2,82.247,0.5,0.3333333333333333,0.6666666666666666,27.415666666666667,0,0,0,1,0,0,0,0,0,0.6666666666666667,2026-01-25T21:29:25.300504+00:00,0,0,0,,,,,,,,,,,,,,,,,,,,,,,,,,,
mariogpt::level_067.txt,mariogpt,3,0,3,0,0,0,3,12.809999999999999,0.0,0.0,1.0,4.27,0,0,0,0,0,0,0,0,0,1.0,2026-01-26T20:51:30.360497+00:00,0,2,0,,,,,,,,,,,,,,,,,,,,,,,,,,,
marioDiffusion::level_83.txt,marioDiffusion,3,2,1,0,0,0,3,40.805,0.6666666666666666,0.0,1.0,13.601666666666667,0,0,0,0,0,0,0,0,0,1.0,2026-01-25T21:32:56.366467+00:00,0,1,0,,,,,,,,,,,,,,,,,,,,,,,,,,,
mariogan::level_2.txt,mariogan,3,2,1,0,0,1,2,27.005,0.6666666666666666,0.3333333333333333,0.6666666666666666,9.001666666666667,0,0,0,0,0,0,0,0,0,0.6666666666666667,2026-01-26T21:03:09.055129+00:00,0,0,1,,,,,,,,,,,,,,,,,,,,,,,,,,,
mariogan::level_73.txt,mariogan,3,3,0,0,0,0,3,8.841000000000001,1.0,0.0,1.0,2.9470000000000005,0,0,0,0,0,0,0,0,0,1.0,2026-01-27T11:59:49.158682+00:00,0,0,0,,,,,,,,,,,,,,,,,,,,,,,,,,,
patternWeightCount::lvl-91.txt,patternWeightCount,3,1,2,0,0,0,3,2.13,0.3333333333333333,0.0,1.0,0.71,0,0,0,0,0,0,0,0,0,1.0,2026-01-27T15:40:44.277017+00:00,0,0,0,,,,,,,,,,,,,,,,,,,,,,,,,,,
mariogan::level_23.txt,mariogan,3,0,2,1,0,0,3,26.618000000000002,0.0,0.0,1.0,8.872666666666667,0,0,0,0,0,0,0,0,0,1.0,2026-01-26T07:19:16.734477+00:00,0,1,0,,,,,,,,,,,,,,,,,,,,,,,,,,,
ore::lvl-61.txt,ore,3,0,1,1,1,1,2,163.65300000000002,0.0,0.3333333333333333,0.6666666666666666,54.55100000000001,0,0,0,0,0,0,0,0,0,0.6666666666666667,2026-01-27T00:07:57.936231+00:00,0,0,0,,,,,,,,,,,,,,,,,,,,,,,,,,,
hopper::lvl-71.txt,hopper,3,0,3,0,0,0,3,22.052,0.0,0.0,1.0,7.350666666666666,0,0,0,0,0,0,0,0,0,1.0,2026-01-27T12:08:32.403320+00:00,0,0,0,,,,,,,,,,,,,,,,,,,,,,,,,,,
hopper::lvl-39.txt,hopper,3,1,0,2,0,1,2,72.618,1.0,0.3333333333333333,0.6666666666666666,24.206,0,0,0,0,0,0,0,0,0,0.6666666666666667,2026-01-27T00:50:41.323980+00:00,0,0,0,,,,,,,,,,,,,,,,,,,,,,,,,,,
hopper::lvl-68.txt,hopper,3,3,0,0,0,2,1,104.61699999999999,1.0,0.6666666666666666,0.3333333333333333,34.87233333333333,0,0,0,0,0,0,0,0,0,0.33333333333333337,2026-01-27T14:54:53.932814+00:00,0,0,0,,,,,,,,,,,,,,,,,,,,,,,,,,,
ore::lvl-28.txt,ore,3,3,0,0,0,0,3,112.228,1.0,0.0,1.0,37.40933333333333,0,0,0,0,0,0,0,0,0,1.0,2026-01-27T12:03:21.732195+00:00,0,0,0,,,,,,,,,,,,,,,,,,,,,,,,,,,
ore::lvl-99.txt,ore,3,2,1,0,0,0,3,63.522999999999996,0.6666666666666666,0.0,1.0,21.174333333333333,1,0,1,0,0,0,0,0,0,1.0,2026-01-27T15:07:21.081102+00:00,0,0,0,,,,,,,,,,,,,,,,,,,,,,,,,,,
patternOccur::lvl-47.txt,patternOccur,2,2,0,0,0,0,2,61.231,1.0,0.0,1.0,30.6155,0,0,0,0,0,0,0,0,0,1.0,2026-01-25T21:29:25.300504+00:00,0,0,0,,,,,,,,,,,,,,,,,,,,,,,,,,,
patternCount::lvl-73.txt,patternCount,2,0,1,1,0,0,2,19.076999999999998,0.0,0.0,1.0,9.538499999999999,0,0,0,0,0,0,0,0,0,1.0,2026-01-20T14:53:14.860716+00:00,0,0,0,,,,,,,,,,,,,,,,,,,,,,,,,,,
notchParam::lvl-48.txt,notchParam,2,0,2,0,0,0,2,23.625,0.0,0.0,1.0,11.8125,0,0,0,0,0,0,0,0,0,1.0,2026-01-03T21:43:37.421009+00:00,0,0,0,,,,,,,,,,,,,,,,,,,,,,,,,,,
genetic::lvl-96.txt,genetic,2,1,1,0,0,0,2,6.085000000000001,0.5,0.0,1.0,3.0425000000000004,0,0,1,0,0,0,0,0,0,1.0,2026-01-07T22:53:16.691376+00:00,0,0,0,,,,,,,,,,,,,,,,,,,,,,,,,,,
notchParamRand::lvl-3.txt,notchParamRand,2,1,0,1,0,0,2,57.653000000000006,1.0,0.0,1.0,28.826500000000003,0,0,0,0,0,0,0,0,0,1.0,2026-01-08T12:48:17.560245+00:00,0,0,0,,,,,,,,,,,,,,,,,,,,,,,,,,,
hopper::lvl-20.txt,hopper,2,1,1,0,0,0,2,6.920999999999999,0.5,0.0,1.0,3.4604999999999997,0,0,0,0,0,0,0,0,0,1.0,2026-01-08T10:59:17.880734+00:00,0,0,0,,,,,,,,,,,,,,,,,,,,,,,,,,,
notchParamRand::lvl-62.txt,notchParamRand,2,1,0,0,1,0,2,15.676,1.0,0.0,1.0,7.838,0,0,0,0,0,0,0,0,0,1.0,2026-01-04T21:00:33.448359+00:00,0,0,0,,,,,,,,,,,,,,,,,,,,,,,,,,,
patternOccur::lvl-52.txt,patternOccur,2,0,2,0,0,0,2,18.756999999999998,0.0,0.0,1.0,9.378499999999999,0,0,0,0,0,0,0,0,0,1.0,2026-01-04T21:32:48.043809+00:00,0,0,0,,,,,,,,,,,,,,,,,,,,,,,,,,,
notchParamRand::lvl-95.txt,notchParamRand,2,1,1,0,0,1,1,31.044999999999998,0.5,0.5,0.5,15.522499999999999,0,2,0,1,0,0,0,0,0,0.5,2026-01-26T07:39:51.061032+00:00,0,0,0,,,,,,,,,,,,,,,,,,,,,,,,,,,
patternWeightCount::lvl-68.txt,patternWeightCount,2,1,1,0,0,0,2,54.916,0.5,0.0,1.0,27.458,0,0,0,0,0,0,0,0,0,1.0,2026-01-07T22:31:26.217774+00:00,0,0,0,,,,,,,,,,,,,,,,,,,,,,,,,,,
notchParamRand::lvl-71.txt,notchParamRand,2,0,2,0,0,0,2,13.032,0.0,0.0,1.0,6.516,0,2,0,0,0,0,0,0,0,1.0,2026-01-25T21:01:51.235337+00:00,0,0,0,,,,,,,,,,,,,,,,,,,,,,,,,,,
ore::lvl-8.txt,ore,2,0,1,0,1,0,2,5.063000000000001,0.0,0.0,1.0,2.5315000000000003,0,0,1,0,0,0,0,0,0,1.0,2026-01-25T21:23:57.238687+00:00,0,0,0,,,,,,,,,,,,,,,,,,,,,,,,,,,
patternOccur::lvl-82.txt,patternOccur,2,1,0,1,0,0,2,8.048,1.0,0.0,1.0,4.024,0,0,0,0,0,0,0,0,0,1.0,2026-01-25T21:46:27.090963+00:00,0,0,0,,,,,,,,,,,,,,,,,,,,,,,,,,,
notchParamRand::lvl-37.txt,notchParamRand,2,1,0,1,0,0,2,8.32,1.0,0.0,1.0,4.16,0,0,0,0,0,0,0,0,0,1.0,2026-01-27T12:09:31.416531+00:00,0,0,0,,,,,,,,,,,,,,,,,,,,,,,,,,,
notchParam::lvl-80.txt,notchParam,2,0,2,0,0,1,1,31.378999999999998,0.0,0.5,0.5,15.689499999999999,0,0,0,0,0,0,0,0,0,0.5,2026-01-04T21:21:59.165642+00:00,0,0,0,,,,,,,,,,,,,,,,,,,,,,,,,,,
genetic::lvl-95.txt,genetic,2,2,0,0,0,0,2,5.156000000000001,1.0,0.0,1.0,2.5780000000000003,0,0,0,0,0,0,0,0,0,1.0,2026-01-04T21:28:49.457492+00:00,0,0,0,,,,,,,,,,,,,,,,,,,,,,,,,,,
notchParamRand::lvl-75.txt,notchParamRand,2,0,1,1,0,1,1,50.922,0.0,0.5,0.5,25.461,0,2,0,0,0,0,0,0,0,0.5,2026-01-27T12:04:11.386385+00:00,0,0,0,,,,,,,,,,,,,,,,,,,,,,,,,,,
notch::lvl-14.txt,notch,2,2,0,0,0,0,2,4.63,1.0,0.0,1.0,2.315,0,0,0,0,1,0,0,0,0,1.0,2026-01-07T22:53:16.691376+00:00,0,0,0,,,,,,,,,,,,,,,,,,,,,,,,,,,
genetic::lvl-61.txt,genetic,2,1,1,0,0,0,2,4.269,0.5,0.0,1.0,2.1345,0,0,0,0,0,0,0,0,0,1.0,2026-01-23T17:43:18.456920+00:00,0,0,0,,,,,,,,,,,,,,,,,,,,,,,,,,,
hopper::lvl-41.txt,hopper,2,2,0,0,0,0,2,10.344,1.0,0.0,1.0,5.172,0,0,0,0,0,0,0,0,0,1.0,2026-01-21T14:30:13.826382+00:00,0,0,0,,,,,,,,,,,,,,,,,,,,,,,,,,,
notchParamRand::lvl-8.txt,notchParamRand,2,0,2,0,0,2,0,47.485,0.0,1.0,0.0,23.7425,0,1,0,0,0,0,0,0,0,0.0,2026-01-27T01:34:27.123360+00:00,0,0,0,,,,,,,,,,,,,,,,,,,,,,,,,,,
mariogpt::level_091.txt,mariogpt,2,1,1,0,0,0,2,6.776999999999999,0.5,0.0,1.0,3.3884999999999996,0,0,0,0,0,0,0,0,0,1.0,2026-01-27T12:06:37.304443+00:00,0,1,0,,,,,,,,,,,,,,,,,,,,,,,,,,,
mariogpt::level_060.txt,mariogpt,2,2,0,0,0,1,1,78.175,1.0,0.5,0.5,39.0875,0,0,0,0,0,0,0,0,0,0.5,2026-01-27T12:08:32.403320+00:00,0,0,0,,,,,,,,,,,,,,,,,,,,,,,,,,,
mariogpt::level_023.txt,mariogpt,2,2,0,0,0,0,2,104.51299999999999,1.0,0.0,1.0,52.256499999999996,0,0,0,0,0,0,0,0,0,1.0,2026-01-03T21:46:06.050064+00:00,0,0,0,,,,,,,,,,,,,,,,,,,,,,,,,,,
notchParam::lvl-8.txt,notchParam,2,0,1,0,1,0,2,22.094,0.0,0.0,1.0,11.047,0,0,0,0,0,0,0,0,0,1.0,2026-01-25T21:42:00.334756+00:00,0,0,0,,,,,,,,,,,,,,,,,,,,,,,,,,,
patternWeightCount::lvl-97.txt,patternWeightCount,2,1,1,0,0,0,2,51.167,0.5,0.0,1.0,25.5835,0,0,1,0,0,0,0,0,0,1.0,2026-01-26T07:21:44.527596+00:00,0,0,0,,,,,,,,,,,,,,,,,,,,,,,,,,,
ore::lvl-74.txt,ore,2,1,1,0,0,0,2,59.653999999999996,0.5,0.0,1.0,29.826999999999998,0,0,0,0,0,0,0,0,0,1.0,2026-01-26T11:27:53.805087+00:00,0,0,0,,,,,,,,,,,,,,,,,,,,,,,,,,,
mariogpt::level_099.txt,mariogpt,2,2,0,0,0,0,2,156.65,1.0,0.0,1.0,78.325,0,0,1,0,0,0,0,0,0,1.0,2026-01-08T12:50:03.342634+00:00,0,1,0,,,,,,,,,,,,,,,,,,,,,,,,,,,
hopper::lvl-96.txt,hopper,2,1,1,0,0,1,1,22.583000000000002,0.5,0.5,0.5,11.291500000000001,0,0,0,0,0,0,0,0,0,0.5,2026-01-07T17:21:59.142173+00:00,0,0,0,,,,,,,,,,,,,,,,,,,,,,,,,,,
notch::lvl-28.txt,notch,2,1,1,0,0,0,2,11.408999999999999,0.5,0.0,1.0,5.7044999999999995,0,0,0,0,0,0,0,0,0,1.0,2026-01-17T10:15:56.860889+00:00,0,0,0,,,,,,,,,,,,,,,,,,,,,,,,,,,
patternOccur::lvl-42.txt,patternOccur,2,0,2,0,0,0,2,20.52,0.0,0.0,1.0,10.26,0,0,0,0,0,0,0,0,0,1.0,2026-01-04T21:01:50.886258+00:00,0,0,0,,,,,,,,,,,,,,,,,,,,,,,,,,,
hopper::lvl-84.txt,hopper,2,0,2,0,0,1,1,34.454,0.0,0.5,0.5,17.227,0,0,0,0,0,0,0,0,0,0.5,2026-01-05T13:43:32.118207+00:00,0,0,0,,,,,,,,,,,,,,,,,,,,,,,,,,,
mariogpt::level_088.txt,mariogpt,2,0,1,1,0,0,2,5.491,0.0,0.0,1.0,2.7455,0,0,1,0,0,0,1,1,0,1.0,2026-01-27T00:09:37.528939+00:00,0,1,0,,,,,,,,,,,,,,,,,,,,,,,,,,,
mariogan::level_66.txt,mariogan,2,2,0,0,0,1,1,64.491,1.0,0.5,0.5,32.2455,0,0,0,0,0,0,0,0,0,0.5,2026-01-03T22:21:25.732220+00:00,0,0,0,,,,,,,,,,,,,,,,,,,,,,,,,,,
notch::lvl-80.txt,notch,2,2,0,0,0,0,2,29.909,1.0,0.0,1.0,14.9545,0,0,0,0,0,0,0,0,0,1.0,2026-01-08T15:17:57.170837+00:00,0,0,0,,,,,,,,,,,,,,,,,,,,,,,,,,,
marioDiffusion::level_52.txt,marioDiffusion,2,0,1,1,0,0,2,20.984,0.0,0.0,1.0,10.492,0,0,0,0,0,0,0,0,0,1.0,2026-01-05T17:41:05.729241+00:00,0,0,0,,,,,,,,,,,,,,,,,,,,,,,,,,,
mariogan::level_97.txt,mariogan,2,0,0,1,1,0,2,40.131,,0.0,1.0,20.0655,0,0,0,0,0,0,0,0,0,1.0,2026-01-25T21:42:13.880008+00:00,0,0,0,,,,,,,,,,,,,,,,,,,,,,,,,,,
mariogan::level_43.txt,mariogan,2,1,1,0,0,1,1,57.321,0.5,0.5,0.5,28.6605,0,0,0,0,0,0,0,0,0,0.5,2026-01-27T15:41:05.562291+00:00,0,0,0,,,,,,,,,,,,,,,,,,,,,,,,,,,
marioDiffusion::level_48.txt,marioDiffusion,2,0,1,1,0,0,2,29.22,0.0,0.0,1.0,14.61,0,0,2,0,0,0,0,0,0,1.0,2026-01-05T13:43:03.690809+00:00,0,0,0,,,,,,,,,,,,,,,,,,,,,,,,,,,
notchParamRand::lvl-41.txt,notchParamRand,2,0,1,1,0,2,0,46.013000000000005,0.0,1.0,0.0,23.006500000000003,0,2,0,0,0,0,0,0,0,0.0,2026-01-27T00:37:09.613364+00:00,0,0,0,,,,,,,,,,,,,,,,,,,,,,,,,,,
marioDiffusion::level_27.txt,marioDiffusion,2,0,1,1,0,0,2,1.4129999999999998,0.0,0.0,1.0,0.7064999999999999,0,0,0,0,0,0,1,1,1,1.0,2026-01-22T10:39:27.803805+00:00,0,0,0,,,,,,,,,,,,,,,,,,,,,,,,,,,
mariogan::level_45.txt,mariogan,2,1,0,1,0,0,2,32.615,1.0,0.0,1.0,16.3075,1,0,0,0,0,0,0,0,0,1.0,2026-01-25T21:00:58.433604+00:00,0,0,1,,,,,,,,,,,,,,,,,,,,,,,,,,,
patternCount::lvl-99.txt,patternCount,2,1,0,1,0,0,2,11.619,1.0,0.0,1.0,5.8095,0,0,0,0,0,0,0,0,1,1.0,2026-01-12T11:05:25.764047+00:00,0,0,0,,,,,,,,,,,,,,,,,,,,,,,,,,,
mariogan::level_31.txt,mariogan,2,0,2,0,0,0,2,24.72,0.0,0.0,1.0,12.36,0,0,1,0,0,0,0,0,0,1.0,2026-01-21T14:29:57.541221+00:00,0,0,0,,,,,,,,,,,,,,,,,,,,,,,,,,,
patternWeightCount::lvl-38.txt,patternWeightCount,2,0,1,1,0,0,2,1.423,0.0,0.0,1.0,0.7115,0,0,0,0,0,0,0,0,0,1.0,2026-01-22T10:39:27.803805+00:00,0,0,0,,,,,,,,,,,,,,,,,,,,,,,,,,,
marioDiffusion::level_74.txt,marioDiffusion,2,0,2,0,0,0,2,5.583,0.0,0.0,1.0,2.7915,0,0,1,0,0,0,1,0,1,1.0,2026-01-27T00:16:17.055610+00:00,0,1,0,,,,,,,,,,,,,,,,,,,,,,,,,,,
genetic::lvl-97.txt,genetic,2,0,1,1,0,0,2,16.955,0.0,0.0,1.0,8.4775,0,1,0,0,0,0,0,0,0,1.0,2026-01-25T21:41:09.306281+00:00,0,0,0,,,,,,,,,,,,,,,,,,,,,,,,,,,
notch::lvl-46.txt,notch,2,1,1,0,0,0,2,22.044,0.5,0.0,1.0,11.022,0,0,0,0,0,0,0,0,0,1.0,2026-01-25T11:51:52.946349+00:00,0,0,0,,,,,,,,,,,,,,,,,,,,,,,,,,,
notchParamRand::lvl-97.txt,notchParamRand,2,1,1,0,0,1,1,37.412,0.5,0.5,0.5,18.706,0,0,0,0,0,0,0,0,0,0.5,2026-01-26T21:04:25.570885+00:00,0,0,0,,,,,,,,,,,,,,,,,,,,,,,,,,,
notch::lvl-30.txt,notch,2,2,0,0,0,0,2,17.905,1.0,0.0,1.0,8.9525,0,0,0,0,0,0,0,0,0,1.0,2026-01-20T15:15:10.671979+00:00,0,0,0,,,,,,,,,,,,,,,,,,,,,,,,,,,
mariogpt::level_078.txt,mariogpt,2,0,2,0,0,0,2,8.219,0.0,0.0,1.0,4.1095,0,0,0,0,0,0,0,0,0,1.0,2026-01-27T15:06:04.654347+00:00,0,1,0,,,,,,,,,,,,,,,,,,,,,,,,,,,
notchParam::lvl-46.txt,notchParam,2,0,2,0,0,0,2,15.445,0.0,0.0,1.0,7.7225,0,0,0,0,0,0,0,0,0,1.0,2026-01-04T21:34:39.930926+00:00,0,0,0,,,,,,,,,,,,,,,,,,,,,,,,,,,
patternCount::lvl-40.txt,patternCount,2,0,2,0,0,0,2,1.42,0.0,0.0,1.0,0.71,0,0,1,0,0,0,0,0,0,1.0,2026-01-08T09:14:44.734636+00:00,0,0,0,,,,,,,,,,,,,,,,,,,,,,,,,,,
mariogpt::level_024.txt,mariogpt,2,1,0,1,0,0,2,7.117,1.0,0.0,1.0,3.5585,0,0,0,0,0,0,0,0,0,1.0,2026-01-26T07:19:16.734477+00:00,0,1,0,,,,,,,,,,,,,,,,,,,,,,,,,,,
patternWeightCount::lvl-76.txt,patternWeightCount,2,0,2,0,0,0,2,9.283999999999999,0.0,0.0,1.0,4.6419999999999995,0,0,0,0,0,0,0,0,0,1.0,2026-01-07T22:49:59.606078+00:00,0,0,0,,,,,,,,,,,,,,,,,,,,,,,,,,,
mariogan::level_80.txt,mariogan,2,1,1,0,0,0,2,52.751,0.5,0.0,1.0,26.3755,0,0,0,0,0,0,0,0,0,1.0,2026-01-27T12:12:11.116029+00:00,0,0,1,,,,,,,,,,,,,,,,,,,,,,,,,,,
patternOccur::lvl-21.txt,patternOccur,2,1,1,0,0,0,0,0.0,0.5,0.0,0.0,0.0,0,0,0,0,0,0,0,0,0,1.0,2026-01-26T07:41:57.073655+00:00,2,1,0,,,,,,,,,,,,,,,,,,,,,,,,,,,
mariogpt::level_011.txt,mariogpt,2,2,0,0,0,0,2,23.881,1.0,0.0,1.0,11.9405,0,0,0,0,0,0,0,0,0,1.0,2026-01-08T13:45:38.118259+00:00,0,0,0,,,,,,,,,,,,,,,,,,,,,,,,,,,
marioDiffusion::level_13.txt,marioDiffusion,2,0,0,2,0,0,2,7.446999999999999,,0.0,1.0,3.7234999999999996,0,1,0,0,0,0,0,0,0,1.0,2026-01-25T21:43:28.932536+00:00,0,0,0,,,,,,,,,,,,,,,,,,,,,,,,,,,
marioDiffusion::level_43.txt,marioDiffusion,2,0,2,0,0,0,2,1.1509999999999998,0.0,0.0,1.0,0.5754999999999999,0,0,0,0,0,0,0,0,0,1.0,2026-01-25T19:09:13.635791+00:00,0,0,0,,,,,,,,,,,,,,,,,,,,,,,,,,,
mariogpt::level_064.txt,mariogpt,2,2,0,0,0,2,0,59.30799999999999,1.0,1.0,0.0,29.653999999999996,0,0,0,0,0,0,0,0,0,0.0,2026-01-25T19:08:06.746317+00:00,0,0,0,,,,,,,,,,,,,,,,,,,,,,,,,,,
patternOccur::lvl-85.txt,patternOccur,2,0,2,0,0,0,2,3.489,0.0,0.0,1.0,1.7445,0,0,1,0,0,0,0,0,0,1.0,2026-01-27T12:03:21.732195+00:00,0,0,0,,,,,,,,,,,,,,,,,,,,,,,,,,,
patternOccur::lvl-100.txt,patternOccur,2,1,1,0,0,0,2,47.229,0.5,0.0,1.0,23.6145,0,0,0,0,0,0,0,0,0,1.0,2026-01-23T17:41:45.471179+00:00,0,0,0,,,,,,,,,,,,,,,,,,,,,,,,,,,
hopper::lvl-13.txt,hopper,2,0,2,0,0,0,2,9.413,0.0,0.0,1.0,4.7065,0,0,0,0,0,0,0,0,0,1.0,2026-01-25T23:56:32.485406+00:00,0,0,0,,,,,,,,,,,,,,,,,,,,,,,,,,,
patternCount::lvl-21.txt,patternCount,2,0,2,0,0,0,0,0.0,0.0,0.0,0.0,0.0,0,0,1,0,0,0,0,0,0,1.0,2026-01-25T21:46:07.978966+00:00,2,0,0,,,,,,,,,,,,,,,,,,,,,,,,,,,
mariogan::level_1.txt,mariogan,2,1,1,0,0,0,2,33.157,0.5,0.0,1.0,16.5785,0,0,0,0,0,0,0,0,0,1.0,2026-01-22T14:03:22.105570+00:00,0,0,0,,,,,,,,,,,,,,,,,,,,,,,,,,,
patternOccur::lvl-5.txt,patternOccur,2,1,1,0,0,0,2,68.5,0.5,0.0,1.0,34.25,0,0,1,0,0,0,0,0,0,1.0,2026-01-26T11:24:07.397100+00:00,0,0,0,,,,,,,,,,,,,,,,,,,,,,,,,,,
patternOccur::lvl-96.txt,patternOccur,2,0,2,0,0,0,2,1.416,0.0,0.0,1.0,0.708,0,0,0,0,0,0,0,0,0,1.0,2026-01-26T20:54:57.721940+00:00,0,0,0,,,,,,,,,,,,,,,,,,,,,,,,,,,
genetic::lvl-46.txt,genetic,2,1,0,0,1,0,2,16.757,1.0,0.0,1.0,8.3785,0,0,0,0,0,0,0,0,0,1.0,2026-01-09T09:59:32.726193+00:00,0,0,0,,,,,,,,,,,,,,,,,,,,,,,,,,,
mariogan::level_68.txt,mariogan,2,0,2,0,0,0,2,3.7430000000000003,0.0,0.0,1.0,1.8715000000000002,0,0,0,0,0,0,0,0,0,1.0,2026-01-27T15:07:21.081102+00:00,0,1,0,,,,,,,,,,,,,,,,,,,,,,,,,,,
hopper::lvl-67.txt,hopper,2,2,0,0,0,1,1,19.121000000000002,1.0,0.5,0.5,9.560500000000001,0,0,0,0,0,0,0,0,0,0.5,2026-01-25T19:06:48.427444+00:00,0,0,0,,,,,,,,,,,,,,,,,,,,,,,,,,,
patternOccur::lvl-86.txt,patternOccur,2,1,1,0,0,0,2,77.962,0.5,0.0,1.0,38.981,0,0,0,0,0,0,0,0,0,1.0,2026-01-27T12:11:18.331456+00:00,0,0,0,,,,,,,,,,,,,,,,,,,,,,,,,,,
mariogpt::level_085.txt,mariogpt,2,2,0,0,0,0,2,0.8240000000000001,1.0,0.0,1.0,0.41200000000000003,0,0,1,0,1,0,0,0,0,1.0,2026-01-08T08:37:52.493854+00:00,0,0,0,,,,,,,,,,,,,,,,,,,,,,,,,,,
ore::lvl-40.txt,ore,2,1,1,0,0,0,2,19.121,0.5,0.0,1.0,9.5605,0,0,0,0,0,0,0,0,0,1.0,2026-01-08T14:09:03.208238+00:00,0,0,0,,,,,,,,,,,,,,,,,,,,,,,,,,,
genetic::lvl-67.txt,genetic,2,0,1,1,0,0,2,6.997999999999999,0.0,0.0,1.0,3.4989999999999997,0,0,0,0,0,0,0,0,0,1.0,2026-01-21T14:13:19.153148+00:00,0,0,0,,,,,,,,,,,,,,,,,,,,,,,,,,,
mariogan::level_21.txt,mariogan,2,1,0,0,1,0,2,22.451,1.0,0.0,1.0,11.2255,0,0,0,0,0,0,0,0,0,1.0,2026-01-27T15:03:15.173666+00:00,0,1,0,,,,,,,,,,,,,,,,,,,,,,,,,,,
patternCount::lvl-55.txt,patternCount,2,0,2,0,0,0,2,11.559000000000001,0.0,0.0,1.0,5.7795000000000005,0,0,1,0,0,0,0,0,0,1.0,2026-01-26T07:35:40.991092+00:00,0,0,0,,,,,,,,,,,,,,,,,,,,,,,,,,,
patternOccur::lvl-54.txt,patternOccur,2,1,1,0,0,0,2,1.4129999999999998,0.5,0.0,1.0,0.7064999999999999,0,0,0,0,0,0,0,0,0,1.0,2026-01-25T16:43:21.739259+00:00,0,0,0,,,,,,,,,,,,,,,,,,,,,,,,,,,
ore::lvl-65.txt,ore,2,2,0,0,0,0,1,21.934,1.0,0.0,0.5,10.967,0,0,0,0,0,0,0,0,0,1.0,2026-01-25T23:56:13.106025+00:00,1,0,0,,,,,,,,,,,,,,,,,,,,,,,,,,,
notchParam::lvl-2.txt,notchParam,2,1,1,0,0,0,2,14.588000000000001,0.5,0.0,1.0,7.2940000000000005,0,0,0,0,0,0,0,0,0,1.0,2026-01-25T19:07:18.615329+00:00,0,0,0,,,,,,,,,,,,,,,,,,,,,,,,,,,
notch::lvl-35.txt,notch,2,1,1,0,0,1,1,39.536,0.5,0.5,0.5,19.768,1,0,0,0,0,0,0,0,0,0.5,2026-01-26T07:38:42.425238+00:00,0,0,0,,,,,,,,,,,,,,,,,,,,,,,,,,,
mariogan::level_6.txt,mariogan,2,2,0,0,0,1,1,32.797,1.0,0.5,0.5,16.3985,0,0,0,0,0,0,0,0,0,0.5,2026-01-12T11:06:58.371887+00:00,0,0,0,,,,,,,,,,,,,,,,,,,,,,,,,,,
patternOccur::lvl-46.txt,patternOccur,2,0,1,1,0,0,2,14.536,0.0,0.0,1.0,7.268,0,0,0,0,0,0,0,0,0,1.0,2026-01-25T21:02:50.838203+00:00,0,0,1,,,,,,,,,,,,,,,,,,,,,,,,,,,
marioDiffusion::level_36.txt,marioDiffusion,2,1,1,0,0,0,2,91.39699999999999,0.5,0.0,1.0,45.698499999999996,1,1,0,0,1,0,0,0,0,1.0,2026-01-26T11:17:37.777932+00:00,0,0,0,,,,,,,,,,,,,,,,,,,,,,,,,,,
mariogpt::level_059.txt,mariogpt,2,1,0,1,0,1,1,124.751,1.0,0.5,0.5,62.3755,1,0,0,0,0,0,0,0,0,0.5,2026-01-27T01:30:55.041815+00:00,0,0,0,,,,,,,,,,,,,,,,,,,,,,,,,,,
marioDiffusion::level_9.txt,marioDiffusion,2,1,1,0,0,0,2,11.461,0.5,0.0,1.0,5.7305,0,0,0,0,0,0,0,0,0,1.0,2026-01-24T09:52:33.966963+00:00,0,0,0,,,,,,,,,,,,,,,,,,,,,,,,,,,
patternCount::lvl-25.txt,patternCount,2,0,2,0,0,0,0,0.0,0.0,0.0,0.0,0.0,0,1,0,0,0,0,0,0,0,1.0,2026-01-26T07:41:09.812314+00:00,2,2,0,,,,,,,,,,,,,,,,,,,,,,,,,,,
mariogpt::level_086.txt,mariogpt,2,0,2,0,0,0,2,88.483,0.0,0.0,1.0,44.2415,0,0,0,0,1,0,0,0,0,1.0,2026-01-26T07:25:35.619610+00:00,0,2,0,,,,,,,,,,,,,,,,,,,,,,,,,,,
hopper::lvl-21.txt,hopper,2,1,0,1,0,0,2,26.011,1.0,0.0,1.0,13.0055,0,0,0,0,0,0,0,0,0,1.0,2026-01-27T12:12:53.211237+00:00,0,1,0,,,,,,,,,,,,,,,,,,,,,,,,,,,
notchParam::lvl-63.txt,notchParam,2,1,1,0,0,1,1,37.978,0.5,0.5,0.5,18.989,1,0,0,0,0,0,0,0,0,0.5,2026-01-26T07:39:51.061032+00:00,0,0,0,,,,,,,,,,,,,,,,,,,,,,,,,,,
mariogan::level_26.txt,mariogan,2,1,1,0,0,1,1,35.064,0.5,0.5,0.5,17.532,0,0,0,0,0,0,0,0,0,0.5,2026-01-22T10:40:11.334519+00:00,0,0,0,,,,,,,,,,,,,,,,,,,,,,,,,,,
mariogpt::level_076.txt,mariogpt,2,2,0,0,0,1,1,94.94,1.0,0.5,0.5,47.47,0,0,0,0,1,0,0,0,0,0.5,2026-01-26T07:35:40.991092+00:00,0,0,1,,,,,,,,,,,,,,,,,,,,,,,,,,,
patternWeightCount::lvl-89.txt,patternWeightCount,2,1,1,0,0,0,2,62.922,0.5,0.0,1.0,31.461,0,0,0,0,0,0,0,0,0,1.0,2026-01-20T14:53:54.162196+00:00,0,0,0,,,,,,,,,,,,,,,,,,,,,,,,,,,
marioDiffusion::level_72.txt,marioDiffusion,2,0,0,2,0,0,2,6.881,,0.0,1.0,3.4405,0,0,1,0,0,0,0,0,0,1.0,2026-01-26T11:20:26.605774+00:00,0,0,0,,,,,,,,,,,,,,,,,,,,,,,,,,,
mariogpt::level_033.txt,mariogpt,2,2,0,0,0,0,2,38.294,1.0,0.0,1.0,19.147,0,0,0,0,0,0,0,0,0,1.0,2026-01-23T17:41:29.536119+00:00,0,0,0,,,,,,,,,,,,,,,,,,,,,,,,,,,
patternCount::lvl-63.txt,patternCount,2,0,2,0,0,0,2,5.058,0.0,0.0,1.0,2.529,0,0,0,0,0,0,0,0,0,1.0,2026-01-20T15:14:33.275680+00:00,0,0,0,,,,,,,,,,,,,,,,,,,,,,,,,,,
mariogan::level_15.txt,mariogan,2,1,1,0,0,0,2,3.061,0.5,0.0,1.0,1.5305,0,0,0,0,0,0,0,0,0,1.0,2026-01-17T10:14:05.708245+00:00,0,0,0,,,,,,,,,,,,,,,,,,,,,,,,,,,
notch::lvl-7.txt,notch,2,1,1,0,0,0,2,20.076,0.5,0.0,1.0,10.038,0,0,0,0,0,0,0,0,0,1.0,2026-01-25T19:08:06.746317+00:00,0,0,0,,,,,,,,,,,,,,,,,,,,,,,,,,,
patternWeightCount::lvl-23.txt,patternWeightCount,2,0,1,1,0,0,0,0.0,0.0,0.0,0.0,0.0,0,0,0,0,0,0,0,0,0,1.0,2026-01-27T12:09:04.596933+00:00,2,1,0,,,,,,,,,,,,,,,,,,,,,,,,,,,
notchParam::lvl-14.txt,notchParam,2,0,2,0,0,0,2,15.742999999999999,0.0,0.0,1.0,7.871499999999999,0,0,0,0,0,0,0,0,0,1.0,2026-01-26T20:52:37.753800+00:00,0,0,0,,,,,,,,,,,,,,,,,,,,,,,,,,,
hopper::lvl-5.txt,hopper,2,0,2,0,0,0,2,7.529,0.0,0.0,1.0,3.7645,0,0,0,0,0,0,0,0,0,1.0,2026-01-22T10:59:39.678326+00:00,0,0,0,,,,,,,,,,,,,,,,,,,,,,,,,,,
ore::lvl-33.txt,ore,2,1,1,0,0,1,1,53.594,0.5,0.5,0.5,26.797,0,0,0,0,0,0,0,0,0,0.5,2026-01-23T17:45:10.887080+00:00,0,0,0,,,,,,,,,,,,,,,,,,,,,,,,,,,
patternCount::lvl-87.txt,patternCount,2,1,0,0,1,0,1,8.703,1.0,0.0,0.5,4.3515,0,0,0,0,0,0,0,0,0,1.0,2026-01-25T17:59:30.157351+00:00,1,0,0,,,,,,,,,,,,,,,,,,,,,,,,,,,
mariogan::level_40.txt,mariogan,2,1,1,0,0,2,0,72.462,0.5,1.0,0.0,36.231,0,0,0,0,0,0,0,0,0,0.0,2026-01-26T20:53:42.874185+00:00,0,0,0,,,,,,,,,,,,,,,,,,,,,,,,,,,
marioDiffusion::level_31.txt,marioDiffusion,2,1,1,0,0,0,2,19.087,0.5,0.0,1.0,9.5435,0,0,0,0,0,0,0,0,0,1.0,2026-01-25T19:09:47.153129+00:00,0,0,0,,,,,,,,,,,,,,,,,,,,,,,,,,,
genetic::lvl-62.txt,genetic,2,2,0,0,0,0,2,17.381999999999998,1.0,0.0,1.0,8.690999999999999,0,1,0,0,0,0,0,0,0,1.0,2026-01-26T11:21:31.460180+00:00,0,0,0,,,,,,,,,,,,,,,,,,,,,,,,,,,
genetic::lvl-43.txt,genetic,2,1,1,0,0,0,2,36.525,0.5,0.0,1.0,18.2625,0,0,0,0,0,0,0,0,0,1.0,2026-01-25T21:39:50.672953+00:00,0,0,0,,,,,,,,,,,,,,,,,,,,,,,,,,,
genetic::lvl-91.txt,genetic,2,0,0,2,0,2,0,39.016999999999996,,1.0,0.0,19.508499999999998,0,0,0,1,0,0,0,0,0,0.0,2026-01-27T01:21:24.618207+00:00,0,0,0,,,,,,,,,,,,,,,,,,,,,,,,,,,
ore::lvl-53.txt,ore,2,0,0,1,1,0,2,4.355,,0.0,1.0,2.1775,0,0,0,0,0,0,0,0,0,1.0,2026-01-27T01:35:11.981269+00:00,0,0,0,,,,,,,,,,,,,,,,,,,,,,,,,,,
mariogpt::level_071.txt,mariogpt,2,0,2,0,0,0,2,33.606,0.0,0.0,1.0,16.803,0,0,1,0,1,0,0,0,0,1.0,2026-01-27T00:40:53.945079+00:00,0,1,0,,,,,,,,,,,,,,,,,,,,,,,,,,,
genetic::lvl-88.txt,genetic,2,1,1,0,0,1,1,37.158,0.5,0.5,0.5,18.579,0,0,0,0,0,0,0,0,0,0.5,2026-01-25T11:52:02.846375+00:00,0,0,0,,,,,,,,,,,,,,,,,,,,,,,,,,,
patternOccur::lvl-10.txt,patternOccur,2,0,2,0,0,1,1,98.728,0.0,0.5,0.5,49.364,0,0,1,0,0,0,0,0,0,0.5,2026-01-27T15:00:25.428595+00:00,0,0,0,,,,,,,,,,,,,,,,,,,,,,,,,,,
patternWeightCount::lvl-48.txt,patternWeightCount,2,2,0,0,0,1,1,77.374,1.0,0.5,0.5,38.687,1,0,0,0,1,0,0,0,0,0.5,2026-01-27T00:24:28.061210+00:00,0,0,0,,,,,,,,,,,,,,,,,,,,,,,,,,,
hopper::lvl-32.txt,hopper,2,2,0,0,0,0,2,37.186,1.0,0.0,1.0,18.593,0,0,0,0,0,0,0,0,0,1.0,2026-01-25T21:31:32.816441+00:00,0,0,0,,,,,,,,,,,,,,,,,,,,,,,,,,,
notchParam::lvl-67.txt,notchParam,2,1,0,1,0,0,2,758.7130000000001,1.0,0.0,1.0,379.35650000000004,0,0,0,0,0,0,0,0,0,1.0,2026-01-27T00:06:20.888432+00:00,0,1,0,,,,,,,,,,,,,,,,,,,,,,,,,,,
ore::lvl-19.txt,ore,2,2,0,0,0,0,2,9.475999999999999,1.0,0.0,1.0,4.7379999999999995,0,0,1,0,0,0,0,0,0,1.0,2026-01-26T07:41:09.812314+00:00,0,0,0,,,,,,,,,,,,,,,,,,,,,,,,,,,
notch::lvl-25.txt,notch,2,2,0,0,0,0,2,29.018,1.0,0.0,1.0,14.509,0,1,0,0,0,0,0,0,0,1.0,2026-01-26T21:03:30.154874+00:00,0,0,0,,,,,,,,,,,,,,,,,,,,,,,,,,,
mariogan::level_76.txt,mariogan,2,1,0,0,1,0,2,19.544,1.0,0.0,1.0,9.772,0,0,0,0,0,0,0,0,0,1.0,2026-01-25T21:42:00.334756+00:00,0,0,0,,,,,,,,,,,,,,,,,,,,,,,,,,,
notchParam::lvl-27.txt,notchParam,2,2,0,0,0,1,1,49.673,1.0,0.5,0.5,24.8365,0,1,0,2,0,0,0,0,0,0.5,2026-01-27T01:19:32.740404+00:00,0,0,0,,,,,,,,,,,,,,,,,,,,,,,,,,,
patternCount::lvl-16.txt,patternCount,2,1,0,1,0,0,2,6.355,1.0,0.0,1.0,3.1775,1,0,1,0,1,0,0,0,0,1.0,2026-01-27T12:09:04.596933+00:00,0,0,0,,,,,,,,,,,,,,,,,,,,,,,,,,,
mariogpt::level_025.txt,mariogpt,2,0,1,1,0,0,2,19.118000000000002,0.0,0.0,1.0,9.559000000000001,0,0,0,0,0,0,0,0,0,1.0,2026-01-27T12:09:31.416531+00:00,0,2,0,,,,,,,,,,,,,,,,,,,,,,,,,,,
genetic::lvl-87.txt,genetic,2,2,0,0,0,0,2,11.34,1.0,0.0,1.0,5.67,0,0,0,0,0,0,0,0,0,1.0,2026-01-26T20:51:01.917683+00:00,0,0,0,,,,,,,,,,,,,,,,,,,,,,,,,,,
mariogpt::level_008.txt,mariogpt,2,2,0,0,0,0,2,89.974,1.0,0.0,1.0,44.987,0,0,0,0,0,0,0,0,0,1.0,2026-01-27T00:56:30.691131+00:00,0,1,0,,,,,,,,,,,,,,,,,,,,,,,,,,,
hopper::lvl-87.txt,hopper,2,0,1,0,1,0,2,18.534,0.0,0.0,1.0,9.267,0,0,0,0,0,0,0,0,0,1.0,2026-01-26T07:24:23.858020+00:00,0,0,0,,,,,,,,,,,,,,,,,,,,,,,,,,,
notchParamRand::lvl-2.txt,notchParamRand,2,2,0,0,0,2,0,63.589,1.0,1.0,0.0,31.7945,0,2,0,1,0,0,0,0,0,0.0,2026-01-27T01:18:44.319589+00:00,0,0,0,,,,,,,,,,,,,,,,,,,,,,,,,,,
notchParamRand::lvl-4.txt,notchParamRand,2,1,1,0,0,1,1,53.88,0.5,0.5,0.5,26.94,0,0,0,0,0,0,0,0,0,0.5,2026-01-26T20:53:42.874185+00:00,0,0,0,,,,,,,,,,,,,,,,,,,,,,,,,,,
patternWeightCount::lvl-27.txt,patternWeightCount,2,1,1,0,0,0,2,17.42,0.5,0.0,1.0,8.71,0,0,1,0,0,0,0,0,0,1.0,2026-01-26T20:51:30.360497+00:00,0,0,0,,,,,,,,,,,,,,,,,,,,,,,,,,,
notch::lvl-64.txt,notch,2,1,0,1,0,1,1,31.384999999999998,1.0,0.5,0.5,15.692499999999999,1,0,0,0,0,0,0,0,0,0.5,2026-01-27T01:30:55.041815+00:00,0,0,0,,,,,,,,,,,,,,,,,,,,,,,,,,,
patternCount::lvl-30.txt,patternCount,2,0,2,0,0,0,2,3.449,0.0,0.0,1.0,1.7245,1,1,0,0,0,0,0,0,0,1.0,2026-01-27T15:40:44.277017+00:00,0,0,0,,,,,,,,,,,,,,,,,,,,,,,,,,,
notchParam::lvl-37.txt,notchParam,2,0,0,2,0,1,1,35.377,,0.5,0.5,17.6885,0,2,0,1,0,0,0,0,0,0.5,2026-01-27T12:04:11.386385+00:00,0,0,0,,,,,,,,,,,,,,,,,,,,,,,,,,,
mariogpt::level_022.txt,mariogpt,2,0,2,0,0,0,1,8.403,0.0,0.0,0.5,4.2015,0,0,0,1,0,0,0,0,0,1.0,2026-01-27T01:36:42.134979+00:00,1,1,0,,,,,,,,,,,,,,,,,,,,,,,,,,,
patternCount::lvl-61.txt,patternCount,1,0,1,0,0,0,1,2.508,0.0,0.0,1.0,2.508,0,0,1,0,0,0,0,0,0,1.0,2026-01-01T22:33:40.443190+00:00,0,0,0,,,,,,,,,,,,,,,,,,,,,,,,,,,
genetic::lvl-63.txt,genetic,1,1,0,0,0,0,1,3.902,1.0,0.0,1.0,3.902,0,0,1,1,0,1,0,0,0,1.0,2026-01-01T22:33:40.443190+00:00,0,0,0,,,,,,,,,,,,,,,,,,,,,,,,,,,
patternCount::lvl-56.txt,patternCount,1,0,1,0,0,0,1,9.368,0.0,0.0,1.0,9.368,0,0,1,0,0,0,0,0,0,1.0,2026-01-02T08:01:17.097879+00:00,0,0,0,,,,,,,,,,,,,,,,,,,,,,,,,,,
notchParam::lvl-79.txt,notchParam,1,0,1,0,0,0,1,4.051,0.0,0.0,1.0,4.051,0,1,0,0,0,0,0,0,0,1.0,2026-01-02T08:01:35.651332+00:00,0,0,0,,,,,,,,,,,,,,,,,,,,,,,,,,,
ore::lvl-9.txt,ore,1,1,0,0,0,1,0,33.537,1.0,1.0,0.0,33.537,0,0,0,0,0,0,0,0,0,0.0,2026-01-02T08:02:15.273018+00:00,0,0,0,,,,,,,,,,,,,,,,,,,,,,,,,,,
patternWeightCount::lvl-39.txt,patternWeightCount,1,0,1,0,0,0,1,1.668,0.0,0.0,1.0,1.668,0,0,0,0,0,0,0,0,0,1.0,2026-01-02T08:02:15.273018+00:00,0,0,0,,,,,,,,,,,,,,,,,,,,,,,,,,,
notch::lvl-84.txt,notch,1,0,1,0,0,0,1,8.905,0.0,0.0,1.0,8.905,0,0,0,0,0,0,0,0,0,1.0,2026-01-02T08:02:32.705301+00:00,0,0,0,,,,,,,,,,,,,,,,,,,,,,,,,,,
hopper::lvl-4.txt,hopper,1,1,0,0,0,0,1,4.208,1.0,0.0,1.0,4.208,0,0,0,0,0,0,0,0,0,1.0,2026-01-02T08:02:32.705301+00:00,0,0,0,,,,,,,,,,,,,,,,,,,,,,,,,,,
genetic::lvl-29.txt,genetic,1,1,0,0,0,1,0,16.385,1.0,1.0,0.0,16.385,0,0,0,0,0,0,0,0,0,0.0,2026-01-02T13:20:55.051562+00:00,0,0,0,,,,,,,,,,,,,,,,,,,,,,,,,,,
patternWeightCount::lvl-72.txt,patternWeightCount,1,0,1,0,0,0,1,3.573,0.0,0.0,1.0,3.573,0,0,0,0,0,0,0,0,0,1.0,2026-01-02T13:21:07.292297+00:00,0,0,0,,,,,,,,,,,,,,,,,,,,,,,,,,,
patternWeightCount::lvl-1.txt,patternWeightCount,1,0,1,0,0,0,1,3.239,0.0,0.0,1.0,3.239,0,0,0,0,0,0,0,0,0,1.0,2026-01-02T13:21:21.774397+00:00,0,0,0,,,,,,,,,,,,,,,,,,,,,,,,,,,
ore::lvl-79.txt,ore,1,1,0,0,0,0,1,7.674,1.0,0.0,1.0,7.674,0,0,0,0,0,0,0,0,0,1.0,2026-01-02T13:21:53.514305+00:00,0,0,0,,,,,,,,,,,,,,,,,,,,,,,,,,,
notch::lvl-2.txt,notch,1,1,0,0,0,0,1,4.47,1.0,0.0,1.0,4.47,0,0,0,0,0,0,0,0,0,1.0,2026-01-02T13:37:56.186312+00:00,0,0,0,,,,,,,,,,,,,,,,,,,,,,,,,,,
genetic::lvl-81.txt,genetic,1,0,1,0,0,1,0,17.774,0.0,1.0,0.0,17.774,0,0,0,0,0,0,0,0,0,0.0,2026-01-02T13:38:48.906300+00:00,0,0,0,,,,,,,,,,,,,,,,,,,,,,,,,,,
notchParamRand::lvl-76.txt,notchParamRand,1,1,0,0,0,1,0,25.475,1.0,1.0,0.0,25.475,0,0,0,0,0,0,0,0,0,0.0,2026-01-02T13:38:48.906300+00:00,0,0,0,,,,,,,,,,,,,,,,,,,,,,,,,,,
patternCount::lvl-28.txt,patternCount,1,0,1,0,0,0,1,3.841,0.0,0.0,1.0,3.841,0,0,0,0,0,0,0,0,0,1.0,2026-01-02T13:39:01.214698+00:00,0,0,0,,,,,,,,,,,,,,,,,,,,,,,,,,,
ore::lvl-39.txt,ore,1,1,0,0,0,0,1,1.414,1.0,0.0,1.0,1.414,0,0,0,0,0,0,0,0,0,1.0,2026-01-02T13:39:07.774199+00:00,0,0,0,,,,,,,,,,,,,,,,,,,,,,,,,,,
ore::lvl-100.txt,ore,1,1,0,0,0,0,1,32.642,1.0,0.0,1.0,32.642,0,0,0,0,0,0,0,0,0,1.0,2026-01-02T13:39:50.861226+00:00,0,0,0,,,,,,,,,,,,,,,,,,,,,,,,,,,
ore::lvl-16.txt,ore,1,1,0,0,0,0,1,36.042,1.0,0.0,1.0,36.042,1,0,0,0,0,1,0,0,0,1.0,2026-01-02T13:41:58.909056+00:00,0,0,0,,,,,,,,,,,,,,,,,,,,,,,,,,,
patternWeightCount::lvl-7.txt,patternWeightCount,1,0,1,0,0,0,1,7.082,0.0,0.0,1.0,7.082,0,0,0,0,0,0,0,0,0,1.0,2026-01-02T14:00:52.171283+00:00,0,0,0,,,,,,,,,,,,,,,,,,,,,,,,,,,
notchParamRand::lvl-84.txt,notchParamRand,1,1,0,0,0,1,0,18.541,1.0,1.0,0.0,18.541,0,0,0,0,0,0,0,0,0,0.0,2026-01-02T14:01:21.390722+00:00,0,0,0,,,,,,,,,,,,,,,,,,,,,,,,,,,
genetic::lvl-73.txt,genetic,1,0,1,0,0,0,1,6.782,0.0,0.0,1.0,6.782,0,0,0,0,0,0,0,0,0,1.0,2026-01-02T14:01:44.388762+00:00,0,0,0,,,,,,,,,,,,,,,,,,,,,,,,,,,
notch::lvl-68.txt,notch,1,0,1,0,0,0,1,3.369,0.0,0.0,1.0,3.369,0,0,0,0,0,0,0,0,0,1.0,2026-01-02T14:03:03.194063+00:00,0,0,0,,,,,,,,,,,,,,,,,,,,,,,,,,,
notchParam::lvl-11.txt,notchParam,1,0,1,0,0,0,1,9.248,0.0,0.0,1.0,9.248,0,0,0,0,0,0,0,0,0,1.0,2026-01-02T14:03:41.881528+00:00,0,0,0,,,,,,,,,,,,,,,,,,,,,,,,,,,
ore::lvl-97.txt,ore,1,0,1,0,0,0,1,1.817,0.0,0.0,1.0,1.817,0,0,1,0,0,0,0,0,0,1.0,2026-01-02T14:06:56.118667+00:00,0,0,0,,,,,,,,,,,,,,,,,,,,,,,,,,,
genetic::lvl-48.txt,genetic,1,1,0,0,0,0,1,12.611,1.0,0.0,1.0,12.611,0,0,0,0,0,0,0,0,0,1.0,2026-01-02T14:08:37.623315+00:00,0,0,0,,,,,,,,,,,,,,,,,,,,,,,,,,,
notchParam::lvl-22.txt,notchParam,1,0,1,0,0,1,0,14.217,0.0,1.0,0.0,14.217,0,0,0,0,0,0,0,0,0,0.0,2026-01-02T14:14:13.717456+00:00,0,0,0,,,,,,,,,,,,,,,,,,,,,,,,,,,
ore::lvl-44.txt,ore,1,1,0,0,0,1,0,50.374,1.0,1.0,0.0,50.374,0,0,0,0,0,0,0,0,0,0.0,2026-01-02T14:15:16.301604+00:00,0,0,0,,,,,,,,,,,,,,,,,,,,,,,,,,,
ore::lvl-52.txt,ore,1,1,0,0,0,0,1,11.915,1.0,0.0,1.0,11.915,0,0,0,0,0,0,0,0,0,1.0,2026-01-02T14:16:44.310837+00:00,0,0,0,,,,,,,,,,,,,,,,,,,,,,,,,,,
patternCount::lvl-80.txt,patternCount,1,1,0,0,0,0,1,16.38,1.0,0.0,1.0,16.38,0,0,0,0,0,0,0,0,0,1.0,2026-01-02T14:17:13.517404+00:00,0,0,0,,,,,,,,,,,,,,,,,,,,,,,,,,,
patternOccur::lvl-48.txt,patternOccur,1,0,1,0,0,0,1,0.749,0.0,0.0,1.0,0.749,0,0,0,0,0,0,1,0,1,1.0,2026-01-02T14:17:13.517404+00:00,0,0,0,,,,,,,,,,,,,,,,,,,,,,,,,,,
genetic::lvl-14.txt,genetic,1,0,1,0,0,0,1,11.844,0.0,0.0,1.0,11.844,0,0,0,0,0,0,0,0,0,1.0,2026-01-02T14:18:04.598121+00:00,0,0,0,,,,,,,,,,,,,,,,,,,,,,,,,,,
ore::lvl-4.txt,ore,1,0,1,0,0,0,1,2.64,0.0,0.0,1.0,2.64,0,0,1,0,0,0,0,0,0,1.0,2026-01-02T14:18:33.444066+00:00,0,0,0,,,,,,,,,,,,,,,,,,,,,,,,,,,
patternWeightCount::lvl-5.txt,patternWeightCount,1,1,0,0,0,0,1,17.284,1.0,0.0,1.0,17.284,0,0,0,0,0,0,0,0,0,1.0,2026-01-02T14:19:12.072160+00:00,0,0,0,,,,,,,,,,,,,,,,,,,,,,,,,,,
patternOccur::lvl-14.txt,patternOccur,1,0,1,0,0,0,1,0.743,0.0,0.0,1.0,0.743,0,0,0,0,0,0,0,0,0,1.0,2026-01-02T14:20:44.723513+00:00,0,0,0,,,,,,,,,,,,,,,,,,,,,,,,,,,
original::lvl-10.txt,original,1,0,0,1,0,0,1,11.968,,0.0,1.0,11.968,0,0,0,0,0,0,0,0,0,1.0,2026-01-02T14:48:45.314590+00:00,0,0,0,,,,,,,,,,,,,,,,,,,,,,,,,,,
ore::lvl-26.txt,ore,1,0,0,1,0,0,1,20.45,,0.0,1.0,20.45,0,0,0,0,0,0,0,0,0,1.0,2026-01-02T14:48:45.314590+00:00,0,0,0,,,,,,,,,,,,,,,,,,,,,,,,,,,
hopper::lvl-49.txt,hopper,1,1,0,0,0,1,0,19.149,1.0,1.0,0.0,19.149,0,0,0,0,0,0,0,0,0,0.0,2026-01-02T14:49:44.378588+00:00,0,0,0,,,,,,,,,,,,,,,,,,,,,,,,,,,
hopper::lvl-98.txt,hopper,1,1,0,0,0,0,1,3.71,1.0,0.0,1.0,3.71,0,0,0,0,0,0,0,0,0,1.0,2026-01-02T14:51:38.186446+00:00,0,0,0,,,,,,,,,,,,,,,,,,,,,,,,,,,
notchParamRand::lvl-33.txt,notchParamRand,1,0,1,0,0,0,1,4.449,0.0,0.0,1.0,4.449,0,0,0,0,0,0,0,0,0,1.0,2026-01-03T10:29:31.864460+00:00,0,0,0,,,,,,,,,,,,,,,,,,,,,,,,,,,
notch::lvl-60.txt,notch,1,1,0,0,0,1,0,19.077,1.0,1.0,0.0,19.077,0,0,0,0,0,0,0,0,0,0.0,2026-01-03T10:29:58.952670+00:00,0,0,0,,,,,,,,,,,,,,,,,,,,,,,,,,,
patternWeightCount::lvl-4.txt,patternWeightCount,1,0,1,0,0,0,1,5.13,0.0,0.0,1.0,5.13,0,0,0,0,0,0,0,0,0,1.0,2026-01-03T10:29:58.952670+00:00,0,0,0,,,,,,,,,,,,,,,,,,,,,,,,,,,
patternOccur::lvl-69.txt,patternOccur,1,0,1,0,0,0,1,5.703,0.0,0.0,1.0,5.703,0,0,0,0,0,0,0,0,0,1.0,2026-01-03T20:30:07.303190+00:00,0,0,0,,,,,,,,,,,,,,,,,,,,,,,,,,,
patternWeightCount::lvl-63.txt,patternWeightCount,1,0,1,0,0,0,1,8.573,0.0,0.0,1.0,8.573,0,0,0,0,0,0,0,0,0,1.0,2026-01-03T20:30:58.019104+00:00,0,0,0,,,,,,,,,,,,,,,,,,,,,,,,,,,
notch::lvl-3.txt,notch,1,1,0,0,0,1,0,14.275,1.0,1.0,0.0,14.275,0,0,0,0,0,0,0,0,0,0.0,2026-01-03T20:32:02.142524+00:00,0,0,0,,,,,,,,,,,,,,,,,,,,,,,,,,,
genetic::lvl-40.txt,genetic,1,0,1,0,0,1,0,13.376,0.0,1.0,0.0,13.376,0,0,0,0,0,0,0,0,0,0.0,2026-01-03T20:32:42.834683+00:00,0,0,0,,,,,,,,,,,,,,,,,,,,,,,,,,,
notchParamRand::lvl-77.txt,notchParamRand,1,0,1,0,0,1,0,19.644,0.0,1.0,0.0,19.644,0,0,0,0,0,0,0,0,0,0.0,2026-01-03T20:33:24.424423+00:00,0,0,0,,,,,,,,,,,,,,,,,,,,,,,,,,,
hopper::lvl-6.txt,hopper,1,1,0,0,0,1,0,15.812,1.0,1.0,0.0,15.812,0,0,0,0,0,0,0,0,0,0.0,2026-01-03T20:33:24.424423+00:00,0,0,0,,,,,,,,,,,,,,,,,,,,,,,,,,,
mariogpt::level_015.txt,mariogpt,1,1,0,0,0,0,1,29.673,1.0,0.0,1.0,29.673,0,0,0,0,0,0,0,0,0,1.0,2026-01-03T20:34:13.208775+00:00,0,0,0,,,,,,,,,,,,,,,,,,,,,,,,,,,
patternOccur::lvl-58.txt,patternOccur,1,1,0,0,0,0,1,5.777,1.0,0.0,1.0,5.777,0,0,0,0,0,0,0,0,0,1.0,2026-01-03T20:35:03.499440+00:00,0,0,0,,,,,,,,,,,,,,,,,,,,,,,,,,,
patternCount::lvl-10.txt,patternCount,1,0,1,0,0,0,1,0.716,0.0,0.0,1.0,0.716,0,0,1,0,0,0,0,0,0,1.0,2026-01-03T20:35:03.499440+00:00,0,0,0,,,,,,,,,,,,,,,,,,,,,,,,,,,
patternCount::lvl-41.txt,patternCount,1,0,1,0,0,0,1,0.717,0.0,0.0,1.0,0.717,0,0,0,0,0,0,0,0,0,1.0,2026-01-03T20:35:21.813247+00:00,0,0,0,,,,,,,,,,,,,,,,,,,,,,,,,,,
notchParamRand::lvl-15.txt,notchParamRand,1,0,1,0,0,0,1,7.972,0.0,0.0,1.0,7.972,0,0,0,0,0,0,0,0,0,1.0,2026-01-03T20:35:45.872002+00:00,0,0,0,,,,,,,,,,,,,,,,,,,,,,,,,,,
ore::lvl-13.txt,ore,1,0,1,0,0,0,1,1.517,0.0,0.0,1.0,1.517,0,0,0,0,0,0,0,0,0,1.0,2026-01-03T20:38:02.495419+00:00,0,0,0,,,,,,,,,,,,,,,,,,,,,,,,,,,
patternOccur::lvl-95.txt,patternOccur,1,0,1,0,0,0,1,3.17,0.0,0.0,1.0,3.17,0,0,0,0,0,0,0,0,0,1.0,2026-01-03T20:39:43.855302+00:00,0,0,0,,,,,,,,,,,,,,,,,,,,,,,,,,,
mariogpt::level_092.txt,mariogpt,1,1,0,0,0,0,1,29.807,1.0,0.0,1.0,29.807,0,0,0,0,0,0,0,0,0,1.0,2026-01-03T20:39:43.855302+00:00,0,0,0,,,,,,,,,,,,,,,,,,,,,,,,,,,
patternWeightCount::lvl-58.txt,patternWeightCount,1,0,1,0,0,0,1,0.984,0.0,0.0,1.0,0.984,0,0,0,0,0,0,0,0,0,1.0,2026-01-03T20:39:54.193170+00:00,0,0,0,,,,,,,,,,,,,,,,,,,,,,,,,,,
patternCount::lvl-67.txt,patternCount,1,0,1,0,0,0,1,0.709,0.0,0.0,1.0,0.709,0,0,0,0,0,0,0,0,0,1.0,2026-01-03T20:49:13.711101+00:00,0,0,0,,,,,,,,,,,,,,,,,,,,,,,,,,,
notchParamRand::lvl-13.txt,notchParamRand,1,1,0,0,0,0,0,0.0,1.0,0.0,0.0,0.0,0,0,0,0,0,0,0,0,0,1.0,2026-01-03T20:49:13.711101+00:00,1,0,0,,,,,,,,,,,,,,,,,,,,,,,,,,,
patternCount::lvl-8.txt,patternCount,1,0,1,0,0,0,1,18.311,0.0,0.0,1.0,18.311,0,0,0,0,0,0,0,0,0,1.0,2026-01-03T21:02:42.976496+00:00,0,0,0,,,,,,,,,,,,,,,,,,,,,,,,,,,
genetic::lvl-6.txt,genetic,1,1,0,0,0,0,1,2.484,1.0,0.0,1.0,2.484,0,0,0,0,0,0,0,0,0,1.0,2026-01-03T21:02:42.976496+00:00,0,0,0,,,,,,,,,,,,,,,,,,,,,,,,,,,
hopper::lvl-51.txt,hopper,1,0,1,0,0,0,1,12.085,0.0,0.0,1.0,12.085,0,0,0,0,0,0,0,0,0,1.0,2026-01-03T21:03:57.637538+00:00,0,0,0,,,,,,,,,,,,,,,,,,,,,,,,,,,
mariogan::level_19.txt,mariogan,1,1,0,0,0,0,1,7.569,1.0,0.0,1.0,7.569,0,0,0,0,0,0,0,0,0,1.0,2026-01-03T21:39:16.022299+00:00,0,0,0,,,,,,,,,,,,,,,,,,,,,,,,,,,
patternCount::lvl-49.txt,patternCount,1,0,1,0,0,0,1,7.152,0.0,0.0,1.0,7.152,0,0,0,0,0,0,0,0,0,1.0,2026-01-03T21:40:09.822872+00:00,0,0,0,,,,,,,,,,,,,,,,,,,,,,,,,,,
mariogpt::level_061.txt,mariogpt,1,1,0,0,0,0,1,69.117,1.0,0.0,1.0,69.117,0,0,0,0,0,0,0,0,0,1.0,2026-01-03T21:41:41.658108+00:00,0,0,0,,,,,,,,,,,,,,,,,,,,,,,,,,,
patternOccur::lvl-55.txt,patternOccur,1,0,1,0,0,0,1,16.813,0.0,0.0,1.0,16.813,0,0,0,0,0,0,0,0,0,1.0,2026-01-03T21:42:13.590468+00:00,0,0,0,,,,,,,,,,,,,,,,,,,,,,,,,,,
patternWeightCount::lvl-8.txt,patternWeightCount,1,0,1,0,0,1,0,67.205,0.0,1.0,0.0,67.205,0,0,0,0,0,0,0,0,0,0.0,2026-01-03T21:46:06.050064+00:00,0,0,0,,,,,,,,,,,,,,,,,,,,,,,,,,,
genetic::lvl-49.txt,genetic,1,0,0,1,0,0,1,10.081,,0.0,1.0,10.081,0,0,0,0,0,0,0,0,0,1.0,2026-01-03T21:50:54.506577+00:00,0,0,0,,,,,,,,,,,,,,,,,,,,,,,,,,,
patternCount::lvl-33.txt,patternCount,1,0,1,0,0,0,1,59.848,0.0,0.0,1.0,59.848,0,0,1,0,0,0,0,0,0,1.0,2026-01-03T21:52:02.905332+00:00,0,0,0,,,,,,,,,,,,,,,,,,,,,,,,,,,
hopper::lvl-81.txt,hopper,1,1,0,0,0,0,1,9.022,1.0,0.0,1.0,9.022,0,0,0,0,0,0,0,0,0,1.0,2026-01-03T22:16:24.069603+00:00,0,0,0,,,,,,,,,,,,,,,,,,,,,,,,,,,
notchParam::lvl-12.txt,notchParam,1,0,1,0,0,0,1,5.384,0.0,0.0,1.0,5.384,0,0,0,0,0,0,0,0,0,1.0,2026-01-03T22:16:24.069603+00:00,0,0,0,,,,,,,,,,,,,,,,,,,,,,,,,,,
patternWeightCount::lvl-66.txt,patternWeightCount,1,0,1,0,0,0,1,38.181,0.0,0.0,1.0,38.181,0,0,0,0,0,0,0,0,0,1.0,2026-01-03T22:17:08.810625+00:00,0,0,0,,,,,,,,,,,,,,,,,,,,,,,,,,,
notchParamRand::lvl-18.txt,notchParamRand,1,1,0,0,0,0,1,3.885,1.0,0.0,1.0,3.885,0,0,0,0,0,0,0,0,0,1.0,2026-01-03T22:17:08.810625+00:00,0,0,0,,,,,,,,,,,,,,,,,,,,,,,,,,,
notchParam::lvl-62.txt,notchParam,1,1,0,0,0,0,1,1.315,1.0,0.0,1.0,1.315,0,1,0,0,0,0,0,0,0,1.0,2026-01-03T22:19:33.681123+00:00,0,0,0,,,,,,,,,,,,,,,,,,,,,,,,,,,
patternWeightCount::lvl-16.txt,patternWeightCount,1,0,1,0,0,1,0,57.779,0.0,1.0,0.0,57.779,0,0,0,0,0,0,0,0,0,0.0,2026-01-03T22:20:45.189565+00:00,0,0,0,,,,,,,,,,,,,,,,,,,,,,,,,,,
mariogan::level_30.txt,mariogan,1,1,0,0,0,0,1,13.808,1.0,0.0,1.0,13.808,0,0,0,0,0,0,0,0,0,1.0,2026-01-04T20:58:15.690253+00:00,0,0,0,,,,,,,,,,,,,,,,,,,,,,,,,,,
notchParamRand::lvl-25.txt,notchParamRand,1,0,1,0,0,0,1,8.471,0.0,0.0,1.0,8.471,0,0,0,0,0,0,0,0,0,1.0,2026-01-04T20:58:15.690253+00:00,0,0,0,,,,,,,,,,,,,,,,,,,,,,,,,,,
ore::lvl-63.txt,ore,1,0,0,0,1,0,1,2.536,,0.0,1.0,2.536,0,0,0,0,0,0,0,0,0,1.0,2026-01-04T21:00:33.448359+00:00,0,0,0,,,,,,,,,,,,,,,,,,,,,,,,,,,
hopper::lvl-29.txt,hopper,1,1,0,0,0,0,1,40.238,1.0,0.0,1.0,40.238,0,0,0,0,0,0,0,0,0,1.0,2026-01-04T21:01:50.886258+00:00,0,0,0,,,,,,,,,,,,,,,,,,,,,,,,,,,
mariogpt::level_027.txt,mariogpt,1,1,0,0,0,0,1,45.874,1.0,0.0,1.0,45.874,0,0,0,0,0,0,0,0,0,1.0,2026-01-04T21:02:59.515671+00:00,0,0,0,,,,,,,,,,,,,,,,,,,,,,,,,,,
ore::lvl-64.txt,ore,1,0,0,1,0,0,1,7.873,,0.0,1.0,7.873,0,0,0,0,0,0,0,0,0,1.0,2026-01-04T21:04:00.203166+00:00,0,0,0,,,,,,,,,,,,,,,,,,,,,,,,,,,
hopper::lvl-72.txt,hopper,1,0,0,1,0,0,1,7.64,,0.0,1.0,7.64,0,0,0,0,0,0,0,0,0,1.0,2026-01-04T21:04:00.203166+00:00,0,0,0,,,,,,,,,,,,,,,,,,,,,,,,,,,
ore::lvl-94.txt,ore,1,0,1,0,0,0,1,26.553,0.0,0.0,1.0,26.553,0,0,0,0,0,0,0,0,0,1.0,2026-01-04T21:15:26.559875+00:00,0,0,0,,,,,,,,,,,,,,,,,,,,,,,,,,,
mariogpt::level_034.txt,mariogpt,1,1,0,0,0,1,0,79.985,1.0,1.0,0.0,79.985,0,0,0,0,0,0,0,0,0,0.0,2026-01-04T21:15:26.559875+00:00,0,0,0,,,,,,,,,,,,,,,,,,,,,,,,,,,
notchParamRand::lvl-58.txt,notchParamRand,1,1,0,0,0,1,0,19.176,1.0,1.0,0.0,19.176,0,0,0,0,0,0,0,0,0,0.0,2026-01-04T21:15:56.968858+00:00,0,0,0,,,,,,,,,,,,,,,,,,,,,,,,,,,
patternOccur::lvl-15.txt,patternOccur,1,0,0,1,0,0,1,12.073,,0.0,1.0,12.073,0,0,1,0,0,0,0,0,0,1.0,2026-01-04T21:16:15.583084+00:00,0,0,0,,,,,,,,,,,,,,,,,,,,,,,,,,,
patternWeightCount::lvl-40.txt,patternWeightCount,1,0,0,1,0,0,1,1.736,,0.0,1.0,1.736,0,0,1,0,0,0,0,0,0,1.0,2026-01-04T21:16:15.583084+00:00,0,0,0,,,,,,,,,,,,,,,,,,,,,,,,,,,
marioDiffusion::level_32.txt,marioDiffusion,1,1,0,0,0,0,1,11.403,1.0,0.0,1.0,11.403,0,0,0,0,0,0,0,0,0,1.0,2026-01-04T21:16:50.889579+00:00,0,0,0,,,,,,,,,,,,,,,,,,,,,,,,,,,
ore::lvl-35.txt,ore,1,0,1,0,0,0,1,14.014,0.0,0.0,1.0,14.014,0,0,0,0,0,0,0,0,0,1.0,2026-01-04T21:16:50.889579+00:00,0,0,0,,,,,,,,,,,,,,,,,,,,,,,,,,,
mariogan::level_47.txt,mariogan,1,1,0,0,0,0,1,6.715,1.0,0.0,1.0,6.715,0,0,0,0,0,0,0,0,0,1.0,2026-01-04T21:17:09.849240+00:00,0,0,0,,,,,,,,,,,,,,,,,,,,,,,,,,,
marioDiffusion::level_3.txt,marioDiffusion,1,0,1,0,0,0,1,17.604,0.0,0.0,1.0,17.604,0,0,0,0,0,0,0,0,0,1.0,2026-01-04T21:18:50.823103+00:00,0,0,0,,,,,,,,,,,,,,,,,,,,,,,,,,,
marioDiffusion::level_61.txt,marioDiffusion,1,0,0,1,0,0,1,10.204,,0.0,1.0,10.204,0,0,0,0,0,0,0,0,0,1.0,2026-01-04T21:18:52.357367+00:00,0,0,0,,,,,,,,,,,,,,,,,,,,,,,,,,,
genetic::lvl-5.txt,genetic,1,0,1,0,0,1,0,11.01,0.0,1.0,0.0,11.01,0,0,0,0,0,0,0,0,0,0.0,2026-01-04T21:19:08.516307+00:00,0,0,0,,,,,,,,,,,,,,,,,,,,,,,,,,,
patternOccur::lvl-94.txt,patternOccur,1,0,1,0,0,0,1,6.304,0.0,0.0,1.0,6.304,0,0,0,0,0,0,0,0,0,1.0,2026-01-04T21:20:13.418468+00:00,0,0,0,,,,,,,,,,,,,,,,,,,,,,,,,,,
ore::lvl-3.txt,ore,1,0,1,0,0,0,1,11.943,0.0,0.0,1.0,11.943,0,0,0,0,0,0,0,0,0,1.0,2026-01-04T21:20:40.418447+00:00,0,0,0,,,,,,,,,,,,,,,,,,,,,,,,,,,
notchParam::lvl-19.txt,notchParam,1,0,1,0,0,0,1,5.846,0.0,0.0,1.0,5.846,0,0,0,0,0,0,0,0,0,1.0,2026-01-04T21:21:18.227424+00:00,0,0,0,,,,,,,,,,,,,,,,,,,,,,,,,,,
mariogan::level_93.txt,mariogan,1,0,1,0,0,0,1,14.545,0.0,0.0,1.0,14.545,0,0,1,0,0,0,0,0,0,1.0,2026-01-04T21:22:40.792438+00:00,0,0,0,,,,,,,,,,,,,,,,,,,,,,,,,,,
patternCount::lvl-48.txt,patternCount,1,1,0,0,0,0,1,19.31,1.0,0.0,1.0,19.31,0,0,0,0,0,0,0,0,0,1.0,2026-01-04T21:22:40.792438+00:00,0,0,0,,,,,,,,,,,,,,,,,,,,,,,,,,,
patternWeightCount::lvl-67.txt,patternWeightCount,1,0,1,0,0,0,1,13.948,0.0,0.0,1.0,13.948,0,0,0,0,0,0,0,0,0,1.0,2026-01-04T21:23:03.589958+00:00,0,0,0,,,,,,,,,,,,,,,,,,,,,,,,,,,
notchParam::lvl-68.txt,notchParam,1,1,0,0,0,0,1,6.046,1.0,0.0,1.0,6.046,0,0,0,0,0,0,0,0,0,1.0,2026-01-04T21:23:03.589958+00:00,0,0,0,,,,,,,,,,,,,,,,,,,,,,,,,,,
notchParamRand::lvl-21.txt,notchParamRand,1,0,1,0,0,1,0,16.209,0.0,1.0,0.0,16.209,0,0,0,0,0,0,0,0,0,0.0,2026-01-04T21:27:42.818511+00:00,0,0,0,,,,,,,,,,,,,,,,,,,,,,,,,,,
genetic::lvl-23.txt,genetic,1,1,0,0,0,0,1,3.006,1.0,0.0,1.0,3.006,0,0,0,0,0,0,0,0,0,1.0,2026-01-04T21:27:42.818511+00:00,0,0,0,,,,,,,,,,,,,,,,,,,,,,,,,,,
marioDiffusion::level_19.txt,marioDiffusion,1,0,1,0,0,0,1,0.717,0.0,0.0,1.0,0.717,0,0,1,0,0,0,0,0,0,1.0,2026-01-04T21:28:33.508222+00:00,0,0,0,,,,,,,,,,,,,,,,,,,,,,,,,,,
patternOccur::lvl-84.txt,patternOccur,1,1,0,0,0,0,1,30.653,1.0,0.0,1.0,30.653,0,0,0,0,0,0,0,0,0,1.0,2026-01-04T21:28:33.508222+00:00,0,0,0,,,,,,,,,,,,,,,,,,,,,,,,,,,
mariogan::level_4.txt,mariogan,1,1,0,0,0,0,0,0.0,1.0,0.0,0.0,0.0,0,0,0,0,0,0,0,0,0,1.0,2026-01-04T21:32:27.946216+00:00,1,0,0,,,,,,,,,,,,,,,,,,,,,,,,,,,
patternOccur::lvl-29.txt,patternOccur,1,0,1,0,0,0,1,20.174,0.0,0.0,1.0,20.174,0,0,0,0,0,0,0,0,0,1.0,2026-01-04T21:32:27.946216+00:00,0,0,0,,,,,,,,,,,,,,,,,,,,,,,,,,,
mariogan::level_12.txt,mariogan,1,0,1,0,0,0,1,48.242,0.0,0.0,1.0,48.242,0,0,1,0,0,0,0,0,0,1.0,2026-01-04T21:33:54.820082+00:00,0,0,0,,,,,,,,,,,,,,,,,,,,,,,,,,,
genetic::lvl-15.txt,genetic,1,1,0,0,0,1,0,14.549,1.0,1.0,0.0,14.549,0,0,0,0,0,0,0,0,0,0.0,2026-01-04T21:34:13.844487+00:00,0,0,0,,,,,,,,,,,,,,,,,,,,,,,,,,,
patternWeightCount::lvl-92.txt,patternWeightCount,1,0,1,0,0,0,1,2.171,0.0,0.0,1.0,2.171,0,0,0,0,0,0,0,0,0,1.0,2026-01-04T21:34:13.844487+00:00,0,0,0,,,,,,,,,,,,,,,,,,,,,,,,,,,
ore::lvl-96.txt,ore,1,1,0,0,0,0,1,32.913,1.0,0.0,1.0,32.913,0,0,0,0,0,0,0,0,0,1.0,2026-01-04T21:35:20.882562+00:00,0,0,0,,,,,,,,,,,,,,,,,,,,,,,,,,,
notchParamRand::lvl-78.txt,notchParamRand,1,0,1,0,0,0,1,2.938,0.0,0.0,1.0,2.938,0,0,0,0,0,0,0,0,0,1.0,2026-01-05T10:59:36.606282+00:00,0,0,0,,,,,,,,,,,,,,,,,,,,,,,,,,,
hopper::lvl-38.txt,hopper,1,0,0,1,0,0,1,7.306,,0.0,1.0,7.306,0,0,0,0,0,0,0,0,0,1.0,2026-01-05T11:00:05.849570+00:00,0,0,0,,,,,,,,,,,,,,,,,,,,,,,,,,,
mariogan::level_48.txt,mariogan,1,0,0,1,0,0,1,1.068,,0.0,1.0,1.068,0,0,0,0,0,0,0,0,0,1.0,2026-01-05T11:00:05.849570+00:00,0,0,0,,,,,,,,,,,,,,,,,,,,,,,,,,,
hopper::lvl-7.txt,hopper,1,0,1,0,0,0,1,7.783,0.0,0.0,1.0,7.783,0,0,0,0,0,0,0,0,0,1.0,2026-01-05T11:00:44.036982+00:00,0,0,0,,,,,,,,,,,,,,,,,,,,,,,,,,,
ore::lvl-50.txt,ore,1,1,0,0,0,0,1,14.383,1.0,0.0,1.0,14.383,0,0,0,0,0,0,0,0,0,1.0,2026-01-05T11:02:24.315787+00:00,0,0,0,,,,,,,,,,,,,,,,,,,,,,,,,,,
patternWeightCount::lvl-52.txt,patternWeightCount,1,0,0,1,0,0,1,0.715,,0.0,1.0,0.715,0,0,0,0,0,0,0,0,0,1.0,2026-01-05T11:37:09.971480+00:00,0,0,0,,,,,,,,,,,,,,,,,,,,,,,,,,,
notchParamRand::lvl-69.txt,notchParamRand,1,0,0,1,0,0,1,6.982,,0.0,1.0,6.982,0,0,0,0,0,0,0,0,0,1.0,2026-01-05T11:37:09.971480+00:00,0,0,0,,,,,,,,,,,,,,,,,,,,,,,,,,,
patternCount::lvl-91.txt,patternCount,1,0,1,0,0,0,1,29.074,0.0,0.0,1.0,29.074,0,0,0,0,0,0,0,0,0,1.0,2026-01-05T11:38:34.010620+00:00,0,0,0,,,,,,,,,,,,,,,,,,,,,,,,,,,
patternCount::lvl-2.txt,patternCount,1,0,0,1,0,0,1,7.611,,0.0,1.0,7.611,0,0,0,0,0,0,0,0,0,1.0,2026-01-05T17:38:44.559822+00:00,0,0,0,,,,,,,,,,,,,,,,,,,,,,,,,,,
ore::lvl-37.txt,ore,1,1,0,0,0,0,1,1.812,1.0,0.0,1.0,1.812,0,0,0,0,0,0,0,0,0,1.0,2026-01-05T17:40:40.479296+00:00,0,0,0,,,,,,,,,,,,,,,,,,,,,,,,,,,
hopper::lvl-62.txt,hopper,1,1,0,0,0,0,1,4.344,1.0,0.0,1.0,4.344,0,0,0,0,0,0,0,0,0,1.0,2026-01-05T17:41:05.729241+00:00,0,0,0,,,,,,,,,,,,,,,,,,,,,,,,,,,
ore::lvl-6.txt,ore,1,1,0,0,0,1,0,46.049,1.0,1.0,0.0,46.049,0,0,0,0,0,0,0,0,0,0.0,2026-01-05T17:41:57.167158+00:00,0,0,0,,,,,,,,,,,,,,,,,,,,,,,,,,,
notchParam::lvl-26.txt,notchParam,1,0,1,0,0,0,1,3.141,0.0,0.0,1.0,3.141,0,0,0,0,0,0,0,0,0,1.0,2026-01-05T17:41:57.167158+00:00,0,0,0,,,,,,,,,,,,,,,,,,,,,,,,,,,
hopper::lvl-100.txt,hopper,1,1,0,0,0,1,0,17.24,1.0,1.0,0.0,17.24,0,0,0,0,0,0,0,0,0,0.0,2026-01-05T17:43:00.668332+00:00,0,0,0,,,,,,,,,,,,,,,,,,,,,,,,,,,
hopper::lvl-17.txt,hopper,1,1,0,0,0,0,1,21.519,1.0,0.0,1.0,21.519,0,0,0,0,0,0,0,0,0,1.0,2026-01-07T12:23:31.690001+00:00,0,0,0,,,,,,,,,,,,,,,,,,,,,,,,,,,
patternCount::lvl-64.txt,patternCount,1,0,1,0,0,0,1,5.612,0.0,0.0,1.0,5.612,0,0,0,0,0,0,0,0,0,1.0,2026-01-07T12:24:52.544089+00:00,0,0,0,,,,,,,,,,,,,,,,,,,,,,,,,,,
notch::lvl-29.txt,notch,1,1,0,0,0,1,0,27.51,1.0,1.0,0.0,27.51,0,0,0,0,0,0,0,0,0,0.0,2026-01-07T15:41:15.773511+00:00,0,0,0,,,,,,,,,,,,,,,,,,,,,,,,,,,
genetic::lvl-35.txt,genetic,1,0,1,0,0,1,0,18.642,0.0,1.0,0.0,18.642,0,0,0,0,0,0,0,0,0,0.0,2026-01-07T15:41:47.955992+00:00,0,0,0,,,,,,,,,,,,,,,,,,,,,,,,,,,
patternOccur::lvl-60.txt,patternOccur,1,0,1,0,0,0,1,2.238,0.0,0.0,1.0,2.238,0,0,0,0,0,0,0,0,0,1.0,2026-01-07T17:22:24.010526+00:00,0,0,0,,,,,,,,,,,,,,,,,,,,,,,,,,,
ore::lvl-30.txt,ore,1,1,0,0,0,0,1,2.771,1.0,0.0,1.0,2.771,0,0,0,0,0,0,0,0,0,1.0,2026-01-07T17:22:31.698145+00:00,0,0,0,,,,,,,,,,,,,,,,,,,,,,,,,,,
notchParamRand::lvl-44.txt,notchParamRand,1,0,1,0,0,0,1,5.911,0.0,0.0,1.0,5.911,0,0,0,0,0,0,0,0,0,1.0,2026-01-07T17:23:24.242091+00:00,0,0,0,,,,,,,,,,,,,,,,,,,,,,,,,,,
mariogpt::level_030.txt,mariogpt,1,1,0,0,0,0,1,3.773,1.0,0.0,1.0,3.773,0,0,0,0,1,0,0,0,0,1.0,2026-01-07T20:50:57.990676+00:00,0,0,0,,,,,,,,,,,,,,,,,,,,,,,,,,,
hopper::lvl-73.txt,hopper,1,0,1,0,0,0,1,5.685,0.0,0.0,1.0,5.685,0,0,0,0,0,0,0,0,0,1.0,2026-01-07T20:50:57.990676+00:00,0,0,0,,,,,,,,,,,,,,,,,,,,,,,,,,,
notch::lvl-12.txt,notch,1,1,0,0,0,0,1,2.05,1.0,0.0,1.0,2.05,0,0,0,0,0,0,0,0,0,1.0,2026-01-07T20:51:11.448159+00:00,0,0,0,,,,,,,,,,,,,,,,,,,,,,,,,,,
marioDiffusion::level_77.txt,marioDiffusion,1,0,1,0,0,0,1,0.716,0.0,0.0,1.0,0.716,0,0,0,0,0,0,0,0,0,1.0,2026-01-07T22:30:45.539522+00:00,0,1,0,,,,,,,,,,,,,,,,,,,,,,,,,,,
marioDiffusion::level_88.txt,marioDiffusion,1,1,0,0,0,0,1,5.708,1.0,0.0,1.0,5.708,0,0,0,0,0,0,0,0,0,1.0,2026-01-07T22:32:22.055497+00:00,0,0,0,,,,,,,,,,,,,,,,,,,,,,,,,,,
genetic::lvl-74.txt,genetic,1,1,0,0,0,0,1,2.545,1.0,0.0,1.0,2.545,0,0,0,0,0,0,0,0,0,1.0,2026-01-07T22:32:42.848591+00:00,0,0,0,,,,,,,,,,,,,,,,,,,,,,,,,,,
mariogpt::level_044.txt,mariogpt,1,0,1,0,0,0,0,0.0,0.0,0.0,0.0,0.0,0,0,0,0,0,0,0,0,0,1.0,2026-01-07T22:32:42.848591+00:00,1,1,0,,,,,,,,,,,,,,,,,,,,,,,,,,,
mariogpt::level_047.txt,mariogpt,1,1,0,0,0,0,1,5.311,1.0,0.0,1.0,5.311,0,0,0,0,0,0,0,0,0,1.0,2026-01-07T22:32:54.604036+00:00,0,0,0,,,,,,,,,,,,,,,,,,,,,,,,,,,
hopper::lvl-12.txt,hopper,1,0,1,0,0,0,1,3.302,0.0,0.0,1.0,3.302,0,0,0,0,0,0,0,0,0,1.0,2026-01-07T22:32:54.604036+00:00,0,0,0,,,,,,,,,,,,,,,,,,,,,,,,,,,
marioDiffusion::level_69.txt,marioDiffusion,1,0,1,0,0,0,1,0.703,0.0,0.0,1.0,0.703,0,0,0,0,0,0,0,0,0,1.0,2026-01-07T22:34:50.907092+00:00,0,0,0,,,,,,,,,,,,,,,,,,,,,,,,,,,
mariogan::level_53.txt,mariogan,1,1,0,0,0,0,0,0.0,1.0,0.0,0.0,0.0,0,0,0,0,0,0,0,0,0,1.0,2026-01-07T22:34:50.907092+00:00,1,0,0,,,,,,,,,,,,,,,,,,,,,,,,,,,
hopper::lvl-59.txt,hopper,1,0,1,0,0,0,1,3.845,0.0,0.0,1.0,3.845,0,1,0,0,0,0,0,0,0,1.0,2026-01-07T22:48:00.787156+00:00,0,0,0,,,,,,,,,,,,,,,,,,,,,,,,,,,
genetic::lvl-19.txt,genetic,1,1,0,0,0,0,1,3.978,1.0,0.0,1.0,3.978,1,0,0,0,0,0,0,0,0,1.0,2026-01-07T22:49:59.606078+00:00,0,0,0,,,,,,,,,,,,,,,,,,,,,,,,,,,
test-gen::lvl-024.txt,test-gen,1,1,0,0,0,0,1,3.478,1.0,0.0,1.0,3.478,0,0,0,0,0,0,0,0,0,1.0,2026-01-07T22:51:55.838584+00:00,0,0,0,,,,,,,,,,,,,,,,,,,,,,,,,,,
mariogan::level_55.txt,mariogan,1,0,1,0,0,0,1,0.646,0.0,0.0,1.0,0.646,0,0,0,0,0,0,0,0,0,1.0,2026-01-07T22:51:55.838584+00:00,0,0,0,,,,,,,,,,,,,,,,,,,,,,,,,,,
marioDiffusion::level_67.txt,marioDiffusion,1,1,0,0,0,0,1,13.476,1.0,0.0,1.0,13.476,0,0,0,0,1,0,0,0,0,1.0,2026-01-07T23:09:13.752391+00:00,0,0,0,,,,,,,,,,,,,,,,,,,,,,,,,,,
patternCount::lvl-53.txt,patternCount,1,0,1,0,0,0,1,1.381,0.0,0.0,1.0,1.381,0,0,1,0,0,0,0,0,0,1.0,2026-01-07T23:09:13.752391+00:00,0,0,0,,,,,,,,,,,,,,,,,,,,,,,,,,,
notchParam::lvl-15.txt,notchParam,1,0,1,0,0,0,1,6.714,0.0,0.0,1.0,6.714,0,0,0,0,0,0,0,0,0,1.0,2026-01-08T08:37:18.679000+00:00,0,0,0,,,,,,,,,,,,,,,,,,,,,,,,,,,
patternOccur::lvl-93.txt,patternOccur,1,1,0,0,0,0,1,8.171,1.0,0.0,1.0,8.171,0,0,0,0,0,0,0,0,0,1.0,2026-01-08T08:37:39.038136+00:00,0,0,0,,,,,,,,,,,,,,,,,,,,,,,,,,,
notchParamRand::lvl-72.txt,notchParamRand,1,0,1,0,0,0,1,9.516,0.0,0.0,1.0,9.516,0,0,0,0,0,0,0,0,0,1.0,2026-01-08T08:37:39.038136+00:00,0,0,0,,,,,,,,,,,,,,,,,,,,,,,,,,,
mariogan::level_77.txt,mariogan,1,0,1,0,0,0,1,0.681,0.0,0.0,1.0,0.681,0,0,0,0,0,0,0,0,0,1.0,2026-01-08T08:37:52.493854+00:00,0,0,0,,,,,,,,,,,,,,,,,,,,,,,,,,,
mariogan::level_9.txt,mariogan,1,1,0,0,0,0,1,4.782,1.0,0.0,1.0,4.782,0,0,0,0,0,0,0,0,0,1.0,2026-01-08T08:38:21.301728+00:00,0,0,0,,,,,,,,,,,,,,,,,,,,,,,,,,,
patternWeightCount::lvl-86.txt,patternWeightCount,1,0,1,0,0,0,1,18.679,0.0,0.0,1.0,18.679,0,0,0,0,0,0,0,0,0,1.0,2026-01-08T08:38:21.301728+00:00,0,0,0,,,,,,,,,,,,,,,,,,,,,,,,,,,
ore::lvl-32.txt,ore,1,0,1,0,0,0,1,6.083,0.0,0.0,1.0,6.083,0,0,0,0,0,0,0,0,0,1.0,2026-01-08T08:39:57.246522+00:00,0,0,0,,,,,,,,,,,,,,,,,,,,,,,,,,,
mariogpt::level_004.txt,mariogpt,1,0,1,0,0,0,1,5.772,0.0,0.0,1.0,5.772,0,0,0,0,0,0,0,0,0,1.0,2026-01-08T09:13:51.169118+00:00,0,1,0,,,,,,,,,,,,,,,,,,,,,,,,,,,
marioDiffusion::level_71.txt,marioDiffusion,1,1,0,0,0,0,1,35.05,1.0,0.0,1.0,35.05,0,0,0,0,0,0,0,0,0,1.0,2026-01-08T09:14:44.734636+00:00,0,1,0,,,,,,,,,,,,,,,,,,,,,,,,,,,
patternWeightCount::lvl-51.txt,patternWeightCount,1,0,1,0,0,0,1,8.549,0.0,0.0,1.0,8.549,0,0,0,0,0,0,0,0,0,1.0,2026-01-08T09:15:16.070793+00:00,0,0,0,,,,,,,,,,,,,,,,,,,,,,,,,,,
marioDiffusion::level_25.txt,marioDiffusion,1,1,0,0,0,1,0,36.247,1.0,1.0,0.0,36.247,1,0,0,0,0,0,0,0,0,0.0,2026-01-08T10:33:53.880331+00:00,0,0,0,,,,,,,,,,,,,,,,,,,,,,,,,,,
ore::lvl-36.txt,ore,1,0,1,0,0,0,1,7.016,0.0,0.0,1.0,7.016,0,0,0,0,0,0,0,0,0,1.0,2026-01-08T10:33:53.880331+00:00,0,0,0,,,,,,,,,,,,,,,,,,,,,,,,,,,
mariogan::level_59.txt,mariogan,1,1,0,0,0,0,1,5.274,1.0,0.0,1.0,5.274,0,0,0,0,0,0,0,0,0,1.0,2026-01-08T10:34:04.441253+00:00,0,0,0,,,,,,,,,,,,,,,,,,,,,,,,,,,
notch::lvl-95.txt,notch,1,0,1,0,0,0,1,2.716,0.0,0.0,1.0,2.716,0,0,0,0,0,0,0,0,0,1.0,2026-01-08T10:34:04.441253+00:00,0,0,0,,,,,,,,,,,,,,,,,,,,,,,,,,,
notch::lvl-26.txt,notch,1,1,0,0,0,1,0,20.945,1.0,1.0,0.0,20.945,0,0,0,0,0,0,0,0,0,0.0,2026-01-08T10:59:17.880734+00:00,0,0,0,,,,,,,,,,,,,,,,,,,,,,,,,,,
patternCount::lvl-93.txt,patternCount,1,0,1,0,0,0,1,0.712,0.0,0.0,1.0,0.712,0,0,0,0,0,0,0,0,0,1.0,2026-01-08T10:59:44.632230+00:00,0,0,0,,,,,,,,,,,,,,,,,,,,,,,,,,,
patternWeightCount::lvl-79.txt,patternWeightCount,1,1,0,0,0,0,1,26.785,1.0,0.0,1.0,26.785,0,0,0,0,0,0,0,0,0,1.0,2026-01-08T12:48:03.053412+00:00,0,0,0,,,,,,,,,,,,,,,,,,,,,,,,,,,
patternCount::lvl-35.txt,patternCount,1,0,1,0,0,0,1,0.714,0.0,0.0,1.0,0.714,0,0,1,0,0,0,0,0,0,1.0,2026-01-08T12:48:03.053412+00:00,0,0,0,,,,,,,,,,,,,,,,,,,,,,,,,,,
notch::lvl-51.txt,notch,1,0,1,0,0,0,1,6.305,0.0,0.0,1.0,6.305,0,0,0,0,0,0,0,0,0,1.0,2026-01-08T12:49:16.563956+00:00,0,0,0,,,,,,,,,,,,,,,,,,,,,,,,,,,
notchParamRand::lvl-9.txt,notchParamRand,1,0,1,0,0,0,1,7.316,0.0,0.0,1.0,7.316,0,0,0,0,0,0,0,0,0,1.0,2026-01-08T13:45:38.118259+00:00,0,0,0,,,,,,,,,,,,,,,,,,,,,,,,,,,
notchParam::lvl-42.txt,notchParam,1,1,0,0,0,0,1,2.117,1.0,0.0,1.0,2.117,0,1,0,0,0,0,0,0,0,1.0,2026-01-08T13:45:54.910249+00:00,0,0,0,,,,,,,,,,,,,,,,,,,,,,,,,,,
patternOccur::lvl-49.txt,patternOccur,1,0,1,0,0,0,0,0.0,0.0,0.0,0.0,0.0,0,1,0,0,0,0,0,0,0,1.0,2026-01-08T13:45:54.910249+00:00,1,1,0,,,,,,,,,,,,,,,,,,,,,,,,,,,
mariogan::level_64.txt,mariogan,1,0,1,0,0,0,1,2.948,0.0,0.0,1.0,2.948,0,0,0,0,0,0,0,0,0,1.0,2026-01-08T14:09:03.208238+00:00,0,1,0,,,,,,,,,,,,,,,,,,,,,,,,,,,
patternCount::lvl-96.txt,patternCount,1,0,1,0,0,1,0,80.509,0.0,1.0,0.0,80.509,0,0,1,0,0,0,0,0,0,0.0,2026-01-08T14:10:33.664771+00:00,0,0,0,,,,,,,,,,,,,,,,,,,,,,,,,,,
mariogpt::level_056.txt,mariogpt,1,1,0,0,0,0,1,5.875,1.0,0.0,1.0,5.875,0,0,0,0,0,0,0,0,0,1.0,2026-01-08T14:10:42.782136+00:00,0,0,0,,,,,,,,,,,,,,,,,,,,,,,,,,,
hopper::lvl-31.txt,hopper,1,0,1,0,0,0,1,1.347,0.0,0.0,1.0,1.347,0,0,0,0,0,0,0,0,0,1.0,2026-01-08T14:10:42.782136+00:00,0,0,0,,,,,,,,,,,,,,,,,,,,,,,,,,,
hopper::lvl-1.txt,hopper,1,1,0,0,0,0,1,15.546,1.0,0.0,1.0,15.546,0,0,0,0,0,0,0,0,0,1.0,2026-01-08T14:12:08.781447+00:00,0,0,0,,,,,,,,,,,,,,,,,,,,,,,,,,,
patternOccur::lvl-26.txt,patternOccur,1,0,1,0,0,0,1,11.48,0.0,0.0,1.0,11.48,0,0,0,0,0,0,0,0,0,1.0,2026-01-08T14:12:08.781447+00:00,0,0,0,,,,,,,,,,,,,,,,,,,,,,,,,,,
notchParamRand::lvl-20.txt,notchParamRand,1,0,1,0,0,0,1,5.817,0.0,0.0,1.0,5.817,0,0,0,0,0,0,0,0,0,1.0,2026-01-08T14:15:00.184000+00:00,0,0,0,,,,,,,,,,,,,,,,,,,,,,,,,,,
patternCount::lvl-23.txt,patternCount,1,0,1,0,0,0,1,3.149,0.0,0.0,1.0,3.149,0,0,0,0,0,0,0,0,0,1.0,2026-01-08T14:16:10.378729+00:00,0,0,0,,,,,,,,,,,,,,,,,,,,,,,,,,,
notchParamRand::lvl-38.txt,notchParamRand,1,0,1,0,0,0,1,8.546,0.0,0.0,1.0,8.546,0,0,0,0,0,0,0,0,0,1.0,2026-01-08T14:17:26.889986+00:00,0,0,0,,,,,,,,,,,,,,,,,,,,,,,,,,,
genetic::lvl-78.txt,genetic,1,0,1,0,0,0,1,4.577,0.0,0.0,1.0,4.577,0,0,0,0,0,0,0,0,0,1.0,2026-01-08T14:22:01.284707+00:00,0,0,0,,,,,,,,,,,,,,,,,,,,,,,,,,,
notch::lvl-23.txt,notch,1,1,0,0,0,0,1,14.303,1.0,0.0,1.0,14.303,0,0,0,0,0,0,0,0,0,1.0,2026-01-08T14:35:44.790940+00:00,0,0,0,,,,,,,,,,,,,,,,,,,,,,,,,,,
notch::lvl-44.txt,notch,1,1,0,0,0,0,1,2.345,1.0,0.0,1.0,2.345,0,0,0,0,0,0,0,0,0,1.0,2026-01-08T14:37:41.407276+00:00,0,0,0,,,,,,,,,,,,,,,,,,,,,,,,,,,
notch::lvl-72.txt,notch,1,1,0,0,0,0,1,3.97,1.0,0.0,1.0,3.97,0,0,0,0,0,0,0,0,0,1.0,2026-01-08T15:16:21.181865+00:00,0,0,0,,,,,,,,,,,,,,,,,,,,,,,,,,,
notchParamRand::lvl-48.txt,notchParamRand,1,0,1,0,0,0,1,1.548,0.0,0.0,1.0,1.548,0,0,0,0,0,0,0,0,0,1.0,2026-01-08T15:16:21.181865+00:00,0,0,0,,,,,,,,,,,,,,,,,,,,,,,,,,,
notchParam::lvl-39.txt,notchParam,1,0,1,0,0,0,1,6.069,0.0,0.0,1.0,6.069,0,1,0,0,0,0,0,0,0,1.0,2026-01-08T15:17:04.220238+00:00,0,0,0,,,,,,,,,,,,,,,,,,,,,,,,,,,
mariogan::level_96.txt,mariogan,1,1,0,0,0,0,1,24.783,1.0,0.0,1.0,24.783,0,0,0,0,0,0,0,0,0,1.0,2026-01-08T15:17:04.220238+00:00,0,0,1,,,,,,,,,,,,,,,,,,,,,,,,,,,
mariogpt::level_002.txt,mariogpt,1,0,1,0,0,0,1,0.805,0.0,0.0,1.0,0.805,0,0,0,0,0,0,0,0,0,1.0,2026-01-08T15:17:57.170837+00:00,0,0,0,,,,,,,,,,,,,,,,,,,,,,,,,,,
patternCount::lvl-88.txt,patternCount,1,0,0,0,1,0,1,0.605,,0.0,1.0,0.605,0,0,0,0,0,0,0,0,0,1.0,2026-01-08T15:18:32.844423+00:00,0,0,0,,,,,,,,,,,,,,,,,,,,,,,,,,,
marioDiffusion::level_18.txt,marioDiffusion,1,0,0,1,0,0,1,0.711,,0.0,1.0,0.711,0,0,0,0,0,0,0,0,0,1.0,2026-01-08T15:19:05.460369+00:00,0,1,0,,,,,,,,,,,,,,,,,,,,,,,,,,,
ore::lvl-14.txt,ore,1,0,0,0,1,0,1,2.177,,0.0,1.0,2.177,0,0,0,0,0,0,0,0,0,1.0,2026-01-08T15:19:41.095061+00:00,0,0,0,,,,,,,,,,,,,,,,,,,,,,,,,,,
patternCount::lvl-14.txt,patternCount,1,0,0,0,1,0,1,3.211,,0.0,1.0,3.211,0,0,0,0,0,0,0,0,0,1.0,2026-01-08T15:20:05.343031+00:00,0,0,0,,,,,,,,,,,,,,,,,,,,,,,,,,,
mariogpt::level_058.txt,mariogpt,1,0,1,0,0,0,1,1.737,0.0,0.0,1.0,1.737,0,0,0,0,0,0,0,0,0,1.0,2026-01-08T15:29:53.644730+00:00,0,0,0,,,,,,,,,,,,,,,,,,,,,,,,,,,
notchParamRand::lvl-17.txt,notchParamRand,1,0,0,1,0,0,1,31.406,,0.0,1.0,31.406,0,1,0,1,0,0,0,0,0,1.0,2026-01-08T15:31:12.390892+00:00,0,0,0,,,,,,,,,,,,,,,,,,,,,,,,,,,
genetic::lvl-33.txt,genetic,1,0,0,1,0,0,1,16.84,,0.0,1.0,16.84,0,0,0,0,0,0,0,0,0,1.0,2026-01-08T15:31:12.390892+00:00,0,0,0,,,,,,,,,,,,,,,,,,,,,,,,,,,
ore::lvl-81.txt,ore,1,0,0,0,1,0,1,4.241,,0.0,1.0,4.241,0,0,0,0,0,0,0,0,0,1.0,2026-01-09T09:59:32.726193+00:00,0,0,0,,,,,,,,,,,,,,,,,,,,,,,,,,,
notch::lvl-4.txt,notch,1,1,0,0,0,1,0,21.637,1.0,1.0,0.0,21.637,0,0,0,0,0,0,0,0,0,0.0,2026-01-11T15:47:15.369073+00:00,0,0,0,,,,,,,,,,,,,,,,,,,,,,,,,,,
notchParam::lvl-43.txt,notchParam,1,0,1,0,0,0,1,2.615,0.0,0.0,1.0,2.615,0,0,0,0,0,0,0,0,0,1.0,2026-01-11T15:47:15.369073+00:00,0,0,0,,,,,,,,,,,,,,,,,,,,,,,,,,,
patternOccur::lvl-91.txt,patternOccur,1,1,0,0,0,0,1,37.049,1.0,0.0,1.0,37.049,0,0,0,0,0,0,0,0,0,1.0,2026-01-12T11:03:10.370560+00:00,0,0,0,,,,,,,,,,,,,,,,,,,,,,,,,,,
patternOccur::lvl-27.txt,patternOccur,1,1,0,0,0,0,1,17.639,1.0,0.0,1.0,17.639,0,0,0,0,0,0,0,0,0,1.0,2026-01-12T11:03:50.341057+00:00,0,0,0,,,,,,,,,,,,,,,,,,,,,,,,,,,
notchParam::lvl-51.txt,notchParam,1,0,0,1,0,0,1,22.809,,0.0,1.0,22.809,0,0,0,0,0,0,0,0,0,1.0,2026-01-12T11:04:42.334002+00:00,0,0,0,,,,,,,,,,,,,,,,,,,,,,,,,,,
mariogan::level_28.txt,mariogan,1,0,1,0,0,0,1,23.278,0.0,0.0,1.0,23.278,0,0,0,0,0,0,0,0,0,1.0,2026-01-12T11:05:25.764047+00:00,0,1,0,,,,,,,,,,,,,,,,,,,,,,,,,,,
patternCount::lvl-71.txt,patternCount,1,0,0,0,1,0,1,2.171,,0.0,1.0,2.171,0,0,0,0,0,0,0,0,0,1.0,2026-01-12T11:06:05.495636+00:00,0,0,0,,,,,,,,,,,,,,,,,,,,,,,,,,,
notchParam::lvl-71.txt,notchParam,1,1,0,0,0,0,1,5.67,1.0,0.0,1.0,5.67,0,0,0,0,0,0,0,0,0,1.0,2026-01-13T17:12:50.472962+00:00,0,0,0,,,,,,,,,,,,,,,,,,,,,,,,,,,
patternOccur::lvl-41.txt,patternOccur,1,0,1,0,0,0,1,39.306,0.0,0.0,1.0,39.306,0,0,0,0,0,0,0,0,0,1.0,2026-01-13T17:15:48.225208+00:00,0,0,0,,,,,,,,,,,,,,,,,,,,,,,,,,,
patternCount::lvl-1.txt,patternCount,1,0,1,0,0,0,1,0.731,0.0,0.0,1.0,0.731,0,0,0,0,0,0,0,0,0,1.0,2026-01-13T17:17:16.524218+00:00,0,0,0,,,,,,,,,,,,,,,,,,,,,,,,,,,
notchParam::lvl-61.txt,notchParam,1,0,1,0,0,0,1,3.869,0.0,0.0,1.0,3.869,0,0,0,0,0,0,0,0,0,1.0,2026-01-13T17:17:30.409766+00:00,0,0,0,,,,,,,,,,,,,,,,,,,,,,,,,,,
genetic::lvl-50.txt,genetic,1,1,0,0,0,0,1,7.805,1.0,0.0,1.0,7.805,0,0,0,0,0,0,0,0,0,1.0,2026-01-13T17:17:30.409766+00:00,0,0,0,,,,,,,,,,,,,,,,,,,,,,,,,,,
ore::lvl-69.txt,ore,1,1,0,0,0,0,1,7.777,1.0,0.0,1.0,7.777,0,0,0,0,0,0,0,0,0,1.0,2026-01-14T14:24:35.079616+00:00,0,0,0,,,,,,,,,,,,,,,,,,,,,,,,,,,
notchParam::lvl-86.txt,notchParam,1,0,1,0,0,0,1,2.171,0.0,0.0,1.0,2.171,0,0,0,0,0,0,0,0,0,1.0,2026-01-14T14:24:35.079616+00:00,0,0,0,,,,,,,,,,,,,,,,,,,,,,,,,,,
patternCount::lvl-3.txt,patternCount,1,0,1,0,0,0,1,25.909,0.0,0.0,1.0,25.909,0,0,0,0,0,0,0,0,0,1.0,2026-01-14T14:25:16.054367+00:00,0,0,0,,,,,,,,,,,,,,,,,,,,,,,,,,,
notchParamRand::lvl-27.txt,notchParamRand,1,0,1,0,0,1,0,11.042,0.0,1.0,0.0,11.042,0,0,0,0,0,0,0,0,0,0.0,2026-01-14T14:25:52.298954+00:00,0,0,0,,,,,,,,,,,,,,,,,,,,,,,,,,,
notch::lvl-83.txt,notch,1,0,1,0,0,0,1,2.169,0.0,0.0,1.0,2.169,0,0,0,0,0,0,0,0,0,1.0,2026-01-14T14:26:07.935796+00:00,0,0,0,,,,,,,,,,,,,,,,,,,,,,,,,,,
genetic::lvl-56.txt,genetic,1,1,0,0,0,0,1,7.848,1.0,0.0,1.0,7.848,0,0,0,0,0,0,0,0,0,1.0,2026-01-14T21:28:15.285907+00:00,0,0,0,,,,,,,,,,,,,,,,,,,,,,,,,,,
notchParamRand::lvl-11.txt,notchParamRand,1,0,1,0,0,0,1,10.473,0.0,0.0,1.0,10.473,0,0,0,0,0,0,0,0,0,1.0,2026-01-14T21:28:15.285907+00:00,0,0,0,,,,,,,,,,,,,,,,,,,,,,,,,,,
marioDiffusion::level_6.txt,marioDiffusion,1,1,0,0,0,0,1,0.437,1.0,0.0,1.0,0.437,0,0,0,0,0,0,0,0,0,1.0,2026-01-14T21:28:21.548338+00:00,0,0,0,,,,,,,,,,,,,,,,,,,,,,,,,,,
genetic::lvl-4.txt,genetic,1,0,1,0,0,0,1,3.005,0.0,0.0,1.0,3.005,0,0,0,0,0,0,0,0,0,1.0,2026-01-14T21:28:29.604898+00:00,0,0,0,,,,,,,,,,,,,,,,,,,,,,,,,,,
mariogan::level_42.txt,mariogan,1,0,1,0,0,1,0,22.216,0.0,1.0,0.0,22.216,0,0,0,0,0,0,0,0,0,0.0,2026-01-14T21:28:59.706996+00:00,0,0,0,,,,,,,,,,,,,,,,,,,,,,,,,,,
patternCount::lvl-77.txt,patternCount,1,1,0,0,0,0,1,0.709,1.0,0.0,1.0,0.709,0,0,0,0,0,0,0,0,0,1.0,2026-01-14T21:29:07.102222+00:00,0,0,0,,,,,,,,,,,,,,,,,,,,,,,,,,,
mariogpt::level_007.txt,mariogpt,1,1,0,0,0,1,0,32.274,1.0,1.0,0.0,32.274,0,0,0,0,0,0,0,0,0,0.0,2026-01-14T21:29:54.237735+00:00,0,0,0,,,,,,,,,,,,,,,,,,,,,,,,,,,
mariogpt::level_000.txt,mariogpt,1,0,0,1,0,1,0,49.236,,1.0,0.0,49.236,0,0,0,0,0,0,0,0,0,0.0,2026-01-17T09:59:00.037522+00:00,0,0,0,,,,,,,,,,,,,,,,,,,,,,,,,,,
hopper::lvl-79.txt,hopper,1,1,0,0,0,0,1,4.412,1.0,0.0,1.0,4.412,0,0,0,0,0,0,0,0,0,1.0,2026-01-17T10:00:04.653546+00:00,0,0,0,,,,,,,,,,,,,,,,,,,,,,,,,,,
patternCount::lvl-7.txt,patternCount,1,0,1,0,0,0,1,1.617,0.0,0.0,1.0,1.617,0,0,0,0,0,0,0,0,0,1.0,2026-01-17T10:00:04.653546+00:00,0,0,0,,,,,,,,,,,,,,,,,,,,,,,,,,,
marioDiffusion::level_49.txt,marioDiffusion,1,0,1,0,0,0,1,5.472,0.0,0.0,1.0,5.472,0,0,0,0,0,0,0,0,0,1.0,2026-01-17T10:06:40.282334+00:00,0,0,0,,,,,,,,,,,,,,,,,,,,,,,,,,,
mariogpt::level_087.txt,mariogpt,1,1,0,0,0,0,1,4.57,1.0,0.0,1.0,4.57,0,0,0,0,0,0,0,0,0,1.0,2026-01-17T10:06:40.282334+00:00,0,0,0,,,,,,,,,,,,,,,,,,,,,,,,,,,
notchParamRand::lvl-28.txt,notchParamRand,1,0,0,1,0,1,0,31.578,,1.0,0.0,31.578,0,0,0,0,0,0,0,0,0,0.0,2026-01-17T10:13:23.375450+00:00,0,0,0,,,,,,,,,,,,,,,,,,,,,,,,,,,
genetic::lvl-69.txt,genetic,1,0,0,1,0,1,0,16.444,,1.0,0.0,16.444,0,0,0,0,0,0,0,0,0,0.0,2026-01-17T10:13:23.375450+00:00,0,0,0,,,,,,,,,,,,,,,,,,,,,,,,,,,
ore::lvl-38.txt,ore,1,1,0,0,0,0,1,21.885,1.0,0.0,1.0,21.885,0,0,0,0,0,0,0,0,0,1.0,2026-01-17T10:14:05.708245+00:00,0,0,0,,,,,,,,,,,,,,,,,,,,,,,,,,,
mariogan::level_54.txt,mariogan,1,0,1,0,0,0,1,17.717,0.0,0.0,1.0,17.717,0,0,0,0,0,0,0,0,0,1.0,2026-01-17T10:15:23.993274+00:00,0,0,0,,,,,,,,,,,,,,,,,,,,,,,,,,,
mariogan::level_63.txt,mariogan,1,1,0,0,0,0,1,17.345,1.0,0.0,1.0,17.345,0,0,0,0,0,0,0,0,0,1.0,2026-01-17T10:15:56.860889+00:00,0,0,0,,,,,,,,,,,,,,,,,,,,,,,,,,,
patternOccur::lvl-67.txt,patternOccur,1,0,1,0,0,0,1,1.91,0.0,0.0,1.0,1.91,0,0,0,0,0,0,0,0,0,1.0,2026-01-20T14:52:52.405334+00:00,0,0,0,,,,,,,,,,,,,,,,,,,,,,,,,,,
notchParam::lvl-38.txt,notchParam,1,0,0,1,0,0,1,4.842,,0.0,1.0,4.842,0,0,0,0,0,0,0,0,0,1.0,2026-01-20T14:53:14.860716+00:00,0,0,0,,,,,,,,,,,,,,,,,,,,,,,,,,,
ore::lvl-18.txt,ore,1,1,0,0,0,0,1,10.539,1.0,0.0,1.0,10.539,0,0,0,0,0,0,0,0,0,1.0,2026-01-20T14:53:54.162196+00:00,0,0,0,,,,,,,,,,,,,,,,,,,,,,,,,,,
ore::lvl-15.txt,ore,1,0,1,0,0,0,1,3.779,0.0,0.0,1.0,3.779,0,0,0,0,0,0,0,0,0,1.0,2026-01-20T14:55:55.835900+00:00,0,0,0,,,,,,,,,,,,,,,,,,,,,,,,,,,
notchParamRand::lvl-74.txt,notchParamRand,1,0,1,0,0,1,0,12.245,0.0,1.0,0.0,12.245,0,0,0,0,0,0,0,0,0,0.0,2026-01-20T15:14:48.977713+00:00,0,0,0,,,,,,,,,,,,,,,,,,,,,,,,,,,
marioDiffusion::level_34.txt,marioDiffusion,1,1,0,0,0,0,1,0.917,1.0,0.0,1.0,0.917,0,0,0,0,0,0,0,0,0,1.0,2026-01-20T15:14:48.977713+00:00,0,0,0,,,,,,,,,,,,,,,,,,,,,,,,,,,
marioDiffusion::level_85.txt,marioDiffusion,1,0,1,0,0,0,1,5.578,0.0,0.0,1.0,5.578,0,0,0,0,0,0,0,0,0,1.0,2026-01-20T15:14:59.450302+00:00,0,0,0,,,,,,,,,,,,,,,,,,,,,,,,,,,
notchParamRand::lvl-46.txt,notchParamRand,1,0,1,0,0,1,0,17.844,0.0,1.0,0.0,17.844,0,0,0,0,0,0,0,0,0,0.0,2026-01-21T14:11:29.276667+00:00,0,0,0,,,,,,,,,,,,,,,,,,,,,,,,,,,
notch::lvl-43.txt,notch,1,1,0,0,0,1,0,21.081,1.0,1.0,0.0,21.081,0,0,0,0,0,0,0,0,0,0.0,2026-01-21T14:11:29.276667+00:00,0,0,0,,,,,,,,,,,,,,,,,,,,,,,,,,,
hopper::lvl-94.txt,hopper,1,1,0,0,0,0,1,3.146,1.0,0.0,1.0,3.146,0,0,0,0,0,0,0,0,0,1.0,2026-01-21T14:11:55.801374+00:00,0,0,0,,,,,,,,,,,,,,,,,,,,,,,,,,,
notchParam::lvl-74.txt,notchParam,1,0,1,0,0,1,0,18.781,0.0,1.0,0.0,18.781,0,0,0,0,0,0,0,0,0,0.0,2026-01-21T14:11:55.801374+00:00,0,0,0,,,,,,,,,,,,,,,,,,,,,,,,,,,
mariogpt::level_018.txt,mariogpt,1,1,0,0,0,1,0,30.315,1.0,1.0,0.0,30.315,0,0,0,0,0,0,0,0,0,0.0,2026-01-21T14:15:00.066673+00:00,0,0,0,,,,,,,,,,,,,,,,,,,,,,,,,,,
ore::lvl-49.txt,ore,1,1,0,0,0,1,0,39.54,1.0,1.0,0.0,39.54,0,0,0,0,0,0,0,0,0,0.0,2026-01-21T14:31:10.282306+00:00,0,0,0,,,,,,,,,,,,,,,,,,,,,,,,,,,
patternOccur::lvl-76.txt,patternOccur,1,0,1,0,0,0,1,0.716,0.0,0.0,1.0,0.716,0,0,0,0,0,0,0,0,0,1.0,2026-01-21T14:31:10.282306+00:00,0,0,0,,,,,,,,,,,,,,,,,,,,,,,,,,,
patternWeightCount::lvl-54.txt,patternWeightCount,1,0,1,0,0,0,0,0.0,0.0,0.0,0.0,0.0,0,0,0,0,0,0,0,0,0,1.0,2026-01-22T10:40:11.334519+00:00,1,0,0,,,,,,,,,,,,,,,,,,,,,,,,,,,
marioDiffusion::level_37.txt,marioDiffusion,1,0,0,1,0,0,1,12.483,,0.0,1.0,12.483,0,0,0,0,0,0,0,0,0,1.0,2026-01-22T10:45:46.981668+00:00,0,0,0,,,,,,,,,,,,,,,,,,,,,,,,,,,
notchParam::lvl-66.txt,notchParam,1,0,0,1,0,0,1,6.972,,0.0,1.0,6.972,0,0,0,0,0,0,0,0,0,1.0,2026-01-22T10:46:31.136453+00:00,0,0,0,,,,,,,,,,,,,,,,,,,,,,,,,,,
notch::lvl-31.txt,notch,1,0,0,1,0,0,1,3.783,,0.0,1.0,3.783,0,0,0,0,0,0,0,0,0,1.0,2026-01-22T10:46:31.136453+00:00,0,0,0,,,,,,,,,,,,,,,,,,,,,,,,,,,
genetic::lvl-80.txt,genetic,1,1,0,0,0,1,0,27.451,1.0,1.0,0.0,27.451,0,0,0,0,0,0,0,0,0,0.0,2026-01-22T10:54:14.250372+00:00,0,0,0,,,,,,,,,,,,,,,,,,,,,,,,,,,
notchParam::lvl-98.txt,notchParam,1,0,1,0,0,0,1,12.283,0.0,0.0,1.0,12.283,0,0,0,0,0,0,0,0,0,1.0,2026-01-22T10:54:14.250372+00:00,0,0,0,,,,,,,,,,,,,,,,,,,,,,,,,,,
patternWeightCount::lvl-10.txt,patternWeightCount,1,1,0,0,0,0,1,17.25,1.0,0.0,1.0,17.25,0,0,0,0,0,0,0,0,0,1.0,2026-01-22T10:58:53.073040+00:00,0,0,0,,,,,,,,,,,,,,,,,,,,,,,,,,,
patternWeightCount::lvl-65.txt,patternWeightCount,1,0,1,0,0,0,1,1.743,0.0,0.0,1.0,1.743,0,0,0,0,0,0,0,0,0,1.0,2026-01-22T14:03:22.105570+00:00,0,0,0,,,,,,,,,,,,,,,,,,,,,,,,,,,
mariogpt::level_053.txt,mariogpt,1,0,1,0,0,0,1,0.071,0.0,0.0,1.0,0.071,0,0,0,0,0,0,0,0,0,1.0,2026-01-23T17:40:33.772026+00:00,0,0,0,,,,,,,,,,,,,,,,,,,,,,,,,,,
ore::lvl-12.txt,ore,1,1,0,0,0,1,0,43.216,1.0,1.0,0.0,43.216,0,0,0,0,0,0,0,0,0,0.0,2026-01-23T17:40:33.772026+00:00,0,0,0,,,,,,,,,,,,,,,,,,,,,,,,,,,
marioDiffusion::level_94.txt,marioDiffusion,1,0,1,0,0,0,1,9.375,0.0,0.0,1.0,9.375,0,0,0,0,0,0,0,0,0,1.0,2026-01-23T17:41:29.536119+00:00,0,0,0,,,,,,,,,,,,,,,,,,,,,,,,,,,
patternWeightCount::lvl-50.txt,patternWeightCount,1,0,1,0,0,0,1,0.714,0.0,0.0,1.0,0.714,0,0,0,0,0,0,0,0,0,1.0,2026-01-23T17:42:29.502102+00:00,0,0,0,,,,,,,,,,,,,,,,,,,,,,,,,,,
ore::lvl-54.txt,ore,1,1,0,0,0,0,1,33.384,1.0,0.0,1.0,33.384,0,0,0,0,0,0,0,0,0,1.0,2026-01-23T17:43:10.475648+00:00,0,0,0,,,,,,,,,,,,,,,,,,,,,,,,,,,
notchParam::lvl-34.txt,notchParam,1,0,1,0,0,0,1,5.585,0.0,0.0,1.0,5.585,0,0,0,0,0,0,0,0,0,1.0,2026-01-23T17:43:10.475648+00:00,0,0,0,,,,,,,,,,,,,,,,,,,,,,,,,,,
notchParam::lvl-13.txt,notchParam,1,0,1,0,0,1,0,27.573,0.0,1.0,0.0,27.573,0,0,0,0,0,0,0,0,0,0.0,2026-01-23T17:44:04.308308+00:00,0,0,0,,,,,,,,,,,,,,,,,,,,,,,,,,,
patternCount::lvl-17.txt,patternCount,1,0,1,0,0,0,1,6.979,0.0,0.0,1.0,6.979,0,0,0,0,0,0,0,0,0,1.0,2026-01-23T17:44:47.537989+00:00,0,0,0,,,,,,,,,,,,,,,,,,,,,,,,,,,
notchParamRand::lvl-14.txt,notchParamRand,1,1,0,0,0,1,0,27.57,1.0,1.0,0.0,27.57,0,0,0,0,0,0,0,0,0,0.0,2026-01-23T17:44:47.537989+00:00,0,0,0,,,,,,,,,,,,,,,,,,,,,,,,,,,
patternCount::lvl-13.txt,patternCount,1,0,1,0,0,0,1,3.204,0.0,0.0,1.0,3.204,0,0,0,0,0,0,0,0,0,1.0,2026-01-24T09:52:46.063343+00:00,0,0,0,,,,,,,,,,,,,,,,,,,,,,,,,,,
genetic::lvl-2.txt,genetic,1,1,0,0,0,0,1,6.113,1.0,0.0,1.0,6.113,0,0,0,0,0,0,0,0,0,1.0,2026-01-24T09:52:46.063343+00:00,0,0,0,,,,,,,,,,,,,,,,,,,,,,,,,,,
marioDiffusion::level_47.txt,marioDiffusion,1,0,1,0,0,0,1,0.717,0.0,0.0,1.0,0.717,0,0,0,0,0,0,0,0,0,1.0,2026-01-24T09:53:04.484919+00:00,0,1,0,,,,,,,,,,,,,,,,,,,,,,,,,,,
mariogpt::level_083.txt,mariogpt,1,1,0,0,0,1,0,32.773,1.0,1.0,0.0,32.773,0,0,0,0,0,0,0,0,0,0.0,2026-01-24T18:15:07.378411+00:00,0,0,0,,,,,,,,,,,,,,,,,,,,,,,,,,,
notchParam::lvl-31.txt,notchParam,1,0,0,1,0,0,1,3.208,,0.0,1.0,3.208,0,0,0,0,0,0,0,0,0,1.0,2026-01-24T18:15:42.258325+00:00,0,0,0,,,,,,,,,,,,,,,,,,,,,,,,,,,
patternCount::lvl-46.txt,patternCount,1,0,0,1,0,0,1,28.212,,0.0,1.0,28.212,0,0,0,0,0,0,0,0,0,1.0,2026-01-24T18:15:42.258325+00:00,0,0,0,,,,,,,,,,,,,,,,,,,,,,,,,,,
notch::lvl-91.txt,notch,1,1,0,0,0,0,1,5.875,1.0,0.0,1.0,5.875,0,0,0,0,0,0,0,0,0,1.0,2026-01-24T18:15:53.901576+00:00,0,0,0,,,,,,,,,,,,,,,,,,,,,,,,,,,
genetic::lvl-53.txt,genetic,1,0,1,0,0,0,1,3.34,0.0,0.0,1.0,3.34,0,0,0,0,0,0,0,0,0,1.0,2026-01-24T18:15:53.901576+00:00,0,0,0,,,,,,,,,,,,,,,,,,,,,,,,,,,
marioDiffusion::level_75.txt,marioDiffusion,1,0,1,0,0,0,1,0.717,0.0,0.0,1.0,0.717,0,0,0,0,0,0,0,0,0,1.0,2026-01-24T18:16:01.421636+00:00,0,0,0,,,,,,,,,,,,,,,,,,,,,,,,,,,
marioDiffusion::level_63.txt,marioDiffusion,1,1,0,0,0,0,1,0.684,1.0,0.0,1.0,0.684,0,0,0,0,0,0,0,0,0,1.0,2026-01-25T11:51:13.356624+00:00,0,0,0,,,,,,,,,,,,,,,,,,,,,,,,,,,
patternWeightCount::lvl-61.txt,patternWeightCount,1,0,1,0,0,0,1,45.971,0.0,0.0,1.0,45.971,0,0,0,0,0,0,0,0,0,1.0,2026-01-25T11:51:13.356624+00:00,0,0,0,,,,,,,,,,,,,,,,,,,,,,,,,,,
ore::lvl-11.txt,ore,1,1,0,0,0,0,1,22.484,1.0,0.0,1.0,22.484,0,0,0,0,0,0,0,0,0,1.0,2026-01-25T11:51:52.946349+00:00,0,0,0,,,,,,,,,,,,,,,,,,,,,,,,,,,
hopper::lvl-52.txt,hopper,1,1,0,0,0,0,1,3.307,1.0,0.0,1.0,3.307,0,0,0,0,0,0,0,0,0,1.0,2026-01-25T11:52:02.846375+00:00,0,0,0,,,,,,,,,,,,,,,,,,,,,,,,,,,
patternOccur::lvl-62.txt,patternOccur,1,0,1,0,0,0,1,0.703,0.0,0.0,1.0,0.703,0,0,0,0,0,0,0,0,0,1.0,2026-01-25T12:04:27.068827+00:00,0,0,0,,,,,,,,,,,,,,,,,,,,,,,,,,,
notchParamRand::lvl-89.txt,notchParamRand,1,1,0,0,0,0,1,2.683,1.0,0.0,1.0,2.683,0,0,0,0,0,0,0,0,0,1.0,2026-01-25T12:04:35.542024+00:00,0,0,0,,,,,,,,,,,,,,,,,,,,,,,,,,,
patternOccur::lvl-88.txt,patternOccur,1,0,1,0,0,0,1,2.839,0.0,0.0,1.0,2.839,0,0,0,0,0,0,0,0,0,1.0,2026-01-25T12:04:35.542024+00:00,0,0,0,,,,,,,,,,,,,,,,,,,,,,,,,,,
genetic::lvl-10.txt,genetic,1,0,1,0,0,0,1,3.782,0.0,0.0,1.0,3.782,0,0,0,0,0,0,0,0,0,1.0,2026-01-25T16:09:25.488596+00:00,0,0,0,,,,,,,,,,,,,,,,,,,,,,,,,,,
notchParamRand::lvl-57.txt,notchParamRand,1,0,1,0,0,0,1,8.749,0.0,0.0,1.0,8.749,0,0,0,0,0,0,0,0,0,1.0,2026-01-25T16:14:42.653782+00:00,0,0,0,,,,,,,,,,,,,,,,,,,,,,,,,,,
genetic::lvl-60.txt,genetic,1,0,1,0,0,0,1,17.87,0.0,0.0,1.0,17.87,0,0,1,0,0,0,0,0,0,1.0,2026-01-25T16:41:59.993018+00:00,0,0,1,,,,,,,,,,,,,,,,,,,,,,,,,,,
notch::lvl-98.txt,notch,1,1,0,0,0,0,1,11.542,1.0,0.0,1.0,11.542,0,0,0,0,0,0,0,0,0,1.0,2026-01-25T16:42:24.197723+00:00,0,0,0,,,,,,,,,,,,,,,,,,,,,,,,,,,
marioDiffusion::level_66.txt,marioDiffusion,1,0,1,0,0,0,1,12.592,0.0,0.0,1.0,12.592,0,0,0,0,0,0,0,0,0,1.0,2026-01-25T16:42:24.197723+00:00,0,0,0,,,,,,,,,,,,,,,,,,,,,,,,,,,
patternCount::lvl-31.txt,patternCount,1,0,0,1,0,0,1,10.648,,0.0,1.0,10.648,0,0,0,0,0,0,0,0,0,1.0,2026-01-25T16:43:04.500489+00:00,0,0,1,,,,,,,,,,,,,,,,,,,,,,,,,,,
notchParam::lvl-24.txt,notchParam,1,0,0,1,0,0,1,10.029,,0.0,1.0,10.029,0,0,0,0,0,0,0,0,0,1.0,2026-01-25T16:43:04.500489+00:00,0,1,0,,,,,,,,,,,,,,,,,,,,,,,,,,,
hopper::lvl-11.txt,hopper,1,1,0,0,0,1,0,57.341,1.0,1.0,0.0,57.341,0,0,0,0,0,0,0,0,0,0.0,2026-01-25T16:43:34.104418+00:00,0,0,0,,,,,,,,,,,,,,,,,,,,,,,,,,,
patternWeightCount::lvl-83.txt,patternWeightCount,1,0,1,0,0,0,1,19.083,0.0,0.0,1.0,19.083,0,0,0,0,0,0,0,0,0,1.0,2026-01-25T16:43:34.104418+00:00,0,1,0,,,,,,,,,,,,,,,,,,,,,,,,,,,
notch::lvl-76.txt,notch,1,0,1,0,0,0,1,12.141,0.0,0.0,1.0,12.141,0,0,0,0,0,0,0,0,0,1.0,2026-01-25T16:43:49.382361+00:00,0,0,0,,,,,,,,,,,,,,,,,,,,,,,,,,,
patternOccur::lvl-25.txt,patternOccur,1,0,0,0,1,0,0,0.0,,0.0,0.0,0.0,0,0,0,0,0,0,0,0,0,1.0,2026-01-25T17:59:30.157351+00:00,1,0,0,,,,,,,,,,,,,,,,,,,,,,,,,,,
notch::lvl-55.txt,notch,1,0,0,0,1,0,1,17.78,,0.0,1.0,17.78,0,0,0,0,0,0,0,0,0,1.0,2026-01-25T18:34:28.571390+00:00,0,0,0,,,,,,,,,,,,,,,,,,,,,,,,,,,
patternCount::lvl-90.txt,patternCount,1,0,0,0,1,0,1,1.678,,0.0,1.0,1.678,0,0,0,0,0,0,0,0,0,1.0,2026-01-25T18:34:28.571390+00:00,0,0,0,,,,,,,,,,,,,,,,,,,,,,,,,,,
notchParamRand::lvl-99.txt,notchParamRand,1,0,0,0,1,0,1,2.642,,0.0,1.0,2.642,0,0,0,0,0,0,0,0,0,1.0,2026-01-25T18:34:46.234453+00:00,0,0,0,,,,,,,,,,,,,,,,,,,,,,,,,,,
marioDiffusion::level_79.txt,marioDiffusion,1,0,1,0,0,0,1,10.072,0.0,0.0,1.0,10.072,0,0,0,0,0,0,0,0,0,1.0,2026-01-25T19:06:48.427444+00:00,0,0,0,,,,,,,,,,,,,,,,,,,,,,,,,,,
patternWeightCount::lvl-96.txt,patternWeightCount,1,1,0,0,0,0,1,3.203,1.0,0.0,1.0,3.203,0,0,0,0,0,0,0,0,0,1.0,2026-01-25T19:07:18.615329+00:00,0,0,0,,,,,,,,,,,,,,,,,,,,,,,,,,,
patternWeightCount::lvl-98.txt,patternWeightCount,1,0,1,0,0,0,1,7.575,0.0,0.0,1.0,7.575,0,0,0,0,0,0,0,0,0,1.0,2026-01-25T19:08:41.148504+00:00,0,0,0,,,,,,,,,,,,,,,,,,,,,,,,,,,
genetic::lvl-55.txt,genetic,1,1,0,0,0,0,1,14.507,1.0,0.0,1.0,14.507,0,0,0,0,0,0,0,0,0,1.0,2026-01-25T19:08:41.148504+00:00,0,0,0,,,,,,,,,,,,,,,,,,,,,,,,,,,
patternWeightCount::lvl-100.txt,patternWeightCount,1,1,0,0,0,0,1,18.803,1.0,0.0,1.0,18.803,0,0,0,0,0,0,0,0,0,1.0,2026-01-25T19:09:13.635791+00:00,0,0,0,,,,,,,,,,,,,,,,,,,,,,,,,,,
notch::lvl-50.txt,notch,1,1,0,0,0,0,1,4.011,1.0,0.0,1.0,4.011,0,0,0,0,0,0,0,0,0,1.0,2026-01-25T19:09:23.674794+00:00,0,0,0,,,,,,,,,,,,,,,,,,,,,,,,,,,
patternWeightCount::lvl-90.txt,patternWeightCount,1,0,1,0,0,0,1,1.406,0.0,0.0,1.0,1.406,0,0,0,0,0,0,0,0,0,1.0,2026-01-25T19:09:23.674794+00:00,0,0,0,,,,,,,,,,,,,,,,,,,,,,,,,,,
notchParamRand::lvl-65.txt,notchParamRand,1,1,0,0,0,0,1,2.773,1.0,0.0,1.0,2.773,0,0,0,0,0,0,0,0,0,1.0,2026-01-25T19:09:54.020940+00:00,0,0,0,,,,,,,,,,,,,,,,,,,,,,,,,,,
marioDiffusion::level_45.txt,marioDiffusion,1,0,1,0,0,0,1,2.072,0.0,0.0,1.0,2.072,0,0,0,0,0,0,0,0,0,1.0,2026-01-25T19:09:54.020940+00:00,0,0,0,,,,,,,,,,,,,,,,,,,,,,,,,,,
notchParamRand::lvl-91.txt,notchParamRand,1,0,0,1,0,1,0,20.438,,1.0,0.0,20.438,0,0,0,0,0,0,0,0,0,0.0,2026-01-25T19:10:27.511401+00:00,0,0,0,,,,,,,,,,,,,,,,,,,,,,,,,,,
notch::lvl-62.txt,notch,1,0,0,1,0,0,1,2.609,,0.0,1.0,2.609,0,0,0,0,0,0,0,0,0,1.0,2026-01-25T19:10:27.511401+00:00,0,0,0,,,,,,,,,,,,,,,,,,,,,,,,,,,
patternCount::lvl-95.txt,patternCount,1,0,0,1,0,0,1,13.34,,0.0,1.0,13.34,0,0,0,0,0,0,0,0,0,1.0,2026-01-25T19:11:06.318955+00:00,0,0,0,,,,,,,,,,,,,,,,,,,,,,,,,,,
patternWeightCount::lvl-24.txt,patternWeightCount,1,0,0,1,0,0,1,17.172,,0.0,1.0,17.172,0,0,0,0,0,0,0,0,0,1.0,2026-01-25T19:11:06.318955+00:00,0,0,0,,,,,,,,,,,,,,,,,,,,,,,,,,,
patternWeightCount::lvl-13.txt,patternWeightCount,1,0,1,0,0,0,1,0.708,0.0,0.0,1.0,0.708,0,0,0,0,0,0,0,0,0,1.0,2026-01-25T19:57:29.656865+00:00,0,0,1,,,,,,,,,,,,,,,,,,,,,,,,,,,
notchParam::lvl-53.txt,notchParam,1,0,0,0,1,0,1,33.009,,0.0,1.0,33.009,0,0,0,0,0,0,0,0,0,1.0,2026-01-25T20:05:09.507720+00:00,0,0,0,,,,,,,,,,,,,,,,,,,,,,,,,,,
notchParamRand::lvl-47.txt,notchParamRand,1,0,0,1,0,0,1,6.643,,0.0,1.0,6.643,0,1,0,1,0,0,0,0,0,1.0,2026-01-25T21:00:58.433604+00:00,0,0,0,,,,,,,,,,,,,,,,,,,,,,,,,,,
marioDiffusion::level_82.txt,marioDiffusion,1,0,1,0,0,0,1,2.669,0.0,0.0,1.0,2.669,0,1,0,0,0,0,0,0,0,1.0,2026-01-25T21:02:10.521853+00:00,0,0,0,,,,,,,,,,,,,,,,,,,,,,,,,,,
patternCount::lvl-42.txt,patternCount,1,0,0,1,0,0,1,26.507,,0.0,1.0,26.507,0,0,0,0,0,0,0,0,0,1.0,2026-01-25T21:02:50.838203+00:00,0,0,1,,,,,,,,,,,,,,,,,,,,,,,,,,,
notchParam::lvl-87.txt,notchParam,1,0,0,0,1,0,1,26.476,,0.0,1.0,26.476,0,1,0,0,0,0,0,0,0,1.0,2026-01-25T21:23:57.238687+00:00,0,0,0,,,,,,,,,,,,,,,,,,,,,,,,,,,
ore::lvl-23.txt,ore,1,1,0,0,0,0,1,54.803,1.0,0.0,1.0,54.803,1,0,0,0,0,0,0,0,0,1.0,2026-01-25T21:25:35.245377+00:00,0,0,0,,,,,,,,,,,,,,,,,,,,,,,,,,,
notchParam::lvl-33.txt,notchParam,1,0,1,0,0,1,0,27.571,0.0,1.0,0.0,27.571,0,1,0,1,0,0,0,0,0,0.0,2026-01-25T21:25:35.245377+00:00,0,0,0,,,,,,,,,,,,,,,,,,,,,,,,,,,
notchParam::lvl-44.txt,notchParam,1,0,1,0,0,0,1,7.282,0.0,0.0,1.0,7.282,0,0,0,0,0,0,0,0,0,1.0,2026-01-25T21:26:27.852902+00:00,0,0,0,,,,,,,,,,,,,,,,,,,,,,,,,,,
marioDiffusion::level_38.txt,marioDiffusion,1,1,0,0,0,0,1,30.508,1.0,0.0,1.0,30.508,0,0,0,0,0,0,0,0,0,1.0,2026-01-25T21:26:27.852902+00:00,0,0,0,,,,,,,,,,,,,,,,,,,,,,,,,,,
mariogpt::level_096.txt,mariogpt,1,0,1,0,0,0,0,0.0,0.0,0.0,0.0,0.0,0,0,0,0,0,0,0,0,0,1.0,2026-01-25T21:27:06.420405+00:00,1,1,0,,,,,,,,,,,,,,,,,,,,,,,,,,,
patternWeightCount::lvl-78.txt,patternWeightCount,1,1,0,0,0,0,1,17.676,1.0,0.0,1.0,17.676,0,0,0,0,0,0,0,0,0,1.0,2026-01-25T21:27:06.420405+00:00,0,0,0,,,,,,,,,,,,,,,,,,,,,,,,,,,
notchParamRand::lvl-85.txt,notchParamRand,1,0,0,1,0,1,0,28.536,,1.0,0.0,28.536,0,1,0,0,0,0,0,0,0,0.0,2026-01-25T21:30:12.809304+00:00,0,0,0,,,,,,,,,,,,,,,,,,,,,,,,,,,
genetic::lvl-32.txt,genetic,1,0,1,0,0,0,1,30.142,0.0,0.0,1.0,30.142,0,0,0,0,0,0,0,0,0,1.0,2026-01-25T21:31:32.816441+00:00,0,0,0,,,,,,,,,,,,,,,,,,,,,,,,,,,
patternCount::lvl-18.txt,patternCount,1,1,0,0,0,0,1,15.712,1.0,0.0,1.0,15.712,1,0,0,0,0,0,0,0,0,1.0,2026-01-25T21:32:06.545484+00:00,0,0,0,,,,,,,,,,,,,,,,,,,,,,,,,,,
marioDiffusion::level_93.txt,marioDiffusion,1,0,1,0,0,0,1,5.136,0.0,0.0,1.0,5.136,0,0,0,0,0,0,0,0,0,1.0,2026-01-25T21:32:06.545484+00:00,0,1,0,,,,,,,,,,,,,,,,,,,,,,,,,,,
patternOccur::lvl-75.txt,patternOccur,1,1,0,0,0,0,1,26.54,1.0,0.0,1.0,26.54,0,0,0,0,0,0,0,0,0,1.0,2026-01-25T21:32:56.366467+00:00,0,0,0,,,,,,,,,,,,,,,,,,,,,,,,,,,
patternOccur::lvl-87.txt,patternOccur,1,0,1,0,0,0,1,0.709,0.0,0.0,1.0,0.709,0,0,1,0,0,0,0,0,0,1.0,2026-01-25T21:34:34.979594+00:00,0,0,0,,,,,,,,,,,,,,,,,,,,,,,,,,,
notch::lvl-39.txt,notch,1,1,0,0,0,0,1,8.805,1.0,0.0,1.0,8.805,0,0,0,0,0,0,0,0,0,1.0,2026-01-25T21:34:34.979594+00:00,0,0,0,,,,,,,,,,,,,,,,,,,,,,,,,,,
hopper::lvl-54.txt,hopper,1,0,1,0,0,1,0,59.774,0.0,1.0,0.0,59.774,0,0,0,0,0,0,0,0,0,0.0,2026-01-25T21:36:28.655012+00:00,0,0,0,,,,,,,,,,,,,,,,,,,,,,,,,,,
notchParamRand::lvl-34.txt,notchParamRand,1,1,0,0,0,0,1,43.017,1.0,0.0,1.0,43.017,1,0,0,0,0,0,0,0,0,1.0,2026-01-25T21:36:28.655012+00:00,0,0,0,,,,,,,,,,,,,,,,,,,,,,,,,,,
patternOccur::lvl-24.txt,patternOccur,1,0,1,0,0,0,1,4.97,0.0,0.0,1.0,4.97,0,0,1,0,0,0,0,0,0,1.0,2026-01-25T21:36:51.389877+00:00,0,0,0,,,,,,,,,,,,,,,,,,,,,,,,,,,
hopper::lvl-18.txt,hopper,1,1,0,0,0,1,0,27.771,1.0,1.0,0.0,27.771,0,0,0,0,0,0,0,0,0,0.0,2026-01-25T21:39:50.672953+00:00,0,0,0,,,,,,,,,,,,,,,,,,,,,,,,,,,
patternWeightCount::lvl-15.txt,patternWeightCount,1,0,0,1,0,0,1,31.941,,0.0,1.0,31.941,0,0,0,0,0,0,0,0,0,1.0,2026-01-25T21:40:31.724945+00:00,0,0,0,,,,,,,,,,,,,,,,,,,,,,,,,,,
ore::lvl-70.txt,ore,1,0,0,1,0,0,1,1.717,,0.0,1.0,1.717,0,0,0,0,0,0,0,0,0,1.0,2026-01-25T21:40:31.724945+00:00,0,0,0,,,,,,,,,,,,,,,,,,,,,,,,,,,
patternOccur::lvl-22.txt,patternOccur,1,0,0,1,0,0,1,13.608,,0.0,1.0,13.608,0,0,1,0,0,0,0,0,0,1.0,2026-01-25T21:41:09.306281+00:00,0,0,0,,,,,,,,,,,,,,,,,,,,,,,,,,,
notch::lvl-75.txt,notch,1,0,0,1,0,0,1,3.248,,0.0,1.0,3.248,0,0,0,0,0,0,0,0,0,1.0,2026-01-25T21:42:32.821423+00:00,0,0,0,,,,,,,,,,,,,,,,,,,,,,,,,,,
genetic::lvl-66.txt,genetic,1,0,0,1,0,1,0,23.25,,1.0,0.0,23.25,0,0,0,1,0,0,0,0,0,0.0,2026-01-25T21:43:09.788578+00:00,0,0,0,,,,,,,,,,,,,,,,,,,,,,,,,,,
ore::lvl-31.txt,ore,1,0,0,1,0,0,1,3.436,,0.0,1.0,3.436,0,0,1,0,0,0,0,0,0,1.0,2026-01-25T21:43:09.788578+00:00,0,0,0,,,,,,,,,,,,,,,,,,,,,,,,,,,
notchParam::lvl-91.txt,notchParam,1,0,0,1,0,0,1,6.416,,0.0,1.0,6.416,0,1,0,0,0,0,0,0,0,1.0,2026-01-25T21:43:28.932536+00:00,0,0,0,,,,,,,,,,,,,,,,,,,,,,,,,,,
hopper::lvl-24.txt,hopper,1,0,1,0,0,0,1,8.176,0.0,0.0,1.0,8.176,0,0,0,0,0,0,0,0,0,1.0,2026-01-25T21:44:30.115863+00:00,0,0,0,,,,,,,,,,,,,,,,,,,,,,,,,,,
mariogan::level_70.txt,mariogan,1,0,1,0,0,0,1,2.917,0.0,0.0,1.0,2.917,0,0,0,0,0,0,0,0,0,1.0,2026-01-25T21:45:05.009628+00:00,0,0,1,,,,,,,,,,,,,,,,,,,,,,,,,,,
genetic::lvl-76.txt,genetic,1,1,0,0,0,1,0,51.308,1.0,1.0,0.0,51.308,0,0,0,0,0,0,0,0,0,0.0,2026-01-25T21:46:07.978966+00:00,0,0,0,,,,,,,,,,,,,,,,,,,,,,,,,,,
patternCount::lvl-22.txt,patternCount,1,0,1,0,0,0,1,0.72,0.0,0.0,1.0,0.72,0,0,1,0,0,0,0,0,0,1.0,2026-01-25T21:46:27.090963+00:00,0,0,0,,,,,,,,,,,,,,,,,,,,,,,,,,,
ore::lvl-42.txt,ore,1,0,0,0,1,0,1,1.783,,0.0,1.0,1.783,0,0,0,0,0,0,0,0,0,1.0,2026-01-25T21:46:45.356945+00:00,0,0,0,,,,,,,,,,,,,,,,,,,,,,,,,,,
mariogpt::level_063.txt,mariogpt,1,0,1,0,0,0,1,0.676,0.0,0.0,1.0,0.676,0,0,1,0,0,0,0,0,0,1.0,2026-01-25T21:47:43.331843+00:00,0,0,0,,,,,,,,,,,,,,,,,,,,,,,,,,,
notch::lvl-42.txt,notch,1,1,0,0,0,1,0,43.636,1.0,1.0,0.0,43.636,0,0,0,1,0,0,0,0,0,0.0,2026-01-25T21:47:43.331843+00:00,0,0,0,,,,,,,,,,,,,,,,,,,,,,,,,,,
notch::lvl-63.txt,notch,1,0,1,0,0,1,0,37.878,0.0,1.0,0.0,37.878,0,0,0,0,0,0,0,0,0,0.0,2026-01-25T21:48:47.175081+00:00,0,0,0,,,,,,,,,,,,,,,,,,,,,,,,,,,
notch::lvl-5.txt,notch,1,1,0,0,0,0,1,5.306,1.0,0.0,1.0,5.306,0,0,0,0,0,0,0,0,0,1.0,2026-01-25T23:08:05.152159+00:00,0,0,0,,,,,,,,,,,,,,,,,,,,,,,,,,,
genetic::lvl-39.txt,genetic,1,0,1,0,0,1,0,17.58,0.0,1.0,0.0,17.58,0,0,0,0,0,0,0,0,0,0.0,2026-01-25T23:08:05.152159+00:00,0,0,0,,,,,,,,,,,,,,,,,,,,,,,,,,,
patternCount::lvl-72.txt,patternCount,1,0,0,1,0,0,1,20.036,,0.0,1.0,20.036,0,0,0,0,0,0,0,0,0,1.0,2026-01-25T23:55:37.059123+00:00,0,0,0,,,,,,,,,,,,,,,,,,,,,,,,,,,
patternOccur::lvl-92.txt,patternOccur,1,0,0,1,0,0,1,3.669,,0.0,1.0,3.669,0,0,0,0,0,0,0,0,0,1.0,2026-01-25T23:55:37.059123+00:00,0,0,0,,,,,,,,,,,,,,,,,,,,,,,,,,,
mariogpt::level_098.txt,mariogpt,1,0,1,0,0,0,1,4.57,0.0,0.0,1.0,4.57,0,0,0,0,0,0,0,0,0,1.0,2026-01-25T23:56:13.106025+00:00,0,0,0,,,,,,,,,,,,,,,,,,,,,,,,,,,
notchParam::lvl-54.txt,notchParam,1,1,0,0,0,0,1,8.538,1.0,0.0,1.0,8.538,0,0,0,0,0,0,0,0,0,1.0,2026-01-25T23:56:32.485406+00:00,0,0,0,,,,,,,,,,,,,,,,,,,,,,,,,,,
mariogan::level_88.txt,mariogan,1,0,1,0,0,0,1,25.569,0.0,0.0,1.0,25.569,0,0,0,0,0,0,0,0,0,1.0,2026-01-25T23:57:18.738212+00:00,0,0,0,,,,,,,,,,,,,,,,,,,,,,,,,,,
ore::lvl-82.txt,ore,1,1,0,0,0,0,1,15.867,1.0,0.0,1.0,15.867,0,0,0,0,0,0,0,0,0,1.0,2026-01-25T23:57:18.738212+00:00,0,0,0,,,,,,,,,,,,,,,,,,,,,,,,,,,
mariogan::level_18.txt,mariogan,1,1,0,0,0,0,1,11.922,1.0,0.0,1.0,11.922,0,0,0,0,0,0,0,0,0,1.0,2026-01-26T07:18:43.804786+00:00,0,0,1,,,,,,,,,,,,,,,,,,,,,,,,,,,
notch::lvl-37.txt,notch,1,0,1,0,0,1,0,39.155,0.0,1.0,0.0,39.155,0,1,0,0,0,0,0,0,0,0.0,2026-01-26T07:20:37.255954+00:00,0,0,0,,,,,,,,,,,,,,,,,,,,,,,,,,,
genetic::lvl-41.txt,genetic,1,1,0,0,0,0,1,17.173,1.0,0.0,1.0,17.173,0,0,0,0,0,0,0,0,0,1.0,2026-01-26T07:20:37.255954+00:00,0,0,0,,,,,,,,,,,,,,,,,,,,,,,,,,,
mariogan::level_72.txt,mariogan,1,0,1,0,0,0,1,4.785,0.0,0.0,1.0,4.785,0,0,1,0,0,0,0,0,0,1.0,2026-01-26T07:22:53.431495+00:00,0,0,0,,,,,,,,,,,,,,,,,,,,,,,,,,,
notchParamRand::lvl-82.txt,notchParamRand,1,1,0,0,0,1,0,29.776,1.0,1.0,0.0,29.776,1,0,0,0,0,0,0,0,0,0.0,2026-01-26T07:22:53.431495+00:00,0,0,0,,,,,,,,,,,,,,,,,,,,,,,,,,,
patternCount::lvl-27.txt,patternCount,1,0,1,0,0,0,1,5.153,0.0,0.0,1.0,5.153,0,0,1,0,0,0,0,0,0,1.0,2026-01-26T07:23:13.873990+00:00,0,0,0,,,,,,,,,,,,,,,,,,,,,,,,,,,
notchParamRand::lvl-56.txt,notchParamRand,1,1,0,0,0,0,1,4.781,1.0,0.0,1.0,4.781,0,0,0,0,0,0,0,0,0,1.0,2026-01-26T07:23:13.873990+00:00,0,0,0,,,,,,,,,,,,,,,,,,,,,,,,,,,
patternOccur::lvl-98.txt,patternOccur,1,1,0,0,0,0,1,52.943,1.0,0.0,1.0,52.943,0,0,0,0,0,0,0,0,0,1.0,2026-01-26T07:24:23.858020+00:00,0,0,0,,,,,,,,,,,,,,,,,,,,,,,,,,,
marioDiffusion::level_56.txt,marioDiffusion,1,1,0,0,0,0,1,26.88,1.0,0.0,1.0,26.88,0,0,0,0,0,0,0,0,0,1.0,2026-01-26T07:26:40.130501+00:00,0,1,0,,,,,,,,,,,,,,,,,,,,,,,,,,,
mariogpt::level_055.txt,mariogpt,1,0,1,0,0,0,1,19.851,0.0,0.0,1.0,19.851,0,0,0,0,0,0,0,0,0,1.0,2026-01-26T07:26:40.130501+00:00,0,1,0,,,,,,,,,,,,,,,,,,,,,,,,,,,
marioDiffusion::level_97.txt,marioDiffusion,1,0,1,0,0,0,1,0.715,0.0,0.0,1.0,0.715,0,0,0,0,0,0,0,0,0,1.0,2026-01-26T07:32:49.648222+00:00,0,1,0,,,,,,,,,,,,,,,,,,,,,,,,,,,
mariogpt::level_046.txt,mariogpt,1,1,0,0,0,1,0,82.679,1.0,1.0,0.0,82.679,0,0,0,0,0,0,0,0,0,0.0,2026-01-26T07:32:49.648222+00:00,0,0,0,,,,,,,,,,,,,,,,,,,,,,,,,,,
marioDiffusion::level_95.txt,marioDiffusion,1,0,1,0,0,0,1,7.94,0.0,0.0,1.0,7.94,0,0,0,0,0,0,0,0,0,1.0,2026-01-26T07:34:21.521634+00:00,0,1,0,,,,,,,,,,,,,,,,,,,,,,,,,,,
hopper::lvl-16.txt,hopper,1,1,0,0,0,0,1,61.411,1.0,0.0,1.0,61.411,1,0,0,0,0,0,0,0,0,1.0,2026-01-26T07:34:21.521634+00:00,0,0,0,,,,,,,,,,,,,,,,,,,,,,,,,,,
marioDiffusion::level_84.txt,marioDiffusion,1,0,1,0,0,0,1,0.707,0.0,0.0,1.0,0.707,0,0,0,0,0,0,0,0,0,1.0,2026-01-26T07:40:43.310628+00:00,0,1,0,,,,,,,,,,,,,,,,,,,,,,,,,,,
patternWeightCount::lvl-87.txt,patternWeightCount,1,0,1,0,0,0,1,50.336,0.0,0.0,1.0,50.336,0,0,0,0,0,0,0,0,0,1.0,2026-01-26T11:16:02.771613+00:00,0,0,0,,,,,,,,,,,,,,,,,,,,,,,,,,,
mariogan::level_85.txt,mariogan,1,0,0,1,0,0,1,9.438,,0.0,1.0,9.438,0,0,0,0,0,0,0,0,0,1.0,2026-01-26T11:18:03.206687+00:00,0,0,0,,,,,,,,,,,,,,,,,,,,,,,,,,,
notchParamRand::lvl-66.txt,notchParamRand,1,0,1,0,0,1,0,43.336,0.0,1.0,0.0,43.336,0,1,0,0,0,0,0,0,0,0.0,2026-01-26T11:20:03.293007+00:00,0,0,0,,,,,,,,,,,,,,,,,,,,,,,,,,,
patternWeightCount::lvl-18.txt,patternWeightCount,1,0,0,1,0,0,1,0.716,,0.0,1.0,0.716,0,0,1,0,0,0,0,0,0,1.0,2026-01-26T11:20:26.605774+00:00,0,0,0,,,,,,,,,,,,,,,,,,,,,,,,,,,
notchParam::lvl-97.txt,notchParam,1,0,1,0,0,0,1,14.336,0.0,0.0,1.0,14.336,0,1,0,0,0,0,0,0,0,1.0,2026-01-26T11:21:31.460180+00:00,0,0,0,,,,,,,,,,,,,,,,,,,,,,,,,,,
notchParamRand::lvl-1.txt,notchParamRand,1,1,0,0,0,1,0,39.449,1.0,1.0,0.0,39.449,0,1,0,0,0,0,0,0,0,0.0,2026-01-26T11:22:44.137123+00:00,0,0,0,,,,,,,,,,,,,,,,,,,,,,,,,,,
patternCount::lvl-65.txt,patternCount,1,0,1,0,0,0,1,21.017,0.0,0.0,1.0,21.017,0,0,1,0,0,0,0,0,0,1.0,2026-01-26T11:22:44.137123+00:00,0,0,0,,,,,,,,,,,,,,,,,,,,,,,,,,,
notch::lvl-10.txt,notch,1,1,0,0,0,0,1,8.714,1.0,0.0,1.0,8.714,0,0,0,0,0,0,0,0,0,1.0,2026-01-26T11:24:26.451268+00:00,0,0,0,,,,,,,,,,,,,,,,,,,,,,,,,,,
patternCount::lvl-24.txt,patternCount,1,0,1,0,0,0,1,1.383,0.0,0.0,1.0,1.383,0,0,0,0,0,0,0,0,0,1.0,2026-01-26T11:24:26.451268+00:00,0,1,0,,,,,,,,,,,,,,,,,,,,,,,,,,,
hopper::lvl-25.txt,hopper,1,0,1,0,0,1,0,47.251,0.0,1.0,0.0,47.251,0,1,0,0,0,0,0,0,0,0.0,2026-01-26T11:26:23.455471+00:00,0,0,0,,,,,,,,,,,,,,,,,,,,,,,,,,,
patternOccur::lvl-7.txt,patternOccur,1,0,1,0,0,0,0,0.0,0.0,0.0,0.0,0.0,0,0,0,0,0,0,0,0,0,1.0,2026-01-26T20:51:11.394225+00:00,1,0,0,,,,,,,,,,,,,,,,,,,,,,,,,,,
mariogpt::level_090.txt,mariogpt,1,1,0,0,0,0,1,4.38,1.0,0.0,1.0,4.38,0,0,0,0,0,0,0,0,0,1.0,2026-01-26T20:51:11.394225+00:00,0,0,0,,,,,,,,,,,,,,,,,,,,,,,,,,,
ore::lvl-2.txt,ore,1,1,0,0,0,1,0,60.646,1.0,1.0,0.0,60.646,0,0,0,0,0,0,0,0,0,0.0,2026-01-26T20:52:37.753800+00:00,0,0,0,,,,,,,,,,,,,,,,,,,,,,,,,,,
hopper::lvl-65.txt,hopper,1,0,1,0,0,0,1,4.236,0.0,0.0,1.0,4.236,0,0,0,0,0,0,0,0,0,1.0,2026-01-26T21:03:30.154874+00:00,0,0,0,,,,,,,,,,,,,,,,,,,,,,,,,,,
marioDiffusion::level_50.txt,marioDiffusion,1,0,0,1,0,0,1,4.341,,0.0,1.0,4.341,0,0,0,0,0,0,0,0,0,1.0,2026-01-26T21:04:02.757503+00:00,0,0,0,,,,,,,,,,,,,,,,,,,,,,,,,,,
mariogpt::level_029.txt,mariogpt,1,1,0,0,0,0,1,6.78,1.0,0.0,1.0,6.78,0,0,0,0,0,0,0,0,0,1.0,2026-01-26T21:04:25.570885+00:00,0,0,0,,,,,,,,,,,,,,,,,,,,,,,,,,,
patternCount::lvl-83.txt,patternCount,1,0,1,0,0,0,1,0.715,0.0,0.0,1.0,0.715,0,0,0,0,0,0,0,0,0,1.0,2026-01-26T21:06:13.180073+00:00,0,0,0,,,,,,,,,,,,,,,,,,,,,,,,,,,
mariogpt::level_050.txt,mariogpt,1,1,0,0,0,1,0,44.368,1.0,1.0,0.0,44.368,0,0,0,0,0,0,0,0,0,0.0,2026-01-26T21:06:13.180073+00:00,0,0,0,,,,,,,,,,,,,,,,,,,,,,,,,,,
marioDiffusion::level_22.txt,marioDiffusion,1,0,0,1,0,0,1,46.737,,0.0,1.0,46.737,0,0,0,0,0,0,0,0,0,1.0,2026-01-27T00:06:20.888432+00:00,0,1,0,,,,,,,,,,,,,,,,,,,,,,,,,,,
notchParam::lvl-58.txt,notchParam,1,0,0,0,1,1,0,36.609,,1.0,0.0,36.609,1,0,0,1,0,0,0,0,0,0.0,2026-01-27T00:07:57.936231+00:00,0,0,0,,,,,,,,,,,,,,,,,,,,,,,,,,,
marioDiffusion::level_80.txt,marioDiffusion,1,0,0,1,0,0,1,0.71,,0.0,1.0,0.71,0,0,0,0,0,0,0,0,0,1.0,2026-01-27T00:09:37.528939+00:00,0,1,0,,,,,,,,,,,,,,,,,,,,,,,,,,,
notchParam::lvl-36.txt,notchParam,1,0,1,0,0,0,1,11.438,0.0,0.0,1.0,11.438,0,1,1,0,0,0,0,0,0,1.0,2026-01-27T00:12:55.913329+00:00,0,0,0,,,,,,,,,,,,,,,,,,,,,,,,,,,
patternOccur::lvl-83.txt,patternOccur,1,1,0,0,0,0,1,33.239,1.0,0.0,1.0,33.239,1,0,1,0,0,0,0,0,0,1.0,2026-01-27T00:12:55.913329+00:00,0,0,0,,,,,,,,,,,,,,,,,,,,,,,,,,,
patternCount::lvl-37.txt,patternCount,1,1,0,0,0,0,1,11.907,1.0,0.0,1.0,11.907,0,0,1,0,0,0,0,0,0,1.0,2026-01-27T00:16:17.055610+00:00,0,0,0,,,,,,,,,,,,,,,,,,,,,,,,,,,
notch::lvl-52.txt,notch,1,0,1,0,0,1,0,32.966,0.0,1.0,0.0,32.966,1,0,0,0,0,0,0,0,0,0.0,2026-01-27T00:24:28.061210+00:00,0,0,0,,,,,,,,,,,,,,,,,,,,,,,,,,,
notch::lvl-58.txt,notch,1,0,0,1,0,1,0,42.809,,1.0,0.0,42.809,0,0,0,0,0,0,0,0,0,0.0,2026-01-27T00:35:02.599966+00:00,0,0,0,,,,,,,,,,,,,,,,,,,,,,,,,,,
mariogan::level_84.txt,mariogan,1,1,0,0,0,1,0,60.773,1.0,1.0,0.0,60.773,0,0,0,0,0,0,0,0,0,0.0,2026-01-27T00:37:09.613364+00:00,0,0,1,,,,,,,,,,,,,,,,,,,,,,,,,,,
mariogan::level_56.txt,mariogan,1,1,0,0,0,1,0,79.542,1.0,1.0,0.0,79.542,1,0,0,0,1,0,0,0,0,0.0,2026-01-27T00:40:53.945079+00:00,0,0,0,,,,,,,,,,,,,,,,,,,,,,,,,,,
notch::lvl-19.txt,notch,1,0,0,1,0,1,0,44.313,,1.0,0.0,44.313,1,0,0,0,0,0,0,0,0,0.0,2026-01-27T00:43:35.618832+00:00,0,0,0,,,,,,,,,,,,,,,,,,,,,,,,,,,
ore::lvl-72.txt,ore,1,0,0,1,0,0,1,23.34,,0.0,1.0,23.34,1,0,0,0,0,0,0,0,0,1.0,2026-01-27T00:43:35.618832+00:00,0,0,0,,,,,,,,,,,,,,,,,,,,,,,,,,,
patternCount::lvl-94.txt,patternCount,1,0,0,1,0,0,1,0.704,,0.0,1.0,0.704,0,0,0,0,0,0,0,0,0,1.0,2026-01-27T00:47:55.890556+00:00,0,1,0,,,,,,,,,,,,,,,,,,,,,,,,,,,
notchParam::lvl-96.txt,notchParam,1,0,1,0,0,0,1,14.406,0.0,0.0,1.0,14.406,0,1,0,0,0,0,0,0,0,1.0,2026-01-27T00:52:36.137222+00:00,0,0,0,,,,,,,,,,,,,,,,,,,,,,,,,,,
mariogpt::level_038.txt,mariogpt,1,0,1,0,0,0,0,0.0,0.0,0.0,0.0,0.0,0,0,0,0,0,0,0,0,0,1.0,2026-01-27T00:54:24.239776+00:00,1,1,0,,,,,,,,,,,,,,,,,,,,,,,,,,,
patternOccur::lvl-1.txt,patternOccur,1,0,1,0,0,0,1,54.706,0.0,0.0,1.0,54.706,0,0,1,0,0,0,0,0,0,1.0,2026-01-27T00:56:30.691131+00:00,0,0,0,,,,,,,,,,,,,,,,,,,,,,,,,,,
patternOccur::lvl-59.txt,patternOccur,1,0,0,1,0,0,1,0.702,,0.0,1.0,0.702,0,0,0,0,0,0,0,0,0,1.0,2026-01-27T00:56:40.997415+00:00,0,1,0,,,,,,,,,,,,,,,,,,,,,,,,,,,
patternCount::lvl-84.txt,patternCount,1,0,0,1,0,0,1,0.707,,0.0,1.0,0.707,0,0,0,0,0,0,0,0,0,1.0,2026-01-27T00:56:40.997415+00:00,0,1,0,,,,,,,,,,,,,,,,,,,,,,,,,,,
ore::lvl-29.txt,ore,1,0,1,0,0,1,0,53.24,0.0,1.0,0.0,53.24,1,0,0,0,0,0,0,0,0,0.0,2026-01-27T01:02:36.660640+00:00,0,0,0,,,,,,,,,,,,,,,,,,,,,,,,,,,
mariogan::level_100.txt,mariogan,1,0,1,0,0,0,1,6.444,0.0,0.0,1.0,6.444,0,0,0,0,0,0,0,0,0,1.0,2026-01-27T01:09:49.099946+00:00,0,1,0,,,,,,,,,,,,,,,,,,,,,,,,,,,
notch::lvl-34.txt,notch,1,1,0,0,0,1,0,44.707,1.0,1.0,0.0,44.707,1,0,0,0,1,0,0,0,0,0.0,2026-01-27T01:09:49.099946+00:00,0,0,0,,,,,,,,,,,,,,,,,,,,,,,,,,,
patternWeightCount::lvl-64.txt,patternWeightCount,1,0,0,1,0,0,1,0.641,,0.0,1.0,0.641,0,0,1,0,0,0,0,0,0,1.0,2026-01-27T01:17:56.945363+00:00,0,0,0,,,,,,,,,,,,,,,,,,,,,,,,,,,
notchParamRand::lvl-59.txt,notchParamRand,1,0,0,1,0,1,0,28.44,,1.0,0.0,28.44,0,0,0,1,0,0,0,0,0,0.0,2026-01-27T01:17:56.945363+00:00,0,0,0,,,,,,,,,,,,,,,,,,,,,,,,,,,
marioDiffusion::level_29.txt,marioDiffusion,1,0,1,0,0,0,1,6.606,0.0,0.0,1.0,6.606,0,0,0,0,0,0,0,0,0,1.0,2026-01-27T01:22:18.400989+00:00,0,1,0,,,,,,,,,,,,,,,,,,,,,,,,,,,
hopper::lvl-78.txt,hopper,1,1,0,0,0,1,0,36.275,1.0,1.0,0.0,36.275,0,0,0,0,1,0,0,0,0,0.0,2026-01-27T01:22:18.400989+00:00,0,0,0,,,,,,,,,,,,,,,,,,,,,,,,,,,
marioDiffusion::level_23.txt,marioDiffusion,1,0,1,0,0,0,1,5.874,0.0,0.0,1.0,5.874,0,0,1,0,0,0,0,0,0,1.0,2026-01-27T01:26:25.380615+00:00,0,0,0,,,,,,,,,,,,,,,,,,,,,,,,,,,
genetic::lvl-21.txt,genetic,1,1,0,0,0,1,0,34.245,1.0,1.0,0.0,34.245,0,0,0,0,0,0,0,0,0,0.0,2026-01-27T01:26:25.380615+00:00,0,0,0,,,,,,,,,,,,,,,,,,,,,,,,,,,
genetic::lvl-34.txt,genetic,1,0,1,0,0,1,0,18.94,0.0,1.0,0.0,18.94,0,0,0,1,0,0,0,0,0,0.0,2026-01-27T01:28:19.045928+00:00,0,0,0,,,,,,,,,,,,,,,,,,,,,,,,,,,
patternOccur::lvl-35.txt,patternOccur,1,1,0,0,0,0,1,0.712,1.0,0.0,1.0,0.712,0,0,1,0,0,0,0,0,0,1.0,2026-01-27T01:33:25.212889+00:00,0,0,0,,,,,,,,,,,,,,,,,,,,,,,,,,,
mariogan::level_3.txt,mariogan,1,0,1,0,0,0,1,27.603,0.0,0.0,1.0,27.603,0,0,0,0,0,0,0,0,0,1.0,2026-01-27T01:33:25.212889+00:00,0,1,0,,,,,,,,,,,,,,,,,,,,,,,,,,,
notch::lvl-97.txt,notch,1,1,0,0,0,0,1,11.872,1.0,0.0,1.0,11.872,0,0,0,0,0,0,0,0,0,1.0,2026-01-27T01:34:27.123360+00:00,0,0,0,,,,,,,,,,,,,,,,,,,,,,,,,,,
genetic::lvl-99.txt,genetic,1,0,0,1,0,1,0,20.712,,1.0,0.0,20.712,0,1,0,0,0,0,0,0,0,0.0,2026-01-27T01:34:56.680899+00:00,0,0,0,,,,,,,,,,,,,,,,,,,,,,,,,,,
ore::lvl-25.txt,ore,1,1,0,0,0,0,1,44.238,1.0,0.0,1.0,44.238,0,0,1,0,0,0,0,0,0,1.0,2026-01-27T01:36:42.134979+00:00,0,0,0,,,,,,,,,,,,,,,,,,,,,,,,,,,
genetic::lvl-47.txt,genetic,1,0,1,0,0,0,1,6.571,0.0,0.0,1.0,6.571,0,0,0,0,0,0,0,0,0,1.0,2026-01-27T11:59:49.158682+00:00,0,0,0,,,,,,,,,,,,,,,,,,,,,,,,,,,
marioDiffusion::level_5.txt,marioDiffusion,1,1,0,0,0,0,1,17.644,1.0,0.0,1.0,17.644,0,0,0,0,0,0,0,0,0,1.0,2026-01-27T12:00:25.970652+00:00,0,0,0,,,,,,,,,,,,,,,,,,,,,,,,,,,
notchParam::lvl-30.txt,notchParam,1,0,1,0,0,0,1,7.813,0.0,0.0,1.0,7.813,0,0,0,0,0,0,0,0,0,1.0,2026-01-27T12:01:01.166647+00:00,0,0,0,,,,,,,,,,,,,,,,,,,,,,,,,,,
hopper::lvl-91.txt,hopper,1,0,1,0,0,0,1,7.101,0.0,0.0,1.0,7.101,0,0,0,0,0,0,0,0,0,1.0,2026-01-27T12:01:43.059335+00:00,0,0,0,,,,,,,,,,,,,,,,,,,,,,,,,,,
genetic::lvl-44.txt,genetic,1,1,0,0,0,1,0,25.714,1.0,1.0,0.0,25.714,0,0,0,0,0,0,0,0,0,0.0,2026-01-27T12:04:49.443668+00:00,0,0,0,,,,,,,,,,,,,,,,,,,,,,,,,,,
mariogpt::level_013.txt,mariogpt,1,1,0,0,0,0,1,8.671,1.0,0.0,1.0,8.671,0,0,0,0,0,0,0,0,0,1.0,2026-01-27T12:05:18.790209+00:00,0,0,0,,,,,,,,,,,,,,,,,,,,,,,,,,,
marioDiffusion::level_30.txt,marioDiffusion,1,0,1,0,0,0,1,9.807,0.0,0.0,1.0,9.807,0,0,1,0,0,0,0,0,0,1.0,2026-01-27T12:05:18.790209+00:00,0,0,0,,,,,,,,,,,,,,,,,,,,,,,,,,,
patternCount::lvl-85.txt,patternCount,1,0,0,1,0,0,1,3.25,,0.0,1.0,3.25,0,0,1,0,0,0,0,0,0,1.0,2026-01-27T12:07:01.258780+00:00,0,0,0,,,,,,,,,,,,,,,,,,,,,,,,,,,
mariogan::level_78.txt,mariogan,1,0,0,1,0,0,1,9.44,,0.0,1.0,9.44,0,0,0,0,0,0,0,0,0,1.0,2026-01-27T12:07:01.258780+00:00,0,0,1,,,,,,,,,,,,,,,,,,,,,,,,,,,
genetic::lvl-36.txt,genetic,1,1,0,0,0,0,1,6.238,1.0,0.0,1.0,6.238,0,0,0,0,0,0,0,0,0,1.0,2026-01-27T12:07:27.455016+00:00,0,0,0,,,,,,,,,,,,,,,,,,,,,,,,,,,
patternWeightCount::lvl-33.txt,patternWeightCount,1,0,1,0,0,0,1,7.706,0.0,0.0,1.0,7.706,0,0,1,0,0,0,0,0,0,1.0,2026-01-27T12:07:27.455016+00:00,0,0,0,,,,,,,,,,,,,,,,,,,,,,,,,,,
mariogpt::level_048.txt,mariogpt,1,1,0,0,0,0,1,4.535,1.0,0.0,1.0,4.535,0,0,0,0,0,0,0,0,0,1.0,2026-01-27T12:08:45.357475+00:00,0,0,0,,,,,,,,,,,,,,,,,,,,,,,,,,,
hopper::lvl-23.txt,hopper,1,0,1,0,0,0,1,3.117,0.0,0.0,1.0,3.117,0,0,0,0,0,0,0,0,0,1.0,2026-01-27T12:09:49.044040+00:00,0,0,0,,,,,,,,,,,,,,,,,,,,,,,,,,,
notch::lvl-53.txt,notch,1,1,0,0,0,0,1,4.537,1.0,0.0,1.0,4.537,0,0,0,0,0,0,0,0,0,1.0,2026-01-27T12:09:49.044040+00:00,0,0,0,,,,,,,,,,,,,,,,,,,,,,,,,,,
hopper::lvl-92.txt,hopper,1,0,1,0,0,0,1,10.939,0.0,0.0,1.0,10.939,0,1,0,0,0,0,0,0,0,1.0,2026-01-27T12:11:18.331456+00:00,0,0,0,,,,,,,,,,,,,,,,,,,,,,,,,,,
mariogpt::level_072.txt,mariogpt,1,1,0,0,0,0,1,11.309,1.0,0.0,1.0,11.309,0,0,0,0,1,0,0,0,0,1.0,2026-01-27T12:12:11.116029+00:00,0,0,1,,,,,,,,,,,,,,,,,,,,,,,,,,,
mariogan::level_89.txt,mariogan,1,0,1,0,0,1,0,21.742,0.0,1.0,0.0,21.742,0,0,0,1,0,0,0,0,0,0.0,2026-01-27T12:12:53.211237+00:00,0,0,0,,,,,,,,,,,,,,,,,,,,,,,,,,,
notchParam::lvl-32.txt,notchParam,1,0,0,1,0,0,1,10.647,,0.0,1.0,10.647,0,1,0,0,0,0,0,0,0,1.0,2026-01-27T14:58:19.546400+00:00,0,1,0,,,,,,,,,,,,,,,,,,,,,,,,,,,
mariogan::level_92.txt,mariogan,1,0,0,1,0,0,1,59.838,,0.0,1.0,59.838,0,0,0,0,0,0,0,0,0,1.0,2026-01-27T14:58:19.546400+00:00,0,1,1,,,,,,,,,,,,,,,,,,,,,,,,,,,
hopper::lvl-37.txt,hopper,1,1,0,0,0,0,1,14.339,1.0,0.0,1.0,14.339,0,0,0,0,0,0,0,0,0,1.0,2026-01-27T15:00:25.428595+00:00,0,0,0,,,,,,,,,,,,,,,,,,,,,,,,,,,
marioDiffusion::level_58.txt,marioDiffusion,1,0,1,0,0,0,1,51.945,0.0,0.0,1.0,51.945,0,1,0,0,0,0,0,0,0,1.0,2026-01-27T15:02:31.461283+00:00,0,1,0,,,,,,,,,,,,,,,,,,,,,,,,,,,
mariogpt::level_079.txt,mariogpt,1,1,0,0,0,1,0,58.611,1.0,1.0,0.0,58.611,0,0,0,0,0,0,0,0,0,0.0,2026-01-27T15:02:31.461283+00:00,0,0,0,,,,,,,,,,,,,,,,,,,,,,,,,,,
patternCount::lvl-44.txt,patternCount,1,0,0,0,1,0,1,19.877,,0.0,1.0,19.877,0,0,1,0,0,0,0,0,0,1.0,2026-01-27T15:03:15.173666+00:00,0,0,0,,,,,,,,,,,,,,,,,,,,,,,,,,,
mariogpt::level_021.txt,mariogpt,1,0,1,0,0,0,0,0.0,0.0,0.0,0.0,0.0,0,0,0,0,0,0,0,0,0,1.0,2026-01-27T15:05:14.589973+00:00,1,1,1,,,,,,,,,,,,,,,,,,,,,,,,,,,
hopper::lvl-30.txt,hopper,1,1,0,0,0,1,0,46.545,1.0,1.0,0.0,46.545,0,0,0,0,0,0,0,0,0,0.0,2026-01-27T15:05:14.589973+00:00,0,0,0,,,,,,,,,,,,,,,,,,,,,,,,,,,
notchParamRand::lvl-80.txt,notchParamRand,1,1,0,0,0,1,0,38.609,1.0,1.0,0.0,38.609,0,1,0,0,0,0,0,0,0,0.0,2026-01-27T15:06:04.654347+00:00,0,0,0,,,,,,,,,,,,,,,,,,,,,,,,,,,
mariogpt::level_069.txt,mariogpt,1,0,0,1,0,0,1,9.408,,0.0,1.0,9.408,0,0,1,0,0,0,0,0,0,1.0,2026-01-27T15:09:34.969641+00:00,0,0,1,,,,,,,,,,,,,,,,,,,,,,,,,,,
notchParam::lvl-50.txt,notchParam,1,0,0,1,0,1,0,26.804,,1.0,0.0,26.804,0,1,0,0,0,0,0,0,0,0.0,2026-01-27T15:09:34.969641+00:00,0,0,0,,,,,,,,,,,,,,,,,,,,,,,,,,,
notch::lvl-15.txt,notch,1,0,1,0,0,0,1,11.679,0.0,0.0,1.0,11.679,0,0,0,0,0,0,0,0,0,1.0,2026-01-27T15:40:32.616918+00:00,0,0,0,,,,,,,,,,,,,,,,,,,,,,,,,,,
patternWeightCount::lvl-28.txt,patternWeightCount,1,0,1,0,0,0,1,8.514,0.0,0.0,1.0,8.514,0,0,0,0,0,0,0,0,0,1.0,2026-01-27T15:41:05.562291+00:00,0,0,0,,,,,,,,,,,,,,,,,,,,,,,,,,,
mariogan::level_22.txt,mariogan,1,1,0,0,0,1,0,31.813,1.0,1.0,0.0,31.813,0,0,0,0,0,0,0,0,0,0.0,2026-01-27T15:41:47.074931+00:00,0,0,0,,,,,,,,,,,,,,,,,,,,,,,,,,,
marioDiffusion::level_70.txt,marioDiffusion,1,1,0,0,0,0,1,13.213,1.0,0.0,1.0,13.213,0,0,0,0,0,0,0,0,0,1.0,2026-01-27T17:02:25.593334+00:00,0,0,0,,,,,,,,,,,,,,,,,,,,,,,,,,,
notchParam::lvl-7.txt,notchParam,1,0,1,0,0,0,1,13.548,0.0,0.0,1.0,13.548,0,0,0,0,0,0,0,0,0,1.0,2026-01-27T17:02:25.593334+00:00,0,0,0,,,,,,,,,,,,,,,,,,,,,,,,,,,
notch::lvl-24.txt,notch,1,0,1,0,0,0,1,11.504,0.0,0.0,1.0,11.504,0,0,0,0,0,0,0,0,0,1.0,2026-01-27T23:59:36.083427+00:00,0,0,0,,,,,,,,,,,,,,,,,,,,,,,,,,,
ore::lvl-89.txt,ore,1,1,0,0,0,0,1,5.781,1.0,0.0,1.0,5.781,0,0,0,0,0,0,0,0,0,1.0,2026-01-27T23:59:36.083427+00:00,0,0,0,,,,,,,,,,,,,,,,,,,,,,,,,,,
patternWeightCount::lvl-99.txt,patternWeightCount,1,1,0,0,0,0,1,11.543,1.0,0.0,1.0,11.543,0,0,0,0,0,0,0,0,0,1.0,2026-01-27T23:59:57.261375+00:00,0,0,0,,,,,,,,,,,,,,,,,,,,,,,,,,,
notchParamRand::lvl-40.txt,notchParamRand,1,0,1,0,0,0,1,4.815,0.0,0.0,1.0,4.815,0,0,0,0,0,0,0,0,0,1.0,2026-01-27T23:59:57.261375+00:00,0,0,0,,,,,,,,,,,,,,,,,,,,,,,,,,,
