vote_id,player_id,session_id,side,level_id,generator_id,result,won,lost,tied,duration_seconds,completed,deaths,coins_collected,enemies_stomped,enemies_fire_killed,enemies_shell_killed,jumps,powerups_mushroom,powerups_flower,death_by_enemy,death_by_fall,death_by_timeout,avg_death_x,max_death_x,tags
v_97529f04-707c-40f6-8db4-226471847f41,anon_376d7289-fc63-4549-9336-2b8703819566,3bea2c7e-c353-44b5-9755-1dcca8e90d56,left,patternOccur::lvl-50.txt,patternOccur,RIGHT,False,True,False,4.116,False,1,0,0,0,0,4,0,0,0,1,0,385.68652,385.68652,[]
v_97529f04-707c-40f6-8db4-226471847f41,anon_376d7289-fc63-4549-9336-2b8703819566,3bea2c7e-c353-44b5-9755-1dcca8e90d56,right,original::lvl-5.txt,original,RIGHT,True,False,False,9.381,False,1,0,0,0,0,8,0,0,1,0,0,967.8757921860572,967.8757921860572,[]
v_456328bf-0055-4cfd-80eb-969e5fa01e92,anon_376d7289-fc63-4549-9336-2b8703819566,3bea2c7e-c353-44b5-9755-1dcca8e90d56,left,mariogpt::level_055.txt,mariogpt,RIGHT,False,True,False,24.009,True,0,0,0,0,0,24,0,0,0,0,0,,,[]
v_456328bf-0055-4cfd-80eb-969e5fa01e92,anon_376d7289-fc63-4549-9336-2b8703819566,3bea2c7e-c353-44b5-9755-1dcca8e90d56,right,original::lvl-14.txt,original,RIGHT,True,False,False,8.048,False,1,0,0,0,0,6,0,0,1,0,0,545.7643872942369,545.7643872942369,[]
v_ea76eae3-77b1-4d4e-8e6d-ab1e789fdfba,anon_376d7289-fc63-4549-9336-2b8703819566,fc5b7b1a-ee1d-4cfa-8801-98de429f150c,left,notchParamRand::lvl-48.txt,notchParamRand,RIGHT,False,True,False,5.876,False,1,0,0,0,0,3,0,0,1,0,0,698.4895678733801,698.4895678733801,[]
v_ea76eae3-77b1-4d4e-8e6d-ab1e789fdfba,anon_376d7289-fc63-4549-9336-2b8703819566,fc5b7b1a-ee1d-4cfa-8801-98de429f150c,right,original::lvl-12.txt,original,RIGHT,True,False,False,8.781,False,1,0,0,0,0,9,0,0,1,0,0,549.7570717386767,549.7570717386767,[]
v_46342be7-59bc-488c-8609-d0d6006548d2,anon_376d7289-fc63-4549-9336-2b8703819566,fc5b7b1a-ee1d-4cfa-8801-98de429f150c,left,mariodpo::mariodpo_nintendo_0002.txt,mariodpo,LEFT,True,False,False,0.045,True,0,0,0,0,0,0,0,0,0,0,0,,,[]
v_46342be7-59bc-488c-8609-d0d6006548d2,anon_376d7289-fc63-4549-9336-2b8703819566,fc5b7b1a-ee1d-4cfa-8801-98de429f150c,right,notchParamRand::lvl-43.txt,notchParamRand,LEFT,False,True,False,13.447,True,0,0,0,0,0,7,0,0,0,0,0,,,[]
v_f8360a67-22eb-4d68-8aff-625d7f105958,anon_376d7289-fc63-4549-9336-2b8703819566,fc5b7b1a-ee1d-4cfa-8801-98de429f150c,left,notchParamRand::lvl-6.txt,notchParamRand,TIE,False,False,True,2.179,False,1,0,0,0,0,1,0,0,1,0,0,385.68652,385.68652,[]
v_f8360a67-22eb-4d68-8aff-625d7f105958,anon_376d7289-fc63-4549-9336-2b8703819566,fc5b7b1a-ee1d-4cfa-8801-98de429f150c,right,notchParam::lvl-63.txt,notchParam,TIE,False,False,True,5.248,False,1,0,0,0,0,6,0,0,0,1,0,1436.0991817007011,1436.0991817007011,[]
v_bd1d717e-ca9b-4227-a27b-d8da6e89c765,anon_376d7289-fc63-4549-9336-2b8703819566,fc5b7b1a-ee1d-4cfa-8801-98de429f150c,left,notchParamRand::lvl-11.txt,notchParamRand,TIE,False,False,True,2.169,False,1,0,0,0,0,2,0,0,1,0,0,465.4502700166538,465.4502700166538,[]
v_bd1d717e-ca9b-4227-a27b-d8da6e89c765,anon_376d7289-fc63-4549-9336-2b8703819566,fc5b7b1a-ee1d-4cfa-8801-98de429f150c,right,genetic::lvl-14.txt,genetic,TIE,False,False,True,1.949,False,1,0,0,0,0,1,0,0,0,1,0,400.2590727371105,400.2590727371105,[]
v_aad12a9a-895a-465d-95b8-cd429b75f8b0,anon_376d7289-fc63-4549-9336-2b8703819566,fc5b7b1a-ee1d-4cfa-8801-98de429f150c,left,ore::lvl-98.txt,ore,LEFT,True,False,False,5.616,False,1,1,0,0,0,6,0,0,0,1,0,491.60668692833343,491.60668692833343,[]
v_aad12a9a-895a-465d-95b8-cd429b75f8b0,anon_376d7289-fc63-4549-9336-2b8703819566,fc5b7b1a-ee1d-4cfa-8801-98de429f150c,right,notchParamRand::lvl-49.txt,notchParamRand,LEFT,False,True,False,2.348,False,1,0,0,0,0,2,0,0,1,0,0,574.511286343526,574.511286343526,[]
v_627ceeb5-1f31-4434-91f5-d5c6b970b35c,anon_376d7289-fc63-4549-9336-2b8703819566,fc5b7b1a-ee1d-4cfa-8801-98de429f150c,left,ore::lvl-45.txt,ore,RIGHT,False,True,False,5.949,False,1,0,0,0,0,6,0,0,0,1,0,818.3344228335483,818.3344228335483,[]
v_627ceeb5-1f31-4434-91f5-d5c6b970b35c,anon_376d7289-fc63-4549-9336-2b8703819566,fc5b7b1a-ee1d-4cfa-8801-98de429f150c,right,marioDiffusion::level_61.txt,marioDiffusion,RIGHT,True,False,False,2.182,False,1,2,0,0,0,1,0,0,0,1,0,204.2,204.2,[]
v_c1f8392b-dbad-46dd-98b9-c0fcb3438afe,anon_376d7289-fc63-4549-9336-2b8703819566,fc5b7b1a-ee1d-4cfa-8801-98de429f150c,left,mariogpt::level_016.txt,mariogpt,TIE,False,False,True,6.94,False,1,3,0,0,0,5,0,0,1,0,0,1162.411729411615,1162.411729411615,[]
v_c1f8392b-dbad-46dd-98b9-c0fcb3438afe,anon_376d7289-fc63-4549-9336-2b8703819566,fc5b7b1a-ee1d-4cfa-8801-98de429f150c,right,patternCount::lvl-29.txt,patternCount,TIE,False,False,True,26.411,True,0,0,0,0,0,31,0,0,0,0,0,,,[]
v_be68c684-ef2c-4e55-96ce-556fa8563e56,anon_376d7289-fc63-4549-9336-2b8703819566,fc5b7b1a-ee1d-4cfa-8801-98de429f150c,left,notchParam::lvl-18.txt,notchParam,TIE,False,False,True,6.184,False,1,0,0,0,0,5,0,0,1,0,0,1020.2974566555879,1020.2974566555879,[]
v_be68c684-ef2c-4e55-96ce-556fa8563e56,anon_376d7289-fc63-4549-9336-2b8703819566,fc5b7b1a-ee1d-4cfa-8801-98de429f150c,right,notch::lvl-83.txt,notch,TIE,False,False,True,3.015,False,1,0,0,0,0,3,0,0,1,0,0,567.5963430860173,567.5963430860173,[]
v_5e5403c4-8e91-4836-a5ae-7dd86bac7f2d,anon_376d7289-fc63-4549-9336-2b8703819566,fc5b7b1a-ee1d-4cfa-8801-98de429f150c,left,mariodpo::mariodpo_nintendo_0113.txt,mariodpo,LEFT,True,False,False,3.01,False,1,0,0,0,0,2,0,0,0,1,0,208.51499114171713,208.51499114171713,[]
v_5e5403c4-8e91-4836-a5ae-7dd86bac7f2d,anon_376d7289-fc63-4549-9336-2b8703819566,fc5b7b1a-ee1d-4cfa-8801-98de429f150c,right,notch::lvl-50.txt,notch,LEFT,False,True,False,3.615,False,1,0,0,0,0,4,0,0,0,1,0,695.9883738475098,695.9883738475098,[]
v_e5eef9a2-8742-4fc9-83a3-920555f5ae87,anon_376d7289-fc63-4549-9336-2b8703819566,fc5b7b1a-ee1d-4cfa-8801-98de429f150c,left,genetic::lvl-33.txt,genetic,TIE,False,False,True,3.905,False,1,0,0,0,0,5,0,0,1,0,0,836.6030806297427,836.6030806297427,[]
v_e5eef9a2-8742-4fc9-83a3-920555f5ae87,anon_376d7289-fc63-4549-9336-2b8703819566,fc5b7b1a-ee1d-4cfa-8801-98de429f150c,right,hopper::lvl-8.txt,hopper,TIE,False,False,True,2.615,False,1,0,0,0,0,2,0,0,1,0,0,574.3621226331752,574.3621226331752,[]
v_61299f1a-a03c-4905-ab59-9f90284b5a45,anon_376d7289-fc63-4549-9336-2b8703819566,fc5b7b1a-ee1d-4cfa-8801-98de429f150c,left,mariodpo::mariodpo_nintendo_0162.txt,mariodpo,RIGHT,False,True,False,24.238,True,0,1,0,0,0,19,0,0,0,0,0,,,[]
v_61299f1a-a03c-4905-ab59-9f90284b5a45,anon_376d7289-fc63-4549-9336-2b8703819566,fc5b7b1a-ee1d-4cfa-8801-98de429f150c,right,original::lvl-14.txt,original,RIGHT,True,False,False,4.548,False,1,0,0,0,0,2,0,0,1,0,0,212.0,212.0,[]
v_b7c27933-bc69-4542-8cd5-94df28990df1,anon_376d7289-fc63-4549-9336-2b8703819566,fc5b7b1a-ee1d-4cfa-8801-98de429f150c,left,notch::lvl-2.txt,notch,RIGHT,False,True,False,8.114,False,1,1,0,0,0,10,0,0,0,1,0,958.1754185541719,958.1754185541719,[]
v_b7c27933-bc69-4542-8cd5-94df28990df1,anon_376d7289-fc63-4549-9336-2b8703819566,fc5b7b1a-ee1d-4cfa-8801-98de429f150c,right,hopper::lvl-82.txt,hopper,RIGHT,True,False,False,5.849,False,1,0,1,0,0,6,0,0,0,1,0,1604.1650986587133,1604.1650986587133,[]
v_6e9c878b-2043-4abc-b965-760a61b10d05,anon_376d7289-fc63-4549-9336-2b8703819566,fc5b7b1a-ee1d-4cfa-8801-98de429f150c,left,patternCount::lvl-98.txt,patternCount,RIGHT,False,True,False,0.705,False,1,0,0,0,0,0,0,0,0,1,0,8.0,8.0,[]
v_6e9c878b-2043-4abc-b965-760a61b10d05,anon_376d7289-fc63-4549-9336-2b8703819566,fc5b7b1a-ee1d-4cfa-8801-98de429f150c,right,hopper::lvl-32.txt,hopper,RIGHT,True,False,False,2.549,False,1,0,0,0,0,3,0,0,1,0,0,541.800904691455,541.800904691455,[]
v_14a7f0b2-4d87-4493-abca-7b74b8a4f9b9,anon_376d7289-fc63-4549-9336-2b8703819566,fc5b7b1a-ee1d-4cfa-8801-98de429f150c,left,hopper::lvl-46.txt,hopper,LEFT,True,False,False,2.647,False,1,0,0,0,0,2,0,0,1,0,0,574.3621226331752,574.3621226331752,[]
v_14a7f0b2-4d87-4493-abca-7b74b8a4f9b9,anon_376d7289-fc63-4549-9336-2b8703819566,fc5b7b1a-ee1d-4cfa-8801-98de429f150c,right,patternCount::lvl-53.txt,patternCount,LEFT,False,True,False,1.449,False,1,0,0,0,0,1,0,0,0,1,0,113.03845154478384,113.03845154478384,[]
v_f2364ca5-d970-4230-beb3-e2a9e5f26beb,anon_376d7289-fc63-4549-9336-2b8703819566,fc5b7b1a-ee1d-4cfa-8801-98de429f150c,left,patternWeightCount::lvl-62.txt,patternWeightCount,LEFT,True,False,False,2.204,False,1,0,0,0,0,2,0,0,0,1,0,139.50528392160535,139.50528392160535,[]
v_f2364ca5-d970-4230-beb3-e2a9e5f26beb,anon_376d7289-fc63-4549-9336-2b8703819566,fc5b7b1a-ee1d-4cfa-8801-98de429f150c,right,patternOccur::lvl-16.txt,patternOccur,LEFT,False,True,False,0.0,False,0,0,0,0,0,0,0,0,0,0,0,,,[]
v_bedab3bb-8038-4064-85da-6da4bed84c53,anon_376d7289-fc63-4549-9336-2b8703819566,fc5b7b1a-ee1d-4cfa-8801-98de429f150c,left,mariogan::level_19.txt,mariogan,RIGHT,False,True,False,23.212,True,0,0,2,0,0,26,0,0,0,0,0,,,[]
v_bedab3bb-8038-4064-85da-6da4bed84c53,anon_376d7289-fc63-4549-9336-2b8703819566,fc5b7b1a-ee1d-4cfa-8801-98de429f150c,right,original::lvl-13.txt,original,RIGHT,True,False,False,22.512,True,0,7,0,0,0,27,0,0,0,0,0,,,[]
v_805f1853-67fc-479c-a7e3-68b5050f95b1,anon_376d7289-fc63-4549-9336-2b8703819566,fc5b7b1a-ee1d-4cfa-8801-98de429f150c,left,genetic::lvl-86.txt,genetic,LEFT,True,False,False,10.606,False,1,0,0,0,0,10,0,0,0,1,0,2020.318742181896,2020.318742181896,[]
v_805f1853-67fc-479c-a7e3-68b5050f95b1,anon_376d7289-fc63-4549-9336-2b8703819566,fc5b7b1a-ee1d-4cfa-8801-98de429f150c,right,patternWeightCount::lvl-41.txt,patternWeightCount,LEFT,False,True,False,12.781,False,1,0,0,0,0,16,0,0,0,1,0,1188.0,1188.0,[]
v_5c29b930-007f-4b43-a9bd-db2ee532f711,anon_376d7289-fc63-4549-9336-2b8703819566,fc5b7b1a-ee1d-4cfa-8801-98de429f150c,left,mariogan::level_53.txt,mariogan,TIE,False,False,True,7.138,False,1,0,0,0,0,6,0,0,1,0,0,1454.6436899350563,1454.6436899350563,[]
v_5c29b930-007f-4b43-a9bd-db2ee532f711,anon_376d7289-fc63-4549-9336-2b8703819566,fc5b7b1a-ee1d-4cfa-8801-98de429f150c,right,original::lvl-3.txt,original,TIE,False,False,True,3.649,False,1,0,0,0,0,4,0,0,1,0,0,588.8742490068273,588.8742490068273,[]
v_95df1879-046d-43ee-80c0-f489cd346323,anon_376d7289-fc63-4549-9336-2b8703819566,38ac9754-46e3-432f-b892-cf545324da3e,left,ore::lvl-25.txt,ore,RIGHT,False,True,False,1.37,False,1,0,0,0,0,0,0,0,0,1,0,175.49463730115676,175.49463730115676,[]
v_95df1879-046d-43ee-80c0-f489cd346323,anon_376d7289-fc63-4549-9336-2b8703819566,38ac9754-46e3-432f-b892-cf545324da3e,right,mariodpo::mariodpo_nintendo_0186.txt,mariodpo,RIGHT,True,False,False,2.082,False,1,0,1,0,0,1,0,0,1,0,0,380.5414585796617,380.5414585796617,[]
v_e60a804e-d7f5-410c-95c0-f5a41cc49f9b,anon_376d7289-fc63-4549-9336-2b8703819566,38ac9754-46e3-432f-b892-cf545324da3e,left,mariodpo::mariodpo_nintendo_0132.txt,mariodpo,TIE,False,False,True,0.0,False,0,0,0,0,0,0,0,0,0,0,0,,,[]
v_e60a804e-d7f5-410c-95c0-f5a41cc49f9b,anon_376d7289-fc63-4549-9336-2b8703819566,38ac9754-46e3-432f-b892-cf545324da3e,right,mariogan::level_37.txt,mariogan,TIE,False,False,True,1.841,False,1,0,0,0,0,1,0,0,0,1,0,236.2,236.2,[]
v_3df99fc8-e3e7-47bd-b6f1-ece02382e073,anon_376d7289-fc63-4549-9336-2b8703819566,38ac9754-46e3-432f-b892-cf545324da3e,left,mariodpo::mariodpo_nintendo_0066.txt,mariodpo,LEFT,True,False,False,2.083,False,1,0,0,0,0,2,0,0,1,0,0,281.5726075625121,281.5726075625121,[]
v_3df99fc8-e3e7-47bd-b6f1-ece02382e073,anon_376d7289-fc63-4549-9336-2b8703819566,38ac9754-46e3-432f-b892-cf545324da3e,right,patternCount::lvl-96.txt,patternCount,LEFT,False,True,False,2.914,False,1,0,0,0,0,1,0,0,0,1,0,159.08030173344636,159.08030173344636,[]
v_2024a1d7-1a89-4f08-8f75-26c0830b8c0c,anon_376d7289-fc63-4549-9336-2b8703819566,38ac9754-46e3-432f-b892-cf545324da3e,left,marioDiffusion::level_86.txt,marioDiffusion,LEFT,True,False,False,16.878,False,1,5,2,0,0,16,0,0,0,1,0,1219.4404606239511,1219.4404606239511,[]
v_2024a1d7-1a89-4f08-8f75-26c0830b8c0c,anon_376d7289-fc63-4549-9336-2b8703819566,38ac9754-46e3-432f-b892-cf545324da3e,right,notchParam::lvl-9.txt,notchParam,LEFT,False,True,False,3.615,False,1,0,0,0,0,2,0,0,0,1,0,650.6805133782115,650.6805133782115,[]
v_5ec06c41-e2e4-4c15-a5a7-61f02664ab2a,anon_376d7289-fc63-4549-9336-2b8703819566,38ac9754-46e3-432f-b892-cf545324da3e,left,mariogan::level_74.txt,mariogan,LEFT,True,False,False,14.349,True,0,0,2,0,0,16,0,0,0,0,0,,,[]
v_5ec06c41-e2e4-4c15-a5a7-61f02664ab2a,anon_376d7289-fc63-4549-9336-2b8703819566,38ac9754-46e3-432f-b892-cf545324da3e,right,hopper::lvl-3.txt,hopper,LEFT,False,True,False,4.081,False,1,0,0,0,0,3,0,0,0,1,0,902.6806884686637,902.6806884686637,[]
v_474a8785-136e-4ebb-a7d0-b4af2851d2e8,anon_376d7289-fc63-4549-9336-2b8703819566,38ac9754-46e3-432f-b892-cf545324da3e,left,notchParam::lvl-70.txt,notchParam,RIGHT,False,True,False,5.143,False,1,0,0,0,0,4,0,0,0,1,0,1211.6,1211.6,[]
v_474a8785-136e-4ebb-a7d0-b4af2851d2e8,anon_376d7289-fc63-4549-9336-2b8703819566,38ac9754-46e3-432f-b892-cf545324da3e,right,mariogan::level_40.txt,mariogan,RIGHT,True,False,False,17.846,True,0,0,1,0,0,23,0,0,0,0,0,,,[]
v_6bd98246-07a3-467f-ab0c-baa7a7a1b2e1,anon_376d7289-fc63-4549-9336-2b8703819566,38ac9754-46e3-432f-b892-cf545324da3e,left,mariodpo::mariodpo_nintendo_0086.txt,mariodpo,LEFT,True,False,False,2.344,True,0,0,0,0,0,2,0,0,0,0,0,,,[]
v_6bd98246-07a3-467f-ab0c-baa7a7a1b2e1,anon_376d7289-fc63-4549-9336-2b8703819566,38ac9754-46e3-432f-b892-cf545324da3e,right,patternCount::lvl-28.txt,patternCount,LEFT,False,True,False,20.845,False,1,1,0,0,0,23,0,0,0,1,0,1287.6631693698794,1287.6631693698794,[]
v_cf2c9cdb-96a7-440c-9e08-bf7bcaffde01,anon_376d7289-fc63-4549-9336-2b8703819566,38ac9754-46e3-432f-b892-cf545324da3e,left,mariodpo::mariodpo_nintendo_0046.txt,mariodpo,LEFT,True,False,False,17.883,False,1,0,1,0,0,18,0,0,0,1,0,1307.0,1307.0,[]
v_cf2c9cdb-96a7-440c-9e08-bf7bcaffde01,anon_376d7289-fc63-4549-9336-2b8703819566,38ac9754-46e3-432f-b892-cf545324da3e,right,mariogan::level_66.txt,mariogan,LEFT,False,True,False,18.745,True,0,0,1,0,0,17,0,0,0,0,0,,,[]
v_2a3fe041-578a-44a9-b8e1-84b0f3159287,anon_376d7289-fc63-4549-9336-2b8703819566,38ac9754-46e3-432f-b892-cf545324da3e,left,notchParamRand::lvl-28.txt,notchParamRand,RIGHT,False,True,False,17.741,True,0,0,0,0,0,17,0,0,0,0,0,,,[]
v_2a3fe041-578a-44a9-b8e1-84b0f3159287,anon_376d7289-fc63-4549-9336-2b8703819566,38ac9754-46e3-432f-b892-cf545324da3e,right,ore::lvl-58.txt,ore,RIGHT,True,False,False,28.844,True,0,0,1,0,0,35,0,0,0,0,0,,,[]
v_ebaa6c7b-93b2-4130-8275-eb6691ef1c42,anon_376d7289-fc63-4549-9336-2b8703819566,38ac9754-46e3-432f-b892-cf545324da3e,left,mariogan::level_82.txt,mariogan,LEFT,True,False,False,20.969,True,0,0,0,0,0,18,0,0,0,0,0,,,[]
v_ebaa6c7b-93b2-4130-8275-eb6691ef1c42,anon_376d7289-fc63-4549-9336-2b8703819566,38ac9754-46e3-432f-b892-cf545324da3e,right,marioDiffusion::level_92.txt,marioDiffusion,LEFT,False,True,False,0.716,False,1,0,0,0,0,0,0,0,0,1,0,8.0,8.0,[]
v_c4038c9d-0968-45dd-916b-176770106daf,anon_376d7289-fc63-4549-9336-2b8703819566,38ac9754-46e3-432f-b892-cf545324da3e,left,patternOccur::lvl-63.txt,patternOccur,TIE,False,False,True,5.938,False,1,0,0,0,0,5,0,0,0,1,0,635.0,635.0,[]
v_c4038c9d-0968-45dd-916b-176770106daf,anon_376d7289-fc63-4549-9336-2b8703819566,38ac9754-46e3-432f-b892-cf545324da3e,right,marioDiffusion::level_11.txt,marioDiffusion,TIE,False,False,True,11.18,False,1,2,0,0,0,12,0,0,0,1,0,1141.4555188251572,1141.4555188251572,['impossible']
v_0ac299d8-1e9f-4d19-aaba-85b8957def01,anon_376d7289-fc63-4549-9336-2b8703819566,38ac9754-46e3-432f-b892-cf545324da3e,left,notch::lvl-64.txt,notch,RIGHT,False,True,False,2.836,False,1,0,0,0,0,2,0,0,1,0,0,640.3925766220617,640.3925766220617,[]
v_0ac299d8-1e9f-4d19-aaba-85b8957def01,anon_376d7289-fc63-4549-9336-2b8703819566,38ac9754-46e3-432f-b892-cf545324da3e,right,genetic::lvl-29.txt,genetic,RIGHT,True,False,False,5.448,False,1,0,0,0,0,2,0,0,0,1,0,876.4352937526083,876.4352937526083,[]
v_021ff1b5-c062-45a4-9045-0265794541c4,anon_376d7289-fc63-4549-9336-2b8703819566,38ac9754-46e3-432f-b892-cf545324da3e,left,mariodpo::mariodpo_nintendo_0011.txt,mariodpo,LEFT,True,False,False,32.081,True,0,6,0,0,0,25,0,0,0,0,0,,,[]
v_021ff1b5-c062-45a4-9045-0265794541c4,anon_376d7289-fc63-4549-9336-2b8703819566,38ac9754-46e3-432f-b892-cf545324da3e,right,ore::lvl-90.txt,ore,LEFT,False,True,False,12.146,False,1,0,1,0,0,8,0,0,0,1,0,560.3733751371566,560.3733751371566,[]
v_b4e7999e-7399-4205-832c-57d5fba5dbcc,anon_376d7289-fc63-4549-9336-2b8703819566,38ac9754-46e3-432f-b892-cf545324da3e,left,patternCount::lvl-80.txt,patternCount,RIGHT,False,True,False,28.781,False,1,0,0,0,0,11,0,0,0,1,0,776.510286604472,776.510286604472,[]
v_b4e7999e-7399-4205-832c-57d5fba5dbcc,anon_376d7289-fc63-4549-9336-2b8703819566,38ac9754-46e3-432f-b892-cf545324da3e,right,mariogpt::level_049.txt,mariogpt,RIGHT,True,False,False,31.809,True,0,1,3,0,0,29,0,0,0,0,0,,,"['creative', 'fun']"
v_b8e219ea-9256-4167-85fe-2ceb13e27aa6,anon_376d7289-fc63-4549-9336-2b8703819566,30c74b16-2848-48f0-a780-1e15e5accbdd,left,notchParam::lvl-64.txt,notchParam,LEFT,True,False,False,8.771,False,1,0,2,0,0,8,0,0,0,1,0,2581.5537190083037,2581.5537190083037,[]
v_b8e219ea-9256-4167-85fe-2ceb13e27aa6,anon_376d7289-fc63-4549-9336-2b8703819566,30c74b16-2848-48f0-a780-1e15e5accbdd,right,marioDiffusion::level_39.txt,marioDiffusion,LEFT,False,True,False,4.115,False,1,0,0,0,0,2,0,0,0,1,0,354.8,354.8,[]
v_62079ca3-575e-4de7-9af3-4695f58db06b,anon_376d7289-fc63-4549-9336-2b8703819566,30c74b16-2848-48f0-a780-1e15e5accbdd,left,ore::lvl-100.txt,ore,RIGHT,False,True,False,13.675,False,1,1,1,0,0,14,0,0,0,1,0,1431.0130713557364,1431.0130713557364,[]
v_62079ca3-575e-4de7-9af3-4695f58db06b,anon_376d7289-fc63-4549-9336-2b8703819566,30c74b16-2848-48f0-a780-1e15e5accbdd,right,original::lvl-4.txt,original,RIGHT,True,False,False,17.543,False,1,3,2,0,0,14,0,0,1,0,0,1519.2698628170835,1519.2698628170835,[]
v_ac96d981-c0c3-4852-906d-df68e1b3a2ff,anon_376d7289-fc63-4549-9336-2b8703819566,30c74b16-2848-48f0-a780-1e15e5accbdd,left,hopper::lvl-87.txt,hopper,TIE,False,False,True,3.384,False,1,0,1,0,0,2,0,0,0,1,0,673.4032490798971,673.4032490798971,[]
v_ac96d981-c0c3-4852-906d-df68e1b3a2ff,anon_376d7289-fc63-4549-9336-2b8703819566,30c74b16-2848-48f0-a780-1e15e5accbdd,right,genetic::lvl-34.txt,genetic,TIE,False,False,True,1.615,False,1,0,0,0,0,2,0,0,1,0,0,260.20884348339985,260.20884348339985,[]
v_58f703cf-ce33-40a2-bb2f-4fc2a4635b7a,anon_376d7289-fc63-4549-9336-2b8703819566,30c74b16-2848-48f0-a780-1e15e5accbdd,left,patternOccur::lvl-55.txt,patternOccur,RIGHT,False,True,False,16.616,False,1,1,0,0,0,17,0,0,0,1,0,900.3358259397405,900.3358259397405,[]
v_58f703cf-ce33-40a2-bb2f-4fc2a4635b7a,anon_376d7289-fc63-4549-9336-2b8703819566,30c74b16-2848-48f0-a780-1e15e5accbdd,right,mariodpo::mariodpo_nintendo_0127.txt,mariodpo,RIGHT,True,False,False,14.18,False,1,3,2,0,0,10,0,0,0,1,0,1124.0,1124.0,[]
v_d2b2c8ec-3baf-439a-a983-c9dd41229487,anon_376d7289-fc63-4549-9336-2b8703819566,30c74b16-2848-48f0-a780-1e15e5accbdd,left,genetic::lvl-74.txt,genetic,TIE,False,False,True,4.072,False,1,1,0,0,0,2,0,0,0,1,0,486.6138425339534,486.6138425339534,[]
v_d2b2c8ec-3baf-439a-a983-c9dd41229487,anon_376d7289-fc63-4549-9336-2b8703819566,30c74b16-2848-48f0-a780-1e15e5accbdd,right,notch::lvl-15.txt,notch,TIE,False,False,True,2.082,False,1,0,0,0,0,1,0,0,0,1,0,313.368392492,313.368392492,[]
v_163fe666-cc7e-4c6a-bd0b-873bb0738065,anon_376d7289-fc63-4549-9336-2b8703819566,30c74b16-2848-48f0-a780-1e15e5accbdd,left,notchParam::lvl-74.txt,notchParam,RIGHT,False,True,False,15.775,False,1,0,1,0,0,15,0,0,1,0,0,2709.015185384017,2709.015185384017,[]
v_163fe666-cc7e-4c6a-bd0b-873bb0738065,anon_376d7289-fc63-4549-9336-2b8703819566,30c74b16-2848-48f0-a780-1e15e5accbdd,right,notch::lvl-24.txt,notch,RIGHT,True,False,False,2.582,False,1,0,0,0,0,1,0,0,1,0,0,421.5446411351002,421.5446411351002,[]
v_5d9d76a9-007a-4109-87f2-4e4b41cf3796,anon_a0cc7026-ba1a-4e0e-9888-6b809e8c5450,dbc384d0-65b6-4a93-ba0e-5e7267b98d05,left,patternOccur::lvl-29.txt,patternOccur,LEFT,True,False,False,4.679,False,1,0,0,0,0,4,0,0,0,1,0,191.44093624599998,191.44093624599998,[]
v_5d9d76a9-007a-4109-87f2-4e4b41cf3796,anon_a0cc7026-ba1a-4e0e-9888-6b809e8c5450,dbc384d0-65b6-4a93-ba0e-5e7267b98d05,right,notchParam::lvl-12.txt,notchParam,LEFT,False,True,False,4.887,False,1,0,1,0,0,3,0,0,0,1,0,597.4529260813475,597.4529260813475,[]
v_7a5855e8-2653-46fc-91cd-4c8f003f7a42,anon_a0cc7026-ba1a-4e0e-9888-6b809e8c5450,dbc384d0-65b6-4a93-ba0e-5e7267b98d05,left,mariodpo::mariodpo_nintendo_0030.txt,mariodpo,RIGHT,False,True,False,7.856,False,1,0,0,0,0,6,0,0,1,0,0,893.1277426782785,893.1277426782785,[]
v_7a5855e8-2653-46fc-91cd-4c8f003f7a42,anon_a0cc7026-ba1a-4e0e-9888-6b809e8c5450,dbc384d0-65b6-4a93-ba0e-5e7267b98d05,right,ore::lvl-85.txt,ore,RIGHT,True,False,False,1.81,False,1,0,0,0,0,0,0,0,0,1,0,47.164260337298536,47.164260337298536,[]
v_f731ae95-db03-4831-87e7-2ded0fd668d5,anon_a0cc7026-ba1a-4e0e-9888-6b809e8c5450,dbc384d0-65b6-4a93-ba0e-5e7267b98d05,left,genetic::lvl-27.txt,genetic,RIGHT,False,True,False,11.55,False,1,4,0,0,0,16,0,0,0,1,0,496.46624012324037,496.46624012324037,[]
v_f731ae95-db03-4831-87e7-2ded0fd668d5,anon_a0cc7026-ba1a-4e0e-9888-6b809e8c5450,dbc384d0-65b6-4a93-ba0e-5e7267b98d05,right,mariodpo::mariodpo_nintendo_0105.txt,mariodpo,RIGHT,True,False,False,3.522,False,1,0,0,0,0,3,0,0,0,1,0,380.73400000000004,380.73400000000004,[]
v_0e217d96-691a-4399-ad7d-b973d59346e2,anon_a0cc7026-ba1a-4e0e-9888-6b809e8c5450,dbc384d0-65b6-4a93-ba0e-5e7267b98d05,left,mariodpo::mariodpo_nintendo_0008.txt,mariodpo,LEFT,True,False,False,21.742,False,1,0,0,0,0,5,0,0,1,0,0,522.4443170911719,522.4443170911719,[]
v_0e217d96-691a-4399-ad7d-b973d59346e2,anon_a0cc7026-ba1a-4e0e-9888-6b809e8c5450,dbc384d0-65b6-4a93-ba0e-5e7267b98d05,right,marioDiffusion::level_57.txt,marioDiffusion,LEFT,False,True,False,2.711,False,1,0,0,0,0,1,0,0,0,1,0,99.21848488177957,99.21848488177957,[]
v_6736c9ca-0887-40f1-83ca-ecec257d0c49,anon_a0cc7026-ba1a-4e0e-9888-6b809e8c5450,dbc384d0-65b6-4a93-ba0e-5e7267b98d05,left,mariodpo::mariodpo_nintendo_0070.txt,mariodpo,RIGHT,False,True,False,19.01,True,0,1,1,0,0,12,0,0,0,0,0,,,[]
v_6736c9ca-0887-40f1-83ca-ecec257d0c49,anon_a0cc7026-ba1a-4e0e-9888-6b809e8c5450,dbc384d0-65b6-4a93-ba0e-5e7267b98d05,right,original::lvl-1.txt,original,RIGHT,True,False,False,54.485,True,0,2,2,0,0,49,0,0,0,0,0,,,[]
v_b4223af6-4d4c-4eca-ad24-c12d038e8227,anon_a0cc7026-ba1a-4e0e-9888-6b809e8c5450,dbc384d0-65b6-4a93-ba0e-5e7267b98d05,left,mariodpo::mariodpo_nintendo_0014.txt,mariodpo,LEFT,True,False,False,15.057,False,1,1,0,0,0,12,0,0,0,1,0,932.0211652211717,932.0211652211717,[]
v_b4223af6-4d4c-4eca-ad24-c12d038e8227,anon_a0cc7026-ba1a-4e0e-9888-6b809e8c5450,dbc384d0-65b6-4a93-ba0e-5e7267b98d05,right,hopper::lvl-64.txt,hopper,LEFT,False,True,False,8.512,False,1,0,1,0,0,5,0,0,1,0,0,888.6869574686235,888.6869574686235,[]
v_de958d97-1214-42d6-a614-f44ab89b5196,anon_a0cc7026-ba1a-4e0e-9888-6b809e8c5450,1bd6109e-e8db-475f-a195-5e4b00cf825d,left,mariodpo::mariodpo_nintendo_0042.txt,mariodpo,LEFT,True,False,False,7.179,False,1,0,1,0,0,5,0,0,0,1,0,459.6,459.6,[]
v_de958d97-1214-42d6-a614-f44ab89b5196,anon_a0cc7026-ba1a-4e0e-9888-6b809e8c5450,1bd6109e-e8db-475f-a195-5e4b00cf825d,right,notchParamRand::lvl-28.txt,notchParamRand,LEFT,False,True,False,22.575,True,0,1,0,0,0,22,0,0,0,0,0,,,[]
v_efb63028-3afa-4e31-896f-8ceb32fe8cb0,anon_a0cc7026-ba1a-4e0e-9888-6b809e8c5450,1bd6109e-e8db-475f-a195-5e4b00cf825d,left,mariogan::level_96.txt,mariogan,RIGHT,False,True,False,0.826,False,1,0,0,0,0,0,0,0,1,0,0,8.0,8.0,[]
v_efb63028-3afa-4e31-896f-8ceb32fe8cb0,anon_a0cc7026-ba1a-4e0e-9888-6b809e8c5450,1bd6109e-e8db-475f-a195-5e4b00cf825d,right,notchParamRand::lvl-20.txt,notchParamRand,RIGHT,True,False,False,17.991,False,1,0,0,0,0,10,0,0,0,1,0,1033.3123222947697,1033.3123222947697,[]
v_48226bcf-9d4c-4d36-8f55-6c0c22a136cd,anon_376d7289-fc63-4549-9336-2b8703819566,e33fdf48-87c4-4797-aafb-de8f5446f798,left,mariodpo::mariodpo_nintendo_0131.txt,mariodpo,LEFT,True,False,False,21.47,True,0,1,2,0,2,18,0,0,0,0,0,,,[]
v_48226bcf-9d4c-4d36-8f55-6c0c22a136cd,anon_376d7289-fc63-4549-9336-2b8703819566,e33fdf48-87c4-4797-aafb-de8f5446f798,right,mariogan::level_99.txt,mariogan,LEFT,False,True,False,7.814,False,1,0,1,0,0,8,0,0,0,1,0,1536.573387439245,1536.573387439245,[]
v_4d7ea814-3da3-4727-bdc7-08aa91ed49d0,anon_376d7289-fc63-4549-9336-2b8703819566,e33fdf48-87c4-4797-aafb-de8f5446f798,left,marioDiffusion::level_98.txt,marioDiffusion,LEFT,True,False,False,12.106,False,1,0,0,0,0,8,0,0,0,1,0,1841.2550222062466,1841.2550222062466,[]
v_4d7ea814-3da3-4727-bdc7-08aa91ed49d0,anon_376d7289-fc63-4549-9336-2b8703819566,e33fdf48-87c4-4797-aafb-de8f5446f798,right,notchParamRand::lvl-7.txt,notchParamRand,LEFT,False,True,False,3.582,False,1,0,0,0,0,2,0,0,0,1,0,680.4146884686636,680.4146884686636,[]
v_197d3f2c-0fde-4a39-98ee-63ecd4f47937,anon_376d7289-fc63-4549-9336-2b8703819566,e33fdf48-87c4-4797-aafb-de8f5446f798,left,patternOccur::lvl-27.txt,patternOccur,RIGHT,False,True,False,3.803,False,1,0,0,0,0,3,0,0,0,1,0,259.568392492,259.568392492,[]
v_197d3f2c-0fde-4a39-98ee-63ecd4f47937,anon_376d7289-fc63-4549-9336-2b8703819566,e33fdf48-87c4-4797-aafb-de8f5446f798,right,ore::lvl-8.txt,ore,RIGHT,True,False,False,5.55,False,1,0,0,0,0,4,0,0,0,1,0,492.0236554217879,492.0236554217879,[]
v_c8de17f1-9ba8-4425-a762-955a6169d2b9,anon_376d7289-fc63-4549-9336-2b8703819566,e33fdf48-87c4-4797-aafb-de8f5446f798,left,original::lvl-10.txt,original,LEFT,True,False,False,4.109,False,1,0,0,0,0,3,0,0,0,1,0,660.2899542079069,660.2899542079069,[]
v_c8de17f1-9ba8-4425-a762-955a6169d2b9,anon_376d7289-fc63-4549-9336-2b8703819566,e33fdf48-87c4-4797-aafb-de8f5446f798,right,genetic::lvl-74.txt,genetic,LEFT,False,True,False,1.883,False,1,0,0,0,0,2,0,0,0,1,0,476.33074031482187,476.33074031482187,[]
v_697c704b-b2c8-46ba-b3d7-70ebb5603847,anon_376d7289-fc63-4549-9336-2b8703819566,e33fdf48-87c4-4797-aafb-de8f5446f798,left,mariogan::level_91.txt,mariogan,RIGHT,False,True,False,30.65,True,0,0,2,0,0,31,0,0,0,0,0,,,[]
v_697c704b-b2c8-46ba-b3d7-70ebb5603847,anon_376d7289-fc63-4549-9336-2b8703819566,e33fdf48-87c4-4797-aafb-de8f5446f798,right,mariodpo::mariodpo_nintendo_0039.txt,mariodpo,RIGHT,True,False,False,45.007,True,0,3,1,0,0,43,0,0,0,0,0,,,[]
v_ec8117bb-ff0f-4906-bd60-9b3c3ef5cc40,anon_376d7289-fc63-4549-9336-2b8703819566,e33fdf48-87c4-4797-aafb-de8f5446f798,left,mariogpt::level_028.txt,mariogpt,LEFT,True,False,False,8.605,False,1,3,0,0,0,7,0,0,1,0,0,318.93218405501517,318.93218405501517,[]
v_ec8117bb-ff0f-4906-bd60-9b3c3ef5cc40,anon_376d7289-fc63-4549-9336-2b8703819566,e33fdf48-87c4-4797-aafb-de8f5446f798,right,ore::lvl-77.txt,ore,LEFT,False,True,False,1.549,False,1,0,0,0,0,0,0,0,0,1,0,170.00811730115677,170.00811730115677,[]
v_e32f1dc9-694f-495b-9f40-e91f41ad47e6,anon_376d7289-fc63-4549-9336-2b8703819566,e33fdf48-87c4-4797-aafb-de8f5446f798,left,original::lvl-13.txt,original,TIE,False,False,True,2.676,False,1,0,0,0,0,2,0,0,0,1,0,400.13921090042385,400.13921090042385,[]
v_e32f1dc9-694f-495b-9f40-e91f41ad47e6,anon_376d7289-fc63-4549-9336-2b8703819566,e33fdf48-87c4-4797-aafb-de8f5446f798,right,ore::lvl-23.txt,ore,TIE,False,False,True,1.683,False,1,0,0,0,0,1,0,0,0,1,0,138.74882387206932,138.74882387206932,[]
v_a702363b-a726-402a-b481-5bce4cbe1859,anon_376d7289-fc63-4549-9336-2b8703819566,e33fdf48-87c4-4797-aafb-de8f5446f798,left,patternWeightCount::lvl-5.txt,patternWeightCount,RIGHT,False,True,False,3.052,False,1,0,0,0,0,2,0,0,0,1,0,155.0,155.0,[]
v_a702363b-a726-402a-b481-5bce4cbe1859,anon_376d7289-fc63-4549-9336-2b8703819566,e33fdf48-87c4-4797-aafb-de8f5446f798,right,mariodpo::mariodpo_nintendo_0123.txt,mariodpo,RIGHT,True,False,False,6.914,False,1,0,0,0,0,4,0,0,0,1,0,180.0,180.0,[]
v_a53cd2ef-2947-4e0b-a876-227678eefbfb,anon_376d7289-fc63-4549-9336-2b8703819566,e33fdf48-87c4-4797-aafb-de8f5446f798,left,ore::lvl-79.txt,ore,TIE,False,False,True,3.415,False,1,0,0,0,0,1,0,0,0,1,0,106.98872994529219,106.98872994529219,[]
v_a53cd2ef-2947-4e0b-a876-227678eefbfb,anon_376d7289-fc63-4549-9336-2b8703819566,e33fdf48-87c4-4797-aafb-de8f5446f798,right,mariodpo::mariodpo_nintendo_0158.txt,mariodpo,TIE,False,False,True,5.547,True,0,0,3,0,0,4,0,0,0,0,0,,,[]
v_41401b86-7159-41ed-a85c-13c61d73cec0,anon_376d7289-fc63-4549-9336-2b8703819566,e33fdf48-87c4-4797-aafb-de8f5446f798,left,patternCount::lvl-65.txt,patternCount,TIE,False,False,True,2.517,False,1,0,0,0,0,2,0,0,0,1,0,143.28137449139513,143.28137449139513,[]
v_41401b86-7159-41ed-a85c-13c61d73cec0,anon_376d7289-fc63-4549-9336-2b8703819566,e33fdf48-87c4-4797-aafb-de8f5446f798,right,patternOccur::lvl-11.txt,patternOccur,TIE,False,False,True,1.282,False,1,0,0,0,0,1,0,0,0,1,0,107.0,107.0,[]
v_da60c59d-4944-452b-af22-c757ec24d04e,anon_376d7289-fc63-4549-9336-2b8703819566,7a973411-2df0-42fc-8902-fa3096a38dbf,left,patternOccur::lvl-85.txt,patternOccur,RIGHT,False,True,False,6.071,False,1,0,0,0,0,2,0,0,0,1,0,34.26785383583762,34.26785383583762,[]
v_da60c59d-4944-452b-af22-c757ec24d04e,anon_376d7289-fc63-4549-9336-2b8703819566,7a973411-2df0-42fc-8902-fa3096a38dbf,right,ore::lvl-59.txt,ore,RIGHT,True,False,False,16.679,False,1,1,1,0,0,13,0,0,0,1,0,628.0669656294178,628.0669656294178,[]
v_58e31b93-fba2-44bd-a4b1-7a6b89abfbd0,anon_376d7289-fc63-4549-9336-2b8703819566,7a973411-2df0-42fc-8902-fa3096a38dbf,left,notch::lvl-46.txt,notch,RIGHT,False,True,False,6.142,False,1,0,0,0,0,5,0,0,0,1,0,941.0769030895676,941.0769030895676,[]
v_58e31b93-fba2-44bd-a4b1-7a6b89abfbd0,anon_376d7289-fc63-4549-9336-2b8703819566,7a973411-2df0-42fc-8902-fa3096a38dbf,right,original::lvl-5.txt,original,RIGHT,True,False,False,58.139,True,0,5,2,14,0,47,0,0,0,0,0,,,[]
v_57cc0ad4-488e-434f-8763-ac367aa3d28f,anon_376d7289-fc63-4549-9336-2b8703819566,9af7bb86-418c-4233-83e9-ed26e2b047b6,left,marioDiffusion::level_50.txt,marioDiffusion,TIE,False,False,True,22.472,False,1,0,0,0,0,12,0,0,0,1,0,555.0,555.0,[]
v_57cc0ad4-488e-434f-8763-ac367aa3d28f,anon_376d7289-fc63-4549-9336-2b8703819566,9af7bb86-418c-4233-83e9-ed26e2b047b6,right,original::lvl-6.txt,original,TIE,False,False,True,2.015,False,1,0,0,0,0,2,0,0,1,0,0,319.04801322263586,319.04801322263586,[]
v_b6de6b9f-fefa-4dcb-bd45-73d9be26ff38,anon_376d7289-fc63-4549-9336-2b8703819566,51af43a2-c542-4cce-bac2-3c728baece9c,left,mariogpt::level_013.txt,mariogpt,LEFT,True,False,False,45.473,False,1,4,3,0,0,31,0,0,0,1,0,1990.608101778318,1990.608101778318,[]
v_b6de6b9f-fefa-4dcb-bd45-73d9be26ff38,anon_376d7289-fc63-4549-9336-2b8703819566,51af43a2-c542-4cce-bac2-3c728baece9c,right,mariogan::level_78.txt,mariogan,LEFT,False,True,False,38.476,True,0,0,2,0,0,35,0,0,0,0,0,,,[]
v_fa96d8c4-05e6-498f-a6d3-376b59a5452a,anon_376d7289-fc63-4549-9336-2b8703819566,51af43a2-c542-4cce-bac2-3c728baece9c,left,notch::lvl-40.txt,notch,RIGHT,False,True,False,37.736,False,1,0,0,0,0,23,0,0,0,1,0,2060.2,2060.2,[]
v_fa96d8c4-05e6-498f-a6d3-376b59a5452a,anon_376d7289-fc63-4549-9336-2b8703819566,51af43a2-c542-4cce-bac2-3c728baece9c,right,ore::lvl-26.txt,ore,RIGHT,True,False,False,64.605,True,0,3,1,0,0,55,0,0,0,0,0,,,[]
v_b6b0540a-ff8d-4a4d-b17b-4be2b334bf74,anon_376d7289-fc63-4549-9336-2b8703819566,f0a25d20-566c-4bea-8d0d-f40e6d4ccb4e,left,genetic::lvl-84.txt,genetic,RIGHT,False,True,False,14.585,True,0,0,0,0,0,6,0,0,0,0,0,,,[]
v_b6b0540a-ff8d-4a4d-b17b-4be2b334bf74,anon_376d7289-fc63-4549-9336-2b8703819566,f0a25d20-566c-4bea-8d0d-f40e6d4ccb4e,right,hopper::lvl-1.txt,hopper,RIGHT,True,False,False,24.877,True,0,0,0,0,0,23,0,0,0,0,0,,,[]
v_493fb6e7-08d0-488c-9503-2523fda0d0d9,anon_376d7289-fc63-4549-9336-2b8703819566,f0a25d20-566c-4bea-8d0d-f40e6d4ccb4e,left,notch::lvl-72.txt,notch,RIGHT,False,True,False,4.048,False,1,0,0,0,0,3,0,0,0,1,0,800.1206400831182,800.1206400831182,[]
v_493fb6e7-08d0-488c-9503-2523fda0d0d9,anon_376d7289-fc63-4549-9336-2b8703819566,f0a25d20-566c-4bea-8d0d-f40e6d4ccb4e,right,ore::lvl-98.txt,ore,RIGHT,True,False,False,11.58,False,1,1,0,0,0,9,0,0,0,1,0,404.0,404.0,[]
v_57163af1-802d-46eb-83d3-75999ed153c1,anon_376d7289-fc63-4549-9336-2b8703819566,f0a25d20-566c-4bea-8d0d-f40e6d4ccb4e,left,mariogpt::level_059.txt,mariogpt,LEFT,True,False,False,92.376,False,1,19,7,0,0,68,0,0,0,1,0,2284.9966487133074,2284.9966487133074,[]
v_57163af1-802d-46eb-83d3-75999ed153c1,anon_376d7289-fc63-4549-9336-2b8703819566,f0a25d20-566c-4bea-8d0d-f40e6d4ccb4e,right,patternOccur::lvl-20.txt,patternOccur,LEFT,False,True,False,14.879,False,1,0,0,0,0,10,0,0,0,1,0,788.3002215401871,788.3002215401871,[]
v_9c7f641a-c5ce-4366-abf2-af5423d9d171,anon_376d7289-fc63-4549-9336-2b8703819566,f0a25d20-566c-4bea-8d0d-f40e6d4ccb4e,left,hopper::lvl-61.txt,hopper,LEFT,True,False,False,31.074,True,0,0,2,0,2,24,0,0,0,0,0,,,[]
v_9c7f641a-c5ce-4366-abf2-af5423d9d171,anon_376d7289-fc63-4549-9336-2b8703819566,f0a25d20-566c-4bea-8d0d-f40e6d4ccb4e,right,marioDiffusion::level_35.txt,marioDiffusion,LEFT,False,True,False,6.014,False,1,6,0,0,0,3,0,0,0,1,0,431.29414700854915,431.29414700854915,['impossible']
v_bcf8f11d-563d-4d86-ae36-3b28e50a8e3c,anon_376d7289-fc63-4549-9336-2b8703819566,f0a25d20-566c-4bea-8d0d-f40e6d4ccb4e,left,hopper::lvl-33.txt,hopper,TIE,False,False,True,8.904,False,1,0,0,0,0,3,0,0,1,0,0,510.56704387189075,510.56704387189075,[]
v_bcf8f11d-563d-4d86-ae36-3b28e50a8e3c,anon_376d7289-fc63-4549-9336-2b8703819566,f0a25d20-566c-4bea-8d0d-f40e6d4ccb4e,right,notch::lvl-38.txt,notch,TIE,False,False,True,30.41,True,0,0,0,0,0,26,0,0,0,0,0,,,[]
v_5e4d94ee-4e17-4c0f-845e-b92e12ff8b78,anon_376d7289-fc63-4549-9336-2b8703819566,507a0e44-01a7-4669-b2bc-54f451ddac70,left,original::lvl-13.txt,original,LEFT,True,False,False,90.119,False,1,11,0,0,0,21,0,0,0,1,0,1223.7252441308178,1223.7252441308178,[]
v_5e4d94ee-4e17-4c0f-845e-b92e12ff8b78,anon_376d7289-fc63-4549-9336-2b8703819566,507a0e44-01a7-4669-b2bc-54f451ddac70,right,patternOccur::lvl-12.txt,patternOccur,LEFT,False,True,False,0.0,False,0,0,0,0,0,0,0,0,0,0,0,,,[]
v_e4139151-db8d-456f-a1ae-1158d304cd74,anon_376d7289-fc63-4549-9336-2b8703819566,507a0e44-01a7-4669-b2bc-54f451ddac70,left,mariogpt::level_070.txt,mariogpt,LEFT,True,False,False,69.419,True,0,0,2,0,0,28,0,0,0,0,0,,,"['creative', 'fun']"
v_e4139151-db8d-456f-a1ae-1158d304cd74,anon_376d7289-fc63-4549-9336-2b8703819566,507a0e44-01a7-4669-b2bc-54f451ddac70,right,notchParam::lvl-57.txt,notchParam,LEFT,False,True,False,24.145,False,1,0,0,0,0,4,0,0,0,1,0,911.4679220751893,911.4679220751893,[]
v_0507c042-6b42-42ae-bedc-9427b68aa69a,anon_376d7289-fc63-4549-9336-2b8703819566,f8cb29ac-40ef-4169-8c89-2089863c2614,left,patternCount::lvl-27.txt,patternCount,RIGHT,False,True,False,82.036,True,0,1,0,0,0,63,0,0,0,0,0,,,[]
v_0507c042-6b42-42ae-bedc-9427b68aa69a,anon_376d7289-fc63-4549-9336-2b8703819566,f8cb29ac-40ef-4169-8c89-2089863c2614,right,patternWeightCount::lvl-64.txt,patternWeightCount,RIGHT,True,False,False,72.77,True,0,3,0,0,0,49,0,0,0,0,0,,,[]
v_623a6869-a682-4a98-ab15-81aac195073c,anon_376d7289-fc63-4549-9336-2b8703819566,f8cb29ac-40ef-4169-8c89-2089863c2614,left,notch::lvl-66.txt,notch,LEFT,True,False,False,75.814,True,0,0,0,0,0,27,0,0,0,0,0,,,[]
v_623a6869-a682-4a98-ab15-81aac195073c,anon_376d7289-fc63-4549-9336-2b8703819566,f8cb29ac-40ef-4169-8c89-2089863c2614,right,mariogan::level_49.txt,mariogan,LEFT,False,True,False,1.381,False,1,0,0,0,0,1,0,0,0,1,0,139.4730528736979,139.4730528736979,[]
v_329aa4d5-9b4b-46db-bd6a-ca81d02fee63,anon_376d7289-fc63-4549-9336-2b8703819566,f8cb29ac-40ef-4169-8c89-2089863c2614,left,mariogan::level_19.txt,mariogan,RIGHT,False,True,False,35.577,True,0,0,0,0,0,31,0,0,0,0,0,,,[]
v_329aa4d5-9b4b-46db-bd6a-ca81d02fee63,anon_376d7289-fc63-4549-9336-2b8703819566,f8cb29ac-40ef-4169-8c89-2089863c2614,right,marioDiffusion::level_17.txt,marioDiffusion,RIGHT,True,False,False,28.777,False,1,0,0,0,0,29,0,0,0,1,0,2971.0,2971.0,[]
v_c728a836-b089-4464-99c9-ab04e45a9347,anon_376d7289-fc63-4549-9336-2b8703819566,f8cb29ac-40ef-4169-8c89-2089863c2614,left,patternOccur::lvl-77.txt,patternOccur,RIGHT,False,True,False,7.543,False,1,0,0,0,0,7,0,0,0,1,0,500.0,500.0,[]
v_c728a836-b089-4464-99c9-ab04e45a9347,anon_376d7289-fc63-4549-9336-2b8703819566,f8cb29ac-40ef-4169-8c89-2089863c2614,right,notch::lvl-82.txt,notch,RIGHT,True,False,False,18.246,True,0,0,0,0,0,20,0,0,0,0,0,,,[]
v_e268124c-7a51-4eab-b826-0cd463c31caf,anon_376d7289-fc63-4549-9336-2b8703819566,f8cb29ac-40ef-4169-8c89-2089863c2614,left,ore::lvl-94.txt,ore,LEFT,True,False,False,61.109,False,1,0,0,0,0,27,0,0,0,1,0,2402.519737955294,2402.519737955294,[]
v_e268124c-7a51-4eab-b826-0cd463c31caf,anon_376d7289-fc63-4549-9336-2b8703819566,f8cb29ac-40ef-4169-8c89-2089863c2614,right,notchParamRand::lvl-48.txt,notchParamRand,LEFT,False,True,False,3.347,False,1,0,0,0,0,1,0,0,1,0,0,261.7839879366254,261.7839879366254,[]
v_0490b449-d640-4c1d-8a76-f3e0c6cb4bdb,anon_376d7289-fc63-4549-9336-2b8703819566,f8cb29ac-40ef-4169-8c89-2089863c2614,left,mariogan::level_84.txt,mariogan,LEFT,True,False,False,5.614,False,1,0,0,0,0,6,0,0,1,0,0,597.7510028,597.7510028,[]
v_0490b449-d640-4c1d-8a76-f3e0c6cb4bdb,anon_376d7289-fc63-4549-9336-2b8703819566,f8cb29ac-40ef-4169-8c89-2089863c2614,right,patternOccur::lvl-63.txt,patternOccur,LEFT,False,True,False,57.205,False,1,1,0,0,0,28,0,0,0,1,0,1580.6316075080001,1580.6316075080001,[]
v_0aa711db-8762-4b44-aabf-04d3e8c54c13,anon_376d7289-fc63-4549-9336-2b8703819566,f8cb29ac-40ef-4169-8c89-2089863c2614,left,notchParamRand::lvl-32.txt,notchParamRand,RIGHT,False,True,False,23.64,True,0,0,0,0,0,8,0,0,0,0,0,,,[]
v_0aa711db-8762-4b44-aabf-04d3e8c54c13,anon_376d7289-fc63-4549-9336-2b8703819566,f8cb29ac-40ef-4169-8c89-2089863c2614,right,notchParam::lvl-9.txt,notchParam,RIGHT,True,False,False,21.211,True,0,0,1,0,0,17,0,0,0,0,0,,,[]
v_33e87bab-a843-42fb-8ce9-b62a17fae9c0,anon_376d7289-fc63-4549-9336-2b8703819566,f8cb29ac-40ef-4169-8c89-2089863c2614,left,notchParam::lvl-52.txt,notchParam,RIGHT,False,True,False,4.076,False,1,0,0,0,0,2,0,0,1,0,0,773.8770598228507,773.8770598228507,[]
v_33e87bab-a843-42fb-8ce9-b62a17fae9c0,anon_376d7289-fc63-4549-9336-2b8703819566,f8cb29ac-40ef-4169-8c89-2089863c2614,right,mariogan::level_34.txt,mariogan,RIGHT,True,False,False,14.046,False,1,0,0,0,0,15,0,0,1,0,0,1718.1397236929133,1718.1397236929133,[]
v_58f300aa-9411-4b32-bebe-7e3ed6c01302,anon_376d7289-fc63-4549-9336-2b8703819566,f8cb29ac-40ef-4169-8c89-2089863c2614,left,notchParamRand::lvl-85.txt,notchParamRand,TIE,False,False,True,17.438,True,0,0,0,0,0,5,0,0,0,0,0,,,['boring']
v_58f300aa-9411-4b32-bebe-7e3ed6c01302,anon_376d7289-fc63-4549-9336-2b8703819566,f8cb29ac-40ef-4169-8c89-2089863c2614,right,marioDiffusion::level_100.txt,marioDiffusion,TIE,False,False,True,0.713,False,1,0,0,0,0,0,0,0,0,1,0,35.715582562144604,35.715582562144604,['impossible']
v_974966c8-90f2-40af-94d6-879db84d630a,anon_376d7289-fc63-4549-9336-2b8703819566,f8cb29ac-40ef-4169-8c89-2089863c2614,left,mariogan::level_15.txt,mariogan,RIGHT,False,True,False,41.638,True,0,0,2,2,0,35,0,0,0,0,0,,,[]
v_974966c8-90f2-40af-94d6-879db84d630a,anon_376d7289-fc63-4549-9336-2b8703819566,f8cb29ac-40ef-4169-8c89-2089863c2614,right,mariogpt::level_076.txt,mariogpt,RIGHT,True,False,False,41.908,False,1,2,2,0,0,43,0,0,0,1,0,1156.9982120704242,1156.9982120704242,[]
v_01a72999-82b6-4445-b39e-faac3331cb47,anon_376d7289-fc63-4549-9336-2b8703819566,f8cb29ac-40ef-4169-8c89-2089863c2614,left,original::lvl-11.txt,original,LEFT,True,False,False,2.841,False,1,2,0,0,0,4,0,0,1,0,0,343.59925391134453,343.59925391134453,[]
v_01a72999-82b6-4445-b39e-faac3331cb47,anon_376d7289-fc63-4549-9336-2b8703819566,f8cb29ac-40ef-4169-8c89-2089863c2614,right,ore::lvl-96.txt,ore,LEFT,False,True,False,26.478,False,1,1,0,0,0,25,0,0,1,0,0,1570.5193377735454,1570.5193377735454,[]
v_d3ba73c8-fadc-4be4-b87a-a82faf318aa9,anon_376d7289-fc63-4549-9336-2b8703819566,f8cb29ac-40ef-4169-8c89-2089863c2614,left,ore::lvl-89.txt,ore,TIE,False,False,True,11.137,False,1,0,0,0,0,11,0,0,0,1,0,988.2559739538742,988.2559739538742,[]
v_d3ba73c8-fadc-4be4-b87a-a82faf318aa9,anon_376d7289-fc63-4549-9336-2b8703819566,f8cb29ac-40ef-4169-8c89-2089863c2614,right,mariogan::level_11.txt,mariogan,TIE,False,False,True,39.509,True,0,0,0,0,0,34,0,0,0,0,0,,,[]
v_fa389701-4821-468a-a7ec-61c76bace091,anon_376d7289-fc63-4549-9336-2b8703819566,f8cb29ac-40ef-4169-8c89-2089863c2614,left,original::lvl-9.txt,original,RIGHT,False,True,False,3.144,False,1,0,1,0,0,3,0,0,1,0,0,571.7679791789616,571.7679791789616,[]
v_fa389701-4821-468a-a7ec-61c76bace091,anon_376d7289-fc63-4549-9336-2b8703819566,f8cb29ac-40ef-4169-8c89-2089863c2614,right,notch::lvl-12.txt,notch,RIGHT,True,False,False,2.982,False,1,0,0,0,0,3,0,0,1,0,0,519.5372226152862,519.5372226152862,[]
v_18764695-20ab-40ff-b959-360fd79120f7,anon_376d7289-fc63-4549-9336-2b8703819566,f8cb29ac-40ef-4169-8c89-2089863c2614,left,marioDiffusion::level_13.txt,marioDiffusion,RIGHT,False,True,False,15.037,False,1,0,0,0,0,10,0,0,0,1,0,1573.5090171215197,1573.5090171215197,[]
v_18764695-20ab-40ff-b959-360fd79120f7,anon_376d7289-fc63-4549-9336-2b8703819566,f8cb29ac-40ef-4169-8c89-2089863c2614,right,ore::lvl-29.txt,ore,RIGHT,True,False,False,38.542,False,1,0,0,0,0,8,0,0,1,0,0,629.8894475525889,629.8894475525889,[]
v_447833a6-e486-44d0-97f9-9dee8387343e,anon_376d7289-fc63-4549-9336-2b8703819566,f8cb29ac-40ef-4169-8c89-2089863c2614,left,hopper::lvl-21.txt,hopper,LEFT,True,False,False,39.11,True,0,2,6,0,0,20,0,0,0,0,0,,,[]
v_447833a6-e486-44d0-97f9-9dee8387343e,anon_376d7289-fc63-4549-9336-2b8703819566,f8cb29ac-40ef-4169-8c89-2089863c2614,right,patternOccur::lvl-37.txt,patternOccur,LEFT,False,True,False,7.081,False,1,0,0,0,0,7,0,0,0,1,0,370.28300279999996,370.28300279999996,[]
v_e088bcc6-c1e4-46cb-b86d-e53dbb3cd468,anon_376d7289-fc63-4549-9336-2b8703819566,f8cb29ac-40ef-4169-8c89-2089863c2614,left,genetic::lvl-94.txt,genetic,LEFT,True,False,False,21.041,True,0,1,0,0,0,14,0,0,0,0,0,,,[]
v_e088bcc6-c1e4-46cb-b86d-e53dbb3cd468,anon_376d7289-fc63-4549-9336-2b8703819566,f8cb29ac-40ef-4169-8c89-2089863c2614,right,mariogan::level_70.txt,mariogan,LEFT,False,True,False,33.043,False,1,0,1,0,0,23,0,0,0,1,0,1938.8,1938.8,[]
v_a8f249c9-103e-4353-91cd-59912a6e6543,anon_376d7289-fc63-4549-9336-2b8703819566,f8cb29ac-40ef-4169-8c89-2089863c2614,left,notch::lvl-64.txt,notch,LEFT,True,False,False,17.941,True,0,0,2,0,0,17,0,0,0,0,0,,,[]
v_a8f249c9-103e-4353-91cd-59912a6e6543,anon_376d7289-fc63-4549-9336-2b8703819566,f8cb29ac-40ef-4169-8c89-2089863c2614,right,original::lvl-9.txt,original,LEFT,False,True,False,3.181,False,1,0,0,0,0,3,0,0,1,0,0,634.6359472402455,634.6359472402455,[]
v_e319ef1d-f658-4d36-a00d-cedd3d60e8ee,anon_376d7289-fc63-4549-9336-2b8703819566,2ab49193-e7e6-414a-9d00-61098839d6c0,left,patternOccur::lvl-81.txt,patternOccur,RIGHT,False,True,False,21.014,False,1,0,0,0,0,17,0,0,0,1,0,889.310079133344,889.310079133344,[]
v_e319ef1d-f658-4d36-a00d-cedd3d60e8ee,anon_376d7289-fc63-4549-9336-2b8703819566,2ab49193-e7e6-414a-9d00-61098839d6c0,right,ore::lvl-91.txt,ore,RIGHT,True,False,False,41.708,True,0,1,2,0,0,40,0,0,0,0,0,,,[]
v_ce838978-ccda-41a7-96d3-011a68042c48,anon_376d7289-fc63-4549-9336-2b8703819566,2ab49193-e7e6-414a-9d00-61098839d6c0,left,notchParam::lvl-88.txt,notchParam,RIGHT,False,True,False,5.843,False,1,0,0,0,0,5,0,0,0,1,0,1124.5015269151584,1124.5015269151584,[]
v_ce838978-ccda-41a7-96d3-011a68042c48,anon_376d7289-fc63-4549-9336-2b8703819566,2ab49193-e7e6-414a-9d00-61098839d6c0,right,mariogan::level_5.txt,mariogan,RIGHT,True,False,False,4.848,False,1,0,0,0,0,5,0,0,1,0,0,589.053494921657,589.053494921657,[]
v_d5e45e25-d0a1-4df2-b0cc-1becb5a158cd,anon_376d7289-fc63-4549-9336-2b8703819566,2ab49193-e7e6-414a-9d00-61098839d6c0,left,marioDiffusion::level_59.txt,marioDiffusion,TIE,False,False,True,30.015,False,1,1,1,0,0,26,0,0,0,1,0,2196.0,2196.0,[]
v_d5e45e25-d0a1-4df2-b0cc-1becb5a158cd,anon_376d7289-fc63-4549-9336-2b8703819566,2ab49193-e7e6-414a-9d00-61098839d6c0,right,ore::lvl-92.txt,ore,TIE,False,False,True,16.146,False,1,0,0,0,0,16,0,0,0,1,0,1436.4323097824656,1436.4323097824656,[]
v_5fa32fc0-0513-4ed6-8f60-a96d45c2a1a8,anon_376d7289-fc63-4549-9336-2b8703819566,2ab49193-e7e6-414a-9d00-61098839d6c0,left,patternWeightCount::lvl-81.txt,patternWeightCount,LEFT,True,False,False,40.616,False,1,3,0,0,0,32,0,0,0,1,0,1417.2094699106724,1417.2094699106724,[]
v_5fa32fc0-0513-4ed6-8f60-a96d45c2a1a8,anon_376d7289-fc63-4549-9336-2b8703819566,2ab49193-e7e6-414a-9d00-61098839d6c0,right,mariogpt::level_038.txt,mariogpt,LEFT,False,True,False,0.0,False,0,0,0,0,0,0,0,0,0,0,0,,,['impossible']
v_18562c36-c257-46b7-8532-cd20dfa2552e,anon_376d7289-fc63-4549-9336-2b8703819566,ccd77092-db4d-4f35-b5c2-7a0431a6231c,left,marioDiffusion::level_91.txt,marioDiffusion,LEFT,True,False,False,6.583,False,1,0,0,0,0,7,0,0,0,1,0,747.0,747.0,[]
v_18562c36-c257-46b7-8532-cd20dfa2552e,anon_376d7289-fc63-4549-9336-2b8703819566,ccd77092-db4d-4f35-b5c2-7a0431a6231c,right,mariogpt::level_051.txt,mariogpt,LEFT,False,True,False,0.384,False,1,0,0,0,0,0,0,0,1,0,0,8.0,8.0,[]
v_16868532-9ee5-4991-8e7a-b4569f4bbf26,anon_376d7289-fc63-4549-9336-2b8703819566,ccd77092-db4d-4f35-b5c2-7a0431a6231c,left,original::lvl-12.txt,original,LEFT,True,False,False,4.469,False,1,0,0,0,0,5,0,0,1,0,0,448.1693259240001,448.1693259240001,[]
v_16868532-9ee5-4991-8e7a-b4569f4bbf26,anon_376d7289-fc63-4549-9336-2b8703819566,ccd77092-db4d-4f35-b5c2-7a0431a6231c,right,mariogan::level_21.txt,mariogan,LEFT,False,True,False,26.311,False,1,0,1,0,0,21,0,0,0,1,0,1120.9729110428877,1120.9729110428877,[]
v_c32402c1-c2d9-4f64-831d-37f2bfd8405f,anon_376d7289-fc63-4549-9336-2b8703819566,ccd77092-db4d-4f35-b5c2-7a0431a6231c,left,patternWeightCount::lvl-59.txt,patternWeightCount,RIGHT,False,True,False,35.04,True,0,0,0,0,0,37,0,0,0,0,0,,,[]
v_c32402c1-c2d9-4f64-831d-37f2bfd8405f,anon_376d7289-fc63-4549-9336-2b8703819566,ccd77092-db4d-4f35-b5c2-7a0431a6231c,right,ore::lvl-87.txt,ore,RIGHT,True,False,False,1.981,False,1,1,0,0,0,1,0,0,0,1,0,0.0,0.0,[]
v_c92641c8-0cb8-4c25-9974-7f6d36fd9263,anon_376d7289-fc63-4549-9336-2b8703819566,ccd77092-db4d-4f35-b5c2-7a0431a6231c,left,hopper::lvl-75.txt,hopper,LEFT,True,False,False,8.37,False,1,0,0,0,0,9,0,0,0,1,0,2461.553719008406,2461.553719008406,[]
v_c92641c8-0cb8-4c25-9974-7f6d36fd9263,anon_376d7289-fc63-4549-9336-2b8703819566,ccd77092-db4d-4f35-b5c2-7a0431a6231c,right,notchParamRand::lvl-2.txt,notchParamRand,LEFT,False,True,False,1.98,False,1,0,0,0,0,2,0,0,1,0,0,411.1105747360283,411.1105747360283,[]
v_a23772d6-a94a-4a7b-b92d-0be52ee72229,anon_376d7289-fc63-4549-9336-2b8703819566,ccd77092-db4d-4f35-b5c2-7a0431a6231c,left,original::lvl-9.txt,original,LEFT,True,False,False,11.506,False,1,0,1,0,0,8,0,0,1,0,0,1296.1552156083922,1296.1552156083922,[]
v_a23772d6-a94a-4a7b-b92d-0be52ee72229,anon_376d7289-fc63-4549-9336-2b8703819566,ccd77092-db4d-4f35-b5c2-7a0431a6231c,right,hopper::lvl-10.txt,hopper,LEFT,False,True,False,7.713,False,1,0,0,0,0,7,0,0,1,0,0,929.6491430371866,929.6491430371866,[]
v_e4f50ea8-54c7-482a-90a4-48745d31385a,anon_376d7289-fc63-4549-9336-2b8703819566,ccd77092-db4d-4f35-b5c2-7a0431a6231c,left,patternOccur::lvl-99.txt,patternOccur,TIE,False,False,True,51.569,True,0,2,0,0,0,49,0,0,0,0,0,,,[]
v_e4f50ea8-54c7-482a-90a4-48745d31385a,anon_376d7289-fc63-4549-9336-2b8703819566,ccd77092-db4d-4f35-b5c2-7a0431a6231c,right,patternWeightCount::lvl-28.txt,patternWeightCount,TIE,False,False,True,6.881,False,1,0,0,0,0,6,0,0,0,1,0,300.4135842100205,300.4135842100205,[]
v_f557457a-a151-43b2-8fc4-1c467d37c585,anon_376d7289-fc63-4549-9336-2b8703819566,ccd77092-db4d-4f35-b5c2-7a0431a6231c,left,patternOccur::lvl-100.txt,patternOccur,RIGHT,False,True,False,11.239,False,1,0,0,0,0,10,0,0,0,1,0,523.6,523.6,[]
v_f557457a-a151-43b2-8fc4-1c467d37c585,anon_376d7289-fc63-4549-9336-2b8703819566,ccd77092-db4d-4f35-b5c2-7a0431a6231c,right,ore::lvl-78.txt,ore,RIGHT,True,False,False,14.813,False,1,0,0,0,0,15,0,0,0,1,0,1270.0850291589188,1270.0850291589188,[]
v_cdb17959-33b9-4a27-8add-4d076a369b5d,anon_376d7289-fc63-4549-9336-2b8703819566,ccd77092-db4d-4f35-b5c2-7a0431a6231c,left,notch::lvl-84.txt,notch,LEFT,True,False,False,16.451,False,1,0,5,0,0,14,0,0,1,0,0,1576.3426160585943,1576.3426160585943,[]
v_cdb17959-33b9-4a27-8add-4d076a369b5d,anon_376d7289-fc63-4549-9336-2b8703819566,ccd77092-db4d-4f35-b5c2-7a0431a6231c,right,patternWeightCount::lvl-63.txt,patternWeightCount,LEFT,False,True,False,4.913,False,1,0,0,0,0,5,0,0,0,1,0,132.8591851980674,132.8591851980674,[]
v_a5c525f0-1c91-4bcd-af70-7d1801ccebf7,anon_376d7289-fc63-4549-9336-2b8703819566,ccd77092-db4d-4f35-b5c2-7a0431a6231c,left,notch::lvl-45.txt,notch,LEFT,True,False,False,11.27,False,1,0,1,0,0,10,0,0,1,0,0,1404.4428098442768,1404.4428098442768,[]
v_a5c525f0-1c91-4bcd-af70-7d1801ccebf7,anon_376d7289-fc63-4549-9336-2b8703819566,ccd77092-db4d-4f35-b5c2-7a0431a6231c,right,patternOccur::lvl-80.txt,patternOccur,LEFT,False,True,False,3.048,False,1,0,0,0,0,3,0,0,0,1,0,110.468,110.468,[]
v_d5d3f052-b6cb-4856-8a30-4830dc8f36f3,anon_376d7289-fc63-4549-9336-2b8703819566,ccd77092-db4d-4f35-b5c2-7a0431a6231c,left,notchParamRand::lvl-53.txt,notchParamRand,LEFT,True,False,False,15.807,True,0,0,0,0,0,14,0,0,0,0,0,,,[]
v_d5d3f052-b6cb-4856-8a30-4830dc8f36f3,anon_376d7289-fc63-4549-9336-2b8703819566,ccd77092-db4d-4f35-b5c2-7a0431a6231c,right,patternOccur::lvl-84.txt,patternOccur,LEFT,False,True,False,8.847,False,1,0,0,0,0,8,0,0,0,1,0,513.0602763070867,513.0602763070867,[]
v_ffffc867-67a2-4d3c-a710-34bb15f11525,anon_376d7289-fc63-4549-9336-2b8703819566,ccd77092-db4d-4f35-b5c2-7a0431a6231c,left,ore::lvl-7.txt,ore,LEFT,True,False,False,23.478,False,1,0,0,0,0,22,0,0,1,0,0,1594.8625343415702,1594.8625343415702,[]
v_ffffc867-67a2-4d3c-a710-34bb15f11525,anon_376d7289-fc63-4549-9336-2b8703819566,ccd77092-db4d-4f35-b5c2-7a0431a6231c,right,patternWeightCount::lvl-94.txt,patternWeightCount,LEFT,False,True,False,0.717,False,1,0,0,0,0,0,0,0,0,1,0,0.0,0.0,[]
v_4ada7b4d-0cd6-4922-a084-6fe4503a8181,anon_376d7289-fc63-4549-9336-2b8703819566,ccd77092-db4d-4f35-b5c2-7a0431a6231c,left,hopper::lvl-55.txt,hopper,LEFT,True,False,False,32.549,True,0,0,9,0,0,28,0,0,0,0,0,,,[]
v_4ada7b4d-0cd6-4922-a084-6fe4503a8181,anon_376d7289-fc63-4549-9336-2b8703819566,ccd77092-db4d-4f35-b5c2-7a0431a6231c,right,patternOccur::lvl-94.txt,patternOccur,LEFT,False,True,False,9.415,False,1,0,0,0,0,5,0,0,0,1,0,239.48480779018993,239.48480779018993,[]
v_5ab00c4f-62c3-4bd9-9417-644d1546a828,anon_376d7289-fc63-4549-9336-2b8703819566,ccd77092-db4d-4f35-b5c2-7a0431a6231c,left,notchParam::lvl-61.txt,notchParam,TIE,False,False,True,4.015,False,1,0,0,0,0,4,0,0,1,0,0,511.4878294954594,511.4878294954594,[]
v_5ab00c4f-62c3-4bd9-9417-644d1546a828,anon_376d7289-fc63-4549-9336-2b8703819566,ccd77092-db4d-4f35-b5c2-7a0431a6231c,right,notchParamRand::lvl-22.txt,notchParamRand,TIE,False,False,True,20.344,True,0,0,1,0,0,22,0,0,0,0,0,,,[]
v_8eb9b0fa-2938-40d8-bed3-a250775b3f83,anon_376d7289-fc63-4549-9336-2b8703819566,ccd77092-db4d-4f35-b5c2-7a0431a6231c,left,notchParam::lvl-13.txt,notchParam,LEFT,True,False,False,1.841,False,1,0,1,0,0,1,0,0,1,0,0,281.9858596502658,281.9858596502658,[]
v_8eb9b0fa-2938-40d8-bed3-a250775b3f83,anon_376d7289-fc63-4549-9336-2b8703819566,ccd77092-db4d-4f35-b5c2-7a0431a6231c,right,mariogan::level_1.txt,mariogan,LEFT,False,True,False,21.444,False,1,0,0,0,0,20,0,0,0,1,0,2293.7309663944784,2293.7309663944784,['impossible']
v_2a12ba03-3f2f-4680-80ac-b701b1d552cb,anon_376d7289-fc63-4549-9336-2b8703819566,ccd77092-db4d-4f35-b5c2-7a0431a6231c,left,notchParamRand::lvl-68.txt,notchParamRand,LEFT,True,False,False,2.685,False,1,0,0,0,0,2,0,0,0,1,0,504.5347299775035,504.5347299775035,[]
v_2a12ba03-3f2f-4680-80ac-b701b1d552cb,anon_376d7289-fc63-4549-9336-2b8703819566,ccd77092-db4d-4f35-b5c2-7a0431a6231c,right,patternOccur::lvl-59.txt,patternOccur,LEFT,False,True,False,0.715,False,1,0,0,0,0,0,0,0,0,1,0,8.0,8.0,[]
v_b6a831f5-920c-4212-a261-ece230c2299b,anon_376d7289-fc63-4549-9336-2b8703819566,ccd77092-db4d-4f35-b5c2-7a0431a6231c,left,ore::lvl-71.txt,ore,LEFT,True,False,False,43.117,True,0,1,0,0,0,44,0,0,0,0,0,,,[]
v_b6a831f5-920c-4212-a261-ece230c2299b,anon_376d7289-fc63-4549-9336-2b8703819566,ccd77092-db4d-4f35-b5c2-7a0431a6231c,right,patternOccur::lvl-33.txt,patternOccur,LEFT,False,True,False,6.281,False,1,0,0,0,0,7,0,0,0,1,0,473.2456459133073,473.2456459133073,[]
v_0d3f6bcb-80f7-4e4a-b3f0-22dfe6ecccd1,anon_376d7289-fc63-4549-9336-2b8703819566,ccd77092-db4d-4f35-b5c2-7a0431a6231c,left,marioDiffusion::level_89.txt,marioDiffusion,LEFT,True,False,False,43.874,True,0,2,0,0,0,37,0,0,0,0,0,,,[]
v_0d3f6bcb-80f7-4e4a-b3f0-22dfe6ecccd1,anon_376d7289-fc63-4549-9336-2b8703819566,ccd77092-db4d-4f35-b5c2-7a0431a6231c,right,genetic::lvl-52.txt,genetic,LEFT,False,True,False,5.548,False,1,0,0,0,0,2,0,0,0,1,0,546.8,546.8,[]
v_1217ebe0-871e-4d0f-b523-90660494a8fb,anon_a9445e2d-8170-40b8-bfa3-9fdf5b9366fb,ee7a8dfd-2952-4bb7-8596-ac55f7bf79a3,left,mariogan::level_3.txt,mariogan,LEFT,True,False,False,14.145,False,1,0,0,0,0,12,0,0,1,0,0,1016.7949253893036,1016.7949253893036,[]
v_1217ebe0-871e-4d0f-b523-90660494a8fb,anon_a9445e2d-8170-40b8-bfa3-9fdf5b9366fb,ee7a8dfd-2952-4bb7-8596-ac55f7bf79a3,right,hopper::lvl-71.txt,hopper,LEFT,False,True,False,2.382,False,1,0,0,0,0,3,0,0,1,0,0,563.510302579134,563.510302579134,[]
v_e3e4521a-019a-4866-b595-5cfe52136aef,anon_a9445e2d-8170-40b8-bfa3-9fdf5b9366fb,ee7a8dfd-2952-4bb7-8596-ac55f7bf79a3,left,notch::lvl-15.txt,notch,LEFT,True,False,False,2.178,False,1,0,0,0,0,1,0,0,0,1,0,294.8935487468555,294.8935487468555,[]
v_e3e4521a-019a-4866-b595-5cfe52136aef,anon_a9445e2d-8170-40b8-bfa3-9fdf5b9366fb,ee7a8dfd-2952-4bb7-8596-ac55f7bf79a3,right,notchParamRand::lvl-65.txt,notchParamRand,LEFT,False,True,False,1.615,False,1,0,0,0,0,1,0,0,0,1,0,330.5592438298579,330.5592438298579,[]
v_64c931c5-4b2d-4f34-b639-5c99575faac8,anon_a9445e2d-8170-40b8-bfa3-9fdf5b9366fb,ee7a8dfd-2952-4bb7-8596-ac55f7bf79a3,left,patternWeightCount::lvl-63.txt,patternWeightCount,TIE,False,False,True,14.642,False,1,0,0,0,0,12,0,0,0,1,0,507.78538772318717,507.78538772318717,[]
v_64c931c5-4b2d-4f34-b639-5c99575faac8,anon_a9445e2d-8170-40b8-bfa3-9fdf5b9366fb,ee7a8dfd-2952-4bb7-8596-ac55f7bf79a3,right,genetic::lvl-16.txt,genetic,TIE,False,False,True,22.215,False,1,0,0,0,0,13,0,0,1,0,0,1677.1605754873467,1677.1605754873467,[]
v_0b15e29b-6bcc-44b1-84dd-777fcaa3b65d,anon_a9445e2d-8170-40b8-bfa3-9fdf5b9366fb,2f152124-63e3-4da0-94fe-6a3d99539b29,left,genetic::lvl-73.txt,genetic,TIE,False,False,True,10.272,False,1,0,0,0,0,7,0,0,0,1,0,2028.3336861660327,2028.3336861660327,[]
v_0b15e29b-6bcc-44b1-84dd-777fcaa3b65d,anon_a9445e2d-8170-40b8-bfa3-9fdf5b9366fb,2f152124-63e3-4da0-94fe-6a3d99539b29,right,notchParam::lvl-6.txt,notchParam,TIE,False,False,True,2.679,False,1,0,0,0,0,2,0,0,1,0,0,705.2101211977772,705.2101211977772,[]
v_2d123e37-1d7c-4a10-99a1-468f2b008462,anon_a9445e2d-8170-40b8-bfa3-9fdf5b9366fb,2f152124-63e3-4da0-94fe-6a3d99539b29,left,notchParamRand::lvl-68.txt,notchParamRand,RIGHT,False,True,False,21.54,True,0,0,1,0,0,22,0,0,0,0,0,,,[]
v_2d123e37-1d7c-4a10-99a1-468f2b008462,anon_a9445e2d-8170-40b8-bfa3-9fdf5b9366fb,2f152124-63e3-4da0-94fe-6a3d99539b29,right,mariogpt::level_014.txt,mariogpt,RIGHT,True,False,False,67.846,True,0,9,8,0,0,60,0,0,0,0,0,,,['fun']
v_a4030239-3e65-4639-8a9c-d6108dd3d23d,anon_376d7289-fc63-4549-9336-2b8703819566,ec14a5fd-8b35-4a16-9c48-09c1fdcbf57f,left,mariogpt::level_065.txt,mariogpt,RIGHT,False,True,False,29.486,False,1,2,4,0,0,21,0,0,1,0,0,294.92262737099304,294.92262737099304,[]
v_a4030239-3e65-4639-8a9c-d6108dd3d23d,anon_376d7289-fc63-4549-9336-2b8703819566,ec14a5fd-8b35-4a16-9c48-09c1fdcbf57f,right,genetic::lvl-43.txt,genetic,RIGHT,True,False,False,5.47,False,1,0,0,0,0,3,0,0,0,1,0,758.8085450117413,758.8085450117413,[]
v_f9050df0-6438-4736-b95f-f6bcb9a0327c,anon_376d7289-fc63-4549-9336-2b8703819566,ec14a5fd-8b35-4a16-9c48-09c1fdcbf57f,left,marioDiffusion::level_41.txt,marioDiffusion,RIGHT,False,True,False,76.245,False,1,0,0,0,0,13,0,0,0,1,0,1851.4767224924583,1851.4767224924583,[]
v_f9050df0-6438-4736-b95f-f6bcb9a0327c,anon_376d7289-fc63-4549-9336-2b8703819566,ec14a5fd-8b35-4a16-9c48-09c1fdcbf57f,right,genetic::lvl-83.txt,genetic,RIGHT,True,False,False,5.085,False,1,0,0,0,0,4,0,0,1,0,0,605.6706426507866,605.6706426507866,[]
v_8162cbfd-3a86-49f2-89d5-980356e1afcc,anon_376d7289-fc63-4549-9336-2b8703819566,ec14a5fd-8b35-4a16-9c48-09c1fdcbf57f,left,hopper::lvl-44.txt,hopper,LEFT,True,False,False,2.848,False,1,0,0,0,0,2,0,0,1,0,0,530.7739363552145,530.7739363552145,[]
v_8162cbfd-3a86-49f2-89d5-980356e1afcc,anon_376d7289-fc63-4549-9336-2b8703819566,ec14a5fd-8b35-4a16-9c48-09c1fdcbf57f,right,notchParam::lvl-33.txt,notchParam,LEFT,False,True,False,6.202,False,1,0,0,0,0,1,0,0,0,1,0,1119.756472019451,1119.756472019451,[]
v_b2e5ba32-b177-408a-bb63-be3477374756,anon_376d7289-fc63-4549-9336-2b8703819566,ec14a5fd-8b35-4a16-9c48-09c1fdcbf57f,left,notch::lvl-84.txt,notch,LEFT,True,False,False,5.75,False,1,0,0,0,0,5,0,0,0,1,0,1403.3785498694251,1403.3785498694251,[]
v_b2e5ba32-b177-408a-bb63-be3477374756,anon_376d7289-fc63-4549-9336-2b8703819566,ec14a5fd-8b35-4a16-9c48-09c1fdcbf57f,right,ore::lvl-85.txt,ore,LEFT,False,True,False,2.468,False,1,0,0,0,0,3,0,0,0,1,0,128.05586931788,128.05586931788,[]
v_37ea313e-fce2-4862-8281-ddd14ec45c9e,anon_376d7289-fc63-4549-9336-2b8703819566,ec14a5fd-8b35-4a16-9c48-09c1fdcbf57f,left,mariogan::level_19.txt,mariogan,LEFT,True,False,False,3.477,False,1,0,0,0,0,1,0,0,0,1,0,188.2,188.2,[]
v_37ea313e-fce2-4862-8281-ddd14ec45c9e,anon_376d7289-fc63-4549-9336-2b8703819566,ec14a5fd-8b35-4a16-9c48-09c1fdcbf57f,right,mariogpt::level_096.txt,mariogpt,LEFT,False,True,False,0.0,False,0,0,0,0,0,0,0,0,0,0,0,,,[]
v_6b75e97c-9cb0-4de5-a9f3-6547c1b67943,anon_376d7289-fc63-4549-9336-2b8703819566,ec14a5fd-8b35-4a16-9c48-09c1fdcbf57f,left,mariogan::level_77.txt,mariogan,RIGHT,False,True,False,0.682,False,1,0,0,0,0,0,0,0,1,0,0,8.0,8.0,[]
v_6b75e97c-9cb0-4de5-a9f3-6547c1b67943,anon_376d7289-fc63-4549-9336-2b8703819566,ec14a5fd-8b35-4a16-9c48-09c1fdcbf57f,right,ore::lvl-70.txt,ore,RIGHT,True,False,False,5.702,False,1,0,0,0,0,7,0,0,0,1,0,777.2516777444682,777.2516777444682,[]
v_7df458a2-2b3f-45b5-b2cd-e6eea5ea5e85,anon_376d7289-fc63-4549-9336-2b8703819566,ec14a5fd-8b35-4a16-9c48-09c1fdcbf57f,left,mariogan::level_44.txt,mariogan,RIGHT,False,True,False,4.311,False,1,0,0,0,0,4,0,0,0,1,0,647.9335963264535,647.9335963264535,[]
v_7df458a2-2b3f-45b5-b2cd-e6eea5ea5e85,anon_376d7289-fc63-4549-9336-2b8703819566,ec14a5fd-8b35-4a16-9c48-09c1fdcbf57f,right,patternWeightCount::lvl-49.txt,patternWeightCount,RIGHT,True,False,False,2.735,False,1,0,0,0,0,2,0,0,0,1,0,278.46267056282176,278.46267056282176,[]
v_7e734df6-4c15-4a2c-b61a-7b386c38575e,anon_376d7289-fc63-4549-9336-2b8703819566,79ff2255-8440-4fe5-8b79-93c24e229bb2,left,patternWeightCount::lvl-5.txt,patternWeightCount,LEFT,True,False,False,0.0,False,0,0,0,0,0,0,0,0,0,0,0,,,[]
v_7e734df6-4c15-4a2c-b61a-7b386c38575e,anon_376d7289-fc63-4549-9336-2b8703819566,79ff2255-8440-4fe5-8b79-93c24e229bb2,right,patternCount::lvl-35.txt,patternCount,LEFT,False,True,False,0.715,False,1,0,0,0,0,0,0,0,0,1,0,8.0,8.0,[]
v_99dc76e1-cbae-4c6b-b8f6-5e4415380955,anon_376d7289-fc63-4549-9336-2b8703819566,eec48364-65ae-40f6-8f8a-03d9d598fdbe,left,mariogan::level_18.txt,mariogan,TIE,False,False,True,22.013,False,1,0,3,0,0,17,0,0,0,1,0,1572.538867746433,1572.538867746433,['impossible']
v_99dc76e1-cbae-4c6b-b8f6-5e4415380955,anon_376d7289-fc63-4549-9336-2b8703819566,eec48364-65ae-40f6-8f8a-03d9d598fdbe,right,notchParam::lvl-56.txt,notchParam,TIE,False,False,True,1.617,False,1,0,0,0,0,1,0,0,1,0,0,299.1744360846339,299.1744360846339,[]
v_59c11106-0d64-4f87-88fa-3c44fa765217,anon_376d7289-fc63-4549-9336-2b8703819566,eec48364-65ae-40f6-8f8a-03d9d598fdbe,left,patternOccur::lvl-61.txt,patternOccur,LEFT,True,False,False,13.882,False,1,0,0,0,0,17,0,0,0,1,0,1294.4034374767032,1294.4034374767032,[]
v_59c11106-0d64-4f87-88fa-3c44fa765217,anon_376d7289-fc63-4549-9336-2b8703819566,eec48364-65ae-40f6-8f8a-03d9d598fdbe,right,hopper::lvl-56.txt,hopper,LEFT,False,True,False,2.418,False,1,0,0,0,0,3,0,0,1,0,0,563.4630591383991,563.4630591383991,[]
v_ace28638-0e99-40f6-8200-d17abc45b3f9,anon_376d7289-fc63-4549-9336-2b8703819566,eec48364-65ae-40f6-8f8a-03d9d598fdbe,left,original::lvl-10.txt,original,LEFT,True,False,False,19.305,False,1,13,3,0,0,17,0,0,0,1,0,1609.8049454498776,1609.8049454498776,[]
v_ace28638-0e99-40f6-8200-d17abc45b3f9,anon_376d7289-fc63-4549-9336-2b8703819566,eec48364-65ae-40f6-8f8a-03d9d598fdbe,right,mariogpt::level_025.txt,mariogpt,LEFT,False,True,False,14.01,False,1,11,0,0,0,10,0,0,0,1,0,172.2,172.2,['impossible']
v_1e422629-50c8-4c2a-ace2-50f6c98c41e4,anon_aaeacaf4-6956-4b32-8407-824c4cdd3f92,27cefe89-4d2d-4ce9-8cbb-4e64f0b9044e,left,patternWeightCount::lvl-99.txt,patternWeightCount,LEFT,True,False,False,11.543,False,1,1,0,0,0,11,0,0,0,1,0,622.524006611318,622.524006611318,[]
v_1e422629-50c8-4c2a-ace2-50f6c98c41e4,anon_aaeacaf4-6956-4b32-8407-824c4cdd3f92,27cefe89-4d2d-4ce9-8cbb-4e64f0b9044e,right,notchParamRand::lvl-40.txt,notchParamRand,LEFT,False,True,False,4.815,False,1,0,2,0,0,3,0,0,0,1,0,591.1405626416542,591.1405626416542,[]
v_21d5646c-ea46-4551-83d1-03198c0520b0,anon_aaeacaf4-6956-4b32-8407-824c4cdd3f92,27cefe89-4d2d-4ce9-8cbb-4e64f0b9044e,left,notch::lvl-24.txt,notch,RIGHT,False,True,False,11.504,False,1,0,0,0,0,5,0,0,1,0,0,612.9587195813825,612.9587195813825,[]
v_21d5646c-ea46-4551-83d1-03198c0520b0,anon_aaeacaf4-6956-4b32-8407-824c4cdd3f92,27cefe89-4d2d-4ce9-8cbb-4e64f0b9044e,right,ore::lvl-89.txt,ore,RIGHT,True,False,False,5.781,False,1,0,0,0,0,5,0,0,0,1,0,549.1653701574111,549.1653701574111,[]
v_a951d8e7-888f-4fb5-864f-35d8afd0ec1d,anon_57b8b83d-01b4-4c11-a88c-b639bd2ed990,24ca2e1e-9cc9-499d-89b0-99c05317a5ea,left,marioDiffusion::level_70.txt,marioDiffusion,LEFT,True,False,False,13.213,False,1,0,1,0,0,9,0,0,0,1,0,739.4,739.4,[]
v_a951d8e7-888f-4fb5-864f-35d8afd0ec1d,anon_57b8b83d-01b4-4c11-a88c-b639bd2ed990,24ca2e1e-9cc9-499d-89b0-99c05317a5ea,right,notchParam::lvl-7.txt,notchParam,LEFT,False,True,False,13.548,False,1,0,0,0,0,7,0,0,1,0,0,1637.1583075901688,1637.1583075901688,[]
v_0cfefd9c-d370-47f2-8859-71fda93bdeff,anon_1575bc4a-8ab3-4bac-9213-640e500b4960,b085e420-26d9-400a-8ee9-82d8ee82559b,left,genetic::lvl-100.txt,genetic,RIGHT,False,True,False,2.312,False,1,0,0,0,0,2,0,0,1,0,0,70.69437950285803,70.69437950285803,[]
v_0cfefd9c-d370-47f2-8859-71fda93bdeff,anon_1575bc4a-8ab3-4bac-9213-640e500b4960,b085e420-26d9-400a-8ee9-82d8ee82559b,right,mariogan::level_22.txt,mariogan,RIGHT,True,False,False,31.813,True,0,0,3,0,0,32,0,0,0,0,0,,,[]
v_7ed47aaf-868f-44b8-b1d9-2193768e4dea,anon_1575bc4a-8ab3-4bac-9213-640e500b4960,b085e420-26d9-400a-8ee9-82d8ee82559b,left,patternWeightCount::lvl-28.txt,patternWeightCount,RIGHT,False,True,False,8.514,False,1,0,0,0,0,7,0,0,0,1,0,175.60994593412133,175.60994593412133,[]
v_7ed47aaf-868f-44b8-b1d9-2193768e4dea,anon_1575bc4a-8ab3-4bac-9213-640e500b4960,b085e420-26d9-400a-8ee9-82d8ee82559b,right,mariogan::level_43.txt,mariogan,RIGHT,True,False,False,7.48,False,1,0,0,0,0,6,0,0,0,1,0,453.8071980358451,453.8071980358451,[]
v_a9cb998f-5ba2-4bc2-a04a-1cae0378c3df,anon_1575bc4a-8ab3-4bac-9213-640e500b4960,b085e420-26d9-400a-8ee9-82d8ee82559b,left,patternWeightCount::lvl-91.txt,patternWeightCount,LEFT,True,False,False,0.706,False,1,0,0,0,0,0,0,0,0,1,0,8.0,8.0,[]
v_a9cb998f-5ba2-4bc2-a04a-1cae0378c3df,anon_1575bc4a-8ab3-4bac-9213-640e500b4960,b085e420-26d9-400a-8ee9-82d8ee82559b,right,patternCount::lvl-30.txt,patternCount,LEFT,False,True,False,2.113,False,1,0,0,0,0,1,0,0,0,1,0,30.64466406194042,30.64466406194042,"['boring', 'fun']"
v_c948ecf3-626f-4037-8b9d-e2f952b9ab9a,anon_1575bc4a-8ab3-4bac-9213-640e500b4960,b085e420-26d9-400a-8ee9-82d8ee82559b,left,original::lvl-8.txt,original,LEFT,True,False,False,3.516,False,1,0,0,0,0,1,0,0,0,1,0,255.7593084618683,255.7593084618683,[]
v_c948ecf3-626f-4037-8b9d-e2f952b9ab9a,anon_1575bc4a-8ab3-4bac-9213-640e500b4960,b085e420-26d9-400a-8ee9-82d8ee82559b,right,notch::lvl-15.txt,notch,LEFT,False,True,False,11.679,False,1,0,0,0,0,8,0,0,0,1,0,777.2482680269434,777.2482680269434,[]
v_395541ec-aa55-4ac9-ac46-a058fbe583cb,anon_83d581ca-5994-4c8f-a3df-9fa65c8fb089,dd8c1588-b623-4a58-bdda-76a66c84484e,left,mariogpt::level_069.txt,mariogpt,TIE,False,False,True,9.408,False,1,0,1,0,0,6,0,0,0,1,0,604.2,604.2,"['broken_graphics', 'too_hard']"
v_395541ec-aa55-4ac9-ac46-a058fbe583cb,anon_83d581ca-5994-4c8f-a3df-9fa65c8fb089,dd8c1588-b623-4a58-bdda-76a66c84484e,right,notchParam::lvl-50.txt,notchParam,TIE,False,False,True,26.804,True,0,0,1,0,0,22,0,0,0,0,0,,,['boring']
v_b5e82cc6-105d-44a4-86ea-1f8ff1751c8f,anon_83d581ca-5994-4c8f-a3df-9fa65c8fb089,ba0afa2b-8e20-420f-a9f1-892622c76574,left,mariogan::level_68.txt,mariogan,RIGHT,False,True,False,1.873,False,1,0,0,0,0,1,0,0,0,1,0,111.00921289409297,111.00921289409297,['impossible']
v_b5e82cc6-105d-44a4-86ea-1f8ff1751c8f,anon_83d581ca-5994-4c8f-a3df-9fa65c8fb089,ba0afa2b-8e20-420f-a9f1-892622c76574,right,ore::lvl-99.txt,ore,RIGHT,True,False,False,60.171,False,1,3,0,0,0,59,0,0,0,1,0,2565.188301431548,2565.188301431548,['fun']
v_72146b2b-dac5-435c-b515-2f7998e09cd5,anon_83d581ca-5994-4c8f-a3df-9fa65c8fb089,ba0afa2b-8e20-420f-a9f1-892622c76574,left,mariogpt::level_078.txt,mariogpt,RIGHT,False,True,False,2.975,False,1,0,0,0,0,1,0,0,0,1,0,166.57950985191462,166.57950985191462,['impossible']
v_72146b2b-dac5-435c-b515-2f7998e09cd5,anon_83d581ca-5994-4c8f-a3df-9fa65c8fb089,ba0afa2b-8e20-420f-a9f1-892622c76574,right,notchParamRand::lvl-80.txt,notchParamRand,RIGHT,True,False,False,38.609,True,0,4,3,1,1,22,0,0,0,0,0,,,['boring']
v_efdf9493-a544-4cfa-a84f-a6b2ed9c16a0,anon_83d581ca-5994-4c8f-a3df-9fa65c8fb089,ba0afa2b-8e20-420f-a9f1-892622c76574,left,mariogpt::level_021.txt,mariogpt,RIGHT,False,True,False,0.0,False,0,0,0,0,0,0,0,0,0,0,0,,,"['broken_graphics', 'impossible']"
v_efdf9493-a544-4cfa-a84f-a6b2ed9c16a0,anon_83d581ca-5994-4c8f-a3df-9fa65c8fb089,ba0afa2b-8e20-420f-a9f1-892622c76574,right,hopper::lvl-30.txt,hopper,RIGHT,True,False,False,46.545,True,0,4,4,0,0,40,0,0,0,0,0,,,[]
v_0805c533-7425-48c8-a143-49bc9ffb23f7,anon_83d581ca-5994-4c8f-a3df-9fa65c8fb089,b507101b-6f66-48fb-99b1-2e336075f385,left,patternCount::lvl-44.txt,patternCount,SKIP,False,False,False,19.877,False,1,1,0,0,0,17,0,0,0,1,0,722.0400556350179,722.0400556350179,['too_hard']
v_0805c533-7425-48c8-a143-49bc9ffb23f7,anon_83d581ca-5994-4c8f-a3df-9fa65c8fb089,b507101b-6f66-48fb-99b1-2e336075f385,right,mariogan::level_21.txt,mariogan,SKIP,False,False,False,15.439,False,1,0,1,0,0,12,0,0,0,1,0,1096.530619114356,1096.530619114356,['impossible']
v_9f01064c-0d14-4ce1-a158-6d16bf1e63ef,anon_83d581ca-5994-4c8f-a3df-9fa65c8fb089,b507101b-6f66-48fb-99b1-2e336075f385,left,marioDiffusion::level_58.txt,marioDiffusion,RIGHT,False,True,False,51.945,False,1,0,3,0,0,53,0,0,0,1,0,3122.4859929218505,3122.4859929218505,"['boring', 'impossible']"
v_9f01064c-0d14-4ce1-a158-6d16bf1e63ef,anon_83d581ca-5994-4c8f-a3df-9fa65c8fb089,b507101b-6f66-48fb-99b1-2e336075f385,right,mariogpt::level_079.txt,mariogpt,RIGHT,True,False,False,58.611,True,0,5,5,0,0,47,0,0,0,0,0,,,[]
v_f7a9b01d-315b-418a-a7e4-9157a2f9ea87,anon_83d581ca-5994-4c8f-a3df-9fa65c8fb089,b507101b-6f66-48fb-99b1-2e336075f385,left,patternOccur::lvl-10.txt,patternOccur,RIGHT,False,True,False,95.378,True,0,6,0,0,0,77,0,0,0,0,0,,,['too_hard']
v_f7a9b01d-315b-418a-a7e4-9157a2f9ea87,anon_83d581ca-5994-4c8f-a3df-9fa65c8fb089,b507101b-6f66-48fb-99b1-2e336075f385,right,hopper::lvl-37.txt,hopper,RIGHT,True,False,False,14.339,False,1,0,2,0,2,5,0,0,1,0,0,628.2029305911907,628.2029305911907,[]
v_0de1e3c6-abc8-4a26-aebb-85abf8844eb6,anon_83d581ca-5994-4c8f-a3df-9fa65c8fb089,b507101b-6f66-48fb-99b1-2e336075f385,left,notchParam::lvl-32.txt,notchParam,TIE,False,False,True,10.647,False,1,0,0,0,0,2,0,0,0,1,0,1273.320462347438,1273.320462347438,"['boring', 'impossible']"
v_0de1e3c6-abc8-4a26-aebb-85abf8844eb6,anon_83d581ca-5994-4c8f-a3df-9fa65c8fb089,b507101b-6f66-48fb-99b1-2e336075f385,right,mariogan::level_92.txt,mariogan,TIE,False,False,True,59.838,False,1,0,4,2,0,48,0,0,0,1,0,2310.0716373370274,2310.0716373370274,"['broken_graphics', 'impossible']"
v_db8a2f34-9877-4dcf-a33c-a2ec7af20e6a,anon_83d581ca-5994-4c8f-a3df-9fa65c8fb089,356d67cd-853e-4485-8a25-7eab35b4ff17,left,notchParamRand::lvl-88.txt,notchParamRand,RIGHT,False,True,False,55.48,True,0,9,0,4,0,46,0,0,0,0,0,,,[]
v_db8a2f34-9877-4dcf-a33c-a2ec7af20e6a,anon_83d581ca-5994-4c8f-a3df-9fa65c8fb089,356d67cd-853e-4485-8a25-7eab35b4ff17,right,hopper::lvl-68.txt,hopper,RIGHT,True,False,False,53.976,True,0,4,5,0,0,32,0,0,0,0,0,,,[]
v_42c2e56b-7bfb-402b-bcd9-d920429b0876,anon_64941084-f829-4939-8305-bb3433681a53,7fa01579-1ec4-44c2-ad97-4c78e1ef1911,left,mariogan::level_89.txt,mariogan,RIGHT,False,True,False,21.742,True,0,0,2,0,0,20,0,0,0,0,0,,,['too_easy']
v_42c2e56b-7bfb-402b-bcd9-d920429b0876,anon_64941084-f829-4939-8305-bb3433681a53,7fa01579-1ec4-44c2-ad97-4c78e1ef1911,right,hopper::lvl-21.txt,hopper,RIGHT,True,False,False,10.875,False,1,1,4,0,2,8,0,0,1,0,0,1073.621157314134,1073.621157314134,[]
v_254043bf-8978-4de6-bfac-ad1bf7eee817,anon_64941084-f829-4939-8305-bb3433681a53,7fa01579-1ec4-44c2-ad97-4c78e1ef1911,left,mariogan::level_80.txt,mariogan,RIGHT,False,True,False,25.278,False,1,0,7,0,0,26,0,0,0,1,0,1460.0,1460.0,['broken_graphics']
v_254043bf-8978-4de6-bfac-ad1bf7eee817,anon_64941084-f829-4939-8305-bb3433681a53,7fa01579-1ec4-44c2-ad97-4c78e1ef1911,right,mariogpt::level_072.txt,mariogpt,RIGHT,True,False,False,11.309,False,1,0,0,0,0,11,0,0,0,1,0,1008.7288848748423,1008.7288848748423,"['broken_graphics', 'creative']"
v_20ae817b-1066-4483-95d5-08c600b9eb6b,anon_64941084-f829-4939-8305-bb3433681a53,7fa01579-1ec4-44c2-ad97-4c78e1ef1911,left,patternOccur::lvl-86.txt,patternOccur,LEFT,True,False,False,70.581,False,1,9,0,0,0,57,0,0,0,1,0,2699.0,2699.0,[]
v_20ae817b-1066-4483-95d5-08c600b9eb6b,anon_64941084-f829-4939-8305-bb3433681a53,7fa01579-1ec4-44c2-ad97-4c78e1ef1911,right,hopper::lvl-92.txt,hopper,LEFT,False,True,False,10.939,False,1,0,0,0,0,9,0,0,1,0,0,1459.5815308749266,1459.5815308749266,['boring']
v_850e980a-594b-4f06-9262-085775771c51,anon_64941084-f829-4939-8305-bb3433681a53,7fa01579-1ec4-44c2-ad97-4c78e1ef1911,left,hopper::lvl-23.txt,hopper,RIGHT,False,True,False,3.117,False,1,0,0,0,0,2,0,0,0,1,0,527.386929478208,527.386929478208,[]
v_850e980a-594b-4f06-9262-085775771c51,anon_64941084-f829-4939-8305-bb3433681a53,7fa01579-1ec4-44c2-ad97-4c78e1ef1911,right,notch::lvl-53.txt,notch,RIGHT,True,False,False,4.537,False,1,1,1,0,0,5,0,0,1,0,0,595.4901054983643,595.4901054983643,[]
v_7d5fab2f-efb3-44fb-86c0-b5d06abb210b,anon_64941084-f829-4939-8305-bb3433681a53,7fa01579-1ec4-44c2-ad97-4c78e1ef1911,left,mariogpt::level_025.txt,mariogpt,RIGHT,False,True,False,10.579,False,1,11,0,0,0,5,0,0,0,1,0,347.7366889809697,347.7366889809697,['impossible']
v_7d5fab2f-efb3-44fb-86c0-b5d06abb210b,anon_64941084-f829-4939-8305-bb3433681a53,7fa01579-1ec4-44c2-ad97-4c78e1ef1911,right,notchParamRand::lvl-37.txt,notchParamRand,RIGHT,True,False,False,6.637,False,1,2,2,0,0,6,0,0,0,1,0,297.94067710745657,297.94067710745657,[]
v_2d2e910f-9b70-4fba-a2d7-8e5a22c0bcfb,anon_64941084-f829-4939-8305-bb3433681a53,7fa01579-1ec4-44c2-ad97-4c78e1ef1911,left,patternCount::lvl-16.txt,patternCount,TIE,False,False,True,3.574,False,1,0,0,0,0,2,0,0,0,1,0,232.3288810465462,232.3288810465462,['too_hard']
v_2d2e910f-9b70-4fba-a2d7-8e5a22c0bcfb,anon_64941084-f829-4939-8305-bb3433681a53,7fa01579-1ec4-44c2-ad97-4c78e1ef1911,right,patternWeightCount::lvl-23.txt,patternWeightCount,TIE,False,False,True,0.0,False,0,0,0,0,0,0,0,0,0,0,0,,,['impossible']
v_90ca1a23-3aac-4298-a6b7-e1e466007a83,anon_64941084-f829-4939-8305-bb3433681a53,7fa01579-1ec4-44c2-ad97-4c78e1ef1911,left,mariogpt::level_048.txt,mariogpt,LEFT,True,False,False,4.535,False,1,0,0,0,0,4,0,0,1,0,0,299.6546253488134,299.6546253488134,[]
v_90ca1a23-3aac-4298-a6b7-e1e466007a83,anon_64941084-f829-4939-8305-bb3433681a53,7fa01579-1ec4-44c2-ad97-4c78e1ef1911,right,patternWeightCount::lvl-43.txt,patternWeightCount,LEFT,False,True,False,0.717,False,1,0,0,0,0,0,0,0,0,1,0,0.0,0.0,['impossible']
v_5c3421b7-0e24-4e51-80c4-4f2d5e053a76,anon_64941084-f829-4939-8305-bb3433681a53,7fa01579-1ec4-44c2-ad97-4c78e1ef1911,left,hopper::lvl-71.txt,hopper,RIGHT,False,True,False,13.868,False,1,1,2,0,3,12,0,0,1,0,0,1008.7574719520809,1008.7574719520809,[]
v_5c3421b7-0e24-4e51-80c4-4f2d5e053a76,anon_64941084-f829-4939-8305-bb3433681a53,7fa01579-1ec4-44c2-ad97-4c78e1ef1911,right,mariogpt::level_060.txt,mariogpt,RIGHT,True,False,False,43.97,True,0,4,3,0,0,44,0,0,0,0,0,,,[]
v_b9485b2b-fc4f-454b-9215-326f5adac17a,anon_64941084-f829-4939-8305-bb3433681a53,7fa01579-1ec4-44c2-ad97-4c78e1ef1911,left,genetic::lvl-36.txt,genetic,LEFT,True,False,False,6.238,False,1,0,0,0,0,5,0,0,0,1,0,338.26599999999996,338.26599999999996,[]
v_b9485b2b-fc4f-454b-9215-326f5adac17a,anon_64941084-f829-4939-8305-bb3433681a53,7fa01579-1ec4-44c2-ad97-4c78e1ef1911,right,patternWeightCount::lvl-33.txt,patternWeightCount,LEFT,False,True,False,7.706,False,1,1,0,0,0,7,0,0,0,1,0,166.70365907209975,166.70365907209975,['too_hard']
v_c2eab743-ee94-4526-9255-2385198b420c,anon_64941084-f829-4939-8305-bb3433681a53,7fa01579-1ec4-44c2-ad97-4c78e1ef1911,left,patternCount::lvl-85.txt,patternCount,TIE,False,False,True,3.25,False,1,0,0,0,0,2,0,0,0,1,0,59.0,59.0,['too_hard']
v_c2eab743-ee94-4526-9255-2385198b420c,anon_64941084-f829-4939-8305-bb3433681a53,7fa01579-1ec4-44c2-ad97-4c78e1ef1911,right,mariogan::level_78.txt,mariogan,TIE,False,False,True,9.44,False,1,0,0,0,0,6,0,0,1,0,0,760.8242089938193,760.8242089938193,['broken_graphics']
v_67517d96-7ad4-4a07-b51d-7fe1490c6196,anon_64941084-f829-4939-8305-bb3433681a53,7fa01579-1ec4-44c2-ad97-4c78e1ef1911,left,original::lvl-1.txt,original,LEFT,True,False,False,65.851,True,0,7,6,3,0,68,0,0,0,0,0,,,"['creative', 'fun']"
v_67517d96-7ad4-4a07-b51d-7fe1490c6196,anon_64941084-f829-4939-8305-bb3433681a53,7fa01579-1ec4-44c2-ad97-4c78e1ef1911,right,mariogpt::level_091.txt,mariogpt,LEFT,False,True,False,2.201,False,1,0,0,0,0,1,0,0,0,1,0,22.988729945292175,22.988729945292175,['impossible']
v_e8e9fd63-e31f-4d10-984d-8cca5ee0f370,anon_64941084-f829-4939-8305-bb3433681a53,7fa01579-1ec4-44c2-ad97-4c78e1ef1911,left,mariogpt::level_013.txt,mariogpt,LEFT,True,False,False,8.671,False,1,1,0,0,0,4,0,0,1,0,0,429.7819814488694,429.7819814488694,[]
v_e8e9fd63-e31f-4d10-984d-8cca5ee0f370,anon_64941084-f829-4939-8305-bb3433681a53,7fa01579-1ec4-44c2-ad97-4c78e1ef1911,right,marioDiffusion::level_30.txt,marioDiffusion,LEFT,False,True,False,9.807,False,1,0,0,0,0,8,0,0,0,1,0,760.6091243117819,760.6091243117819,['too_hard']
v_023b06f6-9726-42d5-9956-09f4deb8b866,anon_64941084-f829-4939-8305-bb3433681a53,7fa01579-1ec4-44c2-ad97-4c78e1ef1911,left,genetic::lvl-44.txt,genetic,LEFT,True,False,False,25.714,True,0,1,0,1,0,25,0,0,0,0,0,,,[]
v_023b06f6-9726-42d5-9956-09f4deb8b866,anon_64941084-f829-4939-8305-bb3433681a53,7fa01579-1ec4-44c2-ad97-4c78e1ef1911,right,marioDiffusion::level_100.txt,marioDiffusion,LEFT,False,True,False,0.716,False,1,0,0,0,0,0,0,0,0,1,0,8.0,8.0,"['impossible', 'too_hard']"
v_5d935b9f-eb49-45b6-b0ff-c53f916adfc2,anon_64941084-f829-4939-8305-bb3433681a53,7fa01579-1ec4-44c2-ad97-4c78e1ef1911,left,notchParamRand::lvl-75.txt,notchParamRand,TIE,False,False,True,34.314,True,0,9,1,1,0,33,0,0,0,0,0,,,['boring']
v_5d935b9f-eb49-45b6-b0ff-c53f916adfc2,anon_64941084-f829-4939-8305-bb3433681a53,7fa01579-1ec4-44c2-ad97-4c78e1ef1911,right,notchParam::lvl-37.txt,notchParam,TIE,False,False,True,7.806,False,1,0,0,0,0,1,0,0,1,0,0,865.0375106554266,865.0375106554266,['boring']
v_3021fac3-fce2-447c-b526-356c4742a712,anon_64941084-f829-4939-8305-bb3433681a53,7fa01579-1ec4-44c2-ad97-4c78e1ef1911,left,ore::lvl-28.txt,ore,LEFT,True,False,False,24.117,False,1,0,0,0,0,23,0,0,1,0,0,660.6130767238297,660.6130767238297,[]
v_3021fac3-fce2-447c-b526-356c4742a712,anon_64941084-f829-4939-8305-bb3433681a53,7fa01579-1ec4-44c2-ad97-4c78e1ef1911,right,patternOccur::lvl-85.txt,patternOccur,LEFT,False,True,False,1.318,False,1,0,0,0,0,1,0,0,0,1,0,74.26962201626883,74.26962201626883,['too_hard']
v_9dfb4654-4310-4904-9227-c690fd6385c6,anon_64941084-f829-4939-8305-bb3433681a53,7fa01579-1ec4-44c2-ad97-4c78e1ef1911,left,original::lvl-13.txt,original,LEFT,True,False,False,45.949,True,0,18,0,0,0,35,0,0,0,0,0,,,"['creative', 'fun']"
v_9dfb4654-4310-4904-9227-c690fd6385c6,anon_64941084-f829-4939-8305-bb3433681a53,7fa01579-1ec4-44c2-ad97-4c78e1ef1911,right,ore::lvl-99.txt,ore,LEFT,False,True,False,1.684,False,1,0,0,0,0,1,0,0,1,0,0,25.077427568578276,25.077427568578276,['too_hard']
v_050b29d2-00c5-4302-8c08-ebeb8abafe8d,anon_64941084-f829-4939-8305-bb3433681a53,7fa01579-1ec4-44c2-ad97-4c78e1ef1911,left,hopper::lvl-91.txt,hopper,RIGHT,False,True,False,7.101,False,1,0,2,0,1,5,0,0,1,0,0,715.0,715.0,[]
v_050b29d2-00c5-4302-8c08-ebeb8abafe8d,anon_64941084-f829-4939-8305-bb3433681a53,7fa01579-1ec4-44c2-ad97-4c78e1ef1911,right,original::lvl-2.txt,original,RIGHT,True,False,False,28.506,False,1,6,5,0,3,26,0,0,1,0,0,821.4106961911311,821.4106961911311,[]
v_1053c99e-3212-40e2-bb29-253e209fd5f0,anon_64941084-f829-4939-8305-bb3433681a53,7fa01579-1ec4-44c2-ad97-4c78e1ef1911,left,original::lvl-3.txt,original,LEFT,True,False,False,18.107,False,1,4,3,0,0,11,0,0,0,1,0,546.5256018070859,546.5256018070859,"['creative', 'fun']"
v_1053c99e-3212-40e2-bb29-253e209fd5f0,anon_64941084-f829-4939-8305-bb3433681a53,7fa01579-1ec4-44c2-ad97-4c78e1ef1911,right,notchParam::lvl-30.txt,notchParam,LEFT,False,True,False,7.813,False,1,0,0,0,0,6,0,0,1,0,0,1870.6157537654317,1870.6157537654317,[]
v_6f400f20-45c5-417d-a627-a9684ec55f09,anon_64941084-f829-4939-8305-bb3433681a53,7fa01579-1ec4-44c2-ad97-4c78e1ef1911,left,marioDiffusion::level_5.txt,marioDiffusion,LEFT,True,False,False,17.644,False,1,4,1,0,0,20,0,0,0,1,0,1365.6244986000002,1365.6244986000002,[]
v_6f400f20-45c5-417d-a627-a9684ec55f09,anon_64941084-f829-4939-8305-bb3433681a53,7fa01579-1ec4-44c2-ad97-4c78e1ef1911,right,notchParam::lvl-92.txt,notchParam,LEFT,False,True,False,11.576,False,1,0,0,0,0,7,0,0,1,0,0,1086.9282462408262,1086.9282462408262,[]
v_4907503b-e867-4738-9236-78303b84e09d,anon_64941084-f829-4939-8305-bb3433681a53,7fa01579-1ec4-44c2-ad97-4c78e1ef1911,left,mariogan::level_73.txt,mariogan,LEFT,True,False,False,2.919,False,1,0,2,0,0,1,0,0,1,0,0,40.43765907209976,40.43765907209976,[]
v_4907503b-e867-4738-9236-78303b84e09d,anon_64941084-f829-4939-8305-bb3433681a53,7fa01579-1ec4-44c2-ad97-4c78e1ef1911,right,genetic::lvl-47.txt,genetic,LEFT,False,True,False,6.571,False,1,0,0,0,0,2,0,0,0,1,0,355.45719447636606,355.45719447636606,[]
v_385382ea-a876-461f-a148-035393e3f12e,anon_83d581ca-5994-4c8f-a3df-9fa65c8fb089,94fecccd-4c1f-4d80-bebd-7787fc183def,left,mariogpt::level_022.txt,mariogpt,RIGHT,False,True,False,0.0,False,0,0,0,0,0,0,0,0,0,0,0,,,['too_easy']
v_385382ea-a876-461f-a148-035393e3f12e,anon_83d581ca-5994-4c8f-a3df-9fa65c8fb089,94fecccd-4c1f-4d80-bebd-7787fc183def,right,ore::lvl-25.txt,ore,RIGHT,True,False,False,44.238,False,1,3,1,0,0,39,0,0,0,1,0,1848.6067012091771,1848.6067012091771,['too_hard']
v_6da5a38c-0020-426a-8236-5c5cdce20b62,anon_83d581ca-5994-4c8f-a3df-9fa65c8fb089,94fecccd-4c1f-4d80-bebd-7787fc183def,left,notchParam::lvl-18.txt,notchParam,SKIP,False,False,False,3.408,False,1,0,0,0,0,3,0,0,1,0,0,235.22255169453302,235.22255169453302,[]
v_6da5a38c-0020-426a-8236-5c5cdce20b62,anon_83d581ca-5994-4c8f-a3df-9fa65c8fb089,94fecccd-4c1f-4d80-bebd-7787fc183def,right,ore::lvl-53.txt,ore,SKIP,False,False,False,2.54,False,1,0,0,0,0,1,0,0,1,0,0,21.569436058940003,21.569436058940003,[]
v_f3e08e6b-01b7-44be-8781-609814d5a1fd,anon_83d581ca-5994-4c8f-a3df-9fa65c8fb089,94fecccd-4c1f-4d80-bebd-7787fc183def,left,genetic::lvl-99.txt,genetic,TIE,False,False,True,20.712,True,0,5,0,0,0,12,0,0,0,0,0,,,['boring']
v_f3e08e6b-01b7-44be-8781-609814d5a1fd,anon_83d581ca-5994-4c8f-a3df-9fa65c8fb089,94fecccd-4c1f-4d80-bebd-7787fc183def,right,patternWeightCount::lvl-43.txt,patternWeightCount,TIE,False,False,True,0.704,False,1,0,0,0,0,0,0,0,0,1,0,8.0,8.0,['impossible']
v_68a988d9-eb65-4294-ac88-7004068ad3e1,anon_83d581ca-5994-4c8f-a3df-9fa65c8fb089,94fecccd-4c1f-4d80-bebd-7787fc183def,left,notchParamRand::lvl-8.txt,notchParamRand,RIGHT,False,True,False,28.774,True,0,0,0,1,0,12,0,0,0,0,0,,,['boring']
v_68a988d9-eb65-4294-ac88-7004068ad3e1,anon_83d581ca-5994-4c8f-a3df-9fa65c8fb089,94fecccd-4c1f-4d80-bebd-7787fc183def,right,notch::lvl-97.txt,notch,RIGHT,True,False,False,11.872,False,1,0,0,0,0,12,0,0,1,0,0,1140.0,1140.0,[]
v_96c739b8-293f-4506-b795-7c5d38c8992a,anon_83d581ca-5994-4c8f-a3df-9fa65c8fb089,a6d4a610-a42a-43c3-9fe6-9783f9f1db98,left,patternOccur::lvl-35.txt,patternOccur,LEFT,True,False,False,0.712,False,1,0,0,0,0,0,0,0,0,1,0,8.0,8.0,['too_hard']
v_96c739b8-293f-4506-b795-7c5d38c8992a,anon_83d581ca-5994-4c8f-a3df-9fa65c8fb089,a6d4a610-a42a-43c3-9fe6-9783f9f1db98,right,mariogan::level_3.txt,mariogan,LEFT,False,True,False,27.603,False,1,0,2,0,0,23,0,0,0,1,0,2014.940685941584,2014.940685941584,['impossible']
v_db52ab3e-5d9e-4706-9b6d-9d675156c4c7,anon_83d581ca-5994-4c8f-a3df-9fa65c8fb089,296fa995-5390-457a-baaf-32ec24f1253f,left,notch::lvl-64.txt,notch,TIE,False,False,True,26.676,True,0,1,0,0,0,28,0,0,0,0,0,,,['fun']
v_db52ab3e-5d9e-4706-9b6d-9d675156c4c7,anon_83d581ca-5994-4c8f-a3df-9fa65c8fb089,296fa995-5390-457a-baaf-32ec24f1253f,right,mariogpt::level_059.txt,mariogpt,TIE,False,False,True,62.438,True,0,25,4,0,0,57,0,0,0,0,0,,,['fun']
v_056d0a89-45c5-4154-abd6-7df201aee767,anon_83d581ca-5994-4c8f-a3df-9fa65c8fb089,a6d9ea38-462e-46a7-a0f7-d8346a47c971,left,genetic::lvl-34.txt,genetic,RIGHT,False,True,False,18.94,True,0,3,0,0,0,16,0,0,0,0,0,,,['too_easy']
v_056d0a89-45c5-4154-abd6-7df201aee767,anon_83d581ca-5994-4c8f-a3df-9fa65c8fb089,a6d9ea38-462e-46a7-a0f7-d8346a47c971,right,original::lvl-1.txt,original,RIGHT,True,False,False,81.472,True,0,10,7,10,0,64,0,0,0,0,0,,,"['creative', 'fun']"
v_87acdae8-0e30-4435-8cc0-61f84a8c3b02,anon_83d581ca-5994-4c8f-a3df-9fa65c8fb089,a6d9ea38-462e-46a7-a0f7-d8346a47c971,left,marioDiffusion::level_23.txt,marioDiffusion,RIGHT,False,True,False,5.874,False,1,0,1,0,0,4,0,0,0,1,0,539.2154976157697,539.2154976157697,['too_hard']
v_87acdae8-0e30-4435-8cc0-61f84a8c3b02,anon_83d581ca-5994-4c8f-a3df-9fa65c8fb089,a6d9ea38-462e-46a7-a0f7-d8346a47c971,right,genetic::lvl-21.txt,genetic,RIGHT,True,False,False,34.245,True,0,1,0,0,0,17,0,0,0,0,0,,,[]
v_683886a9-0f6a-438c-b693-3438b30aa1d3,anon_83d581ca-5994-4c8f-a3df-9fa65c8fb089,12fb919b-6c90-41a9-8bf0-a52665c6a15c,left,marioDiffusion::level_29.txt,marioDiffusion,RIGHT,False,True,False,6.606,False,1,0,0,0,0,4,0,0,0,1,0,443.0,443.0,['impossible']
v_683886a9-0f6a-438c-b693-3438b30aa1d3,anon_83d581ca-5994-4c8f-a3df-9fa65c8fb089,12fb919b-6c90-41a9-8bf0-a52665c6a15c,right,hopper::lvl-78.txt,hopper,RIGHT,True,False,False,36.275,True,0,0,1,0,0,22,0,0,0,0,0,,,['creative']
v_e4335b8a-443e-4039-a8f5-bd32758acab3,anon_83d581ca-5994-4c8f-a3df-9fa65c8fb089,12fb919b-6c90-41a9-8bf0-a52665c6a15c,left,genetic::lvl-91.txt,genetic,TIE,False,False,True,21.344,True,0,1,0,0,0,15,0,0,0,0,0,,,['too_easy']
v_e4335b8a-443e-4039-a8f5-bd32758acab3,anon_83d581ca-5994-4c8f-a3df-9fa65c8fb089,12fb919b-6c90-41a9-8bf0-a52665c6a15c,right,notch::lvl-79.txt,notch,TIE,False,False,True,34.071,True,0,0,0,0,0,32,0,0,0,0,0,,,['too_easy']
v_dc668515-4029-4bfd-b87b-8a5d99fd9c3b,anon_83d581ca-5994-4c8f-a3df-9fa65c8fb089,4796fb3e-2776-4b11-9b7c-6ef1a646f275,left,notchParam::lvl-27.txt,notchParam,LEFT,True,False,False,29.403,True,0,0,4,0,0,15,0,0,0,0,0,,,"['boring', 'too_easy']"
v_dc668515-4029-4bfd-b87b-8a5d99fd9c3b,anon_83d581ca-5994-4c8f-a3df-9fa65c8fb089,4796fb3e-2776-4b11-9b7c-6ef1a646f275,right,mariogpt::level_022.txt,mariogpt,LEFT,False,True,False,8.403,False,1,0,1,0,0,3,0,0,0,1,0,412.00478689869,412.00478689869,['impossible']
v_720441fd-f819-459e-9c80-636985ebe8a2,anon_83d581ca-5994-4c8f-a3df-9fa65c8fb089,4796fb3e-2776-4b11-9b7c-6ef1a646f275,left,mariogpt::level_051.txt,mariogpt,RIGHT,False,True,False,0.378,False,1,0,0,0,0,0,0,0,1,0,0,8.0,8.0,['impossible']
v_720441fd-f819-459e-9c80-636985ebe8a2,anon_83d581ca-5994-4c8f-a3df-9fa65c8fb089,4796fb3e-2776-4b11-9b7c-6ef1a646f275,right,notchParamRand::lvl-2.txt,notchParamRand,RIGHT,True,False,False,35.239,True,0,4,1,0,1,19,0,0,0,0,0,,,"['boring', 'too_easy']"
v_8173761d-52d2-4cff-9a10-05c98b9b5847,anon_83d581ca-5994-4c8f-a3df-9fa65c8fb089,4796fb3e-2776-4b11-9b7c-6ef1a646f275,left,patternWeightCount::lvl-64.txt,patternWeightCount,TIE,False,False,True,0.641,False,1,0,0,0,0,0,0,0,0,1,0,50.02702004554328,50.02702004554328,['too_hard']
v_8173761d-52d2-4cff-9a10-05c98b9b5847,anon_83d581ca-5994-4c8f-a3df-9fa65c8fb089,4796fb3e-2776-4b11-9b7c-6ef1a646f275,right,notchParamRand::lvl-59.txt,notchParamRand,TIE,False,False,True,28.44,True,0,1,0,0,0,22,0,0,0,0,0,,,['too_easy']
v_31b8c1d5-f180-41f1-b4e5-19adac702d85,anon_83d581ca-5994-4c8f-a3df-9fa65c8fb089,4b8121ed-4d56-49b6-8026-58755c377ca3,left,mariogan::level_100.txt,mariogan,RIGHT,False,True,False,6.444,False,1,0,0,0,0,5,0,0,0,1,0,548.8501893805417,548.8501893805417,['impossible']
v_31b8c1d5-f180-41f1-b4e5-19adac702d85,anon_83d581ca-5994-4c8f-a3df-9fa65c8fb089,4b8121ed-4d56-49b6-8026-58755c377ca3,right,notch::lvl-34.txt,notch,RIGHT,True,False,False,44.707,True,0,3,2,0,0,37,0,0,0,0,0,,,"['creative', 'fun']"
v_ebf9357e-3f3c-4d2d-9634-e656e52eb76d,anon_83d581ca-5994-4c8f-a3df-9fa65c8fb089,1a1231d7-cb42-475d-b193-da5e6a3d5ed7,left,original::lvl-4.txt,original,LEFT,True,False,False,53.343,False,1,16,10,0,1,47,0,0,1,0,0,1779.8855088813334,1779.8855088813334,['fun']
v_ebf9357e-3f3c-4d2d-9634-e656e52eb76d,anon_83d581ca-5994-4c8f-a3df-9fa65c8fb089,1a1231d7-cb42-475d-b193-da5e6a3d5ed7,right,ore::lvl-29.txt,ore,LEFT,False,True,False,53.24,True,0,3,2,0,0,53,0,0,0,0,0,,,['fun']
v_02b83efc-408d-479d-a523-79b7581f5686,anon_83d581ca-5994-4c8f-a3df-9fa65c8fb089,dc109ada-997c-4cee-b0e1-69fbe48759fa,left,patternOccur::lvl-59.txt,patternOccur,TIE,False,False,True,0.702,False,1,0,0,0,0,0,0,0,0,1,0,8.0,8.0,['impossible']
v_02b83efc-408d-479d-a523-79b7581f5686,anon_83d581ca-5994-4c8f-a3df-9fa65c8fb089,dc109ada-997c-4cee-b0e1-69fbe48759fa,right,patternCount::lvl-84.txt,patternCount,TIE,False,False,True,0.707,False,1,0,0,0,0,0,0,0,0,1,0,8.0,8.0,['impossible']
v_df0f61f2-80c0-406b-8c9b-1ab57aeb59a0,anon_83d581ca-5994-4c8f-a3df-9fa65c8fb089,dc109ada-997c-4cee-b0e1-69fbe48759fa,left,mariogpt::level_008.txt,mariogpt,LEFT,True,False,False,45.972,False,1,0,4,0,0,41,0,0,0,1,0,1957.5279346589398,1957.5279346589398,['impossible']
v_df0f61f2-80c0-406b-8c9b-1ab57aeb59a0,anon_83d581ca-5994-4c8f-a3df-9fa65c8fb089,dc109ada-997c-4cee-b0e1-69fbe48759fa,right,patternOccur::lvl-1.txt,patternOccur,LEFT,False,True,False,54.706,False,1,5,0,0,0,63,0,0,0,1,0,1979.0,1979.0,['too_hard']
v_df719a55-97af-4864-a556-21f0f06bc850,anon_83d581ca-5994-4c8f-a3df-9fa65c8fb089,c9ec1cde-ad0d-457f-9e28-5aaae83d14f0,left,original::lvl-8.txt,original,LEFT,True,False,False,67.074,False,1,20,8,0,0,46,0,0,1,0,0,2875.0,2875.0,"['creative', 'fun']"
v_df719a55-97af-4864-a556-21f0f06bc850,anon_83d581ca-5994-4c8f-a3df-9fa65c8fb089,c9ec1cde-ad0d-457f-9e28-5aaae83d14f0,right,mariogpt::level_038.txt,mariogpt,LEFT,False,True,False,0.0,False,0,0,0,0,0,0,0,0,0,0,0,,,['impossible']
v_bc45a4a4-6e2d-44bc-a37c-9f68adca0a88,anon_83d581ca-5994-4c8f-a3df-9fa65c8fb089,4295954f-108f-4482-b964-cf0d9e0e36da,left,original::lvl-6.txt,original,LEFT,True,False,False,43.437,False,1,16,2,0,0,25,0,0,0,1,0,1633.5325677896392,1633.5325677896392,"['creative', 'fun', 'impossible']"
v_bc45a4a4-6e2d-44bc-a37c-9f68adca0a88,anon_83d581ca-5994-4c8f-a3df-9fa65c8fb089,4295954f-108f-4482-b964-cf0d9e0e36da,right,notchParam::lvl-96.txt,notchParam,LEFT,False,True,False,14.406,False,1,0,1,0,0,9,0,0,0,1,0,1778.9063003688677,1778.9063003688677,['boring']
v_e2fb9649-0f5e-4cc7-9592-3fc18f330be5,anon_83d581ca-5994-4c8f-a3df-9fa65c8fb089,717fd28b-16d0-4d50-95f7-38c92cb176cf,left,hopper::lvl-39.txt,hopper,LEFT,True,False,False,59.173,True,0,4,7,0,0,37,0,0,0,0,0,,,[]
v_e2fb9649-0f5e-4cc7-9592-3fc18f330be5,anon_83d581ca-5994-4c8f-a3df-9fa65c8fb089,717fd28b-16d0-4d50-95f7-38c92cb176cf,right,notchParamRand::lvl-6.txt,notchParamRand,LEFT,False,True,False,40.273,True,0,8,5,0,0,31,0,0,0,0,0,,,['boring']
v_d0c9ed2f-515b-42b7-adc7-cb7d5022f7e3,anon_83d581ca-5994-4c8f-a3df-9fa65c8fb089,ab7341e1-3d4e-4a22-89c5-6cf1f36dc45a,left,notchParam::lvl-37.txt,notchParam,TIE,False,False,True,27.571,True,0,0,2,0,1,11,0,0,0,0,0,,,"['boring', 'too_easy']"
v_d0c9ed2f-515b-42b7-adc7-cb7d5022f7e3,anon_83d581ca-5994-4c8f-a3df-9fa65c8fb089,ab7341e1-3d4e-4a22-89c5-6cf1f36dc45a,right,patternCount::lvl-94.txt,patternCount,TIE,False,False,True,0.704,False,1,0,0,0,0,0,0,0,0,1,0,8.0,8.0,['impossible']
v_2f927f12-756c-4cbb-8cce-5021e27877ac,anon_83d581ca-5994-4c8f-a3df-9fa65c8fb089,79fa0e47-5865-411f-8857-613ea4ac4ea6,left,notch::lvl-19.txt,notch,TIE,False,False,True,44.313,True,0,3,5,0,0,35,0,0,0,0,0,,,['fun']
v_2f927f12-756c-4cbb-8cce-5021e27877ac,anon_83d581ca-5994-4c8f-a3df-9fa65c8fb089,79fa0e47-5865-411f-8857-613ea4ac4ea6,right,ore::lvl-72.txt,ore,TIE,False,False,True,23.34,False,1,3,1,0,0,21,0,0,0,1,0,383.14284180091335,383.14284180091335,['fun']
v_ab87e1c2-1995-41ad-8718-2243ddcb77b9,anon_83d581ca-5994-4c8f-a3df-9fa65c8fb089,6c4e877b-9b9b-4743-a44d-abcce25978df,left,mariogan::level_56.txt,mariogan,LEFT,True,False,False,79.542,True,0,0,6,0,0,61,0,0,0,0,0,,,"['creative', 'fun']"
v_ab87e1c2-1995-41ad-8718-2243ddcb77b9,anon_83d581ca-5994-4c8f-a3df-9fa65c8fb089,6c4e877b-9b9b-4743-a44d-abcce25978df,right,mariogpt::level_071.txt,mariogpt,LEFT,False,True,False,26.039,False,1,0,1,0,0,9,0,0,0,1,0,261.52793465893996,261.52793465893996,"['creative', 'impossible']"
v_9f35c900-3664-4549-a981-24f742e92a2d,anon_83d581ca-5994-4c8f-a3df-9fa65c8fb089,a8f166fc-6693-44d2-bb7c-f7b167315518,left,mariogan::level_84.txt,mariogan,LEFT,True,False,False,60.773,True,0,0,7,0,0,41,0,0,0,0,0,,,['broken_graphics']
v_9f35c900-3664-4549-a981-24f742e92a2d,anon_83d581ca-5994-4c8f-a3df-9fa65c8fb089,a8f166fc-6693-44d2-bb7c-f7b167315518,right,notchParamRand::lvl-41.txt,notchParamRand,LEFT,False,True,False,35.206,True,0,2,1,0,2,19,0,0,0,0,0,,,['boring']
v_520ac609-280d-4116-a2d9-445355062910,anon_83d581ca-5994-4c8f-a3df-9fa65c8fb089,f709c9f1-dbc3-40e3-804c-3aa9d92c1f92,left,notch::lvl-58.txt,notch,TIE,False,False,True,42.809,True,0,6,1,0,0,39,0,0,0,0,0,,,[]
v_520ac609-280d-4116-a2d9-445355062910,anon_83d581ca-5994-4c8f-a3df-9fa65c8fb089,f709c9f1-dbc3-40e3-804c-3aa9d92c1f92,right,original::lvl-5.txt,original,TIE,False,False,True,13.805,False,1,2,0,0,0,5,0,0,1,0,0,251.0668179357608,251.0668179357608,[]
v_e985f794-cb4b-4719-b769-788699633b32,anon_83d581ca-5994-4c8f-a3df-9fa65c8fb089,89019710-60d1-4c9e-932b-f96dc0448302,left,original::lvl-1.txt,original,LEFT,True,False,False,92.204,True,0,11,12,0,1,80,0,0,0,0,0,,,"['creative', 'fun']"
v_e985f794-cb4b-4719-b769-788699633b32,anon_83d581ca-5994-4c8f-a3df-9fa65c8fb089,89019710-60d1-4c9e-932b-f96dc0448302,right,patternWeightCount::lvl-59.txt,patternWeightCount,LEFT,False,True,False,57.805,True,0,2,0,0,0,50,0,0,0,0,0,,,"['fun', 'too_hard']"
v_267b4214-ce80-4b4d-b4ca-492c71e0d557,anon_83d581ca-5994-4c8f-a3df-9fa65c8fb089,df71ab97-6b85-4ca2-98ee-3d4a50a9f64a,left,patternWeightCount::lvl-48.txt,patternWeightCount,LEFT,True,False,False,61.999,True,0,9,0,0,0,57,0,0,0,0,0,,,"['creative', 'fun']"
v_267b4214-ce80-4b4d-b4ca-492c71e0d557,anon_83d581ca-5994-4c8f-a3df-9fa65c8fb089,df71ab97-6b85-4ca2-98ee-3d4a50a9f64a,right,notch::lvl-52.txt,notch,LEFT,False,True,False,32.966,True,0,3,0,0,0,29,0,0,0,0,0,,,['fun']
v_58b32880-dab7-422e-b5d2-b2bbd2dde19a,anon_83d581ca-5994-4c8f-a3df-9fa65c8fb089,5e958033-f287-476b-bec4-c106c7aaeeae,left,marioDiffusion::level_74.txt,marioDiffusion,RIGHT,False,True,False,2.608,False,1,0,0,0,0,1,0,0,0,1,0,160.89636588407296,160.89636588407296,['impossible']
v_58b32880-dab7-422e-b5d2-b2bbd2dde19a,anon_83d581ca-5994-4c8f-a3df-9fa65c8fb089,5e958033-f287-476b-bec4-c106c7aaeeae,right,patternCount::lvl-37.txt,patternCount,RIGHT,True,False,False,11.907,False,1,1,0,0,0,12,0,0,0,1,0,530.0282356343494,530.0282356343494,['too_hard']
v_dbcc5656-70a7-4b55-b3eb-cb234875541b,anon_83d581ca-5994-4c8f-a3df-9fa65c8fb089,bd27d73c-66c3-4749-905f-9af3378a040c,left,notchParam::lvl-36.txt,notchParam,RIGHT,False,True,False,11.438,False,1,0,0,0,0,3,0,0,0,1,0,1216.5614800758462,1216.5614800758462,"['boring', 'too_hard']"
v_dbcc5656-70a7-4b55-b3eb-cb234875541b,anon_83d581ca-5994-4c8f-a3df-9fa65c8fb089,bd27d73c-66c3-4749-905f-9af3378a040c,right,patternOccur::lvl-83.txt,patternOccur,RIGHT,True,False,False,33.239,False,1,1,0,0,0,29,0,0,0,1,0,1654.3195617576835,1654.3195617576835,"['fun', 'too_hard']"
v_8922cc76-5896-4ebc-943b-6a4a3b875d4e,anon_83d581ca-5994-4c8f-a3df-9fa65c8fb089,41b0d154-ea8c-4d50-afb5-3caa01b54152,left,marioDiffusion::level_80.txt,marioDiffusion,TIE,False,False,True,0.71,False,1,0,0,0,0,0,0,0,0,1,0,8.0,8.0,['impossible']
v_8922cc76-5896-4ebc-943b-6a4a3b875d4e,anon_83d581ca-5994-4c8f-a3df-9fa65c8fb089,41b0d154-ea8c-4d50-afb5-3caa01b54152,right,mariogpt::level_088.txt,mariogpt,TIE,False,False,True,3.04,False,1,0,0,0,0,0,0,0,0,1,0,55.572297424074826,55.572297424074826,['impossible']
v_9beb27ec-69f2-4392-84fa-01483cc8551a,anon_83d581ca-5994-4c8f-a3df-9fa65c8fb089,3e4cf9f5-7ec6-4750-b9ba-bc0c864dd594,left,notchParam::lvl-58.txt,notchParam,SKIP,False,False,False,36.609,True,0,0,1,0,0,20,0,0,0,0,0,,,"['fun', 'too_easy']"
v_9beb27ec-69f2-4392-84fa-01483cc8551a,anon_83d581ca-5994-4c8f-a3df-9fa65c8fb089,3e4cf9f5-7ec6-4750-b9ba-bc0c864dd594,right,ore::lvl-61.txt,ore,SKIP,False,False,False,19.205,False,1,0,0,0,0,13,0,0,0,1,0,44.112902599983364,44.112902599983364,[]
v_fa07efcb-8a00-4782-8249-9df85be03a0c,anon_83d581ca-5994-4c8f-a3df-9fa65c8fb089,931a2fd4-1761-4367-b41d-94d32651105c,left,marioDiffusion::level_22.txt,marioDiffusion,TIE,False,False,True,46.737,False,1,0,0,0,0,36,0,0,0,1,0,2155.160949469249,2155.160949469249,['impossible']
v_fa07efcb-8a00-4782-8249-9df85be03a0c,anon_83d581ca-5994-4c8f-a3df-9fa65c8fb089,931a2fd4-1761-4367-b41d-94d32651105c,right,notchParam::lvl-67.txt,notchParam,TIE,False,False,True,18.272,False,1,0,2,0,0,8,0,0,0,1,0,1216.138227556188,1216.138227556188,['impossible']
v_8a665c90-c2a5-43b5-bc34-15194823051a,anon_7f556d66-9db3-4f99-890e-799fd9038dfc,98c4e17c-9287-4036-a0b3-70120acd4c84,left,patternCount::lvl-83.txt,patternCount,RIGHT,False,True,False,0.715,False,1,0,0,0,0,0,0,0,0,1,0,8.0,8.0,[]
v_8a665c90-c2a5-43b5-bc34-15194823051a,anon_7f556d66-9db3-4f99-890e-799fd9038dfc,98c4e17c-9287-4036-a0b3-70120acd4c84,right,mariogpt::level_050.txt,mariogpt,RIGHT,True,False,False,44.368,True,0,9,2,0,0,28,0,0,0,0,0,,,[]
v_3025b103-d5e3-4a1e-a767-dfae3c118d50,anon_7f556d66-9db3-4f99-890e-799fd9038dfc,050a88ba-4959-45d6-a61e-b5e0d06ca2a5,left,notchParamRand::lvl-97.txt,notchParamRand,RIGHT,False,True,False,10.808,False,1,0,3,0,0,9,0,0,0,1,0,1535.0903681646216,1535.0903681646216,[]
v_3025b103-d5e3-4a1e-a767-dfae3c118d50,anon_7f556d66-9db3-4f99-890e-799fd9038dfc,050a88ba-4959-45d6-a61e-b5e0d06ca2a5,right,mariogpt::level_029.txt,mariogpt,RIGHT,True,False,False,6.78,False,1,8,0,0,0,5,0,0,0,1,0,412.4777543353138,412.4777543353138,[]
v_465f3438-008c-4244-9ac5-522ce0f061d4,anon_7f556d66-9db3-4f99-890e-799fd9038dfc,050a88ba-4959-45d6-a61e-b5e0d06ca2a5,left,original::lvl-3.txt,original,TIE,False,False,True,22.444,False,1,11,3,0,0,18,0,0,1,0,0,1067.7130531951755,1067.7130531951755,[]
v_465f3438-008c-4244-9ac5-522ce0f061d4,anon_7f556d66-9db3-4f99-890e-799fd9038dfc,050a88ba-4959-45d6-a61e-b5e0d06ca2a5,right,marioDiffusion::level_50.txt,marioDiffusion,TIE,False,False,True,4.341,False,1,0,0,0,0,4,0,0,1,0,0,359.35116334379154,359.35116334379154,[]
v_2f8bf3f8-6dfc-4daa-9f4a-a3a434c3d190,anon_7f556d66-9db3-4f99-890e-799fd9038dfc,050a88ba-4959-45d6-a61e-b5e0d06ca2a5,left,hopper::lvl-65.txt,hopper,RIGHT,False,True,False,4.236,False,1,0,0,0,0,4,0,0,0,1,0,1087.0086037102606,1087.0086037102606,[]
v_2f8bf3f8-6dfc-4daa-9f4a-a3a434c3d190,anon_7f556d66-9db3-4f99-890e-799fd9038dfc,050a88ba-4959-45d6-a61e-b5e0d06ca2a5,right,notch::lvl-25.txt,notch,RIGHT,True,False,False,2.17,False,1,0,0,0,0,1,0,0,0,1,0,487.2143588801914,487.2143588801914,[]
v_5d48dad1-d115-4910-8a3c-aa84c8ee3cf4,anon_7f556d66-9db3-4f99-890e-799fd9038dfc,050a88ba-4959-45d6-a61e-b5e0d06ca2a5,left,notchParam::lvl-92.txt,notchParam,RIGHT,False,True,False,2.975,False,1,0,0,0,0,2,0,0,0,1,0,528.7421013743423,528.7421013743423,[]
v_5d48dad1-d115-4910-8a3c-aa84c8ee3cf4,anon_7f556d66-9db3-4f99-890e-799fd9038dfc,050a88ba-4959-45d6-a61e-b5e0d06ca2a5,right,original::lvl-13.txt,original,RIGHT,True,False,False,8.169,False,1,0,0,0,0,6,0,0,0,1,0,889.368392492,889.368392492,[]
v_0155b8aa-1be2-4912-908b-4629ee287bd4,anon_7f556d66-9db3-4f99-890e-799fd9038dfc,050a88ba-4959-45d6-a61e-b5e0d06ca2a5,left,patternWeightCount::lvl-43.txt,patternWeightCount,RIGHT,False,True,False,0.715,False,1,0,0,0,0,0,0,0,0,1,0,8.0,8.0,[]
v_0155b8aa-1be2-4912-908b-4629ee287bd4,anon_7f556d66-9db3-4f99-890e-799fd9038dfc,050a88ba-4959-45d6-a61e-b5e0d06ca2a5,right,mariogan::level_2.txt,mariogan,RIGHT,True,False,False,5.546,False,1,0,0,0,0,3,0,0,1,0,0,895.8632542243959,895.8632542243959,[]
v_b427ef9f-ab3d-4d4f-b069-d7f968724b06,anon_7f556d66-9db3-4f99-890e-799fd9038dfc,58b108f0-ccf8-46ce-b6e3-bf15fb2cb731,left,patternOccur::lvl-96.txt,patternOccur,RIGHT,False,True,False,0.711,False,1,0,0,0,0,0,0,0,0,1,0,8.0,8.0,[]
v_b427ef9f-ab3d-4d4f-b069-d7f968724b06,anon_7f556d66-9db3-4f99-890e-799fd9038dfc,58b108f0-ccf8-46ce-b6e3-bf15fb2cb731,right,patternCount::lvl-68.txt,patternCount,RIGHT,True,False,False,57.05,True,0,0,0,0,0,60,0,0,0,0,0,,,[]
v_a19350fd-bf63-4408-b626-9b6eeef23aed,anon_7f556d66-9db3-4f99-890e-799fd9038dfc,6d06b0af-7291-445c-b05f-006ba99b3bb3,left,mariogan::level_40.txt,mariogan,LEFT,True,False,False,39.146,True,0,0,6,4,0,36,0,0,0,0,0,,,[]
v_a19350fd-bf63-4408-b626-9b6eeef23aed,anon_7f556d66-9db3-4f99-890e-799fd9038dfc,6d06b0af-7291-445c-b05f-006ba99b3bb3,right,notchParamRand::lvl-4.txt,notchParamRand,LEFT,False,True,False,3.941,False,1,0,0,0,0,3,0,0,0,1,0,416.31176135708375,416.31176135708375,[]
v_c0b00cd8-1d57-4360-8aac-9462f59ea675,anon_7f556d66-9db3-4f99-890e-799fd9038dfc,21eac70b-77ec-4037-ba2e-17c95f4327df,left,ore::lvl-2.txt,ore,LEFT,True,False,False,60.646,True,0,1,0,0,0,60,0,0,0,0,0,,,[]
v_c0b00cd8-1d57-4360-8aac-9462f59ea675,anon_7f556d66-9db3-4f99-890e-799fd9038dfc,21eac70b-77ec-4037-ba2e-17c95f4327df,right,notchParam::lvl-14.txt,notchParam,LEFT,False,True,False,4.441,False,1,0,0,0,0,2,0,0,0,1,0,1119.7357763490184,1119.7357763490184,[]
v_723aebc0-75fe-4020-8142-4e4e82f4aadc,anon_7f556d66-9db3-4f99-890e-799fd9038dfc,21eac70b-77ec-4037-ba2e-17c95f4327df,left,patternWeightCount::lvl-27.txt,patternWeightCount,LEFT,True,False,False,2.242,False,1,0,0,0,0,2,0,0,0,1,0,81.68652,81.68652,[]
v_723aebc0-75fe-4020-8142-4e4e82f4aadc,anon_7f556d66-9db3-4f99-890e-799fd9038dfc,21eac70b-77ec-4037-ba2e-17c95f4327df,right,mariogpt::level_067.txt,mariogpt,LEFT,False,True,False,3.473,False,1,2,0,0,0,2,0,0,0,1,0,76.2,76.2,['impossible']
v_f45ed129-97a9-4269-9853-7db276fac802,anon_7f556d66-9db3-4f99-890e-799fd9038dfc,21eac70b-77ec-4037-ba2e-17c95f4327df,left,notch::lvl-64.txt,notch,LEFT,True,False,False,4.709,False,1,0,0,0,0,4,0,0,0,1,0,993.804264085202,993.804264085202,[]
v_f45ed129-97a9-4269-9853-7db276fac802,anon_7f556d66-9db3-4f99-890e-799fd9038dfc,21eac70b-77ec-4037-ba2e-17c95f4327df,right,patternCount::lvl-30.txt,patternCount,LEFT,False,True,False,1.336,False,1,0,0,0,0,1,0,0,0,1,0,146.49930607041838,146.49930607041838,[]
v_0d817a87-6ddd-4c4e-823d-cfc37dc0c370,anon_7f556d66-9db3-4f99-890e-799fd9038dfc,21eac70b-77ec-4037-ba2e-17c95f4327df,left,patternOccur::lvl-7.txt,patternOccur,RIGHT,False,True,False,0.0,False,0,0,0,0,0,0,0,0,0,0,0,,,[]
v_0d817a87-6ddd-4c4e-823d-cfc37dc0c370,anon_7f556d66-9db3-4f99-890e-799fd9038dfc,21eac70b-77ec-4037-ba2e-17c95f4327df,right,mariogpt::level_090.txt,mariogpt,RIGHT,True,False,False,4.38,False,1,0,1,0,0,4,0,0,1,0,0,361.8,361.8,[]
v_f75c598e-b9fb-488e-9419-b5ea6fa0dc3e,anon_7f556d66-9db3-4f99-890e-799fd9038dfc,21eac70b-77ec-4037-ba2e-17c95f4327df,left,genetic::lvl-87.txt,genetic,LEFT,True,False,False,7.637,False,1,0,0,0,0,5,0,0,0,1,0,1239.2470281995456,1239.2470281995456,[]
v_f75c598e-b9fb-488e-9419-b5ea6fa0dc3e,anon_7f556d66-9db3-4f99-890e-799fd9038dfc,21eac70b-77ec-4037-ba2e-17c95f4327df,right,mariogpt::level_051.txt,mariogpt,LEFT,False,True,False,0.383,False,1,0,0,0,0,0,0,0,1,0,0,8.0,8.0,[]
v_af83313b-2a1e-4222-822e-ac518429eff4,anon_64941084-f829-4939-8305-bb3433681a53,4e2fccdd-26ec-43b4-9576-20e903e82f28,left,notchParam::lvl-18.txt,notchParam,RIGHT,False,True,False,28.441,False,1,6,2,0,0,31,0,0,1,0,0,1452.9343429366165,1452.9343429366165,['boring']
v_af83313b-2a1e-4222-822e-ac518429eff4,anon_64941084-f829-4939-8305-bb3433681a53,4e2fccdd-26ec-43b4-9576-20e903e82f28,right,ore::lvl-74.txt,ore,RIGHT,True,False,False,49.241,False,1,0,3,0,0,51,0,0,0,1,0,2248.105399329357,2248.105399329357,[]
v_c214e8dd-e6bc-4a97-ba78-e8aca10d6ffe,anon_64941084-f829-4939-8305-bb3433681a53,4e2fccdd-26ec-43b4-9576-20e903e82f28,left,hopper::lvl-25.txt,hopper,RIGHT,False,True,False,47.251,True,0,1,8,0,2,38,0,0,0,0,0,,,['boring']
v_c214e8dd-e6bc-4a97-ba78-e8aca10d6ffe,anon_64941084-f829-4939-8305-bb3433681a53,4e2fccdd-26ec-43b4-9576-20e903e82f28,right,original::lvl-13.txt,original,RIGHT,True,False,False,56.147,True,0,20,0,0,0,45,0,0,0,0,0,,,"['creative', 'fun']"
v_e974bf47-1b1c-45d5-ba13-a2c0bf905c37,anon_64941084-f829-4939-8305-bb3433681a53,4e2fccdd-26ec-43b4-9576-20e903e82f28,left,notch::lvl-10.txt,notch,LEFT,True,False,False,8.714,False,1,0,0,0,0,4,0,0,0,1,0,559.610146842621,559.610146842621,[]
v_e974bf47-1b1c-45d5-ba13-a2c0bf905c37,anon_64941084-f829-4939-8305-bb3433681a53,4e2fccdd-26ec-43b4-9576-20e903e82f28,right,patternCount::lvl-24.txt,patternCount,LEFT,False,True,False,1.383,False,1,0,0,0,0,1,0,0,0,1,0,186.58110044567917,186.58110044567917,['impossible']
v_bead6f1b-875a-4292-8f57-57ce1fd828fd,anon_64941084-f829-4939-8305-bb3433681a53,4e2fccdd-26ec-43b4-9576-20e903e82f28,left,patternOccur::lvl-5.txt,patternOccur,LEFT,True,False,False,67.55,False,1,0,0,0,0,9,0,0,0,1,0,180.9082140193623,180.9082140193623,['too_hard']
v_bead6f1b-875a-4292-8f57-57ce1fd828fd,anon_64941084-f829-4939-8305-bb3433681a53,4e2fccdd-26ec-43b4-9576-20e903e82f28,right,marioDiffusion::level_100.txt,marioDiffusion,LEFT,False,True,False,0.714,False,1,0,0,0,0,0,0,0,0,1,0,14.850825722121673,14.850825722121673,['impossible']
v_917fa1e4-4087-41af-9290-930aa001bd92,anon_64941084-f829-4939-8305-bb3433681a53,4e2fccdd-26ec-43b4-9576-20e903e82f28,left,notchParamRand::lvl-1.txt,notchParamRand,LEFT,True,False,False,39.449,True,0,11,4,3,0,36,0,0,0,0,0,,,['boring']
v_917fa1e4-4087-41af-9290-930aa001bd92,anon_64941084-f829-4939-8305-bb3433681a53,4e2fccdd-26ec-43b4-9576-20e903e82f28,right,patternCount::lvl-65.txt,patternCount,LEFT,False,True,False,21.017,False,1,1,0,0,0,15,0,0,0,1,0,747.0,747.0,['too_hard']
v_e14148ab-3027-4cbc-8b36-d405e554790f,anon_64941084-f829-4939-8305-bb3433681a53,4e2fccdd-26ec-43b4-9576-20e903e82f28,left,notchParam::lvl-97.txt,notchParam,RIGHT,False,True,False,14.336,False,1,0,1,0,0,9,0,0,0,1,0,1772.2,1772.2,['boring']
v_e14148ab-3027-4cbc-8b36-d405e554790f,anon_64941084-f829-4939-8305-bb3433681a53,4e2fccdd-26ec-43b4-9576-20e903e82f28,right,genetic::lvl-62.txt,genetic,RIGHT,True,False,False,12.543,False,1,0,0,0,0,6,0,0,1,0,0,1294.4546117785733,1294.4546117785733,['boring']
v_3002014c-4a6b-4f46-888f-ae7123aa69d9,anon_64941084-f829-4939-8305-bb3433681a53,4e2fccdd-26ec-43b4-9576-20e903e82f28,left,patternWeightCount::lvl-27.txt,patternWeightCount,RIGHT,False,True,False,15.178,False,1,1,0,0,0,12,0,0,0,1,0,241.208975366247,241.208975366247,['too_hard']
v_3002014c-4a6b-4f46-888f-ae7123aa69d9,anon_64941084-f829-4939-8305-bb3433681a53,4e2fccdd-26ec-43b4-9576-20e903e82f28,right,ore::lvl-99.txt,ore,RIGHT,True,False,False,1.668,False,1,0,0,0,0,1,0,0,1,0,0,20.969861846456602,20.969861846456602,[]
v_9b2f14ef-4880-4edf-bf67-101da54ec91d,anon_64941084-f829-4939-8305-bb3433681a53,4e2fccdd-26ec-43b4-9576-20e903e82f28,left,marioDiffusion::level_72.txt,marioDiffusion,TIE,False,False,True,3.204,False,1,0,0,0,0,0,0,0,0,1,0,155.0,155.0,['too_hard']
v_9b2f14ef-4880-4edf-bf67-101da54ec91d,anon_64941084-f829-4939-8305-bb3433681a53,4e2fccdd-26ec-43b4-9576-20e903e82f28,right,patternWeightCount::lvl-18.txt,patternWeightCount,TIE,False,False,True,0.716,False,1,0,0,0,0,0,0,0,0,1,0,8.0,8.0,['too_hard']
v_43fc8cb2-4f98-4281-8f00-349ffc2daa5b,anon_64941084-f829-4939-8305-bb3433681a53,4e2fccdd-26ec-43b4-9576-20e903e82f28,left,ore::lvl-28.txt,ore,LEFT,True,False,False,64.841,False,1,4,1,0,0,67,0,0,0,1,0,2937.2159022130486,2937.2159022130486,[]
v_43fc8cb2-4f98-4281-8f00-349ffc2daa5b,anon_64941084-f829-4939-8305-bb3433681a53,4e2fccdd-26ec-43b4-9576-20e903e82f28,right,notchParamRand::lvl-66.txt,notchParamRand,LEFT,False,True,False,43.336,True,0,7,0,2,0,33,0,0,0,0,0,,,['boring']
v_d5934ffa-676d-4a94-89a3-bc58be5a8107,anon_64941084-f829-4939-8305-bb3433681a53,4e2fccdd-26ec-43b4-9576-20e903e82f28,left,mariogan::level_85.txt,mariogan,TIE,False,False,True,9.438,False,1,0,0,0,0,7,0,0,1,0,0,699.0,699.0,[]
v_d5934ffa-676d-4a94-89a3-bc58be5a8107,anon_64941084-f829-4939-8305-bb3433681a53,4e2fccdd-26ec-43b4-9576-20e903e82f28,right,hopper::lvl-39.txt,hopper,TIE,False,False,True,8.873,False,1,0,1,0,3,7,0,0,0,1,0,1196.2,1196.2,[]
v_7b98fadf-4109-4b65-aa4c-7ad34550e847,anon_64941084-f829-4939-8305-bb3433681a53,4e2fccdd-26ec-43b4-9576-20e903e82f28,left,marioDiffusion::level_36.txt,marioDiffusion,RIGHT,False,True,False,56.079,False,1,0,2,0,0,59,0,0,0,1,0,3097.4574714354562,3097.4574714354562,['boring']
v_7b98fadf-4109-4b65-aa4c-7ad34550e847,anon_64941084-f829-4939-8305-bb3433681a53,4e2fccdd-26ec-43b4-9576-20e903e82f28,right,original::lvl-13.txt,original,RIGHT,True,False,False,28.439,False,1,9,0,0,0,21,0,0,0,1,0,1301.5303253609654,1301.5303253609654,"['creative', 'fun']"
v_27018d84-5339-4bed-a39c-f880f6a26a33,anon_64941084-f829-4939-8305-bb3433681a53,4e2fccdd-26ec-43b4-9576-20e903e82f28,left,patternWeightCount::lvl-87.txt,patternWeightCount,RIGHT,False,True,False,50.336,False,1,5,0,0,0,41,0,0,0,1,0,1104.15243325894,1104.15243325894,[]
v_27018d84-5339-4bed-a39c-f880f6a26a33,anon_64941084-f829-4939-8305-bb3433681a53,4e2fccdd-26ec-43b4-9576-20e903e82f28,right,notchParamRand::lvl-4.txt,notchParamRand,RIGHT,True,False,False,49.939,True,0,9,0,0,0,46,0,0,0,0,0,,,[]
v_c7b4bb1f-9452-4101-8b03-56295a9d1884,anon_87480ecb-d1df-459f-8b06-90b40ac24e5f,cbdfec28-59e5-4a2f-894e-5b76dc4ad0c7,left,patternOccur::lvl-21.txt,patternOccur,RIGHT,False,True,False,0.0,False,0,0,0,0,0,0,0,0,0,0,0,,,['impossible']
v_c7b4bb1f-9452-4101-8b03-56295a9d1884,anon_87480ecb-d1df-459f-8b06-90b40ac24e5f,cbdfec28-59e5-4a2f-894e-5b76dc4ad0c7,right,notchParamRand::lvl-2.txt,notchParamRand,RIGHT,True,False,False,28.35,True,0,0,1,0,1,20,0,0,0,0,0,,,['boring']
v_6a8aa1ad-b2d7-4647-ac4a-d9f489a70db9,anon_87480ecb-d1df-459f-8b06-90b40ac24e5f,cbdfec28-59e5-4a2f-894e-5b76dc4ad0c7,left,ore::lvl-19.txt,ore,LEFT,True,False,False,2.561,False,1,0,0,0,0,0,0,0,1,0,0,8.0,8.0,['too_hard']
v_6a8aa1ad-b2d7-4647-ac4a-d9f489a70db9,anon_87480ecb-d1df-459f-8b06-90b40ac24e5f,cbdfec28-59e5-4a2f-894e-5b76dc4ad0c7,right,patternCount::lvl-25.txt,patternCount,LEFT,False,True,False,0.0,False,0,0,0,0,0,0,0,0,0,0,0,,,['impossible']
v_4d520fcc-78cd-434b-9b45-85ba8e30dfbf,anon_87480ecb-d1df-459f-8b06-90b40ac24e5f,cbdfec28-59e5-4a2f-894e-5b76dc4ad0c7,left,marioDiffusion::level_84.txt,marioDiffusion,RIGHT,False,True,False,0.707,False,1,0,0,0,0,0,0,0,0,1,0,8.0,8.0,['impossible']
v_4d520fcc-78cd-434b-9b45-85ba8e30dfbf,anon_87480ecb-d1df-459f-8b06-90b40ac24e5f,cbdfec28-59e5-4a2f-894e-5b76dc4ad0c7,right,original::lvl-12.txt,original,RIGHT,True,False,False,28.255,False,1,0,1,0,0,24,0,0,1,0,0,1426.1841962459998,1426.1841962459998,['creative']
v_04c497cd-1186-4dc9-b3ec-ec0bb97538f2,anon_87480ecb-d1df-459f-8b06-90b40ac24e5f,cbdfec28-59e5-4a2f-894e-5b76dc4ad0c7,left,notchParamRand::lvl-95.txt,notchParamRand,RIGHT,False,True,False,22.153,True,0,0,0,0,0,18,0,0,0,0,0,,,"['boring', 'too_easy']"
v_04c497cd-1186-4dc9-b3ec-ec0bb97538f2,anon_87480ecb-d1df-459f-8b06-90b40ac24e5f,cbdfec28-59e5-4a2f-894e-5b76dc4ad0c7,right,notchParam::lvl-63.txt,notchParam,RIGHT,True,False,False,25.073,True,0,0,5,0,0,23,0,0,0,0,0,,,['fun']
v_ed8056a8-b8ee-4976-8fb6-63161e9ef5f6,anon_87480ecb-d1df-459f-8b06-90b40ac24e5f,cbdfec28-59e5-4a2f-894e-5b76dc4ad0c7,left,original::lvl-4.txt,original,LEFT,True,False,False,123.554,True,0,19,9,8,7,103,0,0,0,0,0,,,['creative']
v_ed8056a8-b8ee-4976-8fb6-63161e9ef5f6,anon_87480ecb-d1df-459f-8b06-90b40ac24e5f,cbdfec28-59e5-4a2f-894e-5b76dc4ad0c7,right,notch::lvl-35.txt,notch,LEFT,False,True,False,35.289,True,0,2,2,0,1,31,0,0,0,0,0,,,['fun']
v_542a0920-7409-4708-b38f-563cf159aaa8,anon_87480ecb-d1df-459f-8b06-90b40ac24e5f,cbdfec28-59e5-4a2f-894e-5b76dc4ad0c7,left,mariogpt::level_076.txt,mariogpt,LEFT,True,False,False,45.75,False,1,1,2,0,0,42,0,0,0,1,0,722.1841962459999,722.1841962459999,"['broken_graphics', 'creative']"
v_542a0920-7409-4708-b38f-563cf159aaa8,anon_87480ecb-d1df-459f-8b06-90b40ac24e5f,cbdfec28-59e5-4a2f-894e-5b76dc4ad0c7,right,patternCount::lvl-55.txt,patternCount,LEFT,False,True,False,10.076,False,1,0,0,0,0,8,0,0,0,1,0,58.61245082089672,58.61245082089672,['too_hard']
v_242bd9bc-fd9a-4d24-8583-1ad329e371af,anon_87480ecb-d1df-459f-8b06-90b40ac24e5f,cbdfec28-59e5-4a2f-894e-5b76dc4ad0c7,left,marioDiffusion::level_95.txt,marioDiffusion,RIGHT,False,True,False,7.94,False,1,0,0,0,0,2,0,0,0,1,0,343.09176992229453,343.09176992229453,['impossible']
v_242bd9bc-fd9a-4d24-8583-1ad329e371af,anon_87480ecb-d1df-459f-8b06-90b40ac24e5f,cbdfec28-59e5-4a2f-894e-5b76dc4ad0c7,right,hopper::lvl-16.txt,hopper,RIGHT,True,False,False,61.411,False,1,1,10,0,0,40,0,0,0,1,0,2571.0,2571.0,['fun']
v_4de01ea1-f70f-447b-8ce2-15b6f5511f30,anon_87480ecb-d1df-459f-8b06-90b40ac24e5f,cbdfec28-59e5-4a2f-894e-5b76dc4ad0c7,left,marioDiffusion::level_97.txt,marioDiffusion,RIGHT,False,True,False,0.715,False,1,0,0,0,0,0,0,0,0,1,0,8.0,8.0,['impossible']
v_4de01ea1-f70f-447b-8ce2-15b6f5511f30,anon_87480ecb-d1df-459f-8b06-90b40ac24e5f,cbdfec28-59e5-4a2f-894e-5b76dc4ad0c7,right,mariogpt::level_046.txt,mariogpt,RIGHT,True,False,False,82.679,True,0,21,3,0,0,91,0,0,0,0,0,,,[]
v_a20e16e6-a8b9-4eb5-9c8e-8069437e41d6,anon_87480ecb-d1df-459f-8b06-90b40ac24e5f,cbdfec28-59e5-4a2f-894e-5b76dc4ad0c7,left,patternWeightCount::lvl-21.txt,patternWeightCount,LEFT,True,False,False,189.851,True,0,53,0,0,0,214,0,0,0,0,0,,,['fun']
v_a20e16e6-a8b9-4eb5-9c8e-8069437e41d6,anon_87480ecb-d1df-459f-8b06-90b40ac24e5f,cbdfec28-59e5-4a2f-894e-5b76dc4ad0c7,right,notchParam::lvl-78.txt,notchParam,LEFT,False,True,False,49.544,True,0,7,1,0,0,44,0,0,0,0,0,,,[]
v_1d63da56-f0dd-4d3b-bd66-6000cee7e1be,anon_87480ecb-d1df-459f-8b06-90b40ac24e5f,cbdfec28-59e5-4a2f-894e-5b76dc4ad0c7,left,marioDiffusion::level_56.txt,marioDiffusion,LEFT,True,False,False,26.88,False,1,1,0,0,0,28,0,0,0,1,0,1794.6275111031227,1794.6275111031227,['impossible']
v_1d63da56-f0dd-4d3b-bd66-6000cee7e1be,anon_87480ecb-d1df-459f-8b06-90b40ac24e5f,cbdfec28-59e5-4a2f-894e-5b76dc4ad0c7,right,mariogpt::level_055.txt,mariogpt,LEFT,False,True,False,19.851,False,1,0,0,0,0,10,0,0,0,1,0,1027.79393465894,1027.79393465894,['impossible']
v_b0a506d3-3ffd-47b3-89a7-ce37adbf79f8,anon_87480ecb-d1df-459f-8b06-90b40ac24e5f,cbdfec28-59e5-4a2f-894e-5b76dc4ad0c7,left,mariogpt::level_086.txt,mariogpt,RIGHT,False,True,False,47.641,False,1,3,7,0,0,30,0,0,1,0,0,1852.982941731014,1852.982941731014,"['creative', 'impossible']"
v_b0a506d3-3ffd-47b3-89a7-ce37adbf79f8,anon_87480ecb-d1df-459f-8b06-90b40ac24e5f,cbdfec28-59e5-4a2f-894e-5b76dc4ad0c7,right,original::lvl-14.txt,original,RIGHT,True,False,False,3.95,False,1,0,0,0,0,3,0,0,1,0,0,238.0399311688954,238.0399311688954,[]
v_3a8bd5df-06e0-4b28-95c8-59fc9b30232a,anon_87480ecb-d1df-459f-8b06-90b40ac24e5f,cbdfec28-59e5-4a2f-894e-5b76dc4ad0c7,left,patternOccur::lvl-98.txt,patternOccur,LEFT,True,False,False,52.943,False,1,4,0,0,0,51,0,0,0,1,0,1774.3432599999999,1774.3432599999999,[]
v_3a8bd5df-06e0-4b28-95c8-59fc9b30232a,anon_87480ecb-d1df-459f-8b06-90b40ac24e5f,cbdfec28-59e5-4a2f-894e-5b76dc4ad0c7,right,hopper::lvl-87.txt,hopper,LEFT,False,True,False,8.515,False,1,0,0,0,0,3,0,0,0,1,0,438.41496770272227,438.41496770272227,[]
v_80e4665f-4d1b-4ec5-acc4-815b467e91a6,anon_87480ecb-d1df-459f-8b06-90b40ac24e5f,cbdfec28-59e5-4a2f-894e-5b76dc4ad0c7,left,patternCount::lvl-27.txt,patternCount,RIGHT,False,True,False,5.153,False,1,0,0,0,0,1,0,0,0,1,0,82.00095610416452,82.00095610416452,['too_hard']
v_80e4665f-4d1b-4ec5-acc4-815b467e91a6,anon_87480ecb-d1df-459f-8b06-90b40ac24e5f,cbdfec28-59e5-4a2f-894e-5b76dc4ad0c7,right,notchParamRand::lvl-56.txt,notchParamRand,RIGHT,True,False,False,4.781,False,1,0,0,0,0,5,0,0,1,0,0,588.3319082444364,588.3319082444364,[]
v_42b75bf9-d740-44b4-94b6-98ee54f04a82,anon_87480ecb-d1df-459f-8b06-90b40ac24e5f,cbdfec28-59e5-4a2f-894e-5b76dc4ad0c7,left,mariogan::level_72.txt,mariogan,RIGHT,False,True,False,4.785,False,1,0,0,0,0,1,0,0,0,1,0,27.6,27.6,['too_hard']
v_42b75bf9-d740-44b4-94b6-98ee54f04a82,anon_87480ecb-d1df-459f-8b06-90b40ac24e5f,cbdfec28-59e5-4a2f-894e-5b76dc4ad0c7,right,notchParamRand::lvl-82.txt,notchParamRand,RIGHT,True,False,False,29.776,True,0,0,1,0,0,27,0,0,0,0,0,,,['fun']
v_e78a9682-dcb6-4498-b318-e4df5d8d9228,anon_87480ecb-d1df-459f-8b06-90b40ac24e5f,cbdfec28-59e5-4a2f-894e-5b76dc4ad0c7,left,patternWeightCount::lvl-97.txt,patternWeightCount,RIGHT,False,True,False,29.85,False,1,1,0,0,0,23,0,0,0,1,0,797.7432600000001,797.7432600000001,['too_hard']
v_e78a9682-dcb6-4498-b318-e4df5d8d9228,anon_87480ecb-d1df-459f-8b06-90b40ac24e5f,cbdfec28-59e5-4a2f-894e-5b76dc4ad0c7,right,original::lvl-8.txt,original,RIGHT,True,False,False,5.486,False,1,0,0,0,0,3,0,0,0,1,0,312.5764048609104,312.5764048609104,[]
v_878ce4d8-ed03-4c89-8ee0-da932654bc0b,anon_87480ecb-d1df-459f-8b06-90b40ac24e5f,cbdfec28-59e5-4a2f-894e-5b76dc4ad0c7,left,notch::lvl-37.txt,notch,RIGHT,False,True,False,39.155,True,0,0,0,0,0,35,0,0,0,0,0,,,['boring']
v_878ce4d8-ed03-4c89-8ee0-da932654bc0b,anon_87480ecb-d1df-459f-8b06-90b40ac24e5f,cbdfec28-59e5-4a2f-894e-5b76dc4ad0c7,right,genetic::lvl-41.txt,genetic,RIGHT,True,False,False,17.173,False,1,0,0,0,0,9,0,0,1,0,0,1292.734,1292.734,[]
v_bb9216e8-3970-4984-96bc-e9c257a0191a,anon_87480ecb-d1df-459f-8b06-90b40ac24e5f,cbdfec28-59e5-4a2f-894e-5b76dc4ad0c7,left,mariogan::level_23.txt,mariogan,TIE,False,False,True,11.701,False,1,0,0,0,0,8,0,0,0,1,0,610.2777656368248,610.2777656368248,['impossible']
v_bb9216e8-3970-4984-96bc-e9c257a0191a,anon_87480ecb-d1df-459f-8b06-90b40ac24e5f,cbdfec28-59e5-4a2f-894e-5b76dc4ad0c7,right,mariogpt::level_024.txt,mariogpt,TIE,False,False,True,3.609,False,1,0,0,0,0,1,0,0,0,1,0,114.17475609986789,114.17475609986789,['impossible']
v_f51ba883-a674-4a1f-9f73-987a075df799,anon_87480ecb-d1df-459f-8b06-90b40ac24e5f,cbdfec28-59e5-4a2f-894e-5b76dc4ad0c7,left,ore::lvl-87.txt,ore,RIGHT,False,True,False,19.694,False,1,1,0,0,0,7,0,0,0,1,0,268.57365796951933,268.57365796951933,[]
v_f51ba883-a674-4a1f-9f73-987a075df799,anon_87480ecb-d1df-459f-8b06-90b40ac24e5f,cbdfec28-59e5-4a2f-894e-5b76dc4ad0c7,right,mariogan::level_18.txt,mariogan,RIGHT,True,False,False,11.922,False,1,0,1,0,0,8,0,0,1,0,0,508.79416957666217,508.79416957666217,['broken_graphics']
v_40ffb72a-e414-46b3-acd9-30979121f2c4,anon_74d12fb2-49f1-4452-83bc-5be72866032d,063b784e-e13c-4edc-a88c-2e07a5daa26b,left,mariogan::level_88.txt,mariogan,RIGHT,False,True,False,25.569,False,1,0,2,0,0,25,0,0,0,1,0,2330.169010432601,2330.169010432601,[]
v_40ffb72a-e414-46b3-acd9-30979121f2c4,anon_74d12fb2-49f1-4452-83bc-5be72866032d,063b784e-e13c-4edc-a88c-2e07a5daa26b,right,ore::lvl-82.txt,ore,RIGHT,True,False,False,15.867,False,1,0,2,0,0,15,0,0,0,1,0,915.4941559082368,915.4941559082368,[]
v_484cb189-1e87-419d-96b7-13564a6e2d0c,anon_74d12fb2-49f1-4452-83bc-5be72866032d,063b784e-e13c-4edc-a88c-2e07a5daa26b,left,hopper::lvl-13.txt,hopper,RIGHT,False,True,False,4.469,False,1,0,0,0,0,2,0,0,0,1,0,476.73400000000004,476.73400000000004,[]
v_484cb189-1e87-419d-96b7-13564a6e2d0c,anon_74d12fb2-49f1-4452-83bc-5be72866032d,063b784e-e13c-4edc-a88c-2e07a5daa26b,right,notchParam::lvl-54.txt,notchParam,RIGHT,True,False,False,8.538,False,1,0,0,0,0,9,0,0,0,1,0,1203.4633975864256,1203.4633975864256,[]
v_b7db2e24-7fe3-48d4-96f2-1ab7ae6091c3,anon_74d12fb2-49f1-4452-83bc-5be72866032d,063b784e-e13c-4edc-a88c-2e07a5daa26b,left,mariogpt::level_098.txt,mariogpt,RIGHT,False,True,False,4.57,False,1,0,1,0,0,2,0,0,0,1,0,426.28377904743473,426.28377904743473,[]
v_b7db2e24-7fe3-48d4-96f2-1ab7ae6091c3,anon_74d12fb2-49f1-4452-83bc-5be72866032d,063b784e-e13c-4edc-a88c-2e07a5daa26b,right,ore::lvl-65.txt,ore,RIGHT,True,False,False,21.934,False,1,0,0,0,0,27,0,0,0,1,0,1559.6762964448615,1559.6762964448615,[]
v_5eba00ca-5d64-4fa8-a64d-91184b291c0d,anon_74d12fb2-49f1-4452-83bc-5be72866032d,7a2334cd-d94a-40da-9901-2d28720696f3,left,patternCount::lvl-72.txt,patternCount,TIE,False,False,True,20.036,False,1,0,0,0,0,8,0,0,0,1,0,436.3105793584777,436.3105793584777,[]
v_5eba00ca-5d64-4fa8-a64d-91184b291c0d,anon_74d12fb2-49f1-4452-83bc-5be72866032d,7a2334cd-d94a-40da-9901-2d28720696f3,right,patternOccur::lvl-92.txt,patternOccur,TIE,False,False,True,3.669,False,1,1,0,0,0,3,0,0,0,1,0,166.96312240457843,166.96312240457843,[]
v_dabf18ea-efb8-4517-85e6-8b8a583d92d8,anon_1215d783-74a2-4353-879b-fcd79a34cc93,93982e4e-cd28-49ed-9db0-5129bede5ada,left,notch::lvl-5.txt,notch,LEFT,True,False,False,5.306,False,1,0,0,0,0,3,0,0,0,1,0,572.734,572.734,[]
v_dabf18ea-efb8-4517-85e6-8b8a583d92d8,anon_1215d783-74a2-4353-879b-fcd79a34cc93,93982e4e-cd28-49ed-9db0-5129bede5ada,right,genetic::lvl-39.txt,genetic,LEFT,False,True,False,17.58,True,0,0,0,0,0,7,0,0,0,0,0,,,[]
v_00cf38b5-7cdb-4b6a-9581-84e18bbc7f07,anon_64941084-f829-4939-8305-bb3433681a53,012ba9ef-4f5a-4e4c-a682-adbd9d843355,left,original::lvl-11.txt,original,LEFT,True,False,False,5.917,False,1,2,0,0,0,3,0,0,1,0,0,289.56271739708615,289.56271739708615,[]
v_00cf38b5-7cdb-4b6a-9581-84e18bbc7f07,anon_64941084-f829-4939-8305-bb3433681a53,012ba9ef-4f5a-4e4c-a682-adbd9d843355,right,patternWeightCount::lvl-91.txt,patternWeightCount,LEFT,False,True,False,0.717,False,1,0,0,0,0,0,0,0,0,1,0,8.0,8.0,[]
v_ef838fd2-f9fc-4186-868b-7b9a7cb86fd8,anon_64941084-f829-4939-8305-bb3433681a53,012ba9ef-4f5a-4e4c-a682-adbd9d843355,left,notch::lvl-63.txt,notch,RIGHT,False,True,False,37.878,True,0,0,1,0,0,28,0,0,0,0,0,,,[]
v_ef838fd2-f9fc-4186-868b-7b9a7cb86fd8,anon_64941084-f829-4939-8305-bb3433681a53,012ba9ef-4f5a-4e4c-a682-adbd9d843355,right,original::lvl-3.txt,original,RIGHT,True,False,False,16.976,False,1,1,1,0,0,9,0,0,1,0,0,623.5353757868847,623.5353757868847,['fun']
v_54f28d5c-1232-4ddd-a55c-e3438c1ee273,anon_64941084-f829-4939-8305-bb3433681a53,012ba9ef-4f5a-4e4c-a682-adbd9d843355,left,mariogpt::level_063.txt,mariogpt,RIGHT,False,True,False,0.676,False,1,0,0,0,0,0,0,0,1,0,0,8.0,8.0,['too_hard']
v_54f28d5c-1232-4ddd-a55c-e3438c1ee273,anon_64941084-f829-4939-8305-bb3433681a53,012ba9ef-4f5a-4e4c-a682-adbd9d843355,right,notch::lvl-42.txt,notch,RIGHT,True,False,False,43.636,True,0,3,2,0,2,36,0,0,0,0,0,,,['too_easy']
v_cbbd96ff-4d2d-49c4-8d9d-fa24bd692cfc,anon_64941084-f829-4939-8305-bb3433681a53,012ba9ef-4f5a-4e4c-a682-adbd9d843355,left,hopper::lvl-87.txt,hopper,SKIP,False,False,False,10.019,False,1,0,0,0,0,2,0,0,1,0,0,540.9941315137395,540.9941315137395,[]
v_cbbd96ff-4d2d-49c4-8d9d-fa24bd692cfc,anon_64941084-f829-4939-8305-bb3433681a53,012ba9ef-4f5a-4e4c-a682-adbd9d843355,right,ore::lvl-42.txt,ore,SKIP,False,False,False,1.783,False,1,1,0,0,0,2,0,0,0,1,0,122.64003166190273,122.64003166190273,[]
v_23c86460-4fc5-46b3-bbad-2f9314b3fe1e,anon_64941084-f829-4939-8305-bb3433681a53,012ba9ef-4f5a-4e4c-a682-adbd9d843355,left,patternCount::lvl-22.txt,patternCount,RIGHT,False,True,False,0.72,False,1,0,0,0,0,0,0,0,0,1,0,8.0,8.0,['too_hard']
v_23c86460-4fc5-46b3-bbad-2f9314b3fe1e,anon_64941084-f829-4939-8305-bb3433681a53,012ba9ef-4f5a-4e4c-a682-adbd9d843355,right,patternOccur::lvl-82.txt,patternOccur,RIGHT,True,False,False,4.804,False,1,0,0,0,0,2,0,0,0,1,0,68.01127005470781,68.01127005470781,[]
v_ef676985-efb7-43ae-beee-26a488c7f082,anon_64941084-f829-4939-8305-bb3433681a53,012ba9ef-4f5a-4e4c-a682-adbd9d843355,left,patternCount::lvl-21.txt,patternCount,RIGHT,False,True,False,0.0,False,0,0,0,0,0,0,0,0,0,0,0,,,[]
v_ef676985-efb7-43ae-beee-26a488c7f082,anon_64941084-f829-4939-8305-bb3433681a53,012ba9ef-4f5a-4e4c-a682-adbd9d843355,right,genetic::lvl-76.txt,genetic,RIGHT,True,False,False,51.308,True,0,4,0,2,0,26,0,0,0,0,0,,,[]
v_43b7ed8e-3443-446c-ba72-4cae21878bcf,anon_64941084-f829-4939-8305-bb3433681a53,012ba9ef-4f5a-4e4c-a682-adbd9d843355,left,ore::lvl-28.txt,ore,LEFT,True,False,False,23.27,False,1,0,0,0,0,13,0,0,0,1,0,204.75014817007585,204.75014817007585,[]
v_43b7ed8e-3443-446c-ba72-4cae21878bcf,anon_64941084-f829-4939-8305-bb3433681a53,012ba9ef-4f5a-4e4c-a682-adbd9d843355,right,mariogan::level_70.txt,mariogan,LEFT,False,True,False,2.917,False,1,0,0,0,0,3,0,0,1,0,0,381.3727278319731,381.3727278319731,['broken_graphics']
v_fae6951d-97eb-4537-9913-3ac6b75306de,anon_64941084-f829-4939-8305-bb3433681a53,012ba9ef-4f5a-4e4c-a682-adbd9d843355,left,hopper::lvl-24.txt,hopper,RIGHT,False,True,False,8.176,False,1,0,0,0,0,4,0,0,0,1,0,637.268,637.268,[]
v_fae6951d-97eb-4537-9913-3ac6b75306de,anon_64941084-f829-4939-8305-bb3433681a53,012ba9ef-4f5a-4e4c-a682-adbd9d843355,right,mariogpt::level_008.txt,mariogpt,RIGHT,True,False,False,44.002,False,1,0,1,0,0,47,0,0,1,0,0,1699.2158037540003,1699.2158037540003,[]
v_1990e17a-f912-4394-b688-05dc926f2175,anon_64941084-f829-4939-8305-bb3433681a53,012ba9ef-4f5a-4e4c-a682-adbd9d843355,left,notchParam::lvl-91.txt,notchParam,TIE,False,False,True,6.416,False,1,0,2,0,0,5,0,0,0,1,0,921.0221831818158,921.0221831818158,['boring']
v_1990e17a-f912-4394-b688-05dc926f2175,anon_64941084-f829-4939-8305-bb3433681a53,012ba9ef-4f5a-4e4c-a682-adbd9d843355,right,marioDiffusion::level_13.txt,marioDiffusion,TIE,False,False,True,2.77,False,1,0,0,0,0,3,0,0,0,1,0,329.4657442941494,329.4657442941494,['boring']
v_698d547c-e5ec-4dd6-a1d6-a301cf072fd8,anon_64941084-f829-4939-8305-bb3433681a53,012ba9ef-4f5a-4e4c-a682-adbd9d843355,left,genetic::lvl-66.txt,genetic,TIE,False,False,True,23.25,True,0,1,0,0,0,12,0,0,0,0,0,,,['too_easy']
v_698d547c-e5ec-4dd6-a1d6-a301cf072fd8,anon_64941084-f829-4939-8305-bb3433681a53,012ba9ef-4f5a-4e4c-a682-adbd9d843355,right,ore::lvl-31.txt,ore,TIE,False,False,True,3.436,False,1,0,1,0,0,3,0,0,0,1,0,96.46533766609069,96.46533766609069,['too_hard']
v_68a655d5-e7c9-4e32-aef0-c03dab8c98e6,anon_64941084-f829-4939-8305-bb3433681a53,012ba9ef-4f5a-4e4c-a682-adbd9d843355,left,notch::lvl-75.txt,notch,TIE,False,False,True,3.248,False,1,0,0,0,0,1,0,0,0,1,0,340.9500679714595,340.9500679714595,[]
v_68a655d5-e7c9-4e32-aef0-c03dab8c98e6,anon_64941084-f829-4939-8305-bb3433681a53,012ba9ef-4f5a-4e4c-a682-adbd9d843355,right,patternWeightCount::lvl-21.txt,patternWeightCount,TIE,False,False,True,7.472,False,1,2,0,0,0,8,0,0,0,1,0,378.568392492,378.568392492,[]
v_fa184109-71d7-46ed-842e-82fb41a93247,anon_64941084-f829-4939-8305-bb3433681a53,012ba9ef-4f5a-4e4c-a682-adbd9d843355,left,hopper::lvl-56.txt,hopper,SKIP,False,False,False,5.883,False,1,0,1,0,0,4,0,0,1,0,0,494.10929829581147,494.10929829581147,[]
v_fa184109-71d7-46ed-842e-82fb41a93247,anon_64941084-f829-4939-8305-bb3433681a53,012ba9ef-4f5a-4e4c-a682-adbd9d843355,right,mariogan::level_97.txt,mariogan,SKIP,False,False,False,1.283,False,1,0,0,0,0,0,0,0,1,0,0,8.6,8.6,[]
v_f85a0e83-4cea-45bb-830d-ac293d98ee3e,anon_64941084-f829-4939-8305-bb3433681a53,012ba9ef-4f5a-4e4c-a682-adbd9d843355,left,notchParam::lvl-8.txt,notchParam,SKIP,False,False,False,19.283,False,1,6,1,0,0,22,0,0,0,1,0,1309.635324957414,1309.635324957414,[]
v_f85a0e83-4cea-45bb-830d-ac293d98ee3e,anon_64941084-f829-4939-8305-bb3433681a53,012ba9ef-4f5a-4e4c-a682-adbd9d843355,right,mariogan::level_76.txt,mariogan,SKIP,False,False,False,6.171,False,1,0,0,0,0,5,0,0,1,0,0,792.7409651748742,792.7409651748742,[]
v_3b2b9629-6197-4ae9-88d8-f87edfb7f189,anon_64941084-f829-4939-8305-bb3433681a53,012ba9ef-4f5a-4e4c-a682-adbd9d843355,left,original::lvl-11.txt,original,LEFT,True,False,False,4.738,False,1,2,0,0,0,3,0,0,1,0,0,285.70025696307783,285.70025696307783,[]
v_3b2b9629-6197-4ae9-88d8-f87edfb7f189,anon_64941084-f829-4939-8305-bb3433681a53,012ba9ef-4f5a-4e4c-a682-adbd9d843355,right,ore::lvl-61.txt,ore,LEFT,False,True,False,7.303,False,1,1,0,0,0,7,0,0,0,1,0,59.5093290700436,59.5093290700436,[]
v_a62e8613-1a6f-4cd9-9895-43ffa50de55e,anon_64941084-f829-4939-8305-bb3433681a53,012ba9ef-4f5a-4e4c-a682-adbd9d843355,left,patternOccur::lvl-22.txt,patternOccur,TIE,False,False,True,13.608,False,1,1,0,0,0,10,0,0,0,1,0,267.0,267.0,['too_hard']
v_a62e8613-1a6f-4cd9-9895-43ffa50de55e,anon_64941084-f829-4939-8305-bb3433681a53,012ba9ef-4f5a-4e4c-a682-adbd9d843355,right,genetic::lvl-97.txt,genetic,TIE,False,False,True,7.672,False,1,0,0,0,0,5,0,0,1,0,0,1171.1415276251862,1171.1415276251862,['boring']
v_48e558fa-051c-42cf-bd5a-b1bbf11aa503,anon_64941084-f829-4939-8305-bb3433681a53,012ba9ef-4f5a-4e4c-a682-adbd9d843355,left,patternWeightCount::lvl-15.txt,patternWeightCount,TIE,False,False,True,31.941,False,1,3,0,0,0,28,0,0,0,1,0,395.0,395.0,[]
v_48e558fa-051c-42cf-bd5a-b1bbf11aa503,anon_64941084-f829-4939-8305-bb3433681a53,012ba9ef-4f5a-4e4c-a682-adbd9d843355,right,ore::lvl-70.txt,ore,TIE,False,False,True,1.717,False,1,0,0,0,0,1,0,0,0,1,0,125.00207501614746,125.00207501614746,[]
v_e38a6ad8-89ab-4624-a13d-c62ddabf6098,anon_64941084-f829-4939-8305-bb3433681a53,012ba9ef-4f5a-4e4c-a682-adbd9d843355,left,genetic::lvl-43.txt,genetic,RIGHT,False,True,False,14.644,False,1,0,0,0,0,10,0,0,1,0,0,1289.9284602599666,1289.9284602599666,[]
v_e38a6ad8-89ab-4624-a13d-c62ddabf6098,anon_64941084-f829-4939-8305-bb3433681a53,012ba9ef-4f5a-4e4c-a682-adbd9d843355,right,hopper::lvl-18.txt,hopper,RIGHT,True,False,False,27.771,True,0,0,3,0,1,21,0,0,0,0,0,,,[]
v_3e3bd358-21d6-458b-90d1-b4de4fb07199,anon_64941084-f829-4939-8305-bb3433681a53,012ba9ef-4f5a-4e4c-a682-adbd9d843355,left,original::lvl-7.txt,original,LEFT,True,False,False,73.043,True,0,22,0,0,0,59,0,0,0,0,0,,,"['creative', 'fun']"
v_3e3bd358-21d6-458b-90d1-b4de4fb07199,anon_64941084-f829-4939-8305-bb3433681a53,012ba9ef-4f5a-4e4c-a682-adbd9d843355,right,notchParam::lvl-57.txt,notchParam,LEFT,False,True,False,42.568,True,0,0,3,0,0,25,0,0,0,0,0,,,['boring']
v_ed6030ad-d138-4461-8e2d-20e9fada50df,anon_64941084-f829-4939-8305-bb3433681a53,012ba9ef-4f5a-4e4c-a682-adbd9d843355,left,patternOccur::lvl-24.txt,patternOccur,RIGHT,False,True,False,4.97,False,1,0,0,0,0,3,0,0,0,1,0,47.36588158908752,47.36588158908752,['too_hard']
v_ed6030ad-d138-4461-8e2d-20e9fada50df,anon_64941084-f829-4939-8305-bb3433681a53,012ba9ef-4f5a-4e4c-a682-adbd9d843355,right,genetic::lvl-87.txt,genetic,RIGHT,True,False,False,3.703,False,1,0,0,0,0,3,0,0,1,0,0,289.9887299452921,289.9887299452921,[]
v_15449013-8f9e-49f1-8ba2-d3ff3d58d196,anon_64941084-f829-4939-8305-bb3433681a53,012ba9ef-4f5a-4e4c-a682-adbd9d843355,left,hopper::lvl-54.txt,hopper,RIGHT,False,True,False,59.774,True,0,2,10,2,4,42,0,0,0,0,0,,,[]
v_15449013-8f9e-49f1-8ba2-d3ff3d58d196,anon_64941084-f829-4939-8305-bb3433681a53,012ba9ef-4f5a-4e4c-a682-adbd9d843355,right,notchParamRand::lvl-34.txt,notchParamRand,RIGHT,True,False,False,43.017,False,1,6,1,5,0,43,0,0,0,1,0,2500.4891753103207,2500.4891753103207,['fun']
v_9f1daec2-8ff9-4542-9fc0-0576a8480d07,anon_64941084-f829-4939-8305-bb3433681a53,012ba9ef-4f5a-4e4c-a682-adbd9d843355,left,patternOccur::lvl-87.txt,patternOccur,RIGHT,False,True,False,0.709,False,1,0,0,0,0,0,0,0,0,1,0,8.0,8.0,['too_hard']
v_9f1daec2-8ff9-4542-9fc0-0576a8480d07,anon_64941084-f829-4939-8305-bb3433681a53,012ba9ef-4f5a-4e4c-a682-adbd9d843355,right,notch::lvl-39.txt,notch,RIGHT,True,False,False,8.805,False,1,0,1,0,0,7,0,0,1,0,0,749.3437017145717,749.3437017145717,[]
v_0f46610c-ad42-47c4-80fa-2c907d23f02a,anon_64941084-f829-4939-8305-bb3433681a53,b3860798-6f2f-4f51-b1dc-c818f3c95e49,left,patternOccur::lvl-75.txt,patternOccur,LEFT,True,False,False,26.54,False,1,1,0,0,0,5,0,0,0,1,0,169.26600000000002,169.26600000000002,[]
v_0f46610c-ad42-47c4-80fa-2c907d23f02a,anon_64941084-f829-4939-8305-bb3433681a53,b3860798-6f2f-4f51-b1dc-c818f3c95e49,right,marioDiffusion::level_83.txt,marioDiffusion,LEFT,False,True,False,11.975,False,1,0,0,0,0,14,0,0,0,1,0,1388.2,1388.2,['impossible']
v_76d1fa6b-18bc-4b06-9fdb-938326c8d798,anon_64941084-f829-4939-8305-bb3433681a53,b3860798-6f2f-4f51-b1dc-c818f3c95e49,left,patternCount::lvl-18.txt,patternCount,LEFT,True,False,False,15.712,False,1,0,0,0,0,12,0,0,0,1,0,666.0374223284007,666.0374223284007,['fun']
v_76d1fa6b-18bc-4b06-9fdb-938326c8d798,anon_64941084-f829-4939-8305-bb3433681a53,b3860798-6f2f-4f51-b1dc-c818f3c95e49,right,marioDiffusion::level_93.txt,marioDiffusion,LEFT,False,True,False,5.136,False,1,0,0,0,0,2,0,0,0,1,0,516.5586812783461,516.5586812783461,['impossible']
v_ea3434c5-b387-41a6-8801-f189184c12b5,anon_64941084-f829-4939-8305-bb3433681a53,b3860798-6f2f-4f51-b1dc-c818f3c95e49,left,hopper::lvl-32.txt,hopper,LEFT,True,False,False,34.58,False,1,0,2,0,10,8,0,0,1,0,0,759.2032201780647,759.2032201780647,[]
v_ea3434c5-b387-41a6-8801-f189184c12b5,anon_64941084-f829-4939-8305-bb3433681a53,b3860798-6f2f-4f51-b1dc-c818f3c95e49,right,genetic::lvl-32.txt,genetic,LEFT,False,True,False,30.142,False,1,7,1,0,0,22,0,0,0,1,0,978.8,978.8,[]
v_86d0ae8e-be40-46d8-a3fa-4442ba0d846c,anon_64941084-f829-4939-8305-bb3433681a53,b3860798-6f2f-4f51-b1dc-c818f3c95e49,left,notchParamRand::lvl-85.txt,notchParamRand,TIE,False,False,True,28.536,True,0,11,0,0,0,28,0,0,0,0,0,,,['boring']
v_86d0ae8e-be40-46d8-a3fa-4442ba0d846c,anon_64941084-f829-4939-8305-bb3433681a53,b3860798-6f2f-4f51-b1dc-c818f3c95e49,right,mariogpt::level_025.txt,mariogpt,TIE,False,False,True,8.539,False,1,11,0,0,0,5,0,0,0,1,0,197.72010483198005,197.72010483198005,['impossible']
v_e5fc7bd1-0e52-45c0-bc8e-01a786c67ebf,anon_64941084-f829-4939-8305-bb3433681a53,b3860798-6f2f-4f51-b1dc-c818f3c95e49,left,patternOccur::lvl-47.txt,patternOccur,LEFT,True,False,False,54.383,False,1,1,0,0,0,36,0,0,0,1,0,1197.3216421988795,1197.3216421988795,[]
v_e5fc7bd1-0e52-45c0-bc8e-01a786c67ebf,anon_64941084-f829-4939-8305-bb3433681a53,b3860798-6f2f-4f51-b1dc-c818f3c95e49,right,notchParamRand::lvl-31.txt,notchParamRand,LEFT,False,True,False,64.237,True,0,11,3,3,4,57,0,0,0,0,0,,,['too_easy']
v_a383ab0d-e234-46cf-9b04-08c76962e0ba,anon_64941084-f829-4939-8305-bb3433681a53,b3860798-6f2f-4f51-b1dc-c818f3c95e49,left,mariogpt::level_096.txt,mariogpt,RIGHT,False,True,False,0.0,False,0,0,0,0,0,0,0,0,0,0,0,,,['impossible']
v_a383ab0d-e234-46cf-9b04-08c76962e0ba,anon_64941084-f829-4939-8305-bb3433681a53,b3860798-6f2f-4f51-b1dc-c818f3c95e49,right,patternWeightCount::lvl-78.txt,patternWeightCount,RIGHT,True,False,False,17.676,False,1,2,0,0,0,10,0,0,0,1,0,379.0,379.0,[]
v_44cfe105-28c9-4011-b197-be6cbbab5085,anon_64941084-f829-4939-8305-bb3433681a53,b3860798-6f2f-4f51-b1dc-c818f3c95e49,left,notchParam::lvl-44.txt,notchParam,RIGHT,False,True,False,7.282,False,1,0,1,0,0,3,0,0,0,1,0,498.1558087659299,498.1558087659299,[]
v_44cfe105-28c9-4011-b197-be6cbbab5085,anon_64941084-f829-4939-8305-bb3433681a53,b3860798-6f2f-4f51-b1dc-c818f3c95e49,right,marioDiffusion::level_38.txt,marioDiffusion,RIGHT,True,False,False,30.508,False,1,0,0,0,0,20,0,0,0,1,0,1749.6244986000002,1749.6244986000002,[]
v_b2d9b967-25a6-4288-96bd-01a729777929,anon_64941084-f829-4939-8305-bb3433681a53,b3860798-6f2f-4f51-b1dc-c818f3c95e49,left,ore::lvl-23.txt,ore,LEFT,True,False,False,54.803,False,1,3,2,0,0,41,0,0,0,1,0,2546.9536010482248,2546.9536010482248,['fun']
v_b2d9b967-25a6-4288-96bd-01a729777929,anon_64941084-f829-4939-8305-bb3433681a53,b3860798-6f2f-4f51-b1dc-c818f3c95e49,right,notchParam::lvl-33.txt,notchParam,LEFT,False,True,False,27.571,True,0,0,3,0,0,9,0,0,0,0,0,,,"['boring', 'too_easy']"
v_4c847de3-5b27-449d-87d2-77f4fee9b1ef,anon_64941084-f829-4939-8305-bb3433681a53,b3860798-6f2f-4f51-b1dc-c818f3c95e49,left,notchParam::lvl-87.txt,notchParam,SKIP,False,False,False,26.476,False,1,0,2,0,0,10,0,0,0,1,0,2025.893201175101,2025.893201175101,['boring']
v_4c847de3-5b27-449d-87d2-77f4fee9b1ef,anon_64941084-f829-4939-8305-bb3433681a53,b3860798-6f2f-4f51-b1dc-c818f3c95e49,right,ore::lvl-8.txt,ore,SKIP,False,False,False,2.749,False,1,0,0,0,0,3,0,0,1,0,0,0.0,0.0,[]
v_a457a779-c4d7-4cdd-8183-37826f6e65f9,anon_2a765e61-6b3f-4252-b1c5-6d98636be2a3,1a8711b7-33e9-4fa2-a4d5-abb19e0a2592,left,patternCount::lvl-42.txt,patternCount,TIE,False,False,True,26.507,False,1,3,0,0,0,25,0,0,0,1,0,910.8412240063199,910.8412240063199,['broken_graphics']
v_a457a779-c4d7-4cdd-8183-37826f6e65f9,anon_2a765e61-6b3f-4252-b1c5-6d98636be2a3,1a8711b7-33e9-4fa2-a4d5-abb19e0a2592,right,patternOccur::lvl-46.txt,patternOccur,TIE,False,False,True,5.318,False,1,2,0,0,0,6,0,0,0,1,0,228.0,228.0,['broken_graphics']
v_443af14d-f2e1-4c39-a903-44793c85c35c,anon_2a765e61-6b3f-4252-b1c5-6d98636be2a3,1a8711b7-33e9-4fa2-a4d5-abb19e0a2592,left,marioDiffusion::level_82.txt,marioDiffusion,RIGHT,False,True,False,2.669,False,1,0,0,0,0,2,0,0,0,1,0,39.532,39.532,['boring']
v_443af14d-f2e1-4c39-a903-44793c85c35c,anon_2a765e61-6b3f-4252-b1c5-6d98636be2a3,1a8711b7-33e9-4fa2-a4d5-abb19e0a2592,right,patternCount::lvl-16.txt,patternCount,RIGHT,True,False,False,2.781,False,1,0,0,0,0,2,0,0,0,1,0,186.09575398628746,186.09575398628746,"['creative', 'fun']"
v_8ac9a887-1588-487c-aaed-09f1de4c7356,anon_2a765e61-6b3f-4252-b1c5-6d98636be2a3,1a8711b7-33e9-4fa2-a4d5-abb19e0a2592,left,original::lvl-2.txt,original,LEFT,True,False,False,36.173,False,1,6,3,0,0,33,0,0,1,0,0,912.3034596952996,912.3034596952996,['fun']
v_8ac9a887-1588-487c-aaed-09f1de4c7356,anon_2a765e61-6b3f-4252-b1c5-6d98636be2a3,1a8711b7-33e9-4fa2-a4d5-abb19e0a2592,right,notchParamRand::lvl-71.txt,notchParamRand,LEFT,False,True,False,2.98,False,1,0,0,0,0,2,0,0,0,1,0,536.2584255695597,536.2584255695597,['boring']
v_fc4cb54e-7edb-4368-93aa-e24fbea7a297,anon_2a765e61-6b3f-4252-b1c5-6d98636be2a3,1a8711b7-33e9-4fa2-a4d5-abb19e0a2592,left,notchParamRand::lvl-47.txt,notchParamRand,TIE,False,False,True,6.643,False,1,1,1,0,0,7,0,0,0,1,0,544.6639674719255,544.6639674719255,"['boring', 'too_easy']"
v_fc4cb54e-7edb-4368-93aa-e24fbea7a297,anon_2a765e61-6b3f-4252-b1c5-6d98636be2a3,1a8711b7-33e9-4fa2-a4d5-abb19e0a2592,right,mariogan::level_45.txt,mariogan,TIE,False,False,True,25.28,False,1,0,3,0,0,27,0,0,0,1,0,2266.5827834078073,2266.5827834078073,"['broken_graphics', 'fun']"
v_6da51035-dcc6-478d-8d58-1ea15ed1602a,anon_83d581ca-5994-4c8f-a3df-9fa65c8fb089,f0c2aa4e-b3f6-4b5f-8871-a8e02115141c,left,notchParam::lvl-53.txt,notchParam,SKIP,False,False,False,33.009,False,1,7,2,0,0,22,0,0,0,1,0,1198.0353070933215,1198.0353070933215,[]
v_6da51035-dcc6-478d-8d58-1ea15ed1602a,anon_83d581ca-5994-4c8f-a3df-9fa65c8fb089,f0c2aa4e-b3f6-4b5f-8871-a8e02115141c,right,hopper::lvl-56.txt,hopper,SKIP,False,False,False,9.309,False,1,0,2,0,2,6,0,0,1,0,0,625.3763213885027,625.3763213885027,[]
v_77a213fa-911c-4963-b798-1261725c67db,anon_da3fe352-7fe7-4aa3-ab89-c9563b352180,75c46a44-2eac-44ce-91e6-b0b3377ab865,left,notchParam::lvl-27.txt,notchParam,LEFT,True,False,False,20.27,False,1,0,1,0,0,10,0,0,0,1,0,2107.3254528485486,2107.3254528485486,['too_easy']
v_77a213fa-911c-4963-b798-1261725c67db,anon_da3fe352-7fe7-4aa3-ab89-c9563b352180,75c46a44-2eac-44ce-91e6-b0b3377ab865,right,patternWeightCount::lvl-13.txt,patternWeightCount,LEFT,False,True,False,0.708,False,1,0,0,0,0,0,0,0,0,1,0,8.0,8.0,['broken_graphics']
v_120e8f0b-e4f9-4087-b406-5d6534fb86fd,anon_3a3c76ab-a931-42cd-84c4-ce44907cf135,bad48865-b7c8-4253-b50c-00c740571a8a,left,patternCount::lvl-95.txt,patternCount,TIE,False,False,True,13.34,False,1,0,0,0,0,13,0,0,0,1,0,624.6249807973464,624.6249807973464,[]
v_120e8f0b-e4f9-4087-b406-5d6534fb86fd,anon_3a3c76ab-a931-42cd-84c4-ce44907cf135,bad48865-b7c8-4253-b50c-00c740571a8a,right,patternWeightCount::lvl-24.txt,patternWeightCount,TIE,False,False,True,17.172,False,1,0,0,0,0,9,0,0,0,1,0,412.00626669352437,412.00626669352437,[]
v_a22014ba-9f52-4b86-80ff-4100d30b9fea,anon_3a3c76ab-a931-42cd-84c4-ce44907cf135,bad48865-b7c8-4253-b50c-00c740571a8a,left,notchParamRand::lvl-91.txt,notchParamRand,TIE,False,False,True,20.438,True,0,0,0,0,0,15,0,0,0,0,0,,,[]
v_a22014ba-9f52-4b86-80ff-4100d30b9fea,anon_3a3c76ab-a931-42cd-84c4-ce44907cf135,bad48865-b7c8-4253-b50c-00c740571a8a,right,notch::lvl-62.txt,notch,TIE,False,False,True,2.609,False,1,0,0,0,0,1,0,0,0,1,0,274.784196246,274.784196246,[]
v_c1f2e564-1957-4f37-b392-d14005044cae,anon_3a3c76ab-a931-42cd-84c4-ce44907cf135,bad48865-b7c8-4253-b50c-00c740571a8a,left,notchParamRand::lvl-65.txt,notchParamRand,LEFT,True,False,False,2.773,False,1,0,0,0,0,1,0,0,0,1,0,323.8879288641638,323.8879288641638,[]
v_c1f2e564-1957-4f37-b392-d14005044cae,anon_3a3c76ab-a931-42cd-84c4-ce44907cf135,bad48865-b7c8-4253-b50c-00c740571a8a,right,marioDiffusion::level_45.txt,marioDiffusion,LEFT,False,True,False,2.072,False,1,0,0,0,0,1,0,0,0,1,0,167.04429842923722,167.04429842923722,[]
v_8b295fa6-e151-480b-bc13-a6cdd6c1b098,anon_3a3c76ab-a931-42cd-84c4-ce44907cf135,bad48865-b7c8-4253-b50c-00c740571a8a,left,mariogan::level_76.txt,mariogan,LEFT,True,False,False,13.373,False,1,0,1,0,0,11,0,0,1,0,0,1775.4159431242033,1775.4159431242033,[]
v_8b295fa6-e151-480b-bc13-a6cdd6c1b098,anon_3a3c76ab-a931-42cd-84c4-ce44907cf135,bad48865-b7c8-4253-b50c-00c740571a8a,right,marioDiffusion::level_31.txt,marioDiffusion,LEFT,False,True,False,5.906,False,1,0,1,0,0,5,0,0,0,1,0,380.73400000000004,380.73400000000004,[]
v_cd3b4eeb-8d76-404b-88b3-f342977705b2,anon_3a3c76ab-a931-42cd-84c4-ce44907cf135,bad48865-b7c8-4253-b50c-00c740571a8a,left,notch::lvl-50.txt,notch,LEFT,True,False,False,4.011,False,1,0,0,0,0,3,0,0,1,0,0,365.3663894393233,365.3663894393233,[]
v_cd3b4eeb-8d76-404b-88b3-f342977705b2,anon_3a3c76ab-a931-42cd-84c4-ce44907cf135,bad48865-b7c8-4253-b50c-00c740571a8a,right,patternWeightCount::lvl-90.txt,patternWeightCount,LEFT,False,True,False,1.406,False,1,0,0,0,0,0,0,0,0,1,0,67.54995144854968,67.54995144854968,[]
v_85ca6e9e-15fc-4b97-9363-d788c13b8751,anon_3a3c76ab-a931-42cd-84c4-ce44907cf135,bad48865-b7c8-4253-b50c-00c740571a8a,left,patternWeightCount::lvl-100.txt,patternWeightCount,LEFT,True,False,False,18.803,False,1,1,0,0,0,17,0,0,0,1,0,701.8225430380462,701.8225430380462,[]
v_85ca6e9e-15fc-4b97-9363-d788c13b8751,anon_3a3c76ab-a931-42cd-84c4-ce44907cf135,bad48865-b7c8-4253-b50c-00c740571a8a,right,marioDiffusion::level_43.txt,marioDiffusion,LEFT,False,True,False,0.574,False,1,0,0,0,0,0,0,0,1,0,0,8.0,8.0,[]
v_e7c15df5-6e99-4db5-842f-e4a2f6f1c1b5,anon_3a3c76ab-a931-42cd-84c4-ce44907cf135,bad48865-b7c8-4253-b50c-00c740571a8a,left,patternWeightCount::lvl-98.txt,patternWeightCount,RIGHT,False,True,False,7.575,False,1,0,0,0,0,7,0,0,0,1,0,737.6817988240749,737.6817988240749,[]
v_e7c15df5-6e99-4db5-842f-e4a2f6f1c1b5,anon_3a3c76ab-a931-42cd-84c4-ce44907cf135,bad48865-b7c8-4253-b50c-00c740571a8a,right,genetic::lvl-55.txt,genetic,RIGHT,True,False,False,14.507,False,1,0,0,0,0,14,0,0,1,0,0,1756.3224204753124,1756.3224204753124,[]
v_07931830-2671-40a4-a9b4-c7c63dab9126,anon_3a3c76ab-a931-42cd-84c4-ce44907cf135,bad48865-b7c8-4253-b50c-00c740571a8a,left,notch::lvl-7.txt,notch,RIGHT,False,True,False,17.938,False,1,0,0,0,0,18,0,0,0,1,0,2328.739060598889,2328.739060598889,[]
v_07931830-2671-40a4-a9b4-c7c63dab9126,anon_3a3c76ab-a931-42cd-84c4-ce44907cf135,bad48865-b7c8-4253-b50c-00c740571a8a,right,mariogpt::level_064.txt,mariogpt,RIGHT,True,False,False,21.837,True,0,0,3,0,0,18,0,0,0,0,0,,,[]
v_7a322780-2a82-427a-b742-ea23b65a5b87,anon_3a3c76ab-a931-42cd-84c4-ce44907cf135,bad48865-b7c8-4253-b50c-00c740571a8a,left,patternWeightCount::lvl-96.txt,patternWeightCount,LEFT,True,False,False,3.203,False,1,0,0,0,0,2,0,0,0,1,0,140.97954924053354,140.97954924053354,[]
v_7a322780-2a82-427a-b742-ea23b65a5b87,anon_3a3c76ab-a931-42cd-84c4-ce44907cf135,bad48865-b7c8-4253-b50c-00c740571a8a,right,notchParam::lvl-2.txt,notchParam,LEFT,False,True,False,12.506,False,1,0,1,0,0,8,0,0,0,1,0,1201.6665705622427,1201.6665705622427,[]
v_5a3d721b-ae90-4d79-974d-6d3e1e16f76a,anon_3a3c76ab-a931-42cd-84c4-ce44907cf135,bad48865-b7c8-4253-b50c-00c740571a8a,left,marioDiffusion::level_79.txt,marioDiffusion,RIGHT,False,True,False,10.072,False,1,0,0,0,0,5,0,0,0,1,0,110.2842218748576,110.2842218748576,[]
v_5a3d721b-ae90-4d79-974d-6d3e1e16f76a,anon_3a3c76ab-a931-42cd-84c4-ce44907cf135,bad48865-b7c8-4253-b50c-00c740571a8a,right,hopper::lvl-67.txt,hopper,RIGHT,True,False,False,3.846,False,1,0,0,0,0,2,0,0,0,1,0,443.8693212554228,443.8693212554228,[]
v_52f722e8-727a-487d-ac47-ae62a36c2416,anon_24ee907a-2260-4563-bd6f-7059cfae587b,438e7409-2a4d-44cc-9825-7e59a74727b4,left,notchParamRand::lvl-99.txt,notchParamRand,SKIP,False,False,False,2.642,False,1,0,0,0,0,1,0,0,0,1,0,182.46679816322683,182.46679816322683,[]
v_52f722e8-727a-487d-ac47-ae62a36c2416,anon_24ee907a-2260-4563-bd6f-7059cfae587b,438e7409-2a4d-44cc-9825-7e59a74727b4,right,original::lvl-4.txt,original,SKIP,False,False,False,8.005,False,1,1,4,0,0,6,0,0,1,0,0,628.5552873680141,628.5552873680141,[]
v_837bda69-a323-41a6-9603-7e00273415ee,anon_24ee907a-2260-4563-bd6f-7059cfae587b,438e7409-2a4d-44cc-9825-7e59a74727b4,left,notch::lvl-55.txt,notch,SKIP,False,False,False,17.78,False,1,0,0,0,0,13,0,0,0,1,0,1334.4668009534262,1334.4668009534262,[]
v_837bda69-a323-41a6-9603-7e00273415ee,anon_24ee907a-2260-4563-bd6f-7059cfae587b,438e7409-2a4d-44cc-9825-7e59a74727b4,right,patternCount::lvl-90.txt,patternCount,SKIP,False,False,False,1.678,False,1,0,0,0,0,0,0,0,0,1,0,53.370280045543275,53.370280045543275,[]
v_74544ed1-4f64-4c0b-99ad-198a8f91b1a9,anon_83e5cc3f-ca0d-4351-93da-aa409d4cc716,e4d8faf5-e569-4c66-b86e-6fbee65c5b8b,left,patternCount::lvl-87.txt,patternCount,SKIP,False,False,False,0.0,False,0,0,0,0,0,0,0,0,0,0,0,,,[]
v_74544ed1-4f64-4c0b-99ad-198a8f91b1a9,anon_83e5cc3f-ca0d-4351-93da-aa409d4cc716,e4d8faf5-e569-4c66-b86e-6fbee65c5b8b,right,patternOccur::lvl-25.txt,patternOccur,SKIP,False,False,False,0.0,False,0,0,0,0,0,0,0,0,0,0,0,,,[]
v_a97f6fe2-d358-4e59-8e59-d947585d6270,anon_97ba4ed4-4810-43a5-b35c-3c565f6e3b3f,e27497d5-c1a9-4134-9f46-e31cada84557,left,notch::lvl-76.txt,notch,RIGHT,False,True,False,12.141,False,1,0,0,0,0,10,0,0,1,0,0,1093.5878809469573,1093.5878809469573,[]
v_a97f6fe2-d358-4e59-8e59-d947585d6270,anon_97ba4ed4-4810-43a5-b35c-3c565f6e3b3f,e27497d5-c1a9-4134-9f46-e31cada84557,right,hopper::lvl-68.txt,hopper,RIGHT,True,False,False,10.129,False,1,0,0,0,0,6,0,0,0,1,0,946.6585875591585,946.6585875591585,[]
v_88d04fa6-a5c9-4ed5-810a-0bb6c1492f2f,anon_c1081429-74e2-44e0-a8e7-00f4bc8d73dd,c6d4ca90-d28b-4e16-8505-466b4dd1b0ed,left,hopper::lvl-11.txt,hopper,LEFT,True,False,False,57.341,True,0,3,7,0,0,32,0,0,0,0,0,,,[]
v_88d04fa6-a5c9-4ed5-810a-0bb6c1492f2f,anon_c1081429-74e2-44e0-a8e7-00f4bc8d73dd,c6d4ca90-d28b-4e16-8505-466b4dd1b0ed,right,patternWeightCount::lvl-83.txt,patternWeightCount,LEFT,False,True,False,19.083,False,1,0,0,0,0,12,0,0,0,1,0,676.3629474758721,676.3629474758721,['impossible']
v_5c74ee9a-2196-4259-98b1-74940c88628f,anon_97ba4ed4-4810-43a5-b35c-3c565f6e3b3f,e27497d5-c1a9-4134-9f46-e31cada84557,left,patternOccur::lvl-54.txt,patternOccur,LEFT,True,False,False,0.705,False,1,0,0,0,0,0,0,0,0,1,0,8.0,8.0,[]
v_5c74ee9a-2196-4259-98b1-74940c88628f,anon_97ba4ed4-4810-43a5-b35c-3c565f6e3b3f,e27497d5-c1a9-4134-9f46-e31cada84557,right,mariogan::level_23.txt,mariogan,LEFT,False,True,False,9.163,False,1,0,0,0,0,5,0,0,0,1,0,546.6275111031231,546.6275111031231,[]
v_79925667-694b-421f-b9b8-4d0018559c8c,anon_97ba4ed4-4810-43a5-b35c-3c565f6e3b3f,e27497d5-c1a9-4134-9f46-e31cada84557,left,patternCount::lvl-31.txt,patternCount,TIE,False,False,True,10.648,False,1,0,0,0,0,4,0,0,0,1,0,229.23219120133615,229.23219120133615,['broken_graphics']
v_79925667-694b-421f-b9b8-4d0018559c8c,anon_97ba4ed4-4810-43a5-b35c-3c565f6e3b3f,e27497d5-c1a9-4134-9f46-e31cada84557,right,notchParam::lvl-24.txt,notchParam,TIE,False,False,True,10.029,False,1,0,0,0,0,7,0,0,0,1,0,624.3755014,624.3755014,['impossible']
v_2cbe893e-9202-436d-a841-80d7d0ba4368,anon_97ba4ed4-4810-43a5-b35c-3c565f6e3b3f,e27497d5-c1a9-4134-9f46-e31cada84557,left,notch::lvl-98.txt,notch,LEFT,True,False,False,11.542,False,1,0,0,0,0,8,0,0,0,1,0,838.5759607304489,838.5759607304489,[]
v_2cbe893e-9202-436d-a841-80d7d0ba4368,anon_97ba4ed4-4810-43a5-b35c-3c565f6e3b3f,e27497d5-c1a9-4134-9f46-e31cada84557,right,marioDiffusion::level_66.txt,marioDiffusion,LEFT,False,True,False,12.592,False,1,0,0,0,0,13,0,0,0,1,0,736.629164655333,736.629164655333,[]
v_97a059bc-c0b6-49b2-b9fb-2ccbe8e52cd0,anon_c1081429-74e2-44e0-a8e7-00f4bc8d73dd,c6d4ca90-d28b-4e16-8505-466b4dd1b0ed,left,genetic::lvl-60.txt,genetic,RIGHT,False,True,False,17.87,False,1,0,1,0,0,8,0,0,0,1,0,533.1306886409506,533.1306886409506,"['broken_graphics', 'too_hard']"
v_97a059bc-c0b6-49b2-b9fb-2ccbe8e52cd0,anon_c1081429-74e2-44e0-a8e7-00f4bc8d73dd,c6d4ca90-d28b-4e16-8505-466b4dd1b0ed,right,notch::lvl-25.txt,notch,RIGHT,True,False,False,26.848,False,1,0,0,0,0,12,0,0,0,1,0,1135.9447129548514,1135.9447129548514,['boring']
v_88c0f454-5c92-4810-81c3-f5521f037950,anon_1a445f28-14b0-47a9-85f7-4e751977f9f1,e4439e7e-63c1-452f-aa60-2319a60686c4,left,original::lvl-2.txt,original,LEFT,True,False,False,41.146,True,0,5,4,0,0,36,0,0,0,0,0,,,[]
v_88c0f454-5c92-4810-81c3-f5521f037950,anon_1a445f28-14b0-47a9-85f7-4e751977f9f1,e4439e7e-63c1-452f-aa60-2319a60686c4,right,notchParamRand::lvl-57.txt,notchParamRand,LEFT,False,True,False,8.749,False,1,0,0,0,0,6,0,0,0,1,0,817.8655578203351,817.8655578203351,[]
v_77f89a29-14f7-46d4-82de-e807fb16f3b5,anon_76ea3efa-14a6-4d8a-8824-adf702349ea1,3bb1cc67-feff-4f90-961b-a6f611658898,left,ore::lvl-19.txt,ore,LEFT,True,False,False,6.915,False,1,0,1,0,0,6,0,0,1,0,0,624.0801477850024,624.0801477850024,[]
v_77f89a29-14f7-46d4-82de-e807fb16f3b5,anon_76ea3efa-14a6-4d8a-8824-adf702349ea1,3bb1cc67-feff-4f90-961b-a6f611658898,right,genetic::lvl-10.txt,genetic,LEFT,False,True,False,3.782,False,1,0,0,0,0,3,0,0,1,0,0,689.0838543750333,689.0838543750333,[]
v_9043e227-5ffc-45a2-a375-a7f322509dc4,anon_a9445e2d-8170-40b8-bfa3-9fdf5b9366fb,1679d69d-69cb-4d60-bebd-e136f80868fd,left,original::lvl-3.txt,original,LEFT,True,False,False,10.57,False,1,5,2,0,0,7,0,0,0,1,0,897.0259679131881,897.0259679131881,[]
v_9043e227-5ffc-45a2-a375-a7f322509dc4,anon_a9445e2d-8170-40b8-bfa3-9fdf5b9366fb,1679d69d-69cb-4d60-bebd-e136f80868fd,right,mariogan::level_2.txt,mariogan,LEFT,False,True,False,5.111,False,1,0,0,0,0,4,0,0,1,0,0,907.0,907.0,[]
v_cbef9bb5-5bbb-49e5-be83-c8aee97e32b2,anon_a9445e2d-8170-40b8-bfa3-9fdf5b9366fb,1679d69d-69cb-4d60-bebd-e136f80868fd,left,notchParamRand::lvl-89.txt,notchParamRand,LEFT,True,False,False,2.683,False,1,0,0,0,0,3,0,0,1,0,0,572.977896030841,572.977896030841,[]
v_cbef9bb5-5bbb-49e5-be83-c8aee97e32b2,anon_a9445e2d-8170-40b8-bfa3-9fdf5b9366fb,1679d69d-69cb-4d60-bebd-e136f80868fd,right,patternOccur::lvl-88.txt,patternOccur,LEFT,False,True,False,2.839,False,1,0,0,0,0,2,0,0,0,1,0,41.866,41.866,[]
v_0d6f6786-8ce4-442b-8b0f-6fd23dd3044e,anon_a9445e2d-8170-40b8-bfa3-9fdf5b9366fb,1679d69d-69cb-4d60-bebd-e136f80868fd,left,patternOccur::lvl-62.txt,patternOccur,RIGHT,False,True,False,0.703,False,1,0,0,0,0,0,0,0,0,1,0,8.0,8.0,[]
v_0d6f6786-8ce4-442b-8b0f-6fd23dd3044e,anon_a9445e2d-8170-40b8-bfa3-9fdf5b9366fb,1679d69d-69cb-4d60-bebd-e136f80868fd,right,notchParam::lvl-67.txt,notchParam,RIGHT,True,False,False,740.441,False,1,0,0,0,0,9,0,0,0,1,0,1223.1003924919999,1223.1003924919999,[]
v_32c8b5c7-9d5f-467d-a7f9-5c9f63c96e62,anon_a9445e2d-8170-40b8-bfa3-9fdf5b9366fb,1679d69d-69cb-4d60-bebd-e136f80868fd,left,genetic::lvl-88.txt,genetic,RIGHT,False,True,False,4.247,False,1,0,0,0,0,3,0,0,0,1,0,836.6408445756553,836.6408445756553,[]
v_32c8b5c7-9d5f-467d-a7f9-5c9f63c96e62,anon_a9445e2d-8170-40b8-bfa3-9fdf5b9366fb,1679d69d-69cb-4d60-bebd-e136f80868fd,right,hopper::lvl-52.txt,hopper,RIGHT,True,False,False,3.307,False,1,0,3,0,0,2,0,0,1,0,0,890.6473918346525,890.6473918346525,[]
v_9159896d-c737-4b41-908c-889e5e951316,anon_a9445e2d-8170-40b8-bfa3-9fdf5b9366fb,1679d69d-69cb-4d60-bebd-e136f80868fd,left,notch::lvl-46.txt,notch,RIGHT,False,True,False,10.635,False,1,0,0,0,0,11,0,0,0,1,0,1269.1788137517985,1269.1788137517985,[]
v_9159896d-c737-4b41-908c-889e5e951316,anon_a9445e2d-8170-40b8-bfa3-9fdf5b9366fb,1679d69d-69cb-4d60-bebd-e136f80868fd,right,ore::lvl-11.txt,ore,RIGHT,True,False,False,22.484,False,1,1,1,0,0,16,0,0,0,1,0,626.5514343766345,626.5514343766345,[]
v_98956eed-8388-4734-8d74-81385e99108e,anon_a9445e2d-8170-40b8-bfa3-9fdf5b9366fb,1679d69d-69cb-4d60-bebd-e136f80868fd,left,marioDiffusion::level_63.txt,marioDiffusion,LEFT,True,False,False,0.684,False,1,0,0,0,0,0,0,0,1,0,0,8.0,8.0,[]
v_98956eed-8388-4734-8d74-81385e99108e,anon_a9445e2d-8170-40b8-bfa3-9fdf5b9366fb,1679d69d-69cb-4d60-bebd-e136f80868fd,right,patternWeightCount::lvl-61.txt,patternWeightCount,LEFT,False,True,False,45.971,False,1,2,0,0,0,42,0,0,0,1,0,2949.9719795038077,2949.9719795038077,[]
v_3ddd1661-fcce-409e-8f60-f0d2500639de,anon_a9445e2d-8170-40b8-bfa3-9fdf5b9366fb,899da27b-bae4-4c45-8f2e-f26e55cff6a5,left,mariogan::level_73.txt,mariogan,LEFT,True,False,False,2.507,False,1,0,0,0,0,0,0,0,1,0,0,8.0,8.0,[]
v_3ddd1661-fcce-409e-8f60-f0d2500639de,anon_a9445e2d-8170-40b8-bfa3-9fdf5b9366fb,899da27b-bae4-4c45-8f2e-f26e55cff6a5,right,marioDiffusion::level_75.txt,marioDiffusion,LEFT,False,True,False,0.717,False,1,0,0,0,0,0,0,0,0,1,0,8.0,8.0,[]
v_ef4ca166-4911-4c21-ba9a-3c45d9acf9cc,anon_a9445e2d-8170-40b8-bfa3-9fdf5b9366fb,899da27b-bae4-4c45-8f2e-f26e55cff6a5,left,notch::lvl-91.txt,notch,LEFT,True,False,False,5.875,False,1,0,0,0,0,6,0,0,0,1,0,1118.3004316632775,1118.3004316632775,[]
v_ef4ca166-4911-4c21-ba9a-3c45d9acf9cc,anon_a9445e2d-8170-40b8-bfa3-9fdf5b9366fb,899da27b-bae4-4c45-8f2e-f26e55cff6a5,right,genetic::lvl-53.txt,genetic,LEFT,False,True,False,3.34,False,1,0,0,0,0,3,0,0,1,0,0,772.3579017499197,772.3579017499197,[]
v_d3a56331-cd89-46b8-9eba-d06ed31a587e,anon_a9445e2d-8170-40b8-bfa3-9fdf5b9366fb,899da27b-bae4-4c45-8f2e-f26e55cff6a5,left,notchParam::lvl-31.txt,notchParam,TIE,False,False,True,3.208,False,1,0,0,0,0,2,0,0,1,0,0,435.95459445448773,435.95459445448773,[]
v_d3a56331-cd89-46b8-9eba-d06ed31a587e,anon_a9445e2d-8170-40b8-bfa3-9fdf5b9366fb,899da27b-bae4-4c45-8f2e-f26e55cff6a5,right,patternCount::lvl-46.txt,patternCount,TIE,False,False,True,28.212,False,1,0,0,0,0,30,0,0,0,1,0,1144.854081388304,1144.854081388304,[]
v_b1aa8468-9432-40a1-b4e2-956bda04c8f1,anon_a9445e2d-8170-40b8-bfa3-9fdf5b9366fb,899da27b-bae4-4c45-8f2e-f26e55cff6a5,left,original::lvl-7.txt,original,RIGHT,False,True,False,78.475,True,0,35,0,1,0,71,0,0,0,0,0,,,[]
v_b1aa8468-9432-40a1-b4e2-956bda04c8f1,anon_a9445e2d-8170-40b8-bfa3-9fdf5b9366fb,899da27b-bae4-4c45-8f2e-f26e55cff6a5,right,mariogpt::level_083.txt,mariogpt,RIGHT,True,False,False,32.773,True,0,3,0,0,0,27,0,0,0,0,0,,,[]
v_7753719c-6f88-45fa-95e5-8c0aad8305fb,anon_a9445e2d-8170-40b8-bfa3-9fdf5b9366fb,26e99d87-3ee6-43f1-92d0-34dbb5e833f3,left,marioDiffusion::level_47.txt,marioDiffusion,RIGHT,False,True,False,0.717,False,1,0,0,0,0,0,0,0,0,1,0,8.0,8.0,['impossible']
v_7753719c-6f88-45fa-95e5-8c0aad8305fb,anon_a9445e2d-8170-40b8-bfa3-9fdf5b9366fb,26e99d87-3ee6-43f1-92d0-34dbb5e833f3,right,hopper::lvl-32.txt,hopper,RIGHT,True,False,False,2.606,False,1,0,0,0,0,3,0,0,1,0,0,541.6688033561409,541.6688033561409,[]
v_eb7006ff-deaa-4502-96d0-4bf4622a0245,anon_a9445e2d-8170-40b8-bfa3-9fdf5b9366fb,26e99d87-3ee6-43f1-92d0-34dbb5e833f3,left,patternCount::lvl-13.txt,patternCount,RIGHT,False,True,False,3.204,False,1,0,0,0,0,2,0,0,0,1,0,52.90228924053351,52.90228924053351,[]
v_eb7006ff-deaa-4502-96d0-4bf4622a0245,anon_a9445e2d-8170-40b8-bfa3-9fdf5b9366fb,26e99d87-3ee6-43f1-92d0-34dbb5e833f3,right,genetic::lvl-2.txt,genetic,RIGHT,True,False,False,6.113,False,1,0,0,0,0,2,0,0,1,0,0,531.1903165475985,531.1903165475985,[]
v_5dfaf0cf-1949-4ffc-ad96-74ef146cd4b5,anon_a9445e2d-8170-40b8-bfa3-9fdf5b9366fb,26e99d87-3ee6-43f1-92d0-34dbb5e833f3,left,marioDiffusion::level_9.txt,marioDiffusion,RIGHT,False,True,False,0.712,False,1,0,0,0,0,0,0,0,0,1,0,8.0,8.0,[]
v_5dfaf0cf-1949-4ffc-ad96-74ef146cd4b5,anon_a9445e2d-8170-40b8-bfa3-9fdf5b9366fb,26e99d87-3ee6-43f1-92d0-34dbb5e833f3,right,original::lvl-5.txt,original,RIGHT,True,False,False,52.138,True,0,4,3,10,0,42,0,0,0,0,0,,,[]
v_813ad065-7286-401d-9213-8c1ad76eb0a3,anon_376d7289-fc63-4549-9336-2b8703819566,e3360d92-afbb-4eed-a781-a56f5b3ce2d8,left,ore::lvl-33.txt,ore,RIGHT,False,True,False,6.557,False,1,0,0,0,0,1,0,0,0,1,0,302.678854177414,302.678854177414,[]
v_813ad065-7286-401d-9213-8c1ad76eb0a3,anon_376d7289-fc63-4549-9336-2b8703819566,e3360d92-afbb-4eed-a781-a56f5b3ce2d8,right,original::lvl-3.txt,original,RIGHT,True,False,False,12.572,False,1,3,2,0,0,9,0,0,0,1,0,865.6865200000001,865.6865200000001,[]
v_82cc8270-be75-444e-b304-0825e6421299,anon_376d7289-fc63-4549-9336-2b8703819566,e3360d92-afbb-4eed-a781-a56f5b3ce2d8,left,patternCount::lvl-17.txt,patternCount,RIGHT,False,True,False,6.979,False,1,0,0,0,0,5,0,0,0,1,0,465.68652,465.68652,[]
v_82cc8270-be75-444e-b304-0825e6421299,anon_376d7289-fc63-4549-9336-2b8703819566,e3360d92-afbb-4eed-a781-a56f5b3ce2d8,right,notchParamRand::lvl-14.txt,notchParamRand,RIGHT,True,False,False,27.57,True,0,0,0,0,0,13,0,0,0,0,0,,,[]
v_c6d4a09d-5e2d-47d1-8df0-a2ff218a13a9,anon_376d7289-fc63-4549-9336-2b8703819566,e3360d92-afbb-4eed-a781-a56f5b3ce2d8,left,patternWeightCount::lvl-48.txt,patternWeightCount,LEFT,True,False,False,15.375,False,1,0,0,0,0,10,0,0,0,1,0,884.0,884.0,[]
v_c6d4a09d-5e2d-47d1-8df0-a2ff218a13a9,anon_376d7289-fc63-4549-9336-2b8703819566,e3360d92-afbb-4eed-a781-a56f5b3ce2d8,right,notchParam::lvl-13.txt,notchParam,LEFT,False,True,False,27.573,True,0,0,1,0,0,10,0,0,0,0,0,,,[]
v_46572456-2040-4bd6-9c0a-c919692db149,anon_376d7289-fc63-4549-9336-2b8703819566,e3360d92-afbb-4eed-a781-a56f5b3ce2d8,left,patternOccur::lvl-10.txt,patternOccur,RIGHT,False,True,False,3.35,False,1,0,0,0,0,1,0,0,0,1,0,171.0,171.0,[]
v_46572456-2040-4bd6-9c0a-c919692db149,anon_376d7289-fc63-4549-9336-2b8703819566,e3360d92-afbb-4eed-a781-a56f5b3ce2d8,right,genetic::lvl-61.txt,genetic,RIGHT,True,False,False,2.286,False,1,0,0,0,0,1,0,0,1,0,0,346.7563886712047,346.7563886712047,[]
v_ac648c99-a2a6-4de5-b837-33ade81d7ec0,anon_376d7289-fc63-4549-9336-2b8703819566,e3360d92-afbb-4eed-a781-a56f5b3ce2d8,left,ore::lvl-54.txt,ore,LEFT,True,False,False,33.384,False,1,0,0,0,0,26,0,0,0,1,0,1990.7188281082915,1990.7188281082915,[]
v_ac648c99-a2a6-4de5-b837-33ade81d7ec0,anon_376d7289-fc63-4549-9336-2b8703819566,e3360d92-afbb-4eed-a781-a56f5b3ce2d8,right,notchParam::lvl-34.txt,notchParam,LEFT,False,True,False,5.585,False,1,0,1,0,0,3,0,0,0,1,0,1147.2425001056795,1147.2425001056795,[]
v_fde02001-3be8-4ae6-bad9-b765cb812e76,anon_376d7289-fc63-4549-9336-2b8703819566,e3360d92-afbb-4eed-a781-a56f5b3ce2d8,left,hopper::lvl-68.txt,hopper,LEFT,True,False,False,40.512,True,0,0,1,0,0,24,0,0,0,0,0,,,[]
v_fde02001-3be8-4ae6-bad9-b765cb812e76,anon_376d7289-fc63-4549-9336-2b8703819566,e3360d92-afbb-4eed-a781-a56f5b3ce2d8,right,patternWeightCount::lvl-50.txt,patternWeightCount,LEFT,False,True,False,0.714,False,1,0,0,0,0,0,0,0,0,1,0,20.969861846456602,20.969861846456602,[]
v_b49c3219-6455-4f84-a74c-1c7cf8148366,anon_376d7289-fc63-4549-9336-2b8703819566,e3360d92-afbb-4eed-a781-a56f5b3ce2d8,left,original::lvl-11.txt,original,LEFT,True,False,False,2.909,False,1,2,0,0,0,3,0,0,1,0,0,299.002195194247,299.002195194247,[]
v_b49c3219-6455-4f84-a74c-1c7cf8148366,anon_376d7289-fc63-4549-9336-2b8703819566,e3360d92-afbb-4eed-a781-a56f5b3ce2d8,right,patternOccur::lvl-100.txt,patternOccur,LEFT,False,True,False,8.521,False,1,0,0,0,0,9,0,0,0,1,0,543.8602763070868,543.8602763070868,[]
v_025f8ec8-b4b6-4167-aad8-f625a50ac671,anon_376d7289-fc63-4549-9336-2b8703819566,e3360d92-afbb-4eed-a781-a56f5b3ce2d8,left,marioDiffusion::level_94.txt,marioDiffusion,RIGHT,False,True,False,9.375,False,1,0,0,0,0,7,0,0,0,1,0,717.268,717.268,[]
v_025f8ec8-b4b6-4167-aad8-f625a50ac671,anon_376d7289-fc63-4549-9336-2b8703819566,e3360d92-afbb-4eed-a781-a56f5b3ce2d8,right,mariogpt::level_033.txt,mariogpt,RIGHT,True,False,False,26.254,False,1,0,2,0,0,24,0,0,1,0,0,1878.9245288661252,1878.9245288661252,[]
v_2336ea23-8ef2-45b6-874a-bf329c8364e9,anon_376d7289-fc63-4549-9336-2b8703819566,e3360d92-afbb-4eed-a781-a56f5b3ce2d8,left,mariogpt::level_053.txt,mariogpt,RIGHT,False,True,False,0.071,False,1,0,0,0,0,0,0,0,1,0,0,8.0,8.0,[]
v_2336ea23-8ef2-45b6-874a-bf329c8364e9,anon_376d7289-fc63-4549-9336-2b8703819566,e3360d92-afbb-4eed-a781-a56f5b3ce2d8,right,ore::lvl-12.txt,ore,RIGHT,True,False,False,43.216,True,0,0,1,0,0,35,0,0,0,0,0,,,[]
v_1e8c466c-67ff-48e1-96f5-b193de2cddf9,anon_376d7289-fc63-4549-9336-2b8703819566,e3360d92-afbb-4eed-a781-a56f5b3ce2d8,left,genetic::lvl-88.txt,genetic,LEFT,True,False,False,32.911,True,0,1,0,0,0,16,0,0,0,0,0,,,[]
v_1e8c466c-67ff-48e1-96f5-b193de2cddf9,anon_376d7289-fc63-4549-9336-2b8703819566,e3360d92-afbb-4eed-a781-a56f5b3ce2d8,right,original::lvl-6.txt,original,LEFT,False,True,False,80.654,True,0,14,3,0,0,29,0,0,0,0,0,,,[]
v_bc6bdd4c-f8f6-46d8-b3e5-448a406a2d94,anon_a9445e2d-8170-40b8-bfa3-9fdf5b9366fb,5f3d721a-e26a-4cd0-88b7-9d33b7392e5c,left,patternWeightCount::lvl-65.txt,patternWeightCount,RIGHT,False,True,False,1.743,False,1,0,0,0,0,1,0,0,0,1,0,177.68652,177.68652,[]
v_bc6bdd4c-f8f6-46d8-b3e5-448a406a2d94,anon_a9445e2d-8170-40b8-bfa3-9fdf5b9366fb,5f3d721a-e26a-4cd0-88b7-9d33b7392e5c,right,mariogan::level_1.txt,mariogan,RIGHT,True,False,False,5.212,False,1,0,0,0,0,5,0,0,1,0,0,656.2489972,656.2489972,[]
v_de63de31-6bce-49bf-820d-9047aa217c26,anon_376d7289-fc63-4549-9336-2b8703819566,facb061d-7377-4a81-8ac9-ecabc175b241,left,marioDiffusion::level_24.txt,marioDiffusion,LEFT,True,False,False,4.54,False,1,0,0,0,0,1,0,0,0,1,0,331.0,331.0,[]
v_de63de31-6bce-49bf-820d-9047aa217c26,anon_376d7289-fc63-4549-9336-2b8703819566,facb061d-7377-4a81-8ac9-ecabc175b241,right,hopper::lvl-5.txt,hopper,LEFT,False,True,False,2.778,False,1,0,0,0,0,2,0,0,0,1,0,596.1634373377381,596.1634373377381,[]
v_a1912fed-0457-41e9-91de-327e0129e265,anon_9a0e666c-a215-4e8c-9539-f400b6aa635f,4a5bf5f1-f601-4748-a99b-9d2a3abafb4f,left,patternWeightCount::lvl-10.txt,patternWeightCount,LEFT,True,False,False,17.25,False,1,0,0,0,0,14,0,0,0,1,0,865.6319341132372,865.6319341132372,[]
v_a1912fed-0457-41e9-91de-327e0129e265,anon_9a0e666c-a215-4e8c-9539-f400b6aa635f,4a5bf5f1-f601-4748-a99b-9d2a3abafb4f,right,mariogpt::level_071.txt,mariogpt,LEFT,False,True,False,7.567,False,1,0,1,0,0,2,0,0,0,1,0,272.05586931787997,272.05586931787997,['too_hard']
v_a281709e-e95f-4ddf-86ff-984bc1c450cd,anon_92aea243-ad41-4eef-9e5b-2cef3a78e23d,ab134236-8002-48dd-bb10-afc4b15a2f5b,left,genetic::lvl-80.txt,genetic,LEFT,True,False,False,27.451,True,0,4,0,0,0,7,0,0,0,0,0,,,[]
v_a281709e-e95f-4ddf-86ff-984bc1c450cd,anon_92aea243-ad41-4eef-9e5b-2cef3a78e23d,ab134236-8002-48dd-bb10-afc4b15a2f5b,right,notchParam::lvl-98.txt,notchParam,LEFT,False,True,False,12.283,False,1,0,0,0,0,4,0,0,1,0,0,1658.3058308301686,1658.3058308301686,[]
v_b17b4ac2-eb9e-4946-b385-59b51c2d92f5,anon_376d7289-fc63-4549-9336-2b8703819566,4667db8d-1021-4fa3-8e44-35635e68abfa,left,notchParam::lvl-66.txt,notchParam,TIE,False,False,True,6.972,False,1,0,0,0,0,7,0,0,1,0,0,1261.1406468449288,1261.1406468449288,[]
v_b17b4ac2-eb9e-4946-b385-59b51c2d92f5,anon_376d7289-fc63-4549-9336-2b8703819566,4667db8d-1021-4fa3-8e44-35635e68abfa,right,notch::lvl-31.txt,notch,TIE,False,False,True,3.783,False,1,0,0,0,0,3,0,0,0,1,0,718.4680000000001,718.4680000000001,[]
v_8d11ba9b-ac1c-4036-a189-6353ea07d064,anon_376d7289-fc63-4549-9336-2b8703819566,79249a78-d167-4465-b1fb-5624dda9391b,left,original::lvl-4.txt,original,TIE,False,False,True,18.977,False,1,0,2,0,0,16,0,0,0,1,0,1590.5601798836333,1590.5601798836333,[]
v_8d11ba9b-ac1c-4036-a189-6353ea07d064,anon_376d7289-fc63-4549-9336-2b8703819566,79249a78-d167-4465-b1fb-5624dda9391b,right,marioDiffusion::level_37.txt,marioDiffusion,TIE,False,False,True,12.483,False,1,1,0,0,0,11,0,0,0,1,0,1505.8177916360578,1505.8177916360578,[]
v_d1a6b84d-525b-4539-b546-e63260661059,anon_376d7289-fc63-4549-9336-2b8703819566,6d18a76a-0efa-4659-a745-1457533eb6f9,left,mariogan::level_26.txt,mariogan,LEFT,True,False,False,16.617,False,1,0,0,0,0,17,0,0,1,0,0,2631.407656284312,2631.407656284312,[]
v_d1a6b84d-525b-4539-b546-e63260661059,anon_376d7289-fc63-4549-9336-2b8703819566,6d18a76a-0efa-4659-a745-1457533eb6f9,right,patternWeightCount::lvl-54.txt,patternWeightCount,LEFT,False,True,False,0.0,False,0,0,0,0,0,0,0,0,0,0,0,,,[]
v_20e53c14-fafd-40e8-ae0c-b625728b2ecb,anon_376d7289-fc63-4549-9336-2b8703819566,6d18a76a-0efa-4659-a745-1457533eb6f9,left,genetic::lvl-91.txt,genetic,TIE,False,False,True,17.673,True,0,0,0,0,0,13,0,0,0,0,0,,,[]
v_20e53c14-fafd-40e8-ae0c-b625728b2ecb,anon_376d7289-fc63-4549-9336-2b8703819566,6d18a76a-0efa-4659-a745-1457533eb6f9,right,ore::lvl-53.txt,ore,TIE,False,False,True,1.815,False,1,0,0,0,0,0,0,0,1,0,0,59.187877849671914,59.187877849671914,[]
v_4c63af98-440c-4d01-99a9-8cbe460f2d1b,anon_376d7289-fc63-4549-9336-2b8703819566,6d18a76a-0efa-4659-a745-1457533eb6f9,left,marioDiffusion::level_27.txt,marioDiffusion,TIE,False,False,True,0.705,False,1,0,0,0,0,0,0,0,0,1,0,8.0,8.0,[]
v_4c63af98-440c-4d01-99a9-8cbe460f2d1b,anon_376d7289-fc63-4549-9336-2b8703819566,6d18a76a-0efa-4659-a745-1457533eb6f9,right,patternWeightCount::lvl-38.txt,patternWeightCount,TIE,False,False,True,0.715,False,1,0,0,0,0,0,0,0,0,1,0,8.0,8.0,[]
v_f659276b-fb53-4962-9666-65e2c185efa2,anon_376d7289-fc63-4549-9336-2b8703819566,514d158b-bba4-4bca-8d76-51649dec039e,left,ore::lvl-49.txt,ore,LEFT,True,False,False,39.54,True,0,2,3,0,1,38,0,0,0,0,0,,,[]
v_f659276b-fb53-4962-9666-65e2c185efa2,anon_376d7289-fc63-4549-9336-2b8703819566,514d158b-bba4-4bca-8d76-51649dec039e,right,patternOccur::lvl-76.txt,patternOccur,LEFT,False,True,False,0.716,False,1,0,0,0,0,0,0,0,0,1,0,8.0,8.0,[]
v_b8b2b267-74c5-4288-b66f-919f99415e8a,anon_376d7289-fc63-4549-9336-2b8703819566,283a6c51-4154-4dd1-b756-de7ede1ea57c,left,hopper::lvl-41.txt,hopper,LEFT,True,False,False,6.741,False,1,0,0,0,0,6,0,0,1,0,0,1056.302209763347,1056.302209763347,[]
v_b8b2b267-74c5-4288-b66f-919f99415e8a,anon_376d7289-fc63-4549-9336-2b8703819566,283a6c51-4154-4dd1-b756-de7ede1ea57c,right,notchParam::lvl-78.txt,notchParam,LEFT,False,True,False,5.781,False,1,0,1,0,0,5,0,0,0,1,0,903.9296459230062,903.9296459230062,[]
v_8b9af975-bc45-43c5-8c42-361e8f31fb92,anon_376d7289-fc63-4549-9336-2b8703819566,283a6c51-4154-4dd1-b756-de7ede1ea57c,left,genetic::lvl-43.txt,genetic,LEFT,True,False,False,21.881,False,1,0,0,0,0,12,0,0,1,0,0,2011.002910424746,2011.002910424746,[]
v_8b9af975-bc45-43c5-8c42-361e8f31fb92,anon_376d7289-fc63-4549-9336-2b8703819566,283a6c51-4154-4dd1-b756-de7ede1ea57c,right,mariogan::level_31.txt,mariogan,LEFT,False,True,False,10.482,False,1,0,0,0,0,10,0,0,0,1,0,1134.468,1134.468,['too_hard']
v_cef43468-1718-4f79-a770-5148f7a91a54,anon_376d7289-fc63-4549-9336-2b8703819566,63402ef3-6920-4a3c-b668-7891ce40bbc3,left,patternWeightCount::lvl-46.txt,patternWeightCount,RIGHT,False,True,False,67.97,False,1,3,0,0,0,52,0,0,0,1,0,2825.251600157337,2825.251600157337,[]
v_cef43468-1718-4f79-a770-5148f7a91a54,anon_376d7289-fc63-4549-9336-2b8703819566,63402ef3-6920-4a3c-b668-7891ce40bbc3,right,mariogpt::level_018.txt,mariogpt,RIGHT,True,False,False,30.315,True,0,15,1,0,0,23,0,0,0,0,0,,,[]
v_ba826833-fb79-4b26-b2f2-58b102948c08,anon_376d7289-fc63-4549-9336-2b8703819566,63402ef3-6920-4a3c-b668-7891ce40bbc3,left,hopper::lvl-39.txt,hopper,TIE,False,False,True,4.572,False,1,0,1,0,0,3,0,0,0,1,0,715.0863579619138,715.0863579619138,[]
v_ba826833-fb79-4b26-b2f2-58b102948c08,anon_376d7289-fc63-4549-9336-2b8703819566,63402ef3-6920-4a3c-b668-7891ce40bbc3,right,genetic::lvl-67.txt,genetic,TIE,False,False,True,2.916,False,1,0,0,0,0,3,0,0,1,0,0,449.28526991792427,449.28526991792427,[]
v_b32ec9ec-97b4-4d98-a305-e0e4a8317222,anon_376d7289-fc63-4549-9336-2b8703819566,ab1ca0cb-ccf8-4350-8664-6a1b1fcdace7,left,hopper::lvl-94.txt,hopper,LEFT,True,False,False,3.146,False,1,0,1,0,0,2,0,0,0,1,0,699.2817476828792,699.2817476828792,[]
v_b32ec9ec-97b4-4d98-a305-e0e4a8317222,anon_376d7289-fc63-4549-9336-2b8703819566,ab1ca0cb-ccf8-4350-8664-6a1b1fcdace7,right,notchParam::lvl-74.txt,notchParam,LEFT,False,True,False,18.781,True,0,0,2,0,0,19,0,0,0,0,0,,,[]
v_1c022872-a8a8-4965-8526-4cd1c6814f36,anon_376d7289-fc63-4549-9336-2b8703819566,ab1ca0cb-ccf8-4350-8664-6a1b1fcdace7,left,notchParamRand::lvl-46.txt,notchParamRand,RIGHT,False,True,False,17.844,True,0,0,0,0,0,9,0,0,0,0,0,,,[]
v_1c022872-a8a8-4965-8526-4cd1c6814f36,anon_376d7289-fc63-4549-9336-2b8703819566,ab1ca0cb-ccf8-4350-8664-6a1b1fcdace7,right,notch::lvl-43.txt,notch,RIGHT,True,False,False,21.081,True,0,0,1,0,0,20,0,0,0,0,0,,,[]
v_df26b5b0-c630-4a3c-9889-636140d50788,anon_a9445e2d-8170-40b8-bfa3-9fdf5b9366fb,87df4bc4-7086-4c30-be36-eb6af1cc7af8,left,original::lvl-6.txt,original,LEFT,True,False,False,21.739,True,0,10,3,0,0,19,0,0,0,0,0,,,[]
v_df26b5b0-c630-4a3c-9889-636140d50788,anon_a9445e2d-8170-40b8-bfa3-9fdf5b9366fb,87df4bc4-7086-4c30-be36-eb6af1cc7af8,right,hopper::lvl-71.txt,hopper,LEFT,False,True,False,4.042,False,1,0,2,0,0,3,0,0,0,1,0,978.0480132226357,978.0480132226357,[]
v_9bb3b587-0b53-4db9-8157-00791a1d4718,anon_a9445e2d-8170-40b8-bfa3-9fdf5b9366fb,87df4bc4-7086-4c30-be36-eb6af1cc7af8,left,notch::lvl-30.txt,notch,LEFT,True,False,False,2.67,False,1,0,0,0,0,1,0,0,0,1,0,465.4502700166538,465.4502700166538,[]
v_9bb3b587-0b53-4db9-8157-00791a1d4718,anon_a9445e2d-8170-40b8-bfa3-9fdf5b9366fb,87df4bc4-7086-4c30-be36-eb6af1cc7af8,right,hopper::lvl-71.txt,hopper,LEFT,False,True,False,4.142,False,1,0,2,0,0,3,0,0,0,1,0,978.0480132226357,978.0480132226357,[]
v_4694a96e-64d0-426f-8ced-ba49027f78ac,anon_a9445e2d-8170-40b8-bfa3-9fdf5b9366fb,87df4bc4-7086-4c30-be36-eb6af1cc7af8,left,original::lvl-11.txt,original,LEFT,True,False,False,2.444,False,1,1,0,0,0,2,0,0,1,0,0,277.3462258604065,277.3462258604065,[]
v_4694a96e-64d0-426f-8ced-ba49027f78ac,anon_a9445e2d-8170-40b8-bfa3-9fdf5b9366fb,87df4bc4-7086-4c30-be36-eb6af1cc7af8,right,marioDiffusion::level_85.txt,marioDiffusion,LEFT,False,True,False,5.578,False,1,0,0,0,0,6,0,0,0,1,0,909.0769030895676,909.0769030895676,[]
v_ab124061-13d6-4a5d-a5e6-56468475a2ce,anon_a9445e2d-8170-40b8-bfa3-9fdf5b9366fb,87df4bc4-7086-4c30-be36-eb6af1cc7af8,left,notchParamRand::lvl-74.txt,notchParamRand,RIGHT,False,True,False,12.245,True,0,0,1,0,0,6,0,0,0,0,0,,,[]
v_ab124061-13d6-4a5d-a5e6-56468475a2ce,anon_a9445e2d-8170-40b8-bfa3-9fdf5b9366fb,87df4bc4-7086-4c30-be36-eb6af1cc7af8,right,marioDiffusion::level_34.txt,marioDiffusion,RIGHT,True,False,False,0.917,False,1,0,0,0,0,1,0,0,1,0,0,8.0,8.0,[]
v_c8dae6fe-7504-4141-92b5-51c0b60b4e96,anon_a9445e2d-8170-40b8-bfa3-9fdf5b9366fb,87df4bc4-7086-4c30-be36-eb6af1cc7af8,left,genetic::lvl-62.txt,genetic,LEFT,True,False,False,4.839,False,1,0,0,0,0,3,0,0,0,1,0,810.4753456768534,810.4753456768534,[]
v_c8dae6fe-7504-4141-92b5-51c0b60b4e96,anon_a9445e2d-8170-40b8-bfa3-9fdf5b9366fb,87df4bc4-7086-4c30-be36-eb6af1cc7af8,right,patternCount::lvl-63.txt,patternCount,LEFT,False,True,False,1.986,False,1,0,0,0,0,2,0,0,0,1,0,124.2,124.2,[]
v_2ea16c7f-493f-48c1-b93f-5307eb54fd8f,anon_a9445e2d-8170-40b8-bfa3-9fdf5b9366fb,be22e424-ae19-4432-94dd-52e4b2c78df0,left,ore::lvl-15.txt,ore,RIGHT,False,True,False,3.779,False,1,1,0,0,0,3,0,0,0,1,0,61.74463047342765,61.74463047342765,[]
v_2ea16c7f-493f-48c1-b93f-5307eb54fd8f,anon_a9445e2d-8170-40b8-bfa3-9fdf5b9366fb,be22e424-ae19-4432-94dd-52e4b2c78df0,right,marioDiffusion::level_31.txt,marioDiffusion,RIGHT,True,False,False,13.181,False,1,0,0,0,0,10,0,0,0,1,0,1197.341419707012,1197.341419707012,[]
v_49da65c6-904e-4475-924c-1454bb144896,anon_a9445e2d-8170-40b8-bfa3-9fdf5b9366fb,eeefbc0f-48ab-45b5-b3cb-7a1d4df7daf1,left,mariogan::level_40.txt,mariogan,RIGHT,False,True,False,33.316,True,0,0,3,0,0,25,0,0,0,0,0,,,[]
v_49da65c6-904e-4475-924c-1454bb144896,anon_a9445e2d-8170-40b8-bfa3-9fdf5b9366fb,eeefbc0f-48ab-45b5-b3cb-7a1d4df7daf1,right,original::lvl-14.txt,original,RIGHT,True,False,False,11.407,False,1,0,0,0,0,7,0,0,1,0,0,532.2729826451564,532.2729826451564,[]
v_e83eff02-3c35-4388-8ef2-efa65b3c4ba0,anon_a9445e2d-8170-40b8-bfa3-9fdf5b9366fb,eeefbc0f-48ab-45b5-b3cb-7a1d4df7daf1,left,patternWeightCount::lvl-89.txt,patternWeightCount,RIGHT,False,True,False,26.648,False,1,1,0,0,0,21,0,0,0,1,0,1675.0,1675.0,[]
v_e83eff02-3c35-4388-8ef2-efa65b3c4ba0,anon_a9445e2d-8170-40b8-bfa3-9fdf5b9366fb,eeefbc0f-48ab-45b5-b3cb-7a1d4df7daf1,right,ore::lvl-18.txt,ore,RIGHT,True,False,False,10.539,False,1,1,0,0,0,8,0,0,1,0,0,616.6783995439398,616.6783995439398,[]
v_615012e4-441a-476f-a405-7cf6fd901df9,anon_a9445e2d-8170-40b8-bfa3-9fdf5b9366fb,eeefbc0f-48ab-45b5-b3cb-7a1d4df7daf1,left,patternCount::lvl-73.txt,patternCount,TIE,False,False,True,14.469,False,1,0,0,0,0,14,0,0,0,1,0,566.1736674573583,566.1736674573583,[]
v_615012e4-441a-476f-a405-7cf6fd901df9,anon_a9445e2d-8170-40b8-bfa3-9fdf5b9366fb,eeefbc0f-48ab-45b5-b3cb-7a1d4df7daf1,right,notchParam::lvl-38.txt,notchParam,TIE,False,False,True,4.842,False,1,0,0,0,0,4,0,0,0,1,0,1122.0148754365828,1122.0148754365828,[]
v_c97050b3-ae3a-4b07-80d3-1dc50365820f,anon_a9445e2d-8170-40b8-bfa3-9fdf5b9366fb,eeefbc0f-48ab-45b5-b3cb-7a1d4df7daf1,left,patternOccur::lvl-67.txt,patternOccur,RIGHT,False,True,False,1.91,False,1,0,0,0,0,1,0,0,0,1,0,79.75614201626884,79.75614201626884,[]
v_c97050b3-ae3a-4b07-80d3-1dc50365820f,anon_a9445e2d-8170-40b8-bfa3-9fdf5b9366fb,eeefbc0f-48ab-45b5-b3cb-7a1d4df7daf1,right,patternCount::lvl-87.txt,patternCount,RIGHT,True,False,False,8.703,False,1,0,0,0,0,9,0,0,0,1,0,412.134,412.134,[]
v_46fd5187-b156-4f7b-90d9-357cd47ddbe0,anon_376d7289-fc63-4549-9336-2b8703819566,e3360d92-afbb-4eed-a781-a56f5b3ce2d8,left,mariogan::level_63.txt,mariogan,LEFT,True,False,False,17.345,False,1,0,0,0,0,11,0,0,0,1,0,1028.0,1028.0,[]
v_46fd5187-b156-4f7b-90d9-357cd47ddbe0,anon_376d7289-fc63-4549-9336-2b8703819566,e3360d92-afbb-4eed-a781-a56f5b3ce2d8,right,notch::lvl-28.txt,notch,LEFT,False,True,False,8.84,False,1,0,0,0,0,9,0,0,1,0,0,924.8304225314967,924.8304225314967,[]
v_0f919e23-44e1-47d0-b559-a34e822722ff,anon_376d7289-fc63-4549-9336-2b8703819566,e3360d92-afbb-4eed-a781-a56f5b3ce2d8,left,mariogan::level_54.txt,mariogan,RIGHT,False,True,False,17.717,False,1,0,0,0,0,10,0,0,0,1,0,516.9201379878643,516.9201379878643,[]
v_0f919e23-44e1-47d0-b559-a34e822722ff,anon_376d7289-fc63-4549-9336-2b8703819566,e3360d92-afbb-4eed-a781-a56f5b3ce2d8,right,original::lvl-1.txt,original,RIGHT,True,False,False,52.641,True,0,3,5,0,0,41,0,0,0,0,0,,,[]
v_6e0f4a51-ea23-43a9-ad6c-63672ad3a7a7,anon_376d7289-fc63-4549-9336-2b8703819566,e3360d92-afbb-4eed-a781-a56f5b3ce2d8,left,mariogan::level_15.txt,mariogan,RIGHT,False,True,False,1.613,False,1,0,0,0,0,0,0,0,1,0,0,8.0,8.0,[]
v_6e0f4a51-ea23-43a9-ad6c-63672ad3a7a7,anon_376d7289-fc63-4549-9336-2b8703819566,e3360d92-afbb-4eed-a781-a56f5b3ce2d8,right,ore::lvl-38.txt,ore,RIGHT,True,False,False,21.885,False,1,2,0,0,0,9,0,0,0,1,0,590.1804857110299,590.1804857110299,[]
v_5db7e460-0977-4336-9d0b-71fd132b1e0a,anon_376d7289-fc63-4549-9336-2b8703819566,e3360d92-afbb-4eed-a781-a56f5b3ce2d8,left,notchParamRand::lvl-28.txt,notchParamRand,TIE,False,False,True,31.578,True,0,0,0,0,0,25,0,0,0,0,0,,,[]
v_5db7e460-0977-4336-9d0b-71fd132b1e0a,anon_376d7289-fc63-4549-9336-2b8703819566,e3360d92-afbb-4eed-a781-a56f5b3ce2d8,right,genetic::lvl-69.txt,genetic,TIE,False,False,True,16.444,True,0,0,0,0,0,9,0,0,0,0,0,,,[]
v_57f2ac9c-a833-4c6c-81bf-a5dfbf14231e,anon_76ea3efa-14a6-4d8a-8824-adf702349ea1,8386112d-3210-4c9a-8aff-578fa05c6bf3,left,marioDiffusion::level_49.txt,marioDiffusion,RIGHT,False,True,False,5.472,False,1,0,0,0,0,2,0,0,0,1,0,370.04905201700115,370.04905201700115,[]
v_57f2ac9c-a833-4c6c-81bf-a5dfbf14231e,anon_76ea3efa-14a6-4d8a-8824-adf702349ea1,8386112d-3210-4c9a-8aff-578fa05c6bf3,right,mariogpt::level_087.txt,mariogpt,RIGHT,True,False,False,4.57,False,1,1,0,0,0,3,0,0,1,0,0,546.639187035041,546.639187035041,[]
v_f2b15f3c-14b2-440f-a17d-eeb9fa800a46,anon_376d7289-fc63-4549-9336-2b8703819566,e3360d92-afbb-4eed-a781-a56f5b3ce2d8,left,hopper::lvl-79.txt,hopper,LEFT,True,False,False,4.412,False,1,0,0,0,0,4,0,0,0,1,0,1042.2839444617002,1042.2839444617002,[]
v_f2b15f3c-14b2-440f-a17d-eeb9fa800a46,anon_376d7289-fc63-4549-9336-2b8703819566,e3360d92-afbb-4eed-a781-a56f5b3ce2d8,right,patternCount::lvl-7.txt,patternCount,LEFT,False,True,False,1.617,False,1,0,0,0,0,1,0,0,0,1,0,64.05295241471148,64.05295241471148,[]
v_779b3ec2-8b22-4cc2-8a63-ab4071e4179c,anon_376d7289-fc63-4549-9336-2b8703819566,e3360d92-afbb-4eed-a781-a56f5b3ce2d8,left,hopper::lvl-5.txt,hopper,RIGHT,False,True,False,4.751,False,1,0,1,0,0,5,0,0,1,0,0,961.0597097991044,961.0597097991044,[]
v_779b3ec2-8b22-4cc2-8a63-ab4071e4179c,anon_376d7289-fc63-4549-9336-2b8703819566,e3360d92-afbb-4eed-a781-a56f5b3ce2d8,right,ore::lvl-33.txt,ore,RIGHT,True,False,False,47.037,True,0,2,0,0,0,43,0,0,0,0,0,,,[]
v_c30b6f90-13ad-42df-a255-26728a9de7a2,anon_376d7289-fc63-4549-9336-2b8703819566,e3360d92-afbb-4eed-a781-a56f5b3ce2d8,left,ore::lvl-61.txt,ore,TIE,False,False,True,137.145,True,0,0,1,0,0,44,0,0,0,0,0,,,[]
v_c30b6f90-13ad-42df-a255-26728a9de7a2,anon_376d7289-fc63-4549-9336-2b8703819566,e3360d92-afbb-4eed-a781-a56f5b3ce2d8,right,mariogpt::level_000.txt,mariogpt,TIE,False,False,True,49.236,True,0,6,5,0,0,32,0,0,0,0,0,,,[]
v_9cf80cba-9c88-4c09-9232-1c3d0bc44a87,anon_a9445e2d-8170-40b8-bfa3-9fdf5b9366fb,df042a3b-c6a1-494d-b797-d4be48a4c3e2,left,notchParam::lvl-14.txt,notchParam,RIGHT,False,True,False,11.302,False,1,0,0,0,0,5,0,0,0,1,0,3119.0991736020414,3119.0991736020414,[]
v_9cf80cba-9c88-4c09-9232-1c3d0bc44a87,anon_a9445e2d-8170-40b8-bfa3-9fdf5b9366fb,df042a3b-c6a1-494d-b797-d4be48a4c3e2,right,mariogpt::level_007.txt,mariogpt,RIGHT,True,False,False,32.274,True,0,6,2,0,0,28,0,0,0,0,0,,,[]
v_7929a2b6-3de4-40ca-bf53-a30d4ac1f55d,anon_a9445e2d-8170-40b8-bfa3-9fdf5b9366fb,df042a3b-c6a1-494d-b797-d4be48a4c3e2,left,patternCount::lvl-77.txt,patternCount,LEFT,True,False,False,0.709,False,1,0,0,0,0,0,0,0,0,1,0,8.0,8.0,[]
v_7929a2b6-3de4-40ca-bf53-a30d4ac1f55d,anon_a9445e2d-8170-40b8-bfa3-9fdf5b9366fb,df042a3b-c6a1-494d-b797-d4be48a4c3e2,right,patternWeightCount::lvl-23.txt,patternWeightCount,LEFT,False,True,False,0.0,False,0,0,0,0,0,0,0,0,0,0,0,,,[]
v_298d65a1-738c-45df-a339-eb4ec8cd8d7d,anon_a9445e2d-8170-40b8-bfa3-9fdf5b9366fb,df042a3b-c6a1-494d-b797-d4be48a4c3e2,left,mariogan::level_42.txt,mariogan,RIGHT,False,True,False,22.216,True,0,0,1,0,0,20,0,0,0,0,0,,,[]
v_298d65a1-738c-45df-a339-eb4ec8cd8d7d,anon_a9445e2d-8170-40b8-bfa3-9fdf5b9366fb,df042a3b-c6a1-494d-b797-d4be48a4c3e2,right,notch::lvl-7.txt,notch,RIGHT,True,False,False,2.138,False,1,0,0,0,0,2,0,0,1,0,0,275.108042927579,275.108042927579,[]
v_aa01348e-df3d-4e2d-ab2d-67cf30e9c1e2,anon_a9445e2d-8170-40b8-bfa3-9fdf5b9366fb,df042a3b-c6a1-494d-b797-d4be48a4c3e2,left,mariogan::level_15.txt,mariogan,LEFT,True,False,False,1.448,False,1,0,0,0,0,1,0,0,1,0,0,18.7510028,18.7510028,[]
v_aa01348e-df3d-4e2d-ab2d-67cf30e9c1e2,anon_a9445e2d-8170-40b8-bfa3-9fdf5b9366fb,df042a3b-c6a1-494d-b797-d4be48a4c3e2,right,genetic::lvl-4.txt,genetic,LEFT,False,True,False,3.005,False,1,0,0,0,0,4,0,0,1,0,0,482.28300279999996,482.28300279999996,[]
v_740cca8b-9fc8-4457-af7f-3b5cec08f938,anon_a9445e2d-8170-40b8-bfa3-9fdf5b9366fb,df042a3b-c6a1-494d-b797-d4be48a4c3e2,left,marioDiffusion::level_6.txt,marioDiffusion,LEFT,True,False,False,0.437,False,1,0,0,0,0,0,0,0,1,0,0,8.0,8.0,[]
v_740cca8b-9fc8-4457-af7f-3b5cec08f938,anon_a9445e2d-8170-40b8-bfa3-9fdf5b9366fb,df042a3b-c6a1-494d-b797-d4be48a4c3e2,right,patternCount::lvl-63.txt,patternCount,LEFT,False,True,False,3.072,False,1,0,0,0,0,1,0,0,0,1,0,127.14581342908745,127.14581342908745,[]
v_7aaec2a3-84e2-4579-ab9a-02012f5b8bbc,anon_a9445e2d-8170-40b8-bfa3-9fdf5b9366fb,df042a3b-c6a1-494d-b797-d4be48a4c3e2,left,genetic::lvl-56.txt,genetic,LEFT,True,False,False,7.848,False,1,2,0,0,0,5,0,0,0,1,0,300.01020956359775,300.01020956359775,[]
v_7aaec2a3-84e2-4579-ab9a-02012f5b8bbc,anon_a9445e2d-8170-40b8-bfa3-9fdf5b9366fb,df042a3b-c6a1-494d-b797-d4be48a4c3e2,right,notchParamRand::lvl-11.txt,notchParamRand,LEFT,False,True,False,10.473,False,1,0,1,0,0,8,0,0,1,0,0,2213.7510027999997,2213.7510027999997,[]
v_02f3bc32-ccb0-4006-938b-2020ba95c292,anon_a9445e2d-8170-40b8-bfa3-9fdf5b9366fb,788ae2aa-cbef-4862-8dfb-082b7d5b47fe,left,original::lvl-14.txt,original,LEFT,True,False,False,10.607,False,1,2,1,0,0,9,0,0,1,0,0,688.5710332352564,688.5710332352564,[]
v_02f3bc32-ccb0-4006-938b-2020ba95c292,anon_a9445e2d-8170-40b8-bfa3-9fdf5b9366fb,788ae2aa-cbef-4862-8dfb-082b7d5b47fe,right,notch::lvl-83.txt,notch,LEFT,False,True,False,2.169,False,1,0,0,0,0,1,0,0,0,1,0,289.08651999999995,289.08651999999995,[]
v_153d3734-175b-4146-878f-320bee774963,anon_a9445e2d-8170-40b8-bfa3-9fdf5b9366fb,788ae2aa-cbef-4862-8dfb-082b7d5b47fe,left,marioDiffusion::level_83.txt,marioDiffusion,LEFT,True,False,False,15.616,False,1,0,0,0,0,17,0,0,0,1,0,1818.309267694937,1818.309267694937,[]
v_153d3734-175b-4146-878f-320bee774963,anon_a9445e2d-8170-40b8-bfa3-9fdf5b9366fb,788ae2aa-cbef-4862-8dfb-082b7d5b47fe,right,notchParamRand::lvl-27.txt,notchParamRand,LEFT,False,True,False,11.042,True,0,1,1,0,0,8,0,0,0,0,0,,,[]
v_dd5513e3-b6db-4af3-952d-606e12dbc848,anon_a9445e2d-8170-40b8-bfa3-9fdf5b9366fb,788ae2aa-cbef-4862-8dfb-082b7d5b47fe,left,mariogpt::level_033.txt,mariogpt,LEFT,True,False,False,12.04,False,1,0,1,0,0,10,0,0,0,1,0,1028.0,1028.0,[]
v_dd5513e3-b6db-4af3-952d-606e12dbc848,anon_a9445e2d-8170-40b8-bfa3-9fdf5b9366fb,788ae2aa-cbef-4862-8dfb-082b7d5b47fe,right,patternCount::lvl-3.txt,patternCount,LEFT,False,True,False,25.909,False,1,0,0,0,0,32,0,0,0,1,0,1223.4662277271505,1223.4662277271505,[]
v_6f64d777-9d5a-46f1-af23-8a9494578153,anon_a9445e2d-8170-40b8-bfa3-9fdf5b9366fb,788ae2aa-cbef-4862-8dfb-082b7d5b47fe,left,ore::lvl-69.txt,ore,LEFT,True,False,False,7.777,False,1,0,0,0,0,7,0,0,1,0,0,632.5613464439455,632.5613464439455,[]
v_6f64d777-9d5a-46f1-af23-8a9494578153,anon_a9445e2d-8170-40b8-bfa3-9fdf5b9366fb,788ae2aa-cbef-4862-8dfb-082b7d5b47fe,right,notchParam::lvl-86.txt,notchParam,LEFT,False,True,False,2.171,False,1,0,0,0,0,2,0,0,1,0,0,413.2661820848427,413.2661820848427,[]
v_3dd3760a-1ba5-44bd-8506-47d5dbf4f29b,anon_a9445e2d-8170-40b8-bfa3-9fdf5b9366fb,788ae2aa-cbef-4862-8dfb-082b7d5b47fe,left,marioDiffusion::level_72.txt,marioDiffusion,TIE,False,False,True,3.677,False,1,0,0,0,0,2,0,0,0,1,0,187.95993902208005,187.95993902208005,[]
v_3dd3760a-1ba5-44bd-8506-47d5dbf4f29b,anon_a9445e2d-8170-40b8-bfa3-9fdf5b9366fb,788ae2aa-cbef-4862-8dfb-082b7d5b47fe,right,patternCount::lvl-69.txt,patternCount,TIE,False,False,True,6.748,False,1,0,0,0,0,6,0,0,0,1,0,523.0,523.0,[]
v_32cdf20e-6ccc-40b5-97a4-f4296ce0c45c,anon_376d7289-fc63-4549-9336-2b8703819566,48939b14-162c-4762-a4ef-122b7961cdb7,left,patternWeightCount::lvl-89.txt,patternWeightCount,LEFT,True,False,False,36.274,False,1,3,0,0,0,25,0,0,0,1,0,1924.0,1924.0,[]
v_32cdf20e-6ccc-40b5-97a4-f4296ce0c45c,anon_376d7289-fc63-4549-9336-2b8703819566,48939b14-162c-4762-a4ef-122b7961cdb7,right,mariogan::level_23.txt,mariogan,LEFT,False,True,False,5.754,False,1,0,0,0,0,3,0,0,0,1,0,549.4993060704184,549.4993060704184,[]
v_a2d8c246-41c8-4218-a495-8d8a86a8b834,anon_376d7289-fc63-4549-9336-2b8703819566,48939b14-162c-4762-a4ef-122b7961cdb7,left,notchParam::lvl-61.txt,notchParam,RIGHT,False,True,False,3.869,False,1,0,0,0,0,3,0,0,0,1,0,578.1236937768255,578.1236937768255,[]
v_a2d8c246-41c8-4218-a495-8d8a86a8b834,anon_376d7289-fc63-4549-9336-2b8703819566,48939b14-162c-4762-a4ef-122b7961cdb7,right,genetic::lvl-50.txt,genetic,RIGHT,True,False,False,7.805,False,1,0,0,0,0,3,0,0,1,0,0,829.4727330677664,829.4727330677664,[]
v_11122dd6-5894-497e-b699-8e1ed7a38e4f,anon_376d7289-fc63-4549-9336-2b8703819566,48939b14-162c-4762-a4ef-122b7961cdb7,left,patternCount::lvl-1.txt,patternCount,RIGHT,False,True,False,0.731,False,1,0,0,0,0,0,0,0,0,1,0,8.0,8.0,[]
v_11122dd6-5894-497e-b699-8e1ed7a38e4f,anon_376d7289-fc63-4549-9336-2b8703819566,48939b14-162c-4762-a4ef-122b7961cdb7,right,original::lvl-11.txt,original,RIGHT,True,False,False,32.042,False,1,9,0,0,0,28,0,0,1,0,0,1873.6961402360037,1873.6961402360037,[]
v_60cb3dde-5fd2-4100-a8a5-167cc57c2fa9,anon_376d7289-fc63-4549-9336-2b8703819566,9b740099-0e65-411a-887f-ea75ad2310e0,left,patternOccur::lvl-41.txt,patternOccur,RIGHT,False,True,False,39.306,False,1,1,0,0,0,36,0,0,0,1,0,1846.868,1846.868,[]
v_60cb3dde-5fd2-4100-a8a5-167cc57c2fa9,anon_376d7289-fc63-4549-9336-2b8703819566,9b740099-0e65-411a-887f-ea75ad2310e0,right,mariogpt::level_076.txt,mariogpt,RIGHT,True,False,False,49.19,True,0,3,4,0,0,38,0,0,0,0,0,,,[]
v_8a23453d-431a-4d65-aa42-4c3ba05df009,anon_376d7289-fc63-4549-9336-2b8703819566,9b740099-0e65-411a-887f-ea75ad2310e0,left,mariogan::level_26.txt,mariogan,RIGHT,False,True,False,18.447,True,0,0,1,0,0,21,0,0,0,0,0,,,[]
v_8a23453d-431a-4d65-aa42-4c3ba05df009,anon_376d7289-fc63-4549-9336-2b8703819566,9b740099-0e65-411a-887f-ea75ad2310e0,right,original::lvl-8.txt,original,RIGHT,True,False,False,56.345,True,0,19,3,0,0,49,0,0,0,0,0,,,[]
v_61bea40e-db7e-4c20-8b0e-dd1c65236e9a,anon_376d7289-fc63-4549-9336-2b8703819566,9b740099-0e65-411a-887f-ea75ad2310e0,left,mariogpt::level_067.txt,mariogpt,RIGHT,False,True,False,5.863,False,1,1,0,0,0,2,0,0,0,1,0,64.4451033890661,64.4451033890661,['impossible']
v_61bea40e-db7e-4c20-8b0e-dd1c65236e9a,anon_376d7289-fc63-4549-9336-2b8703819566,9b740099-0e65-411a-887f-ea75ad2310e0,right,notchParam::lvl-71.txt,notchParam,RIGHT,True,False,False,5.67,False,1,0,0,0,0,4,0,0,1,0,0,635.075854163573,635.075854163573,[]
v_77a69e1f-ea76-49a8-bd8c-eb32428e8458,anon_2caf6547-3ac7-446b-9aeb-b6d642d8403f,620dabc4-41a2-4db9-9f14-0b17f64361c3,left,notchParam::lvl-63.txt,notchParam,RIGHT,False,True,False,12.905,False,1,0,1,0,0,10,0,0,1,0,0,1265.234679978402,1265.234679978402,[]
v_77a69e1f-ea76-49a8-bd8c-eb32428e8458,anon_2caf6547-3ac7-446b-9aeb-b6d642d8403f,620dabc4-41a2-4db9-9f14-0b17f64361c3,right,mariogan::level_6.txt,mariogan,RIGHT,True,False,False,28.314,True,0,0,7,0,0,30,0,0,0,0,0,,,[]
v_437d33e0-1d2a-43bb-b88e-7a7dfc52196c,anon_2caf6547-3ac7-446b-9aeb-b6d642d8403f,620dabc4-41a2-4db9-9f14-0b17f64361c3,left,original::lvl-8.txt,original,SKIP,False,False,False,26.911,False,1,3,2,0,0,14,0,0,0,1,0,1972.0,1972.0,[]
v_437d33e0-1d2a-43bb-b88e-7a7dfc52196c,anon_2caf6547-3ac7-446b-9aeb-b6d642d8403f,620dabc4-41a2-4db9-9f14-0b17f64361c3,right,patternCount::lvl-71.txt,patternCount,SKIP,False,False,False,2.171,False,1,0,0,0,0,1,0,0,0,1,0,118.31579919090066,118.31579919090066,[]
v_a76f6c56-aec2-4759-8255-d8fb8130ce67,anon_2caf6547-3ac7-446b-9aeb-b6d642d8403f,620dabc4-41a2-4db9-9f14-0b17f64361c3,left,mariogan::level_28.txt,mariogan,RIGHT,False,True,False,23.278,False,1,0,2,0,0,16,0,0,0,1,0,979.9064951568969,979.9064951568969,['impossible']
v_a76f6c56-aec2-4759-8255-d8fb8130ce67,anon_2caf6547-3ac7-446b-9aeb-b6d642d8403f,620dabc4-41a2-4db9-9f14-0b17f64361c3,right,patternCount::lvl-99.txt,patternCount,RIGHT,True,False,False,5.879,False,1,1,0,0,0,5,0,0,0,1,0,183.55378474869707,183.55378474869707,[]
v_d005ad7c-5295-48b5-a08e-7a246161a77b,anon_2caf6547-3ac7-446b-9aeb-b6d642d8403f,620dabc4-41a2-4db9-9f14-0b17f64361c3,left,notchParam::lvl-51.txt,notchParam,TIE,False,False,True,22.809,False,1,0,0,0,0,11,0,0,1,0,0,2596.462235601624,2596.462235601624,[]
v_d005ad7c-5295-48b5-a08e-7a246161a77b,anon_2caf6547-3ac7-446b-9aeb-b6d642d8403f,620dabc4-41a2-4db9-9f14-0b17f64361c3,right,notchParamRand::lvl-6.txt,notchParamRand,TIE,False,False,True,20.446,False,1,1,1,0,0,12,0,0,0,1,0,3054.3064321031025,3054.3064321031025,[]
v_cbe5b5dd-8846-46ee-9755-4cf342ca1fa6,anon_2caf6547-3ac7-446b-9aeb-b6d642d8403f,620dabc4-41a2-4db9-9f14-0b17f64361c3,left,original::lvl-4.txt,original,RIGHT,False,True,False,12.873,False,1,0,2,0,0,8,0,0,1,0,0,614.04243447774,614.04243447774,[]
v_cbe5b5dd-8846-46ee-9755-4cf342ca1fa6,anon_2caf6547-3ac7-446b-9aeb-b6d642d8403f,620dabc4-41a2-4db9-9f14-0b17f64361c3,right,patternOccur::lvl-27.txt,patternOccur,RIGHT,True,False,False,17.639,False,1,0,0,0,0,10,0,0,0,1,0,831.2527186130712,831.2527186130712,[]
v_ce55e102-0594-4f36-abcf-08ee36836c41,anon_2caf6547-3ac7-446b-9aeb-b6d642d8403f,620dabc4-41a2-4db9-9f14-0b17f64361c3,left,patternWeightCount::lvl-91.txt,patternWeightCount,RIGHT,False,True,False,0.707,False,1,0,0,0,0,0,0,0,0,1,0,8.0,8.0,[]
v_ce55e102-0594-4f36-abcf-08ee36836c41,anon_2caf6547-3ac7-446b-9aeb-b6d642d8403f,620dabc4-41a2-4db9-9f14-0b17f64361c3,right,patternOccur::lvl-91.txt,patternOccur,RIGHT,True,False,False,37.049,False,1,1,0,0,0,22,0,0,0,1,0,1195.0,1195.0,[]
v_c7579e3b-f232-43cb-bde5-0ededf0513f8,anon_376d7289-fc63-4549-9336-2b8703819566,99bb7e95-f23e-4102-aa5c-6a19172430ac,left,notch::lvl-4.txt,notch,LEFT,True,False,False,21.637,True,0,1,2,0,0,22,0,0,0,0,0,,,[]
v_c7579e3b-f232-43cb-bde5-0ededf0513f8,anon_376d7289-fc63-4549-9336-2b8703819566,99bb7e95-f23e-4102-aa5c-6a19172430ac,right,notchParam::lvl-43.txt,notchParam,LEFT,False,True,False,2.615,False,1,0,0,0,0,1,0,0,0,1,0,247.60717944009576,247.60717944009576,[]
v_33dbb9c6-6b6c-46c1-a8bd-b3d1bf5a15ad,anon_6169b215-ab69-49a2-a586-55c0a7f2fcf7,f9186f04-d731-46e5-90d0-b6e329a0320c,left,ore::lvl-81.txt,ore,SKIP,False,False,False,4.241,False,1,1,0,0,0,2,0,0,1,0,0,243.11886841745033,243.11886841745033,[]
v_33dbb9c6-6b6c-46c1-a8bd-b3d1bf5a15ad,anon_6169b215-ab69-49a2-a586-55c0a7f2fcf7,f9186f04-d731-46e5-90d0-b6e329a0320c,right,genetic::lvl-46.txt,genetic,SKIP,False,False,False,2.44,False,1,0,0,0,0,2,0,0,0,1,0,236.72513500832696,236.72513500832696,[]
v_990aa68e-4fad-4d9c-ba00-75fb6961b67f,anon_6169b215-ab69-49a2-a586-55c0a7f2fcf7,3e6acfda-c2ce-4cd8-a709-293fc03941cc,left,notchParamRand::lvl-7.txt,notchParamRand,SKIP,False,False,False,3.271,False,1,0,0,0,0,2,0,0,1,0,0,264.3064670191304,264.3064670191304,[]
v_990aa68e-4fad-4d9c-ba00-75fb6961b67f,anon_6169b215-ab69-49a2-a586-55c0a7f2fcf7,3e6acfda-c2ce-4cd8-a709-293fc03941cc,right,original::lvl-5.txt,original,SKIP,False,False,False,13.506,False,1,2,2,0,0,7,0,0,1,0,0,491.0,491.0,[]
v_f6ca4f8c-78ec-4e7b-942d-a73e7a414820,anon_6169b215-ab69-49a2-a586-55c0a7f2fcf7,3e6acfda-c2ce-4cd8-a709-293fc03941cc,left,notchParamRand::lvl-17.txt,notchParamRand,TIE,False,False,True,31.406,False,1,0,0,0,0,10,0,0,0,1,0,3048.159850408896,3048.159850408896,"['boring', 'too_easy']"
v_f6ca4f8c-78ec-4e7b-942d-a73e7a414820,anon_6169b215-ab69-49a2-a586-55c0a7f2fcf7,3e6acfda-c2ce-4cd8-a709-293fc03941cc,right,genetic::lvl-33.txt,genetic,TIE,False,False,True,16.84,False,1,1,0,0,0,7,0,0,0,1,0,1647.8308137025695,1647.8308137025695,[]
v_0bb256be-7099-4725-ab46-6aa802975bb7,anon_6169b215-ab69-49a2-a586-55c0a7f2fcf7,3e6acfda-c2ce-4cd8-a709-293fc03941cc,left,ore::lvl-83.txt,ore,LEFT,True,False,False,8.409,False,1,1,0,0,0,7,0,0,0,1,0,208.50441910849133,208.50441910849133,['creative']
v_0bb256be-7099-4725-ab46-6aa802975bb7,anon_6169b215-ab69-49a2-a586-55c0a7f2fcf7,3e6acfda-c2ce-4cd8-a709-293fc03941cc,right,mariogpt::level_058.txt,mariogpt,LEFT,False,True,False,1.737,False,1,0,0,0,0,0,0,0,1,0,0,8.0,8.0,[]
v_67d3b197-fe5a-490f-a074-79200e7c772d,anon_6169b215-ab69-49a2-a586-55c0a7f2fcf7,2ae8a4a6-06f7-473f-bce1-aab267474820,left,patternCount::lvl-14.txt,patternCount,SKIP,False,False,False,3.211,False,1,0,0,0,0,1,0,0,0,1,0,118.17745606862327,118.17745606862327,[]
v_67d3b197-fe5a-490f-a074-79200e7c772d,anon_6169b215-ab69-49a2-a586-55c0a7f2fcf7,2ae8a4a6-06f7-473f-bce1-aab267474820,right,notchParamRand::lvl-31.txt,notchParamRand,SKIP,False,False,False,13.736,False,1,1,2,0,1,8,0,0,1,0,0,829.0800078845011,829.0800078845011,[]
v_6b34ea3d-d796-498a-8e83-7f7e9aaaebd9,anon_6169b215-ab69-49a2-a586-55c0a7f2fcf7,2ae8a4a6-06f7-473f-bce1-aab267474820,left,genetic::lvl-100.txt,genetic,SKIP,False,False,False,26.604,False,1,0,0,0,0,1,0,0,1,0,0,36.11522662307085,36.11522662307085,[]
v_6b34ea3d-d796-498a-8e83-7f7e9aaaebd9,anon_6169b215-ab69-49a2-a586-55c0a7f2fcf7,2ae8a4a6-06f7-473f-bce1-aab267474820,right,ore::lvl-14.txt,ore,SKIP,False,False,False,2.177,False,1,0,0,0,0,0,0,0,0,1,0,139.4730528736979,139.4730528736979,[]
v_f55210e5-b087-4543-811b-19ef91964c27,anon_6169b215-ab69-49a2-a586-55c0a7f2fcf7,2ae8a4a6-06f7-473f-bce1-aab267474820,left,marioDiffusion::level_18.txt,marioDiffusion,TIE,False,False,True,0.711,False,1,0,0,0,0,0,0,0,0,1,0,8.0,8.0,['impossible']
v_f55210e5-b087-4543-811b-19ef91964c27,anon_6169b215-ab69-49a2-a586-55c0a7f2fcf7,2ae8a4a6-06f7-473f-bce1-aab267474820,right,hopper::lvl-21.txt,hopper,TIE,False,False,True,15.136,False,1,0,0,0,0,3,0,0,0,1,0,476.73400000000004,476.73400000000004,['impossible']
v_468b019c-2439-43b3-8e7b-768b06641211,anon_6169b215-ab69-49a2-a586-55c0a7f2fcf7,2ae8a4a6-06f7-473f-bce1-aab267474820,left,genetic::lvl-82.txt,genetic,SKIP,False,False,False,21.606,False,1,0,0,0,0,10,0,0,1,0,0,1472.9028205266723,1472.9028205266723,[]
v_468b019c-2439-43b3-8e7b-768b06641211,anon_6169b215-ab69-49a2-a586-55c0a7f2fcf7,2ae8a4a6-06f7-473f-bce1-aab267474820,right,patternCount::lvl-88.txt,patternCount,SKIP,False,False,False,0.605,False,1,0,0,0,0,0,0,0,0,1,0,27.0,27.0,[]
v_d0813a8b-e46d-4b7a-b4df-3ed18b9acf90,anon_6169b215-ab69-49a2-a586-55c0a7f2fcf7,2ae8a4a6-06f7-473f-bce1-aab267474820,left,mariogpt::level_002.txt,mariogpt,RIGHT,False,True,False,0.805,False,1,0,0,0,0,0,0,0,1,0,0,8.0,8.0,[]
v_d0813a8b-e46d-4b7a-b4df-3ed18b9acf90,anon_6169b215-ab69-49a2-a586-55c0a7f2fcf7,2ae8a4a6-06f7-473f-bce1-aab267474820,right,notch::lvl-80.txt,notch,RIGHT,True,False,False,19.302,False,1,0,0,0,0,11,0,0,0,1,0,1282.7487162238551,1282.7487162238551,[]
v_7133c150-df9c-4376-8755-43352f4abf86,anon_376d7289-fc63-4549-9336-2b8703819566,69faf275-3922-4a9e-aa18-42f5555067d9,left,notchParam::lvl-39.txt,notchParam,RIGHT,False,True,False,6.069,False,1,0,0,0,0,4,0,0,0,1,0,1176.3635976481498,1176.3635976481498,['boring']
v_7133c150-df9c-4376-8755-43352f4abf86,anon_376d7289-fc63-4549-9336-2b8703819566,69faf275-3922-4a9e-aa18-42f5555067d9,right,mariogan::level_96.txt,mariogan,RIGHT,True,False,False,24.783,False,1,0,0,0,0,24,0,0,1,0,0,2242.0782746089967,2242.0782746089967,['broken_graphics']
v_f86936ad-1915-4688-9e9d-c9850f172b07,anon_376d7289-fc63-4549-9336-2b8703819566,69faf275-3922-4a9e-aa18-42f5555067d9,left,notch::lvl-72.txt,notch,LEFT,True,False,False,3.97,False,1,0,0,0,0,3,0,0,0,1,0,809.2790452426349,809.2790452426349,[]
v_f86936ad-1915-4688-9e9d-c9850f172b07,anon_376d7289-fc63-4549-9336-2b8703819566,69faf275-3922-4a9e-aa18-42f5555067d9,right,notchParamRand::lvl-48.txt,notchParamRand,LEFT,False,True,False,1.548,False,1,0,0,0,0,1,0,0,1,0,0,313.7927317681458,313.7927317681458,[]
v_ad93a9d0-e5f2-4637-a3b4-67b5334d3bf7,anon_376d7289-fc63-4549-9336-2b8703819566,abae9017-073d-4832-b656-7cbd2d396189,left,mariogpt::level_086.txt,mariogpt,RIGHT,False,True,False,40.842,False,1,3,2,0,0,37,0,0,1,0,0,1821.6364023518502,1821.6364023518502,['impossible']
v_ad93a9d0-e5f2-4637-a3b4-67b5334d3bf7,anon_376d7289-fc63-4549-9336-2b8703819566,abae9017-073d-4832-b656-7cbd2d396189,right,notch::lvl-44.txt,notch,RIGHT,True,False,False,2.345,False,1,0,0,0,0,1,0,0,0,1,0,363.8372792072788,363.8372792072788,[]
v_c85568e1-c2cc-483c-8cca-7a275d45112b,anon_376d7289-fc63-4549-9336-2b8703819566,791c32d8-445f-488c-af60-bd5c8f917d64,left,notch::lvl-23.txt,notch,LEFT,True,False,False,14.303,False,1,0,0,0,0,18,0,0,1,0,0,1899.2453117383345,1899.2453117383345,[]
v_c85568e1-c2cc-483c-8cca-7a275d45112b,anon_376d7289-fc63-4549-9336-2b8703819566,791c32d8-445f-488c-af60-bd5c8f917d64,right,patternCount::lvl-25.txt,patternCount,LEFT,False,True,False,0.0,False,0,0,0,0,0,0,0,0,0,0,0,,,"['boring', 'impossible']"
v_7c51a365-0b37-4eda-b81e-9d4bbfe09065,anon_376d7289-fc63-4549-9336-2b8703819566,d9668a61-1eea-40af-ab28-d5383b34f662,left,genetic::lvl-78.txt,genetic,RIGHT,False,True,False,4.577,False,1,0,0,0,0,2,0,0,1,0,0,609.5805264975891,609.5805264975891,[]
v_7c51a365-0b37-4eda-b81e-9d4bbfe09065,anon_376d7289-fc63-4549-9336-2b8703819566,d9668a61-1eea-40af-ab28-d5383b34f662,right,marioDiffusion::level_24.txt,marioDiffusion,RIGHT,True,False,False,34.883,True,0,10,2,0,0,41,0,0,0,0,0,,,[]
v_f2e62fd1-904f-46ba-b618-c5e8a5b9e5f9,anon_376d7289-fc63-4549-9336-2b8703819566,99c84b16-2b03-4652-a6fe-afcf268da133,left,notchParamRand::lvl-38.txt,notchParamRand,RIGHT,False,True,False,8.546,False,1,0,0,0,0,9,0,0,0,1,0,1850.64966975999,1850.64966975999,[]
v_f2e62fd1-904f-46ba-b618-c5e8a5b9e5f9,anon_376d7289-fc63-4549-9336-2b8703819566,99c84b16-2b03-4652-a6fe-afcf268da133,right,marioDiffusion::level_9.txt,marioDiffusion,RIGHT,True,False,False,10.749,False,1,1,1,0,0,8,0,0,1,0,0,896.98476240089,896.98476240089,[]
v_6fb9da27-fbec-41f3-a2dc-e31a64eae39c,anon_376d7289-fc63-4549-9336-2b8703819566,7861e406-ac01-476d-8dce-29215bdaac88,left,mariogpt::level_059.txt,mariogpt,LEFT,True,False,False,62.313,False,1,25,6,0,0,66,0,0,0,1,0,2291.6643857308595,2291.6643857308595,[]
v_6fb9da27-fbec-41f3-a2dc-e31a64eae39c,anon_376d7289-fc63-4549-9336-2b8703819566,7861e406-ac01-476d-8dce-29215bdaac88,right,patternCount::lvl-23.txt,patternCount,LEFT,False,True,False,3.149,False,1,0,0,0,0,2,0,0,0,1,0,136.15719423626172,136.15719423626172,[]
v_afc8b257-2fb7-4d22-81c7-612f1a5cefbf,anon_376d7289-fc63-4549-9336-2b8703819566,7861e406-ac01-476d-8dce-29215bdaac88,left,marioDiffusion::level_36.txt,marioDiffusion,LEFT,True,False,False,35.318,False,1,0,0,0,0,38,0,0,0,1,0,3003.0,3003.0,"['creative', 'fun']"
v_afc8b257-2fb7-4d22-81c7-612f1a5cefbf,anon_376d7289-fc63-4549-9336-2b8703819566,7861e406-ac01-476d-8dce-29215bdaac88,right,notchParamRand::lvl-20.txt,notchParamRand,LEFT,False,True,False,5.817,False,1,0,1,0,0,3,0,0,1,0,0,714.6025958118624,714.6025958118624,[]
v_5fe9667a-4e57-4b99-b57b-87225c7d619d,anon_376d7289-fc63-4549-9336-2b8703819566,6892f78e-a32f-4ee6-9bf6-f0b47f4b9e22,left,hopper::lvl-1.txt,hopper,LEFT,True,False,False,15.546,False,1,0,2,0,2,18,0,0,1,0,0,2868.0099888133923,2868.0099888133923,[]
v_5fe9667a-4e57-4b99-b57b-87225c7d619d,anon_376d7289-fc63-4549-9336-2b8703819566,6892f78e-a32f-4ee6-9bf6-f0b47f4b9e22,right,patternOccur::lvl-26.txt,patternOccur,LEFT,False,True,False,11.48,False,1,1,0,0,0,9,0,0,0,1,0,775.4528341012676,775.4528341012676,[]
v_6eab2d04-1655-4e50-9200-612c6ef07f4d,anon_376d7289-fc63-4549-9336-2b8703819566,c2844606-b2d9-4ed0-88f6-a697147665ea,left,mariogpt::level_056.txt,mariogpt,LEFT,True,False,False,5.875,False,1,0,0,0,0,1,0,0,0,1,0,348.57331333150705,348.57331333150705,[]
v_6eab2d04-1655-4e50-9200-612c6ef07f4d,anon_376d7289-fc63-4549-9336-2b8703819566,c2844606-b2d9-4ed0-88f6-a697147665ea,right,hopper::lvl-31.txt,hopper,LEFT,False,True,False,1.347,False,1,0,0,0,0,0,0,0,0,1,0,155.78229753837843,155.78229753837843,[]
v_064fea11-375a-485a-a45d-0202493e6371,anon_376d7289-fc63-4549-9336-2b8703819566,c2844606-b2d9-4ed0-88f6-a697147665ea,left,patternCount::lvl-96.txt,patternCount,RIGHT,False,True,False,80.509,True,0,0,0,0,0,83,0,0,0,0,0,,,['too_hard']
v_064fea11-375a-485a-a45d-0202493e6371,anon_376d7289-fc63-4549-9336-2b8703819566,c2844606-b2d9-4ed0-88f6-a697147665ea,right,mariogan::level_73.txt,mariogan,RIGHT,True,False,False,3.415,False,1,0,1,0,0,1,0,0,1,0,0,8.0,8.0,[]
v_5e84546e-94e4-44b2-8885-c2eaa3e0ff6c,anon_376d7289-fc63-4549-9336-2b8703819566,c2844606-b2d9-4ed0-88f6-a697147665ea,left,mariogan::level_64.txt,mariogan,RIGHT,False,True,False,2.948,False,1,0,0,0,0,2,0,0,0,1,0,585.2121087998411,585.2121087998411,['impossible']
v_5e84546e-94e4-44b2-8885-c2eaa3e0ff6c,anon_376d7289-fc63-4549-9336-2b8703819566,c2844606-b2d9-4ed0-88f6-a697147665ea,right,ore::lvl-40.txt,ore,RIGHT,True,False,False,9.415,False,1,0,0,0,0,7,0,0,0,1,0,888.302132548457,888.302132548457,[]
v_da509e8f-623a-40f4-b7c2-76d66c7b07e2,anon_376d7289-fc63-4549-9336-2b8703819566,e64c7f3e-9019-4a59-a4b6-f3cde218bb3b,left,notchParam::lvl-42.txt,notchParam,LEFT,True,False,False,2.117,False,1,0,0,0,0,1,0,0,1,0,0,432.83188624840795,432.83188624840795,['boring']
v_da509e8f-623a-40f4-b7c2-76d66c7b07e2,anon_376d7289-fc63-4549-9336-2b8703819566,e64c7f3e-9019-4a59-a4b6-f3cde218bb3b,right,patternOccur::lvl-49.txt,patternOccur,LEFT,False,True,False,0.0,False,0,0,0,0,0,0,0,0,0,0,0,,,"['boring', 'impossible']"
v_6fcc7058-b57e-434f-b1f1-168c1d95eda1,anon_376d7289-fc63-4549-9336-2b8703819566,e64c7f3e-9019-4a59-a4b6-f3cde218bb3b,left,mariogpt::level_011.txt,mariogpt,LEFT,True,False,False,17.97,False,1,5,4,0,0,9,0,0,0,1,0,786.8,786.8,[]
v_6fcc7058-b57e-434f-b1f1-168c1d95eda1,anon_376d7289-fc63-4549-9336-2b8703819566,e64c7f3e-9019-4a59-a4b6-f3cde218bb3b,right,notchParamRand::lvl-9.txt,notchParamRand,LEFT,False,True,False,7.316,False,1,0,0,0,0,7,0,0,0,1,0,1573.9032979671917,1573.9032979671917,[]
v_f3feb227-4e75-4adf-8a68-97d0a896e896,anon_376d7289-fc63-4549-9336-2b8703819566,084cf4b9-801d-46b5-8a64-0923aa220d7b,left,patternOccur::lvl-46.txt,patternOccur,RIGHT,False,True,False,9.218,False,1,2,0,0,0,9,0,0,0,1,0,430.46799999999996,430.46799999999996,[]
v_f3feb227-4e75-4adf-8a68-97d0a896e896,anon_376d7289-fc63-4549-9336-2b8703819566,084cf4b9-801d-46b5-8a64-0923aa220d7b,right,mariogpt::level_099.txt,mariogpt,RIGHT,True,False,False,30.112,False,1,0,0,0,0,24,0,0,0,1,0,953.0735894647751,953.0735894647751,['impossible']
v_802796ea-1915-497c-82a1-379b2eaf9426,anon_376d7289-fc63-4549-9336-2b8703819566,084cf4b9-801d-46b5-8a64-0923aa220d7b,left,notch::lvl-51.txt,notch,RIGHT,False,True,False,6.305,False,1,0,1,0,0,5,0,0,1,0,0,747.0,747.0,[]
v_802796ea-1915-497c-82a1-379b2eaf9426,anon_376d7289-fc63-4549-9336-2b8703819566,084cf4b9-801d-46b5-8a64-0923aa220d7b,right,mariogan::level_2.txt,mariogan,RIGHT,True,False,False,16.348,True,0,0,1,0,0,18,0,0,0,0,0,,,['broken_graphics']
v_55e3b045-cb6d-4de8-aad7-47b566b774c9,anon_376d7289-fc63-4549-9336-2b8703819566,1b6f1b8a-398f-4ab9-b128-4902c61bfddb,left,patternWeightCount::lvl-43.txt,patternWeightCount,RIGHT,False,True,False,0.703,False,1,0,0,0,0,0,0,0,0,1,0,8.0,8.0,[]
v_55e3b045-cb6d-4de8-aad7-47b566b774c9,anon_376d7289-fc63-4549-9336-2b8703819566,1b6f1b8a-398f-4ab9-b128-4902c61bfddb,right,notchParamRand::lvl-3.txt,notchParamRand,RIGHT,True,False,False,10.749,False,1,0,0,0,0,13,0,0,0,1,0,1878.1899523182599,1878.1899523182599,[]
v_f5b96f51-8360-42ca-aa5f-c2dc3b9f73dc,anon_376d7289-fc63-4549-9336-2b8703819566,1b6f1b8a-398f-4ab9-b128-4902c61bfddb,left,patternWeightCount::lvl-79.txt,patternWeightCount,LEFT,True,False,False,26.785,False,1,2,0,0,0,26,0,0,0,1,0,1381.1443363254787,1381.1443363254787,[]
v_f5b96f51-8360-42ca-aa5f-c2dc3b9f73dc,anon_376d7289-fc63-4549-9336-2b8703819566,1b6f1b8a-398f-4ab9-b128-4902c61bfddb,right,patternCount::lvl-35.txt,patternCount,LEFT,False,True,False,0.714,False,1,0,0,0,0,0,0,0,0,1,0,18.7510028,18.7510028,['too_hard']
v_0cc7a6ba-44f2-4d4d-b2f6-aa68fcd5cf03,anon_376d7289-fc63-4549-9336-2b8703819566,74834f7b-1f1d-4761-8d75-c6ada4f3cff7,left,original::lvl-2.txt,original,LEFT,True,False,False,22.445,False,1,5,6,0,3,12,0,0,1,0,0,1177.672279121347,1177.672279121347,[]
v_0cc7a6ba-44f2-4d4d-b2f6-aa68fcd5cf03,anon_376d7289-fc63-4549-9336-2b8703819566,74834f7b-1f1d-4761-8d75-c6ada4f3cff7,right,patternCount::lvl-93.txt,patternCount,LEFT,False,True,False,0.712,False,1,0,0,0,0,0,0,0,0,1,0,8.0,8.0,[]
v_f344bd61-f887-4a06-af76-55edfa667037,anon_376d7289-fc63-4549-9336-2b8703819566,74834f7b-1f1d-4761-8d75-c6ada4f3cff7,left,notch::lvl-26.txt,notch,LEFT,True,False,False,20.945,True,0,0,0,0,0,19,0,0,0,0,0,,,[]
v_f344bd61-f887-4a06-af76-55edfa667037,anon_376d7289-fc63-4549-9336-2b8703819566,74834f7b-1f1d-4761-8d75-c6ada4f3cff7,right,hopper::lvl-20.txt,hopper,LEFT,False,True,False,3.617,False,1,0,1,0,0,3,0,0,0,1,0,901.5561787328406,901.5561787328406,[]
v_fb9d79c2-d2f0-4cdf-968e-03dce761cc11,anon_376d7289-fc63-4549-9336-2b8703819566,4f517ab4-3087-4cfe-a91f-9ab6468175cf,left,mariogan::level_59.txt,mariogan,LEFT,True,False,False,5.274,False,1,0,0,0,0,4,0,0,1,0,0,544.05586931788,544.05586931788,[]
v_fb9d79c2-d2f0-4cdf-968e-03dce761cc11,anon_376d7289-fc63-4549-9336-2b8703819566,4f517ab4-3087-4cfe-a91f-9ab6468175cf,right,notch::lvl-95.txt,notch,LEFT,False,True,False,2.716,False,1,0,0,0,0,3,0,0,0,1,0,525.0777043098195,525.0777043098195,[]
v_d3d27497-b905-4f7e-bc87-dae602156aad,anon_376d7289-fc63-4549-9336-2b8703819566,4f517ab4-3087-4cfe-a91f-9ab6468175cf,left,marioDiffusion::level_25.txt,marioDiffusion,LEFT,True,False,False,36.247,True,0,3,0,0,0,35,0,0,0,0,0,,,['fun']
v_d3d27497-b905-4f7e-bc87-dae602156aad,anon_376d7289-fc63-4549-9336-2b8703819566,4f517ab4-3087-4cfe-a91f-9ab6468175cf,right,ore::lvl-36.txt,ore,LEFT,False,True,False,7.016,False,1,0,0,0,0,5,0,0,1,0,0,496.0889246279434,496.0889246279434,[]
v_44119d65-c977-4384-b5bd-d1134f507c8d,anon_376d7289-fc63-4549-9336-2b8703819566,f03e2fff-0153-4aed-b535-e788fe1edac7,left,marioDiffusion::level_83.txt,marioDiffusion,LEFT,True,False,False,13.214,False,1,0,0,0,0,13,0,0,0,1,0,1388.2,1388.2,[]
v_44119d65-c977-4384-b5bd-d1134f507c8d,anon_376d7289-fc63-4549-9336-2b8703819566,f03e2fff-0153-4aed-b535-e788fe1edac7,right,patternWeightCount::lvl-51.txt,patternWeightCount,LEFT,False,True,False,8.549,False,1,0,0,0,0,10,0,0,0,1,0,554.8624941751234,554.8624941751234,[]
v_91d2ada5-b915-49e0-98e2-5396e5630789,anon_376d7289-fc63-4549-9336-2b8703819566,f03e2fff-0153-4aed-b535-e788fe1edac7,left,patternCount::lvl-40.txt,patternCount,RIGHT,False,True,False,0.706,False,1,0,0,0,0,0,0,0,0,1,0,8.0,8.0,['too_hard']
v_91d2ada5-b915-49e0-98e2-5396e5630789,anon_376d7289-fc63-4549-9336-2b8703819566,f03e2fff-0153-4aed-b535-e788fe1edac7,right,marioDiffusion::level_71.txt,marioDiffusion,RIGHT,True,False,False,35.05,False,1,0,0,0,0,39,0,0,0,1,0,3223.4708042914936,3223.4708042914936,['impossible']
v_47079b65-d3a8-4c73-9325-7be44ba6fbcb,anon_376d7289-fc63-4549-9336-2b8703819566,f03e2fff-0153-4aed-b535-e788fe1edac7,left,mariogpt::level_004.txt,mariogpt,RIGHT,False,True,False,5.772,False,1,0,0,0,0,2,0,0,0,1,0,92.2,92.2,['impossible']
v_47079b65-d3a8-4c73-9325-7be44ba6fbcb,anon_376d7289-fc63-4549-9336-2b8703819566,f03e2fff-0153-4aed-b535-e788fe1edac7,right,mariogan::level_6.txt,mariogan,RIGHT,True,False,False,4.483,False,1,0,2,0,0,2,0,0,1,0,0,581.7510028,581.7510028,[]
v_a597ef3b-dc0f-47fe-b81d-4e55571709e6,anon_376d7289-fc63-4549-9336-2b8703819566,a3fd2860-ad49-4f41-9acc-99b0c5435e1a,left,original::lvl-11.txt,original,LEFT,True,False,False,15.776,False,1,6,0,0,0,16,0,0,1,0,0,1241.8,1241.8,[]
v_a597ef3b-dc0f-47fe-b81d-4e55571709e6,anon_376d7289-fc63-4549-9336-2b8703819566,a3fd2860-ad49-4f41-9acc-99b0c5435e1a,right,ore::lvl-32.txt,ore,LEFT,False,True,False,6.083,False,1,0,0,0,0,5,0,0,0,1,0,409.6540662071041,409.6540662071041,[]
v_4bd7e660-a2a7-4242-918a-dbfe0f678c3e,anon_376d7289-fc63-4549-9336-2b8703819566,e878531b-1779-4686-aa03-877be0e5c087,left,mariogan::level_9.txt,mariogan,LEFT,True,False,False,4.782,False,1,0,0,0,0,4,0,0,1,0,0,656.6814243481114,656.6814243481114,[]
v_4bd7e660-a2a7-4242-918a-dbfe0f678c3e,anon_376d7289-fc63-4549-9336-2b8703819566,e878531b-1779-4686-aa03-877be0e5c087,right,patternWeightCount::lvl-86.txt,patternWeightCount,LEFT,False,True,False,18.679,False,1,0,0,0,0,18,0,0,0,1,0,1332.7673255457764,1332.7673255457764,[]
v_d81d75a0-ab2d-4246-9532-fee539fe0786,anon_376d7289-fc63-4549-9336-2b8703819566,e878531b-1779-4686-aa03-877be0e5c087,left,mariogan::level_77.txt,mariogan,RIGHT,False,True,False,0.681,False,1,0,0,0,0,0,0,0,1,0,0,8.0,8.0,[]
v_d81d75a0-ab2d-4246-9532-fee539fe0786,anon_376d7289-fc63-4549-9336-2b8703819566,e878531b-1779-4686-aa03-877be0e5c087,right,mariogpt::level_085.txt,mariogpt,RIGHT,True,False,False,0.382,False,1,0,0,0,0,1,0,0,1,0,0,8.0,8.0,[]
v_776a37d5-1243-4217-a218-37e0cdfe8db7,anon_376d7289-fc63-4549-9336-2b8703819566,e878531b-1779-4686-aa03-877be0e5c087,left,patternOccur::lvl-93.txt,patternOccur,LEFT,True,False,False,8.171,False,1,0,0,0,0,7,0,0,0,1,0,421.45840541266165,421.45840541266165,[]
v_776a37d5-1243-4217-a218-37e0cdfe8db7,anon_376d7289-fc63-4549-9336-2b8703819566,e878531b-1779-4686-aa03-877be0e5c087,right,notchParamRand::lvl-72.txt,notchParamRand,LEFT,False,True,False,9.516,False,1,0,0,0,0,10,0,0,1,0,0,1492.8274638968285,1492.8274638968285,[]
v_d05bac4a-c275-42b3-b98b-3a49fb83a9a8,anon_376d7289-fc63-4549-9336-2b8703819566,e878531b-1779-4686-aa03-877be0e5c087,left,notchParam::lvl-15.txt,notchParam,RIGHT,False,True,False,6.714,False,1,0,0,0,0,4,0,0,1,0,0,1026.1059149372466,1026.1059149372466,[]
v_d05bac4a-c275-42b3-b98b-3a49fb83a9a8,anon_376d7289-fc63-4549-9336-2b8703819566,e878531b-1779-4686-aa03-877be0e5c087,right,notch::lvl-35.txt,notch,RIGHT,True,False,False,4.247,False,1,0,0,0,0,5,0,0,1,0,0,792.076865944894,792.076865944894,[]
v_af731685-9c91-460f-afe0-5d31c8f82dc7,anon_5729a91e-c793-4ca7-a166-ced172b3e1fc,0853d48c-7f72-4463-9798-ca3c4e1cd90e,left,marioDiffusion::level_67.txt,marioDiffusion,LEFT,True,False,False,13.476,False,1,0,0,0,0,16,0,0,1,0,0,1368.6330872590497,1368.6330872590497,['creative']
v_af731685-9c91-460f-afe0-5d31c8f82dc7,anon_5729a91e-c793-4ca7-a166-ced172b3e1fc,0853d48c-7f72-4463-9798-ca3c4e1cd90e,right,patternCount::lvl-53.txt,patternCount,LEFT,False,True,False,1.381,False,1,0,0,0,0,1,0,0,0,1,0,126.93360190685317,126.93360190685317,['too_hard']
v_027ceb2c-9133-48df-9ef5-43476e2ecf76,anon_5729a91e-c793-4ca7-a166-ced172b3e1fc,3925cd3e-2fe4-4c92-a6ef-6cf57d8deeb6,left,notch::lvl-14.txt,notch,LEFT,True,False,False,2.416,False,1,0,0,0,0,1,0,0,0,1,0,326.843223989297,326.843223989297,['creative']
v_027ceb2c-9133-48df-9ef5-43476e2ecf76,anon_5729a91e-c793-4ca7-a166-ced172b3e1fc,3925cd3e-2fe4-4c92-a6ef-6cf57d8deeb6,right,genetic::lvl-96.txt,genetic,LEFT,False,True,False,4.014,False,1,0,0,0,0,0,0,0,1,0,0,44.61641832335564,44.61641832335564,['too_hard']
v_46234e78-84a9-4f48-b39f-16869cc28eb4,anon_376d7289-fc63-4549-9336-2b8703819566,9ba1c81b-8685-443d-9492-1a985de644a6,left,test-gen::lvl-024.txt,test-gen,LEFT,True,False,False,3.478,False,1,6,0,0,0,2,0,0,0,1,0,116.0,116.0,[]
v_46234e78-84a9-4f48-b39f-16869cc28eb4,anon_376d7289-fc63-4549-9336-2b8703819566,9ba1c81b-8685-443d-9492-1a985de644a6,right,mariogan::level_55.txt,mariogan,LEFT,False,True,False,0.646,False,1,0,0,0,0,0,0,0,0,1,0,9.2,9.2,[]
v_567218ef-e19a-4cf9-90ad-16fa51e3bb32,anon_5729a91e-c793-4ca7-a166-ced172b3e1fc,23800d6b-e124-43d1-9df3-37560d63dfba,left,genetic::lvl-19.txt,genetic,LEFT,True,False,False,3.978,False,1,0,0,0,0,2,0,0,0,1,0,699.4451033890662,699.4451033890662,['fun']
v_567218ef-e19a-4cf9-90ad-16fa51e3bb32,anon_5729a91e-c793-4ca7-a166-ced172b3e1fc,23800d6b-e124-43d1-9df3-37560d63dfba,right,patternWeightCount::lvl-76.txt,patternWeightCount,LEFT,False,True,False,4.608,False,1,0,0,0,0,5,0,0,0,1,0,497.68652,497.68652,[]
v_5f39e26b-33af-4f04-828a-4830f99d03a3,anon_76ea3efa-14a6-4d8a-8824-adf702349ea1,f97fe8c7-88c0-4d09-a4f1-599d314c544b,left,hopper::lvl-59.txt,hopper,RIGHT,False,True,False,3.845,False,1,0,0,0,0,3,0,0,0,1,0,804.9654469925096,804.9654469925096,['boring']
v_5f39e26b-33af-4f04-828a-4830f99d03a3,anon_76ea3efa-14a6-4d8a-8824-adf702349ea1,f97fe8c7-88c0-4d09-a4f1-599d314c544b,right,notchParam::lvl-2.txt,notchParam,RIGHT,True,False,False,2.082,False,1,0,0,0,0,1,0,0,1,0,0,295.43685292188087,295.43685292188087,[]
v_0f6758cd-e60a-4ed5-9610-07ff68533581,anon_76ea3efa-14a6-4d8a-8824-adf702349ea1,5dd1974b-23cc-4260-9b7e-89b85f984d20,left,marioDiffusion::level_69.txt,marioDiffusion,RIGHT,False,True,False,0.703,False,1,0,0,0,0,0,0,0,0,1,0,8.0,8.0,[]
v_0f6758cd-e60a-4ed5-9610-07ff68533581,anon_76ea3efa-14a6-4d8a-8824-adf702349ea1,5dd1974b-23cc-4260-9b7e-89b85f984d20,right,mariogan::level_53.txt,mariogan,RIGHT,True,False,False,0.0,False,0,0,0,0,0,0,0,0,0,0,0,,,[]
v_810460e4-b284-4d17-aab2-e5322f929713,anon_76ea3efa-14a6-4d8a-8824-adf702349ea1,5dd1974b-23cc-4260-9b7e-89b85f984d20,left,patternOccur::lvl-54.txt,patternOccur,RIGHT,False,True,False,0.708,False,1,0,0,0,0,0,0,0,0,1,0,8.0,8.0,[]
v_810460e4-b284-4d17-aab2-e5322f929713,anon_76ea3efa-14a6-4d8a-8824-adf702349ea1,5dd1974b-23cc-4260-9b7e-89b85f984d20,right,ore::lvl-65.txt,ore,RIGHT,True,False,False,0.0,False,0,0,0,0,0,0,0,0,0,0,0,,,[]
v_f3dbcd22-1430-4135-b46b-c832c90e35cc,anon_76ea3efa-14a6-4d8a-8824-adf702349ea1,7c6e9d94-e2dc-4048-96d3-b4ed71d49821,left,mariogan::level_21.txt,mariogan,LEFT,True,False,False,7.012,False,1,0,0,0,0,6,0,0,0,1,0,1132.2,1132.2,[]
v_f3dbcd22-1430-4135-b46b-c832c90e35cc,anon_76ea3efa-14a6-4d8a-8824-adf702349ea1,7c6e9d94-e2dc-4048-96d3-b4ed71d49821,right,patternCount::lvl-55.txt,patternCount,LEFT,False,True,False,1.483,False,1,0,0,0,0,0,0,0,0,1,0,156.46438240267236,156.46438240267236,[]
v_59cb0787-375d-4e60-a091-9c2a348d6221,anon_76ea3efa-14a6-4d8a-8824-adf702349ea1,884e40a3-6355-47a3-9f15-22dd6ac26668,left,mariogpt::level_047.txt,mariogpt,LEFT,True,False,False,5.311,False,1,0,0,0,0,2,0,0,1,0,0,292.2138075807366,292.2138075807366,[]
v_59cb0787-375d-4e60-a091-9c2a348d6221,anon_76ea3efa-14a6-4d8a-8824-adf702349ea1,884e40a3-6355-47a3-9f15-22dd6ac26668,right,hopper::lvl-12.txt,hopper,LEFT,False,True,False,3.302,False,1,0,0,0,0,2,0,0,1,0,0,541.6688033561409,541.6688033561409,[]
v_9134d2c7-ba92-4660-99e0-4282bdbfe34c,anon_76ea3efa-14a6-4d8a-8824-adf702349ea1,884e40a3-6355-47a3-9f15-22dd6ac26668,left,genetic::lvl-74.txt,genetic,LEFT,True,False,False,2.545,False,1,0,0,0,0,2,0,0,0,1,0,476.33074031482187,476.33074031482187,[]
v_9134d2c7-ba92-4660-99e0-4282bdbfe34c,anon_76ea3efa-14a6-4d8a-8824-adf702349ea1,884e40a3-6355-47a3-9f15-22dd6ac26668,right,mariogpt::level_044.txt,mariogpt,LEFT,False,True,False,0.0,False,0,0,0,0,0,0,0,0,0,0,0,,,['impossible']
v_513e67d4-4f1b-4e34-9a82-34fd93652d16,anon_76ea3efa-14a6-4d8a-8824-adf702349ea1,884e40a3-6355-47a3-9f15-22dd6ac26668,left,marioDiffusion::level_88.txt,marioDiffusion,LEFT,True,False,False,5.708,False,1,0,0,0,0,6,0,0,0,1,0,699.0,699.0,[]
v_513e67d4-4f1b-4e34-9a82-34fd93652d16,anon_76ea3efa-14a6-4d8a-8824-adf702349ea1,884e40a3-6355-47a3-9f15-22dd6ac26668,right,genetic::lvl-67.txt,genetic,LEFT,False,True,False,4.082,False,1,0,0,0,0,4,0,0,0,1,0,1097.9176573021318,1097.9176573021318,[]
v_035fab22-52aa-462d-90c4-0306fecdddfb,anon_76ea3efa-14a6-4d8a-8824-adf702349ea1,884e40a3-6355-47a3-9f15-22dd6ac26668,left,mariogpt::level_085.txt,mariogpt,LEFT,True,False,False,0.442,False,1,0,0,0,0,0,0,0,1,0,0,8.0,8.0,"['creative', 'too_hard']"
v_035fab22-52aa-462d-90c4-0306fecdddfb,anon_76ea3efa-14a6-4d8a-8824-adf702349ea1,884e40a3-6355-47a3-9f15-22dd6ac26668,right,ore::lvl-40.txt,ore,LEFT,False,True,False,9.706,False,1,0,0,0,0,10,0,0,0,1,0,895.4263143192171,895.4263143192171,[]
v_1006af5e-67b2-4735-8416-079ee69b6a1f,anon_76ea3efa-14a6-4d8a-8824-adf702349ea1,65ac0668-b38e-4688-ac11-0dc6473cbf79,left,patternWeightCount::lvl-68.txt,patternWeightCount,RIGHT,False,True,False,24.874,False,1,1,0,0,0,23,0,0,0,1,0,1899.0,1899.0,[]
v_1006af5e-67b2-4735-8416-079ee69b6a1f,anon_76ea3efa-14a6-4d8a-8824-adf702349ea1,65ac0668-b38e-4688-ac11-0dc6473cbf79,right,original::lvl-14.txt,original,RIGHT,True,False,False,11.375,False,1,0,2,0,0,8,0,0,1,0,0,636.63970226994,636.63970226994,[]
v_6874c909-5df8-407f-a010-4b4b5b758416,anon_76ea3efa-14a6-4d8a-8824-adf702349ea1,65ac0668-b38e-4688-ac11-0dc6473cbf79,left,patternCount::lvl-68.txt,patternCount,LEFT,True,False,False,20.037,False,1,0,0,0,0,16,0,0,0,1,0,850.7786621401157,850.7786621401157,['too_hard']
v_6874c909-5df8-407f-a010-4b4b5b758416,anon_76ea3efa-14a6-4d8a-8824-adf702349ea1,65ac0668-b38e-4688-ac11-0dc6473cbf79,right,marioDiffusion::level_77.txt,marioDiffusion,LEFT,False,True,False,0.716,False,1,0,0,0,0,0,0,0,0,1,0,8.0,8.0,['impossible']
v_0d710789-0398-4691-9768-2c717f0bf34a,anon_376d7289-fc63-4549-9336-2b8703819566,4fdbea3b-0e37-4683-b89c-cc5872117158,left,patternOccur::lvl-86.txt,patternOccur,RIGHT,False,True,False,7.381,False,1,0,0,0,0,7,0,0,0,1,0,457.26483663533406,457.26483663533406,[]
v_0d710789-0398-4691-9768-2c717f0bf34a,anon_376d7289-fc63-4549-9336-2b8703819566,4fdbea3b-0e37-4683-b89c-cc5872117158,right,notch::lvl-12.txt,notch,RIGHT,True,False,False,2.05,False,1,0,1,0,0,1,0,0,0,1,0,396.94610175967426,396.94610175967426,[]
v_e9350920-f8a0-41a4-9151-f45bba39a957,anon_376d7289-fc63-4549-9336-2b8703819566,4fdbea3b-0e37-4683-b89c-cc5872117158,left,mariogpt::level_030.txt,mariogpt,LEFT,True,False,False,3.773,False,1,0,1,0,0,3,0,0,1,0,0,379.07480157109484,379.07480157109484,['creative']
v_e9350920-f8a0-41a4-9151-f45bba39a957,anon_376d7289-fc63-4549-9336-2b8703819566,4fdbea3b-0e37-4683-b89c-cc5872117158,right,hopper::lvl-73.txt,hopper,LEFT,False,True,False,5.685,False,1,0,0,0,0,6,0,0,1,0,0,1261.6412569973052,1261.6412569973052,[]
v_8c8e88d0-4b99-4d56-a5ec-5c27cd374670,anon_376d7289-fc63-4549-9336-2b8703819566,4fdbea3b-0e37-4683-b89c-cc5872117158,left,notchParamRand::lvl-88.txt,notchParamRand,RIGHT,False,True,False,31.008,True,0,0,1,0,0,15,0,0,0,0,0,,,[]
v_8c8e88d0-4b99-4d56-a5ec-5c27cd374670,anon_376d7289-fc63-4549-9336-2b8703819566,4fdbea3b-0e37-4683-b89c-cc5872117158,right,hopper::lvl-67.txt,hopper,RIGHT,True,False,False,15.275,True,0,2,5,0,0,14,0,0,0,0,0,,,[]
v_6d51aae2-75c7-4820-baae-d25eb9b7b238,anon_a9445e2d-8170-40b8-bfa3-9fdf5b9366fb,d32551f5-3324-4bbc-bfe1-b627030c70b4,left,original::lvl-6.txt,original,LEFT,True,False,False,43.85,True,0,21,3,0,0,33,0,0,0,0,0,,,[]
v_6d51aae2-75c7-4820-baae-d25eb9b7b238,anon_a9445e2d-8170-40b8-bfa3-9fdf5b9366fb,d32551f5-3324-4bbc-bfe1-b627030c70b4,right,notchParamRand::lvl-44.txt,notchParamRand,LEFT,False,True,False,5.911,False,1,0,0,0,0,6,0,0,0,1,0,1170.6243028452654,1170.6243028452654,[]
v_203ce823-29ae-4499-a616-019ac251b467,anon_a9445e2d-8170-40b8-bfa3-9fdf5b9366fb,d32551f5-3324-4bbc-bfe1-b627030c70b4,left,mariogan::level_68.txt,mariogan,RIGHT,False,True,False,1.87,False,1,0,0,0,0,1,0,0,0,1,0,218.07690308956765,218.07690308956765,[]
v_203ce823-29ae-4499-a616-019ac251b467,anon_a9445e2d-8170-40b8-bfa3-9fdf5b9366fb,d32551f5-3324-4bbc-bfe1-b627030c70b4,right,ore::lvl-30.txt,ore,RIGHT,True,False,False,2.771,False,1,0,0,0,0,2,0,0,1,0,0,251.0,251.0,[]
v_20d0d78b-d197-4aa7-a3da-da0799efbfcb,anon_a9445e2d-8170-40b8-bfa3-9fdf5b9366fb,d32551f5-3324-4bbc-bfe1-b627030c70b4,left,original::lvl-7.txt,original,LEFT,True,False,False,1.777,False,1,0,0,0,0,1,0,0,1,0,0,244.56844374971524,244.56844374971524,[]
v_20d0d78b-d197-4aa7-a3da-da0799efbfcb,anon_a9445e2d-8170-40b8-bfa3-9fdf5b9366fb,d32551f5-3324-4bbc-bfe1-b627030c70b4,right,patternOccur::lvl-60.txt,patternOccur,LEFT,False,True,False,2.238,False,1,0,0,0,0,2,0,0,0,1,0,171.0,171.0,[]
v_e0250c42-45e0-417b-9ff0-72eb9ffb5270,anon_a9445e2d-8170-40b8-bfa3-9fdf5b9366fb,d32551f5-3324-4bbc-bfe1-b627030c70b4,left,patternOccur::lvl-96.txt,patternOccur,RIGHT,False,True,False,0.705,False,1,0,0,0,0,0,0,0,0,1,0,8.0,8.0,[]
v_e0250c42-45e0-417b-9ff0-72eb9ffb5270,anon_a9445e2d-8170-40b8-bfa3-9fdf5b9366fb,d32551f5-3324-4bbc-bfe1-b627030c70b4,right,genetic::lvl-46.txt,genetic,RIGHT,True,False,False,14.317,False,1,0,0,0,0,5,0,0,0,1,0,811.2417881648898,811.2417881648898,[]
v_434056d7-8a8d-407b-ab04-f3aea480315c,anon_a9445e2d-8170-40b8-bfa3-9fdf5b9366fb,d32551f5-3324-4bbc-bfe1-b627030c70b4,left,hopper::lvl-96.txt,hopper,LEFT,True,False,False,2.809,False,1,0,0,0,0,2,0,0,0,1,0,507.7896936689996,507.7896936689996,[]
v_434056d7-8a8d-407b-ab04-f3aea480315c,anon_a9445e2d-8170-40b8-bfa3-9fdf5b9366fb,d32551f5-3324-4bbc-bfe1-b627030c70b4,right,patternOccur::lvl-5.txt,patternOccur,LEFT,False,True,False,0.95,False,1,0,0,0,0,0,0,0,0,1,0,27.0,27.0,[]
v_a3c140db-827b-41c0-822f-5e3c5dda638e,anon_a9445e2d-8170-40b8-bfa3-9fdf5b9366fb,27f1c184-e6e8-4d16-84b4-266e7eed5776,left,original::lvl-11.txt,original,LEFT,True,False,False,7.176,False,1,1,0,0,0,3,0,0,1,0,0,338.421753519833,338.421753519833,[]
v_a3c140db-827b-41c0-822f-5e3c5dda638e,anon_a9445e2d-8170-40b8-bfa3-9fdf5b9366fb,27f1c184-e6e8-4d16-84b4-266e7eed5776,right,genetic::lvl-35.txt,genetic,LEFT,False,True,False,18.642,True,0,0,0,0,0,12,0,0,0,0,0,,,[]
v_093e05bb-b4aa-461a-935d-9fbadd805de3,anon_a9445e2d-8170-40b8-bfa3-9fdf5b9366fb,27f1c184-e6e8-4d16-84b4-266e7eed5776,left,notch::lvl-29.txt,notch,LEFT,True,False,False,27.51,True,0,0,0,0,0,25,0,0,0,0,0,,,[]
v_093e05bb-b4aa-461a-935d-9fbadd805de3,anon_a9445e2d-8170-40b8-bfa3-9fdf5b9366fb,27f1c184-e6e8-4d16-84b4-266e7eed5776,right,mariogan::level_1.txt,mariogan,LEFT,False,True,False,27.945,False,1,0,2,0,0,25,0,0,0,1,0,2401.2550222062455,2401.2550222062455,[]
v_024b5c5b-3a8d-4cc4-b384-b24e97b294d4,anon_a9445e2d-8170-40b8-bfa3-9fdf5b9366fb,8c2d9d10-dbd7-4ccb-a72a-9e0b88b6e79b,left,original::lvl-2.txt,original,LEFT,True,False,False,71.251,False,1,8,3,18,0,32,0,0,0,1,0,1988.0,1988.0,[]
v_024b5c5b-3a8d-4cc4-b384-b24e97b294d4,anon_a9445e2d-8170-40b8-bfa3-9fdf5b9366fb,8c2d9d10-dbd7-4ccb-a72a-9e0b88b6e79b,right,patternCount::lvl-64.txt,patternCount,LEFT,False,True,False,5.612,False,1,0,0,0,0,5,0,0,0,1,0,413.08952860671445,413.08952860671445,[]
v_f2dcec41-465f-45a5-8b1b-99fdf0e23c6d,anon_a9445e2d-8170-40b8-bfa3-9fdf5b9366fb,8c2d9d10-dbd7-4ccb-a72a-9e0b88b6e79b,left,hopper::lvl-17.txt,hopper,LEFT,True,False,False,21.519,False,1,0,4,0,0,11,0,0,0,1,0,2528.908024067592,2528.908024067592,[]
v_f2dcec41-465f-45a5-8b1b-99fdf0e23c6d,anon_a9445e2d-8170-40b8-bfa3-9fdf5b9366fb,8c2d9d10-dbd7-4ccb-a72a-9e0b88b6e79b,right,patternCount::lvl-21.txt,patternCount,LEFT,False,True,False,0.0,False,0,0,0,0,0,0,0,0,0,0,0,,,['too_hard']
v_d77a06bb-787c-4f79-8a9f-3e92a5f6b7ca,anon_a9445e2d-8170-40b8-bfa3-9fdf5b9366fb,a204f3fc-4fd5-4e36-a6e2-6634572bee0f,left,notchParam::lvl-57.txt,notchParam,RIGHT,False,True,False,18.212,True,0,0,3,0,0,16,0,0,0,0,0,,,[]
v_d77a06bb-787c-4f79-8a9f-3e92a5f6b7ca,anon_a9445e2d-8170-40b8-bfa3-9fdf5b9366fb,a204f3fc-4fd5-4e36-a6e2-6634572bee0f,right,hopper::lvl-100.txt,hopper,RIGHT,True,False,False,17.24,True,0,0,2,0,0,21,0,0,0,0,0,,,[]
v_62764a7f-83e7-41b2-8aa9-8a7d7847f1b0,anon_a9445e2d-8170-40b8-bfa3-9fdf5b9366fb,d4bea22b-20d2-4010-87ea-b001b217dcf4,left,ore::lvl-6.txt,ore,LEFT,True,False,False,46.049,True,0,1,1,0,0,46,0,0,0,0,0,,,[]
v_62764a7f-83e7-41b2-8aa9-8a7d7847f1b0,anon_a9445e2d-8170-40b8-bfa3-9fdf5b9366fb,d4bea22b-20d2-4010-87ea-b001b217dcf4,right,notchParam::lvl-26.txt,notchParam,LEFT,False,True,False,3.141,False,1,0,1,0,0,2,0,0,0,1,0,528.9949426657159,528.9949426657159,[]
v_ca94b2ad-2126-4b1e-8c71-d3894572a49d,anon_a9445e2d-8170-40b8-bfa3-9fdf5b9366fb,d4bea22b-20d2-4010-87ea-b001b217dcf4,left,marioDiffusion::level_52.txt,marioDiffusion,RIGHT,False,True,False,10.339,False,1,0,0,0,0,8,0,0,0,1,0,698.721619732595,698.721619732595,[]
v_ca94b2ad-2126-4b1e-8c71-d3894572a49d,anon_a9445e2d-8170-40b8-bfa3-9fdf5b9366fb,d4bea22b-20d2-4010-87ea-b001b217dcf4,right,hopper::lvl-62.txt,hopper,RIGHT,True,False,False,4.344,False,1,0,0,0,0,4,0,0,0,1,0,983.121885861131,983.121885861131,[]
v_a435deb2-6f34-4204-ba75-d2eac1c8b4d4,anon_a9445e2d-8170-40b8-bfa3-9fdf5b9366fb,d4bea22b-20d2-4010-87ea-b001b217dcf4,left,ore::lvl-37.txt,ore,LEFT,True,False,False,1.812,False,1,0,0,0,0,0,0,0,1,0,0,63.33820621412155,63.33820621412155,[]
v_a435deb2-6f34-4204-ba75-d2eac1c8b4d4,anon_a9445e2d-8170-40b8-bfa3-9fdf5b9366fb,d4bea22b-20d2-4010-87ea-b001b217dcf4,right,hopper::lvl-13.txt,hopper,LEFT,False,True,False,4.944,False,1,0,0,0,0,3,0,0,0,1,0,1274.3194456331469,1274.3194456331469,[]
v_fc31ec9f-e5bc-4df0-91f4-1a85818c2ca5,anon_a9445e2d-8170-40b8-bfa3-9fdf5b9366fb,d4bea22b-20d2-4010-87ea-b001b217dcf4,left,patternWeightCount::lvl-46.txt,patternWeightCount,RIGHT,False,True,False,12.337,False,1,0,0,0,0,9,0,0,0,1,0,336.77339815354344,336.77339815354344,[]
v_fc31ec9f-e5bc-4df0-91f4-1a85818c2ca5,anon_a9445e2d-8170-40b8-bfa3-9fdf5b9366fb,d4bea22b-20d2-4010-87ea-b001b217dcf4,right,patternOccur::lvl-100.txt,patternOccur,RIGHT,True,False,False,38.708,False,1,1,0,0,0,25,0,0,0,1,0,1103.478071008134,1103.478071008134,[]
v_b84fb178-56b7-45f0-9f8e-1299ffe425f6,anon_a9445e2d-8170-40b8-bfa3-9fdf5b9366fb,d4bea22b-20d2-4010-87ea-b001b217dcf4,left,genetic::lvl-82.txt,genetic,LEFT,True,False,False,4.511,False,1,0,0,0,0,3,0,0,1,0,0,839.8309967949876,839.8309967949876,[]
v_b84fb178-56b7-45f0-9f8e-1299ffe425f6,anon_a9445e2d-8170-40b8-bfa3-9fdf5b9366fb,d4bea22b-20d2-4010-87ea-b001b217dcf4,right,patternOccur::lvl-85.txt,patternOccur,LEFT,False,True,False,2.171,False,1,0,0,0,0,1,0,0,0,1,0,48.16311159453352,48.16311159453352,[]
v_c7d2c315-8cc8-4a66-b9b9-ab82f9f7d1bd,anon_a9445e2d-8170-40b8-bfa3-9fdf5b9366fb,d4bea22b-20d2-4010-87ea-b001b217dcf4,left,marioDiffusion::level_43.txt,marioDiffusion,RIGHT,False,True,False,0.577,False,1,0,0,0,0,0,0,0,1,0,0,8.0,8.0,[]
v_c7d2c315-8cc8-4a66-b9b9-ab82f9f7d1bd,anon_a9445e2d-8170-40b8-bfa3-9fdf5b9366fb,d4bea22b-20d2-4010-87ea-b001b217dcf4,right,mariogpt::level_064.txt,mariogpt,RIGHT,True,False,False,37.471,True,0,4,0,0,0,28,0,0,0,0,0,,,[]
v_b9359b7a-665f-4a98-bf04-44d1becd7ea7,anon_a9445e2d-8170-40b8-bfa3-9fdf5b9366fb,d4bea22b-20d2-4010-87ea-b001b217dcf4,left,patternCount::lvl-2.txt,patternCount,TIE,False,False,True,7.611,False,1,0,0,0,0,5,0,0,0,1,0,180.0,180.0,[]
v_b9359b7a-665f-4a98-bf04-44d1becd7ea7,anon_a9445e2d-8170-40b8-bfa3-9fdf5b9366fb,d4bea22b-20d2-4010-87ea-b001b217dcf4,right,marioDiffusion::level_13.txt,marioDiffusion,TIE,False,False,True,4.677,False,1,0,0,0,0,4,0,0,0,1,0,353.25502220624645,353.25502220624645,[]
v_346e0ef0-dcc2-494e-b129-dbd59b416af4,anon_376d7289-fc63-4549-9336-2b8703819566,32f6be8c-d844-42ef-8426-7bd4e833810f,left,hopper::lvl-84.txt,hopper,RIGHT,False,True,False,14.073,False,1,1,2,0,0,8,0,0,1,0,0,1435.7071046935787,1435.7071046935787,[]
v_346e0ef0-dcc2-494e-b129-dbd59b416af4,anon_376d7289-fc63-4549-9336-2b8703819566,32f6be8c-d844-42ef-8426-7bd4e833810f,right,mariogpt::level_011.txt,mariogpt,RIGHT,True,False,False,5.911,False,1,3,0,0,0,1,0,0,0,1,0,110.468,110.468,[]
v_e9cb6b65-e65c-450a-bb34-826e206a4a2a,anon_376d7289-fc63-4549-9336-2b8703819566,32f6be8c-d844-42ef-8426-7bd4e833810f,left,patternOccur::lvl-21.txt,patternOccur,LEFT,True,False,False,0.0,False,0,0,0,0,0,0,0,0,0,0,0,,,[]
v_e9cb6b65-e65c-450a-bb34-826e206a4a2a,anon_376d7289-fc63-4549-9336-2b8703819566,32f6be8c-d844-42ef-8426-7bd4e833810f,right,marioDiffusion::level_48.txt,marioDiffusion,LEFT,False,True,False,18.618,False,1,0,0,0,0,11,0,0,0,1,0,1087.105847928368,1087.105847928368,['too_hard']
v_dc60ab06-6710-41ba-9800-988c6c9d7f28,anon_a9445e2d-8170-40b8-bfa3-9fdf5b9366fb,e9393362-aab3-4e79-ac01-2e84165a561a,left,patternCount::lvl-91.txt,patternCount,RIGHT,False,True,False,29.074,False,1,0,0,0,0,26,0,0,0,1,0,1188.0229101536765,1188.0229101536765,[]
v_dc60ab06-6710-41ba-9800-988c6c9d7f28,anon_a9445e2d-8170-40b8-bfa3-9fdf5b9366fb,e9393362-aab3-4e79-ac01-2e84165a561a,right,original::lvl-7.txt,original,RIGHT,True,False,False,52.089,True,0,21,0,1,0,47,0,0,0,0,0,,,[]
v_8c8ef3f0-447a-404f-b87a-91b8ce958e37,anon_a9445e2d-8170-40b8-bfa3-9fdf5b9366fb,e9393362-aab3-4e79-ac01-2e84165a561a,left,patternWeightCount::lvl-52.txt,patternWeightCount,TIE,False,False,True,0.715,False,1,0,0,0,0,0,0,0,0,1,0,8.0,8.0,[]
v_8c8ef3f0-447a-404f-b87a-91b8ce958e37,anon_a9445e2d-8170-40b8-bfa3-9fdf5b9366fb,e9393362-aab3-4e79-ac01-2e84165a561a,right,notchParamRand::lvl-69.txt,notchParamRand,TIE,False,False,True,6.982,False,1,0,0,0,0,6,0,0,0,1,0,1611.245772035458,1611.245772035458,[]
v_286e9c2d-deff-4912-b67d-da9023994f1f,anon_a9445e2d-8170-40b8-bfa3-9fdf5b9366fb,ceedb2d9-2d47-41f1-8ef8-49584a413203,left,mariogpt::level_067.txt,mariogpt,RIGHT,False,True,False,3.474,False,1,2,0,0,0,2,0,0,0,1,0,76.2,76.2,[]
v_286e9c2d-deff-4912-b67d-da9023994f1f,anon_a9445e2d-8170-40b8-bfa3-9fdf5b9366fb,ceedb2d9-2d47-41f1-8ef8-49584a413203,right,ore::lvl-50.txt,ore,RIGHT,True,False,False,14.383,False,1,0,0,0,0,11,0,0,1,0,0,756.2255013809238,756.2255013809238,[]
v_b81eaa89-5428-4ee9-8723-57fb2c3ea74b,anon_a9445e2d-8170-40b8-bfa3-9fdf5b9366fb,3c0e5160-b6c1-40a8-bbcb-4c3b257c8085,left,mariogan::level_80.txt,mariogan,LEFT,True,False,False,27.473,False,1,0,2,0,0,29,0,0,0,1,0,1460.0,1460.0,[]
v_b81eaa89-5428-4ee9-8723-57fb2c3ea74b,anon_a9445e2d-8170-40b8-bfa3-9fdf5b9366fb,3c0e5160-b6c1-40a8-bbcb-4c3b257c8085,right,hopper::lvl-7.txt,hopper,LEFT,False,True,False,7.783,False,1,0,1,0,0,7,0,0,0,1,0,1836.0412189260096,1836.0412189260096,[]
v_12b9ac39-5b02-4bfa-83d2-b751ef9c99c1,anon_a9445e2d-8170-40b8-bfa3-9fdf5b9366fb,3c0e5160-b6c1-40a8-bbcb-4c3b257c8085,left,hopper::lvl-38.txt,hopper,TIE,False,False,True,7.306,False,1,0,1,0,0,7,0,0,0,1,0,1764.3253072935602,1764.3253072935602,[]
v_12b9ac39-5b02-4bfa-83d2-b751ef9c99c1,anon_a9445e2d-8170-40b8-bfa3-9fdf5b9366fb,3c0e5160-b6c1-40a8-bbcb-4c3b257c8085,right,mariogan::level_48.txt,mariogan,TIE,False,False,True,1.068,False,1,0,0,0,0,0,0,0,0,1,0,19.725096359448948,19.725096359448948,[]
v_ce5f0918-652d-44eb-bd9a-bab750939e2d,anon_a9445e2d-8170-40b8-bfa3-9fdf5b9366fb,c1fc1681-0a10-4f3e-b5c0-7f3535ef866d,left,notchParam::lvl-57.txt,notchParam,LEFT,True,False,False,5.28,False,1,0,0,0,0,5,0,0,0,1,0,985.3039891295558,985.3039891295558,[]
v_ce5f0918-652d-44eb-bd9a-bab750939e2d,anon_a9445e2d-8170-40b8-bfa3-9fdf5b9366fb,c1fc1681-0a10-4f3e-b5c0-7f3535ef866d,right,notchParamRand::lvl-78.txt,notchParamRand,LEFT,False,True,False,2.938,False,1,0,0,0,0,3,0,0,0,1,0,792.4706982717562,792.4706982717562,[]
v_e52827d9-d6b5-4c8c-9004-be588f340621,anon_a9445e2d-8170-40b8-bfa3-9fdf5b9366fb,2ebc1b1a-91c3-412f-9236-45a849d16eff,left,ore::lvl-96.txt,ore,LEFT,True,False,False,32.913,False,1,0,3,0,0,29,0,0,1,0,0,2245.9388759359254,2245.9388759359254,[]
v_e52827d9-d6b5-4c8c-9004-be588f340621,anon_a9445e2d-8170-40b8-bfa3-9fdf5b9366fb,2ebc1b1a-91c3-412f-9236-45a849d16eff,right,patternWeightCount::lvl-76.txt,patternWeightCount,LEFT,False,True,False,4.676,False,1,1,0,0,0,5,0,0,0,1,0,183.05131857771258,183.05131857771258,[]
v_8d77418f-dca6-4155-8c93-1506a1905794,anon_a9445e2d-8170-40b8-bfa3-9fdf5b9366fb,2ebc1b1a-91c3-412f-9236-45a849d16eff,left,notchParam::lvl-46.txt,notchParam,RIGHT,False,True,False,8.141,False,1,0,1,0,0,5,0,0,1,0,0,1464.6092931346598,1464.6092931346598,[]
v_8d77418f-dca6-4155-8c93-1506a1905794,anon_a9445e2d-8170-40b8-bfa3-9fdf5b9366fb,2ebc1b1a-91c3-412f-9236-45a849d16eff,right,mariogpt::level_024.txt,mariogpt,RIGHT,True,False,False,3.508,False,1,0,0,0,0,3,0,0,0,1,0,197.84093647519546,197.84093647519546,[]
v_480b0759-505e-447c-8934-d24635c97e10,anon_a9445e2d-8170-40b8-bfa3-9fdf5b9366fb,2ebc1b1a-91c3-412f-9236-45a849d16eff,left,genetic::lvl-15.txt,genetic,LEFT,True,False,False,14.549,True,0,1,0,0,0,12,0,0,0,0,0,,,[]
v_480b0759-505e-447c-8934-d24635c97e10,anon_a9445e2d-8170-40b8-bfa3-9fdf5b9366fb,2ebc1b1a-91c3-412f-9236-45a849d16eff,right,patternWeightCount::lvl-92.txt,patternWeightCount,LEFT,False,True,False,2.171,False,1,0,0,0,0,1,0,0,0,1,0,139.55435408669277,139.55435408669277,[]
v_2b681d45-2f81-4135-8693-b9d9aa78eebd,anon_a9445e2d-8170-40b8-bfa3-9fdf5b9366fb,2ebc1b1a-91c3-412f-9236-45a849d16eff,left,mariogan::level_12.txt,mariogan,RIGHT,False,True,False,48.242,False,1,0,1,0,0,41,0,0,0,1,0,1559.873861714543,1559.873861714543,['too_hard']
v_2b681d45-2f81-4135-8693-b9d9aa78eebd,anon_a9445e2d-8170-40b8-bfa3-9fdf5b9366fb,2ebc1b1a-91c3-412f-9236-45a849d16eff,right,notchParamRand::lvl-31.txt,notchParamRand,RIGHT,True,False,False,4.274,False,1,0,0,0,0,3,0,0,0,1,0,634.8008650182454,634.8008650182454,[]
v_8ae3e7d9-2a7a-419a-90a0-d4886052d00f,anon_a9445e2d-8170-40b8-bfa3-9fdf5b9366fb,2ebc1b1a-91c3-412f-9236-45a849d16eff,left,patternCount::lvl-40.txt,patternCount,RIGHT,False,True,False,0.714,False,1,0,0,0,0,0,0,0,0,1,0,8.0,8.0,[]
v_8ae3e7d9-2a7a-419a-90a0-d4886052d00f,anon_a9445e2d-8170-40b8-bfa3-9fdf5b9366fb,2ebc1b1a-91c3-412f-9236-45a849d16eff,right,notchParam::lvl-78.txt,notchParam,RIGHT,True,False,False,2.905,False,1,0,0,0,0,1,0,0,0,1,0,581.7357410446318,581.7357410446318,[]
v_672f2dd7-7e7d-4d3a-900e-069182ed629e,anon_a9445e2d-8170-40b8-bfa3-9fdf5b9366fb,2ebc1b1a-91c3-412f-9236-45a849d16eff,left,original::lvl-1.txt,original,LEFT,True,False,False,7.284,False,1,0,1,0,0,7,0,0,0,1,0,1125.6367306102393,1125.6367306102393,[]
v_672f2dd7-7e7d-4d3a-900e-069182ed629e,anon_a9445e2d-8170-40b8-bfa3-9fdf5b9366fb,2ebc1b1a-91c3-412f-9236-45a849d16eff,right,patternOccur::lvl-52.txt,patternOccur,LEFT,False,True,False,10.206,False,1,0,0,0,0,10,0,0,0,1,0,486.56150031724036,486.56150031724036,[]
v_88b9bf67-aae9-4b19-874c-d9099f6cfdc9,anon_a9445e2d-8170-40b8-bfa3-9fdf5b9366fb,2ebc1b1a-91c3-412f-9236-45a849d16eff,left,mariogan::level_4.txt,mariogan,LEFT,True,False,False,0.0,False,0,0,0,0,0,0,0,0,0,0,0,,,[]
v_88b9bf67-aae9-4b19-874c-d9099f6cfdc9,anon_a9445e2d-8170-40b8-bfa3-9fdf5b9366fb,2ebc1b1a-91c3-412f-9236-45a849d16eff,right,patternOccur::lvl-29.txt,patternOccur,LEFT,False,True,False,20.174,False,1,0,0,0,0,20,0,0,0,1,0,1300.0,1300.0,[]
v_1b460de2-4afd-4b24-8d59-270a51bf835f,anon_a9445e2d-8170-40b8-bfa3-9fdf5b9366fb,f2b3e89f-a8fc-4cff-925e-34d5d54c8463,left,ore::lvl-83.txt,ore,LEFT,True,False,False,33.182,False,1,1,1,0,0,33,0,0,0,1,0,2797.476967679605,2797.476967679605,[]
v_1b460de2-4afd-4b24-8d59-270a51bf835f,anon_a9445e2d-8170-40b8-bfa3-9fdf5b9366fb,f2b3e89f-a8fc-4cff-925e-34d5d54c8463,right,notch::lvl-79.txt,notch,LEFT,False,True,False,21.149,True,0,0,1,0,0,24,0,0,0,0,0,,,[]
v_f656dbe4-4c99-4d85-b7d8-3d3a2959ff00,anon_a9445e2d-8170-40b8-bfa3-9fdf5b9366fb,f2b3e89f-a8fc-4cff-925e-34d5d54c8463,left,notchParam::lvl-46.txt,notchParam,RIGHT,False,True,False,7.304,False,1,0,0,0,0,6,0,0,1,0,0,1462.3319226822211,1462.3319226822211,[]
v_f656dbe4-4c99-4d85-b7d8-3d3a2959ff00,anon_a9445e2d-8170-40b8-bfa3-9fdf5b9366fb,f2b3e89f-a8fc-4cff-925e-34d5d54c8463,right,genetic::lvl-95.txt,genetic,RIGHT,True,False,False,2.573,False,1,0,0,0,0,3,0,0,1,0,0,517.6838812732276,517.6838812732276,[]
v_c3a84bf7-3198-4236-89d9-f10ce93e9663,anon_a9445e2d-8170-40b8-bfa3-9fdf5b9366fb,f2b3e89f-a8fc-4cff-925e-34d5d54c8463,left,marioDiffusion::level_19.txt,marioDiffusion,RIGHT,False,True,False,0.717,False,1,0,0,0,0,0,0,0,0,1,0,8.0,8.0,['too_hard']
v_c3a84bf7-3198-4236-89d9-f10ce93e9663,anon_a9445e2d-8170-40b8-bfa3-9fdf5b9366fb,f2b3e89f-a8fc-4cff-925e-34d5d54c8463,right,patternOccur::lvl-84.txt,patternOccur,RIGHT,True,False,False,30.653,False,1,0,0,0,0,29,0,0,0,1,0,1535.893836438329,1535.893836438329,[]
v_8d7cf91b-eba5-4268-b7e3-b9626070f435,anon_a9445e2d-8170-40b8-bfa3-9fdf5b9366fb,f2b3e89f-a8fc-4cff-925e-34d5d54c8463,left,original::lvl-12.txt,original,LEFT,True,False,False,2.313,False,1,0,0,0,0,2,0,0,1,0,0,244.21810221826598,244.21810221826598,[]
v_8d7cf91b-eba5-4268-b7e3-b9626070f435,anon_a9445e2d-8170-40b8-bfa3-9fdf5b9366fb,f2b3e89f-a8fc-4cff-925e-34d5d54c8463,right,mariogpt::level_078.txt,mariogpt,LEFT,False,True,False,5.244,False,1,0,0,0,0,1,0,0,0,1,0,146.49930607041838,146.49930607041838,[]
v_0d91eb3f-ee97-4f01-9980-06bb6fd3b159,anon_a9445e2d-8170-40b8-bfa3-9fdf5b9366fb,f2b3e89f-a8fc-4cff-925e-34d5d54c8463,left,notchParamRand::lvl-21.txt,notchParamRand,RIGHT,False,True,False,16.209,True,0,0,0,0,0,9,0,0,0,0,0,,,[]
v_0d91eb3f-ee97-4f01-9980-06bb6fd3b159,anon_a9445e2d-8170-40b8-bfa3-9fdf5b9366fb,f2b3e89f-a8fc-4cff-925e-34d5d54c8463,right,genetic::lvl-23.txt,genetic,RIGHT,True,False,False,3.006,False,1,0,0,0,0,2,0,0,1,0,0,680.5471290975224,680.5471290975224,[]
v_2f70fb52-26c3-4995-b488-65ce49dc59f9,anon_a9445e2d-8170-40b8-bfa3-9fdf5b9366fb,db56fc86-e17b-4df2-9b64-a1830467e19c,left,patternWeightCount::lvl-67.txt,patternWeightCount,RIGHT,False,True,False,13.948,False,1,0,0,0,0,13,0,0,0,1,0,771.2008552062205,771.2008552062205,[]
v_2f70fb52-26c3-4995-b488-65ce49dc59f9,anon_a9445e2d-8170-40b8-bfa3-9fdf5b9366fb,db56fc86-e17b-4df2-9b64-a1830467e19c,right,notchParam::lvl-68.txt,notchParam,RIGHT,True,False,False,6.046,False,1,0,0,0,0,5,0,0,0,1,0,1259.6337119306713,1259.6337119306713,[]
v_5f09ab8c-0e6a-432f-a670-cc5fcdb2daa7,anon_a9445e2d-8170-40b8-bfa3-9fdf5b9366fb,db56fc86-e17b-4df2-9b64-a1830467e19c,left,mariogan::level_93.txt,mariogan,RIGHT,False,True,False,14.545,False,1,0,0,0,0,11,0,0,0,1,0,1005.7093363888284,1005.7093363888284,['too_hard']
v_5f09ab8c-0e6a-432f-a670-cc5fcdb2daa7,anon_a9445e2d-8170-40b8-bfa3-9fdf5b9366fb,db56fc86-e17b-4df2-9b64-a1830467e19c,right,patternCount::lvl-48.txt,patternCount,RIGHT,True,False,False,19.31,False,1,0,0,0,0,16,0,0,0,1,0,1220.2267483404873,1220.2267483404873,[]
v_922a413c-293c-4314-a24f-ea9f1b38bfc0,anon_a9445e2d-8170-40b8-bfa3-9fdf5b9366fb,db56fc86-e17b-4df2-9b64-a1830467e19c,left,notchParam::lvl-80.txt,notchParam,RIGHT,False,True,False,23.073,True,0,0,0,0,0,19,0,0,0,0,0,,,[]
v_922a413c-293c-4314-a24f-ea9f1b38bfc0,anon_a9445e2d-8170-40b8-bfa3-9fdf5b9366fb,db56fc86-e17b-4df2-9b64-a1830467e19c,right,notch::lvl-30.txt,notch,RIGHT,True,False,False,15.235,False,1,0,0,0,0,16,0,0,1,0,0,1710.3856470843061,1710.3856470843061,[]
v_8264e283-3733-4bfb-8ea1-392638e60857,anon_a9445e2d-8170-40b8-bfa3-9fdf5b9366fb,db56fc86-e17b-4df2-9b64-a1830467e19c,left,notchParamRand::lvl-97.txt,notchParamRand,LEFT,True,False,False,26.604,True,0,0,2,0,1,20,0,0,0,0,0,,,[]
v_8264e283-3733-4bfb-8ea1-392638e60857,anon_a9445e2d-8170-40b8-bfa3-9fdf5b9366fb,db56fc86-e17b-4df2-9b64-a1830467e19c,right,notchParam::lvl-19.txt,notchParam,LEFT,False,True,False,5.846,False,1,0,0,0,0,4,0,0,0,1,0,1105.8866743100461,1105.8866743100461,[]
v_b42b1b15-d216-4598-a932-3a0e6d9d78a5,anon_a9445e2d-8170-40b8-bfa3-9fdf5b9366fb,db56fc86-e17b-4df2-9b64-a1830467e19c,left,ore::lvl-3.txt,ore,RIGHT,False,True,False,11.943,False,1,1,0,0,0,11,0,0,0,1,0,720.5618237019166,720.5618237019166,[]
v_b42b1b15-d216-4598-a932-3a0e6d9d78a5,anon_a9445e2d-8170-40b8-bfa3-9fdf5b9366fb,db56fc86-e17b-4df2-9b64-a1830467e19c,right,notch::lvl-46.txt,notch,RIGHT,True,False,False,11.409,False,1,0,0,0,0,13,0,0,1,0,0,1530.1650785938393,1530.1650785938393,[]
v_8b9b69ea-b939-41ff-a3ea-d5215e41912e,anon_a9445e2d-8170-40b8-bfa3-9fdf5b9366fb,db56fc86-e17b-4df2-9b64-a1830467e19c,left,patternOccur::lvl-94.txt,patternOccur,RIGHT,False,True,False,6.304,False,1,0,0,0,0,4,0,0,0,1,0,184.31331243142176,184.31331243142176,[]
v_8b9b69ea-b939-41ff-a3ea-d5215e41912e,anon_a9445e2d-8170-40b8-bfa3-9fdf5b9366fb,db56fc86-e17b-4df2-9b64-a1830467e19c,right,original::lvl-12.txt,original,RIGHT,True,False,False,48.177,False,1,0,3,0,0,28,0,0,0,1,0,2180.3134800000003,2180.3134800000003,"['creative', 'fun', 'good_flow']"
v_a586bce9-b940-4f66-9769-a37cd976d74a,anon_a9445e2d-8170-40b8-bfa3-9fdf5b9366fb,db56fc86-e17b-4df2-9b64-a1830467e19c,left,genetic::lvl-5.txt,genetic,RIGHT,False,True,False,11.01,True,0,0,0,0,0,8,0,0,0,0,0,,,[]
v_a586bce9-b940-4f66-9769-a37cd976d74a,anon_a9445e2d-8170-40b8-bfa3-9fdf5b9366fb,db56fc86-e17b-4df2-9b64-a1830467e19c,right,marioDiffusion::level_24.txt,marioDiffusion,RIGHT,True,False,False,2.371,False,1,0,0,0,0,1,0,0,0,1,0,331.0,331.0,[]
v_cacf4169-2b21-4ea8-a102-c8bf5500afe3,anon_44b1088a-0dd0-4610-a329-a6656a2979ff,91f3f1ab-c37c-48bf-a6e6-146cf89a817d,left,genetic::lvl-82.txt,genetic,TIE,False,False,True,150.81,False,1,0,0,0,0,0,0,0,0,1,0,865.1968877090778,865.1968877090778,[]
v_cacf4169-2b21-4ea8-a102-c8bf5500afe3,anon_44b1088a-0dd0-4610-a329-a6656a2979ff,91f3f1ab-c37c-48bf-a6e6-146cf89a817d,right,marioDiffusion::level_61.txt,marioDiffusion,TIE,False,False,True,10.204,False,1,2,0,0,0,8,0,0,0,1,0,684.734,684.734,[]
v_cbb3ac67-7e9f-474a-bb51-2ecf901222d2,anon_a9445e2d-8170-40b8-bfa3-9fdf5b9366fb,db56fc86-e17b-4df2-9b64-a1830467e19c,left,marioDiffusion::level_3.txt,marioDiffusion,RIGHT,False,True,False,17.604,False,1,0,0,0,0,15,0,0,0,1,0,639.6734116926916,639.6734116926916,[]
v_cbb3ac67-7e9f-474a-bb51-2ecf901222d2,anon_a9445e2d-8170-40b8-bfa3-9fdf5b9366fb,db56fc86-e17b-4df2-9b64-a1830467e19c,right,notchParamRand::lvl-88.txt,notchParamRand,RIGHT,True,False,False,17.941,False,1,0,0,0,0,4,0,0,0,1,0,1073.5979997760896,1073.5979997760896,[]
v_d72d1f8f-1ce6-4b50-84a3-1edd57cc0176,anon_a9445e2d-8170-40b8-bfa3-9fdf5b9366fb,db56fc86-e17b-4df2-9b64-a1830467e19c,left,genetic::lvl-97.txt,genetic,RIGHT,False,True,False,9.283,False,1,0,0,0,0,5,0,0,0,1,0,1121.535319318807,1121.535319318807,[]
v_d72d1f8f-1ce6-4b50-84a3-1edd57cc0176,anon_a9445e2d-8170-40b8-bfa3-9fdf5b9366fb,db56fc86-e17b-4df2-9b64-a1830467e19c,right,mariogan::level_47.txt,mariogan,RIGHT,True,False,False,6.715,False,1,0,0,0,0,1,0,0,1,0,0,235.0,235.0,[]
v_d5244d08-2f59-433d-ab40-f0dc07a25a6a,anon_a9445e2d-8170-40b8-bfa3-9fdf5b9366fb,db56fc86-e17b-4df2-9b64-a1830467e19c,left,marioDiffusion::level_32.txt,marioDiffusion,LEFT,True,False,False,11.403,False,1,0,0,0,0,10,0,0,0,1,0,900.0,900.0,[]
v_d5244d08-2f59-433d-ab40-f0dc07a25a6a,anon_a9445e2d-8170-40b8-bfa3-9fdf5b9366fb,db56fc86-e17b-4df2-9b64-a1830467e19c,right,ore::lvl-35.txt,ore,LEFT,False,True,False,14.014,False,1,0,1,0,0,9,0,0,0,1,0,840.8384186723581,840.8384186723581,[]
v_de4fb065-1d5d-4076-9ee9-f1f4d897631e,anon_a9445e2d-8170-40b8-bfa3-9fdf5b9366fb,db56fc86-e17b-4df2-9b64-a1830467e19c,left,patternOccur::lvl-15.txt,patternOccur,TIE,False,False,True,12.073,False,1,1,0,0,0,10,0,0,0,1,0,457.26599999999996,457.26599999999996,['too_hard']
v_de4fb065-1d5d-4076-9ee9-f1f4d897631e,anon_a9445e2d-8170-40b8-bfa3-9fdf5b9366fb,db56fc86-e17b-4df2-9b64-a1830467e19c,right,patternWeightCount::lvl-40.txt,patternWeightCount,TIE,False,False,True,1.736,False,1,0,0,0,0,1,0,0,0,1,0,112.86383707659927,112.86383707659927,['too_hard']
v_bc2f11cd-3424-4509-a80a-bba39269f1f5,anon_a9445e2d-8170-40b8-bfa3-9fdf5b9366fb,db56fc86-e17b-4df2-9b64-a1830467e19c,left,marioDiffusion::level_74.txt,marioDiffusion,RIGHT,False,True,False,2.975,False,1,0,0,0,0,1,0,0,0,1,0,270.9461057473957,270.9461057473957,"['not_mario_like', 'too_hard', 'unfair']"
v_bc2f11cd-3424-4509-a80a-bba39269f1f5,anon_a9445e2d-8170-40b8-bfa3-9fdf5b9366fb,db56fc86-e17b-4df2-9b64-a1830467e19c,right,notchParamRand::lvl-58.txt,notchParamRand,RIGHT,True,False,False,19.176,True,0,0,0,0,0,17,0,0,0,0,0,,,[]
v_df7b3595-1be1-4312-85fd-8b745a0c7980,anon_a9445e2d-8170-40b8-bfa3-9fdf5b9366fb,db56fc86-e17b-4df2-9b64-a1830467e19c,left,ore::lvl-94.txt,ore,RIGHT,False,True,False,26.553,False,1,0,0,0,0,14,0,0,1,0,0,1167.9743528500949,1167.9743528500949,[]
v_df7b3595-1be1-4312-85fd-8b745a0c7980,anon_a9445e2d-8170-40b8-bfa3-9fdf5b9366fb,db56fc86-e17b-4df2-9b64-a1830467e19c,right,mariogpt::level_034.txt,mariogpt,RIGHT,True,False,False,79.985,True,0,19,0,0,0,77,0,0,0,0,0,,,[]
v_9d2b0858-183f-4b75-be26-5cf134f1d4ce,anon_44b1088a-0dd0-4610-a329-a6656a2979ff,56c19af7-f70b-4574-8a92-48ad0efbe44a,left,ore::lvl-64.txt,ore,TIE,False,False,True,7.873,False,1,0,0,0,0,0,0,0,0,1,0,143.35380773107573,143.35380773107573,[]
v_9d2b0858-183f-4b75-be26-5cf134f1d4ce,anon_44b1088a-0dd0-4610-a329-a6656a2979ff,56c19af7-f70b-4574-8a92-48ad0efbe44a,right,hopper::lvl-72.txt,hopper,TIE,False,False,True,7.64,False,1,0,0,0,0,3,0,0,0,1,0,747.6,747.6,[]
v_0d6f1424-6eda-4558-a7c3-1806b87feed9,anon_44b1088a-0dd0-4610-a329-a6656a2979ff,56c19af7-f70b-4574-8a92-48ad0efbe44a,left,patternWeightCount::lvl-38.txt,patternWeightCount,RIGHT,False,True,False,0.708,False,1,0,0,0,0,0,0,0,0,1,0,8.0,8.0,[]
v_0d6f1424-6eda-4558-a7c3-1806b87feed9,anon_44b1088a-0dd0-4610-a329-a6656a2979ff,56c19af7-f70b-4574-8a92-48ad0efbe44a,right,original::lvl-2.txt,original,RIGHT,True,False,False,32.176,False,1,4,5,0,0,25,0,0,1,0,0,930.1841962459999,930.1841962459999,[]
v_8d65cbf9-01d1-4d16-90dd-52bb9498d67f,anon_44b1088a-0dd0-4610-a329-a6656a2979ff,56c19af7-f70b-4574-8a92-48ad0efbe44a,left,mariogpt::level_027.txt,mariogpt,LEFT,True,False,False,45.874,False,1,12,0,0,0,33,0,0,0,1,0,860.134,860.134,[]
v_8d65cbf9-01d1-4d16-90dd-52bb9498d67f,anon_44b1088a-0dd0-4610-a329-a6656a2979ff,56c19af7-f70b-4574-8a92-48ad0efbe44a,right,mariogan::level_31.txt,mariogan,LEFT,False,True,False,14.238,False,1,0,2,0,0,10,0,0,0,1,0,1003.0,1003.0,[]
v_5044216b-8fb5-4ae8-883d-55bafcca4bc9,anon_44b1088a-0dd0-4610-a329-a6656a2979ff,56c19af7-f70b-4574-8a92-48ad0efbe44a,left,patternOccur::lvl-42.txt,patternOccur,RIGHT,False,True,False,4.274,False,1,1,0,0,0,1,0,0,0,1,0,80.21589985025076,80.21589985025076,[]
v_5044216b-8fb5-4ae8-883d-55bafcca4bc9,anon_44b1088a-0dd0-4610-a329-a6656a2979ff,56c19af7-f70b-4574-8a92-48ad0efbe44a,right,hopper::lvl-29.txt,hopper,RIGHT,True,False,False,40.238,False,1,0,0,0,0,26,0,0,0,1,0,1455.4031462227244,1455.4031462227244,[]
v_712bfa02-96ee-46aa-acf4-2ad1a0e29b78,anon_44b1088a-0dd0-4610-a329-a6656a2979ff,56c19af7-f70b-4574-8a92-48ad0efbe44a,left,patternCount::lvl-99.txt,patternCount,TIE,False,False,True,5.74,False,1,1,0,0,0,3,0,0,0,1,0,116.8321632983078,116.8321632983078,['not_mario_like']
v_712bfa02-96ee-46aa-acf4-2ad1a0e29b78,anon_44b1088a-0dd0-4610-a329-a6656a2979ff,56c19af7-f70b-4574-8a92-48ad0efbe44a,right,marioDiffusion::level_100.txt,marioDiffusion,TIE,False,False,True,0.708,False,1,0,0,0,0,0,0,0,0,1,0,8.0,8.0,[]
v_1af43c0c-b271-4dab-b780-cff5d3da842a,anon_44b1088a-0dd0-4610-a329-a6656a2979ff,56c19af7-f70b-4574-8a92-48ad0efbe44a,left,ore::lvl-63.txt,ore,SKIP,False,False,False,2.536,False,1,0,0,0,0,0,0,0,1,0,0,7.4,7.4,[]
v_1af43c0c-b271-4dab-b780-cff5d3da842a,anon_44b1088a-0dd0-4610-a329-a6656a2979ff,56c19af7-f70b-4574-8a92-48ad0efbe44a,right,notchParamRand::lvl-62.txt,notchParamRand,SKIP,False,False,False,9.673,False,1,0,0,0,0,3,0,0,1,0,0,289.89292288294865,289.89292288294865,[]
v_f3af557d-2106-4236-8170-ab8577d71b5e,anon_44b1088a-0dd0-4610-a329-a6656a2979ff,56c19af7-f70b-4574-8a92-48ad0efbe44a,left,mariogan::level_30.txt,mariogan,LEFT,True,False,False,13.808,False,1,0,0,0,0,6,0,0,1,0,0,351.5325439328756,351.5325439328756,[]
v_f3af557d-2106-4236-8170-ab8577d71b5e,anon_44b1088a-0dd0-4610-a329-a6656a2979ff,56c19af7-f70b-4574-8a92-48ad0efbe44a,right,notchParamRand::lvl-25.txt,notchParamRand,LEFT,False,True,False,8.471,False,1,0,2,0,0,4,0,0,1,0,0,249.0623166252309,249.0623166252309,[]
v_b8bb29ec-6b46-4c1c-94d2-140f207a7626,anon_376d7289-fc63-4549-9336-2b8703819566,8b00a67e-18c5-4ef9-afda-6a3940d4f25d,left,mariogan::level_66.txt,mariogan,LEFT,True,False,False,26.111,True,0,0,2,0,0,23,0,0,0,0,0,,,[]
v_b8bb29ec-6b46-4c1c-94d2-140f207a7626,anon_376d7289-fc63-4549-9336-2b8703819566,8b00a67e-18c5-4ef9-afda-6a3940d4f25d,right,genetic::lvl-100.txt,genetic,LEFT,False,True,False,11.107,True,0,0,0,0,0,8,0,0,0,0,0,,,[]
v_d92f0bde-af0d-484f-be2a-f00d9f43d790,anon_376d7289-fc63-4549-9336-2b8703819566,8b00a67e-18c5-4ef9-afda-6a3940d4f25d,left,patternWeightCount::lvl-16.txt,patternWeightCount,RIGHT,False,True,False,57.779,True,0,3,0,0,0,50,0,0,0,0,0,,,[]
v_d92f0bde-af0d-484f-be2a-f00d9f43d790,anon_376d7289-fc63-4549-9336-2b8703819566,8b00a67e-18c5-4ef9-afda-6a3940d4f25d,right,mariogan::level_45.txt,mariogan,RIGHT,True,False,False,7.335,False,1,0,0,0,0,7,0,0,1,0,0,683.0,683.0,[]
v_0e511983-bab3-492d-b173-2f59b89b9d34,anon_376d7289-fc63-4549-9336-2b8703819566,8b00a67e-18c5-4ef9-afda-6a3940d4f25d,left,marioDiffusion::level_27.txt,marioDiffusion,RIGHT,False,True,False,0.708,False,1,0,0,0,0,0,0,0,0,1,0,8.0,8.0,"['confusing', 'not_mario_like', 'unfair']"
v_0e511983-bab3-492d-b173-2f59b89b9d34,anon_376d7289-fc63-4549-9336-2b8703819566,8b00a67e-18c5-4ef9-afda-6a3940d4f25d,right,notchParam::lvl-62.txt,notchParam,RIGHT,True,False,False,1.315,False,1,0,0,0,0,0,0,0,1,0,0,107.95909848106702,107.95909848106702,['boring']
v_203c1c00-2f6b-4b99-b3cc-3b3e853dd72e,anon_376d7289-fc63-4549-9336-2b8703819566,8b00a67e-18c5-4ef9-afda-6a3940d4f25d,left,marioDiffusion::level_48.txt,marioDiffusion,TIE,False,False,True,10.602,False,1,0,0,0,0,8,0,0,0,1,0,539.0,539.0,['too_hard']
v_203c1c00-2f6b-4b99-b3cc-3b3e853dd72e,anon_376d7289-fc63-4549-9336-2b8703819566,8b00a67e-18c5-4ef9-afda-6a3940d4f25d,right,notchParamRand::lvl-41.txt,notchParamRand,TIE,False,False,True,10.807,True,0,0,0,0,0,9,0,0,0,0,0,,,['boring']
v_6867d802-1c06-43b6-b36d-2eef9e92b992,anon_376d7289-fc63-4549-9336-2b8703819566,8b00a67e-18c5-4ef9-afda-6a3940d4f25d,left,original::lvl-4.txt,original,LEFT,True,False,False,32.684,False,1,12,3,0,0,33,0,0,0,1,0,1601.2245881894537,1601.2245881894537,[]
v_6867d802-1c06-43b6-b36d-2eef9e92b992,anon_376d7289-fc63-4549-9336-2b8703819566,8b00a67e-18c5-4ef9-afda-6a3940d4f25d,right,mariogan::level_43.txt,mariogan,LEFT,False,True,False,49.841,True,0,1,0,3,0,46,0,0,0,0,0,,,[]
v_71648e07-a52f-4356-b6e6-c575b6e58071,anon_376d7289-fc63-4549-9336-2b8703819566,8b00a67e-18c5-4ef9-afda-6a3940d4f25d,left,patternWeightCount::lvl-66.txt,patternWeightCount,RIGHT,False,True,False,38.181,False,1,0,0,0,0,29,0,0,0,1,0,1492.0,1492.0,[]
v_71648e07-a52f-4356-b6e6-c575b6e58071,anon_376d7289-fc63-4549-9336-2b8703819566,8b00a67e-18c5-4ef9-afda-6a3940d4f25d,right,notchParamRand::lvl-18.txt,notchParamRand,RIGHT,True,False,False,3.885,False,1,0,0,0,0,3,0,0,0,1,0,669.3141934934152,669.3141934934152,[]
v_ea40f272-30a7-47c4-a8f0-8dc327a2d5d5,anon_376d7289-fc63-4549-9336-2b8703819566,8b00a67e-18c5-4ef9-afda-6a3940d4f25d,left,hopper::lvl-81.txt,hopper,LEFT,True,False,False,9.022,False,1,0,0,0,0,9,0,0,0,1,0,1040.1281476628435,1040.1281476628435,[]
v_ea40f272-30a7-47c4-a8f0-8dc327a2d5d5,anon_376d7289-fc63-4549-9336-2b8703819566,8b00a67e-18c5-4ef9-afda-6a3940d4f25d,right,notchParam::lvl-12.txt,notchParam,LEFT,False,True,False,5.384,False,1,0,1,0,0,4,0,0,1,0,0,638.1770588497286,638.1770588497286,[]
v_90f6d318-39ed-4d46-a865-d69800788d97,anon_376d7289-fc63-4549-9336-2b8703819566,8b00a67e-18c5-4ef9-afda-6a3940d4f25d,left,marioDiffusion::level_52.txt,marioDiffusion,TIE,False,False,True,10.645,False,1,0,0,0,0,9,0,0,0,1,0,688.2805590191233,688.2805590191233,[]
v_90f6d318-39ed-4d46-a865-d69800788d97,anon_376d7289-fc63-4549-9336-2b8703819566,8b00a67e-18c5-4ef9-afda-6a3940d4f25d,right,mariogan::level_97.txt,mariogan,TIE,False,False,True,38.848,False,1,0,5,0,0,31,0,0,1,0,0,2110.468,2110.468,[]
v_76f69b0f-74bd-4979-a84e-74121f3793e7,anon_376d7289-fc63-4549-9336-2b8703819566,fedc878d-562f-4c33-a495-29c4d8363bfa,left,mariogpt::level_051.txt,mariogpt,LEFT,True,False,False,0.372,False,1,0,0,0,0,0,0,0,1,0,0,8.0,8.0,[]
v_76f69b0f-74bd-4979-a84e-74121f3793e7,anon_376d7289-fc63-4549-9336-2b8703819566,fedc878d-562f-4c33-a495-29c4d8363bfa,right,patternCount::lvl-33.txt,patternCount,LEFT,False,True,False,59.848,False,1,0,0,0,0,39,0,0,0,1,0,1531.8667062695997,1531.8667062695997,['too_hard']
v_4c797845-2e42-471a-b83f-9423a368ffce,anon_376d7289-fc63-4549-9336-2b8703819566,fedc878d-562f-4c33-a495-29c4d8363bfa,left,genetic::lvl-49.txt,genetic,TIE,False,False,True,10.081,False,1,0,0,0,0,0,0,0,1,0,0,8.0,8.0,[]
v_4c797845-2e42-471a-b83f-9423a368ffce,anon_376d7289-fc63-4549-9336-2b8703819566,fedc878d-562f-4c33-a495-29c4d8363bfa,right,notchParam::lvl-92.txt,notchParam,TIE,False,False,True,269.437,False,1,0,1,0,0,5,0,0,0,1,0,1848.8110478962017,1848.8110478962017,['boring']
v_89985f1c-72af-4b9b-8267-9ce3adf5d323,anon_376d7289-fc63-4549-9336-2b8703819566,fedc878d-562f-4c33-a495-29c4d8363bfa,left,mariogpt::level_023.txt,mariogpt,LEFT,True,False,False,77.972,False,1,4,1,0,0,27,0,0,0,1,0,1894.5713312009134,1894.5713312009134,[]
v_89985f1c-72af-4b9b-8267-9ce3adf5d323,anon_376d7289-fc63-4549-9336-2b8703819566,fedc878d-562f-4c33-a495-29c4d8363bfa,right,patternWeightCount::lvl-8.txt,patternWeightCount,LEFT,False,True,False,67.205,True,0,14,0,0,0,64,0,0,0,0,0,,,[]
v_413e960e-e7fc-481f-85fc-85df61a52a98,anon_376d7289-fc63-4549-9336-2b8703819566,fedc878d-562f-4c33-a495-29c4d8363bfa,left,notchParam::lvl-48.txt,notchParam,RIGHT,False,True,False,10.379,False,1,0,0,0,0,2,0,0,1,0,0,299.3893540077702,299.3893540077702,[]
v_413e960e-e7fc-481f-85fc-85df61a52a98,anon_376d7289-fc63-4549-9336-2b8703819566,fedc878d-562f-4c33-a495-29c4d8363bfa,right,notch::lvl-80.txt,notch,RIGHT,True,False,False,10.607,False,1,0,1,0,0,10,0,0,0,1,0,2046.5117340339843,2046.5117340339843,[]
v_b3df952f-84d0-4a55-bf50-38eec0b5aac6,anon_376d7289-fc63-4549-9336-2b8703819566,fedc878d-562f-4c33-a495-29c4d8363bfa,left,mariogpt::level_088.txt,mariogpt,RIGHT,False,True,False,2.451,False,1,0,0,0,0,0,0,0,0,1,0,47.39503905191986,47.39503905191986,"['confusing', 'too_hard', 'unfair']"
v_b3df952f-84d0-4a55-bf50-38eec0b5aac6,anon_376d7289-fc63-4549-9336-2b8703819566,fedc878d-562f-4c33-a495-29c4d8363bfa,right,mariogan::level_66.txt,mariogan,RIGHT,True,False,False,38.38,False,1,0,3,0,0,18,0,0,1,0,0,1234.8005545140982,1234.8005545140982,[]
v_c8f8f75d-020d-4dcb-8ce7-0f2c34ec9a71,anon_376d7289-fc63-4549-9336-2b8703819566,fedc878d-562f-4c33-a495-29c4d8363bfa,left,notchParam::lvl-57.txt,notchParam,LEFT,True,False,False,11.401,False,1,0,1,0,0,5,0,0,0,1,0,968.9166822798805,968.9166822798805,[]
v_c8f8f75d-020d-4dcb-8ce7-0f2c34ec9a71,anon_376d7289-fc63-4549-9336-2b8703819566,fedc878d-562f-4c33-a495-29c4d8363bfa,right,patternOccur::lvl-55.txt,patternOccur,LEFT,False,True,False,16.813,False,1,2,0,0,0,13,0,0,0,1,0,526.4186742021047,526.4186742021047,[]
v_51f17510-825c-4ce3-b4c4-c73cc5238061,anon_376d7289-fc63-4549-9336-2b8703819566,fedc878d-562f-4c33-a495-29c4d8363bfa,left,mariogpt::level_061.txt,mariogpt,LEFT,True,False,False,69.117,False,1,8,0,0,0,23,0,0,0,1,0,1452.2,1452.2,[]
v_51f17510-825c-4ce3-b4c4-c73cc5238061,anon_376d7289-fc63-4549-9336-2b8703819566,fedc878d-562f-4c33-a495-29c4d8363bfa,right,hopper::lvl-84.txt,hopper,LEFT,False,True,False,20.381,True,0,2,5,0,0,16,0,0,0,0,0,,,[]
v_699bc238-8cb0-42f7-9517-0d9dbc2fd907,anon_376d7289-fc63-4549-9336-2b8703819566,fedc878d-562f-4c33-a495-29c4d8363bfa,left,patternCount::lvl-49.txt,patternCount,RIGHT,False,True,False,7.152,False,1,0,0,0,0,6,0,0,0,1,0,101.38122662307086,101.38122662307086,[]
v_699bc238-8cb0-42f7-9517-0d9dbc2fd907,anon_376d7289-fc63-4549-9336-2b8703819566,fedc878d-562f-4c33-a495-29c4d8363bfa,right,original::lvl-2.txt,original,RIGHT,True,False,False,44.135,False,1,6,4,0,1,30,0,0,1,0,0,914.5593125153111,914.5593125153111,[]
v_a57dc28d-73a7-452d-9cf9-fbb217d63682,anon_376d7289-fc63-4549-9336-2b8703819566,fedc878d-562f-4c33-a495-29c4d8363bfa,left,mariogan::level_19.txt,mariogan,LEFT,True,False,False,7.569,False,1,0,0,0,0,5,0,0,1,0,0,530.0386775285709,530.0386775285709,[]
v_a57dc28d-73a7-452d-9cf9-fbb217d63682,anon_376d7289-fc63-4549-9336-2b8703819566,fedc878d-562f-4c33-a495-29c4d8363bfa,right,patternOccur::lvl-42.txt,patternOccur,LEFT,False,True,False,16.246,False,1,1,0,0,0,9,0,0,0,1,0,379.97827144747924,379.97827144747924,[]
v_efacb8fe-4510-4a59-9d9d-0e5ab1d0a18a,anon_376d7289-fc63-4549-9336-2b8703819566,d252fe12-30a5-4990-87a9-cc414135184f,left,hopper::lvl-51.txt,hopper,RIGHT,False,True,False,12.085,False,1,0,0,0,0,11,0,0,1,0,0,2094.4211766502367,2094.4211766502367,[]
v_efacb8fe-4510-4a59-9d9d-0e5ab1d0a18a,anon_376d7289-fc63-4549-9336-2b8703819566,d252fe12-30a5-4990-87a9-cc414135184f,right,original::lvl-8.txt,original,RIGHT,True,False,False,59.115,True,0,20,3,0,0,56,0,0,0,0,0,,,[]
v_670967f8-f0e7-48e2-abec-df65c0ffe2dd,anon_376d7289-fc63-4549-9336-2b8703819566,d252fe12-30a5-4990-87a9-cc414135184f,left,patternCount::lvl-8.txt,patternCount,RIGHT,False,True,False,18.311,False,1,1,0,0,0,17,0,0,0,1,0,613.593092521207,613.593092521207,[]
v_670967f8-f0e7-48e2-abec-df65c0ffe2dd,anon_376d7289-fc63-4549-9336-2b8703819566,d252fe12-30a5-4990-87a9-cc414135184f,right,genetic::lvl-6.txt,genetic,RIGHT,True,False,False,2.484,False,1,0,0,0,0,0,0,0,0,1,0,378.5783016501838,378.5783016501838,[]
v_5d75604b-5567-4472-8ee0-1750b4e1ce08,anon_376d7289-fc63-4549-9336-2b8703819566,2cb3dbfe-10bc-4ec4-8c91-1fe231aff28e,left,patternCount::lvl-67.txt,patternCount,RIGHT,False,True,False,0.709,False,1,0,0,0,0,0,0,0,0,1,0,8.0,8.0,[]
v_5d75604b-5567-4472-8ee0-1750b4e1ce08,anon_376d7289-fc63-4549-9336-2b8703819566,2cb3dbfe-10bc-4ec4-8c91-1fe231aff28e,right,notchParamRand::lvl-13.txt,notchParamRand,RIGHT,True,False,False,0.0,False,0,0,0,0,0,0,0,0,0,0,0,,,[]
v_69e83b11-15eb-4198-b67f-a1e33ac1de90,anon_376d7289-fc63-4549-9336-2b8703819566,2bf505d3-5f1b-4c3e-8ce6-e056315e9fed,left,notch::lvl-28.txt,notch,LEFT,True,False,False,2.569,False,1,0,0,0,0,2,0,0,0,1,0,331.0,331.0,[]
v_69e83b11-15eb-4198-b67f-a1e33ac1de90,anon_376d7289-fc63-4549-9336-2b8703819566,2bf505d3-5f1b-4c3e-8ce6-e056315e9fed,right,patternWeightCount::lvl-58.txt,patternWeightCount,LEFT,False,True,False,0.984,False,1,0,0,0,0,0,0,0,0,1,0,27.0,27.0,[]
v_f3b89ae1-2b65-4025-9f12-f349980e81ef,anon_376d7289-fc63-4549-9336-2b8703819566,95bc293a-5d77-4755-9ed2-56a66fb5dd8e,left,patternOccur::lvl-95.txt,patternOccur,RIGHT,False,True,False,3.17,False,1,0,0,0,0,1,0,0,0,1,0,113.68652,113.68652,[]
v_f3b89ae1-2b65-4025-9f12-f349980e81ef,anon_376d7289-fc63-4549-9336-2b8703819566,95bc293a-5d77-4755-9ed2-56a66fb5dd8e,right,mariogpt::level_092.txt,mariogpt,RIGHT,True,False,False,29.807,False,1,1,0,0,0,22,0,0,0,1,0,39.10078475452273,39.10078475452273,[]
v_1b22c452-5837-41c9-bf87-6021fc830e49,anon_376d7289-fc63-4549-9336-2b8703819566,ea5ef359-afdc-4620-9b89-aee8719165b8,left,hopper::lvl-96.txt,hopper,RIGHT,False,True,False,19.774,True,0,0,0,0,0,22,0,0,0,0,0,,,[]
v_1b22c452-5837-41c9-bf87-6021fc830e49,anon_376d7289-fc63-4549-9336-2b8703819566,ea5ef359-afdc-4620-9b89-aee8719165b8,right,original::lvl-8.txt,original,RIGHT,True,False,False,6.538,False,1,0,0,0,0,3,0,0,0,1,0,292.3098240722284,292.3098240722284,[]
v_2cdf0ad1-573b-4b49-825f-eb4cb2215706,anon_376d7289-fc63-4549-9336-2b8703819566,ea5ef359-afdc-4620-9b89-aee8719165b8,left,mariogpt::level_099.txt,mariogpt,LEFT,True,False,False,126.538,False,1,0,0,0,0,97,0,0,0,1,0,955.0,955.0,['too_hard']
v_2cdf0ad1-573b-4b49-825f-eb4cb2215706,anon_376d7289-fc63-4549-9336-2b8703819566,ea5ef359-afdc-4620-9b89-aee8719165b8,right,ore::lvl-13.txt,ore,LEFT,False,True,False,1.517,False,1,0,0,0,0,0,0,0,1,0,0,61.07355951291842,61.07355951291842,[]
v_7e281124-0ce7-4857-927a-5d1b5f3376d4,anon_376d7289-fc63-4549-9336-2b8703819566,ea5ef359-afdc-4620-9b89-aee8719165b8,left,patternCount::lvl-69.txt,patternCount,LEFT,True,False,False,6.776,False,1,1,0,0,0,5,0,0,0,1,0,203.0,203.0,[]
v_7e281124-0ce7-4857-927a-5d1b5f3376d4,anon_376d7289-fc63-4549-9336-2b8703819566,ea5ef359-afdc-4620-9b89-aee8719165b8,right,notchParamRand::lvl-15.txt,notchParamRand,LEFT,False,True,False,7.972,False,1,0,1,0,0,8,0,0,0,1,0,1586.9438222458548,1586.9438222458548,[]
v_8b40e0ab-65c3-42f1-9071-1595aa725c30,anon_376d7289-fc63-4549-9336-2b8703819566,ea5ef359-afdc-4620-9b89-aee8719165b8,left,hopper::lvl-56.txt,hopper,LEFT,True,False,False,13.036,False,1,0,1,0,0,12,0,0,1,0,0,2603.3719562717265,2603.3719562717265,[]
v_8b40e0ab-65c3-42f1-9071-1595aa725c30,anon_376d7289-fc63-4549-9336-2b8703819566,ea5ef359-afdc-4620-9b89-aee8719165b8,right,patternCount::lvl-41.txt,patternCount,LEFT,False,True,False,0.717,False,1,0,0,0,0,0,0,0,0,1,0,8.0,8.0,[]
v_9d8f027b-a44c-47bf-ba45-a47efb7ea9e6,anon_376d7289-fc63-4549-9336-2b8703819566,ea5ef359-afdc-4620-9b89-aee8719165b8,left,patternOccur::lvl-58.txt,patternOccur,LEFT,True,False,False,5.777,False,1,2,0,0,0,4,0,0,0,1,0,245.7510028,245.7510028,[]
v_9d8f027b-a44c-47bf-ba45-a47efb7ea9e6,anon_376d7289-fc63-4549-9336-2b8703819566,ea5ef359-afdc-4620-9b89-aee8719165b8,right,patternCount::lvl-10.txt,patternCount,LEFT,False,True,False,0.716,False,1,0,0,0,0,0,0,0,0,1,0,8.0,8.0,['too_hard']
v_d047c8c3-f748-41b9-969d-90b5259c79c6,anon_376d7289-fc63-4549-9336-2b8703819566,ea5ef359-afdc-4620-9b89-aee8719165b8,left,notch::lvl-79.txt,notch,LEFT,True,False,False,23.005,True,0,0,0,0,0,27,0,0,0,0,0,,,[]
v_d047c8c3-f748-41b9-969d-90b5259c79c6,anon_376d7289-fc63-4549-9336-2b8703819566,ea5ef359-afdc-4620-9b89-aee8719165b8,right,notchParamRand::lvl-7.txt,notchParamRand,LEFT,False,True,False,1.584,False,1,0,0,0,0,1,0,0,1,0,0,281.62203411518215,281.62203411518215,[]
v_2fd300c2-4dab-4aa8-a556-7951b7607249,anon_376d7289-fc63-4549-9336-2b8703819566,ea5ef359-afdc-4620-9b89-aee8719165b8,left,ore::lvl-74.txt,ore,RIGHT,False,True,False,10.413,False,1,0,1,0,0,7,0,0,0,1,0,484.1381914362617,484.1381914362617,[]
v_2fd300c2-4dab-4aa8-a556-7951b7607249,anon_376d7289-fc63-4549-9336-2b8703819566,ea5ef359-afdc-4620-9b89-aee8719165b8,right,mariogpt::level_015.txt,mariogpt,RIGHT,True,False,False,29.673,False,1,4,0,0,0,26,0,0,0,1,0,691.0907741216226,691.0907741216226,[]
v_cb28d3c5-124b-4ab0-9332-3333d8eff6bc,anon_376d7289-fc63-4549-9336-2b8703819566,ea5ef359-afdc-4620-9b89-aee8719165b8,left,notchParamRand::lvl-77.txt,notchParamRand,RIGHT,False,True,False,19.644,True,0,0,0,0,0,18,0,0,0,0,0,,,[]
v_cb28d3c5-124b-4ab0-9332-3333d8eff6bc,anon_376d7289-fc63-4549-9336-2b8703819566,ea5ef359-afdc-4620-9b89-aee8719165b8,right,hopper::lvl-6.txt,hopper,RIGHT,True,False,False,15.812,True,0,0,4,0,0,15,0,0,0,0,0,,,[]
v_d8b023ea-afd7-45e4-8715-9af112b86cfa,anon_376d7289-fc63-4549-9336-2b8703819566,ea5ef359-afdc-4620-9b89-aee8719165b8,left,patternWeightCount::lvl-97.txt,patternWeightCount,LEFT,True,False,False,21.317,False,1,1,0,0,0,17,0,0,0,1,0,436.3182011759252,436.3182011759252,[]
v_d8b023ea-afd7-45e4-8715-9af112b86cfa,anon_376d7289-fc63-4549-9336-2b8703819566,ea5ef359-afdc-4620-9b89-aee8719165b8,right,genetic::lvl-40.txt,genetic,LEFT,False,True,False,13.376,True,0,0,0,0,0,9,0,0,0,0,0,,,[]
v_f8bc0a33-cba8-4194-a516-25c6111eee57,anon_376d7289-fc63-4549-9336-2b8703819566,ea5ef359-afdc-4620-9b89-aee8719165b8,left,notchParam::lvl-8.txt,notchParam,RIGHT,False,True,False,2.811,False,1,0,1,0,0,1,0,0,0,1,0,596.9123893973422,596.9123893973422,[]
v_f8bc0a33-cba8-4194-a516-25c6111eee57,anon_376d7289-fc63-4549-9336-2b8703819566,ea5ef359-afdc-4620-9b89-aee8719165b8,right,notch::lvl-3.txt,notch,RIGHT,True,False,False,14.275,True,0,0,0,0,0,16,0,0,0,0,0,,,[]
v_39f97e17-ec9c-4b2c-821a-3275f1392c85,anon_376d7289-fc63-4549-9336-2b8703819566,ea5ef359-afdc-4620-9b89-aee8719165b8,left,mariogpt::level_023.txt,mariogpt,LEFT,True,False,False,26.541,False,1,4,0,0,0,21,0,0,0,1,0,1263.0644828000002,1263.0644828000002,[]
v_39f97e17-ec9c-4b2c-821a-3275f1392c85,anon_376d7289-fc63-4549-9336-2b8703819566,ea5ef359-afdc-4620-9b89-aee8719165b8,right,ore::lvl-87.txt,ore,LEFT,False,True,False,2.282,False,1,0,0,0,0,1,0,0,0,1,0,263.7822210976474,263.7822210976474,[]
v_9f58f4c7-6ae6-4176-b57a-0e8983f34ae5,anon_376d7289-fc63-4549-9336-2b8703819566,ea5ef359-afdc-4620-9b89-aee8719165b8,left,mariogpt::level_060.txt,mariogpt,LEFT,True,False,False,34.205,False,1,4,1,0,0,15,0,0,1,0,0,1908.0,1908.0,[]
v_9f58f4c7-6ae6-4176-b57a-0e8983f34ae5,anon_376d7289-fc63-4549-9336-2b8703819566,ea5ef359-afdc-4620-9b89-aee8719165b8,right,patternWeightCount::lvl-63.txt,patternWeightCount,LEFT,False,True,False,8.573,False,1,0,0,0,0,7,0,0,0,1,0,522.5683924919999,522.5683924919999,[]
v_2cab4554-d20b-41f8-bddd-ff4748177a6e,anon_376d7289-fc63-4549-9336-2b8703819566,ea5ef359-afdc-4620-9b89-aee8719165b8,left,mariogpt::level_091.txt,mariogpt,LEFT,True,False,False,4.576,False,1,0,0,0,0,1,0,0,0,1,0,143.9864966605503,143.9864966605503,[]
v_2cab4554-d20b-41f8-bddd-ff4748177a6e,anon_376d7289-fc63-4549-9336-2b8703819566,ea5ef359-afdc-4620-9b89-aee8719165b8,right,patternOccur::lvl-69.txt,patternOccur,LEFT,False,True,False,5.703,False,1,0,0,0,0,2,0,0,0,1,0,134.59224076145694,134.59224076145694,[]
v_139948d4-deb1-4e37-96a0-f86e02c9d3f9,anon_376d7289-fc63-4549-9336-2b8703819566,ea5ef359-afdc-4620-9b89-aee8719165b8,left,notchParamRand::lvl-8.txt,notchParamRand,RIGHT,False,True,False,18.711,True,0,0,0,0,0,10,0,0,0,0,0,,,[]
v_139948d4-deb1-4e37-96a0-f86e02c9d3f9,anon_376d7289-fc63-4549-9336-2b8703819566,ea5ef359-afdc-4620-9b89-aee8719165b8,right,original::lvl-4.txt,original,RIGHT,True,False,False,6.972,False,1,1,1,0,0,7,0,0,1,0,0,758.6326312536704,758.6326312536704,[]
v_ea65cf6f-3543-403c-b373-e92b97d876ff,anon_376d7289-fc63-4549-9336-2b8703819566,ee88f4b6-a46d-4d34-be97-c1e788b0f255,left,notch::lvl-60.txt,notch,LEFT,True,False,False,19.077,True,0,0,0,0,0,19,0,0,0,0,0,,,[]
v_ea65cf6f-3543-403c-b373-e92b97d876ff,anon_376d7289-fc63-4549-9336-2b8703819566,ee88f4b6-a46d-4d34-be97-c1e788b0f255,right,patternWeightCount::lvl-4.txt,patternWeightCount,LEFT,False,True,False,5.13,False,1,1,0,0,0,5,0,0,0,1,0,177.4489972,177.4489972,[]
v_5cd80be3-9f54-4e63-8eab-d67025bfcd79,anon_376d7289-fc63-4549-9336-2b8703819566,ee88f4b6-a46d-4d34-be97-c1e788b0f255,left,notchParamRand::lvl-33.txt,notchParamRand,RIGHT,False,True,False,4.449,False,1,0,0,0,0,4,0,0,0,1,0,1021.5544016244055,1021.5544016244055,[]
v_5cd80be3-9f54-4e63-8eab-d67025bfcd79,anon_376d7289-fc63-4549-9336-2b8703819566,ee88f4b6-a46d-4d34-be97-c1e788b0f255,right,hopper::lvl-41.txt,hopper,RIGHT,True,False,False,3.603,False,1,1,0,0,0,3,0,0,0,1,0,813.607169129904,813.607169129904,[]
v_6f247f8b-2529-4c41-ac88-baf8c9793830,anon_376d7289-fc63-4549-9336-2b8703819566,80927e3d-17a8-4ba3-8712-3928b9fbc3d3,left,hopper::lvl-98.txt,hopper,LEFT,True,False,False,3.71,False,1,0,0,0,0,2,0,0,1,0,0,574.3621226331752,574.3621226331752,[]
v_6f247f8b-2529-4c41-ac88-baf8c9793830,anon_376d7289-fc63-4549-9336-2b8703819566,80927e3d-17a8-4ba3-8712-3928b9fbc3d3,right,genetic::lvl-61.txt,genetic,LEFT,False,True,False,1.983,False,1,0,0,0,0,2,0,0,1,0,0,356.93359632645354,356.93359632645354,[]
v_ce3e15b7-1789-40cd-8721-f65d4d37e87b,anon_376d7289-fc63-4549-9336-2b8703819566,80927e3d-17a8-4ba3-8712-3928b9fbc3d3,left,notchParamRand::lvl-75.txt,notchParamRand,RIGHT,False,True,False,16.608,False,1,0,0,0,0,14,0,0,0,1,0,3079.0992029103836,3079.0992029103836,['boring']
v_ce3e15b7-1789-40cd-8721-f65d4d37e87b,anon_376d7289-fc63-4549-9336-2b8703819566,80927e3d-17a8-4ba3-8712-3928b9fbc3d3,right,notch::lvl-14.txt,notch,RIGHT,True,False,False,2.214,False,1,0,0,0,0,1,0,0,0,1,0,273.29182312396125,273.29182312396125,[]
v_ba715c7c-f160-475e-84f2-f89baa5e7293,anon_376d7289-fc63-4549-9336-2b8703819566,e001c6ce-a9c2-462e-9641-6c015e7c1251,left,notchParam::lvl-80.txt,notchParam,RIGHT,False,True,False,8.306,False,1,0,0,0,0,6,0,0,0,1,0,1095.9483457526323,1095.9483457526323,[]
v_ba715c7c-f160-475e-84f2-f89baa5e7293,anon_376d7289-fc63-4549-9336-2b8703819566,e001c6ce-a9c2-462e-9641-6c015e7c1251,right,genetic::lvl-95.txt,genetic,RIGHT,True,False,False,2.583,False,1,0,0,0,0,3,0,0,1,0,0,514.2830028,514.2830028,[]
v_e64bfe6f-eada-474a-aaee-9f86ad9ba104,anon_376d7289-fc63-4549-9336-2b8703819566,e001c6ce-a9c2-462e-9641-6c015e7c1251,left,patternOccur::lvl-82.txt,patternOccur,TIE,False,False,True,3.244,False,1,0,0,0,0,1,0,0,0,1,0,77.28732150093019,77.28732150093019,[]
v_e64bfe6f-eada-474a-aaee-9f86ad9ba104,anon_376d7289-fc63-4549-9336-2b8703819566,e001c6ce-a9c2-462e-9641-6c015e7c1251,right,notchParamRand::lvl-37.txt,notchParamRand,TIE,False,False,True,1.683,False,1,0,0,0,0,1,0,0,1,0,0,313.7927317681458,313.7927317681458,[]
v_3494f708-b34a-4f6a-9dd2-a0d59e1a919b,anon_376d7289-fc63-4549-9336-2b8703819566,e001c6ce-a9c2-462e-9641-6c015e7c1251,left,ore::lvl-8.txt,ore,RIGHT,False,True,False,2.314,False,1,0,0,0,0,0,0,0,1,0,0,22.037659072099757,22.037659072099757,['too_hard']
v_3494f708-b34a-4f6a-9dd2-a0d59e1a919b,anon_376d7289-fc63-4549-9336-2b8703819566,e001c6ce-a9c2-462e-9641-6c015e7c1251,right,hopper::lvl-49.txt,hopper,RIGHT,True,False,False,19.149,True,0,0,0,0,0,20,0,0,0,0,0,,,[]
v_dcbcc91f-26e8-4763-ac52-687b5d82fb2e,anon_376d7289-fc63-4549-9336-2b8703819566,e001c6ce-a9c2-462e-9641-6c015e7c1251,left,notchParamRand::lvl-71.txt,notchParamRand,RIGHT,False,True,False,10.052,False,1,0,1,0,0,9,0,0,1,0,0,1206.2528230846633,1206.2528230846633,['boring']
v_dcbcc91f-26e8-4763-ac52-687b5d82fb2e,anon_376d7289-fc63-4549-9336-2b8703819566,e001c6ce-a9c2-462e-9641-6c015e7c1251,right,patternWeightCount::lvl-59.txt,patternWeightCount,RIGHT,True,False,False,7.571,False,1,0,0,0,0,5,0,0,0,1,0,358.39501735484333,358.39501735484333,[]
v_5035634e-43b7-4a52-a8f5-fbd6e85b4f25,anon_376d7289-fc63-4549-9336-2b8703819566,e001c6ce-a9c2-462e-9641-6c015e7c1251,left,original::lvl-10.txt,original,TIE,False,False,True,11.968,False,1,2,1,0,0,7,0,0,0,1,0,974.9674463833032,974.9674463833032,[]
v_5035634e-43b7-4a52-a8f5-fbd6e85b4f25,anon_376d7289-fc63-4549-9336-2b8703819566,e001c6ce-a9c2-462e-9641-6c015e7c1251,right,ore::lvl-26.txt,ore,TIE,False,False,True,20.45,False,1,1,1,0,0,18,0,0,1,0,0,656.136334688637,656.136334688637,[]
v_1162eb2b-4f0d-4a63-9449-3fd49d1321f9,anon_376d7289-fc63-4549-9336-2b8703819566,13a6eb35-d144-4d23-a204-e4944f53e941,left,patternOccur::lvl-14.txt,patternOccur,RIGHT,False,True,False,0.743,False,1,0,0,0,0,0,0,0,0,1,0,8.0,8.0,[]
v_1162eb2b-4f0d-4a63-9449-3fd49d1321f9,anon_376d7289-fc63-4549-9336-2b8703819566,13a6eb35-d144-4d23-a204-e4944f53e941,right,original::lvl-3.txt,original,RIGHT,True,False,False,42.911,False,1,0,3,0,0,13,0,0,1,0,0,1169.7496435179416,1169.7496435179416,[]
v_d62c73d8-cee2-42d5-ad92-59a7b2858136,anon_376d7289-fc63-4549-9336-2b8703819566,13a6eb35-d144-4d23-a204-e4944f53e941,left,patternWeightCount::lvl-68.txt,patternWeightCount,LEFT,True,False,False,30.042,False,1,1,0,0,0,16,0,0,0,1,0,1339.0,1339.0,[]
v_d62c73d8-cee2-42d5-ad92-59a7b2858136,anon_376d7289-fc63-4549-9336-2b8703819566,13a6eb35-d144-4d23-a204-e4944f53e941,right,notchParamRand::lvl-7.txt,notchParamRand,LEFT,False,True,False,2.315,False,1,0,0,0,0,1,0,0,1,0,0,281.62203411518215,281.62203411518215,[]
v_5cdd2b22-722a-4bf6-b09f-39f3f1302a75,anon_376d7289-fc63-4549-9336-2b8703819566,13a6eb35-d144-4d23-a204-e4944f53e941,left,patternWeightCount::lvl-5.txt,patternWeightCount,LEFT,True,False,False,17.284,False,1,0,0,0,0,13,0,0,0,1,0,590.4680000000001,590.4680000000001,[]
v_5cdd2b22-722a-4bf6-b09f-39f3f1302a75,anon_376d7289-fc63-4549-9336-2b8703819566,13a6eb35-d144-4d23-a204-e4944f53e941,right,patternCount::lvl-68.txt,patternCount,LEFT,False,True,False,15.816,False,1,0,0,0,0,11,0,0,0,1,0,463.7212377251029,463.7212377251029,[]
v_3a8657c2-ccaa-4e74-b6ce-2a95bcb3cb87,anon_376d7289-fc63-4549-9336-2b8703819566,13a6eb35-d144-4d23-a204-e4944f53e941,left,ore::lvl-4.txt,ore,RIGHT,False,True,False,2.64,False,1,0,0,0,0,0,0,0,1,0,0,8.0,8.0,['too_hard']
v_3a8657c2-ccaa-4e74-b6ce-2a95bcb3cb87,anon_376d7289-fc63-4549-9336-2b8703819566,13a6eb35-d144-4d23-a204-e4944f53e941,right,notchParamRand::lvl-95.txt,notchParamRand,RIGHT,True,False,False,8.892,False,1,0,0,0,0,5,0,0,0,1,0,975.3862019106022,975.3862019106022,['boring']
v_8c743737-848d-4e72-9565-6880851e0ea1,anon_376d7289-fc63-4549-9336-2b8703819566,13a6eb35-d144-4d23-a204-e4944f53e941,left,genetic::lvl-14.txt,genetic,RIGHT,False,True,False,11.844,False,1,0,0,0,0,5,0,0,0,1,0,545.4961009196913,545.4961009196913,[]
v_8c743737-848d-4e72-9565-6880851e0ea1,anon_376d7289-fc63-4549-9336-2b8703819566,13a6eb35-d144-4d23-a204-e4944f53e941,right,original::lvl-6.txt,original,RIGHT,True,False,False,33.716,True,0,12,4,0,0,22,0,0,0,0,0,,,[]
v_ad8102ad-d082-4a3f-b49b-ceaac4b45c57,anon_376d7289-fc63-4549-9336-2b8703819566,13a6eb35-d144-4d23-a204-e4944f53e941,left,patternCount::lvl-80.txt,patternCount,LEFT,True,False,False,16.38,False,1,0,0,0,0,11,0,0,0,1,0,500.0231227372132,500.0231227372132,[]
v_ad8102ad-d082-4a3f-b49b-ceaac4b45c57,anon_376d7289-fc63-4549-9336-2b8703819566,13a6eb35-d144-4d23-a204-e4944f53e941,right,patternOccur::lvl-48.txt,patternOccur,LEFT,False,True,False,0.749,False,1,0,0,0,0,0,0,0,0,1,0,8.0,8.0,"['not_mario_like', 'unfair']"
v_c489241f-b55d-43f9-b142-149e7cba1add,anon_376d7289-fc63-4549-9336-2b8703819566,13a6eb35-d144-4d23-a204-e4944f53e941,left,patternCount::lvl-39.txt,patternCount,RIGHT,False,True,False,33.45,False,1,0,0,0,0,14,0,0,0,1,0,557.9743926559075,557.9743926559075,[]
v_c489241f-b55d-43f9-b142-149e7cba1add,anon_376d7289-fc63-4549-9336-2b8703819566,13a6eb35-d144-4d23-a204-e4944f53e941,right,ore::lvl-52.txt,ore,RIGHT,True,False,False,11.915,False,1,1,0,0,0,11,0,0,1,0,0,518.6333589942103,518.6333589942103,[]
v_c7919236-93f8-4f00-b24d-855e21ea7cf3,anon_a9445e2d-8170-40b8-bfa3-9fdf5b9366fb,7cbd4c90-4d0c-408b-bb1b-e649ff377f2c,left,ore::lvl-44.txt,ore,LEFT,True,False,False,50.374,True,0,2,1,0,0,44,0,0,0,0,0,,,[]
v_c7919236-93f8-4f00-b24d-855e21ea7cf3,anon_a9445e2d-8170-40b8-bfa3-9fdf5b9366fb,7cbd4c90-4d0c-408b-bb1b-e649ff377f2c,right,patternOccur::lvl-52.txt,patternOccur,LEFT,False,True,False,8.551,False,1,1,0,0,0,6,0,0,0,1,0,153.5790729093522,153.5790729093522,[]
v_79ff398f-2698-4465-a1ad-cae867325f19,anon_a9445e2d-8170-40b8-bfa3-9fdf5b9366fb,7cbd4c90-4d0c-408b-bb1b-e649ff377f2c,left,notchParamRand::lvl-62.txt,notchParamRand,LEFT,True,False,False,6.003,False,1,0,0,0,0,4,0,0,1,0,0,586.067408923334,586.067408923334,[]
v_79ff398f-2698-4465-a1ad-cae867325f19,anon_a9445e2d-8170-40b8-bfa3-9fdf5b9366fb,7cbd4c90-4d0c-408b-bb1b-e649ff377f2c,right,notchParam::lvl-22.txt,notchParam,LEFT,False,True,False,14.217,True,0,0,0,0,0,14,0,0,0,0,0,,,[]
v_4bf81511-c486-47b5-9225-83f58dbb41b5,anon_a9445e2d-8170-40b8-bfa3-9fdf5b9366fb,35ace85b-75de-4330-bf75-94d33dc6e033,left,hopper::lvl-20.txt,hopper,LEFT,True,False,False,3.304,False,1,0,0,0,0,0,0,0,0,1,0,105.63545058372569,105.63545058372569,[]
v_4bf81511-c486-47b5-9225-83f58dbb41b5,anon_a9445e2d-8170-40b8-bfa3-9fdf5b9366fb,35ace85b-75de-4330-bf75-94d33dc6e033,right,patternWeightCount::lvl-46.txt,patternWeightCount,LEFT,False,True,False,9.872,False,1,0,0,0,0,7,0,0,0,1,0,299.0,299.0,['too_hard']
v_6d7ad729-d8f5-443f-aa48-f300d096ff76,anon_a9445e2d-8170-40b8-bfa3-9fdf5b9366fb,35ace85b-75de-4330-bf75-94d33dc6e033,left,patternWeightCount::lvl-43.txt,patternWeightCount,RIGHT,False,True,False,4.775,False,1,0,0,0,0,0,0,0,0,1,0,8.0,8.0,['unfair']
v_6d7ad729-d8f5-443f-aa48-f300d096ff76,anon_a9445e2d-8170-40b8-bfa3-9fdf5b9366fb,35ace85b-75de-4330-bf75-94d33dc6e033,right,genetic::lvl-48.txt,genetic,RIGHT,True,False,False,12.611,False,1,0,0,0,0,7,0,0,0,1,0,693.6712326116336,693.6712326116336,[]
v_02ccd8c9-6a5e-484a-b488-85c65b1bb658,anon_a9445e2d-8170-40b8-bfa3-9fdf5b9366fb,35ace85b-75de-4330-bf75-94d33dc6e033,left,notchParamRand::lvl-3.txt,notchParamRand,TIE,False,False,True,46.904,False,1,0,0,0,0,12,0,0,0,1,0,1911.6407481148217,1911.6407481148217,[]
v_02ccd8c9-6a5e-484a-b488-85c65b1bb658,anon_a9445e2d-8170-40b8-bfa3-9fdf5b9366fb,35ace85b-75de-4330-bf75-94d33dc6e033,right,patternCount::lvl-69.txt,patternCount,TIE,False,False,True,9.404,False,1,0,0,0,0,10,0,0,0,1,0,699.0,699.0,[]
v_d8567ece-cbb3-4920-ac59-1127cb52ae1b,anon_a9445e2d-8170-40b8-bfa3-9fdf5b9366fb,35ace85b-75de-4330-bf75-94d33dc6e033,left,original::lvl-2.txt,original,LEFT,True,False,False,59.482,False,1,21,4,1,1,50,0,0,1,0,0,1809.7983631366,1809.7983631366,['fun']
v_d8567ece-cbb3-4920-ac59-1127cb52ae1b,anon_a9445e2d-8170-40b8-bfa3-9fdf5b9366fb,35ace85b-75de-4330-bf75-94d33dc6e033,right,ore::lvl-97.txt,ore,LEFT,False,True,False,1.817,False,1,0,0,0,0,0,0,0,1,0,0,67.55398844743593,67.55398844743593,['too_hard']
v_7f8b1876-0ba9-4b6d-b018-2749569afae6,anon_a9445e2d-8170-40b8-bfa3-9fdf5b9366fb,b0b594da-4f6d-4fa7-b6b9-c5862f606c40,left,notchParam::lvl-11.txt,notchParam,RIGHT,False,True,False,9.248,False,1,0,1,0,0,4,0,0,0,1,0,1773.3226987213807,1773.3226987213807,[]
v_7f8b1876-0ba9-4b6d-b018-2749569afae6,anon_a9445e2d-8170-40b8-bfa3-9fdf5b9366fb,b0b594da-4f6d-4fa7-b6b9-c5862f606c40,right,patternWeightCount::lvl-21.txt,patternWeightCount,RIGHT,True,False,False,25.742,False,1,1,0,0,0,23,0,0,0,1,0,1031.8861211063017,1031.8861211063017,[]
v_8e3624ff-e402-4996-b0f4-d8cee18b1163,anon_a9445e2d-8170-40b8-bfa3-9fdf5b9366fb,b0b594da-4f6d-4fa7-b6b9-c5862f606c40,left,notch::lvl-68.txt,notch,RIGHT,False,True,False,3.369,False,1,0,0,0,0,2,0,0,0,1,0,596.9586477752313,596.9586477752313,[]
v_8e3624ff-e402-4996-b0f4-d8cee18b1163,anon_a9445e2d-8170-40b8-bfa3-9fdf5b9366fb,b0b594da-4f6d-4fa7-b6b9-c5862f606c40,right,genetic::lvl-96.txt,genetic,RIGHT,True,False,False,2.071,False,1,0,0,0,0,0,0,0,0,1,0,154.99298585691344,154.99298585691344,[]
v_9cd87ea4-7abd-4d32-adee-e6bcfd4015ce,anon_a9445e2d-8170-40b8-bfa3-9fdf5b9366fb,61ba1c0b-9989-4bc1-9cf1-38aaba6a893e,left,ore::lvl-87.txt,ore,LEFT,True,False,False,14.037,False,1,2,0,0,0,17,0,0,0,1,0,1400.3832334910549,1400.3832334910549,[]
v_9cd87ea4-7abd-4d32-adee-e6bcfd4015ce,anon_a9445e2d-8170-40b8-bfa3-9fdf5b9366fb,61ba1c0b-9989-4bc1-9cf1-38aaba6a893e,right,genetic::lvl-73.txt,genetic,LEFT,False,True,False,6.782,False,1,0,0,0,0,4,0,0,0,1,0,1669.7779597043295,1669.7779597043295,[]
v_e6178f91-d4b6-4694-979c-fd00ece658b0,anon_a9445e2d-8170-40b8-bfa3-9fdf5b9366fb,61ba1c0b-9989-4bc1-9cf1-38aaba6a893e,left,notchParamRand::lvl-84.txt,notchParamRand,LEFT,True,False,False,18.541,True,0,0,1,0,0,19,0,0,0,0,0,,,[]
v_e6178f91-d4b6-4694-979c-fd00ece658b0,anon_a9445e2d-8170-40b8-bfa3-9fdf5b9366fb,61ba1c0b-9989-4bc1-9cf1-38aaba6a893e,right,patternCount::lvl-39.txt,patternCount,LEFT,False,True,False,8.27,False,1,0,0,0,0,6,0,0,0,1,0,379.0,379.0,[]
v_0f332379-b1d2-49a0-b10a-65e84a3cdf61,anon_a9445e2d-8170-40b8-bfa3-9fdf5b9366fb,61ba1c0b-9989-4bc1-9cf1-38aaba6a893e,left,notchParamRand::lvl-6.txt,notchParamRand,LEFT,True,False,False,7.552,False,1,0,0,0,0,6,0,0,0,1,0,1549.5562206493362,1549.5562206493362,[]
v_0f332379-b1d2-49a0-b10a-65e84a3cdf61,anon_a9445e2d-8170-40b8-bfa3-9fdf5b9366fb,61ba1c0b-9989-4bc1-9cf1-38aaba6a893e,right,patternWeightCount::lvl-7.txt,patternWeightCount,LEFT,False,True,False,7.082,False,1,0,0,0,0,8,0,0,0,1,0,519.100392492,519.100392492,[]
v_0baec410-aea2-43d2-9293-cdc3f95e8f38,anon_a9445e2d-8170-40b8-bfa3-9fdf5b9366fb,9a208709-bf6a-4f7b-9bb5-b8e3d1041287,left,ore::lvl-16.txt,ore,LEFT,True,False,False,36.042,False,1,2,0,0,0,39,0,0,0,1,0,2505.949930701074,2505.949930701074,"['fun', 'good_flow']"
v_0baec410-aea2-43d2-9293-cdc3f95e8f38,anon_a9445e2d-8170-40b8-bfa3-9fdf5b9366fb,9a208709-bf6a-4f7b-9bb5-b8e3d1041287,right,patternCount::lvl-39.txt,patternCount,LEFT,False,True,False,6.447,False,1,0,0,0,0,6,0,0,0,1,0,383.55669892793065,383.55669892793065,['not_mario_like']
v_ef8e92a6-5d2c-4d92-9ac4-4d0f1168bbb5,anon_a9445e2d-8170-40b8-bfa3-9fdf5b9366fb,1bc545e4-79b9-46f8-b199-df158be3508b,left,notchParam::lvl-48.txt,notchParam,RIGHT,False,True,False,13.246,False,1,0,2,0,0,12,0,0,1,0,0,1997.076903089568,1997.076903089568,[]
v_ef8e92a6-5d2c-4d92-9ac4-4d0f1168bbb5,anon_a9445e2d-8170-40b8-bfa3-9fdf5b9366fb,1bc545e4-79b9-46f8-b199-df158be3508b,right,original::lvl-5.txt,original,RIGHT,True,False,False,19.109,False,1,1,1,0,1,14,0,0,1,0,0,943.2763947636907,943.2763947636907,[]
v_10130195-81ec-4e3c-ae0d-b682272c86d9,anon_a9445e2d-8170-40b8-bfa3-9fdf5b9366fb,1bc545e4-79b9-46f8-b199-df158be3508b,left,ore::lvl-100.txt,ore,LEFT,True,False,False,32.642,False,1,0,1,0,0,28,0,0,1,0,0,2127.2812347705362,2127.2812347705362,[]
v_10130195-81ec-4e3c-ae0d-b682272c86d9,anon_a9445e2d-8170-40b8-bfa3-9fdf5b9366fb,1bc545e4-79b9-46f8-b199-df158be3508b,right,original::lvl-5.txt,original,LEFT,False,True,False,3.106,False,1,0,0,0,0,1,0,0,1,0,0,277.97970662385444,277.97970662385444,[]
v_1f8848f4-a499-4053-85c8-388f29a9f6ab,anon_a9445e2d-8170-40b8-bfa3-9fdf5b9366fb,1bc545e4-79b9-46f8-b199-df158be3508b,left,ore::lvl-39.txt,ore,LEFT,True,False,False,1.414,False,1,0,0,0,0,0,0,0,1,0,0,67.07588808208976,67.07588808208976,[]
v_1f8848f4-a499-4053-85c8-388f29a9f6ab,anon_a9445e2d-8170-40b8-bfa3-9fdf5b9366fb,1bc545e4-79b9-46f8-b199-df158be3508b,right,patternWeightCount::lvl-59.txt,patternWeightCount,LEFT,False,True,False,2.805,False,1,0,0,0,0,1,0,0,0,1,0,125.90101418072346,125.90101418072346,[]
v_59e0cf1d-fd55-4f3d-b221-9ed08ddf366b,anon_a9445e2d-8170-40b8-bfa3-9fdf5b9366fb,1bc545e4-79b9-46f8-b199-df158be3508b,left,original::lvl-5.txt,original,LEFT,True,False,False,5.938,False,1,2,0,0,0,4,0,0,1,0,0,225.38498306059864,225.38498306059864,[]
v_59e0cf1d-fd55-4f3d-b221-9ed08ddf366b,anon_a9445e2d-8170-40b8-bfa3-9fdf5b9366fb,1bc545e4-79b9-46f8-b199-df158be3508b,right,patternCount::lvl-28.txt,patternCount,LEFT,False,True,False,3.841,False,1,0,0,0,0,4,0,0,0,1,0,221.9662638174447,221.9662638174447,[]
v_77c93404-e457-48b6-b2d8-709f5cc8fc5e,anon_a9445e2d-8170-40b8-bfa3-9fdf5b9366fb,1bc545e4-79b9-46f8-b199-df158be3508b,left,genetic::lvl-81.txt,genetic,RIGHT,False,True,False,17.774,True,0,0,0,0,0,7,0,0,0,0,0,,,[]
v_77c93404-e457-48b6-b2d8-709f5cc8fc5e,anon_a9445e2d-8170-40b8-bfa3-9fdf5b9366fb,1bc545e4-79b9-46f8-b199-df158be3508b,right,notchParamRand::lvl-76.txt,notchParamRand,RIGHT,True,False,False,25.475,True,0,0,2,0,0,20,0,0,0,0,0,,,[]
v_8450233e-f3ea-4b10-9da4-7f6eda311a2c,anon_a9445e2d-8170-40b8-bfa3-9fdf5b9366fb,1bc545e4-79b9-46f8-b199-df158be3508b,left,notch::lvl-2.txt,notch,LEFT,True,False,False,4.47,False,1,0,0,0,0,2,0,0,1,0,0,412.58786931788,412.58786931788,[]
v_8450233e-f3ea-4b10-9da4-7f6eda311a2c,anon_a9445e2d-8170-40b8-bfa3-9fdf5b9366fb,1bc545e4-79b9-46f8-b199-df158be3508b,right,patternCount::lvl-73.txt,patternCount,LEFT,False,True,False,4.608,False,1,0,0,0,0,4,0,0,0,1,0,104.72995952980538,104.72995952980538,[]
v_e43423af-63b7-4ab5-85cb-1c0b04c20614,anon_57b8b83d-01b4-4c11-a88c-b639bd2ed990,774374ac-bc29-4440-b608-9cd34b4be288,left,ore::lvl-79.txt,ore,LEFT,True,False,False,7.674,False,1,0,0,0,0,4,0,0,0,1,0,133.73619044614168,133.73619044614168,[]
v_e43423af-63b7-4ab5-85cb-1c0b04c20614,anon_57b8b83d-01b4-4c11-a88c-b639bd2ed990,774374ac-bc29-4440-b608-9cd34b4be288,right,notch::lvl-79.txt,notch,LEFT,False,True,False,20.279,True,0,0,1,0,0,22,0,0,0,0,0,,,[]
v_8488f715-d1ca-4dd9-b6d0-9860b88f23c5,anon_57b8b83d-01b4-4c11-a88c-b639bd2ed990,774374ac-bc29-4440-b608-9cd34b4be288,left,patternOccur::lvl-47.txt,patternOccur,LEFT,True,False,False,6.848,False,1,1,0,0,0,7,0,0,0,1,0,769.2180562700152,769.2180562700152,[]
v_8488f715-d1ca-4dd9-b6d0-9860b88f23c5,anon_57b8b83d-01b4-4c11-a88c-b639bd2ed990,774374ac-bc29-4440-b608-9cd34b4be288,right,patternWeightCount::lvl-1.txt,patternWeightCount,LEFT,False,True,False,3.239,False,1,0,0,0,0,3,0,0,0,1,0,321.68652,321.68652,[]
v_96c59c2b-898d-499a-bd00-ad321d2bef5c,anon_57b8b83d-01b4-4c11-a88c-b639bd2ed990,774374ac-bc29-4440-b608-9cd34b4be288,left,original::lvl-3.txt,original,LEFT,True,False,False,3.943,False,1,0,0,0,0,4,0,0,1,0,0,603.3471056325413,603.3471056325413,[]
v_96c59c2b-898d-499a-bd00-ad321d2bef5c,anon_57b8b83d-01b4-4c11-a88c-b639bd2ed990,774374ac-bc29-4440-b608-9cd34b4be288,right,patternWeightCount::lvl-72.txt,patternWeightCount,LEFT,False,True,False,3.573,False,1,0,0,0,0,4,0,0,0,1,0,235.0,235.0,[]
v_ed13d826-7733-4c31-8c42-30dbe8394baa,anon_57b8b83d-01b4-4c11-a88c-b639bd2ed990,774374ac-bc29-4440-b608-9cd34b4be288,left,notchParam::lvl-18.txt,notchParam,RIGHT,False,True,False,10.771,False,1,0,1,0,0,9,0,0,0,1,0,1107.8104027829122,1107.8104027829122,[]
v_ed13d826-7733-4c31-8c42-30dbe8394baa,anon_57b8b83d-01b4-4c11-a88c-b639bd2ed990,774374ac-bc29-4440-b608-9cd34b4be288,right,genetic::lvl-29.txt,genetic,RIGHT,True,False,False,16.385,True,0,0,0,0,0,10,0,0,0,0,0,,,[]
v_a0af1752-9c40-4e92-8557-6fda515f799b,anon_7f556d66-9db3-4f99-890e-799fd9038dfc,36b57791-40ae-422f-b4d2-d71da3c99f78,left,notch::lvl-84.txt,notch,RIGHT,False,True,False,8.905,False,1,0,0,0,0,11,0,0,1,0,0,1314.7439342744979,1314.7439342744979,[]
v_a0af1752-9c40-4e92-8557-6fda515f799b,anon_7f556d66-9db3-4f99-890e-799fd9038dfc,36b57791-40ae-422f-b4d2-d71da3c99f78,right,hopper::lvl-4.txt,hopper,RIGHT,True,False,False,4.208,False,1,0,0,0,0,3,0,0,0,1,0,1010.9339345716998,1010.9339345716998,[]
v_12fe80fc-170a-4e54-92d5-792dee24f3a4,anon_7f556d66-9db3-4f99-890e-799fd9038dfc,36b57791-40ae-422f-b4d2-d71da3c99f78,left,ore::lvl-9.txt,ore,LEFT,True,False,False,33.537,True,0,0,0,0,0,38,0,0,0,0,0,,,[]
v_12fe80fc-170a-4e54-92d5-792dee24f3a4,anon_7f556d66-9db3-4f99-890e-799fd9038dfc,36b57791-40ae-422f-b4d2-d71da3c99f78,right,patternWeightCount::lvl-39.txt,patternWeightCount,LEFT,False,True,False,1.668,False,1,0,0,0,0,1,0,0,0,1,0,123.0,123.0,[]
v_0bdd6bc3-19ae-468d-9309-8ad7fab0db70,anon_7f556d66-9db3-4f99-890e-799fd9038dfc,36b57791-40ae-422f-b4d2-d71da3c99f78,left,notchParam::lvl-79.txt,notchParam,RIGHT,False,True,False,4.051,False,1,0,0,0,0,2,0,0,0,1,0,618.2486701735097,618.2486701735097,['boring']
v_0bdd6bc3-19ae-468d-9309-8ad7fab0db70,anon_7f556d66-9db3-4f99-890e-799fd9038dfc,36b57791-40ae-422f-b4d2-d71da3c99f78,right,original::lvl-11.txt,original,RIGHT,True,False,False,3.273,False,1,2,0,0,0,4,0,0,1,0,0,346.0422485262841,346.0422485262841,['good_flow']
v_e3daa3a7-d981-442f-a3ab-cfa5432b9576,anon_7f556d66-9db3-4f99-890e-799fd9038dfc,36b57791-40ae-422f-b4d2-d71da3c99f78,left,ore::lvl-83.txt,ore,LEFT,True,False,False,6.84,False,1,1,0,0,0,2,0,0,0,1,0,60.4093345779686,60.4093345779686,['creative']
v_e3daa3a7-d981-442f-a3ab-cfa5432b9576,anon_7f556d66-9db3-4f99-890e-799fd9038dfc,36b57791-40ae-422f-b4d2-d71da3c99f78,right,patternCount::lvl-56.txt,patternCount,LEFT,False,True,False,9.368,False,1,0,0,0,0,10,0,0,0,1,0,301.35682144887846,301.35682144887846,['too_hard']
v_ebbf9690-bb64-46c9-be10-d51842bec204,anon_376d7289-fc63-4549-9336-2b8703819566,607d9837-87a3-4980-81ba-91f2ea2a6bde,left,patternCount::lvl-61.txt,patternCount,RIGHT,False,True,False,2.508,False,1,0,0,0,0,1,0,0,0,1,0,76.65741466428189,76.65741466428189,['too_hard']
v_ebbf9690-bb64-46c9-be10-d51842bec204,anon_376d7289-fc63-4549-9336-2b8703819566,607d9837-87a3-4980-81ba-91f2ea2a6bde,right,genetic::lvl-63.txt,genetic,RIGHT,True,False,False,3.902,False,1,0,0,0,0,1,0,0,0,1,0,487.2776465772985,487.2776465772985,"['good_flow', 'too_easy', 'too_hard']"
