level_id,generator,width,height,solid_density,breakable_density,question_density,coin_density,powerup_density,pipe_density,reward_density,reward_count,enemy_density,enemy_goomba_density,enemy_koopa_density,enemy_spiky_density,enemy_bullet_density,enemy_types_present,gap_count,max_gap_width,gap_fraction,gap_frequency,surface_linearity_r2,surface_mean_abs_resid,surface_roughness,surface_mean_height,surface_height_range,vertical_solid_max,vertical_solid_mean,air_fraction,unique_column_ratio,column_entropy,tile_entropy,compression_ratio,leniency,ncd_to_original
genetic::lvl-1.txt,genetic,200.0,16.0,0.06,0.000625,0.0009375,0.0025,0.001875,0.0040625,0.004375,14.0,0.00125,0.0009375,0.0003125,0.0,0.0,2.0,5.0,4.0,0.075,0.025,0.006783477341119726,0.8721638040951024,0.3417085427135678,1.595,5.0,1.0,0.925,0.8909375,0.11,2.727341927588489,0.7300202098358533,0.0656298600311042,-0.08187499999999999,0.8436498899027284
genetic::lvl-10.txt,genetic,200.0,16.0,0.0928125,0.0009375,0.0,0.001875,0.0,0.0065625,0.001875,6.0,0.001875,0.00125,0.000625,0.0,0.0,2.0,1.0,3.0,0.015,0.005,0.07227527595246153,1.4214228755718892,0.46733668341708545,2.92,5.0,2.0,1.065,0.8075,0.16,3.4587370871336898,1.0690210518279162,0.07091757387247279,-0.0225,0.8436338063329891
genetic::lvl-100.txt,genetic,200.0,16.0,0.07875,0.0,0.0,0.0,0.0,0.005,0.0,0.0,0.0021875,0.0009375,0.00125,0.0,0.0,2.0,1.0,4.0,0.02,0.005,0.0027567263111288876,1.1712355583889598,0.24120603015075376,1.835,5.0,2.0,0.99,0.8778125,0.085,1.9128195166511428,0.7580812297866576,0.05287713841368585,-0.0321875,0.8581759432199513
genetic::lvl-11.txt,genetic,200.0,16.0,0.07375,0.0003125,0.0003125,0.0009375,0.0,0.00875,0.0009375,3.0,0.000625,0.000625,0.0,0.0,0.0,1.0,2.0,3.0,0.025,0.01,0.03310805696409691,1.352908010200255,0.4020100502512563,2.2,5.0,2.0,1.03,0.8521875,0.115,2.5954284319392498,0.8874301985645459,0.06314152410575427,-0.0321875,0.8365119743262223
genetic::lvl-12.txt,genetic,200.0,16.0,0.0803125,0.0025,0.0009375,0.0015625,0.0003125,0.0,0.001875,6.0,0.0021875,0.000625,0.0015625,0.0,0.0,2.0,1.0,5.0,0.025,0.005,0.0048480384952022115,1.349796257406435,0.4120603015075377,2.185,5.0,3.0,1.015,0.86375,0.13,2.892204251864024,0.8307654878992519,0.06189735614307931,-0.0378125,0.8443938563556226
genetic::lvl-13.txt,genetic,200.0,16.0,0.06625,0.000625,0.000625,0.0015625,0.0003125,0.004375,0.001875,6.0,0.0025,0.0009375,0.0015625,0.0,0.0,2.0,6.0,6.0,0.11,0.03,8.318455173950134e-05,1.3149937973449337,0.4472361809045226,2.035,5.0,2.0,0.93,0.864375,0.125,3.172498629469998,0.840335261507485,0.07091757387247279,-0.125625,0.8343538282958725
genetic::lvl-14.txt,genetic,200.0,16.0,0.0746875,0.0,0.0,0.0,0.0,0.00375,0.0,0.0,0.0021875,0.0003125,0.001875,0.0,0.0,2.0,3.0,3.0,0.04,0.015,0.05837828170901982,1.3488976674416862,0.46733668341708545,2.49,5.0,2.0,0.995,0.838125,0.12,3.064289753015154,0.9181362755843001,0.06469673405909798,-0.0496875,0.8497035074508767
genetic::lvl-15.txt,genetic,200.0,16.0,0.073125,0.000625,0.0009375,0.0015625,0.0,0.009375,0.0015625,5.0,0.000625,0.0,0.000625,0.0,0.0,1.0,3.0,5.0,0.055,0.015,0.003651054493446493,1.4722163354083853,0.4723618090452261,2.13,5.0,3.0,1.02,0.85625,0.13,2.728408732201104,0.8787041304780134,0.0656298600311042,-0.0665625,0.8381387641825914
genetic::lvl-16.txt,genetic,200.0,16.0,0.06875,0.000625,0.0003125,0.00125,0.0,0.01,0.00125,4.0,0.0015625,0.00125,0.0003125,0.0,0.0,2.0,2.0,3.0,0.025,0.01,0.0010382502970887053,1.2540459461486537,0.38190954773869346,2.19,5.0,1.0,0.975,0.85125,0.105,2.8406539262009654,0.9015740886173207,0.06936236391912909,-0.0328125,0.8521515476195626
genetic::lvl-17.txt,genetic,200.0,16.0,0.065625,0.000625,0.0015625,0.001875,0.0,0.00625,0.001875,6.0,0.001875,0.00125,0.000625,0.0,0.0,2.0,3.0,3.0,0.04,0.015,0.0595408064380516,0.9146949223730594,0.32160804020100503,1.81,5.0,2.0,0.975,0.8775,0.12,2.7130834858930264,0.7889312410766098,0.06283048211508553,-0.0475,0.8390037201315408
genetic::lvl-18.txt,genetic,200.0,16.0,0.0628125,0.0003125,0.0009375,0.0015625,0.0003125,0.0059375,0.001875,6.0,0.0025,0.0009375,0.0015625,0.0,0.0,2.0,2.0,5.0,0.04,0.01,0.010153383697144358,1.0360258531463287,0.33668341708542715,1.76,5.0,1.0,0.96,0.8803125,0.12,2.447346544504684,0.7740146745103376,0.06780715396578538,-0.053125000000000006,0.8402468777137979
genetic::lvl-19.txt,genetic,200.0,16.0,0.061875,0.0003125,0.0015625,0.003125,0.001875,0.0025,0.005,16.0,0.00125,0.000625,0.000625,0.0,0.0,2.0,6.0,6.0,0.11,0.03,0.004405765316546684,1.241506997674942,0.4623115577889447,2.0,5.0,2.0,0.95,0.8665625,0.12,3.211993994034598,0.8273693417166652,0.06967340590979783,-0.12125,0.8443465577585959
genetic::lvl-2.txt,genetic,200.0,16.0,0.06125,0.0,0.0,0.0003125,0.000625,0.001875,0.0009375,3.0,0.0025,0.0015625,0.0009375,0.0,0.0,2.0,6.0,5.0,0.09,0.03,0.021059273959144753,1.075072331808295,0.41708542713567837,1.88,5.0,2.0,0.925,0.876875,0.1,2.7910135691067817,0.7638914440756038,0.06500777604976672,-0.1040625,0.8456724936843356
genetic::lvl-20.txt,genetic,200.0,16.0,0.0834375,0.0009375,0.0009375,0.00125,0.0,0.01,0.00125,4.0,0.0021875,0.000625,0.0015625,0.0,0.0,2.0,3.0,4.0,0.05,0.015,0.009429622149303096,1.2796484437110929,0.38190954773869346,2.195,5.0,2.0,1.01,0.8490625,0.135,3.046460143321162,0.9251128980652501,0.0671850699844479,-0.060937500000000006,0.8408500719413906
genetic::lvl-21.txt,genetic,200.0,16.0,0.081875,0.0015625,0.0003125,0.00125,0.0009375,0.0078125,0.0021875,7.0,0.003125,0.00125,0.001875,0.0,0.0,2.0,1.0,4.0,0.02,0.005,0.03262132365583503,1.4848435760894023,0.40703517587939697,2.3,5.0,2.0,1.02,0.846875,0.13,2.7569754163578595,0.9365577494456763,0.06438569206842924,-0.0309375,0.8486182432394961
genetic::lvl-22.txt,genetic,200.0,16.0,0.0859375,0.0003125,0.0,0.0,0.0003125,0.0115625,0.0003125,1.0,0.003125,0.0015625,0.0015625,0.0,0.0,2.0,4.0,4.0,0.075,0.02,0.15125788115694205,1.3938122253056326,0.4221105527638191,2.465,5.0,2.0,0.995,0.83125,0.14,3.3990314848730425,0.9951998064091974,0.06905132192846034,-0.0878125,0.8407029155730917
genetic::lvl-23.txt,genetic,200.0,16.0,0.058125,0.0,0.0,0.0,0.0,0.00375,0.0,0.0,0.0028125,0.00125,0.0015625,0.0,0.0,2.0,4.0,6.0,0.07,0.02,0.004765162801526612,0.8727798919972999,0.2914572864321608,1.525,4.0,1.0,0.93,0.8978125,0.065,1.9394567719636617,0.6697679096730699,0.0510108864696734,-0.0878125,0.8568954669251186
genetic::lvl-24.txt,genetic,200.0,16.0,0.0753125,0.0009375,0.000625,0.00125,0.0003125,0.0084375,0.0015625,5.0,0.00125,0.0009375,0.0003125,0.0,0.0,2.0,2.0,5.0,0.04,0.01,0.013751375133658872,1.3479978174454361,0.40703517587939697,2.36,5.0,2.0,1.005,0.8425,0.125,2.964611451815199,0.9384202934333657,0.06811819595645412,-0.0521875,0.8431069986809787
genetic::lvl-25.txt,genetic,200.0,16.0,0.0696875,0.0,0.0,0.0,0.0,0.001875,0.0,0.0,0.0021875,0.000625,0.0015625,0.0,0.0,2.0,2.0,6.0,0.04,0.01,0.0007428343603325116,1.038869046726168,0.2663316582914573,1.7,5.0,2.0,1.0,0.889375,0.09,2.174387330375851,0.6987243308738628,0.05256609642301711,-0.0571875,0.852376903347189
genetic::lvl-26.txt,genetic,200.0,16.0,0.069375,0.000625,0.000625,0.0009375,0.0009375,0.0015625,0.001875,6.0,0.001875,0.0009375,0.0009375,0.0,0.0,2.0,2.0,6.0,0.05,0.01,0.05712112468876174,1.09053585839646,0.3015075376884422,1.79,5.0,2.0,0.975,0.883125,0.105,2.3923365864931325,0.742868501434576,0.05909797822706065,-0.065,0.8434139541419832
genetic::lvl-27.txt,genetic,200.0,16.0,0.0684375,0.00125,0.001875,0.00375,0.0028125,0.001875,0.0065625,21.0,0.0021875,0.0009375,0.00125,0.0,0.0,2.0,1.0,2.0,0.01,0.005,0.007425390807140331,0.6928207080177005,0.3015075376884422,1.445,5.0,2.0,0.995,0.90125,0.13,2.330877908760968,0.6694747956752611,0.060031104199066876,-0.010625,0.8434372401230248
genetic::lvl-28.txt,genetic,200.0,16.0,0.0678125,0.000625,0.000625,0.0025,0.0009375,0.0015625,0.0034375,11.0,0.001875,0.000625,0.00125,0.0,0.0,2.0,3.0,6.0,0.075,0.015,0.24760107952975074,0.9099483987099677,0.2814070351758794,1.8,5.0,2.0,0.945,0.8809375,0.12,2.9443336487711775,0.7649813959831088,0.05909797822706065,-0.0884375,0.8504783308909307
genetic::lvl-29.txt,genetic,200.0,16.0,0.070625,0.0021875,0.00125,0.0028125,0.0015625,0.0025,0.004375,14.0,0.000625,0.000625,0.0,0.0,0.0,1.0,2.0,5.0,0.045,0.01,0.021820511150553612,1.1352794269856745,0.36683417085427134,1.89,5.0,3.0,0.99,0.87625,0.115,2.7828837431283637,0.7921318024512503,0.06189735614307931,-0.05374999999999999,0.8432085229553477
genetic::lvl-3.txt,genetic,200.0,16.0,0.070625,0.0003125,0.0,0.0003125,0.0,0.006875,0.0003125,1.0,0.001875,0.0015625,0.0003125,0.0,0.0,2.0,2.0,3.0,0.03,0.01,0.01206577175791157,1.206921563039076,0.36683417085427134,1.91,5.0,2.0,0.99,0.8721875,0.11,2.394766724705377,0.7981353948594212,0.060342146189735615,-0.0390625,0.8529382617958428
genetic::lvl-30.txt,genetic,200.0,16.0,0.07625,0.00125,0.0003125,0.000625,0.0015625,0.005,0.0021875,7.0,0.0025,0.0015625,0.0009375,0.0,0.0,2.0,4.0,6.0,0.085,0.02,0.06781105120848363,1.5861859446486162,0.49246231155778897,2.35,5.0,3.0,1.04,0.8465625,0.16,3.0608040386921243,0.9236234066113507,0.06780715396578538,-0.10031250000000001,0.8516789747762733
genetic::lvl-31.txt,genetic,200.0,16.0,0.078125,0.0015625,0.000625,0.00125,0.0015625,0.011875,0.0028125,9.0,0.0003125,0.0,0.0003125,0.0,0.0,1.0,2.0,6.0,0.055,0.01,0.011487840605458155,1.177935385884647,0.4321608040201005,2.015,5.0,1.0,0.945,0.8621875,0.13,3.182845164746781,0.8737957956836913,0.0671850699844479,-0.0675,0.8376571288501222
genetic::lvl-32.txt,genetic,200.0,16.0,0.0790625,0.0015625,0.0003125,0.001875,0.0009375,0.005,0.0028125,9.0,0.0025,0.00125,0.00125,0.0,0.0,2.0,2.0,4.0,0.03,0.01,0.09741461142815266,1.1444230780769518,0.32160804020100503,2.07,5.0,2.0,0.98,0.8628125,0.125,2.843523863071881,0.8614814896839068,0.06158631415241057,-0.0396875,0.8416436027570738
genetic::lvl-33.txt,genetic,200.0,16.0,0.0703125,0.0,0.0,0.000625,0.0,0.006875,0.000625,2.0,0.0025,0.001875,0.000625,0.0,0.0,2.0,3.0,4.0,0.05,0.015,0.022283561462190016,1.0954774019350484,0.35175879396984927,1.915,5.0,1.0,0.95,0.8703125,0.11,2.6814803684408943,0.8134451174696197,0.06345256609642301,-0.061875000000000006,0.8454619082991263
genetic::lvl-34.txt,genetic,200.0,16.0,0.0659375,0.000625,0.0025,0.005,0.0021875,0.0021875,0.0071875,23.0,0.00125,0.000625,0.000625,0.0,0.0,2.0,5.0,4.0,0.08,0.025,0.0018968086739680201,1.1661687017175428,0.4020100502512563,1.775,5.0,2.0,0.945,0.879375,0.115,3.0025665538115813,0.7857040816069017,0.06500777604976672,-0.0840625,0.8561839879501415
genetic::lvl-35.txt,genetic,200.0,16.0,0.0653125,0.00125,0.0009375,0.0015625,0.00125,0.006875,0.0028125,9.0,0.0025,0.00125,0.00125,0.0,0.0,2.0,4.0,4.0,0.07,0.02,0.00035441662079660485,1.2518490212255307,0.4623115577889447,2.045,4.0,2.0,0.945,0.8609375,0.13,3.068416912649484,0.8717609138506254,0.06656298600311042,-0.07968750000000001,0.8456798710005893
genetic::lvl-36.txt,genetic,200.0,16.0,0.07125,0.0015625,0.0,0.0003125,0.0003125,0.0084375,0.000625,2.0,0.0025,0.0015625,0.0009375,0.0,0.0,2.0,4.0,6.0,0.085,0.02,0.054827350474940695,1.4133307432685818,0.4371859296482412,2.165,5.0,2.0,0.93,0.854375,0.14,3.0916779904083445,0.8924870935610814,0.06376360808709176,-0.10187500000000001,0.8452184000389716
genetic::lvl-37.txt,genetic,200.0,16.0,0.0734375,0.0028125,0.001875,0.00375,0.0021875,0.00375,0.0059375,19.0,0.001875,0.000625,0.00125,0.0,0.0,2.0,1.0,5.0,0.025,0.005,0.0763557231919536,0.9312145428635715,0.4221105527638191,1.805,5.0,1.0,0.975,0.88125,0.15,3.007535149267343,0.7921914014937361,0.060031104199066876,-0.03343750000000001,0.8511715135463493
genetic::lvl-38.txt,genetic,200.0,16.0,0.073125,0.000625,0.000625,0.000625,0.003125,0.005625,0.00375,12.0,0.0021875,0.0009375,0.00125,0.0,0.0,2.0,2.0,6.0,0.055,0.01,0.003763480162039423,1.4905048826220655,0.4723618090452261,2.135,5.0,1.0,0.945,0.855625,0.1,2.6509383348861983,0.8851259248314245,0.0640746500777605,-0.06843750000000001,0.842545595672753
genetic::lvl-39.txt,genetic,200.0,16.0,0.0684375,0.0003125,0.0,0.00125,0.000625,0.005,0.001875,6.0,0.001875,0.0009375,0.0009375,0.0,0.0,2.0,1.0,4.0,0.02,0.005,0.043902931197218,0.9799001575039377,0.22110552763819097,1.61,5.0,1.0,0.98,0.89125,0.095,1.6866158401803744,0.700262861820192,0.05536547433903577,-0.030000000000000006,0.8647355892441315
genetic::lvl-4.txt,genetic,200.0,16.0,0.065625,0.00125,0.00125,0.0025,0.0009375,0.00375,0.0034375,11.0,0.0028125,0.0015625,0.00125,0.0,0.0,2.0,7.0,6.0,0.135,0.035,0.004680151173924729,1.284449531238281,0.4472361809045226,2.055,5.0,2.0,0.875,0.864375,0.165,3.4242454570881673,0.8521052020027451,0.07029548989113531,-0.14937499999999998,0.8336383166982184
genetic::lvl-40.txt,genetic,200.0,16.0,0.070625,0.0,0.0,0.0,0.0,0.001875,0.0,0.0,0.0009375,0.000625,0.0003125,0.0,0.0,2.0,1.0,4.0,0.02,0.005,0.0026433117508541937,1.2221631815795395,0.3015075376884422,1.815,5.0,1.0,0.98,0.8834375,0.07,1.6956174983730534,0.7112995064659413,0.047900466562986,-0.0309375,0.8553018386051126
genetic::lvl-41.txt,genetic,200.0,16.0,0.0790625,0.0009375,0.000625,0.00125,0.001875,0.005,0.003125,10.0,0.0028125,0.001875,0.0009375,0.0,0.0,2.0,2.0,6.0,0.05,0.01,0.004727826004214286,1.2279795694892373,0.25125628140703515,2.12,5.0,2.0,0.98,0.8578125,0.145,3.0808961178377112,0.8859867591598607,0.06438569206842924,-0.06468750000000001,0.8336807746166203
genetic::lvl-42.txt,genetic,200.0,16.0,0.0603125,0.0003125,0.000625,0.001875,0.0003125,0.0025,0.0021875,7.0,0.001875,0.0015625,0.0003125,0.0,0.0,2.0,4.0,4.0,0.07,0.02,0.0022660836979656596,1.040476666916673,0.3165829145728643,1.685,4.0,1.0,0.93,0.888125,0.095,2.381681992403629,0.7227120952248611,0.061275272161741834,-0.07968750000000001,0.8473337587142704
genetic::lvl-43.txt,genetic,200.0,16.0,0.071875,0.0,0.0,0.0,0.0,0.009375,0.0,0.0,0.0028125,0.0009375,0.001875,0.0,0.0,2.0,2.0,3.0,0.03,0.01,0.012914222354936777,1.4943549388734718,0.35175879396984927,2.365,5.0,2.0,1.0,0.84,0.105,2.6187885191391533,0.9357381848031588,0.06376360808709176,-0.0403125,0.8533769191734176
genetic::lvl-44.txt,genetic,200.0,16.0,0.065625,0.000625,0.0,0.000625,0.00125,0.001875,0.001875,6.0,0.000625,0.0,0.000625,0.0,0.0,1.0,3.0,6.0,0.07,0.015,0.03150474085619881,0.8912778969474238,0.3015075376884422,1.57,5.0,2.0,0.96,0.898125,0.095,2.3501204297477853,0.6649989519756896,0.05723172628304821,-0.08375,0.8501939349081914
genetic::lvl-45.txt,genetic,200.0,16.0,0.0653125,0.0003125,0.0009375,0.00125,0.0009375,0.00625,0.0021875,7.0,0.001875,0.0009375,0.0009375,0.0,0.0,2.0,5.0,6.0,0.095,0.025,0.02398256194342485,1.2686802370059251,0.5226130653266332,2.07,5.0,2.0,0.92,0.860625,0.125,3.1000527098604276,0.8582782512112344,0.07153965785381027,-0.10968750000000001,0.8399505617624743
genetic::lvl-46.txt,genetic,200.0,16.0,0.0709375,0.0,0.0,0.0,0.000625,0.005625,0.000625,2.0,0.003125,0.0025,0.000625,0.0,0.0,2.0,2.0,6.0,0.05,0.01,0.004129438108587902,1.2974204605115127,0.37185929648241206,2.19,5.0,1.0,0.95,0.8534375,0.115,2.956924079071758,0.8793285615655533,0.06780715396578538,-0.0675,0.8537512168922541
genetic::lvl-47.txt,genetic,200.0,16.0,0.0678125,0.0,0.0003125,0.0003125,0.0,0.00625,0.0003125,1.0,0.0025,0.001875,0.000625,0.0,0.0,2.0,5.0,6.0,0.105,0.025,0.015067162167834769,1.448106600165004,0.49246231155778897,2.335,5.0,2.0,0.94,0.8446875,0.11,3.107512019046651,0.9033315420792187,0.07029548989113531,-0.1221875,0.845635872813542
genetic::lvl-48.txt,genetic,200.0,16.0,0.07,0.000625,0.0003125,0.0009375,0.000625,0.005625,0.0015625,5.0,0.001875,0.0003125,0.0015625,0.0,0.0,2.0,3.0,5.0,0.065,0.015,0.013270387881663903,1.3630019800495012,0.4472361809045226,2.155,5.0,2.0,0.965,0.856875,0.13,2.9591602542674216,0.8711075970359252,0.06749611197511664,-0.0778125,0.8384491206567258
genetic::lvl-49.txt,genetic,200.0,16.0,0.0815625,0.003125,0.0015625,0.0028125,0.0009375,0.00375,0.00375,12.0,0.0015625,0.0015625,0.0,0.0,0.0,1.0,1.0,3.0,0.015,0.005,2.669066458949043e-05,1.5437060301507537,0.39195979899497485,2.245,5.0,2.0,1.03,0.8575,0.145,2.874317472419881,0.8844488309208244,0.06251944012441679,-0.020312499999999997,0.8380424752337037
genetic::lvl-5.txt,genetic,200.0,16.0,0.0840625,0.00125,0.00125,0.0028125,0.000625,0.006875,0.0034375,11.0,0.0028125,0.00125,0.0015625,0.0,0.0,2.0,0.0,0.0,0.0,0.0,0.001035147470879072,1.4813045301132528,0.36180904522613067,2.52,4.0,2.0,1.005,0.83125,0.145,3.1526912693389018,1.0006628888957338,0.06500777604976672,0.0006250000000000001,0.8464210362378063
genetic::lvl-50.txt,genetic,200.0,16.0,0.068125,0.000625,0.0003125,0.000625,0.000625,0.001875,0.00125,4.0,0.0028125,0.001875,0.0009375,0.0,0.0,2.0,2.0,6.0,0.05,0.01,0.08121588480325037,1.1212971874296858,0.32160804020100503,1.85,5.0,2.0,0.97,0.88,0.105,2.4721454208872715,0.7588399625961064,0.05878693623639191,-0.0665625,0.8546923392717002
genetic::lvl-51.txt,genetic,200.0,16.0,0.0640625,0.0,0.0,0.0,0.0,0.001875,0.0,0.0,0.0015625,0.0009375,0.000625,0.0,0.0,2.0,3.0,5.0,0.045,0.015,0.020776726169209114,1.207471701792545,0.37185929648241206,2.15,5.0,2.0,0.96,0.861875,0.07,2.4538156206555426,0.8098390209074923,0.0640746500777605,-0.059062500000000004,0.8439564964798099
genetic::lvl-52.txt,genetic,200.0,16.0,0.0703125,0.0015625,0.0009375,0.0021875,0.00125,0.006875,0.0034375,11.0,0.0025,0.0009375,0.0015625,0.0,0.0,2.0,3.0,3.0,0.035,0.015,0.01548974237237799,1.218401470036751,0.4120603015075377,1.945,5.0,1.0,0.965,0.868125,0.14,2.775941885804945,0.8469523570972359,0.0671850699844479,-0.0415625,0.8442454676786287
genetic::lvl-53.txt,genetic,200.0,16.0,0.064375,0.0003125,0.0003125,0.000625,0.0003125,0.00375,0.0009375,3.0,0.0015625,0.000625,0.0009375,0.0,0.0,2.0,2.0,4.0,0.04,0.01,0.020560425682820793,0.7572283507087678,0.20100502512562815,1.485,4.0,1.0,0.96,0.90125,0.09,1.9530110816153057,0.6548848485791237,0.049144634525660966,-0.050625,0.8619490876788742
genetic::lvl-54.txt,genetic,200.0,16.0,0.065625,0.003125,0.00125,0.0034375,0.0021875,0.005625,0.005625,18.0,0.001875,0.000625,0.00125,0.0,0.0,2.0,2.0,3.0,0.025,0.01,0.003999407561576684,1.2272353783844596,0.44221105527638194,1.84,5.0,2.0,0.98,0.8784375,0.11,2.4463417596421535,0.8033729809140121,0.061275272161741834,-0.028750000000000005,0.8499054931423095
genetic::lvl-55.txt,genetic,200.0,16.0,0.0721875,0.0,0.0,0.0,0.0,0.005,0.0,0.0,0.0009375,0.000625,0.0003125,0.0,0.0,2.0,4.0,3.0,0.05,0.02,0.014062963337834189,1.347035145878647,0.49246231155778897,2.315,5.0,2.0,0.98,0.8490625,0.09,2.7582844505054314,0.87569956879819,0.06594090202177294,-0.0584375,0.8561919856046681
genetic::lvl-56.txt,genetic,200.0,16.0,0.0653125,0.003125,0.0015625,0.004375,0.0025,0.0053125,0.006875,22.0,0.0028125,0.001875,0.0009375,0.0,0.0,2.0,5.0,6.0,0.11,0.025,0.007749442130176254,1.2101608865221631,0.5527638190954773,1.945,5.0,2.0,0.91,0.8690625,0.18,3.6199492408073737,0.8639312429121975,0.07465007776049767,-0.12093749999999999,0.8577925440290366
genetic::lvl-57.txt,genetic,200.0,16.0,0.07875,0.000625,0.0003125,0.00125,0.001875,0.005,0.003125,10.0,0.0009375,0.0,0.0009375,0.0,0.0,1.0,4.0,6.0,0.08,0.02,0.07827893158125876,1.20713189079727,0.4321608040201005,2.215,5.0,2.0,0.925,0.8525,0.12,3.1575081378295686,0.8947526987534935,0.0640746500777605,-0.09281249999999999,0.8508926480691184
genetic::lvl-58.txt,genetic,200.0,16.0,0.0703125,0.000625,0.0015625,0.004375,0.0015625,0.0121875,0.0059375,19.0,0.0021875,0.0009375,0.00125,0.0,0.0,2.0,5.0,4.0,0.06,0.025,0.010950562339332781,1.1893779794494863,0.46733668341708545,2.215,5.0,2.0,0.955,0.8421875,0.175,3.7622136587501953,0.9762979662708757,0.07931570762052877,-0.06625,0.8547376257940567
genetic::lvl-59.txt,genetic,200.0,16.0,0.06375,0.00125,0.0021875,0.0028125,0.00125,0.0,0.0040625,13.0,0.0025,0.0015625,0.0009375,0.0,0.0,2.0,6.0,6.0,0.125,0.03,0.0007810607988809615,1.1105338633465838,0.41708542713567837,1.89,5.0,2.0,0.915,0.8775,0.125,3.3075368505824785,0.7768842742660469,0.061275272161741834,-0.1384375,0.8525597614971853
genetic::lvl-6.txt,genetic,200.0,16.0,0.0759375,0.0,0.0,0.0,0.0,0.00625,0.0,0.0,0.0028125,0.00125,0.0015625,0.0,0.0,2.0,3.0,5.0,0.055,0.015,0.003983689695914339,1.3545454961374035,0.3417085427135678,2.17,5.0,3.0,1.025,0.855,0.135,3.087417796896122,0.8739241395481994,0.06220839813374806,-0.0703125,0.8511428869407496
genetic::lvl-60.txt,genetic,200.0,16.0,0.0703125,0.0,0.0,0.0,0.0,0.00875,0.0,0.0,0.0015625,0.000625,0.0009375,0.0,0.0,2.0,3.0,6.0,0.08,0.015,0.018190688069056216,1.3177005850146253,0.35175879396984927,1.98,5.0,1.0,0.92,0.865625,0.115,2.7827931043282015,0.8279456372231999,0.060031104199066876,-0.0965625,0.8530571895612228
genetic::lvl-61.txt,genetic,200.0,16.0,0.0659375,0.0015625,0.0009375,0.0025,0.00125,0.005,0.00375,12.0,0.001875,0.0009375,0.0009375,0.0,0.0,2.0,1.0,5.0,0.025,0.005,0.0024228040573547327,0.7003474161854046,0.21105527638190955,1.435,5.0,1.0,0.975,0.9028125,0.105,1.9434627806717226,0.6654807888888514,0.05505443234836703,-0.035625000000000004,0.8553283027206023
genetic::lvl-62.txt,genetic,200.0,16.0,0.0690625,0.0,0.0,0.0,0.0,0.0,0.0,0.0,0.003125,0.0025,0.000625,0.0,0.0,2.0,3.0,6.0,0.075,0.015,0.03354932156183177,1.0611682667066678,0.32663316582914576,1.735,4.0,2.0,0.935,0.888125,0.075,2.3128857995752075,0.6968513944179497,0.053810264385692065,-0.093125,0.8611227643929658
genetic::lvl-63.txt,genetic,200.0,16.0,0.0759375,0.0009375,0.0009375,0.001875,0.0,0.001875,0.001875,6.0,0.0028125,0.0009375,0.001875,0.0,0.0,2.0,4.0,6.0,0.08,0.02,4.425530460450133e-05,1.2688002250056252,0.4723618090452261,2.21,5.0,1.0,0.92,0.8571875,0.115,3.2188772196197273,0.8656822090306135,0.06500777604976672,-0.0959375,0.8404821507839644
genetic::lvl-64.txt,genetic,200.0,16.0,0.0740625,0.0009375,0.0003125,0.0009375,0.0003125,0.0065625,0.00125,4.0,0.0028125,0.0021875,0.000625,0.0,0.0,2.0,3.0,4.0,0.045,0.015,0.025854054441198482,1.4930708542713569,0.47738693467336685,2.345,5.0,2.0,0.97,0.8459375,0.125,2.9190915751291144,0.92301574665732,0.07247278382581648,-0.0565625,0.8458414414131297
genetic::lvl-65.txt,genetic,200.0,16.0,0.0659375,0.000625,0.000625,0.000625,0.0,0.0025,0.000625,2.0,0.0015625,0.000625,0.0009375,0.0,0.0,2.0,6.0,6.0,0.115,0.03,0.009722866819013243,1.4806182854571364,0.5829145728643216,2.34,5.0,2.0,0.915,0.85,0.095,2.999954314409944,0.8664663570255747,0.06842923794712286,-0.13093749999999998,0.8527744391263652
genetic::lvl-66.txt,genetic,200.0,16.0,0.06875,0.0,0.0003125,0.000625,0.000625,0.005625,0.00125,4.0,0.000625,0.0003125,0.0003125,0.0,0.0,2.0,3.0,6.0,0.075,0.015,0.03961295375122087,1.0955197179929497,0.3417085427135678,1.825,4.0,2.0,0.97,0.878125,0.1,2.5463490205215313,0.7695781838362106,0.060964230171073094,-0.089375,0.844399533659368
genetic::lvl-67.txt,genetic,200.0,16.0,0.0678125,0.0,0.0015625,0.0028125,0.0021875,0.0025,0.005,16.0,0.0025,0.00125,0.00125,0.0,0.0,2.0,3.0,6.0,0.055,0.015,0.027127719346455526,0.9854003600090003,0.32160804020100503,1.695,5.0,1.0,0.945,0.88375,0.12,2.734844845989887,0.759966968655116,0.06500777604976672,-0.0675,0.8466791794982751
genetic::lvl-68.txt,genetic,200.0,16.0,0.06125,0.0009375,0.000625,0.0009375,0.00125,0.0025,0.0021875,7.0,0.0025,0.000625,0.001875,0.0,0.0,2.0,3.0,3.0,0.04,0.015,0.03820415689385548,1.0142854421360534,0.36180904522613067,1.765,4.0,1.0,0.96,0.8834375,0.09,2.2336374657603693,0.7505184453561666,0.056920684292379474,-0.0478125,0.8521078792971122
genetic::lvl-69.txt,genetic,200.0,16.0,0.0659375,0.0015625,0.0015625,0.003125,0.0015625,0.0021875,0.0046875,15.0,0.0025,0.0009375,0.0015625,0.0,0.0,2.0,2.0,3.0,0.025,0.01,0.1286482530631945,1.0471063076576914,0.2914572864321608,1.755,5.0,1.0,0.975,0.884375,0.11,2.4434057842299914,0.7576917833665746,0.060031104199066876,-0.0303125,0.8424084247422599
genetic::lvl-7.txt,genetic,200.0,16.0,0.0753125,0.0009375,0.000625,0.001875,0.0003125,0.00875,0.0021875,7.0,0.0028125,0.000625,0.0021875,0.0,0.0,2.0,1.0,2.0,0.01,0.005,0.03871330553142227,1.2276608490212255,0.2914572864321608,2.025,5.0,2.0,0.995,0.8603125,0.135,2.711018986434316,0.8783560423399717,0.06469673405909798,-0.015625,0.8479917459456826
genetic::lvl-70.txt,genetic,200.0,16.0,0.0725,0.0003125,0.000625,0.00125,0.0003125,0.0040625,0.0015625,5.0,0.0021875,0.00125,0.0009375,0.0,0.0,2.0,1.0,6.0,0.03,0.005,0.005484194605176462,1.007062994074852,0.2562814070351759,1.735,5.0,3.0,1.055,0.8840625,0.135,2.5791035351010354,0.7511613355010487,0.05785381026438569,-0.045625,0.8511316829546618
genetic::lvl-71.txt,genetic,200.0,16.0,0.075625,0.0015625,0.0,0.000625,0.0,0.009375,0.000625,2.0,0.0009375,0.000625,0.0003125,0.0,0.0,2.0,4.0,6.0,0.085,0.02,0.03681177565524685,1.4567650191254782,0.542713567839196,2.58,5.0,2.0,0.93,0.83125,0.11,3.166794608910123,0.973023015547384,0.07122861586314153,-0.1003125,0.859942812579232
genetic::lvl-72.txt,genetic,200.0,16.0,0.0675,0.0,0.0,0.0003125,0.000625,0.006875,0.0009375,3.0,0.0015625,0.00125,0.0003125,0.0,0.0,2.0,3.0,4.0,0.045,0.015,0.020749252203175916,0.9482169279231981,0.2964824120603015,1.885,5.0,1.0,0.955,0.8725,0.11,2.7627623847803164,0.8015470421921678,0.0656298600311042,-0.055625,0.8338004231183314
genetic::lvl-73.txt,genetic,200.0,16.0,0.0715625,0.0015625,0.0009375,0.0021875,0.000625,0.0025,0.0028125,9.0,0.003125,0.0025,0.000625,0.0,0.0,2.0,2.0,5.0,0.035,0.01,0.19158014966015213,1.0185363084077101,0.34673366834170855,1.92,5.0,2.0,0.975,0.87375,0.13,2.7413644133643142,0.8041550122659753,0.061275272161741834,-0.04781250000000001,0.8428264991402986
genetic::lvl-74.txt,genetic,200.0,16.0,0.0709375,0.0003125,0.0,0.0015625,0.000625,0.005625,0.0021875,7.0,0.0025,0.0009375,0.0015625,0.0,0.0,2.0,3.0,6.0,0.075,0.015,0.007473217244108654,1.3532200105002625,0.38190954773869346,2.11,5.0,3.0,0.955,0.8584375,0.13,3.1327001131903778,0.8706509277412517,0.06811819595645412,-0.0903125,0.8514169048155907
genetic::lvl-75.txt,genetic,200.0,16.0,0.06875,0.0015625,0.0009375,0.0015625,0.000625,0.0059375,0.0021875,7.0,0.0025,0.00125,0.00125,0.0,0.0,2.0,2.0,4.0,0.03,0.01,3.219124448672339e-06,1.1373214505362634,0.35175879396984927,1.945,5.0,2.0,0.98,0.8703125,0.14,2.6893425913247464,0.830981766193447,0.06811819595645412,-0.040312499999999994,0.8519626487778376
genetic::lvl-76.txt,genetic,200.0,16.0,0.0653125,0.000625,0.0003125,0.00125,0.00125,0.0025,0.0025,8.0,0.003125,0.0025,0.000625,0.0,0.0,2.0,6.0,5.0,0.115,0.03,0.012533365965728183,1.217079314482862,0.4723618090452261,1.85,5.0,3.0,0.945,0.876875,0.125,2.953885162519701,0.78713615561845,0.06905132192846034,-0.12812500000000002,0.8500686232753626
genetic::lvl-77.txt,genetic,200.0,16.0,0.0696875,0.0,0.0,0.0,0.0,0.01,0.0,0.0,0.0015625,0.000625,0.0009375,0.0,0.0,2.0,5.0,6.0,0.125,0.025,0.0014681387851517291,1.3199082427060675,0.46733668341708545,2.23,5.0,2.0,0.915,0.84875,0.13,3.2924230544957473,0.8963092098317742,0.06998444790046657,-0.14156249999999998,0.8507066099764734
genetic::lvl-78.txt,genetic,200.0,16.0,0.070625,0.001875,0.0015625,0.001875,0.0009375,0.00875,0.0028125,9.0,0.0021875,0.00125,0.0009375,0.0,0.0,2.0,2.0,6.0,0.055,0.01,0.03562334418740276,1.0444961449036227,0.3417085427135678,1.895,5.0,2.0,0.985,0.8715625,0.155,3.1935812571065103,0.8385955603060185,0.06594090202177294,-0.06937499999999999,0.8404472174331702
genetic::lvl-79.txt,genetic,200.0,16.0,0.0728125,0.0009375,0.0009375,0.001875,0.00125,0.004375,0.003125,10.0,0.0028125,0.00125,0.0015625,0.0,0.0,2.0,2.0,5.0,0.04,0.01,0.02327427239662816,1.1877767494187355,0.2663316582914573,1.915,5.0,1.0,0.96,0.8715625,0.145,2.7780608995537,0.820456180288486,0.061275272161741834,-0.0521875,0.8496231976959052
genetic::lvl-8.txt,genetic,200.0,16.0,0.085625,0.0028125,0.000625,0.0034375,0.00125,0.0103125,0.0046875,15.0,0.0009375,0.0003125,0.000625,0.0,0.0,2.0,3.0,3.0,0.035,0.015,0.028398117453810046,1.2015519012975324,0.3969849246231156,2.115,5.0,2.0,1.015,0.85375,0.16,3.286712152332836,0.9258990901586308,0.06500777604976672,-0.03875,0.8323170291026526
genetic::lvl-80.txt,genetic,200.0,16.0,0.076875,0.000625,0.0015625,0.004375,0.000625,0.006875,0.005,16.0,0.003125,0.0009375,0.0021875,0.0,0.0,2.0,2.0,6.0,0.055,0.01,0.00019094447855116936,1.1077877371934297,0.25125628140703515,1.765,5.0,3.0,1.0,0.875625,0.18,3.0458130830379986,0.8190290094151882,0.06438569206842924,-0.068125,0.8494703957016075
genetic::lvl-81.txt,genetic,200.0,16.0,0.08,0.0009375,0.000625,0.0015625,0.0003125,0.009375,0.001875,6.0,0.0025,0.000625,0.001875,0.0,0.0,2.0,3.0,4.0,0.05,0.015,0.08128128290913195,1.3452223580589515,0.38190954773869346,2.26,5.0,2.0,0.975,0.8459375,0.155,3.2264074206526603,0.9403701291611708,0.06687402799377916,-0.060625000000000005,0.8369597244131214
genetic::lvl-82.txt,genetic,200.0,16.0,0.0821875,0.0003125,0.0003125,0.000625,0.00125,0.006875,0.001875,6.0,0.0025,0.00125,0.00125,0.0,0.0,2.0,1.0,2.0,0.01,0.005,0.0054211972464210945,1.2625172879321982,0.2914572864321608,2.175,5.0,2.0,1.04,0.8528125,0.145,2.980863653756255,0.9014296755425751,0.06438569206842924,-0.015625,0.8274921255350645
genetic::lvl-83.txt,genetic,200.0,16.0,0.0615625,0.000625,0.0003125,0.001875,0.00125,0.0084375,0.003125,10.0,0.0025,0.001875,0.000625,0.0,0.0,2.0,3.0,5.0,0.06,0.015,0.021029879425092934,1.0212623940598515,0.3869346733668342,1.785,5.0,1.0,0.94,0.8759375,0.12,2.7829036227872517,0.8111065244742229,0.06500777604976672,-0.071875,0.8433241402738743
genetic::lvl-84.txt,genetic,200.0,16.0,0.0640625,0.0,0.0,0.0,0.0,0.0025,0.0,0.0,0.0015625,0.00125,0.0003125,0.0,0.0,2.0,2.0,6.0,0.055,0.01,0.016493313347610283,1.001048046201155,0.25125628140703515,1.57,5.0,1.0,0.945,0.8975,0.05,1.5267645310105376,0.6504334517774166,0.050388802488335924,-0.0715625,0.8565534801387718
genetic::lvl-85.txt,genetic,200.0,16.0,0.0703125,0.0009375,0.0,0.001875,0.0009375,0.00375,0.0028125,9.0,0.0025,0.0009375,0.0015625,0.0,0.0,2.0,2.0,5.0,0.035,0.01,0.0022257841221632324,1.2834482112052803,0.3417085427135678,1.845,5.0,1.0,0.965,0.87625,0.095,2.1580705591381175,0.7836751378335737,0.05660964230171073,-0.04718750000000001,0.8479027996909599
genetic::lvl-86.txt,genetic,200.0,16.0,0.066875,0.0015625,0.001875,0.003125,0.0021875,0.0025,0.0053125,17.0,0.0015625,0.0009375,0.000625,0.0,0.0,2.0,4.0,6.0,0.08,0.02,0.001397316561076889,1.107404950123753,0.4723618090452261,1.775,5.0,2.0,0.94,0.883125,0.135,2.9749118660448666,0.7695977731414695,0.06531881804043546,-0.09125,0.8440930975344532
genetic::lvl-87.txt,genetic,200.0,16.0,0.0653125,0.0015625,0.00125,0.001875,0.0015625,0.00375,0.0034375,11.0,0.003125,0.000625,0.0025,0.0,0.0,2.0,4.0,5.0,0.07,0.02,0.0065541445139837284,1.1768585764644117,0.3768844221105528,1.895,5.0,2.0,0.94,0.8728125,0.13,3.0123459112754993,0.8194251670541328,0.0687402799377916,-0.08218750000000001,0.8504540839572325
genetic::lvl-88.txt,genetic,200.0,16.0,0.0778125,0.001875,0.0021875,0.00375,0.001875,0.004375,0.005625,18.0,0.0025,0.00125,0.00125,0.0,0.0,2.0,4.0,5.0,0.08,0.02,0.09238836893573632,1.3478996174904372,0.45226130653266333,2.365,5.0,3.0,0.95,0.84125,0.16,3.5928529244451988,0.9642630127251406,0.07247278382581648,-0.089375,0.8497149559725922
genetic::lvl-89.txt,genetic,200.0,16.0,0.075,0.0015625,0.000625,0.000625,0.0009375,0.0125,0.0015625,5.0,0.0021875,0.0015625,0.000625,0.0,0.0,2.0,1.0,2.0,0.01,0.005,0.05240353143354126,1.4096068401710042,0.38190954773869346,2.485,5.0,2.0,1.015,0.8321875,0.155,3.0682460955212374,0.9959005694513775,0.07278382581648522,-0.015625,0.8485610837083571
genetic::lvl-9.txt,genetic,200.0,16.0,0.058125,0.0,0.0,0.0003125,0.00125,0.0,0.0015625,5.0,0.0021875,0.0015625,0.000625,0.0,0.0,2.0,9.0,6.0,0.135,0.045,0.010174483500649867,1.2585701342533564,0.5577889447236181,1.88,5.0,1.0,0.865,0.8784375,0.075,2.71652681921665,0.7432908879597766,0.06314152410575427,-0.150625,0.8495953719440841
genetic::lvl-90.txt,genetic,200.0,16.0,0.0696875,0.000625,0.0009375,0.0015625,0.000625,0.0,0.0021875,7.0,0.0025,0.0015625,0.0009375,0.0,0.0,2.0,0.0,0.0,0.0,0.0,0.06716336861878636,0.8041079501987549,0.24120603015075376,1.57,3.0,1.0,1.0,0.898125,0.095,1.7933539865107253,0.6588301702576407,0.050388802488335924,-0.00031249999999999984,0.8501705838721588
genetic::lvl-91.txt,genetic,200.0,16.0,0.0775,0.0015625,0.0,0.000625,0.000625,0.00375,0.00125,4.0,0.0003125,0.0,0.0003125,0.0,0.0,1.0,3.0,5.0,0.06,0.015,0.009317597506978803,1.263593564839121,0.4723618090452261,2.01,5.0,2.0,0.955,0.8715625,0.105,2.760317467756022,0.7982406674769535,0.060964230171073094,-0.0715625,0.8536798880732911
genetic::lvl-92.txt,genetic,200.0,16.0,0.0746875,0.0009375,0.00125,0.0028125,0.00125,0.0071875,0.0040625,13.0,0.00125,0.000625,0.000625,0.0,0.0,2.0,1.0,2.0,0.01,0.005,0.018909862615643647,1.3987278406960175,0.4120603015075377,2.085,5.0,2.0,1.025,0.8596875,0.135,2.642816671633405,0.8784303098344827,0.06749611197511664,-0.0121875,0.8379864773223216
genetic::lvl-93.txt,genetic,200.0,16.0,0.075,0.0,0.0003125,0.0009375,0.0,0.010625,0.0009375,3.0,0.00125,0.0003125,0.0009375,0.0,0.0,2.0,3.0,5.0,0.07,0.015,0.007981389258051697,1.1822479261981549,0.37185929648241206,2.05,5.0,2.0,0.97,0.85875,0.125,3.0670100896282237,0.8716437289105654,0.06687402799377916,-0.08281250000000001,0.8520747073733352
genetic::lvl-94.txt,genetic,200.0,16.0,0.0759375,0.0009375,0.0003125,0.0009375,0.0003125,0.013125,0.00125,4.0,0.0025,0.000625,0.001875,0.0,0.0,2.0,4.0,6.0,0.075,0.02,0.018631464513320428,1.4809903622590566,0.4824120603015075,2.405,5.0,2.0,0.975,0.8340625,0.165,3.3196647200304867,0.9891741264005184,0.07807153965785381,-0.09125,0.8365479199315692
genetic::lvl-95.txt,genetic,200.0,16.0,0.06625,0.0,0.0,0.0003125,0.0003125,0.006875,0.000625,2.0,0.0021875,0.0015625,0.000625,0.0,0.0,2.0,3.0,6.0,0.06,0.015,0.004441020206156554,1.2295178429460736,0.4371859296482412,2.125,5.0,1.0,0.94,0.8571875,0.11,2.8512888524023,0.8619114703230732,0.06656298600311042,-0.0765625,0.8477901820311341
genetic::lvl-96.txt,genetic,200.0,16.0,0.068125,0.0009375,0.0003125,0.00125,0.00125,0.009375,0.0025,8.0,0.0021875,0.00125,0.0009375,0.0,0.0,2.0,5.0,5.0,0.075,0.025,0.08390121907636117,1.1414120003000074,0.4120603015075377,2.09,5.0,2.0,0.94,0.85625,0.14,3.3240845948459894,0.8962693053855324,0.07651632970451011,-0.08718749999999999,0.8533306122795926
genetic::lvl-97.txt,genetic,200.0,16.0,0.065,0.0015625,0.0015625,0.00375,0.0009375,0.0025,0.0046875,15.0,0.0028125,0.0015625,0.00125,0.0,0.0,2.0,3.0,6.0,0.07,0.015,0.10601977041844635,0.9617854046351159,0.3417085427135678,1.67,5.0,1.0,0.93,0.8884375,0.145,2.8045603558596186,0.7466566584512853,0.059720062208398136,-0.083125,0.8499604183475598
genetic::lvl-98.txt,genetic,200.0,16.0,0.070625,0.0015625,0.00125,0.0028125,0.001875,0.005,0.0046875,15.0,0.00125,0.000625,0.000625,0.0,0.0,2.0,0.0,0.0,0.0,0.0,0.07267032949558949,1.0424347033675843,0.2613065326633166,1.765,4.0,1.0,1.0,0.88,0.105,2.1612705373024554,0.7764779705425131,0.05163297045101089,0.0034374999999999996,0.8524497940540876
genetic::lvl-99.txt,genetic,200.0,16.0,0.0653125,0.0003125,0.0025,0.004375,0.0003125,0.004375,0.0046875,15.0,0.0028125,0.0021875,0.000625,0.0,0.0,2.0,2.0,3.0,0.025,0.01,0.05159595956865903,0.8850308182704567,0.2663316582914573,1.715,5.0,1.0,0.975,0.88125,0.12,2.6345225615674615,0.7801785725411174,0.06283048211508553,-0.030625,0.8378156192478748
hopper::lvl-1.txt,hopper,200.0,16.0,0.06,0.0,0.0009375,0.0009375,0.0003125,0.00125,0.00125,4.0,0.006875,0.005,0.001875,0.0,0.0,2.0,7.0,5.0,0.13,0.035,0.4790806076704267,1.194093714842871,0.3165829145728643,2.73,6.0,2.0,0.885,0.8196875,0.135,3.6118149277079326,0.9689853022094553,0.0671850699844479,-0.148125,0.8452187200829451
hopper::lvl-10.txt,hopper,200.0,16.0,0.0628125,0.0003125,0.000625,0.000625,0.0003125,0.0,0.0009375,3.0,0.0084375,0.00625,0.0021875,0.0,0.0,2.0,5.0,5.0,0.1,0.025,0.16468902798890916,1.8517112877821944,0.45226130653266333,3.25,10.0,1.0,0.9,0.7884375,0.105,3.46730037988914,1.0518055116195297,0.06967340590979783,-0.12000000000000001,0.8444131687638935
hopper::lvl-100.txt,hopper,200.0,16.0,0.06,0.0,0.0,0.0,0.0003125,0.0,0.0003125,1.0,0.0071875,0.005,0.0021875,0.0,0.0,2.0,7.0,5.0,0.13,0.035,0.5587014879009878,1.2789268881722042,0.32663316582914576,2.865,8.0,2.0,0.885,0.8146875,0.12,3.2734878083186114,0.9724184248176826,0.06438569206842924,-0.14937500000000004,0.8477967414446989
hopper::lvl-11.txt,hopper,200.0,16.0,0.061875,0.000625,0.0009375,0.0021875,0.0003125,0.0,0.0025,8.0,0.0090625,0.006875,0.0021875,0.0,0.0,2.0,4.0,5.0,0.075,0.02,0.3364945762020435,1.2371115577889447,0.32663316582914576,2.75,6.0,1.0,0.925,0.8090625,0.135,3.6092034600818397,1.021753588633349,0.06687402799377916,-0.0940625,0.8488640677055459
hopper::lvl-12.txt,hopper,200.0,16.0,0.059375,0.0015625,0.0025,0.0028125,0.0003125,0.0,0.003125,10.0,0.0096875,0.0075,0.0021875,0.0,0.0,2.0,5.0,5.0,0.1,0.025,0.15207045097136407,1.4028642391059776,0.46733668341708545,3.23,8.0,1.0,0.9,0.78,0.13,3.725490148641145,1.0744463254642718,0.06687402799377916,-0.1190625,0.8414675214031583
hopper::lvl-13.txt,hopper,200.0,16.0,0.0646875,0.003125,0.003125,0.00375,0.000625,0.0,0.004375,14.0,0.006875,0.0046875,0.0021875,0.0,0.0,2.0,5.0,5.0,0.11,0.025,0.284039112645463,1.8739875121878047,0.7386934673366834,3.505,14.0,1.0,0.89,0.78,0.17,3.9559634341438046,1.1114760501202023,0.07465007776049767,-0.125,0.8467873077671736
hopper::lvl-14.txt,hopper,200.0,16.0,0.0640625,0.0009375,0.0015625,0.0021875,0.0003125,0.0,0.0025,8.0,0.0059375,0.00375,0.0021875,0.0,0.0,2.0,6.0,5.0,0.11,0.03,0.012128407370207261,2.3301275106877672,0.4824120603015075,3.105,10.0,2.0,0.915,0.8003125,0.135,3.6166385908090364,1.0369971610601287,0.06625194401244168,-0.1259375,0.8480361023642824
hopper::lvl-15.txt,hopper,200.0,16.0,0.061875,0.0009375,0.00125,0.0028125,0.0003125,0.0,0.003125,10.0,0.0090625,0.006875,0.0021875,0.0,0.0,2.0,7.0,5.0,0.125,0.035,0.016500139389011848,1.3420320483012076,0.39195979899497485,2.115,7.0,1.0,0.875,0.8590625,0.135,3.605597051792804,0.8671450936156782,0.06438569206842924,-0.1434375,0.8419752498428248
hopper::lvl-16.txt,hopper,200.0,16.0,0.0615625,0.001875,0.000625,0.00125,0.000625,0.0,0.001875,6.0,0.0059375,0.00375,0.0021875,0.0,0.0,2.0,5.0,5.0,0.105,0.025,0.022802345217223352,1.6611012225305632,0.5175879396984925,2.28,7.0,1.0,0.895,0.8528125,0.13,3.3521411391549476,0.8756384719969998,0.06749611197511664,-0.12156249999999999,0.8389818240184357
hopper::lvl-17.txt,hopper,200.0,16.0,0.0640625,0.003125,0.000625,0.0015625,0.0003125,0.0,0.001875,6.0,0.009375,0.0071875,0.0021875,0.0,0.0,2.0,6.0,5.0,0.1,0.03,0.006196035035287095,1.7790307957698943,0.5326633165829145,2.62,8.0,1.0,0.9,0.83625,0.13,3.480942403967493,0.9521229127311641,0.0656298600311042,-0.12,0.8504493778850579
hopper::lvl-18.txt,hopper,200.0,16.0,0.06125,0.0,0.0,0.0,0.0,0.0,0.0,0.0,0.01,0.0078125,0.0021875,0.0,0.0,2.0,7.0,5.0,0.12,0.035,0.02827446329382921,1.3257202730068252,0.2914572864321608,2.04,7.0,1.0,0.88,0.8484375,0.115,3.2955062654257317,0.8799743327184107,0.06469673405909798,-0.14250000000000002,0.8459873284445829
hopper::lvl-19.txt,hopper,200.0,16.0,0.0646875,0.003125,0.0015625,0.0028125,0.000625,0.0,0.0034375,11.0,0.008125,0.0059375,0.0021875,0.0,0.0,2.0,6.0,4.0,0.095,0.03,0.0036425978661287495,1.6873849396234908,0.5025125628140703,2.265,8.0,2.0,0.925,0.8465625,0.14,3.3424269051354436,0.9251923104980394,0.07247278382581648,-0.10968750000000001,0.8456940664843956
hopper::lvl-2.txt,hopper,200.0,16.0,0.061875,0.0015625,0.001875,0.0021875,0.0003125,0.0,0.0025,8.0,0.005625,0.0034375,0.0021875,0.0,0.0,2.0,7.0,5.0,0.13,0.035,0.009983760232303851,1.3546265056626416,0.31155778894472363,1.92,8.0,1.0,0.87,0.876875,0.11,2.9833704137590873,0.7856540498086488,0.0594090202177294,-0.145625,0.8433264644583041
hopper::lvl-20.txt,hopper,200.0,16.0,0.0640625,0.001875,0.0009375,0.0009375,0.0003125,0.0,0.00125,4.0,0.0103125,0.008125,0.0021875,0.0,0.0,2.0,7.0,5.0,0.135,0.035,0.04105510996624395,1.4575520963024076,0.4824120603015075,2.065,6.0,2.0,0.88,0.8690625,0.11,3.130513998939518,0.826825601885435,0.0656298600311042,-0.15656250000000002,0.8516061828168284
hopper::lvl-21.txt,hopper,200.0,16.0,0.0696875,0.005,0.003125,0.005625,0.00125,0.0,0.006875,22.0,0.0090625,0.006875,0.0021875,0.0,0.0,2.0,4.0,13.0,0.175,0.02,0.34437791568475273,2.0685532738318457,0.8391959798994975,4.34,12.0,2.0,0.97,0.7325,0.19,4.291332553446588,1.2623617209590738,0.07278382581648522,-0.2096875,0.8539401780382938
hopper::lvl-22.txt,hopper,200.0,16.0,0.0621875,0.0028125,0.0015625,0.003125,0.0009375,0.0,0.0040625,13.0,0.0046875,0.0025,0.0021875,0.0,0.0,2.0,7.0,5.0,0.11,0.035,0.004825459613493677,1.8978665866646667,0.5829145728643216,2.43,9.0,1.0,0.89,0.850625,0.14,3.5087878914247823,0.8959816055983851,0.06531881804043546,-0.123125,0.8517964037842869
hopper::lvl-23.txt,hopper,200.0,16.0,0.0634375,0.0021875,0.001875,0.0021875,0.0003125,0.001875,0.0025,8.0,0.0046875,0.0025,0.0021875,0.0,0.0,2.0,5.0,5.0,0.11,0.025,0.1829956149073786,1.6856126828170703,0.457286432160804,3.57,10.0,2.0,0.905,0.7646875,0.115,3.6213496254414976,1.1161216489763564,0.06345256609642301,-0.12468749999999999,0.8384460799459978
hopper::lvl-24.txt,hopper,200.0,16.0,0.0615625,0.000625,0.0009375,0.001875,0.0,0.0,0.001875,6.0,0.0065625,0.004375,0.0021875,0.0,0.0,2.0,4.0,4.0,0.07,0.02,0.20026340523171293,1.1472825320633016,0.2914572864321608,2.62,6.0,1.0,0.93,0.8190625,0.11,3.1523130765265397,0.9677824490391427,0.060653188180404355,-0.0846875,0.8462501138728992
hopper::lvl-25.txt,hopper,200.0,16.0,0.0640625,0.003125,0.0003125,0.00125,0.000625,0.0,0.001875,6.0,0.0090625,0.006875,0.0021875,0.0,0.0,2.0,5.0,5.0,0.105,0.025,0.004435902654616242,1.5665045376134403,0.5276381909547738,2.55,7.0,1.0,0.895,0.8415625,0.145,3.5666026725294233,0.9307374540139411,0.07091757387247279,-0.12468749999999999,0.8470560137172681
hopper::lvl-26.txt,hopper,200.0,16.0,0.0634375,0.0003125,0.0003125,0.000625,0.000625,0.0,0.00125,4.0,0.0059375,0.00375,0.0021875,0.0,0.0,2.0,7.0,5.0,0.13,0.035,6.327981465426014e-05,1.0922273681842047,0.32160804020100503,1.59,6.0,2.0,0.885,0.8953125,0.13,2.8487594644870247,0.6878612186068694,0.06438569206842924,-0.14718750000000003,0.8419581112545205
hopper::lvl-27.txt,hopper,200.0,16.0,0.060625,0.00125,0.0009375,0.00125,0.0003125,0.0,0.0015625,5.0,0.0078125,0.005625,0.0021875,0.0,0.0,2.0,6.0,4.0,0.11,0.03,0.10443497265316237,1.5718158178954473,0.5527638190954773,3.14,7.0,1.0,0.89,0.7915625,0.13,3.450683011287739,1.045785398153617,0.07060653188180405,-0.12625,0.84361853470693
hopper::lvl-28.txt,hopper,200.0,16.0,0.063125,0.003125,0.0015625,0.0021875,0.00125,0.001875,0.0034375,11.0,0.0053125,0.003125,0.0021875,0.0,0.0,2.0,6.0,5.0,0.13,0.03,0.2706777368379387,1.7482469211730294,0.7487437185929648,3.315,10.0,1.0,0.87,0.795625,0.155,3.911478985993944,1.074938059204727,0.06842923794712286,-0.144375,0.8516159704909766
hopper::lvl-29.txt,hopper,200.0,16.0,0.063125,0.0028125,0.00125,0.0025,0.000625,0.0,0.003125,10.0,0.0053125,0.0034375,0.001875,0.0,0.0,2.0,6.0,5.0,0.105,0.03,0.007041257284076785,1.9066059401485038,0.4723618090452261,2.65,10.0,2.0,0.925,0.829375,0.14,3.6340553841377514,0.9614793404654568,0.0656298600311042,-0.11968749999999999,0.8366231053224538
hopper::lvl-3.txt,hopper,200.0,16.0,0.068125,0.00125,0.000625,0.0015625,0.0009375,0.0,0.0025,8.0,0.00375,0.001875,0.001875,0.0,0.0,2.0,4.0,5.0,0.09,0.02,0.09133892530048937,1.8196040126003148,0.6532663316582915,3.255,10.0,1.0,0.91,0.795625,0.145,3.9527588440045096,1.0448385185366296,0.06842923794712286,-0.10375,0.8453990999737889
hopper::lvl-30.txt,hopper,200.0,16.0,0.0625,0.0015625,0.00125,0.0028125,0.0009375,0.0,0.00375,12.0,0.0096875,0.0075,0.0021875,0.0,0.0,2.0,5.0,5.0,0.1,0.025,0.07464142713640998,1.4936186529663242,0.5527638190954773,2.61,7.0,1.0,0.9,0.82875,0.175,3.7453435119901757,0.9795688709502506,0.07247278382581648,-0.1184375,0.8444069904980727
hopper::lvl-31.txt,hopper,200.0,16.0,0.0634375,0.0021875,0.0,0.000625,0.0009375,0.0,0.0015625,5.0,0.005,0.0028125,0.0021875,0.0,0.0,2.0,5.0,14.0,0.15,0.025,0.4836400080443972,1.9386231455786396,0.7386934673366834,4.48,12.0,1.0,0.92,0.729375,0.115,3.1273818425431688,1.17684202001268,0.06656298600311042,-0.1884375,0.8549415474577526
hopper::lvl-32.txt,hopper,200.0,16.0,0.0575,0.0,0.0,0.0,0.0,0.0,0.0,0.0,0.0075,0.0053125,0.0021875,0.0,0.0,2.0,8.0,5.0,0.155,0.04,0.05947728469358482,1.0294591539788494,0.22110552763819097,1.645,5.0,1.0,0.845,0.8790625,0.075,2.6784109474120683,0.7541773993551552,0.05474339035769829,-0.17500000000000002,0.8581478491136093
hopper::lvl-33.txt,hopper,200.0,16.0,0.064375,0.0034375,0.0015625,0.0025,0.000625,0.0,0.003125,10.0,0.00875,0.0065625,0.0021875,0.0,0.0,2.0,4.0,16.0,0.125,0.02,0.040648198124758506,2.845706255156379,0.6733668341708543,4.365,12.0,1.0,0.935,0.7259375,0.145,3.9702904659532017,1.2217531209643127,0.07216174183514774,-0.170625,0.8427601854779355
hopper::lvl-34.txt,hopper,200.0,16.0,0.06875,0.001875,0.000625,0.0015625,0.0009375,0.0,0.0025,8.0,0.005,0.0028125,0.0021875,0.0,0.0,2.0,5.0,4.0,0.08,0.025,0.02960035099292313,2.289142683567089,0.592964824120603,3.49,9.0,2.0,0.93,0.7821875,0.155,3.7891395303472892,1.092055879153249,0.06749611197511664,-0.0925,0.8437160869136541
hopper::lvl-35.txt,hopper,200.0,16.0,0.065625,0.00125,0.0003125,0.0009375,0.0,0.001875,0.0009375,3.0,0.008125,0.0059375,0.0021875,0.0,0.0,2.0,7.0,5.0,0.14,0.035,0.2769213911289966,1.6621094277356934,0.5175879396984925,2.95,8.0,2.0,0.875,0.809375,0.135,3.7197222388097897,1.0289251130186643,0.07216174183514774,-0.1596875,0.8508017893745695
hopper::lvl-36.txt,hopper,200.0,16.0,0.0609375,0.0021875,0.0015625,0.001875,0.0003125,0.0,0.0021875,7.0,0.00875,0.0065625,0.0021875,0.0,0.0,2.0,5.0,5.0,0.085,0.025,0.18786339973176025,1.6315883522088053,0.48743718592964824,3.155,10.0,1.0,0.915,0.8009375,0.125,3.2909185378599144,1.0410729996758443,0.0687402799377916,-0.10406250000000002,0.8369326842213737
hopper::lvl-37.txt,hopper,200.0,16.0,0.064375,0.0028125,0.001875,0.0021875,0.0009375,0.0,0.003125,10.0,0.00625,0.0040625,0.0021875,0.0,0.0,2.0,6.0,16.0,0.17,0.03,0.004867859001162489,2.59424024600615,0.7336683417085427,3.7,11.0,1.0,0.895,0.765,0.16,3.8374324723997773,1.1347401117772362,0.07309486780715396,-0.21312500000000004,0.8328707727002667
hopper::lvl-38.txt,hopper,200.0,16.0,0.069375,0.003125,0.0015625,0.0015625,0.0009375,0.0,0.0025,8.0,0.0059375,0.00375,0.0021875,0.0,0.0,2.0,6.0,12.0,0.165,0.03,0.01981556184260147,2.0935408685217127,0.6884422110552764,2.97,13.0,1.0,0.875,0.8096875,0.175,3.9676043845713576,1.0191905856098957,0.07838258164852255,-0.19843750000000002,0.8442848211612191
hopper::lvl-39.txt,hopper,200.0,16.0,0.0615625,0.0015625,0.0028125,0.0034375,0.0009375,0.0,0.004375,14.0,0.0053125,0.003125,0.0021875,0.0,0.0,2.0,5.0,5.0,0.095,0.025,0.21413932417924664,1.57152407560189,0.5728643216080402,2.855,10.0,1.0,0.905,0.818125,0.16,3.667247989011278,0.9943489432148818,0.06998444790046657,-0.10843749999999999,0.8467579565536785
hopper::lvl-4.txt,hopper,200.0,16.0,0.0646875,0.0028125,0.00125,0.0028125,0.00125,0.0,0.0040625,13.0,0.005,0.0028125,0.0021875,0.0,0.0,2.0,5.0,18.0,0.155,0.025,0.015419681049596456,2.7296441911047777,0.7939698492462312,5.0,11.0,1.0,0.915,0.690625,0.175,4.222889374839731,1.2638774983607337,0.07371695178849144,-0.2009375,0.8404048314607513
hopper::lvl-40.txt,hopper,200.0,16.0,0.060625,0.0,0.0,0.0003125,0.000625,0.0,0.0009375,3.0,0.00875,0.0065625,0.0021875,0.0,0.0,2.0,6.0,5.0,0.11,0.03,0.008072271963867061,1.3006788569714243,0.25125628140703515,1.95,6.0,1.0,0.89,0.8696875,0.115,3.1113825331620104,0.8051571331960492,0.060031104199066876,-0.13031250000000003,0.8519754440505936
hopper::lvl-41.txt,hopper,200.0,16.0,0.0590625,0.0025,0.00125,0.0021875,0.00125,0.0,0.0034375,11.0,0.0046875,0.0028125,0.001875,0.0,0.0,2.0,8.0,5.0,0.15,0.04,0.06581614427748084,1.138635295882397,0.49246231155778897,1.64,7.0,1.0,0.85,0.8990625,0.12,2.985604053384052,0.6843570921176291,0.061275272161741834,-0.16375,0.8469872551632845
hopper::lvl-42.txt,hopper,200.0,16.0,0.0634375,0.003125,0.0015625,0.0021875,0.0003125,0.0,0.0025,8.0,0.0109375,0.00875,0.0021875,0.0,0.0,2.0,5.0,5.0,0.095,0.025,0.037100470646117656,1.294696047401185,0.5125628140703518,2.06,7.0,1.0,0.905,0.8684375,0.14,3.515347313198386,0.8455679758092103,0.06905132192846034,-0.1159375,0.8408284942426333
hopper::lvl-43.txt,hopper,200.0,16.0,0.0628125,0.005,0.0025,0.004375,0.000625,0.0,0.005,16.0,0.0065625,0.004375,0.0021875,0.0,0.0,2.0,5.0,11.0,0.14,0.025,0.31263624157176917,1.849921398034951,0.7889447236180904,3.82,10.0,1.0,0.9,0.76125,0.15,3.8726849931811596,1.154051974554379,0.07216174183514774,-0.1690625,0.8462886829368095
hopper::lvl-44.txt,hopper,200.0,16.0,0.0634375,0.0028125,0.0015625,0.001875,0.000625,0.0,0.0025,8.0,0.0065625,0.0046875,0.001875,0.0,0.0,2.0,7.0,5.0,0.135,0.035,0.0024868587482035354,1.5956274281857046,0.5125628140703518,2.345,8.0,2.0,0.88,0.854375,0.135,3.456437246849025,0.8815611002648055,0.06625194401244168,-0.15156250000000002,0.8534853297318212
hopper::lvl-45.txt,hopper,200.0,16.0,0.0675,0.0034375,0.001875,0.0040625,0.00125,0.001875,0.0053125,17.0,0.0053125,0.003125,0.0021875,0.0,0.0,2.0,6.0,16.0,0.15,0.03,0.00187801224680606,2.2853981774544363,0.7638190954773869,2.99,10.0,2.0,0.92,0.816875,0.19,3.9648120753247076,1.0384446564971541,0.071850699844479,-0.19,0.8443105412200413
hopper::lvl-46.txt,hopper,200.0,16.0,0.0615625,0.0025,0.0003125,0.000625,0.0009375,0.0,0.0015625,5.0,0.0053125,0.003125,0.0021875,0.0,0.0,2.0,6.0,11.0,0.16,0.03,0.35960740083206943,1.734232025800645,0.46733668341708545,4.125,12.0,1.0,0.895,0.748125,0.115,3.35826513602166,1.1416286906698532,0.06283048211508553,-0.19125,0.8540961252670027
hopper::lvl-47.txt,hopper,200.0,16.0,0.060625,0.0,0.0,0.0,0.0,0.0,0.0,0.0,0.006875,0.0046875,0.0021875,0.0,0.0,2.0,7.0,5.0,0.155,0.035,0.004229379366324948,1.0177114077851948,0.23618090452261306,1.55,5.0,3.0,0.88,0.885625,0.09,2.8300500060208207,0.7235812965044907,0.05847589424572317,-0.174375,0.8512159075361894
hopper::lvl-48.txt,hopper,200.0,16.0,0.0634375,0.003125,0.001875,0.0021875,0.0003125,0.0,0.0025,8.0,0.0046875,0.0025,0.0021875,0.0,0.0,2.0,6.0,5.0,0.125,0.03,0.009753207460875268,1.3454916597914948,0.5025125628140703,2.035,8.0,2.0,0.905,0.8753125,0.12,3.259118304860932,0.7962376996001402,0.0656298600311042,-0.13968750000000002,0.8404528911965943
hopper::lvl-49.txt,hopper,200.0,16.0,0.0646875,0.0021875,0.0015625,0.0021875,0.000625,0.00125,0.0028125,9.0,0.0059375,0.00375,0.0021875,0.0,0.0,2.0,5.0,5.0,0.115,0.025,0.6007844031201703,1.3107770794269857,0.5376884422110553,3.45,10.0,1.0,0.885,0.7828125,0.155,3.743226748358403,1.1010980015518619,0.06469673405909798,-0.13062500000000002,0.8462894456023338
hopper::lvl-5.txt,hopper,200.0,16.0,0.066875,0.0021875,0.0009375,0.00125,0.0003125,0.0,0.0015625,5.0,0.010625,0.0084375,0.0021875,0.0,0.0,2.0,5.0,5.0,0.1,0.025,0.3207323850970045,1.3009516687917198,0.45226130653266333,3.025,8.0,2.0,0.92,0.8059375,0.135,3.8347729430313566,1.03934557505121,0.06687402799377916,-0.1215625,0.8361221158195695
hopper::lvl-50.txt,hopper,200.0,16.0,0.06,0.001875,0.0015625,0.0028125,0.0009375,0.0,0.00375,12.0,0.0053125,0.003125,0.0021875,0.0,0.0,2.0,5.0,5.0,0.095,0.025,0.1282639416431809,1.8497381084527114,0.5025125628140703,2.865,8.0,1.0,0.905,0.8209375,0.145,3.6264473952446328,0.9824878977878518,0.06220839813374806,-0.10906249999999999,0.8497966094219959
hopper::lvl-51.txt,hopper,200.0,16.0,0.0625,0.0046875,0.003125,0.005625,0.0015625,0.0,0.0071875,23.0,0.0071875,0.005,0.0021875,0.0,0.0,2.0,4.0,4.0,0.075,0.02,0.04209854745175312,1.8704318232955826,0.8492462311557789,2.85,8.0,1.0,0.925,0.82625,0.18,3.8711373977743735,1.0101579550935567,0.07029548989113531,-0.08499999999999999,0.8595672891737995
hopper::lvl-52.txt,hopper,200.0,16.0,0.071875,0.0053125,0.0015625,0.001875,0.0003125,0.0,0.0021875,7.0,0.005,0.0028125,0.0021875,0.0,0.0,2.0,5.0,5.0,0.09,0.025,0.04746245977104335,1.3348107327683192,0.5879396984924623,2.05,8.0,2.0,0.94,0.8803125,0.115,3.1248582666139195,0.785201263914612,0.0656298600311042,-0.1053125,0.8501986397099498
hopper::lvl-53.txt,hopper,200.0,16.0,0.0584375,0.0015625,0.0003125,0.0015625,0.0009375,0.00125,0.0025,8.0,0.005,0.0028125,0.0021875,0.0,0.0,2.0,6.0,13.0,0.185,0.03,0.23933709853016627,2.0219464636615916,0.6030150753768844,3.43,11.0,1.0,0.88,0.78625,0.145,3.703716921852149,1.0674242117173698,0.06936236391912909,-0.22,0.8402218277350445
hopper::lvl-54.txt,hopper,200.0,16.0,0.0646875,0.0028125,0.0009375,0.0009375,0.000625,0.0,0.0015625,5.0,0.0096875,0.0075,0.0021875,0.0,0.0,2.0,3.0,5.0,0.07,0.015,0.0006790999900868622,1.4590097802445061,0.4371859296482412,2.69,6.0,1.0,0.93,0.8234375,0.13,3.5781336771800567,0.9883061793249697,0.06314152410575427,-0.09062500000000001,0.8461567975803159
hopper::lvl-55.txt,hopper,200.0,16.0,0.0715625,0.0025,0.0003125,0.0003125,0.0003125,0.00375,0.000625,2.0,0.01,0.0078125,0.0021875,0.0,0.0,2.0,7.0,4.0,0.1,0.035,0.0007756608377729179,1.4911075526888171,0.45226130653266333,2.265,7.0,2.0,0.925,0.8540625,0.135,3.3230094367458163,0.9119796367957372,0.06936236391912909,-0.119375,0.8533163999559545
hopper::lvl-56.txt,hopper,200.0,16.0,0.065625,0.0009375,0.00125,0.0015625,0.0003125,0.0,0.001875,6.0,0.0084375,0.00625,0.0021875,0.0,0.0,2.0,6.0,4.0,0.095,0.03,0.03381507493114355,1.458867734193355,0.39195979899497485,2.395,8.0,1.0,0.905,0.8453125,0.105,3.292161376030132,0.9117564852116544,0.0640746500777605,-0.1115625,0.8421989700279625
hopper::lvl-57.txt,hopper,200.0,16.0,0.0584375,0.0009375,0.001875,0.0021875,0.0003125,0.0,0.0025,8.0,0.009375,0.0071875,0.0021875,0.0,0.0,2.0,7.0,5.0,0.115,0.035,0.036555575613761104,1.0164130728268206,0.39195979899497485,1.615,7.0,1.0,0.885,0.89125,0.11,2.7702501471357484,0.7257091756877453,0.061275272161741834,-0.134375,0.8410265827640766
hopper::lvl-58.txt,hopper,200.0,16.0,0.066875,0.00625,0.003125,0.00375,0.0009375,0.0,0.0046875,15.0,0.0046875,0.0025,0.0021875,0.0,0.0,2.0,6.0,5.0,0.115,0.03,0.032384660343863114,2.061820033000825,0.7135678391959799,2.735,10.0,2.0,0.9,0.8415625,0.145,3.732093500981921,0.9443516807809236,0.0671850699844479,-0.1275,0.8452895341809012
hopper::lvl-59.txt,hopper,200.0,16.0,0.0621875,0.0009375,0.000625,0.00125,0.0003125,0.001875,0.0015625,5.0,0.0046875,0.0028125,0.001875,0.0,0.0,2.0,4.0,5.0,0.085,0.02,0.34201148735577125,1.1834493212330308,0.32663316582914576,2.215,6.0,1.0,0.915,0.8559375,0.095,3.2270687860894487,0.8641463232052432,0.05816485225505443,-0.100625,0.8513566077240535
hopper::lvl-6.txt,hopper,200.0,16.0,0.060625,0.001875,0.000625,0.0009375,0.0003125,0.0,0.00125,4.0,0.00875,0.0065625,0.0021875,0.0,0.0,2.0,7.0,5.0,0.12,0.035,0.14269358234363738,1.4161594089852247,0.36180904522613067,2.24,8.0,1.0,0.88,0.849375,0.12,3.1761322979535254,0.8924580088030557,0.0656298600311042,-0.14,0.8388362632497829
hopper::lvl-60.txt,hopper,200.0,16.0,0.0646875,0.000625,0.0009375,0.0028125,0.000625,0.0,0.0034375,11.0,0.0090625,0.006875,0.0021875,0.0,0.0,2.0,6.0,5.0,0.11,0.03,0.014354425846292096,1.9583840546013649,0.4120603015075377,2.86,9.0,2.0,0.92,0.8103125,0.145,3.6851988751930653,1.0291162462685821,0.06842923794712286,-0.12812500000000002,0.8475532543605253
hopper::lvl-61.txt,hopper,200.0,16.0,0.060625,0.0028125,0.00125,0.0015625,0.00125,0.0,0.0028125,9.0,0.00625,0.0040625,0.0021875,0.0,0.0,2.0,5.0,5.0,0.11,0.025,0.25892330010472764,1.4591404635115879,0.457286432160804,2.165,10.0,1.0,0.89,0.865,0.135,3.3826885731017353,0.8397099330985541,0.0640746500777605,-0.1259375,0.8390712798555495
hopper::lvl-62.txt,hopper,200.0,16.0,0.0603125,0.0025,0.00125,0.0021875,0.000625,0.0,0.0028125,9.0,0.006875,0.0046875,0.0021875,0.0,0.0,2.0,7.0,12.0,0.19,0.035,0.1650862475008742,2.147964494112353,0.5376884422110553,3.735,12.0,1.0,0.87,0.7671875,0.155,3.9257969531346175,1.120850465190466,0.07309486780715396,-0.2240625,0.8464139924332157
hopper::lvl-63.txt,hopper,200.0,16.0,0.0675,0.0025,0.0009375,0.0009375,0.000625,0.0,0.0015625,5.0,0.0034375,0.00125,0.0021875,0.0,0.0,2.0,5.0,5.0,0.085,0.025,0.15211028268570226,2.2350014175354382,0.6733668341708543,4.05,12.0,2.0,0.935,0.74625,0.135,3.634255811012657,1.1412885133599673,0.07216174183514774,-0.099375,0.8385823938563246
hopper::lvl-64.txt,hopper,200.0,16.0,0.06875,0.0,0.0,0.0,0.0003125,0.0,0.0003125,1.0,0.0103125,0.008125,0.0021875,0.0,0.0,2.0,5.0,5.0,0.11,0.025,0.0659430274450159,1.372803832595815,0.35678391959798994,2.155,7.0,2.0,0.94,0.845,0.13,3.454023077232438,0.9045859656313644,0.06780715396578538,-0.1325,0.8514233021092464
hopper::lvl-65.txt,hopper,200.0,16.0,0.065625,0.0009375,0.000625,0.000625,0.000625,0.0,0.00125,4.0,0.0065625,0.004375,0.0021875,0.0,0.0,2.0,7.0,5.0,0.12,0.035,8.378549076759612e-07,1.846728905722643,0.5025125628140703,2.635,8.0,1.0,0.88,0.833125,0.12,3.4861221447453525,0.9390785332431147,0.06656298600311042,-0.1378125,0.8403823139546038
hopper::lvl-66.txt,hopper,200.0,16.0,0.0621875,0.0021875,0.001875,0.001875,0.00125,0.0,0.003125,10.0,0.0078125,0.005625,0.0021875,0.0,0.0,2.0,5.0,4.0,0.075,0.025,0.06563895679142395,1.63036771919298,0.49246231155778897,2.44,10.0,2.0,0.935,0.8315625,0.135,3.2854481367063437,0.962059967602561,0.06687402799377916,-0.08968749999999999,0.8543608212854288
hopper::lvl-67.txt,hopper,200.0,16.0,0.066875,0.0028125,0.0009375,0.0015625,0.0003125,0.0,0.001875,6.0,0.009375,0.0071875,0.0021875,0.0,0.0,2.0,4.0,5.0,0.08,0.02,0.028372633217355947,1.6155029175729394,0.4623115577889447,2.61,8.0,3.0,0.995,0.838125,0.135,3.333603128552263,0.9495075515054235,0.06469673405909798,-0.09999999999999999,0.8467295378685769
hopper::lvl-68.txt,hopper,200.0,16.0,0.068125,0.004375,0.0028125,0.0034375,0.000625,0.0,0.0040625,13.0,0.01,0.0078125,0.0021875,0.0,0.0,2.0,5.0,4.0,0.08,0.025,0.04512509910748708,1.5375865896647418,0.5829145728643216,2.455,8.0,3.0,0.96,0.8478125,0.16,3.668674293190499,0.9370242361817377,0.06905132192846034,-0.0959375,0.8448282871049166
hopper::lvl-69.txt,hopper,200.0,16.0,0.0703125,0.00375,0.0009375,0.0025,0.00125,0.0,0.00375,12.0,0.0078125,0.005625,0.0021875,0.0,0.0,2.0,4.0,5.0,0.075,0.02,0.22306876161924494,1.4952173929348234,0.6331658291457286,3.045,9.0,1.0,0.925,0.8115625,0.145,3.8637277872020084,1.0416279477167962,0.07153965785381027,-0.09156249999999999,0.8489946477706707
hopper::lvl-7.txt,hopper,200.0,16.0,0.069375,0.003125,0.0021875,0.003125,0.0009375,0.0,0.0040625,13.0,0.00625,0.0040625,0.0021875,0.0,0.0,2.0,3.0,5.0,0.065,0.015,0.5451813390410143,1.1208874746868671,0.5376884422110553,3.18,8.0,1.0,0.935,0.80375,0.155,3.7711222125271258,1.0607362388308994,0.06345256609642301,-0.07968750000000001,0.8533086862650352
hopper::lvl-70.txt,hopper,200.0,16.0,0.0609375,0.0025,0.0009375,0.001875,0.000625,0.0015625,0.0025,8.0,0.005625,0.0034375,0.0021875,0.0,0.0,2.0,7.0,5.0,0.135,0.035,0.024513581501494186,1.276037733443336,0.4321608040201005,1.77,6.0,1.0,0.865,0.8875,0.14,2.986967587728946,0.7504455136830528,0.06594090202177294,-0.150625,0.8397707762005036
hopper::lvl-71.txt,hopper,200.0,16.0,0.0615625,0.00125,0.0,0.0009375,0.000625,0.0,0.0015625,5.0,0.0125,0.0103125,0.0021875,0.0,0.0,2.0,3.0,5.0,0.07,0.015,0.05108743590219489,1.6420221405535138,0.4221105527638191,2.66,7.0,1.0,0.93,0.81875,0.105,3.0682883415277775,1.0010679805182257,0.06687402799377916,-0.0934375,0.8466296288319362
hopper::lvl-72.txt,hopper,200.0,16.0,0.060625,0.0009375,0.0015625,0.0021875,0.0,0.00125,0.0021875,7.0,0.005625,0.0034375,0.0021875,0.0,0.0,2.0,7.0,5.0,0.145,0.035,0.07656372393054212,1.2363802895072376,0.34673366834170855,1.84,8.0,1.0,0.855,0.871875,0.13,3.298821403700396,0.8089845975408607,0.06283048211508553,-0.16093749999999998,0.8548927022825692
hopper::lvl-73.txt,hopper,200.0,16.0,0.0584375,0.00125,0.000625,0.00125,0.0,0.001875,0.00125,4.0,0.0078125,0.0059375,0.001875,0.0,0.0,2.0,5.0,5.0,0.11,0.025,0.48092276369601306,1.3048898372459312,0.36180904522613067,3.51,10.0,1.0,0.89,0.774375,0.13,3.287053381100055,1.0966013879095735,0.06345256609642301,-0.1290625,0.8551520085443994
hopper::lvl-74.txt,hopper,200.0,16.0,0.0634375,0.005,0.001875,0.001875,0.000625,0.0,0.0025,8.0,0.0065625,0.004375,0.0021875,0.0,0.0,2.0,6.0,5.0,0.095,0.03,0.0028966938791795682,1.767131268281707,0.4824120603015075,2.255,9.0,1.0,0.905,0.869375,0.125,3.124678662414351,0.827311869366533,0.061275272161741834,-0.1115625,0.8473971495540844
hopper::lvl-75.txt,hopper,200.0,16.0,0.06625,0.0028125,0.0021875,0.003125,0.0,0.0,0.003125,10.0,0.0053125,0.003125,0.0021875,0.0,0.0,2.0,5.0,5.0,0.11,0.025,0.0995293699848615,1.5412080027000676,0.5175879396984925,2.255,7.0,3.0,0.925,0.859375,0.125,3.1863901131841392,0.8648317454833777,0.06283048211508553,-0.12468749999999999,0.8530694441007749
hopper::lvl-76.txt,hopper,200.0,16.0,0.06625,0.0034375,0.00125,0.0015625,0.0009375,0.0,0.0025,8.0,0.0046875,0.003125,0.0015625,0.0,0.0,2.0,6.0,11.0,0.2,0.03,0.2992664706205419,2.2032848496212405,0.5879396984924623,3.985,10.0,1.0,0.91,0.7503125,0.165,3.8820572196490803,1.1579548924138199,0.071850699844479,-0.22968750000000002,0.8527905924083564
hopper::lvl-77.txt,hopper,200.0,16.0,0.0640625,0.00125,0.00125,0.0025,0.0,0.0,0.0025,8.0,0.010625,0.0084375,0.0021875,0.0,0.0,2.0,6.0,4.0,0.1,0.03,0.22343679757638124,1.3491244131103277,0.40703517587939697,2.28,8.0,3.0,0.955,0.8490625,0.135,3.5564947102113305,0.9096590394211772,0.06687402799377916,-0.118125,0.8486356407694132
hopper::lvl-78.txt,hopper,200.0,16.0,0.0696875,0.00125,0.0003125,0.000625,0.0003125,0.0,0.0009375,3.0,0.0065625,0.004375,0.0021875,0.0,0.0,2.0,7.0,5.0,0.135,0.035,0.0037601401928814004,1.4831391959798994,0.4623115577889447,2.17,8.0,3.0,0.925,0.861875,0.125,3.4394607157249917,0.844579571621893,0.0687402799377916,-0.153125,0.8499968069180811
hopper::lvl-79.txt,hopper,200.0,16.0,0.0621875,0.001875,0.0028125,0.0034375,0.0009375,0.0,0.004375,14.0,0.0065625,0.004375,0.0021875,0.0,0.0,2.0,5.0,5.0,0.09,0.025,0.36030927230591414,1.1792256281407034,0.507537688442211,2.58,9.0,1.0,0.91,0.825625,0.135,3.6408322100151564,0.9804858664333995,0.06842923794712286,-0.10468749999999999,0.8590002270718853
hopper::lvl-8.txt,hopper,200.0,16.0,0.0703125,0.0046875,0.0009375,0.003125,0.0009375,0.0,0.0040625,13.0,0.003125,0.0009375,0.0021875,0.0,0.0,2.0,6.0,3.0,0.08,0.03,0.002607380468587439,2.1067811445286133,0.49246231155778897,2.515,7.0,2.0,0.945,0.8525,0.13,3.1062789459318614,0.8931598737571621,0.06189735614307931,-0.08656250000000001,0.8463572640733786
hopper::lvl-80.txt,hopper,200.0,16.0,0.0625,0.0003125,0.00125,0.001875,0.0003125,0.0,0.0021875,7.0,0.0109375,0.00875,0.0021875,0.0,0.0,2.0,5.0,5.0,0.085,0.025,0.09542485562611436,1.63701971799295,0.3316582914572864,2.875,10.0,1.0,0.915,0.8009375,0.115,3.5108038492610683,1.0451297971122084,0.06656298600311042,-0.10625000000000001,0.8287716977432609
hopper::lvl-81.txt,hopper,200.0,16.0,0.0659375,0.0025,0.003125,0.0053125,0.000625,0.0,0.0059375,19.0,0.005625,0.0034375,0.0021875,0.0,0.0,2.0,6.0,12.0,0.145,0.03,0.01264343894800335,2.536674004350109,0.6633165829145728,3.5,10.0,2.0,0.935,0.7790625,0.18,3.9195685706964527,1.123491473021111,0.07402799377916018,-0.17468749999999997,0.8479111318715024
hopper::lvl-82.txt,hopper,200.0,16.0,0.0646875,0.00125,0.001875,0.0021875,0.0009375,0.003125,0.003125,10.0,0.0034375,0.0015625,0.001875,0.0,0.0,2.0,7.0,12.0,0.21,0.035,0.20916234302531278,2.375723288082202,0.7537688442211056,4.455,11.0,1.0,0.89,0.7196875,0.145,3.9026802743408266,1.2187529793517053,0.07589424572317263,-0.2403125,0.8402361810164416
hopper::lvl-83.txt,hopper,200.0,16.0,0.06625,0.00375,0.00125,0.0025,0.000625,0.0,0.003125,10.0,0.008125,0.0059375,0.0021875,0.0,0.0,2.0,8.0,5.0,0.15,0.04,0.015230332667203972,2.084581429535738,0.6532663316582915,2.99,8.0,3.0,0.93,0.815,0.185,4.0211443328273795,1.0255210898945524,0.07091757387247279,-0.1675,0.848631889406692
hopper::lvl-84.txt,hopper,200.0,16.0,0.07,0.00125,0.0003125,0.0009375,0.0003125,0.0,0.00125,4.0,0.0096875,0.0075,0.0021875,0.0,0.0,2.0,6.0,5.0,0.13,0.03,0.032065608091815134,1.5542365559138978,0.4221105527638191,2.5,8.0,2.0,0.935,0.8303125,0.14,3.5625984093744476,0.9688916160286193,0.07091757387247279,-0.1509375,0.8485483323903011
hopper::lvl-85.txt,hopper,200.0,16.0,0.060625,0.0,0.0,0.0,0.0003125,0.0,0.0003125,1.0,0.01125,0.0090625,0.0021875,0.0,0.0,2.0,6.0,5.0,0.11,0.03,0.0025447512119805005,1.4363725793144828,0.2914572864321608,2.24,5.0,1.0,0.89,0.8378125,0.11,3.365664265343028,0.9214658170176467,0.06438569206842924,-0.13343750000000001,0.851324557443774
hopper::lvl-86.txt,hopper,200.0,16.0,0.0659375,0.0009375,0.0003125,0.0003125,0.0003125,0.0,0.000625,2.0,0.0059375,0.00375,0.0021875,0.0,0.0,2.0,5.0,5.0,0.115,0.025,0.3385462303187884,1.582576389409735,0.41708542713567837,2.875,8.0,2.0,0.9,0.818125,0.11,3.3780977761403537,0.9779781141239611,0.06376360808709176,-0.1328125,0.853316723188028
hopper::lvl-87.txt,hopper,200.0,16.0,0.0659375,0.00125,0.0003125,0.0003125,0.000625,0.0,0.0009375,3.0,0.0071875,0.005,0.0021875,0.0,0.0,2.0,6.0,5.0,0.115,0.03,0.4422632853175632,1.2423547063676592,0.41708542713567837,2.695,8.0,1.0,0.885,0.826875,0.11,3.683721562098205,0.9559794757630199,0.06905132192846034,-0.13375,0.837389163117259
hopper::lvl-88.txt,hopper,200.0,16.0,0.065,0.00375,0.0021875,0.003125,0.0003125,0.0,0.0034375,11.0,0.01,0.0078125,0.0021875,0.0,0.0,2.0,6.0,5.0,0.09,0.03,0.04831640463381237,2.146801185029626,0.5326633165829145,3.445,10.0,1.0,0.91,0.781875,0.165,4.039752141244888,1.1150162295719825,0.06936236391912909,-0.10906249999999999,0.8441858513754608
hopper::lvl-89.txt,hopper,200.0,16.0,0.0646875,0.0034375,0.0021875,0.00375,0.000625,0.003125,0.004375,14.0,0.00875,0.0065625,0.0021875,0.0,0.0,2.0,5.0,5.0,0.09,0.025,0.035567775780718125,1.4899031575789394,0.5728643216080402,2.47,7.0,1.0,0.91,0.8403125,0.135,3.7607475097325564,0.972983466223247,0.07029548989113531,-0.10687499999999998,0.8421443735879316
hopper::lvl-9.txt,hopper,200.0,16.0,0.06625,0.0021875,0.001875,0.0028125,0.0003125,0.0,0.003125,10.0,0.0090625,0.006875,0.0021875,0.0,0.0,2.0,6.0,11.0,0.16,0.03,0.19965049899779475,2.3296402010050254,0.592964824120603,3.76,12.0,2.0,0.925,0.7609375,0.155,3.871964240178198,1.163385742794682,0.07433903576982892,-0.1934375,0.8405694911505718
hopper::lvl-90.txt,hopper,200.0,16.0,0.06625,0.0021875,0.0021875,0.003125,0.0003125,0.0,0.0034375,11.0,0.010625,0.0084375,0.0021875,0.0,0.0,2.0,6.0,5.0,0.105,0.03,0.0018891069832367435,2.5113085652141303,0.5829145728643216,3.46,11.0,1.0,0.895,0.7790625,0.145,3.7933657113486743,1.1280575054926787,0.07153965785381027,-0.12468749999999999,0.84702625777837
hopper::lvl-91.txt,hopper,200.0,16.0,0.0678125,0.0009375,0.000625,0.000625,0.0003125,0.0,0.0009375,3.0,0.009375,0.0071875,0.0021875,0.0,0.0,2.0,7.0,5.0,0.125,0.035,0.10311414007615294,1.4393652441311033,0.39195979899497485,2.275,7.0,2.0,0.9,0.8509375,0.115,3.534518523509811,0.8895224202369761,0.0640746500777605,-0.14593750000000003,0.8439823510672323
hopper::lvl-92.txt,hopper,200.0,16.0,0.06125,0.0,0.0,0.0,0.0003125,0.0,0.0003125,1.0,0.0115625,0.009375,0.0021875,0.0,0.0,2.0,5.0,5.0,0.115,0.025,0.4867047173691108,1.200016387909698,0.21608040201005024,2.385,9.0,2.0,0.905,0.8190625,0.115,3.5927728162086456,0.9802818341220965,0.06438569206842924,-0.13875,0.8470086547190189
hopper::lvl-93.txt,hopper,200.0,16.0,0.0615625,0.0015625,0.0009375,0.001875,0.0003125,0.0,0.0021875,7.0,0.011875,0.0096875,0.0021875,0.0,0.0,2.0,4.0,4.0,0.075,0.02,0.021785489889842746,1.434799392484812,0.4623115577889447,3.03,8.0,1.0,0.925,0.7928125,0.13,3.7329090436869388,1.0572455926589017,0.06936236391912909,-0.0946875,0.8371373985186982
hopper::lvl-94.txt,hopper,200.0,16.0,0.0621875,0.0015625,0.0,0.000625,0.000625,0.0,0.00125,4.0,0.0071875,0.005,0.0021875,0.0,0.0,2.0,5.0,5.0,0.105,0.025,0.2882275606739111,1.7165628140703517,0.628140703517588,3.1,10.0,1.0,0.895,0.7928125,0.135,3.6287414616090925,1.049806782558421,0.07060653188180405,-0.12343749999999999,0.8489099960171889
hopper::lvl-95.txt,hopper,200.0,16.0,0.0609375,0.001875,0.0009375,0.0009375,0.0003125,0.0,0.00125,4.0,0.008125,0.0059375,0.0021875,0.0,0.0,2.0,6.0,5.0,0.115,0.03,0.054217803387184516,1.568910965274132,0.49246231155778897,2.36,7.0,1.0,0.885,0.8503125,0.1,3.2347431801081585,0.8864494394234081,0.06687402799377916,-0.13437500000000002,0.8491593989605712
hopper::lvl-96.txt,hopper,200.0,16.0,0.0625,0.0059375,0.003125,0.005625,0.0009375,0.0,0.0065625,21.0,0.0034375,0.00125,0.0021875,0.0,0.0,2.0,7.0,19.0,0.275,0.035,0.018573748882823482,3.144286597164929,0.7939698492462312,5.18,12.0,1.0,0.905,0.6865625,0.135,3.784856455548609,1.2773377544947104,0.07153965785381027,-0.31937499999999996,0.8526039173341584
hopper::lvl-97.txt,hopper,200.0,16.0,0.0575,0.0040625,0.0015625,0.0028125,0.0,0.0,0.0028125,9.0,0.0084375,0.00625,0.0021875,0.0,0.0,2.0,7.0,5.0,0.145,0.035,0.4104707116930538,1.277238475961899,0.4723618090452261,2.45,9.0,1.0,0.855,0.849375,0.145,3.4118977244801205,0.9026359009762032,0.06500777604976672,-0.16312500000000002,0.8539938941897456
hopper::lvl-98.txt,hopper,200.0,16.0,0.0575,0.0009375,0.0009375,0.0009375,0.0003125,0.0,0.00125,4.0,0.0075,0.0053125,0.0021875,0.0,0.0,2.0,7.0,5.0,0.15,0.035,0.0007603393486678156,1.4777308932723319,0.4321608040201005,1.95,8.0,2.0,0.875,0.87375,0.11,2.936692009591178,0.7915038505157148,0.06345256609642301,-0.16875,0.8298422063378208
hopper::lvl-99.txt,hopper,200.0,16.0,0.056875,0.0028125,0.00125,0.0015625,0.000625,0.0,0.0021875,7.0,0.0040625,0.001875,0.0021875,0.0,0.0,2.0,7.0,5.0,0.16,0.035,0.1278040646976486,1.3026853821345534,0.4723618090452261,1.75,7.0,1.0,0.84,0.89375,0.115,2.7231032787298792,0.6982682974686305,0.05878693623639191,-0.174375,0.8602878187813439
marioDiffusion::level_1.txt,marioDiffusion,208.0,16.0,0.11057692307692307,0.001201923076923077,0.00030048076923076925,0.0009014423076923077,0.0,0.0,0.0009014423076923077,3.0,0.0018028846153846155,0.0018028846153846155,0.0,0.0,0.0,1.0,9.0,27.0,0.19230769230769232,0.04326923076923077,0.00315371053905511,2.0293706203949777,0.782608695652174,2.2451923076923075,10.0,10.0,1.75,0.88671875,0.09615384615384616,2.866379999455092,0.5410379097677432,0.06521088842357164,-0.2581129807692308,0.8539324454274388
marioDiffusion::level_10.txt,marioDiffusion,208.0,16.0,0.10967548076923077,0.009915865384615384,0.0,0.0,0.0,0.0018028846153846155,0.0,0.0,0.00030048076923076925,0.00030048076923076925,0.0,0.0,0.0,1.0,11.0,33.0,0.5913461538461539,0.052884615384615384,0.14908283882916973,3.726552508176562,0.9468599033816425,3.8125,13.0,10.0,1.6923076923076923,0.8882211538461539,0.09615384615384616,2.9613773949771054,0.5730434395347129,0.06102303320370924,-0.6709735576923077,0.8646437886566216
marioDiffusion::level_100.txt,marioDiffusion,208.0,16.0,0.13792067307692307,0.006610576923076923,0.0018028846153846155,0.0018028846153846155,0.0,0.002403846153846154,0.0018028846153846155,6.0,0.0018028846153846155,0.0018028846153846155,0.0,0.0,0.0,1.0,12.0,5.0,0.08653846153846154,0.057692307692307696,0.0264188054584531,2.412153446250106,0.9565217391304348,2.7163461538461537,10.0,9.0,2.1009615384615383,0.8560697115384616,0.10096153846153846,2.7806151229967986,0.6825355078311719,0.07418486389470536,-0.0985576923076923,0.8625698919917991
marioDiffusion::level_11.txt,marioDiffusion,208.0,16.0,0.11658653846153846,0.0,0.0,0.0015024038461538462,0.0,0.0,0.0015024038461538462,5.0,0.00030048076923076925,0.00030048076923076925,0.0,0.0,0.0,1.0,5.0,34.0,0.20192307692307693,0.02403846153846154,0.01942715194506739,1.6569139417614598,0.6086956521739131,1.8653846153846154,9.0,9.0,1.8653846153846154,0.8816105769230769,0.0673076923076923,2.410161984113755,0.5393507211492747,0.057134310499551304,-0.2824519230769231,0.8638736889072034
marioDiffusion::level_12.txt,marioDiffusion,208.0,16.0,0.11388221153846154,0.0,0.0,0.0,0.0,0.0,0.0,0.0,0.0021033653846153845,0.0021033653846153845,0.0,0.0,0.0,1.0,9.0,4.0,0.09134615384615384,0.04326923076923077,2.684708560729554e-05,1.6596387764453466,0.642512077294686,1.9903846153846154,10.0,10.0,1.7980769230769231,0.8840144230769231,0.08173076923076923,2.2774644148059884,0.5328853822417661,0.055638647921029016,-0.10306490384615385,0.8746149955461613
marioDiffusion::level_13.txt,marioDiffusion,208.0,16.0,0.11448317307692307,0.0,0.0,0.0,0.0,0.0,0.0,0.0,0.0006009615384615385,0.0006009615384615385,0.0,0.0,0.0,1.0,9.0,13.0,0.16826923076923078,0.04326923076923077,0.0021614352307287588,1.6344035464183764,0.6908212560386473,1.8365384615384615,9.0,9.0,1.8269230769230769,0.8849158653846154,0.057692307692307696,2.065706721055821,0.5204840453469382,0.05444211785821119,-0.20012019230769232,0.8671590168507495
marioDiffusion::level_14.txt,marioDiffusion,208.0,16.0,0.13311298076923078,0.023737980769230768,0.0006009615384615385,0.0015024038461538462,0.0,0.001201923076923077,0.0015024038461538462,5.0,0.0021033653846153845,0.0021033653846153845,0.0,0.0,0.0,1.0,17.0,5.0,0.15384615384615385,0.08173076923076923,0.15124851872873424,4.187880541977532,0.9951690821256038,5.403846153846154,12.0,9.0,1.7980769230769231,0.8620793269230769,0.15384615384615385,3.5074125845890842,0.7101964689559416,0.07627879150463655,-0.16646634615384617,0.8593699490958184
marioDiffusion::level_15.txt,marioDiffusion,208.0,16.0,0.16856971153846154,0.01953125,0.0,0.0,0.0,0.0,0.0,0.0,0.002704326923076923,0.0021033653846153845,0.0,0.0,0.0006009615384615385,2.0,9.0,7.0,0.13942307692307693,0.04326923076923077,0.007278031809229479,2.9246343268302435,0.7439613526570048,3.9615384615384617,10.0,10.0,2.4038461538461537,0.8287259615384616,0.10576923076923077,2.881590314122603,0.7705447195387181,0.06311696081364045,-0.15895432692307693,0.8596230065367882
marioDiffusion::level_16.txt,marioDiffusion,208.0,16.0,0.13912259615384615,0.015925480769230768,0.0,0.0,0.0,0.001201923076923077,0.0,0.0,0.0009014423076923077,0.0009014423076923077,0.0,0.0,0.0,1.0,11.0,16.0,0.27884615384615385,0.052884615384615384,0.03988743175834797,3.5016240030872137,0.7439613526570048,4.206730769230769,13.0,10.0,2.0865384615384617,0.8587740384615384,0.12980769230769232,2.9305041524609825,0.6790996018180485,0.058629973078073584,-0.3182091346153846,0.8672739301669093
marioDiffusion::level_17.txt,marioDiffusion,208.0,16.0,0.1502403846153846,0.010516826923076924,0.0,0.0,0.0,0.001201923076923077,0.0,0.0,0.0015024038461538462,0.001201923076923077,0.0,0.0,0.00030048076923076925,2.0,9.0,5.0,0.10576923076923077,0.04326923076923077,0.08896685615131683,2.441961706588313,0.8309178743961353,2.9423076923076925,10.0,10.0,2.2451923076923075,0.8470552884615384,0.10576923076923077,2.917075818585095,0.6979161485596765,0.07209093628477416,-0.11929086538461538,0.8581195500136357
marioDiffusion::level_18.txt,marioDiffusion,208.0,16.0,0.15775240384615385,0.004206730769230769,0.0,0.0,0.0,0.0018028846153846155,0.0,0.0,0.0015024038461538462,0.001201923076923077,0.0,0.0,0.00030048076923076925,2.0,9.0,22.0,0.375,0.04326923076923077,0.00042743640688158724,2.703528923549606,1.1594202898550725,2.9951923076923075,10.0,10.0,2.4711538461538463,0.8389423076923077,0.09615384615384616,2.968499412796371,0.6958970344736402,0.06700568351779838,-0.4293870192307692,0.8583138641592662
marioDiffusion::level_19.txt,marioDiffusion,208.0,16.0,0.0907451923076923,0.005108173076923077,0.0,0.0,0.0,0.0,0.0,0.0,0.0015024038461538462,0.0015024038461538462,0.0,0.0,0.0,1.0,13.0,21.0,0.5240384615384616,0.0625,0.022137552427186513,2.260606604274092,0.9082125603864735,2.1346153846153846,10.0,10.0,1.3701923076923077,0.9077524038461539,0.09615384615384616,2.4421709634132784,0.4833639681763532,0.05264732276398445,-0.5760216346153847,0.8661791341514589
marioDiffusion::level_2.txt,marioDiffusion,208.0,16.0,0.09405048076923077,0.013822115384615384,0.00030048076923076925,0.002704326923076923,0.0,0.001201923076923077,0.002704326923076923,9.0,0.001201923076923077,0.001201923076923077,0.0,0.0,0.0,1.0,14.0,30.0,0.4519230769230769,0.0673076923076923,0.11661871354275921,3.9525390117715413,0.5893719806763285,3.7211538461538463,13.0,9.0,1.3798076923076923,0.9008413461538461,0.11538461538461539,3.040349650241465,0.5632569963121009,0.05982650314089141,-0.5225360576923077,0.8566313626498533
marioDiffusion::level_20.txt,marioDiffusion,208.0,16.0,0.10757211538461539,0.008413461538461538,0.0009014423076923077,0.0009014423076923077,0.0,0.003605769230769231,0.0009014423076923077,3.0,0.002403846153846154,0.002403846153846154,0.0,0.0,0.0,1.0,13.0,4.0,0.10576923076923077,0.0625,0.10872475656481051,2.80158146619267,0.893719806763285,3.0913461538461537,12.0,9.0,1.5865384615384615,0.8855168269230769,0.12980769230769232,2.7774542828853446,0.6101408809712233,0.0613221657194137,-0.11688701923076925,0.8653849405827154
marioDiffusion::level_21.txt,marioDiffusion,208.0,16.0,0.14903846153846154,0.025841346153846152,0.002704326923076923,0.002704326923076923,0.0,0.0,0.002704326923076923,9.0,0.0021033653846153845,0.0021033653846153845,0.0,0.0,0.0,1.0,12.0,17.0,0.1875,0.057692307692307696,0.07934316055733304,4.231005944343165,0.9468599033816425,5.990384615384615,13.0,10.0,2.0,0.8461538461538461,0.16826923076923078,3.7765527059945914,0.7541699293034642,0.06281782829793599,-0.22776442307692307,0.8712142925720338
marioDiffusion::level_22.txt,marioDiffusion,208.0,16.0,0.11838942307692307,0.003605769230769231,0.0,0.0,0.0,0.0,0.0,0.0,0.0006009615384615385,0.0006009615384615385,0.0,0.0,0.0,1.0,12.0,11.0,0.20192307692307693,0.057692307692307696,0.006269183494307606,2.6712083270760223,0.9130434782608695,2.8461538461538463,12.0,10.0,1.8269230769230769,0.8810096153846154,0.11057692307692307,3.0567342579855965,0.5551861098698643,0.06251869578223153,-0.22896634615384615,0.8645829562363322
marioDiffusion::level_23.txt,marioDiffusion,208.0,16.0,0.07872596153846154,0.00030048076923076925,0.001201923076923077,0.0015024038461538462,0.0,0.0,0.0015024038461538462,5.0,0.0030048076923076925,0.0030048076923076925,0.0,0.0,0.0,1.0,14.0,13.0,0.1971153846153846,0.0673076923076923,0.04840098172864493,1.3173763303967052,0.6763285024154589,1.6730769230769231,9.0,9.0,1.2548076923076923,0.9167668269230769,0.09134615384615384,2.6134882635305052,0.4468247753877588,0.06162129823511816,-0.22986778846153844,0.8559949267572589
marioDiffusion::level_24.txt,marioDiffusion,208.0,16.0,0.11929086538461539,0.016826923076923076,0.002403846153846154,0.0030048076923076925,0.0,0.0,0.0030048076923076925,10.0,0.0009014423076923077,0.0009014423076923077,0.0,0.0,0.0,1.0,15.0,2.0,0.08173076923076923,0.07211538461538461,0.21323644964026112,3.4680395515415756,0.8115942028985508,4.115384615384615,12.0,9.0,1.6394230769230769,0.8768028846153846,0.1201923076923077,2.7875474239206675,0.6387138380572468,0.06401435836075381,-0.08443509615384615,0.8513364217957179
marioDiffusion::level_25.txt,marioDiffusion,208.0,16.0,0.1271033653846154,0.0015024038461538462,0.0009014423076923077,0.0009014423076923077,0.0,0.0,0.0009014423076923077,3.0,0.00030048076923076925,0.00030048076923076925,0.0,0.0,0.0,1.0,10.0,8.0,0.11538461538461539,0.04807692307692308,0.0012398109917486355,1.7891605109084427,0.7681159420289855,2.0961538461538463,9.0,9.0,2.019230769230769,0.8716947115384616,0.08653846153846154,2.4279421289355088,0.5753455888319576,0.06221956326652707,-0.13401442307692307,0.8723055449143788
marioDiffusion::level_26.txt,marioDiffusion,208.0,16.0,0.09435096153846154,0.0018028846153846155,0.0030048076923076925,0.0030048076923076925,0.0,0.0,0.0030048076923076925,10.0,0.0018028846153846155,0.0018028846153846155,0.0,0.0,0.0,1.0,16.0,4.0,0.16346153846153846,0.07692307692307693,0.00019740537929491264,1.3342382713367136,0.6763285024154589,1.625,9.0,9.0,1.4807692307692308,0.9008413461538461,0.07211538461538461,2.290008854824613,0.5115384200643974,0.06251869578223153,-0.171875,0.8508246618223273
marioDiffusion::level_27.txt,marioDiffusion,208.0,16.0,0.08413461538461539,0.0,0.0,0.0,0.0,0.0018028846153846155,0.0,0.0,0.0006009615384615385,0.0006009615384615385,0.0,0.0,0.0,1.0,18.0,22.0,0.5480769230769231,0.08653846153846154,0.004043397199683385,2.2650320556416537,1.289855072463768,1.9375,10.0,10.0,1.3317307692307692,0.9134615384615384,0.10096153846153846,2.7548440067361284,0.4460646297785104,0.0634160933293449,-0.6015625000000001,0.8571571500532473
marioDiffusion::level_28.txt,marioDiffusion,208.0,16.0,0.11268028846153846,0.006911057692307692,0.0006009615384615385,0.0006009615384615385,0.0,0.001201923076923077,0.0006009615384615385,2.0,0.0015024038461538462,0.0015024038461538462,0.0,0.0,0.0,1.0,14.0,5.0,0.125,0.0673076923076923,0.12665869349368375,2.4854413971509333,0.748792270531401,2.8653846153846154,12.0,9.0,1.7163461538461537,0.8840144230769231,0.1201923076923077,2.7875113709787027,0.5842118454921176,0.06401435836075381,-0.1379206730769231,0.8686651328287498
marioDiffusion::level_29.txt,marioDiffusion,208.0,16.0,0.07992788461538461,0.0,0.0,0.0,0.0,0.0,0.0,0.0,0.00030048076923076925,0.00030048076923076925,0.0,0.0,0.0,1.0,10.0,21.0,0.4230769230769231,0.04807692307692308,0.0018947110835599856,1.6190857637345932,0.45410628019323673,1.9134615384615385,9.0,9.0,1.2740384615384615,0.9197716346153846,0.07211538461538461,2.6825717686296264,0.40583811251445834,0.047562069997008675,-0.4738581730769231,0.866689170116582
marioDiffusion::level_3.txt,marioDiffusion,208.0,16.0,0.13341346153846154,0.011117788461538462,0.0,0.0,0.0,0.0,0.0,0.0,0.00030048076923076925,0.00030048076923076925,0.0,0.0,0.0,1.0,13.0,20.0,0.3701923076923077,0.0625,0.05489159656305753,3.62819834517709,0.7681159420289855,3.9038461538461537,13.0,10.0,2.0576923076923075,0.8662860576923077,0.09615384615384616,2.736619660687788,0.6258216957869908,0.05533951540532456,-0.41856971153846156,0.8759451994538753
marioDiffusion::level_30.txt,marioDiffusion,208.0,16.0,0.08984375,0.002704326923076923,0.0,0.0009014423076923077,0.0,0.0,0.0009014423076923077,3.0,0.001201923076923077,0.001201923076923077,0.0,0.0,0.0,1.0,15.0,3.0,0.1201923076923077,0.07211538461538461,0.01360838025877853,1.2238084014867372,0.5990338164251208,1.6201923076923077,9.0,9.0,1.3846153846153846,0.9080528846153846,0.07692307692307693,2.0790134177881243,0.47698117880587915,0.05623691295243793,-0.12770432692307693,0.8499800845552109
marioDiffusion::level_31.txt,marioDiffusion,208.0,16.0,0.15354567307692307,0.018329326923076924,0.0006009615384615385,0.00030048076923076925,0.00030048076923076925,0.0018028846153846155,0.0006009615384615385,2.0,0.002704326923076923,0.0018028846153846155,0.0,0.0,0.0009014423076923077,2.0,11.0,19.0,0.30288461538461536,0.052884615384615384,0.08221469327014497,3.3858342524400435,0.966183574879227,4.149038461538462,13.0,10.0,2.2115384615384617,0.8413461538461539,0.1346153846153846,3.497997905140001,0.759070306550392,0.0738857313790009,-0.35066105769230765,0.8540055648073277
marioDiffusion::level_32.txt,marioDiffusion,208.0,16.0,0.10426682692307693,0.008413461538461538,0.00030048076923076925,0.0015024038461538462,0.0,0.0,0.0015024038461538462,5.0,0.0018028846153846155,0.0018028846153846155,0.0,0.0,0.0,1.0,19.0,3.0,0.13942307692307693,0.09134615384615384,0.096134620055908,1.7371086821117625,0.7342995169082126,2.0913461538461537,10.0,9.0,1.5528846153846154,0.8924278846153846,0.125,2.59988980087804,0.5604082977063946,0.06580915345498056,-0.14693509615384615,0.8599110102309603
marioDiffusion::level_33.txt,marioDiffusion,208.0,16.0,0.10306490384615384,0.007211538461538462,0.0,0.0,0.0,0.0018028846153846155,0.0,0.0,0.0030048076923076925,0.0030048076923076925,0.0,0.0,0.0,1.0,10.0,7.0,0.125,0.04807692307692308,0.019829707354685255,1.990867236164059,0.6956521739130435,2.25,9.0,9.0,1.5528846153846154,0.8921274038461539,0.10096153846153846,2.5222784623288304,0.5675705666989183,0.06281782829793599,-0.14483173076923075,0.8473294140677291
marioDiffusion::level_34.txt,marioDiffusion,208.0,16.0,0.12259615384615384,0.0078125,0.003605769230769231,0.003605769230769231,0.0,0.0,0.003605769230769231,12.0,0.0021033653846153845,0.0021033653846153845,0.0,0.0,0.0,1.0,15.0,2.0,0.08653846153846154,0.07211538461538461,0.012630375101072566,3.0423985541097407,0.927536231884058,3.139423076923077,12.0,9.0,1.8365384615384615,0.8716947115384616,0.09615384615384616,2.8094841822766026,0.6338132468073265,0.06521088842357164,-0.08984375,0.8635800412763789
marioDiffusion::level_35.txt,marioDiffusion,208.0,16.0,0.06971153846153846,0.01532451923076923,0.0,0.006009615384615385,0.0,0.002403846153846154,0.006009615384615385,20.0,0.0006009615384615385,0.0006009615384615385,0.0,0.0,0.0,1.0,17.0,17.0,0.375,0.08173076923076923,0.030281827567455122,3.8470299466712947,0.7342995169082126,3.793269230769231,12.0,7.0,0.8798076923076923,0.9212740384615384,0.15384615384615385,3.473592059876833,0.5058599553194297,0.05892910559377804,-0.41045673076923084,0.8566110087688816
marioDiffusion::level_36.txt,marioDiffusion,208.0,16.0,0.19831730769230768,0.006610576923076923,0.0,0.0,0.0,0.0,0.0,0.0,0.001201923076923077,0.001201923076923077,0.0,0.0,0.0,1.0,9.0,10.0,0.24519230769230768,0.04326923076923077,1.3384167816044013e-05,3.0018456696225795,1.0338164251207729,3.581730769230769,10.0,10.0,3.0625,0.8004807692307693,0.09134615384615384,2.9173139555843774,0.7733721961850075,0.06431349087645827,-0.2704326923076923,0.8765215511343957
marioDiffusion::level_37.txt,marioDiffusion,208.0,16.0,0.0985576923076923,0.005408653846153846,0.0,0.00030048076923076925,0.0,0.0,0.00030048076923076925,1.0,0.002704326923076923,0.002704326923076923,0.0,0.0,0.0,1.0,14.0,4.0,0.125,0.0673076923076923,0.006196606737294497,1.5984331359100326,0.6570048309178744,1.8365384615384615,9.0,9.0,1.4903846153846154,0.8984375,0.08653846153846154,2.079497455674501,0.5251042162662413,0.05952737062518696,-0.13701923076923075,0.8517571661490004
marioDiffusion::level_38.txt,marioDiffusion,208.0,16.0,0.1240985576923077,0.0,0.0,0.0,0.0,0.0,0.0,0.0,0.0006009615384615385,0.0006009615384615385,0.0,0.0,0.0,1.0,6.0,14.0,0.10576923076923077,0.028846153846153848,0.0014243922478360815,1.7404019640366675,0.8888888888888888,2.1009615384615383,9.0,9.0,1.9663461538461537,0.8753004807692307,0.09134615384615384,2.4781481753835037,0.5482107843000268,0.06192043075082262,-0.14002403846153846,0.873168338017373
marioDiffusion::level_39.txt,marioDiffusion,208.0,16.0,0.07211538461538461,0.0018028846153846155,0.0,0.0015024038461538462,0.0,0.0,0.0015024038461538462,5.0,0.00030048076923076925,0.00030048076923076925,0.0,0.0,0.0,1.0,15.0,17.0,0.25961538461538464,0.07211538461538461,0.0018659743154981756,1.625260832431665,0.5942028985507246,1.7019230769230769,9.0,9.0,1.1201923076923077,0.9260817307692307,0.09615384615384616,2.3068968618480055,0.4059416431952243,0.04995513012264433,-0.2992788461538462,0.8645135599878832
marioDiffusion::level_4.txt,marioDiffusion,208.0,16.0,0.16676682692307693,0.024338942307692308,0.0,0.0,0.0,0.0,0.0,0.0,0.0006009615384615385,0.0006009615384615385,0.0,0.0,0.0,1.0,12.0,14.0,0.3269230769230769,0.057692307692307696,0.02970030254678857,4.602040911840023,0.8985507246376812,5.7451923076923075,13.0,10.0,2.375,0.8326322115384616,0.12980769230769232,3.7855696344365515,0.7573876151692064,0.05892910559377804,-0.36117788461538464,0.8708115505458942
marioDiffusion::level_40.txt,marioDiffusion,208.0,16.0,0.1619591346153846,0.0,0.0,0.0,0.0,0.0,0.0,0.0,0.00030048076923076925,0.00030048076923076925,0.0,0.0,0.0,1.0,8.0,7.0,0.08653846153846154,0.038461538461538464,0.0005965809688821544,2.449231779119783,0.9855072463768116,2.625,10.0,10.0,2.5865384615384617,0.8377403846153846,0.0673076923076923,2.2746117738985348,0.6428484805495165,0.0613221657194137,-0.10366586538461538,0.8689493715954546
marioDiffusion::level_41.txt,marioDiffusion,208.0,16.0,0.16286057692307693,0.009615384615384616,0.0,0.0,0.0,0.0,0.0,0.0,0.001201923076923077,0.001201923076923077,0.0,0.0,0.0,1.0,5.0,22.0,0.20673076923076922,0.02403846153846154,0.09156541830975662,2.7815071780592815,0.7874396135265701,3.6826923076923075,13.0,10.0,2.4951923076923075,0.8359375,0.10576923076923077,2.8020909469611937,0.706898640967256,0.05623691295243793,-0.26081730769230765,0.8810682136705765
marioDiffusion::level_42.txt,marioDiffusion,208.0,16.0,0.12800480769230768,0.0078125,0.0,0.0,0.0,0.0,0.0,0.0,0.0006009615384615385,0.0006009615384615385,0.0,0.0,0.0,1.0,16.0,7.0,0.20192307692307693,0.07692307692307693,0.030611313418404507,2.0070781089912844,0.8115942028985508,2.451923076923077,10.0,10.0,1.9278846153846154,0.8713942307692307,0.08173076923076923,2.925447377213102,0.6015569823243198,0.0634160933293449,-0.21935096153846154,0.856011782753848
marioDiffusion::level_43.txt,marioDiffusion,208.0,16.0,0.12830528846153846,0.01171875,0.0,0.00030048076923076925,0.0,0.0,0.00030048076923076925,1.0,0.0006009615384615385,0.0006009615384615385,0.0,0.0,0.0,1.0,11.0,4.0,0.11057692307692307,0.052884615384615384,0.06764915223604495,3.237635200238065,0.8792270531400966,3.5528846153846154,12.0,9.0,1.8846153846153846,0.8707932692307693,0.12980769230769232,2.9312127753876,0.6204106808032873,0.06850134609632066,-0.12049278846153846,0.8587835567050346
marioDiffusion::level_44.txt,marioDiffusion,208.0,16.0,0.12620192307692307,0.0033052884615384615,0.0,0.0009014423076923077,0.0,0.0,0.0009014423076923077,3.0,0.001201923076923077,0.001201923076923077,0.0,0.0,0.0,1.0,10.0,33.0,0.3605769230769231,0.04807692307692308,0.0030053006556596262,1.914387569245869,0.6086956521739131,2.293269230769231,10.0,10.0,1.9615384615384615,0.8716947115384616,0.08653846153846154,2.581099019705015,0.592402554999644,0.057134310499551304,-0.4402043269230769,0.8541216354384
marioDiffusion::level_45.txt,marioDiffusion,208.0,16.0,0.11207932692307693,0.01141826923076923,0.0,0.0,0.0,0.0,0.0,0.0,0.002704326923076923,0.002403846153846154,0.0,0.0,0.00030048076923076925,2.0,13.0,16.0,0.36538461538461536,0.0625,0.040110768506033234,2.3075948128838246,0.6570048309178744,2.543269230769231,10.0,10.0,1.6105769230769231,0.8852163461538461,0.08653846153846154,2.32360310397539,0.5872465304616786,0.0529464552796889,-0.4065504807692307,0.8604829412245907
marioDiffusion::level_46.txt,marioDiffusion,208.0,16.0,0.09134615384615384,0.00811298076923077,0.0,0.0,0.0,0.001201923076923077,0.0,0.0,0.0009014423076923077,0.0009014423076923077,0.0,0.0,0.0,1.0,13.0,27.0,0.4423076923076923,0.0625,0.05589943014341736,3.351544545491474,0.927536231884058,3.25,13.0,9.0,1.3509615384615385,0.9065504807692307,0.10096153846153846,2.6821665131926857,0.5063767204921129,0.05414298534250673,-0.5081129807692307,0.8703853285139433
marioDiffusion::level_47.txt,marioDiffusion,208.0,16.0,0.10276442307692307,0.005709134615384615,0.0,0.00030048076923076925,0.0,0.0,0.00030048076923076925,1.0,0.00030048076923076925,0.00030048076923076925,0.0,0.0,0.0,1.0,12.0,31.0,0.46634615384615385,0.057692307692307696,0.17883129923463903,2.8051203091193853,0.9227053140096618,2.855769230769231,13.0,9.0,1.5673076923076923,0.8966346153846154,0.10576923076923077,3.1186177238811412,0.5173121162891704,0.06401435836075381,-0.5408653846153846,0.8560751969601499
marioDiffusion::level_48.txt,marioDiffusion,208.0,16.0,0.14122596153846154,0.0,0.0,0.0,0.0,0.001201923076923077,0.0,0.0,0.0006009615384615385,0.0006009615384615385,0.0,0.0,0.0,1.0,8.0,24.0,0.25,0.038461538461538464,0.0048689910800806535,1.448482119886802,0.6135265700483091,2.2788461538461537,10.0,10.0,2.2596153846153846,0.8569711538461539,0.0625,2.059671092624841,0.6101363705498906,0.05145079270116662,-0.3082932692307693,0.8865443401421507
marioDiffusion::level_49.txt,marioDiffusion,208.0,16.0,0.10126201923076923,0.0030048076923076925,0.0009014423076923077,0.0009014423076923077,0.0,0.0018028846153846155,0.0009014423076923077,3.0,0.0015024038461538462,0.0015024038461538462,0.0,0.0,0.0,1.0,13.0,3.0,0.09134615384615384,0.0625,0.012573542045801744,1.3966272681727707,0.6811594202898551,1.8076923076923077,10.0,10.0,1.5769230769230769,0.89453125,0.10096153846153846,2.197668057666143,0.5410101691825645,0.06311696081364045,-0.09915865384615384,0.8510787145800425
marioDiffusion::level_5.txt,marioDiffusion,208.0,16.0,0.13161057692307693,0.0006009615384615385,0.001201923076923077,0.001201923076923077,0.0,0.0,0.001201923076923077,4.0,0.0015024038461538462,0.0015024038461538462,0.0,0.0,0.0,1.0,8.0,2.0,0.052884615384615384,0.038461538461538464,0.003937909638348724,2.0756042331634217,0.8115942028985508,2.5865384615384617,10.0,10.0,2.0961538461538463,0.8656850961538461,0.09134615384615384,2.768389617966414,0.5964704506883387,0.07089440622195632,-0.057992788461538464,0.8587938386985834
marioDiffusion::level_50.txt,marioDiffusion,208.0,16.0,0.140625,0.0,0.0,0.0,0.0,0.0,0.0,0.0,0.0018028846153846155,0.0018028846153846155,0.0,0.0,0.0,1.0,10.0,11.0,0.1778846153846154,0.04807692307692308,0.0039742138912778335,2.2705786941011814,1.0048309178743962,2.3846153846153846,10.0,10.0,2.2451923076923075,0.8575721153846154,0.09134615384615384,2.6528041171101022,0.6045115457392926,0.06401435836075381,-0.20612980769230768,0.8635147754154886
marioDiffusion::level_51.txt,marioDiffusion,208.0,16.0,0.08774038461538461,0.0033052884615384615,0.0,0.0021033653846153845,0.0,0.0,0.0021033653846153845,7.0,0.0006009615384615385,0.0006009615384615385,0.0,0.0,0.0,1.0,9.0,20.0,0.20192307692307693,0.04326923076923077,0.0009614529812371764,1.8810594558949822,0.6763285024154589,2.2548076923076925,9.0,7.0,1.3701923076923077,0.9095552884615384,0.1346153846153846,3.252834546251228,0.4778684808696448,0.06102303320370924,-0.24849759615384615,0.8636957603191338
marioDiffusion::level_52.txt,marioDiffusion,208.0,16.0,0.11207932692307693,0.006310096153846154,0.00030048076923076925,0.0,0.00030048076923076925,0.001201923076923077,0.00030048076923076925,1.0,0.0006009615384615385,0.0006009615384615385,0.0,0.0,0.0,1.0,13.0,22.0,0.3173076923076923,0.0625,0.0025326592787145996,2.1948638424445943,0.8840579710144928,2.326923076923077,10.0,10.0,1.7163461538461537,0.8858173076923077,0.11538461538461539,3.099148685557642,0.5678694234142448,0.06221956326652707,-0.37049278846153844,0.849154356285942
marioDiffusion::level_53.txt,marioDiffusion,208.0,16.0,0.07782451923076923,0.0030048076923076925,0.0006009615384615385,0.0006009615384615385,0.0,0.0,0.0006009615384615385,2.0,0.00030048076923076925,0.00030048076923076925,0.0,0.0,0.0,1.0,17.0,10.0,0.18269230769230768,0.08173076923076923,5.720687257237955e-10,0.9528943193460884,0.6570048309178744,1.3413461538461537,9.0,9.0,1.2163461538461537,0.9212740384615384,0.07692307692307693,1.7770095734382676,0.4239652356291818,0.048758600059826504,-0.20643028846153846,0.8711785378646512
marioDiffusion::level_54.txt,marioDiffusion,208.0,16.0,0.11298076923076923,0.009915865384615384,0.00030048076923076925,0.00030048076923076925,0.0,0.001201923076923077,0.00030048076923076925,1.0,0.002704326923076923,0.002704326923076923,0.0,0.0,0.0,1.0,14.0,2.0,0.08173076923076923,0.0673076923076923,0.10864157127231489,2.9345104477095982,0.8019323671497585,3.1778846153846154,12.0,9.0,1.6730769230769231,0.8828125,0.1201923076923077,2.63916259074004,0.6032821973407813,0.06521088842357164,-0.0889423076923077,0.8527285283152679
marioDiffusion::level_55.txt,marioDiffusion,208.0,16.0,0.12890625,0.0,0.0,0.0,0.0,0.0,0.0,0.0,0.001201923076923077,0.001201923076923077,0.0,0.0,0.0,1.0,9.0,26.0,0.22596153846153846,0.04326923076923077,0.010069546466890067,1.7663173561095364,0.6714975845410628,2.0625,10.0,10.0,2.0625,0.8698918269230769,0.07211538461538461,2.6922149010538687,0.5675836143354854,0.06311696081364045,-0.28966346153846156,0.8678550659979695
marioDiffusion::level_56.txt,marioDiffusion,208.0,16.0,0.10697115384615384,0.01201923076923077,0.0,0.00030048076923076925,0.0,0.0,0.00030048076923076925,1.0,0.0018028846153846155,0.0018028846153846155,0.0,0.0,0.0,1.0,14.0,15.0,0.21153846153846154,0.0673076923076923,0.0830390723979767,3.328658378088496,1.21256038647343,3.4375,12.0,9.0,1.5336538461538463,0.8909254807692307,0.13942307692307693,3.2032016638176173,0.56758298439899,0.06730481603350284,-0.24909855769230765,0.8607321397117987
marioDiffusion::level_57.txt,marioDiffusion,208.0,16.0,0.08623798076923077,0.0,0.0,0.0009014423076923077,0.0,0.0,0.0009014423076923077,3.0,0.0021033653846153845,0.0021033653846153845,0.0,0.0,0.0,1.0,9.0,22.0,0.28365384615384615,0.04326923076923077,0.0004103555659655811,1.5110571114548188,0.6473429951690821,1.6009615384615385,9.0,9.0,1.3798076923076923,0.9107572115384616,0.09134615384615384,2.461876851517258,0.45554729250834264,0.05892910559377804,-0.3377403846153846,0.8593994556634826
marioDiffusion::level_58.txt,marioDiffusion,208.0,16.0,0.0985576923076923,0.02403846153846154,0.00030048076923076925,0.0,0.00030048076923076925,0.0,0.00030048076923076925,1.0,0.001201923076923077,0.001201923076923077,0.0,0.0,0.0,1.0,20.0,8.0,0.1971153846153846,0.09615384615384616,0.05301499575302271,4.534376334807597,0.9758454106280193,5.153846153846154,13.0,6.0,1.25,0.8999399038461539,0.13942307692307693,3.411114382378727,0.5605136081179558,0.06221956326652707,-0.21724759615384615,0.859291024492491
marioDiffusion::level_59.txt,marioDiffusion,208.0,16.0,0.12890625,0.012920673076923076,0.0015024038461538462,0.0015024038461538462,0.0,0.0,0.0015024038461538462,5.0,0.0015024038461538462,0.0015024038461538462,0.0,0.0,0.0,1.0,8.0,6.0,0.09134615384615384,0.038461538461538464,0.32902876735328523,2.9884283849694873,0.966183574879227,3.826923076923077,12.0,10.0,1.8605769230769231,0.8680889423076923,0.1201923076923077,3.105031579017716,0.6468924827896146,0.0655100209392761,-0.10576923076923077,0.8702090346116426
marioDiffusion::level_6.txt,marioDiffusion,208.0,16.0,0.14092548076923078,0.01532451923076923,0.0015024038461538462,0.0015024038461538462,0.0,0.0,0.0015024038461538462,5.0,0.0006009615384615385,0.0006009615384615385,0.0,0.0,0.0,1.0,11.0,2.0,0.0625,0.052884615384615384,0.006282048087540071,3.229757161954398,0.9710144927536232,3.7788461538461537,12.0,9.0,2.0384615384615383,0.8569711538461539,0.125,3.312620962701842,0.6796626670525222,0.07059527370625188,-0.06640625,0.8588221331385312
marioDiffusion::level_60.txt,marioDiffusion,208.0,16.0,0.1484375,0.02674278846153846,0.0,0.004807692307692308,0.0,0.002403846153846154,0.004807692307692308,16.0,0.002704326923076923,0.002704326923076923,0.0,0.0,0.0,1.0,4.0,20.0,0.1875,0.019230769230769232,0.0023073254585782577,3.3800025280563477,0.5797101449275363,4.014423076923077,10.0,10.0,1.9375,0.8416466346153846,0.10096153846153846,2.7519263446422833,0.804200300518597,0.05444211785821119,-0.23347355769230768,0.8603434838189842
marioDiffusion::level_61.txt,marioDiffusion,208.0,16.0,0.13131009615384615,0.013822115384615384,0.0,0.0006009615384615385,0.0,0.0,0.0006009615384615385,2.0,0.0009014423076923077,0.0009014423076923077,0.0,0.0,0.0,1.0,16.0,9.0,0.20673076923076922,0.07692307692307693,0.1188453965069256,3.677237528614377,0.8695652173913043,4.100961538461538,12.0,9.0,1.8701923076923077,0.8671875,0.13942307692307693,3.406927746529827,0.6421757006923067,0.07298833383188752,-0.2286658653846154,0.8562444627373753
marioDiffusion::level_62.txt,marioDiffusion,208.0,16.0,0.09885817307692307,0.008713942307692308,0.0,0.0,0.0,0.0,0.0,0.0,0.0009014423076923077,0.0009014423076923077,0.0,0.0,0.0,1.0,13.0,26.0,0.33653846153846156,0.0625,0.002150834551133629,3.3932592447158543,1.1014492753623188,3.0576923076923075,13.0,11.0,1.4567307692307692,0.9002403846153846,0.12980769230769232,3.0260334179857877,0.5181823920437227,0.06491175590786719,-0.39993990384615385,0.8694084270658309
marioDiffusion::level_63.txt,marioDiffusion,208.0,16.0,0.10546875,0.0,0.0,0.0,0.0,0.0,0.0,0.0,0.0021033653846153845,0.0021033653846153845,0.0,0.0,0.0,1.0,18.0,11.0,0.22596153846153846,0.08653846153846154,0.012178838777956669,1.5251226368904816,0.8695652173913043,2.1875,9.0,9.0,1.6875,0.8924278846153846,0.08173076923076923,2.745898396652126,0.5074933331125331,0.057134310499551304,-0.25450721153846156,0.8700937897387788
marioDiffusion::level_64.txt,marioDiffusion,208.0,16.0,0.07782451923076923,0.0,0.0009014423076923077,0.0009014423076923077,0.0,0.0,0.0009014423076923077,3.0,0.0006009615384615385,0.0006009615384615385,0.0,0.0,0.0,1.0,15.0,16.0,0.3125,0.07211538461538461,0.0017643734096620678,1.1801583658816102,0.7294685990338164,1.3557692307692308,9.0,9.0,1.2451923076923077,0.9206730769230769,0.07211538461538461,2.354480403845297,0.41200617936974326,0.0508525276697577,-0.3506610576923077,0.8742311553693664
marioDiffusion::level_65.txt,marioDiffusion,208.0,16.0,0.1971153846153846,0.12079326923076923,0.0015024038461538462,0.005709134615384615,0.0,0.001201923076923077,0.005709134615384615,19.0,0.001201923076923077,0.001201923076923077,0.0,0.0,0.0,1.0,20.0,3.0,0.15865384615384615,0.09615384615384616,0.0015965349087202485,3.228960528008341,1.1304347826086956,10.274038461538462,13.0,10.0,1.9375,0.7947716346153846,0.20192307692307693,3.9769620805679056,0.9880287030581671,0.07777445408315883,-0.16135817307692307,0.8541351980704734
marioDiffusion::level_66.txt,marioDiffusion,208.0,16.0,0.1424278846153846,0.004507211538461538,0.0,0.0,0.0,0.0018028846153846155,0.0,0.0,0.0009014423076923077,0.0009014423076923077,0.0,0.0,0.0,1.0,8.0,16.0,0.27884615384615385,0.038461538461538464,0.0362054311714628,2.0836366270076225,0.7681159420289855,2.639423076923077,10.0,10.0,2.206730769230769,0.8548677884615384,0.08653846153846154,2.722819049978862,0.6517219115365248,0.06371522584504935,-0.3182091346153846,0.8485785294672668
marioDiffusion::level_67.txt,marioDiffusion,208.0,16.0,0.12590144230769232,0.0015024038461538462,0.0,0.0,0.0,0.0,0.0,0.0,0.001201923076923077,0.001201923076923077,0.0,0.0,0.0,1.0,8.0,3.0,0.052884615384615384,0.038461538461538464,0.017241857488921153,1.7762826116191504,0.6473429951690821,2.1971153846153846,9.0,9.0,1.9951923076923077,0.8728966346153846,0.09134615384615384,2.2443541998569736,0.571001631251939,0.06221956326652707,-0.06129807692307693,0.868887705681205
marioDiffusion::level_68.txt,marioDiffusion,208.0,16.0,0.12289663461538461,0.0,0.0,0.0,0.0,0.0,0.0,0.0,0.0009014423076923077,0.0009014423076923077,0.0,0.0,0.0,1.0,10.0,13.0,0.2548076923076923,0.04807692307692308,0.00048719818734144216,1.765338042011383,0.5893719806763285,2.5240384615384617,10.0,10.0,1.9663461538461537,0.8762019230769231,0.0673076923076923,2.3649140176519654,0.5478780514966548,0.05174992521687107,-0.2869591346153846,0.8686785124301052
marioDiffusion::level_69.txt,marioDiffusion,208.0,16.0,0.12289663461538461,0.0006009615384615385,0.0,0.0009014423076923077,0.0,0.0,0.0009014423076923077,3.0,0.0006009615384615385,0.0006009615384615385,0.0,0.0,0.0,1.0,16.0,8.0,0.15384615384615385,0.07692307692307693,0.02123515663890385,1.7634511100367685,0.8405797101449275,2.0096153846153846,10.0,10.0,1.9519230769230769,0.8756009615384616,0.08173076923076923,2.3909599618459523,0.5605385647893748,0.0655100209392761,-0.1727764423076923,0.8579737732134565
marioDiffusion::level_7.txt,marioDiffusion,208.0,16.0,0.09134615384615384,0.006911057692307692,0.0,0.00390625,0.0,0.0,0.00390625,13.0,0.00030048076923076925,0.00030048076923076925,0.0,0.0,0.0,1.0,11.0,20.0,0.4807692307692308,0.052884615384615384,0.004614755543742022,2.1697728511367176,0.6376811594202898,2.110576923076923,10.0,10.0,1.3509615384615385,0.9044471153846154,0.10576923076923077,2.5499037594216882,0.5165093605795268,0.05324558779539336,-0.5252403846153847,0.8594404799354297
marioDiffusion::level_70.txt,marioDiffusion,208.0,16.0,0.13161057692307693,0.024639423076923076,0.0,0.002704326923076923,0.0,0.0,0.002704326923076923,9.0,0.0021033653846153845,0.0021033653846153845,0.0,0.0,0.0,1.0,16.0,10.0,0.28846153846153844,0.07692307692307693,0.07882083681521868,3.3809422402979874,0.9178743961352657,3.6875,10.0,10.0,1.7403846153846154,0.8635817307692307,0.1201923076923077,3.346804444937409,0.7011008278200317,0.06640741848638947,-0.31189903846153844,0.8636658888297121
marioDiffusion::level_71.txt,marioDiffusion,208.0,16.0,0.1271033653846154,0.0,0.0,0.0,0.0,0.0,0.0,0.0,0.00030048076923076925,0.00030048076923076925,0.0,0.0,0.0,1.0,15.0,14.0,0.14903846153846154,0.07211538461538461,0.0030873068648781254,1.9287346672792676,1.0096618357487923,2.1346153846153846,9.0,9.0,2.0288461538461537,0.8725961538461539,0.0625,2.33914255591108,0.5533305525733642,0.06102303320370924,-0.18299278846153846,0.8767109226434343
marioDiffusion::level_72.txt,marioDiffusion,208.0,16.0,0.13311298076923078,0.0015024038461538462,0.0,0.0,0.0,0.0018028846153846155,0.0,0.0,0.0009014423076923077,0.0009014423076923077,0.0,0.0,0.0,1.0,12.0,18.0,0.3798076923076923,0.057692307692307696,0.004557624887153944,2.2900819769328833,1.0628019323671498,2.519230769230769,10.0,10.0,2.1009615384615383,0.8641826923076923,0.09615384615384616,2.4347686143817664,0.610138037159922,0.055937780436733475,-0.42397836538461536,0.8641609944421393
marioDiffusion::level_73.txt,marioDiffusion,208.0,16.0,0.15504807692307693,0.0,0.0,0.0,0.0,0.0,0.0,0.0,0.00030048076923076925,0.00030048076923076925,0.0,0.0,0.0,1.0,10.0,17.0,0.3557692307692308,0.04807692307692308,0.0006310786627752307,2.212262745322506,0.8985507246376812,2.480769230769231,10.0,10.0,2.480769230769231,0.8446514423076923,0.057692307692307696,2.4757662771648996,0.6262064019194746,0.05833084056236913,-0.3969350961538462,0.8775989555199833
marioDiffusion::level_74.txt,marioDiffusion,208.0,16.0,0.08413461538461539,0.0,0.0,0.0,0.0,0.0018028846153846155,0.0,0.0,0.0009014423076923077,0.0009014423076923077,0.0,0.0,0.0,1.0,9.0,26.0,0.4519230769230769,0.04326923076923077,0.0016018899779566276,2.1763481248992163,0.6908212560386473,2.360576923076923,10.0,10.0,1.3461538461538463,0.9131610576923077,0.09615384615384616,2.615944017136873,0.44914678898393867,0.0550403828896201,-0.5153245192307692,0.8678437690032506
marioDiffusion::level_75.txt,marioDiffusion,208.0,16.0,0.15294471153846154,0.020432692307692308,0.0,0.0,0.0,0.0,0.0,0.0,0.0018028846153846155,0.0015024038461538462,0.0,0.0,0.00030048076923076925,2.0,7.0,31.0,0.3269230769230769,0.03365384615384615,0.02901074428964301,3.322478263793063,0.8260869565217391,3.6634615384615383,10.0,10.0,2.1201923076923075,0.8452524038461539,0.09615384615384616,2.823976501773614,0.7236859786769764,0.0592282381094825,-0.40324519230769235,0.8565240054674566
marioDiffusion::level_76.txt,marioDiffusion,208.0,16.0,0.10667067307692307,0.0006009615384615385,0.0,0.0009014423076923077,0.0,0.0,0.0009014423076923077,3.0,0.0018028846153846155,0.0018028846153846155,0.0,0.0,0.0,1.0,12.0,5.0,0.13942307692307693,0.057692307692307696,0.0004116168822734245,1.662085571091468,0.7053140096618358,2.0288461538461537,9.0,9.0,1.6634615384615385,0.890625,0.10096153846153846,2.728773205206208,0.5241542335179826,0.06371522584504935,-0.15234375,0.859013736522421
marioDiffusion::level_77.txt,marioDiffusion,208.0,16.0,0.15564903846153846,0.0,0.0,0.0,0.0,0.0,0.0,0.0,0.0009014423076923077,0.0009014423076923077,0.0,0.0,0.0,1.0,6.0,21.0,0.2980769230769231,0.028846153846153848,0.04096848242875151,2.1260778603400943,0.782608695652174,2.701923076923077,10.0,10.0,2.4903846153846154,0.8434495192307693,0.07692307692307693,2.5314637947240755,0.6339966142353066,0.05324558779539336,-0.3494591346153846,0.884728439928123
marioDiffusion::level_78.txt,marioDiffusion,208.0,16.0,0.10667067307692307,0.028545673076923076,0.0,0.0,0.0,0.0,0.0,0.0,0.0009014423076923077,0.0009014423076923077,0.0,0.0,0.0,1.0,14.0,28.0,0.5048076923076923,0.0673076923076923,0.24830870412961237,3.9544599229981423,0.6666666666666666,5.033653846153846,13.0,10.0,1.4134615384615385,0.8924278846153846,0.11538461538461539,3.153172728576578,0.5894538310393067,0.05354472031109782,-0.5730168269230769,0.8663191324583611
marioDiffusion::level_79.txt,marioDiffusion,208.0,16.0,0.10336538461538461,0.0078125,0.0,0.0,0.0,0.001201923076923077,0.0,0.0,0.0015024038461538462,0.0015024038461538462,0.0,0.0,0.0,1.0,10.0,29.0,0.34134615384615385,0.04807692307692308,0.12295837054139913,2.728022258282116,0.5990338164251208,3.1826923076923075,13.0,7.0,1.6153846153846154,0.8939302884615384,0.08653846153846154,2.4589863814129638,0.55113897795255,0.0529464552796889,-0.41256009615384615,0.8695733426212378
marioDiffusion::level_8.txt,marioDiffusion,208.0,16.0,0.1544471153846154,0.006009615384615385,0.0,0.0,0.0,0.0,0.0,0.0,0.0,0.0,0.0,0.0,0.0,0.0,9.0,19.0,0.3173076923076923,0.04326923076923077,0.04849894611925887,2.4806891871916736,0.8405797101449275,2.9086538461538463,10.0,10.0,2.375,0.8455528846153846,0.08173076923076923,2.6570429795078865,0.6575045667143551,0.057134310499551304,-0.3629807692307692,0.8793164929764059
marioDiffusion::level_80.txt,marioDiffusion,208.0,16.0,0.14513221153846154,0.03395432692307692,0.0,0.0,0.0,0.0,0.0,0.0,0.0018028846153846155,0.0018028846153846155,0.0,0.0,0.0,1.0,12.0,25.0,0.4375,0.057692307692307696,0.07536684764500556,4.612923107081266,0.8454106280193237,6.75,13.0,7.0,2.014423076923077,0.8530649038461539,0.10576923076923077,3.3735787907381583,0.7300537112925867,0.05982650314089141,-0.4993990384615385,0.8579370874327714
marioDiffusion::level_81.txt,marioDiffusion,208.0,16.0,0.1349158653846154,0.0015024038461538462,0.0015024038461538462,0.0015024038461538462,0.0,0.0,0.0015024038461538462,5.0,0.00030048076923076925,0.00030048076923076925,0.0,0.0,0.0,1.0,6.0,6.0,0.07211538461538461,0.028846153846153848,0.003638391534246721,1.905736682492535,0.6521739130434783,2.230769230769231,10.0,10.0,2.1538461538461537,0.86328125,0.07692307692307693,2.332592287080769,0.6024988260259294,0.06401435836075381,-0.08533653846153846,0.8546932397534485
marioDiffusion::level_82.txt,marioDiffusion,208.0,16.0,0.10606971153846154,0.0033052884615384615,0.0018028846153846155,0.0018028846153846155,0.0,0.002403846153846154,0.0018028846153846155,6.0,0.002704326923076923,0.002704326923076923,0.0,0.0,0.0,1.0,12.0,3.0,0.08173076923076923,0.057692307692307696,0.007060187519542405,1.538736084406411,0.9371980676328503,1.9278846153846154,9.0,9.0,1.6682692307692308,0.8870192307692307,0.1201923076923077,2.5004540819501684,0.5832190060606884,0.07358659886329644,-0.08984375000000001,0.8591838812098717
marioDiffusion::level_83.txt,marioDiffusion,208.0,16.0,0.12530048076923078,0.0,0.001201923076923077,0.001201923076923077,0.0,0.0,0.001201923076923077,4.0,0.0009014423076923077,0.0009014423076923077,0.0,0.0,0.0,1.0,12.0,12.0,0.24519230769230768,0.057692307692307696,0.008471260564316685,1.8196479139149881,0.9371980676328503,2.0625,10.0,10.0,2.0048076923076925,0.8725961538461539,0.07211538461538461,2.7820667939143044,0.5678097239198637,0.06401435836075381,-0.2737379807692308,0.8654515024277725
marioDiffusion::level_84.txt,marioDiffusion,208.0,16.0,0.11207932692307693,0.0006009615384615385,0.0,0.0,0.0,0.001201923076923077,0.0,0.0,0.002403846153846154,0.002403846153846154,0.0,0.0,0.0,1.0,11.0,23.0,0.32211538461538464,0.052884615384615384,0.007201350682280783,1.249103543987257,0.7246376811594203,1.8798076923076923,10.0,10.0,1.7836538461538463,0.8843149038461539,0.10576923076923077,2.243702505573233,0.5511045163947279,0.0529464552796889,-0.3798076923076923,0.8633183156894723
marioDiffusion::level_85.txt,marioDiffusion,208.0,16.0,0.13762019230769232,0.0078125,0.0,0.0018028846153846155,0.0,0.0,0.0018028846153846155,6.0,0.001201923076923077,0.001201923076923077,0.0,0.0,0.0,1.0,11.0,4.0,0.12980769230769232,0.052884615384615384,0.0889378795074458,2.319647567711289,1.0,2.7211538461538463,10.0,9.0,2.076923076923077,0.859375,0.10096153846153846,2.8889368876117585,0.6530301679083206,0.06730481603350284,-0.1388221153846154,0.8593798613789171
marioDiffusion::level_86.txt,marioDiffusion,208.0,16.0,0.11989182692307693,0.026141826923076924,0.0015024038461538462,0.0030048076923076925,0.00030048076923076925,0.0018028846153846155,0.0033052884615384615,11.0,0.002403846153846154,0.002403846153846154,0.0,0.0,0.0,1.0,16.0,10.0,0.16346153846153846,0.07692307692307693,0.01649979492136311,3.7781654019717306,0.9710144927536232,4.009615384615385,13.0,9.0,1.5721153846153846,0.8725961538461539,0.1971153846153846,3.7231790647355143,0.7015811560714265,0.07627879150463655,-0.18659855769230768,0.8493767872117507
marioDiffusion::level_87.txt,marioDiffusion,208.0,16.0,0.14393028846153846,0.0,0.0,0.0,0.0,0.0,0.0,0.0,0.0006009615384615385,0.0006009615384615385,0.0,0.0,0.0,1.0,8.0,19.0,0.3798076923076923,0.038461538461538464,0.005675620112848501,2.0945396457602716,0.7053140096618358,2.389423076923077,10.0,10.0,2.298076923076923,0.85546875,0.0673076923076923,2.2755850232054295,0.601602566596663,0.0508525276697577,-0.4260817307692308,0.8871380124152698
marioDiffusion::level_88.txt,marioDiffusion,208.0,16.0,0.11268028846153846,0.02674278846153846,0.0015024038461538462,0.0015024038461538462,0.0,0.0,0.0015024038461538462,5.0,0.0006009615384615385,0.0006009615384615385,0.0,0.0,0.0,1.0,20.0,4.0,0.18269230769230768,0.09615384615384616,0.12839008844125,3.9447854208954807,1.2173913043478262,4.8173076923076925,13.0,9.0,1.4711538461538463,0.8852163461538461,0.19230769230769232,3.82877205903981,0.6202194625387251,0.07119353873766078,-0.19140624999999997,0.8535101023365861
marioDiffusion::level_89.txt,marioDiffusion,208.0,16.0,0.10336538461538461,0.0009014423076923077,0.0,0.0006009615384615385,0.0,0.0,0.0006009615384615385,2.0,0.0009014423076923077,0.0009014423076923077,0.0,0.0,0.0,1.0,11.0,5.0,0.1201923076923077,0.052884615384615384,0.02646289392523582,1.643359989992405,0.8405797101449275,1.9326923076923077,9.0,9.0,1.6394230769230769,0.8951322115384616,0.09615384615384616,2.267926013031966,0.504513857871585,0.05803170804666467,-0.13251201923076925,0.8634508755837412
marioDiffusion::level_9.txt,marioDiffusion,208.0,16.0,0.11268028846153846,0.001201923076923077,0.00030048076923076925,0.00030048076923076925,0.0,0.0018028846153846155,0.00030048076923076925,1.0,0.0018028846153846155,0.0018028846153846155,0.0,0.0,0.0,1.0,12.0,4.0,0.09134615384615384,0.057692307692307696,0.0006796682377767649,1.6214494759040172,0.961352657004831,1.9663461538461537,10.0,10.0,1.7884615384615385,0.8834134615384616,0.10096153846153846,2.2163923201881266,0.562338085773784,0.06401435836075381,-0.10246394230769229,0.8648411921667268
marioDiffusion::level_90.txt,marioDiffusion,208.0,16.0,0.12860576923076922,0.0006009615384615385,0.0006009615384615385,0.0009014423076923077,0.0,0.0,0.0009014423076923077,3.0,0.002403846153846154,0.002403846153846154,0.0,0.0,0.0,1.0,7.0,3.0,0.057692307692307696,0.03365384615384615,0.0030633294051332083,1.8307255283222323,0.8405797101449275,2.2596153846153846,9.0,9.0,2.0384615384615383,0.8680889423076923,0.09615384615384616,2.5514253119778143,0.5940832230451243,0.06521088842357164,-0.06640625,0.8603162141802543
marioDiffusion::level_91.txt,marioDiffusion,208.0,16.0,0.16165865384615385,0.018329326923076924,0.0,0.0021033653846153845,0.0,0.0,0.0021033653846153845,7.0,0.002403846153846154,0.002403846153846154,0.0,0.0,0.0,1.0,7.0,20.0,0.2403846153846154,0.03365384615384615,0.01754310095478273,3.04545159631192,0.7922705314009661,3.6586538461538463,10.0,10.0,2.2836538461538463,0.8338341346153846,0.10576923076923077,2.916928839204587,0.7656729812700666,0.06610828597068501,-0.2887620192307692,0.8524900795254217
marioDiffusion::level_92.txt,marioDiffusion,208.0,16.0,0.12139423076923077,0.018329326923076924,0.0,0.0,0.0,0.0,0.0,0.0,0.0021033653846153845,0.0021033653846153845,0.0,0.0,0.0,1.0,8.0,32.0,0.30288461538461536,0.038461538461538464,0.002604150658049198,2.9341894463571987,0.6859903381642513,3.3461538461538463,10.0,10.0,1.6538461538461537,0.8765024038461539,0.11538461538461539,2.8433395405741155,0.6290300706492057,0.05264732276398445,-0.38191105769230765,0.8580678619171963
marioDiffusion::level_93.txt,marioDiffusion,208.0,16.0,0.14212740384615385,0.0009014423076923077,0.0,0.0,0.0,0.002403846153846154,0.0,0.0,0.0018028846153846155,0.0018028846153846155,0.0,0.0,0.0,1.0,6.0,12.0,0.20192307692307693,0.028846153846153848,2.7110332394553183e-06,1.7088830086404236,0.7536231884057971,2.581730769230769,10.0,10.0,2.2548076923076925,0.8536658653846154,0.08653846153846154,2.2055100381428288,0.6444873036306193,0.057732575530960215,-0.2325721153846154,0.8625266713272992
marioDiffusion::level_94.txt,marioDiffusion,208.0,16.0,0.13311298076923078,0.004507211538461538,0.0021033653846153845,0.0021033653846153845,0.0,0.0,0.0021033653846153845,7.0,0.002704326923076923,0.0021033653846153845,0.0,0.0,0.0006009615384615385,2.0,10.0,25.0,0.2932692307692308,0.04807692307692308,0.0593388072849077,2.206698726155028,0.7729468599033816,2.8365384615384617,10.0,10.0,2.1009615384615383,0.8620793269230769,0.10576923076923077,2.5536371312247095,0.6440871246266923,0.05474125037391565,-0.3539663461538462,0.8801607009643172
marioDiffusion::level_95.txt,marioDiffusion,208.0,16.0,0.13131009615384615,0.006310096153846154,0.0,0.0,0.0,0.0,0.0,0.0,0.00030048076923076925,0.00030048076923076925,0.0,0.0,0.0,1.0,8.0,23.0,0.24519230769230768,0.038461538461538464,0.059038600315563405,3.2310385387803535,0.7971014492753623,3.2884615384615383,13.0,10.0,2.0096153846153846,0.8683894230769231,0.08653846153846154,3.054284373553854,0.6014225891517629,0.057732575530960215,-0.30078125,0.8706349220302811
marioDiffusion::level_96.txt,marioDiffusion,208.0,16.0,0.12890625,0.0234375,0.0,0.004206730769230769,0.0,0.0,0.004206730769230769,14.0,0.0015024038461538462,0.0015024038461538462,0.0,0.0,0.0,1.0,8.0,61.0,0.46153846153846156,0.038461538461538464,0.2708100907319022,3.1121017965048505,0.6086956521739131,4.033653846153846,13.0,10.0,1.7307692307692308,0.8653846153846154,0.15865384615384615,3.3621548206826812,0.6969749482460013,0.06102303320370924,-0.60546875,0.8714970180470469
marioDiffusion::level_97.txt,marioDiffusion,208.0,16.0,0.14573317307692307,0.05228365384615385,0.0,0.00030048076923076925,0.0,0.001201923076923077,0.00030048076923076925,1.0,0.00030048076923076925,0.00030048076923076925,0.0,0.0,0.0,1.0,11.0,19.0,0.36538461538461536,0.052884615384615384,0.09017477354578651,5.0576995715588176,0.5314009661835749,7.774038461538462,13.0,7.0,1.7836538461538463,0.8524639423076923,0.15865384615384615,3.5041917489308165,0.7595717305624706,0.05115166018546216,-0.4110576923076923,0.8684523128546131
marioDiffusion::level_98.txt,marioDiffusion,208.0,16.0,0.11778846153846154,0.025841346153846152,0.00030048076923076925,0.00030048076923076925,0.0,0.0,0.00030048076923076925,1.0,0.0006009615384615385,0.0006009615384615385,0.0,0.0,0.0,1.0,13.0,15.0,0.28365384615384615,0.0625,0.21476296267001116,4.288970547656299,0.7342995169082126,5.894230769230769,13.0,10.0,1.6201923076923077,0.8813100961538461,0.1346153846153846,3.450236889851258,0.6234605398948534,0.06072390068800479,-0.3200120192307692,0.858808578194378
marioDiffusion::level_99.txt,marioDiffusion,208.0,16.0,0.11268028846153846,0.004507211538461538,0.0,0.0021033653846153845,0.0,0.004206730769230769,0.0021033653846153845,7.0,0.0009014423076923077,0.0009014423076923077,0.0,0.0,0.0,1.0,6.0,44.0,0.46634615384615385,0.028846153846153848,0.03700890291958714,2.8711929261403384,0.6376811594202898,2.8461538461538463,13.0,10.0,1.7307692307692308,0.8801081730769231,0.1201923076923077,2.9520035261294106,0.6132330191546389,0.06012563565659587,-0.5709134615384616,0.8579077661741652
mariogan::level_1.txt,mariogan,168.0,14.0,0.10374149659863946,0.002551020408163265,0.0,0.0,0.0,0.008078231292517007,0.0,0.0,0.002551020408163265,0.002551020408163265,0.0,0.0,0.0,1.0,5.0,17.0,0.13690476190476192,0.02976190476190476,5.571626819100839e-05,1.3428525350779743,0.9221556886227545,1.8095238095238095,9.0,5.0,1.3869047619047619,0.8856292517006803,0.16666666666666666,2.8981120152995095,0.6108551027066369,0.07653276955602537,-0.1900510204081633,0.8635498337177846
mariogan::level_10.txt,mariogan,168.0,14.0,0.08886054421768708,0.01445578231292517,0.0,0.0,0.0,0.00977891156462585,0.0,0.0,0.006377551020408163,0.006377551020408163,0.0,0.0,0.0,1.0,5.0,18.0,0.2261904761904762,0.02976190476190476,0.02245941328508927,2.5677238988994597,1.437125748502994,2.75,12.0,6.0,1.0773809523809523,0.8949829931972789,0.13690476190476192,3.0400630779488456,0.6478922539924624,0.07568710359408033,-0.2861394557823129,0.8623583758091972
mariogan::level_100.txt,mariogan,168.0,14.0,0.09438775510204081,0.011479591836734694,0.0,0.0,0.0,0.008503401360544218,0.0,0.0,0.005952380952380952,0.005952380952380952,0.0,0.0,0.0,1.0,10.0,9.0,0.19047619047619047,0.05952380952380952,1.137893937741552e-06,2.1763168707466924,1.4970059880239521,2.369047619047619,11.0,5.0,1.1071428571428572,0.891156462585034,0.17261904761904762,3.381419494895622,0.6573382129399321,0.0879492600422833,-0.2232142857142857,0.8728203274738193
mariogan::level_11.txt,mariogan,168.0,14.0,0.09821428571428571,0.013180272108843538,0.00042517006802721087,0.0,0.00042517006802721087,0.00977891156462585,0.00042517006802721087,1.0,0.00467687074829932,0.00467687074829932,0.0,0.0,0.0,1.0,7.0,4.0,0.1130952380952381,0.041666666666666664,3.437237943049176e-05,2.6409824958222665,1.377245508982036,2.875,12.0,5.0,1.1369047619047619,0.8869047619047619,0.19047619047619047,3.168696065846913,0.6819814810503182,0.08456659619450317,-0.1292517006802721,0.8536871514048153
mariogan::level_12.txt,mariogan,168.0,14.0,0.09438775510204081,0.007227891156462585,0.0008503401360544217,0.0,0.0008503401360544217,0.008928571428571428,0.0008503401360544217,2.0,0.006377551020408163,0.006377551020408163,0.0,0.0,0.0,1.0,9.0,10.0,0.20238095238095238,0.05357142857142857,0.002392177242330984,1.71556795839549,1.1616766467065869,1.9464285714285714,12.0,5.0,1.2083333333333333,0.8894557823129252,0.17261904761904762,3.149692263403063,0.6575399319065593,0.08625792811839324,-0.23767006802721088,0.8564084759729274
mariogan::level_13.txt,mariogan,168.0,14.0,0.11394557823129252,0.007227891156462585,0.00042517006802721087,0.0,0.00042517006802721087,0.010629251700680272,0.00042517006802721087,1.0,0.00510204081632653,0.00510204081632653,0.0,0.0,0.0,1.0,3.0,3.0,0.041666666666666664,0.017857142857142856,0.004733844304876222,1.760850797700176,0.8502994011976048,2.3452380952380953,9.0,5.0,1.4642857142857142,0.8698979591836735,0.13690476190476192,2.947119114282208,0.714990175019115,0.07610993657505286,-0.05527210884353741,0.855375071541485
mariogan::level_14.txt,mariogan,168.0,14.0,0.09948979591836735,0.012329931972789115,0.00042517006802721087,0.0,0.00042517006802721087,0.011054421768707483,0.00042517006802721087,1.0,0.004251700680272109,0.004251700680272109,0.0,0.0,0.0,1.0,4.0,8.0,0.08333333333333333,0.023809523809523808,0.04134318211106636,2.2566965704303663,1.0059880239520957,2.636904761904762,11.0,5.0,1.1845238095238095,0.8847789115646258,0.19047619047619047,2.9638997898616792,0.6913839727171517,0.0824524312896406,-0.11096938775510204,0.8641582734688726
mariogan::level_15.txt,mariogan,168.0,14.0,0.12585034013605442,0.0055272108843537416,0.0012755102040816326,0.0,0.0012755102040816326,0.011479591836734694,0.0012755102040816326,3.0,0.00467687074829932,0.00467687074829932,0.0,0.0,0.0,1.0,3.0,4.0,0.041666666666666664,0.017857142857142856,0.01807694874022492,1.920698242447601,1.0179640718562875,2.5595238095238093,12.0,5.0,1.619047619047619,0.85671768707483,0.18452380952380953,3.1733935325880203,0.7599634841051655,0.08964059196617336,-0.05697278911564625,0.8598055158653428
mariogan::level_16.txt,mariogan,168.0,14.0,0.11904761904761904,0.011054421768707483,0.0,0.0,0.0,0.008928571428571428,0.0,0.0,0.004251700680272109,0.004251700680272109,0.0,0.0,0.0,1.0,4.0,17.0,0.16071428571428573,0.023809523809523808,0.1435483915364575,2.5940355582760333,1.1976047904191616,3.0714285714285716,12.0,5.0,1.4107142857142858,0.8677721088435374,0.22023809523809523,3.45027984714143,0.7244764067949853,0.08583509513742071,-0.21556122448979592,0.8608251587370422
mariogan::level_17.txt,mariogan,168.0,14.0,0.11139455782312925,0.011054421768707483,0.0017006802721088435,0.0,0.0017006802721088435,0.011054421768707483,0.0017006802721088435,4.0,0.006802721088435374,0.006802721088435374,0.0,0.0,0.0,1.0,3.0,12.0,0.08928571428571429,0.017857142857142856,0.12125677031228799,2.1418091944758393,1.221556886227545,2.744047619047619,12.0,5.0,1.3273809523809523,0.8690476190476191,0.19642857142857142,3.3321303889465526,0.7573368298730246,0.09302325581395349,-0.13010204081632654,0.849648412093834
mariogan::level_18.txt,mariogan,168.0,14.0,0.10841836734693877,0.01488095238095238,0.0008503401360544217,0.0,0.0008503401360544217,0.01020408163265306,0.0008503401360544217,2.0,0.003826530612244898,0.003826530612244898,0.0,0.0,0.0,1.0,2.0,10.0,0.06547619047619048,0.011904761904761904,0.04816569437725027,2.257198756092452,1.3173652694610778,2.767857142857143,9.0,5.0,1.244047619047619,0.8767006802721088,0.16666666666666666,2.998867574674843,0.7197891138922102,0.080338266384778,-0.09821428571428573,0.8541339728666519
mariogan::level_19.txt,mariogan,168.0,14.0,0.10289115646258504,0.010629251700680272,0.0008503401360544217,0.0,0.0008503401360544217,0.011054421768707483,0.0008503401360544217,2.0,0.003826530612244898,0.003826530612244898,0.0,0.0,0.0,1.0,5.0,4.0,0.05952380952380952,0.02976190476190476,0.04672469370013499,2.2507765985960697,1.2335329341317365,2.630952380952381,11.0,5.0,1.25,0.8813775510204082,0.16666666666666666,2.805334256522096,0.6912076357252729,0.08752642706131078,-0.07440476190476189,0.8477770655243437
mariogan::level_2.txt,mariogan,168.0,14.0,0.09056122448979592,0.01445578231292517,0.0012755102040816326,0.0,0.0012755102040816326,0.01488095238095238,0.0012755102040816326,3.0,0.007227891156462585,0.007227891156462585,0.0,0.0,0.0,1.0,0.0,0.0,0.0,0.0,0.010588431347081317,2.1934709406208714,0.9820359281437125,2.494047619047619,8.0,1.0,1.0,0.8860544217687075,0.13690476190476192,2.2689464746442134,0.7330990609837149,0.07568710359408033,-0.005952380952380953,0.8551026477828065
mariogan::level_20.txt,mariogan,168.0,14.0,0.10841836734693877,0.012329931972789115,0.0,0.0,0.0,0.00042517006802721087,0.0,0.0,0.003401360544217687,0.003401360544217687,0.0,0.0,0.0,1.0,8.0,14.0,0.16071428571428573,0.047619047619047616,2.5894688538974364e-06,2.104638738061453,1.3532934131736527,2.363095238095238,9.0,5.0,1.2916666666666667,0.8877551020408163,0.14285714285714285,3.0752693074241675,0.6072067750218753,0.07949260042283299,-0.20578231292517007,0.8536806787290556
mariogan::level_21.txt,mariogan,168.0,14.0,0.11904761904761904,0.008928571428571428,0.0017006802721088435,0.0,0.0017006802721088435,0.00935374149659864,0.0017006802721088435,4.0,0.004251700680272109,0.004251700680272109,0.0,0.0,0.0,1.0,6.0,11.0,0.13690476190476192,0.03571428571428571,0.07285627375129677,2.1347089361911364,1.4610778443113772,2.6607142857142856,12.0,6.0,1.4821428571428572,0.8656462585034014,0.18452380952380953,3.3992884502595935,0.7411141719748456,0.09175475687103594,-0.17219387755102042,0.8553593781489661
mariogan::level_22.txt,mariogan,168.0,14.0,0.12159863945578231,0.01445578231292517,0.0008503401360544217,0.0,0.0008503401360544217,0.00977891156462585,0.0008503401360544217,2.0,0.002976190476190476,0.002976190476190476,0.0,0.0,0.0,1.0,0.0,0.0,0.0,0.0,0.003442029778345179,2.2693178731294807,1.4491017964071857,2.9047619047619047,8.0,5.0,1.4285714285714286,0.8647959183673469,0.1488095238095238,2.9847130066661762,0.7544138081174794,0.08372093023255814,-0.002125850340136054,0.8517513610094045
mariogan::level_23.txt,mariogan,168.0,14.0,0.1211734693877551,0.0055272108843537416,0.0,0.0,0.0,0.008503401360544218,0.0,0.0,0.002551020408163265,0.002551020408163265,0.0,0.0,0.0,1.0,3.0,11.0,0.08928571428571429,0.017857142857142856,0.0007979443481306303,1.7542445951794836,0.9461077844311377,2.261904761904762,9.0,5.0,1.5833333333333333,0.8677721088435374,0.13095238095238096,2.947909952673836,0.6913345541400231,0.07949260042283299,-0.1245748299319728,0.8498146597211642
mariogan::level_24.txt,mariogan,168.0,14.0,0.11777210884353742,0.01020408163265306,0.00042517006802721087,0.0,0.00042517006802721087,0.012329931972789115,0.00042517006802721087,1.0,0.004251700680272109,0.004251700680272109,0.0,0.0,0.0,1.0,3.0,3.0,0.041666666666666664,0.017857142857142856,0.032530622558323175,1.9421623986258454,0.9221556886227545,2.4404761904761907,9.0,5.0,1.4702380952380953,0.8652210884353742,0.16071428571428573,2.911568811786824,0.7511397475861054,0.07949260042283299,-0.054421768707482984,0.8518657435315986
mariogan::level_25.txt,mariogan,168.0,14.0,0.09481292517006802,0.00467687074829932,0.00042517006802721087,0.0,0.00042517006802721087,0.019982993197278913,0.00042517006802721087,1.0,0.003401360544217687,0.003401360544217687,0.0,0.0,0.0,1.0,2.0,4.0,0.02976190476190476,0.011904761904761904,0.01794182257234367,1.3858866516052144,1.035928143712575,1.9166666666666667,11.0,5.0,1.1488095238095237,0.8813775510204082,0.1488095238095238,2.6707434457422403,0.7260687578414583,0.08456659619450317,-0.04464285714285714,0.8535695025094496
mariogan::level_26.txt,mariogan,168.0,14.0,0.09566326530612244,0.011054421768707483,0.0,0.0,0.0,0.01488095238095238,0.0,0.0,0.006802721088435374,0.006802721088435374,0.0,0.0,0.0,1.0,1.0,1.0,0.005952380952380952,0.005952380952380952,0.04967814549160299,1.6495169303947352,0.9820359281437125,2.1607142857142856,9.0,5.0,1.1488095238095237,0.8826530612244898,0.11904761904761904,2.2713822378893584,0.7111747949755574,0.07272727272727272,-0.015731292517006803,0.8621858652874794
mariogan::level_27.txt,mariogan,168.0,14.0,0.11777210884353742,0.008503401360544218,0.0,0.0,0.0,0.0055272108843537416,0.0,0.0,0.003401360544217687,0.003401360544217687,0.0,0.0,0.0,1.0,5.0,17.0,0.14285714285714285,0.02976190476190476,0.05636285715895639,2.2948321145415966,0.9640718562874252,2.6845238095238093,12.0,5.0,1.4642857142857142,0.8732993197278912,0.19047619047619047,3.134856074857195,0.6651157263887598,0.07949260042283299,-0.19685374149659862,0.858396106420185
mariogan::level_28.txt,mariogan,168.0,14.0,0.1016156462585034,0.007653061224489796,0.0012755102040816326,0.0,0.0012755102040816326,0.008928571428571428,0.0012755102040816326,3.0,0.00510204081632653,0.00510204081632653,0.0,0.0,0.0,1.0,1.0,23.0,0.13690476190476192,0.005952380952380952,0.0003411460813894651,1.7004756738585782,1.0538922155688624,2.0297619047619047,9.0,5.0,1.2678571428571428,0.8830782312925171,0.17857142857142858,3.0361899002823076,0.6785830706171198,0.08202959830866807,-0.2091836734693878,0.8545248471648864
mariogan::level_29.txt,mariogan,168.0,14.0,0.09226190476190477,0.008503401360544218,0.0,0.0,0.0,0.011479591836734694,0.0,0.0,0.003826530612244898,0.003826530612244898,0.0,0.0,0.0,1.0,2.0,4.0,0.041666666666666664,0.011904761904761904,0.028926775395303417,1.2774886366220184,0.8862275449101796,1.7976190476190477,9.0,5.0,1.119047619047619,0.8924319727891157,0.13690476190476192,2.3542537532287438,0.6551608231175395,0.07484143763213531,-0.057397959183673464,0.8558124920137725
mariogan::level_3.txt,mariogan,168.0,14.0,0.09438775510204081,0.01403061224489796,0.0008503401360544217,0.0,0.0008503401360544217,0.00467687074829932,0.0008503401360544217,2.0,0.003826530612244898,0.003826530612244898,0.0,0.0,0.0,1.0,5.0,27.0,0.21428571428571427,0.02976190476190476,0.03722733551415547,2.4365249093649433,1.4191616766467066,2.5357142857142856,9.0,5.0,1.119047619047619,0.8962585034013606,0.11904761904761904,2.9025473046481585,0.6168184841642812,0.07399577167019028,-0.2976190476190476,0.8664058506245129
mariogan::level_30.txt,mariogan,168.0,14.0,0.12032312925170068,0.00935374149659864,0.00042517006802721087,0.0,0.00042517006802721087,0.01020408163265306,0.00042517006802721087,1.0,0.003826530612244898,0.003826530612244898,0.0,0.0,0.0,1.0,2.0,1.0,0.011904761904761904,0.011904761904761904,0.14748726320965921,1.6081725571921004,1.0538922155688624,2.482142857142857,9.0,5.0,1.494047619047619,0.8652210884353742,0.1488095238095238,2.8320030775114104,0.7355751188381006,0.07949260042283299,-0.018282312925170068,0.8537922358107055
mariogan::level_31.txt,mariogan,168.0,14.0,0.11352040816326531,0.011054421768707483,0.0012755102040816326,0.0,0.0012755102040816326,0.00977891156462585,0.0012755102040816326,3.0,0.00467687074829932,0.00467687074829932,0.0,0.0,0.0,1.0,3.0,7.0,0.07142857142857142,0.017857142857142856,0.019724118699186,1.709242470860718,1.125748502994012,2.267857142857143,9.0,5.0,1.3511904761904763,0.8707482993197279,0.16071428571428573,3.2895165199046903,0.7447848138212648,0.08160676532769556,-0.09566326530612244,0.854058675973206
mariogan::level_32.txt,mariogan,168.0,14.0,0.10714285714285714,0.012755102040816327,0.0,0.0,0.0,0.01020408163265306,0.0,0.0,0.0055272108843537416,0.0055272108843537416,0.0,0.0,0.0,1.0,5.0,12.0,0.13690476190476192,0.02976190476190476,0.009961825415113146,2.437825622755214,1.3053892215568863,2.7857142857142856,12.0,5.0,1.3035714285714286,0.877125850340136,0.17261904761904762,3.2282137476337973,0.7236844914162279,0.08456659619450317,-0.17814625850340138,0.8659637056986458
mariogan::level_33.txt,mariogan,168.0,14.0,0.08801020408163265,0.005952380952380952,0.00042517006802721087,0.0,0.00042517006802721087,0.004251700680272109,0.00042517006802721087,1.0,0.0017006802721088435,0.0017006802721088435,0.0,0.0,0.0,1.0,6.0,11.0,0.16071428571428573,0.03571428571428571,0.03984433135233123,1.4787971906687774,0.6766467065868264,1.755952380952381,9.0,5.0,1.125,0.9056122448979592,0.1130952380952381,2.374211136518864,0.5407762382516998,0.06976744186046512,-0.1947278911564626,0.8549471807043394
mariogan::level_34.txt,mariogan,168.0,14.0,0.1254251700680272,0.003401360544217687,0.0008503401360544217,0.0,0.0008503401360544217,0.00510204081632653,0.0008503401360544217,2.0,0.002976190476190476,0.002976190476190476,0.0,0.0,0.0,1.0,3.0,4.0,0.05357142857142857,0.017857142857142856,0.036681994431184584,1.456805399586047,0.7544910179640718,2.017857142857143,9.0,5.0,1.6845238095238095,0.8656462585034014,0.10714285714285714,2.450595291251213,0.6705788414315276,0.07019027484143764,-0.06760204081632652,0.8622311868890953
mariogan::level_35.txt,mariogan,168.0,14.0,0.10034013605442177,0.011054421768707483,0.00042517006802721087,0.0,0.00042517006802721087,0.007227891156462585,0.00042517006802721087,1.0,0.004251700680272109,0.004251700680272109,0.0,0.0,0.0,1.0,7.0,21.0,0.21428571428571427,0.041666666666666664,0.05142753352579221,2.2721384908000686,1.1976047904191616,2.392857142857143,12.0,5.0,1.1845238095238095,0.8877551020408163,0.17261904761904762,3.3138104244765128,0.6638227938817003,0.08329809725158563,-0.2806122448979592,0.8553790044040254
mariogan::level_36.txt,mariogan,168.0,14.0,0.11011904761904762,0.01403061224489796,0.0012755102040816326,0.0,0.0012755102040816326,0.011479591836734694,0.0012755102040816326,3.0,0.00467687074829932,0.00467687074829932,0.0,0.0,0.0,1.0,4.0,3.0,0.05952380952380952,0.023809523809523808,0.04145357436316843,2.377631706759166,1.2694610778443114,2.9226190476190474,9.0,5.0,1.3273809523809523,0.8724489795918368,0.13690476190476192,3.0195248676602113,0.7428453066413483,0.08202959830866807,-0.07185374149659864,0.8558346591993016
mariogan::level_37.txt,mariogan,168.0,14.0,0.10799319727891156,0.0055272108843537416,0.00042517006802721087,0.0,0.00042517006802721087,0.011479591836734694,0.00042517006802721087,1.0,0.004251700680272109,0.004251700680272109,0.0,0.0,0.0,1.0,5.0,11.0,0.14285714285714285,0.02976190476190476,3.149047983153075e-06,1.6519230688885882,1.029940119760479,2.0238095238095237,9.0,5.0,1.3869047619047619,0.8758503401360545,0.14285714285714285,3.0195440697088705,0.6927168989365773,0.0879492600422833,-0.179421768707483,0.857878023045135
mariogan::level_38.txt,mariogan,168.0,14.0,0.1254251700680272,0.015306122448979591,0.00042517006802721087,0.0,0.00042517006802721087,0.013180272108843538,0.00042517006802721087,1.0,0.005952380952380952,0.005952380952380952,0.0,0.0,0.0,1.0,6.0,7.0,0.09523809523809523,0.03571428571428571,0.011945014689643041,2.995586851294392,1.407185628742515,3.767857142857143,12.0,5.0,1.4523809523809523,0.8550170068027211,0.21428571428571427,3.870655074342258,0.8147264113613939,0.09936575052854123,-0.1215986394557823,0.8717959490562215
mariogan::level_39.txt,mariogan,168.0,14.0,0.08503401360544217,0.006377551020408163,0.0008503401360544217,0.0,0.0008503401360544217,0.012329931972789115,0.0008503401360544217,2.0,0.007227891156462585,0.007227891156462585,0.0,0.0,0.0,1.0,3.0,17.0,0.13095238095238096,0.017857142857142856,0.0069327480579537415,1.446862303248432,0.9221556886227545,1.7916666666666667,9.0,4.0,1.0476190476190477,0.8945578231292517,0.1488095238095238,2.8979712089787393,0.6632336683792344,0.08076109936575053,-0.18792517006802723,0.8508225647088336
mariogan::level_4.txt,mariogan,168.0,14.0,0.11352040816326531,0.015306122448979591,0.0008503401360544217,0.0,0.0008503401360544217,0.00977891156462585,0.0008503401360544217,2.0,0.00467687074829932,0.00467687074829932,0.0,0.0,0.0,1.0,3.0,13.0,0.09523809523809523,0.017857142857142856,0.025890858420602125,2.644004964952356,1.281437125748503,3.2202380952380953,12.0,5.0,1.3452380952380953,0.8711734693877551,0.19642857142857142,3.3532813487326125,0.7432549883466159,0.09133192389006342,-0.1377551020408163,0.8523328234538048
mariogan::level_40.txt,mariogan,168.0,14.0,0.11054421768707483,0.015306122448979591,0.0021258503401360546,0.0,0.0021258503401360546,0.011904761904761904,0.0021258503401360546,5.0,0.007227891156462585,0.007227891156462585,0.0,0.0,0.0,1.0,0.0,0.0,0.0,0.0,0.043025821277765774,2.0994949279479123,1.5688622754491017,2.6666666666666665,8.0,6.0,1.255952380952381,0.8681972789115646,0.20238095238095238,3.0648854831572847,0.7810887136221992,0.09006342494714588,-0.005102040816326531,0.8574905881147304
mariogan::level_41.txt,mariogan,168.0,14.0,0.11267006802721088,0.016156462585034014,0.0008503401360544217,0.0,0.0008503401360544217,0.002551020408163265,0.0008503401360544217,2.0,0.002551020408163265,0.002551020408163265,0.0,0.0,0.0,1.0,4.0,12.0,0.1130952380952381,0.023809523809523808,0.0016610471062410426,3.190015678701768,1.437125748502994,3.4583333333333335,12.0,5.0,1.2738095238095237,0.8813775510204082,0.16666666666666666,2.9376208181201253,0.6567922918411121,0.07695560253699789,-0.15051020408163265,0.8637381164383164
mariogan::level_42.txt,mariogan,168.0,14.0,0.13818027210884354,0.006802721088435374,0.0,0.0,0.0,0.00935374149659864,0.0,0.0,0.0012755102040816326,0.0012755102040816326,0.0,0.0,0.0,1.0,2.0,2.0,0.023809523809523808,0.011904761904761904,0.048728321472575775,1.8417660362164212,0.8143712574850299,2.6488095238095237,9.0,5.0,1.8095238095238095,0.8511904761904762,0.125,2.7623015449382557,0.7383731464850398,0.07822410147991543,-0.031037414965986394,0.8595131741930778
mariogan::level_43.txt,mariogan,168.0,14.0,0.09906462585034014,0.017006802721088437,0.0017006802721088435,0.0,0.0017006802721088435,0.011904761904761904,0.0017006802721088435,4.0,0.006802721088435374,0.006802721088435374,0.0,0.0,0.0,1.0,6.0,6.0,0.10119047619047619,0.03571428571428571,0.006975887810195647,2.5229049408328215,1.341317365269461,2.8511904761904763,9.0,5.0,1.0595238095238095,0.8805272108843537,0.20833333333333334,3.4575728809552118,0.7432660046518674,0.08837209302325581,-0.12414965986394558,0.8620041200954228
mariogan::level_44.txt,mariogan,168.0,14.0,0.09608843537414966,0.017006802721088437,0.0008503401360544217,0.0,0.0008503401360544217,0.008078231292517007,0.0008503401360544217,2.0,0.0055272108843537416,0.0055272108843537416,0.0,0.0,0.0,1.0,5.0,24.0,0.23809523809523808,0.02976190476190476,0.03609417692643646,2.807631988769713,1.2694610778443114,3.0,11.0,5.0,1.1666666666666667,0.8894557823129252,0.18452380952380953,3.1451476653005708,0.6710658569541036,0.0828752642706131,-0.3142006802721088,0.8556387934984071
mariogan::level_45.txt,mariogan,168.0,14.0,0.11139455782312925,0.006802721088435374,0.0008503401360544217,0.0,0.0008503401360544217,0.018282312925170068,0.0008503401360544217,2.0,0.007227891156462585,0.007227891156462585,0.0,0.0,0.0,1.0,2.0,16.0,0.10119047619047619,0.011904761904761904,0.012197566441639829,1.9065297684227407,1.1497005988023952,2.369047619047619,9.0,5.0,1.4107142857142858,0.8622448979591837,0.17857142857142858,3.446001198039062,0.7986548219545979,0.09048625792811839,-0.15518707482993196,0.8545203577294824
mariogan::level_46.txt,mariogan,168.0,14.0,0.09056122448979592,0.007653061224489796,0.0,0.0,0.0,0.006377551020408163,0.0,0.0,0.0021258503401360546,0.0021258503401360546,0.0,0.0,0.0,1.0,6.0,3.0,0.06547619047619048,0.03571428571428571,0.010163320829823297,1.738914494803815,0.9580838323353293,2.130952380952381,9.0,5.0,1.1369047619047619,0.9009353741496599,0.13690476190476192,2.2736929388557092,0.5685062028517472,0.07103594080338266,-0.07653061224489796,0.8670469425970554
mariogan::level_47.txt,mariogan,168.0,14.0,0.10416666666666667,0.006802721088435374,0.00042517006802721087,0.0,0.00042517006802721087,0.010629251700680272,0.00042517006802721087,1.0,0.008928571428571428,0.008928571428571428,0.0,0.0,0.0,1.0,5.0,4.0,0.08333333333333333,0.02976190476190476,0.04994621446999292,1.574628135750397,1.1077844311377245,2.0833333333333335,9.0,5.0,1.3214285714285714,0.8758503401360545,0.14285714285714285,3.0351809381701838,0.7138780865999396,0.08625792811839324,-0.10374149659863945,0.8467223094161997
mariogan::level_48.txt,mariogan,168.0,14.0,0.10034013605442177,0.006377551020408163,0.00042517006802721087,0.0,0.00042517006802721087,0.00510204081632653,0.00042517006802721087,1.0,0.0021258503401360546,0.0021258503401360546,0.0,0.0,0.0,1.0,7.0,8.0,0.14285714285714285,0.041666666666666664,0.019367987539336218,1.9955256535996155,1.0059880239520957,2.1547619047619047,12.0,5.0,1.2380952380952381,0.8920068027210885,0.16071428571428573,2.712856121896659,0.6058942017885008,0.07484143763213531,-0.1683673469387755,0.8630670947495995
mariogan::level_49.txt,mariogan,168.0,14.0,0.0858843537414966,0.008078231292517007,0.0,0.0,0.0,0.0017006802721088435,0.0,0.0,0.002976190476190476,0.002976190476190476,0.0,0.0,0.0,1.0,3.0,2.0,0.02976190476190476,0.017857142857142856,0.023246245113607067,1.4495935422557455,0.8143712574850299,1.869047619047619,9.0,3.0,1.0654761904761905,0.9094387755102041,0.08928571428571429,1.7224802615236752,0.5231736831415672,0.06004228329809725,-0.038690476190476185,0.8741027928933687
mariogan::level_5.txt,mariogan,168.0,14.0,0.12585034013605442,0.017431972789115645,0.00042517006802721087,0.0,0.00042517006802721087,0.007653061224489796,0.00042517006802721087,1.0,0.002551020408163265,0.002551020408163265,0.0,0.0,0.0,1.0,6.0,6.0,0.10714285714285714,0.03571428571428571,0.0002222995382330506,2.768037135486303,1.5089820359281436,3.4464285714285716,9.0,5.0,1.5,0.8635204081632653,0.15476190476190477,3.289205728574823,0.7346003157575455,0.08456659619450317,-0.12712585034013604,0.8549191907816602
mariogan::level_50.txt,mariogan,168.0,14.0,0.11011904761904762,0.017006802721088437,0.0,0.0,0.0,0.01020408163265306,0.0,0.0,0.005952380952380952,0.005952380952380952,0.0,0.0,0.0,1.0,2.0,15.0,0.09523809523809523,0.011904761904761904,0.0195536964684061,2.3315198488423468,1.4790419161676647,2.7857142857142856,12.0,5.0,1.2321428571428572,0.8737244897959183,0.17857142857142858,3.3691420654925737,0.7417487216070153,0.08329809725158563,-0.14583333333333334,0.858770109304904
mariogan::level_51.txt,mariogan,168.0,14.0,0.11947278911564625,0.006377551020408163,0.0012755102040816326,0.0,0.0012755102040816326,0.02040816326530612,0.0012755102040816326,3.0,0.008078231292517007,0.008078231292517007,0.0,0.0,0.0,1.0,3.0,2.0,0.03571428571428571,0.017857142857142856,0.00010230246461917503,2.0787392881186064,1.1616766467065869,2.6607142857142856,12.0,5.0,1.505952380952381,0.8507653061224489,0.23809523809523808,3.494017450205545,0.8492158139808367,0.09809725158562368,-0.04846938775510204,0.8755926644576232
mariogan::level_52.txt,mariogan,168.0,14.0,0.10034013605442177,0.016156462585034014,0.00042517006802721087,0.0,0.00042517006802721087,0.012329931972789115,0.00042517006802721087,1.0,0.01020408163265306,0.01020408163265306,0.0,0.0,0.0,1.0,4.0,3.0,0.05357142857142857,0.023809523809523808,0.0256264689271678,2.2812909934669166,1.5868263473053892,2.7261904761904763,9.0,5.0,1.125,0.8767006802721088,0.20238095238095238,3.256119352152544,0.7582703101302382,0.09217758985200845,-0.07227891156462585,0.8621145429709582
mariogan::level_53.txt,mariogan,168.0,14.0,0.08163265306122448,0.013605442176870748,0.00042517006802721087,0.0,0.00042517006802721087,0.00977891156462585,0.00042517006802721087,1.0,0.00510204081632653,0.00510204081632653,0.0,0.0,0.0,1.0,7.0,4.0,0.10714285714285714,0.041666666666666664,0.0645042362479945,2.1931157308616673,1.221556886227545,2.5357142857142856,12.0,3.0,0.9583333333333334,0.9030612244897959,0.13095238095238096,2.4568194305803477,0.6158917374655046,0.07610993657505286,-0.12372448979591837,0.8581638591035928
mariogan::level_54.txt,mariogan,168.0,14.0,0.0858843537414966,0.011904761904761904,0.0012755102040816326,0.0,0.0012755102040816326,0.012755102040816327,0.0012755102040816326,3.0,0.00510204081632653,0.00510204081632653,0.0,0.0,0.0,1.0,3.0,15.0,0.125,0.017857142857142856,0.01523280987385267,1.9294016121843982,1.1137724550898203,2.1904761904761907,9.0,5.0,1.0,0.8949829931972789,0.15476190476190477,2.8669873110276067,0.6686138172510876,0.0773784355179704,-0.17346938775510204,0.8533926282883559
mariogan::level_55.txt,mariogan,168.0,14.0,0.09268707482993198,0.010629251700680272,0.0008503401360544217,0.0,0.0008503401360544217,0.01020408163265306,0.0008503401360544217,2.0,0.00467687074829932,0.00467687074829932,0.0,0.0,0.0,1.0,10.0,5.0,0.15476190476190477,0.05952380952380952,0.015092724813498215,2.05798018843768,1.3652694610778444,2.2738095238095237,11.0,5.0,1.119047619047619,0.8915816326530612,0.20833333333333334,3.2364261408279833,0.658170550393453,0.08583509513742071,-0.17346938775510204,0.8524352600835797
mariogan::level_56.txt,mariogan,168.0,14.0,0.125,0.016156462585034014,0.00042517006802721087,0.0,0.00042517006802721087,0.01020408163265306,0.00042517006802721087,1.0,0.004251700680272109,0.004251700680272109,0.0,0.0,0.0,1.0,3.0,3.0,0.047619047619047616,0.017857142857142856,0.010096850044822303,3.0266601402516384,1.4491017964071857,3.7261904761904763,12.0,5.0,1.4583333333333333,0.8601190476190477,0.19642857142857142,3.2196184195589295,0.7765450081501972,0.0879492600422833,-0.06037414965986394,0.8502601744706301
mariogan::level_57.txt,mariogan,168.0,14.0,0.1096938775510204,0.011054421768707483,0.0,0.0,0.0,0.010629251700680272,0.0,0.0,0.00467687074829932,0.00467687074829932,0.0,0.0,0.0,1.0,2.0,3.0,0.023809523809523808,0.011904761904761904,0.012230662410411819,2.2006256175006587,0.9700598802395209,2.625,9.0,5.0,1.2976190476190477,0.875,0.16666666666666666,2.80826067908984,0.7126778491804331,0.07653276955602537,-0.03741496598639456,0.855018655393052
mariogan::level_58.txt,mariogan,168.0,14.0,0.07908163265306123,0.006802721088435374,0.0,0.0,0.0,0.008078231292517007,0.0,0.0,0.003826530612244898,0.003826530612244898,0.0,0.0,0.0,1.0,8.0,17.0,0.18452380952380953,0.047619047619047616,0.0010860551229544546,1.6440961413324378,1.281437125748503,1.8273809523809523,11.0,5.0,0.9940476190476191,0.9090136054421769,0.13095238095238096,2.4785488481226894,0.5597771559606315,0.07653276955602537,-0.23894557823129253,0.8516002329767325
mariogan::level_59.txt,mariogan,168.0,14.0,0.10331632653061225,0.011054421768707483,0.0008503401360544217,0.0,0.0008503401360544217,0.011054421768707483,0.0008503401360544217,2.0,0.00467687074829932,0.00467687074829932,0.0,0.0,0.0,1.0,1.0,8.0,0.047619047619047616,0.005952380952380952,0.04958098858469551,2.0225436499701157,0.9820359281437125,2.5238095238095237,9.0,5.0,1.255952380952381,0.8801020408163265,0.17857142857142858,2.809799583660037,0.7040886327771452,0.0773784355179704,-0.07525510204081631,0.8650132243736675
mariogan::level_6.txt,mariogan,168.0,14.0,0.12032312925170068,0.017431972789115645,0.0012755102040816326,0.0,0.0012755102040816326,0.018282312925170068,0.0012755102040816326,3.0,0.007227891156462585,0.007227891156462585,0.0,0.0,0.0,1.0,1.0,2.0,0.011904761904761904,0.005952380952380952,1.3538036375160267e-05,2.4184046922457463,1.341317365269461,3.1785714285714284,9.0,5.0,1.369047619047619,0.8528911564625851,0.17857142857142858,3.4646421069439555,0.86738267674832,0.09006342494714588,-0.023809523809523808,0.8707914680194557
mariogan::level_60.txt,mariogan,168.0,14.0,0.11181972789115646,0.017006802721088437,0.0008503401360544217,0.0,0.0008503401360544217,0.015306122448979591,0.0008503401360544217,2.0,0.007653061224489796,0.007653061224489796,0.0,0.0,0.0,1.0,4.0,3.0,0.05357142857142857,0.023809523809523808,0.0008516005430527773,2.3816449940355975,1.6287425149700598,2.9464285714285716,9.0,5.0,1.2619047619047619,0.8643707482993197,0.17261904761904762,3.365767646652903,0.811170190815054,0.09133192389006342,-0.06930272108843537,0.8537617467344223
mariogan::level_61.txt,mariogan,168.0,14.0,0.12329931972789115,0.01488095238095238,0.00042517006802721087,0.0,0.00042517006802721087,0.00510204081632653,0.00042517006802721087,1.0,0.004251700680272109,0.004251700680272109,0.0,0.0,0.0,1.0,6.0,4.0,0.08333333333333333,0.03571428571428571,0.00037703348975770545,2.7027240200193745,1.1736526946107784,3.1964285714285716,13.0,5.0,1.4166666666666667,0.8669217687074829,0.17261904761904762,3.246149002025432,0.7292284337307984,0.0879492600422833,-0.09906462585034014,0.8537773734164434
mariogan::level_62.txt,mariogan,168.0,14.0,0.09226190476190477,0.008928571428571428,0.00042517006802721087,0.0,0.00042517006802721087,0.003826530612244898,0.00042517006802721087,1.0,0.0017006802721088435,0.0017006802721088435,0.0,0.0,0.0,1.0,7.0,20.0,0.2261904761904762,0.041666666666666664,0.0009445059520537535,2.2668398611142244,1.035928143712575,2.3154761904761907,12.0,5.0,1.130952380952381,0.9017857142857143,0.15476190476190477,2.864947966743385,0.5587078663520414,0.07568710359408033,-0.2869897959183674,0.8656839944903576
mariogan::level_63.txt,mariogan,168.0,14.0,0.1050170068027211,0.008928571428571428,0.00042517006802721087,0.0,0.00042517006802721087,0.012329931972789115,0.00042517006802721087,1.0,0.00467687074829932,0.00467687074829932,0.0,0.0,0.0,1.0,8.0,7.0,0.20238095238095238,0.047619047619047616,0.026453354634414894,2.3827558675267104,1.4311377245508983,2.6488095238095237,12.0,6.0,1.3333333333333333,0.8775510204081632,0.20833333333333334,3.417499607168578,0.7060078805674154,0.09302325581395349,-0.22746598639455784,0.856056397523603
mariogan::level_64.txt,mariogan,168.0,14.0,0.10246598639455783,0.012329931972789115,0.00042517006802721087,0.0,0.00042517006802721087,0.007653061224489796,0.00042517006802721087,1.0,0.0017006802721088435,0.0017006802721088435,0.0,0.0,0.0,1.0,4.0,26.0,0.30357142857142855,0.023809523809523808,0.03659735611315218,2.629003856795526,1.3532934131736527,2.880952380952381,12.0,5.0,1.244047619047619,0.8877551020408163,0.16071428571428573,3.246471701793045,0.6496460428694586,0.08329809725158563,-0.38222789115646255,0.8517128241904699
mariogan::level_65.txt,mariogan,168.0,14.0,0.10331632653061225,0.008503401360544218,0.00042517006802721087,0.0,0.00042517006802721087,0.017006802721088437,0.00042517006802721087,1.0,0.007653061224489796,0.007653061224489796,0.0,0.0,0.0,1.0,0.0,0.0,0.0,0.0,0.06867101567204881,1.5624058006436108,1.0538922155688624,2.1785714285714284,8.0,5.0,1.2678571428571428,0.8715986394557823,0.16666666666666666,2.8088862523139295,0.7643818323414505,0.08372093023255814,-0.007227891156462585,0.8569545999768619
mariogan::level_66.txt,mariogan,168.0,14.0,0.11479591836734694,0.013180272108843538,0.0012755102040816326,0.0,0.0012755102040816326,0.00467687074829932,0.0012755102040816326,3.0,0.00467687074829932,0.00467687074829932,0.0,0.0,0.0,1.0,0.0,0.0,0.0,0.0,0.0013696402244975925,2.3607261687228127,1.3173652694610778,2.7857142857142856,8.0,5.0,1.3392857142857142,0.8745748299319728,0.1488095238095238,2.648805962043312,0.7038609550883599,0.0824524312896406,-0.0034013605442176874,0.8529129573970777
mariogan::level_67.txt,mariogan,168.0,14.0,0.0858843537414966,0.012329931972789115,0.0,0.0,0.0,0.01403061224489796,0.0,0.0,0.0008503401360544217,0.0008503401360544217,0.0,0.0,0.0,1.0,4.0,23.0,0.2261904761904762,0.023809523809523808,0.00015560779651546675,2.4569671689909236,1.3353293413173652,2.5595238095238093,12.0,5.0,1.0416666666666667,0.8992346938775511,0.15476190476190477,2.8968565785153455,0.6195382965482747,0.07780126849894292,-0.29549319727891155,0.8560982190642811
mariogan::level_68.txt,mariogan,168.0,14.0,0.09056122448979592,0.008928571428571428,0.00042517006802721087,0.0,0.00042517006802721087,0.008078231292517007,0.00042517006802721087,1.0,0.002976190476190476,0.002976190476190476,0.0,0.0,0.0,1.0,4.0,13.0,0.14285714285714285,0.023809523809523808,0.005944010699122759,2.108359258619178,1.2095808383233533,2.2916666666666665,12.0,6.0,1.0952380952380953,0.8979591836734694,0.15476190476190477,2.6135912192991024,0.6078479014077177,0.0773784355179704,-0.1840986394557823,0.8632716089626544
mariogan::level_69.txt,mariogan,168.0,14.0,0.09311224489795919,0.008928571428571428,0.0,0.0,0.0,0.017431972789115645,0.0,0.0,0.00467687074829932,0.00467687074829932,0.0,0.0,0.0,1.0,5.0,17.0,0.18452380952380953,0.02976190476190476,0.06027805341256576,2.0899921567323028,1.0658682634730539,2.2797619047619047,9.0,6.0,1.1488095238095237,0.8847789115646258,0.15476190476190477,3.070931998787302,0.6990595997522672,0.08202959830866807,-0.23979591836734693,0.8633049894905834
mariogan::level_7.txt,mariogan,168.0,14.0,0.09268707482993198,0.008503401360544218,0.00042517006802721087,0.0,0.00042517006802721087,0.011904761904761904,0.00042517006802721087,1.0,0.00467687074829932,0.00467687074829932,0.0,0.0,0.0,1.0,6.0,4.0,0.07738095238095238,0.03571428571428571,0.00033870931873003496,2.261380511528567,0.9461077844311377,2.4761904761904763,12.0,5.0,1.130952380952381,0.8903061224489796,0.16071428571428573,2.6772896157207264,0.6599880762494322,0.08202959830866807,-0.0935374149659864,0.850672825585902
mariogan::level_70.txt,mariogan,168.0,14.0,0.08715986394557823,0.012329931972789115,0.0008503401360544217,0.0,0.0008503401360544217,0.01445578231292517,0.0008503401360544217,2.0,0.006377551020408163,0.006377551020408163,0.0,0.0,0.0,1.0,4.0,4.0,0.05357142857142857,0.023809523809523808,0.012732112918091176,1.8533693390902053,1.125748502994012,2.2083333333333335,9.0,5.0,1.0119047619047619,0.891156462585034,0.1488095238095238,2.657672224906228,0.6971917292897949,0.07695560253699789,-0.07100340136054421,0.8677410694317689
mariogan::level_71.txt,mariogan,168.0,14.0,0.09736394557823129,0.01403061224489796,0.0012755102040816326,0.0,0.0012755102040816326,0.013605442176870748,0.0012755102040816326,3.0,0.005952380952380952,0.005952380952380952,0.0,0.0,0.0,1.0,2.0,3.0,0.02976190476190476,0.011904761904761904,0.002835255191956154,2.2157165462176316,1.4131736526946108,2.6726190476190474,9.0,5.0,1.130952380952381,0.8818027210884354,0.15476190476190477,2.820217248166462,0.7368739141490359,0.0828752642706131,-0.0433673469387755,0.8607128091561888
mariogan::level_72.txt,mariogan,168.0,14.0,0.11139455782312925,0.018282312925170068,0.0008503401360544217,0.0,0.0008503401360544217,0.008078231292517007,0.0008503401360544217,2.0,0.005952380952380952,0.005952380952380952,0.0,0.0,0.0,1.0,6.0,7.0,0.14285714285714285,0.03571428571428571,0.016351665766482726,2.5925164323367915,1.526946107784431,3.1011904761904763,12.0,5.0,1.2976190476190477,0.8737244897959183,0.19642857142857142,3.487679102460511,0.7420680276704397,0.08921775898520085,-0.16879251700680273,0.8568528864396234
mariogan::level_73.txt,mariogan,168.0,14.0,0.10034013605442177,0.01488095238095238,0.0012755102040816326,0.0,0.0012755102040816326,0.013180272108843538,0.0012755102040816326,3.0,0.00935374149659864,0.00935374149659864,0.0,0.0,0.0,1.0,0.0,0.0,0.0,0.0,0.008172420349230824,2.1625647338740386,1.4491017964071857,2.5773809523809526,8.0,5.0,1.1428571428571428,0.8758503401360545,0.16666666666666666,2.876100116507642,0.7667852901175685,0.08668076109936575,-0.008078231292517007,0.8472037237110206
mariogan::level_74.txt,mariogan,168.0,14.0,0.0939625850340136,0.008503401360544218,0.0008503401360544217,0.0,0.0008503401360544217,0.01445578231292517,0.0008503401360544217,2.0,0.006377551020408163,0.006377551020408163,0.0,0.0,0.0,1.0,2.0,3.0,0.02976190476190476,0.011904761904761904,0.012757826702956554,1.6407572740442715,1.1616766467065869,2.119047619047619,9.0,5.0,1.1547619047619047,0.8843537414965986,0.17261904761904762,2.7528819755288687,0.707158654426773,0.0828752642706131,-0.044217687074829926,0.8627114121337575
mariogan::level_75.txt,mariogan,168.0,14.0,0.09821428571428571,0.00977891156462585,0.0,0.0,0.0,0.008503401360544218,0.0,0.0,0.006802721088435374,0.006802721088435374,0.0,0.0,0.0,1.0,4.0,2.0,0.02976190476190476,0.023809523809523808,0.030447377976151158,1.4180582199928125,1.0179640718562875,1.9761904761904763,9.0,5.0,1.2142857142857142,0.8864795918367347,0.13690476190476192,2.511768975299268,0.667550636737232,0.07906976744186046,-0.04251700680272109,0.859333673642093
mariogan::level_76.txt,mariogan,168.0,14.0,0.11607142857142858,0.01488095238095238,0.0012755102040816326,0.0,0.0012755102040816326,0.011904761904761904,0.0012755102040816326,3.0,0.007227891156462585,0.007227891156462585,0.0,0.0,0.0,1.0,1.0,2.0,0.011904761904761904,0.005952380952380952,0.014114478161529997,2.197331005179594,1.3652694610778444,2.7142857142857144,9.0,5.0,1.3214285714285714,0.8635204081632653,0.19047619047619047,3.1063687691043187,0.8004938521011825,0.08710359408033827,-0.023809523809523808,0.864317486642039
mariogan::level_77.txt,mariogan,168.0,14.0,0.0897108843537415,0.00977891156462585,0.0008503401360544217,0.0,0.0008503401360544217,0.006377551020408163,0.0008503401360544217,2.0,0.004251700680272109,0.004251700680272109,0.0,0.0,0.0,1.0,3.0,9.0,0.09523809523809523,0.017857142857142856,0.04290884166669284,1.578226100228798,1.2694610778443114,1.9761904761904763,9.0,5.0,1.0833333333333333,0.8988095238095238,0.16666666666666666,2.777813406508706,0.6139189660526704,0.07441860465116279,-0.1254251700680272,0.8515496409751652
mariogan::level_78.txt,mariogan,168.0,14.0,0.09821428571428571,0.01403061224489796,0.00042517006802721087,0.0,0.00042517006802721087,0.008928571428571428,0.00042517006802721087,1.0,0.002976190476190476,0.002976190476190476,0.0,0.0,0.0,1.0,3.0,3.0,0.041666666666666664,0.017857142857142856,0.0007419076554076032,2.422232302492387,1.1317365269461077,2.7916666666666665,9.0,5.0,1.1488095238095237,0.8894557823129252,0.13095238095238096,2.5423242143224116,0.6574595806827813,0.0773784355179704,-0.05314625850340135,0.8553097761318799
mariogan::level_79.txt,mariogan,168.0,14.0,0.10671768707482993,0.011479591836734694,0.00042517006802721087,0.0,0.00042517006802721087,0.006377551020408163,0.00042517006802721087,1.0,0.004251700680272109,0.004251700680272109,0.0,0.0,0.0,1.0,4.0,12.0,0.1130952380952381,0.023809523809523808,0.001788476527644134,2.1467133157104863,1.4251497005988023,2.4583333333333335,12.0,5.0,1.25,0.8822278911564626,0.20238095238095238,3.21845087640606,0.6780642288277791,0.08372093023255814,-0.1526360544217687,0.8513590475818843
mariogan::level_8.txt,mariogan,168.0,14.0,0.11437074829931973,0.007227891156462585,0.0,0.0,0.0,0.008503401360544218,0.0,0.0,0.002976190476190476,0.002976190476190476,0.0,0.0,0.0,1.0,3.0,18.0,0.15476190476190477,0.017857142857142856,0.013356528259615419,1.9298362880566604,0.9880239520958084,2.2857142857142856,9.0,6.0,1.4523809523809523,0.8741496598639455,0.16666666666666666,3.221015059893664,0.6872097124945516,0.0824524312896406,-0.2113095238095238,0.8521279582186625
mariogan::level_80.txt,mariogan,168.0,14.0,0.11437074829931973,0.013605442176870748,0.0017006802721088435,0.0,0.0017006802721088435,0.01870748299319728,0.0017006802721088435,4.0,0.007653061224489796,0.007653061224489796,0.0,0.0,0.0,1.0,1.0,5.0,0.02976190476190476,0.005952380952380952,0.055903959680955406,2.393864532136066,1.341317365269461,3.017857142857143,11.0,5.0,1.3392857142857142,0.8575680272108843,0.19642857142857142,3.4199596829591488,0.8439694351688861,0.0959830866807611,-0.050595238095238096,0.8604437087198538
mariogan::level_81.txt,mariogan,168.0,14.0,0.09566326530612244,0.005952380952380952,0.00042517006802721087,0.0,0.00042517006802721087,0.010629251700680272,0.00042517006802721087,1.0,0.00510204081632653,0.00510204081632653,0.0,0.0,0.0,1.0,3.0,17.0,0.13690476190476192,0.017857142857142856,0.08872959263856917,1.7518752194921832,0.9161676646706587,2.1547619047619047,11.0,5.0,1.2083333333333333,0.8881802721088435,0.19642857142857142,3.029841791446821,0.6487838691742152,0.08076109936575053,-0.19217687074829937,0.8556978693519857
mariogan::level_82.txt,mariogan,168.0,14.0,0.09651360544217687,0.00977891156462585,0.0,0.0,0.0,0.004251700680272109,0.0,0.0,0.0017006802721088435,0.0017006802721088435,0.0,0.0,0.0,1.0,2.0,3.0,0.02976190476190476,0.011904761904761904,0.05861706242942566,2.1393427722102794,0.9580838323353293,2.4702380952380953,11.0,5.0,1.1785714285714286,0.8975340136054422,0.13690476190476192,2.045546017061311,0.5831233344273049,0.07145877378435518,-0.04039115646258504,0.8653543473517424
mariogan::level_83.txt,mariogan,168.0,14.0,0.10331632653061225,0.008503401360544218,0.0,0.0,0.0,0.013180272108843538,0.0,0.0,0.00510204081632653,0.00510204081632653,0.0,0.0,0.0,1.0,0.0,0.0,0.0,0.0,9.279302985776283e-05,1.7349792224109524,0.8323353293413174,2.261904761904762,8.0,5.0,1.2916666666666667,0.8784013605442177,0.13095238095238096,2.5361285956173174,0.7039575218980031,0.07484143763213531,-0.00510204081632653,0.8641359792965859
mariogan::level_84.txt,mariogan,168.0,14.0,0.10416666666666667,0.017431972789115645,0.00042517006802721087,0.0,0.00042517006802721087,0.00977891156462585,0.00042517006802721087,1.0,0.003826530612244898,0.003826530612244898,0.0,0.0,0.0,1.0,1.0,4.0,0.023809523809523808,0.005952380952380952,0.008758604447965612,2.747748811638889,1.0658682634730539,3.107142857142857,9.0,5.0,1.1666666666666667,0.8818027210884354,0.11904761904761904,2.498222988563867,0.7065588859029804,0.07610993657505286,-0.0391156462585034,0.8483703117196717
mariogan::level_85.txt,mariogan,168.0,14.0,0.12670068027210885,0.022108843537414966,0.0008503401360544217,0.0,0.0008503401360544217,0.010629251700680272,0.0008503401360544217,2.0,0.006377551020408163,0.006377551020408163,0.0,0.0,0.0,1.0,4.0,9.0,0.09523809523809523,0.023809523809523808,0.009171541735712552,2.8953660022867758,1.652694610778443,3.6726190476190474,12.0,5.0,1.4523809523809523,0.8554421768707483,0.17857142857142858,3.5779092708311797,0.819632818070365,0.09260042283298098,-0.12755102040816324,0.8654865350060249
mariogan::level_86.txt,mariogan,168.0,14.0,0.10246598639455783,0.016581632653061226,0.00042517006802721087,0.0,0.00042517006802721087,0.008928571428571428,0.00042517006802721087,1.0,0.002551020408163265,0.002551020408163265,0.0,0.0,0.0,1.0,1.0,2.0,0.011904761904761904,0.005952380952380952,0.04426453686482823,2.403555596611792,1.1137724550898203,2.8452380952380953,9.0,5.0,1.1428571428571428,0.8856292517006803,0.10714285714285714,2.514255941471912,0.6868079054389631,0.07822410147991543,-0.01998299319727891,0.8588863432061381
mariogan::level_87.txt,mariogan,168.0,14.0,0.10204081632653061,0.01020408163265306,0.0,0.0,0.0,0.008928571428571428,0.0,0.0,0.0017006802721088435,0.0017006802721088435,0.0,0.0,0.0,1.0,6.0,12.0,0.21428571428571427,0.03571428571428571,0.04636712999099912,2.345122217827357,1.4251497005988023,2.6666666666666665,12.0,5.0,1.255952380952381,0.8873299319727891,0.16666666666666666,3.3322238956044155,0.6519864531687108,0.08583509513742071,-0.25170068027210885,0.854363295801617
mariogan::level_88.txt,mariogan,168.0,14.0,0.08758503401360544,0.006802721088435374,0.00042517006802721087,0.0,0.00042517006802721087,0.012329931972789115,0.00042517006802721087,1.0,0.004251700680272109,0.004251700680272109,0.0,0.0,0.0,1.0,6.0,20.0,0.20833333333333334,0.03571428571428571,0.04368370507699548,1.7875938036578294,1.035928143712575,2.0416666666666665,12.0,5.0,1.1071428571428572,0.8954081632653061,0.19047619047619047,3.1279107801310215,0.6413504956382216,0.08456659619450317,-0.27168367346938777,0.8529999213883676
mariogan::level_89.txt,mariogan,168.0,14.0,0.0858843537414966,0.00510204081632653,0.0,0.0,0.0,0.008503401360544218,0.0,0.0,0.002551020408163265,0.002551020408163265,0.0,0.0,0.0,1.0,10.0,5.0,0.17857142857142858,0.05952380952380952,0.08786363733759939,2.0340130781788677,1.029940119760479,2.232142857142857,12.0,5.0,1.0773809523809523,0.9030612244897959,0.17857142857142858,2.659709587740001,0.573658930402695,0.08202959830866807,-0.19600340136054423,0.8664573581161774
mariogan::level_9.txt,mariogan,168.0,14.0,0.11734693877551021,0.013605442176870748,0.00042517006802721087,0.0,0.00042517006802721087,0.008928571428571428,0.00042517006802721087,1.0,0.003401360544217687,0.003401360544217687,0.0,0.0,0.0,1.0,5.0,18.0,0.18452380952380953,0.02976190476190476,0.08792549679391282,2.7313346980715543,1.1437125748502994,3.2142857142857144,12.0,5.0,1.3630952380952381,0.8698979591836735,0.20238095238095238,3.5818378007740197,0.7207104536089658,0.09048625792811839,-0.2410714285714286,0.8600492369574972
mariogan::level_90.txt,mariogan,168.0,14.0,0.10459183673469388,0.0055272108843537416,0.0012755102040816326,0.0,0.0012755102040816326,0.013605442176870748,0.0012755102040816326,3.0,0.007227891156462585,0.007227891156462585,0.0,0.0,0.0,1.0,2.0,10.0,0.06547619047619048,0.011904761904761904,1.0775291755749095e-05,1.5152182050583052,1.1736526946107784,1.994047619047619,9.0,5.0,1.3333333333333333,0.8732993197278912,0.19047619047619047,3.011807514199495,0.7260366688302278,0.08668076109936575,-0.10119047619047619,0.8541262227293702
mariogan::level_91.txt,mariogan,168.0,14.0,0.10246598639455783,0.006377551020408163,0.0,0.0,0.0,0.01020408163265306,0.0,0.0,0.002551020408163265,0.002551020408163265,0.0,0.0,0.0,1.0,7.0,8.0,0.19047619047619047,0.041666666666666664,0.018436319630523945,1.8130698511201242,0.9520958083832335,2.142857142857143,9.0,5.0,1.3214285714285714,0.8847789115646258,0.15476190476190477,3.1297619135551136,0.6475111212325025,0.08456659619450317,-0.21683673469387754,0.857156059366957
mariogan::level_92.txt,mariogan,168.0,14.0,0.1016156462585034,0.01488095238095238,0.0008503401360544217,0.0,0.0008503401360544217,0.01488095238095238,0.0008503401360544217,2.0,0.00510204081632653,0.00510204081632653,0.0,0.0,0.0,1.0,1.0,15.0,0.08928571428571429,0.005952380952380952,0.0025027335472622703,2.486450146440605,1.2035928143712575,2.8095238095238093,9.0,5.0,1.1428571428571428,0.8775510204081632,0.20238095238095238,3.3618634246410295,0.7499061963237954,0.08964059196617336,-0.13818027210884354,0.8584820237897341
mariogan::level_93.txt,mariogan,168.0,14.0,0.08120748299319729,0.00467687074829932,0.0,0.0,0.0,0.0055272108843537416,0.0,0.0,0.002551020408163265,0.002551020408163265,0.0,0.0,0.0,1.0,4.0,17.0,0.14285714285714285,0.023809523809523808,0.047406538348206295,1.224613958895396,0.7305389221556886,1.630952380952381,9.0,5.0,1.0476190476190477,0.9107142857142857,0.13690476190476192,2.3398762362443084,0.5257233130558204,0.06849894291754757,-0.19600340136054423,0.8604256977025229
mariogan::level_94.txt,mariogan,168.0,14.0,0.1092687074829932,0.00935374149659864,0.0021258503401360546,0.0,0.0021258503401360546,0.00935374149659864,0.0021258503401360546,5.0,0.005952380952380952,0.005952380952380952,0.0,0.0,0.0,1.0,1.0,15.0,0.08928571428571429,0.005952380952380952,0.015354459072700055,2.0678124942001035,0.8622754491017964,2.4285714285714284,9.0,5.0,1.369047619047619,0.8732993197278912,0.17261904761904762,3.0050407567885538,0.7168016767238258,0.0824524312896406,-0.13775510204081634,0.8565704612260769
mariogan::level_95.txt,mariogan,168.0,14.0,0.09438775510204081,0.011054421768707483,0.0012755102040816326,0.0,0.0012755102040816326,0.0055272108843537416,0.0012755102040816326,3.0,0.003401360544217687,0.003401360544217687,0.0,0.0,0.0,1.0,3.0,2.0,0.023809523809523808,0.017857142857142856,0.20322945473463017,1.5570060518981357,0.9221556886227545,2.142857142857143,9.0,5.0,1.1071428571428572,0.8954081632653061,0.13690476190476192,2.314589968996976,0.6279314957102059,0.07230443974630021,-0.03188775510204081,0.862786010173877
mariogan::level_96.txt,mariogan,168.0,14.0,0.09311224489795919,0.011479591836734694,0.00042517006802721087,0.0,0.00042517006802721087,0.01020408163265306,0.00042517006802721087,1.0,0.006802721088435374,0.006802721088435374,0.0,0.0,0.0,1.0,4.0,4.0,0.06547619047619048,0.023809523809523808,0.0025949994012640643,2.135323127644803,1.1736526946107784,2.4345238095238093,11.0,5.0,1.0892857142857142,0.8894557823129252,0.1488095238095238,2.76064188131007,0.6738642119385819,0.0799154334038055,-0.08375850340136054,0.8626252180725476
mariogan::level_97.txt,mariogan,168.0,14.0,0.09948979591836735,0.01403061224489796,0.00042517006802721087,0.0,0.00042517006802721087,0.015731292517006803,0.00042517006802721087,1.0,0.010629251700680272,0.010629251700680272,0.0,0.0,0.0,1.0,1.0,4.0,0.023809523809523808,0.005952380952380952,0.13894699404538446,1.9368636885951156,1.1736526946107784,2.5416666666666665,9.0,5.0,1.125,0.8737244897959183,0.16666666666666666,2.858196257714753,0.7789072236722566,0.08837209302325581,-0.04591836734693877,0.8534921619174859
mariogan::level_98.txt,mariogan,168.0,14.0,0.12372448979591837,0.015306122448979591,0.00042517006802721087,0.0,0.00042517006802721087,0.008078231292517007,0.00042517006802721087,1.0,0.003826530612244898,0.003826530612244898,0.0,0.0,0.0,1.0,7.0,12.0,0.16666666666666666,0.041666666666666664,0.038313486122382834,2.9005724914539153,1.526946107784431,3.5654761904761907,12.0,5.0,1.505952380952381,0.8639455782312925,0.22023809523809523,3.7241317290163902,0.7414782121466028,0.09344608879492601,-0.20578231292517007,0.8580563012541905
mariogan::level_99.txt,mariogan,168.0,14.0,0.1016156462585034,0.012755102040816327,0.0008503401360544217,0.0,0.0008503401360544217,0.006377551020408163,0.0008503401360544217,2.0,0.002551020408163265,0.002551020408163265,0.0,0.0,0.0,1.0,4.0,9.0,0.125,0.023809523809523808,0.019089467358096912,2.2686862669219385,1.2934131736526946,2.613095238095238,9.0,5.0,1.2202380952380953,0.8886054421768708,0.16071428571428573,2.9273167420079593,0.6458944345541985,0.0828752642706131,-0.15348639455782312,0.8526309421223515
mariogpt::level_000.txt,mariogpt,150.0,14.0,0.16952380952380952,0.09952380952380953,0.007619047619047619,0.009523809523809525,0.0033333333333333335,0.011428571428571429,0.012857142857142857,27.0,0.009047619047619047,0.007142857142857143,0.0,0.0,0.0019047619047619048,2.0,7.0,7.0,0.13333333333333333,0.04666666666666667,0.723904954619971,2.1867047839163223,0.87248322147651,6.573333333333333,12.0,8.0,1.72,0.7971428571428572,0.37333333333333335,4.650723950503042,1.123981928390658,0.11216280170373875,-0.15285714285714286,0.8539396527115574
mariogpt::level_001.txt,mariogpt,150.0,14.0,0.15619047619047619,0.011904761904761904,0.0019047619047619048,0.0019047619047619048,0.0009523809523809524,0.018095238095238095,0.002857142857142857,6.0,0.004761904761904762,0.004761904761904762,0.0,0.0,0.0,1.0,5.0,5.0,0.08666666666666667,0.03333333333333333,0.18792486872847758,3.089066334800065,1.0268456375838926,3.5,12.0,12.0,2.04,0.8180952380952381,0.21333333333333335,2.8859692234639107,0.9214826243022752,0.08755324183625178,-0.10523809523809523,0.8624042767603103
mariogpt::level_002.txt,mariogpt,150.0,14.0,0.09333333333333334,0.01619047619047619,0.0033333333333333335,0.014285714285714285,0.0019047619047619048,0.009523809523809525,0.01619047619047619,34.0,0.007142857142857143,0.0038095238095238095,0.0,0.0,0.0033333333333333335,2.0,6.0,7.0,0.17333333333333334,0.04,0.001495125809125586,2.0108271004637244,0.8053691275167785,2.5,9.0,6.0,1.1533333333333333,0.8738095238095238,0.24666666666666667,3.9343557025593854,0.8046537303067387,0.1012778040700426,-0.18761904761904763,0.8596241854514142
mariogpt::level_003.txt,mariogpt,150.0,14.0,0.10333333333333333,0.009047619047619047,0.0009523809523809524,0.010476190476190476,0.0,0.0,0.010476190476190476,22.0,0.0014285714285714286,0.0014285714285714286,0.0,0.0,0.0,1.0,12.0,7.0,0.21333333333333335,0.08,0.0015003739202013033,2.1672087984157318,1.1409395973154361,2.993333333333333,9.0,9.0,1.3733333333333333,0.8847619047619047,0.26,4.34954041807294,0.6259201287296419,0.09133932796971131,-0.22761904761904764,0.8514886471644022
mariogpt::level_004.txt,mariogpt,150.0,14.0,0.1619047619047619,0.015238095238095238,0.01,0.009523809523809525,0.0004761904761904762,0.0,0.01,21.0,0.005714285714285714,0.005714285714285714,0.0,0.0,0.0,1.0,7.0,10.0,0.20666666666666667,0.04666666666666667,0.003965160488170416,3.3733264826584883,1.087248322147651,3.3266666666666667,12.0,12.0,2.006666666666667,0.8223809523809524,0.25333333333333335,3.736359342971575,0.8419465624759216,0.0922858495030762,-0.2357142857142857,0.8625075452568365
mariogpt::level_005.txt,mariogpt,150.0,14.0,0.11571428571428571,0.035238095238095235,0.0009523809523809524,0.0033333333333333335,0.0009523809523809524,0.014285714285714285,0.004285714285714286,9.0,0.0038095238095238095,0.0038095238095238095,0.0,0.0,0.0,1.0,14.0,9.0,0.20666666666666667,0.09333333333333334,0.321662125579095,3.2357845909200904,0.9463087248322147,7.026666666666666,12.0,5.0,1.16,0.861904761904762,0.30666666666666664,4.412129294534616,0.829929365231472,0.10080454330336015,-0.2361904761904762,0.8626550350171411
mariogpt::level_006.txt,mariogpt,150.0,14.0,0.16333333333333333,0.029047619047619048,0.0019047619047619048,0.002380952380952381,0.0004761904761904762,0.0014285714285714286,0.002857142857142857,6.0,0.005714285714285714,0.004761904761904762,0.0,0.0,0.0009523809523809524,2.0,10.0,7.0,0.22,0.06666666666666667,0.0022244747132562637,4.328268851455126,1.4429530201342282,5.273333333333333,12.0,9.0,1.9466666666666668,0.8266666666666667,0.29333333333333333,4.330559599190521,0.8546709616285091,0.10884997633696167,-0.2461904761904762,0.8487498739955812
mariogpt::level_007.txt,mariogpt,150.0,14.0,0.09380952380952381,0.006666666666666667,0.004761904761904762,0.004761904761904762,0.0,0.0019047619047619048,0.004761904761904762,10.0,0.01,0.006190476190476191,0.0,0.0,0.0038095238095238095,2.0,6.0,2.0,0.06666666666666667,0.04,0.027823321726326844,2.2835847045053854,0.4429530201342282,2.533333333333333,9.0,5.0,1.1266666666666667,0.8895238095238095,0.14,2.4836573590910835,0.6420843280861186,0.0743019403691434,-0.07857142857142857,0.8778272164215867
mariogpt::level_008.txt,mariogpt,150.0,14.0,0.10904761904761905,0.023333333333333334,0.0004761904761904762,0.0,0.0004761904761904762,0.04,0.0004761904761904762,1.0,0.0033333333333333335,0.002857142857142857,0.0,0.0,0.0004761904761904762,2.0,6.0,6.0,0.12,0.04,0.0004325239064804087,2.8907185326755265,1.6845637583892616,3.6666666666666665,9.0,5.0,1.24,0.8471428571428572,0.25333333333333335,3.833694335797369,0.9296699214075117,0.10884997633696167,-0.14285714285714285,0.8471517446974961
mariogpt::level_009.txt,mariogpt,150.0,14.0,0.18047619047619048,0.11142857142857143,0.0014285714285714286,0.0019047619047619048,0.0009523809523809524,0.039523809523809524,0.002857142857142857,6.0,0.0033333333333333335,0.0033333333333333335,0.0,0.0,0.0,1.0,6.0,5.0,0.10666666666666667,0.04,0.22087771273593026,3.4416281138420968,1.4429530201342282,4.88,12.0,12.0,2.2066666666666666,0.7738095238095238,0.2866666666666667,3.9912895198203775,1.2162730475696013,0.10790345480359678,-0.1238095238095238,0.864819743195364
mariogpt::level_010.txt,mariogpt,150.0,14.0,0.2819047619047619,0.07666666666666666,0.002857142857142857,0.002857142857142857,0.0,0.012857142857142857,0.002857142857142857,6.0,0.004285714285714286,0.0033333333333333335,0.0,0.0,0.0009523809523809524,2.0,5.0,10.0,0.14666666666666667,0.03333333333333333,0.3303732423195268,3.775826678716585,0.8322147651006712,6.913333333333333,12.0,12.0,3.533333333333333,0.6980952380952381,0.25333333333333335,3.9023334081128502,1.2782461753355179,0.09701845716990061,-0.1814285714285714,0.8612930357337939
mariogpt::level_011.txt,mariogpt,150.0,14.0,0.08857142857142856,0.02,0.002857142857142857,0.012380952380952381,0.0004761904761904762,0.0,0.012857142857142857,27.0,0.007142857142857143,0.007142857142857143,0.0,0.0,0.0,1.0,12.0,16.0,0.2733333333333333,0.08,0.02615693253064255,2.220624845548691,0.9194630872483222,2.2933333333333334,9.0,7.0,1.0533333333333332,0.8914285714285715,0.22,3.4883382909008813,0.6691636352623169,0.0955986748698533,-0.32095238095238093,0.8565674500152851
mariogpt::level_012.txt,mariogpt,150.0,14.0,0.07142857142857142,0.008095238095238095,0.004285714285714286,0.0038095238095238095,0.0004761904761904762,0.01904761904761905,0.004285714285714286,9.0,0.0038095238095238095,0.0038095238095238095,0.0,0.0,0.0,1.0,6.0,50.0,0.4866666666666667,0.04,0.01835512482388979,3.618237839706456,1.483221476510067,3.3733333333333335,12.0,11.0,0.8866666666666667,0.9014285714285715,0.18,3.1216028941706506,0.6564077239741168,0.09465215333648841,-0.6528571428571429,0.8550371254003405
mariogpt::level_013.txt,mariogpt,150.0,14.0,0.09619047619047619,0.017142857142857144,0.0033333333333333335,0.015714285714285715,0.0014285714285714286,0.0,0.017142857142857144,36.0,0.008571428571428572,0.005714285714285714,0.0,0.0,0.002857142857142857,2.0,9.0,5.0,0.14,0.06,0.00017948267218914626,1.9130937137946873,0.738255033557047,2.24,9.0,7.0,1.1133333333333333,0.878095238095238,0.22666666666666666,3.3529043444048683,0.7402687510386965,0.09654519640321817,-0.1480952380952381,0.8496794274038545
mariogpt::level_014.txt,mariogpt,150.0,14.0,0.13380952380952382,0.01619047619047619,0.009047619047619047,0.008095238095238095,0.0009523809523809524,0.012380952380952381,0.009047619047619047,19.0,0.007619047619047619,0.0038095238095238095,0.0,0.0,0.0038095238095238095,2.0,4.0,2.0,0.04,0.02666666666666667,0.009670822546208324,2.4320750887693774,1.5503355704697988,2.9066666666666667,9.0,8.0,1.64,0.8371428571428572,0.2866666666666667,3.727446329354514,0.9067083194821284,0.11310932323710364,-0.045238095238095244,0.8604868398675054
mariogpt::level_015.txt,mariogpt,150.0,14.0,0.05047619047619047,0.005714285714285714,0.0,0.009047619047619047,0.0,0.0009523809523809524,0.009047619047619047,19.0,0.0014285714285714286,0.0014285714285714286,0.0,0.0,0.0,1.0,13.0,31.0,0.6866666666666666,0.08666666666666667,0.0015830486441764657,3.834987636981397,1.9395973154362416,3.7933333333333334,9.0,2.0,0.5866666666666667,0.9380952380952381,0.14,3.0279651388078945,0.4141465441815286,0.08282063416942735,-0.7823809523809524,0.8594734083351238
mariogpt::level_016.txt,mariogpt,150.0,14.0,0.09952380952380953,0.0033333333333333335,0.0004761904761904762,0.002857142857142857,0.0004761904761904762,0.0009523809523809524,0.0033333333333333335,7.0,0.005238095238095238,0.005238095238095238,0.0,0.0,0.0,1.0,5.0,5.0,0.08666666666666667,0.03333333333333333,0.11018965459238328,1.20631950654597,0.5771812080536913,1.6666666666666667,9.0,9.0,1.3466666666666667,0.8909523809523809,0.13333333333333333,2.208696587014669,0.5803717994662897,0.07666824420255561,-0.10523809523809524,0.8581224218066643
mariogpt::level_017.txt,mariogpt,150.0,14.0,0.22904761904761906,0.15285714285714286,0.006666666666666667,0.004761904761904762,0.0033333333333333335,0.04380952380952381,0.008095238095238095,17.0,0.007619047619047619,0.007619047619047619,0.0,0.0,0.0,1.0,8.0,6.0,0.12666666666666668,0.05333333333333334,0.045297938403532356,2.1016345733884476,0.9395973154362416,10.68,12.0,7.0,1.84,0.7114285714285714,0.29333333333333333,4.3584017335773595,1.4464052064731716,0.11831519167061051,-0.14619047619047618,0.8576958065022987
mariogpt::level_018.txt,mariogpt,150.0,14.0,0.0680952380952381,0.0033333333333333335,0.005714285714285714,0.011904761904761904,0.0019047619047619048,0.012857142857142857,0.01380952380952381,29.0,0.007619047619047619,0.005238095238095238,0.0,0.0,0.002380952380952381,2.0,10.0,12.0,0.2,0.06666666666666667,0.007066393957982142,1.1339584909946614,0.5973154362416108,1.5266666666666666,7.0,5.0,0.9133333333333333,0.8976190476190476,0.24,3.3518550198369335,0.6953812478755853,0.09370563180312352,-0.23380952380952383,0.8468158204053734
mariogpt::level_019.txt,mariogpt,150.0,14.0,0.0919047619047619,0.002380952380952381,0.0009523809523809524,0.002380952380952381,0.0004761904761904762,0.007619047619047619,0.002857142857142857,6.0,0.0019047619047619048,0.0009523809523809524,0.0,0.0,0.0009523809523809524,2.0,8.0,13.0,0.38666666666666666,0.05333333333333334,0.011596018573099887,2.768783876814278,1.5838926174496644,2.6533333333333333,12.0,9.0,1.2333333333333334,0.8957142857142857,0.17333333333333334,3.0652901995491932,0.5851910650508104,0.08944628490298154,-0.42904761904761907,0.8556331186251231
mariogpt::level_020.txt,mariogpt,150.0,14.0,0.07857142857142857,0.008095238095238095,0.006190476190476191,0.01,0.0009523809523809524,0.006666666666666667,0.010952380952380953,23.0,0.005714285714285714,0.002380952380952381,0.0,0.0,0.0033333333333333335,2.0,3.0,3.0,0.04666666666666667,0.02,0.11474273233005372,1.1319182304398714,0.4429530201342282,1.6,9.0,4.0,0.9733333333333334,0.8980952380952381,0.16,2.252461835769425,0.6632575487787562,0.07572172266919072,-0.05142857142857143,0.8764030207627485
mariogpt::level_021.txt,mariogpt,150.0,14.0,0.13523809523809524,0.05047619047619047,0.004285714285714286,0.002857142857142857,0.0014285714285714286,0.024285714285714285,0.004285714285714286,9.0,0.006666666666666667,0.004761904761904762,0.0,0.0,0.0019047619047619048,2.0,6.0,7.0,0.09333333333333334,0.04,0.05352967464443914,2.631526710816777,1.4563758389261745,3.34,12.0,10.0,1.5533333333333332,0.8295238095238096,0.32,3.9345769131906,1.0096549580080387,0.11405584477046853,-0.11904761904761905,0.8613600864953039
mariogpt::level_022.txt,mariogpt,150.0,14.0,0.17761904761904762,0.008095238095238095,0.0004761904761904762,0.0,0.0004761904761904762,0.0,0.0004761904761904762,1.0,0.007619047619047619,0.006190476190476191,0.0,0.0,0.0014285714285714286,2.0,4.0,10.0,0.12666666666666668,0.02666666666666667,0.000532244595419451,3.136738679743791,0.8859060402684564,2.993333333333333,12.0,12.0,2.3733333333333335,0.8142857142857143,0.16,2.7547623148290237,0.7971362178994837,0.07950780880265026,-0.16714285714285715,0.8562833451751435
mariogpt::level_023.txt,mariogpt,150.0,14.0,0.10428571428571429,0.007619047619047619,0.002380952380952381,0.002857142857142857,0.0009523809523809524,0.0,0.0038095238095238095,8.0,0.004761904761904762,0.004761904761904762,0.0,0.0,0.0,1.0,8.0,27.0,0.36666666666666664,0.05333333333333334,0.006394510399829412,2.7516779708727794,1.6979865771812082,2.74,9.0,9.0,1.32,0.8871428571428571,0.21333333333333335,3.4925192422993385,0.6060170760534553,0.09086606720302887,-0.4576190476190476,0.8644561338294887
mariogpt::level_024.txt,mariogpt,150.0,14.0,0.09952380952380953,0.004285714285714286,0.0,0.007142857142857143,0.0,0.0,0.007142857142857143,15.0,0.005714285714285714,0.005714285714285714,0.0,0.0,0.0,1.0,14.0,7.0,0.22666666666666666,0.09333333333333334,0.0022040053509968516,2.688104277227136,1.2147651006711409,2.94,12.0,9.0,1.24,0.8876190476190476,0.26666666666666666,4.020262754362699,0.6029514956266822,0.08755324183625178,-0.24857142857142858,0.8647364594617444
mariogpt::level_025.txt,mariogpt,150.0,14.0,0.07095238095238095,0.002380952380952381,0.008095238095238095,0.014285714285714285,0.0009523809523809524,0.0,0.015238095238095238,32.0,0.009047619047619047,0.007619047619047619,0.0,0.0,0.0014285714285714286,2.0,15.0,20.0,0.37333333333333335,0.1,0.025277718552285666,3.0065335921102667,1.610738255033557,3.033333333333333,9.0,5.0,0.8866666666666667,0.9047619047619048,0.2,3.5938233307668197,0.5963285674748304,0.09370563180312352,-0.4338095238095238,0.8548088956565018
mariogpt::level_026.txt,mariogpt,150.0,14.0,0.21571428571428572,0.11047619047619048,0.0009523809523809524,0.0009523809523809524,0.0004761904761904762,0.02142857142857143,0.0014285714285714286,3.0,0.0033333333333333335,0.0033333333333333335,0.0,0.0,0.0,1.0,11.0,4.0,0.18,0.07333333333333333,0.22771187727674047,3.3555876913047986,1.516778523489933,5.093333333333334,12.0,12.0,2.7866666666666666,0.758095238095238,0.2866666666666667,4.6239376251906625,1.1964050400012374,0.11642214860388074,-0.19523809523809524,0.852705733639592
mariogpt::level_027.txt,mariogpt,150.0,14.0,0.14,0.08190476190476191,0.009523809523809525,0.010476190476190476,0.0019047619047619048,0.0,0.012380952380952381,26.0,0.0033333333333333335,0.0033333333333333335,0.0,0.0,0.0,1.0,12.0,20.0,0.35333333333333333,0.08,0.2824063039314937,3.794478648433758,1.5838926174496644,5.533333333333333,12.0,9.0,1.3866666666666667,0.8442857142857143,0.28,4.32682745656272,0.862743300218467,0.10743019403691434,-0.41095238095238096,0.8632442144735895
mariogpt::level_028.txt,mariogpt,150.0,14.0,0.11857142857142858,0.014761904761904763,0.0038095238095238095,0.008095238095238095,0.0009523809523809524,0.007142857142857143,0.009047619047619047,19.0,0.007619047619047619,0.006666666666666667,0.0,0.0,0.0009523809523809524,2.0,7.0,3.0,0.09333333333333334,0.04666666666666667,0.01090889585852306,2.6083966596046246,1.0067114093959733,3.3133333333333335,10.0,9.0,1.4,0.8576190476190476,0.3466666666666667,4.22068669588525,0.8151768522118307,0.10743019403691434,-0.10190476190476191,0.8653053105295774
mariogpt::level_029.txt,mariogpt,150.0,14.0,0.0380952380952381,0.0,0.0009523809523809524,0.005238095238095238,0.0004761904761904762,0.006190476190476191,0.005714285714285714,12.0,0.004761904761904762,0.004285714285714286,0.0,0.0,0.0004761904761904762,2.0,14.0,22.0,0.64,0.09333333333333334,0.02322648201733002,2.2737128583492603,1.2684563758389262,2.02,9.0,5.0,0.5066666666666667,0.9452380952380952,0.16,3.07638370479484,0.40008767172720294,0.08234737340274491,-0.7123809523809524,0.862495513266619
mariogpt::level_030.txt,mariogpt,150.0,14.0,0.15428571428571428,0.04857142857142857,0.0033333333333333335,0.002857142857142857,0.0004761904761904762,0.027142857142857142,0.0033333333333333335,7.0,0.002857142857142857,0.002857142857142857,0.0,0.0,0.0,1.0,4.0,3.0,0.06666666666666667,0.02666666666666667,0.00010955650777322301,4.739047317658563,1.0671140939597314,5.1,12.0,12.0,1.8533333333333333,0.8123809523809524,0.23333333333333334,3.15121639421298,1.0411044683976545,0.0979649787032655,-0.0761904761904762,0.847796788371671
mariogpt::level_031.txt,mariogpt,150.0,14.0,0.11238095238095239,0.04047619047619048,0.002857142857142857,0.009523809523809525,0.0009523809523809524,0.005238095238095238,0.010476190476190476,22.0,0.010476190476190476,0.005714285714285714,0.0,0.0,0.004761904761904762,2.0,4.0,5.0,0.08,0.02666666666666667,0.130311834742601,2.8473535317619056,0.7785234899328859,3.6133333333333333,9.0,6.0,1.1266666666666667,0.8614285714285714,0.28,3.678233660398784,0.8594474260634847,0.10411736867013724,-0.09666666666666666,0.854095565503042
mariogpt::level_032.txt,mariogpt,150.0,14.0,0.09714285714285714,0.013333333333333334,0.004761904761904762,0.0038095238095238095,0.0014285714285714286,0.023809523809523808,0.005238095238095238,11.0,0.004761904761904762,0.0014285714285714286,0.0,0.0,0.0033333333333333335,2.0,7.0,5.0,0.12666666666666668,0.04666666666666667,0.24707087713022124,1.819766093307851,1.0067114093959733,2.42,9.0,9.0,1.2133333333333334,0.8690476190476191,0.22666666666666666,3.2202186971734577,0.8229244922886819,0.09938476100331282,-0.14285714285714288,0.8560769056635211
mariogpt::level_033.txt,mariogpt,150.0,14.0,0.09523809523809523,0.006666666666666667,0.0014285714285714286,0.0009523809523809524,0.0004761904761904762,0.0019047619047619048,0.0014285714285714286,3.0,0.008571428571428572,0.006190476190476191,0.0,0.0,0.002380952380952381,2.0,9.0,5.0,0.12666666666666668,0.06,0.005609496004254533,2.102672936574959,1.2080536912751678,2.26,10.0,6.0,1.1466666666666667,0.8928571428571429,0.20666666666666667,2.9650390221561302,0.6076223627353325,0.0922858495030762,-0.15047619047619049,0.8511514483897712
mariogpt::level_034.txt,mariogpt,150.0,14.0,0.17904761904761904,0.09523809523809523,0.009047619047619047,0.008571428571428572,0.0019047619047619048,0.002380952380952381,0.010476190476190476,22.0,0.0,0.0,0.0,0.0,0.0,0.0,7.0,5.0,0.12,0.04666666666666667,0.5154219601094299,2.7934605923226217,0.9463087248322147,5.08,12.0,5.0,1.7933333333333332,0.8080952380952381,0.17333333333333334,3.5374166796835973,0.9782147644842943,0.0832938949361098,-0.1261904761904762,0.8684702571748177
mariogpt::level_035.txt,mariogpt,150.0,14.0,0.07857142857142857,0.004761904761904762,0.012380952380952381,0.008095238095238095,0.004285714285714286,0.0004761904761904762,0.012380952380952381,26.0,0.010476190476190476,0.005714285714285714,0.0,0.0,0.004761904761904762,2.0,8.0,3.0,0.08666666666666667,0.05333333333333334,0.07441589394700965,1.1667320641411223,0.6845637583892618,1.5933333333333333,9.0,4.0,0.9733333333333334,0.8980952380952381,0.18,2.7587865139997523,0.6322490368967851,0.08376715570279224,-0.09476190476190476,0.8612906302849845
mariogpt::level_036.txt,mariogpt,150.0,14.0,0.05523809523809524,0.013333333333333334,0.0004761904761904762,0.008095238095238095,0.0004761904761904762,0.0,0.008571428571428572,18.0,0.002380952380952381,0.002380952380952381,0.0,0.0,0.0,1.0,13.0,14.0,0.5733333333333334,0.08666666666666667,0.0008195502872881955,3.4073512007941096,1.8120805369127517,3.0,10.0,6.0,0.6866666666666666,0.9338095238095238,0.17333333333333334,3.2026587872732555,0.4493533790152985,0.08566019876952201,-0.6138095238095238,0.8529680665406748
mariogpt::level_037.txt,mariogpt,150.0,14.0,0.23285714285714285,0.14523809523809525,0.007619047619047619,0.007142857142857143,0.0009523809523809524,0.023333333333333334,0.008095238095238095,17.0,0.006666666666666667,0.005714285714285714,0.0,0.0004761904761904762,0.0004761904761904762,3.0,9.0,17.0,0.42,0.06,0.3903027621810984,3.206643898247329,1.0,10.4,14.0,12.0,2.3866666666666667,0.729047619047619,0.32666666666666666,4.748256068178146,1.330386928790154,0.1216280170373876,-0.4752380952380952,0.8625130189020087
mariogpt::level_038.txt,mariogpt,150.0,14.0,0.09380952380952381,0.0019047619047619048,0.007142857142857143,0.009523809523809525,0.0004761904761904762,0.013333333333333334,0.01,21.0,0.006190476190476191,0.004761904761904762,0.0,0.0,0.0014285714285714286,2.0,6.0,4.0,0.09333333333333334,0.04,0.0006111154563749333,1.8944233807922326,1.1275167785234899,2.2133333333333334,9.0,9.0,1.2733333333333334,0.8766666666666667,0.28,3.377570056919373,0.7381093607057647,0.0979649787032655,-0.10285714285714287,0.8538186677464614
mariogpt::level_039.txt,mariogpt,150.0,14.0,0.07238095238095238,0.004285714285714286,0.002380952380952381,0.010952380952380953,0.0009523809523809524,0.006190476190476191,0.011904761904761904,25.0,0.01,0.005714285714285714,0.0,0.0,0.004285714285714286,2.0,5.0,15.0,0.15333333333333332,0.03333333333333333,0.04950968023642066,1.4161653485833938,0.5973154362416108,1.6866666666666668,9.0,5.0,0.9333333333333333,0.8995238095238095,0.19333333333333333,2.8029039339570314,0.6593955050061455,0.08282063416942735,-0.2014285714285714,0.862783941430136
mariogpt::level_040.txt,mariogpt,150.0,14.0,0.14,0.07,0.0019047619047619048,0.0019047619047619048,0.0009523809523809524,0.0019047619047619048,0.002857142857142857,6.0,0.008095238095238095,0.006190476190476191,0.0,0.0,0.0019047619047619048,2.0,8.0,5.0,0.14666666666666667,0.05333333333333334,0.7331133623291708,2.1935440804776505,0.2550335570469799,6.4,12.0,8.0,1.4,0.8471428571428572,0.23333333333333334,3.650867111113005,0.8537155944581677,0.08944628490298154,-0.16857142857142857,0.8607980148053673
mariogpt::level_041.txt,mariogpt,150.0,14.0,0.09619047619047619,0.004285714285714286,0.0038095238095238095,0.002857142857142857,0.0009523809523809524,0.008571428571428572,0.0038095238095238095,8.0,0.009047619047619047,0.006190476190476191,0.0,0.0,0.002857142857142857,2.0,2.0,3.0,0.03333333333333333,0.013333333333333334,0.0252658895684561,1.3799058012454875,0.8389261744966443,1.9066666666666667,11.0,11.0,1.28,0.8823809523809524,0.19333333333333333,2.5279704060845534,0.6909153634050501,0.08802650260293422,-0.04857142857142857,0.855573732093691
mariogpt::level_042.txt,mariogpt,150.0,14.0,0.17761904761904762,0.10333333333333333,0.004285714285714286,0.011904761904761904,0.002857142857142857,0.019523809523809523,0.014761904761904763,31.0,0.0014285714285714286,0.0014285714285714286,0.0,0.0,0.0,1.0,10.0,8.0,0.2866666666666667,0.06666666666666667,0.42189011328719916,3.2903152436404577,1.0067114093959733,6.226666666666667,12.0,9.0,1.78,0.7866666666666666,0.2866666666666667,4.265564155220517,1.152434599611447,0.10317084713677237,-0.30000000000000004,0.8565147149136692
mariogpt::level_043.txt,mariogpt,150.0,14.0,0.08619047619047619,0.009047619047619047,0.0038095238095238095,0.002857142857142857,0.0009523809523809524,0.012857142857142857,0.0038095238095238095,8.0,0.010476190476190476,0.005714285714285714,0.0,0.0004761904761904762,0.004285714285714286,3.0,8.0,14.0,0.2866666666666667,0.05333333333333334,0.26815090645071504,3.67083187697231,0.8523489932885906,4.08,14.0,6.0,0.98,0.8866666666666667,0.2866666666666667,3.696354168282422,0.7236823552822441,0.0955986748698533,-0.34,0.8646976178412513
mariogpt::level_044.txt,mariogpt,150.0,14.0,0.26571428571428574,0.060476190476190475,0.0038095238095238095,0.0033333333333333335,0.0009523809523809524,0.011428571428571429,0.004285714285714286,9.0,0.004285714285714286,0.0033333333333333335,0.0,0.0,0.0009523809523809524,2.0,7.0,6.0,0.15333333333333332,0.04666666666666667,0.09160793925286659,4.759157319584574,1.0335570469798658,6.78,12.0,12.0,3.3466666666666667,0.7142857142857143,0.23333333333333334,3.6785816011821604,1.2298886391635766,0.09370563180312352,-0.1733333333333333,0.8556020250501554
mariogpt::level_045.txt,mariogpt,150.0,14.0,0.0980952380952381,0.008571428571428572,0.006666666666666667,0.005238095238095238,0.0014285714285714286,0.04047619047619048,0.006666666666666667,14.0,0.002380952380952381,0.002380952380952381,0.0,0.0,0.0,1.0,8.0,3.0,0.08666666666666667,0.05333333333333334,0.04876952559916159,2.1063234296832944,1.5369127516778522,2.6333333333333333,9.0,9.0,1.2266666666666666,0.8523809523809524,0.24,3.4142079202242437,0.9051294487266255,0.10506389020350212,-0.09238095238095238,0.8643329464217827
mariogpt::level_046.txt,mariogpt,150.0,14.0,0.1461904761904762,0.06428571428571428,0.006190476190476191,0.009047619047619047,0.002380952380952381,0.004285714285714286,0.011428571428571429,24.0,0.0019047619047619048,0.0019047619047619048,0.0,0.0,0.0,1.0,8.0,2.0,0.1,0.05333333333333334,0.7352907779969671,2.17786061010119,0.5838926174496645,6.486666666666666,12.0,8.0,1.5133333333333334,0.8361904761904762,0.24,3.8451998490126336,0.9158619596229332,0.0922858495030762,-0.09714285714285716,0.8529755748320054
mariogpt::level_047.txt,mariogpt,150.0,14.0,0.3080952380952381,0.10809523809523809,0.005714285714285714,0.0038095238095238095,0.002857142857142857,0.011428571428571429,0.006666666666666667,14.0,0.004285714285714286,0.0033333333333333335,0.0,0.0,0.0009523809523809524,2.0,5.0,10.0,0.12666666666666668,0.03333333333333333,0.22142743263086218,3.9770998059173,0.7785234899328859,7.92,13.0,13.0,3.5933333333333333,0.6695238095238095,0.2866666666666667,4.338151363475112,1.3872227857098673,0.10080454330336015,-0.15761904761904763,0.8478462275719764
mariogpt::level_048.txt,mariogpt,150.0,14.0,0.10666666666666667,0.004761904761904762,0.0019047619047619048,0.0033333333333333335,0.0009523809523809524,0.009047619047619047,0.004285714285714286,9.0,0.004761904761904762,0.0014285714285714286,0.0,0.0,0.0033333333333333335,2.0,8.0,3.0,0.1,0.05333333333333334,0.009151399679690253,2.1027255690376365,0.87248322147651,2.3533333333333335,11.0,9.0,1.3933333333333333,0.8752380952380953,0.2,3.0076414189932197,0.7026478095567141,0.09701845716990061,-0.11047619047619048,0.8562814105121979
mariogpt::level_049.txt,mariogpt,150.0,14.0,0.10809523809523809,0.03190476190476191,0.0014285714285714286,0.0014285714285714286,0.0014285714285714286,0.0,0.002857142857142857,6.0,0.006190476190476191,0.005714285714285714,0.0,0.0,0.0004761904761904762,2.0,12.0,10.0,0.26,0.08,0.42643708757455656,3.015865649337502,1.0402684563758389,4.666666666666667,12.0,7.0,1.1066666666666667,0.8828571428571429,0.31333333333333335,4.312160673212878,0.6750885049214069,0.09323237103644108,-0.2966666666666667,0.8626862573557722
mariogpt::level_050.txt,mariogpt,150.0,14.0,0.08476190476190476,0.01619047619047619,0.005238095238095238,0.004285714285714286,0.0009523809523809524,0.012380952380952381,0.005238095238095238,11.0,0.011428571428571429,0.004761904761904762,0.0,0.0,0.006666666666666667,2.0,2.0,3.0,0.03333333333333333,0.013333333333333334,0.0004037807916628111,1.9357657021793564,0.7046979865771812,2.2,9.0,1.0,0.9666666666666667,0.8861904761904762,0.19333333333333333,2.700132715909998,0.7535170211120479,0.08707998106956934,-0.049523809523809526,0.8570646781325253
mariogpt::level_051.txt,mariogpt,150.0,14.0,0.08142857142857143,0.015714285714285715,0.002857142857142857,0.006666666666666667,0.0004761904761904762,0.0009523809523809524,0.007142857142857143,15.0,0.01,0.009047619047619047,0.0,0.0,0.0009523809523809524,2.0,9.0,3.0,0.11333333333333333,0.06,0.03833847130679924,1.6519153305579015,0.48322147651006714,1.9133333333333333,9.0,2.0,0.9133333333333333,0.9004761904761904,0.14666666666666667,2.6296583941025875,0.6306019470820274,0.07524846190250828,-0.1261904761904762,0.8702226495638979
mariogpt::level_052.txt,mariogpt,150.0,14.0,0.07,0.0004761904761904762,0.0,0.0019047619047619048,0.0,0.0,0.0019047619047619048,4.0,0.005238095238095238,0.005238095238095238,0.0,0.0,0.0,1.0,15.0,20.0,0.5,0.1,0.006120948245004976,2.8895378698312517,1.2416107382550337,2.64,9.0,8.0,0.92,0.9228571428571428,0.16,3.2521987391213383,0.4364536281744756,0.07666824420255561,-0.57,0.8498492101100921
mariogpt::level_053.txt,mariogpt,150.0,14.0,0.12,0.017619047619047618,0.0019047619047619048,0.0014285714285714286,0.0004761904761904762,0.015238095238095238,0.0019047619047619048,4.0,0.009523809523809525,0.004285714285714286,0.0,0.0,0.005238095238095238,2.0,2.0,2.0,0.02,0.013333333333333334,0.05061383853827872,2.265578294343946,0.9395973154362416,2.7733333333333334,9.0,9.0,1.4266666666666667,0.8533333333333334,0.22,3.0918090184668356,0.8534188190329228,0.10364410790345481,-0.03428571428571429,0.8558895928041733
mariogpt::level_054.txt,mariogpt,150.0,14.0,0.3038095238095238,0.20047619047619047,0.005238095238095238,0.014761904761904763,0.002857142857142857,0.008571428571428572,0.017619047619047618,37.0,0.002857142857142857,0.002857142857142857,0.0,0.0,0.0,1.0,3.0,6.0,0.06666666666666667,0.02,0.023263852631445148,1.203406097061104,0.3624161073825503,11.346666666666666,12.0,8.0,2.66,0.6671428571428571,0.32666666666666666,4.634486218566063,1.415526794666475,0.11310932323710364,-0.0719047619047619,0.8579371616247148
mariogpt::level_055.txt,mariogpt,150.0,14.0,0.060476190476190475,0.0019047619047619048,0.0,0.0,0.0,0.0,0.0,0.0,0.004285714285714286,0.0033333333333333335,0.0,0.0,0.0009523809523809524,2.0,16.0,21.0,0.4533333333333333,0.10666666666666667,0.014095600287403087,2.7689576247833236,1.3288590604026846,2.7133333333333334,9.0,8.0,0.7666666666666667,0.9352380952380952,0.12666666666666668,3.067379271301881,0.38526201944625316,0.06483672503549456,-0.5276190476190477,0.8708339581828335
mariogpt::level_056.txt,mariogpt,150.0,14.0,0.0761904761904762,0.005714285714285714,0.0,0.005238095238095238,0.0,0.018571428571428572,0.005238095238095238,11.0,0.005714285714285714,0.004761904761904762,0.0,0.0,0.0009523809523809524,2.0,5.0,5.0,0.10666666666666667,0.03333333333333333,0.003006898975126737,1.1764406003229773,0.46308724832214765,1.5733333333333333,9.0,4.0,0.9733333333333334,0.8942857142857142,0.14666666666666667,2.3544793433868683,0.6822102763096264,0.08092759110269758,-0.12380952380952381,0.8621232342941778
mariogpt::level_057.txt,mariogpt,150.0,14.0,0.10428571428571429,0.013333333333333334,0.007142857142857143,0.006666666666666667,0.0004761904761904762,0.024761904761904763,0.007142857142857143,15.0,0.01,0.006666666666666667,0.0,0.0,0.0033333333333333335,2.0,9.0,5.0,0.12,0.06,0.06834040642649009,2.955195827962724,1.3825503355704698,3.36,9.0,5.0,1.1866666666666668,0.8538095238095238,0.26,3.813303335624291,0.9019521318691281,0.10837671557027923,-0.13952380952380952,0.8494726840264609
mariogpt::level_058.txt,mariogpt,150.0,14.0,0.31666666666666665,0.2538095238095238,0.0033333333333333335,0.002857142857142857,0.0004761904761904762,0.032857142857142856,0.0033333333333333335,7.0,0.0019047619047619048,0.0019047619047619048,0.0,0.0,0.0,1.0,11.0,3.0,0.16,0.07333333333333333,0.0006169678489279518,4.506585383054062,1.3825503355704698,8.466666666666667,14.0,14.0,3.9266666666666667,0.6452380952380953,0.24666666666666667,4.3412927760846625,1.4176473035549864,0.10222432560340748,-0.1685714285714286,0.8575647032651226
mariogpt::level_059.txt,mariogpt,150.0,14.0,0.11952380952380952,0.014761904761904763,0.011428571428571429,0.011904761904761904,0.0014285714285714286,0.008571428571428572,0.013333333333333334,28.0,0.004761904761904762,0.004285714285714286,0.0,0.0,0.0004761904761904762,2.0,1.0,4.0,0.02666666666666667,0.006666666666666667,0.0005648008905680957,1.7289525835716157,0.8859060402684564,2.2133333333333334,9.0,9.0,1.5266666666666666,0.8538095238095238,0.24666666666666667,3.1583899972435296,0.835537639861714,0.09843823946994794,-0.03142857142857143,0.8672549235511661
mariogpt::level_060.txt,mariogpt,150.0,14.0,0.13047619047619047,0.007619047619047619,0.0,0.0019047619047619048,0.0,0.024761904761904763,0.0019047619047619048,4.0,0.006190476190476191,0.002857142857142857,0.0,0.0,0.0033333333333333335,2.0,4.0,5.0,0.06,0.02666666666666667,0.02385518522465746,2.5711841257142294,0.8523489932885906,2.6266666666666665,12.0,12.0,1.72,0.8366666666666667,0.18,2.368581675544137,0.8883463061111857,0.08045433033601515,-0.08095238095238094,0.8789979530070412
mariogpt::level_061.txt,mariogpt,150.0,14.0,0.0838095238095238,0.006190476190476191,0.0004761904761904762,0.004761904761904762,0.0004761904761904762,0.024761904761904763,0.005238095238095238,11.0,0.0038095238095238095,0.002857142857142857,0.0,0.0,0.0009523809523809524,2.0,8.0,20.0,0.2866666666666667,0.05333333333333334,0.03290932625387921,2.3451620704130063,1.395973154362416,2.6133333333333333,12.0,8.0,1.1,0.8823809523809524,0.26666666666666666,3.620010115361213,0.7443089104121104,0.10364410790345481,-0.3519047619047619,0.8602560427675692
mariogpt::level_062.txt,mariogpt,150.0,14.0,0.08857142857142856,0.01,0.0033333333333333335,0.002857142857142857,0.0004761904761904762,0.011428571428571429,0.0033333333333333335,7.0,0.010952380952380953,0.007142857142857143,0.0,0.0,0.0038095238095238095,2.0,6.0,8.0,0.13333333333333333,0.04,7.0463483791805e-05,2.253782435762577,0.9261744966442953,2.3266666666666667,9.0,9.0,1.0466666666666666,0.8857142857142857,0.2,2.827462533603725,0.7188642966841089,0.09417889256980597,-0.16761904761904764,0.856664004397745
mariogpt::level_063.txt,mariogpt,150.0,14.0,0.09619047619047619,0.009523809523809525,0.002380952380952381,0.0019047619047619048,0.0009523809523809524,0.005714285714285714,0.002857142857142857,6.0,0.005714285714285714,0.005714285714285714,0.0,0.0,0.0,1.0,5.0,3.0,0.07333333333333333,0.03333333333333333,0.004782109089905839,1.6503389246929492,0.9664429530201343,1.9733333333333334,11.0,11.0,1.24,0.8895238095238095,0.19333333333333333,2.5324540698096096,0.644407750790449,0.08613345953620445,-0.08619047619047618,0.8527306202232211
mariogpt::level_064.txt,mariogpt,150.0,14.0,0.09714285714285714,0.007619047619047619,0.006190476190476191,0.004761904761904762,0.0019047619047619048,0.017142857142857144,0.006666666666666667,14.0,0.007619047619047619,0.004285714285714286,0.0,0.0,0.0033333333333333335,2.0,3.0,2.0,0.04,0.02,0.003089474523896185,1.7309826273760314,0.9932885906040269,2.1066666666666665,11.0,11.0,1.2333333333333334,0.8714285714285714,0.23333333333333334,2.8368394208936403,0.7923669414234119,0.09843823946994794,-0.047619047619047616,0.8498553431934377
mariogpt::level_065.txt,mariogpt,150.0,14.0,0.15047619047619049,0.008095238095238095,0.004761904761904762,0.0033333333333333335,0.0014285714285714286,0.0038095238095238095,0.004761904761904762,10.0,0.008571428571428572,0.006190476190476191,0.0,0.0,0.002380952380952381,2.0,5.0,15.0,0.18666666666666668,0.03333333333333333,0.014622650892694211,3.008896608738166,0.9798657718120806,2.86,12.0,12.0,1.9866666666666666,0.8323809523809523,0.22,3.19236274115817,0.823886130471377,0.08849976336961665,-0.24047619047619045,0.8711885274092612
mariogpt::level_066.txt,mariogpt,150.0,14.0,0.11523809523809524,0.01619047619047619,0.004285714285714286,0.004761904761904762,0.0014285714285714286,0.009523809523809525,0.006190476190476191,13.0,0.002857142857142857,0.002857142857142857,0.0,0.0,0.0,1.0,2.0,5.0,0.06666666666666667,0.013333333333333334,0.0038718254441688638,2.162430662103501,0.6778523489932886,2.4466666666666668,9.0,9.0,1.42,0.8661904761904762,0.20666666666666667,3.0977291436376184,0.7670899287925976,0.08755324183625178,-0.08,0.8629567717803429
mariogpt::level_067.txt,mariogpt,150.0,14.0,0.07857142857142857,0.008095238095238095,0.005238095238095238,0.008095238095238095,0.0004761904761904762,0.0038095238095238095,0.008571428571428572,18.0,0.009523809523809525,0.008095238095238095,0.0,0.0,0.0014285714285714286,2.0,7.0,4.0,0.1,0.04666666666666667,0.0053072166897421,1.7288974621094269,0.6510067114093959,1.96,9.0,5.0,0.9733333333333334,0.8995238095238095,0.18,2.6358962357540006,0.6382691375980073,0.08140085186938002,-0.1142857142857143,0.865607579417738
mariogpt::level_068.txt,mariogpt,150.0,14.0,0.10761904761904761,0.004761904761904762,0.0,0.014285714285714285,0.0,0.004285714285714286,0.014285714285714285,30.0,0.004761904761904762,0.004285714285714286,0.0,0.0,0.0004761904761904762,2.0,9.0,9.0,0.16666666666666666,0.06,0.013925439337572287,2.7241669644576794,0.9731543624161074,3.2133333333333334,12.0,9.0,1.3466666666666667,0.8690476190476191,0.3,4.138451184881295,0.7189196706037293,0.10553715097018457,-0.18714285714285714,0.8482965305602719
mariogpt::level_069.txt,mariogpt,150.0,14.0,0.08523809523809524,0.005714285714285714,0.008095238095238095,0.006666666666666667,0.0014285714285714286,0.0380952380952381,0.008095238095238095,17.0,0.009047619047619047,0.005714285714285714,0.0,0.0,0.0033333333333333335,2.0,9.0,8.0,0.16,0.06,0.006875618234559178,2.0564891081578933,1.1006711409395973,2.1666666666666665,12.0,9.0,1.16,0.8595238095238096,0.2733333333333333,3.220513436910911,0.9062241784182629,0.1159488878371983,-0.18761904761904763,0.8623513583069708
mariogpt::level_070.txt,mariogpt,150.0,14.0,0.09571428571428571,0.008571428571428572,0.0004761904761904762,0.0,0.0004761904761904762,0.007619047619047619,0.0004761904761904762,1.0,0.004285714285714286,0.004285714285714286,0.0,0.0,0.0,1.0,12.0,11.0,0.31333333333333335,0.08,0.08436612471859872,3.238484997357907,1.516778523489933,3.7133333333333334,12.0,12.0,1.1666666666666667,0.8919047619047619,0.24,3.910767588956891,0.6195052232731455,0.08755324183625178,-0.35380952380952385,0.8642447930632112
mariogpt::level_071.txt,mariogpt,150.0,14.0,0.11619047619047619,0.010952380952380953,0.002380952380952381,0.004761904761904762,0.0009523809523809524,0.0,0.005714285714285714,12.0,0.006190476190476191,0.006190476190476191,0.0,0.0,0.0,1.0,8.0,4.0,0.12666666666666668,0.05333333333333334,0.12173920347595124,1.7412850704475753,1.0671140939597314,2.1533333333333333,9.0,9.0,1.4933333333333334,0.871904761904762,0.2,2.930648918848986,0.6814972727000835,0.08755324183625178,-0.1404761904761905,0.8616284879575897
mariogpt::level_072.txt,mariogpt,150.0,14.0,0.08952380952380952,0.0014285714285714286,0.0004761904761904762,0.004285714285714286,0.0,0.009047619047619047,0.004285714285714286,9.0,0.0009523809523809524,0.0009523809523809524,0.0,0.0,0.0,1.0,13.0,16.0,0.38666666666666666,0.08666666666666667,0.0016924958137338741,2.847146533920026,1.6308724832214765,3.12,12.0,9.0,1.2133333333333334,0.8961904761904762,0.20666666666666667,3.5796449236811885,0.5850493693344557,0.08707998106956934,-0.43666666666666665,0.8642760437792224
mariogpt::level_073.txt,mariogpt,150.0,14.0,0.23761904761904762,0.17523809523809525,0.009523809523809525,0.007142857142857143,0.009523809523809525,0.017619047619047618,0.016666666666666666,35.0,0.005238095238095238,0.005238095238095238,0.0,0.0,0.0,1.0,8.0,4.0,0.12,0.05333333333333334,0.0006471889196388858,1.8327117511395576,0.5570469798657718,10.973333333333333,12.0,8.0,2.1,0.7228571428571429,0.32666666666666666,4.539481961619179,1.31735562091539,0.12020823473734027,-0.1219047619047619,0.859946552035198
mariogpt::level_074.txt,mariogpt,150.0,14.0,0.08619047619047619,0.011428571428571429,0.002857142857142857,0.002857142857142857,0.0014285714285714286,0.018571428571428572,0.004285714285714286,9.0,0.006666666666666667,0.006190476190476191,0.0,0.0,0.0004761904761904762,2.0,10.0,14.0,0.21333333333333335,0.06666666666666667,0.053236591880084005,2.9372258915211047,1.342281879194631,3.1466666666666665,9.0,3.0,0.9,0.8842857142857142,0.23333333333333334,3.448643467814434,0.7413188095256819,0.10411736867013724,-0.2623809523809524,0.858247762295136
mariogpt::level_075.txt,mariogpt,150.0,14.0,0.07476190476190477,0.0019047619047619048,0.004285714285714286,0.005714285714285714,0.0009523809523809524,0.007619047619047619,0.006666666666666667,14.0,0.005238095238095238,0.0033333333333333335,0.0,0.0,0.0019047619047619048,2.0,9.0,11.0,0.20666666666666667,0.06,0.004388484010027338,2.1379543308097646,0.9060402684563759,2.3266666666666667,10.0,7.0,0.9666666666666667,0.9057142857142857,0.26666666666666666,3.7732034434434336,0.5932560418283287,0.0979649787032655,-0.2419047619047619,0.8401490661713218
mariogpt::level_076.txt,mariogpt,150.0,14.0,0.22714285714285715,0.1580952380952381,0.002857142857142857,0.0019047619047619048,0.002380952380952381,0.051904761904761905,0.004285714285714286,9.0,0.007619047619047619,0.007619047619047619,0.0,0.0,0.0,1.0,11.0,4.0,0.15333333333333332,0.07333333333333333,0.06424857397348804,3.080703320147562,0.6577181208053692,9.853333333333333,12.0,8.0,2.2333333333333334,0.709047619047619,0.4066666666666667,5.05364741655388,1.4517165443028517,0.1362991008045433,-0.16999999999999998,0.8805509940765938
mariogpt::level_077.txt,mariogpt,150.0,14.0,0.08285714285714285,0.01380952380952381,0.0009523809523809524,0.0,0.0009523809523809524,0.023809523809523808,0.0009523809523809524,2.0,0.005714285714285714,0.005238095238095238,0.0,0.0,0.0004761904761904762,2.0,4.0,4.0,0.07333333333333333,0.02666666666666667,0.01609208021460029,1.8836309524867771,0.8053691275167785,2.1933333333333334,9.0,4.0,0.96,0.8866666666666667,0.2,2.5913833870754672,0.7334366765309663,0.09086606720302887,-0.09142857142857143,0.85106951572017
mariogpt::level_078.txt,mariogpt,150.0,14.0,0.0680952380952381,0.0038095238095238095,0.007142857142857143,0.006190476190476191,0.0009523809523809524,0.03428571428571429,0.007142857142857143,15.0,0.009047619047619047,0.007619047619047619,0.0,0.0,0.0014285714285714286,2.0,10.0,13.0,0.26,0.06666666666666667,0.005604592039236245,2.432488080951746,1.1409395973154361,2.26,12.0,5.0,0.86,0.8814285714285715,0.22,3.2349545132753574,0.792446050828107,0.09417889256980597,-0.30523809523809525,0.8585309171171771
mariogpt::level_079.txt,mariogpt,150.0,14.0,0.1219047619047619,0.018571428571428572,0.0033333333333333335,0.002380952380952381,0.0009523809523809524,0.015238095238095238,0.0033333333333333335,7.0,0.009523809523809525,0.007142857142857143,0.0,0.0,0.002380952380952381,2.0,9.0,2.0,0.07333333333333333,0.06,0.07725090771339826,2.86307172170615,1.1812080536912752,3.493333333333333,9.0,7.0,1.32,0.85,0.26,3.6221905126235754,0.8682762974060214,0.10648367250354945,-0.08619047619047619,0.8582671055981328
mariogpt::level_080.txt,mariogpt,150.0,14.0,0.20047619047619047,0.1180952380952381,0.005238095238095238,0.010952380952380953,0.0019047619047619048,0.025238095238095237,0.012857142857142857,27.0,0.005238095238095238,0.005238095238095238,0.0,0.0,0.0,1.0,9.0,14.0,0.2,0.06,0.5405798637491671,2.591141840378091,0.87248322147651,7.54,12.0,9.0,1.8666666666666667,0.7561904761904762,0.3333333333333333,4.667355026945353,1.2829491568707452,0.11405584477046853,-0.23904761904761906,0.865785811183009
mariogpt::level_081.txt,mariogpt,150.0,14.0,0.07714285714285714,0.009047619047619047,0.005714285714285714,0.005714285714285714,0.0014285714285714286,0.009523809523809525,0.007142857142857143,15.0,0.006190476190476191,0.004285714285714286,0.0,0.0,0.0019047619047619048,2.0,3.0,26.0,0.26,0.02,0.01821110930454206,1.730010953573245,0.5973154362416108,1.8933333333333333,8.0,6.0,0.9866666666666667,0.9,0.2,3.011870497882664,0.6580796279959678,0.08849976336961665,-0.34571428571428575,0.8523890144750761
mariogpt::level_082.txt,mariogpt,150.0,14.0,0.11428571428571428,0.0038095238095238095,0.0,0.002857142857142857,0.0,0.009523809523809525,0.002857142857142857,6.0,0.007142857142857143,0.006190476190476191,0.0,0.0,0.0009523809523809524,2.0,9.0,8.0,0.21333333333333335,0.06,0.018079894221942783,2.064208823108187,1.0469798657718121,2.1066666666666665,12.0,9.0,1.5533333333333332,0.8661904761904762,0.19333333333333333,2.952277512215927,0.7231720970197016,0.0866067203028869,-0.2442857142857143,0.8700151911214672
mariogpt::level_083.txt,mariogpt,150.0,14.0,0.08142857142857143,0.009523809523809525,0.004285714285714286,0.002857142857142857,0.0014285714285714286,0.0014285714285714286,0.004285714285714286,9.0,0.012857142857142857,0.006190476190476191,0.0,0.0,0.006666666666666667,2.0,5.0,3.0,0.06,0.03333333333333333,0.0052065852642994015,1.7088238943953067,0.4161073825503356,1.98,9.0,4.0,1.0,0.9,0.18666666666666668,2.4363469891200062,0.6261596587532379,0.08092759110269758,-0.07857142857142856,0.8563037102643241
mariogpt::level_084.txt,mariogpt,150.0,14.0,0.11428571428571428,0.013333333333333334,0.004761904761904762,0.006666666666666667,0.0,0.006666666666666667,0.006666666666666667,14.0,0.004761904761904762,0.002380952380952381,0.0,0.0,0.002380952380952381,2.0,9.0,9.0,0.17333333333333334,0.06,9.112299050129113e-05,2.014065778725968,1.174496644295302,2.3466666666666667,9.0,8.0,1.5133333333333334,0.8676190476190476,0.3,3.9954178386516617,0.7532354071599251,0.10222432560340748,-0.20142857142857146,0.8432689766539712
mariogpt::level_085.txt,mariogpt,150.0,14.0,0.11142857142857143,0.007619047619047619,0.0009523809523809524,0.008095238095238095,0.0,0.002857142857142857,0.008095238095238095,17.0,0.0004761904761904762,0.0004761904761904762,0.0,0.0,0.0,1.0,7.0,3.0,0.09333333333333334,0.04666666666666667,0.0004020450573586354,1.9377561590391672,0.8456375838926175,2.3333333333333335,9.0,8.0,1.44,0.8771428571428571,0.25333333333333335,3.5222167443550543,0.6541035300602766,0.08944628490298154,-0.09571428571428571,0.8522027156660932
mariogpt::level_086.txt,mariogpt,150.0,14.0,0.11190476190476191,0.01,0.0004761904761904762,0.0014285714285714286,0.0004761904761904762,0.002857142857142857,0.0019047619047619048,4.0,0.008095238095238095,0.007142857142857143,0.0,0.0,0.0009523809523809524,2.0,5.0,3.0,0.06666666666666667,0.03333333333333333,0.0343366791129891,2.0440963716905935,0.8187919463087249,2.42,9.0,9.0,1.3866666666666667,0.8752380952380953,0.20666666666666667,2.8238593348297627,0.6802699269945629,0.09039280643634642,-0.08285714285714285,0.8603516349339798
mariogpt::level_087.txt,mariogpt,150.0,14.0,0.11095238095238096,0.014761904761904763,0.0038095238095238095,0.004761904761904762,0.0004761904761904762,0.02238095238095238,0.005238095238095238,11.0,0.006666666666666667,0.005714285714285714,0.0,0.0,0.0009523809523809524,2.0,4.0,3.0,0.06666666666666667,0.02666666666666667,0.012482852966063551,2.383315596248722,0.8657718120805369,3.02,9.0,9.0,1.3466666666666667,0.8547619047619047,0.32,4.052977591439234,0.873000810410597,0.10837671557027923,-0.07809523809523809,0.8631387640863727
mariogpt::level_088.txt,mariogpt,150.0,14.0,0.08714285714285715,0.03142857142857143,0.009047619047619047,0.011904761904761904,0.0019047619047619048,0.009523809523809525,0.01380952380952381,29.0,0.007142857142857143,0.007142857142857143,0.0,0.0,0.0,1.0,13.0,11.0,0.30666666666666664,0.08666666666666667,0.1665113883243401,2.9583627914327058,0.8657718120805369,3.3733333333333335,12.0,4.0,0.9733333333333334,0.8823809523809524,0.23333333333333334,3.7302277502352315,0.7844103356322618,0.09607193563653574,-0.3366666666666666,0.8709509662989223
mariogpt::level_089.txt,mariogpt,150.0,14.0,0.12238095238095238,0.0019047619047619048,0.0,0.0,0.0,0.016666666666666666,0.0,0.0,0.008095238095238095,0.005714285714285714,0.0,0.0,0.002380952380952381,2.0,7.0,7.0,0.13333333333333333,0.04666666666666667,0.05316969859044296,3.014636976458213,0.9530201342281879,3.48,9.0,9.0,1.5,0.8528571428571429,0.21333333333333335,3.416127026135145,0.773619798170099,0.09512541410317085,-0.16476190476190478,0.8462441788518094
mariogpt::level_090.txt,mariogpt,150.0,14.0,0.2509523809523809,0.022857142857142857,0.002857142857142857,0.0009523809523809524,0.0019047619047619048,0.01,0.002857142857142857,6.0,0.0038095238095238095,0.0038095238095238095,0.0,0.0,0.0,1.0,6.0,2.0,0.07333333333333333,0.04,0.24002859298209434,3.8508118583048137,1.0402684563758389,6.14,12.0,12.0,3.2066666666666666,0.7323809523809524,0.26,3.7683484963255003,1.0835698204435746,0.08944628490298154,-0.08095238095238094,0.8671058777299245
mariogpt::level_091.txt,mariogpt,150.0,14.0,0.09619047619047619,0.01619047619047619,0.007619047619047619,0.006666666666666667,0.0009523809523809524,0.005714285714285714,0.007619047619047619,16.0,0.007142857142857143,0.0038095238095238095,0.0,0.0,0.0033333333333333335,2.0,7.0,6.0,0.14,0.04666666666666667,0.0053926166533248,2.5440226696495154,0.959731543624161,2.6933333333333334,9.0,8.0,1.1733333333333333,0.8833333333333333,0.23333333333333334,3.2827938491043027,0.7185291555592183,0.0922858495030762,-0.15952380952380954,0.8585123802115296
mariogpt::level_092.txt,mariogpt,150.0,14.0,0.10714285714285714,0.039047619047619046,0.010952380952380953,0.018571428571428572,0.002857142857142857,0.008095238095238095,0.02142857142857143,45.0,0.005714285714285714,0.005714285714285714,0.0,0.0,0.0,1.0,7.0,8.0,0.24666666666666667,0.04666666666666667,5.7226665575726976e-05,3.8171527386402357,1.221476510067114,4.32,10.0,6.0,1.1133333333333333,0.8576190476190476,0.29333333333333333,4.079166465425877,0.8992551196876835,0.10506389020350212,-0.25761904761904764,0.8575292095894629
mariogpt::level_093.txt,mariogpt,150.0,14.0,0.16333333333333333,0.007619047619047619,0.0,0.0,0.0,0.008571428571428572,0.0,0.0,0.005714285714285714,0.004761904761904762,0.0,0.0,0.0009523809523809524,2.0,5.0,10.0,0.14666666666666667,0.03333333333333333,0.13171792057956844,2.6136479270683637,0.959731543624161,2.8733333333333335,12.0,12.0,2.16,0.8223809523809524,0.21333333333333335,3.2249389770712416,0.8241206317983425,0.08991954566966398,-0.18571428571428572,0.8608210355376064
mariogpt::level_094.txt,mariogpt,150.0,14.0,0.11333333333333333,0.016666666666666666,0.0009523809523809524,0.0,0.0009523809523809524,0.013333333333333334,0.0009523809523809524,2.0,0.010476190476190476,0.002857142857142857,0.0,0.0,0.007619047619047619,2.0,5.0,3.0,0.05333333333333334,0.03333333333333333,0.0022066979805368536,2.257583280244554,1.0671140939597314,2.5866666666666664,9.0,9.0,1.3533333333333333,0.861904761904762,0.23333333333333334,3.0798937471714134,0.8124493706849558,0.10553715097018457,-0.07285714285714286,0.8666445230527414
mariogpt::level_095.txt,mariogpt,150.0,14.0,0.22142857142857142,0.1442857142857143,0.007619047619047619,0.005714285714285714,0.0033333333333333335,0.014285714285714285,0.009047619047619047,19.0,0.0014285714285714286,0.0014285714285714286,0.0,0.0,0.0,1.0,10.0,6.0,0.17333333333333334,0.06666666666666667,0.3339111222664094,3.401420681413001,0.8791946308724832,7.633333333333334,12.0,9.0,2.0,0.7538095238095238,0.26,4.050720253114029,1.195789723510572,0.09891150023663038,-0.1857142857142857,0.8562371488434459
mariogpt::level_096.txt,mariogpt,150.0,14.0,0.10809523809523809,0.0009523809523809524,0.002380952380952381,0.0014285714285714286,0.0009523809523809524,0.01,0.002380952380952381,5.0,0.006190476190476191,0.0019047619047619048,0.0,0.0,0.004285714285714286,2.0,6.0,5.0,0.1,0.04,0.010339403973171124,1.8029637030781616,0.8590604026845637,1.9533333333333334,12.0,11.0,1.4466666666666668,0.8733333333333333,0.17333333333333334,2.2710550116680635,0.6869722919453707,0.08566019876952201,-0.12047619047619047,0.8686038456495377
mariogpt::level_097.txt,mariogpt,150.0,14.0,0.09476190476190476,0.012857142857142857,0.009047619047619047,0.008571428571428572,0.0009523809523809524,0.015238095238095238,0.009523809523809525,20.0,0.007619047619047619,0.005238095238095238,0.0,0.0,0.002380952380952381,2.0,10.0,5.0,0.14666666666666667,0.06666666666666667,0.015267221294097966,3.078898447832249,1.2416107382550337,3.2533333333333334,9.0,5.0,1.0733333333333333,0.8728571428571429,0.25333333333333335,3.763537499717561,0.80175907668113,0.09985802176999527,-0.16142857142857142,0.8520793796309019
mariogpt::level_098.txt,mariogpt,150.0,14.0,0.25285714285714284,0.006666666666666667,0.0004761904761904762,0.002857142857142857,0.0004761904761904762,0.0,0.0033333333333333335,7.0,0.004761904761904762,0.004761904761904762,0.0,0.0,0.0,1.0,8.0,10.0,0.18666666666666668,0.05333333333333334,0.04060521888730162,3.973045652399366,0.9395973154362416,4.16,12.0,12.0,3.4133333333333336,0.7390476190476191,0.2,3.373476125453821,0.9345805939395562,0.08376715570279224,-0.22142857142857145,0.8670510833675843
mariogpt::level_099.txt,mariogpt,150.0,14.0,0.24619047619047618,0.17285714285714285,0.006190476190476191,0.002857142857142857,0.0033333333333333335,0.025238095238095237,0.006190476190476191,13.0,0.005238095238095238,0.005238095238095238,0.0,0.0,0.0,1.0,9.0,7.0,0.14666666666666667,0.06,0.35983580267855997,3.341910338731104,1.4026845637583893,7.086666666666667,12.0,12.0,2.82,0.7171428571428572,0.29333333333333333,4.536428997640122,1.3275669035027515,0.10743019403691434,-0.16904761904761906,0.8528486972413462
notch::lvl-1.txt,notch,200.0,16.0,0.0628125,0.0015625,0.0,0.0,0.0,0.001875,0.0,0.0,0.000625,0.0,0.0003125,0.0003125,0.0,2.0,8.0,3.0,0.1,0.04,0.10554789137904852,0.9992903172579314,0.5175879396984925,2.65,7.0,3.0,0.96,0.83625,0.07,2.6792166926967655,0.8817834629448501,0.05816485225505443,-0.108125,0.8484643184844504
notch::lvl-10.txt,notch,200.0,16.0,0.059375,0.0,0.0,0.0,0.0,0.004375,0.0,0.0,0.00125,0.0,0.0009375,0.0003125,0.0,2.0,10.0,3.0,0.12,0.05,0.09811448004644541,1.1517646966174155,0.4623115577889447,2.695,6.0,3.0,0.91,0.825625,0.08,2.7492492075544512,0.9147617654454415,0.06314152410575427,-0.12875,0.861357905887753
notch::lvl-100.txt,notch,200.0,16.0,0.06375,0.0028125,0.00125,0.001875,0.0003125,0.001875,0.0021875,7.0,0.0021875,0.0003125,0.0015625,0.0003125,0.0,3.0,7.0,3.0,0.09,0.035,0.0032039142100048768,1.1681763444086102,0.628140703517588,2.4,9.0,1.0,0.91,0.8525,0.125,2.8043490378689024,0.8542553399403083,0.06936236391912909,-0.0975,0.8427753734597415
notch::lvl-11.txt,notch,200.0,16.0,0.0625,0.0,0.0,0.0,0.0,0.0,0.0,0.0,0.0015625,0.0003125,0.000625,0.000625,0.0,3.0,8.0,3.0,0.105,0.04,0.049408645709969945,1.1395259506487663,0.39195979899497485,3.1,7.0,4.0,0.955,0.8046875,0.08,2.455472972469437,0.9560862270184859,0.060031104199066876,-0.11406249999999998,0.8465490819998657
notch::lvl-12.txt,notch,200.0,16.0,0.069375,0.0,0.0,0.0,0.0,0.003125,0.0,0.0,0.0021875,0.000625,0.00125,0.0003125,0.0,3.0,6.0,3.0,0.075,0.03,0.019258637456304295,0.9340764044101101,0.40703517587939697,2.955,7.0,4.0,0.985,0.8109375,0.105,2.758177354176,0.9747793288525608,0.06842923794712286,-0.0846875,0.8380409279906779
notch::lvl-13.txt,notch,200.0,16.0,0.06,0.000625,0.0,0.0003125,0.0,0.008125,0.0003125,1.0,0.00125,0.0003125,0.0009375,0.0,0.0,2.0,8.0,3.0,0.09,0.04,0.3279618630829959,0.7444929498237456,0.41708542713567837,2.075,6.0,2.0,0.93,0.8625,0.095,2.8829204260817223,0.8386930624255073,0.06251944012441679,-0.09843750000000001,0.8478048964558244
notch::lvl-14.txt,notch,200.0,16.0,0.061875,0.0015625,0.0009375,0.0009375,0.0003125,0.0,0.00125,4.0,0.0015625,0.0003125,0.0003125,0.0009375,0.0,3.0,8.0,3.0,0.105,0.04,0.0018475807438110836,1.2374948773719343,0.4472361809045226,2.245,9.0,1.0,0.895,0.8615625,0.09,2.5521172637508767,0.802508404637548,0.06500777604976672,-0.11281249999999998,0.8383278828648804
notch::lvl-15.txt,notch,200.0,16.0,0.064375,0.0,0.000625,0.0009375,0.0,0.003125,0.0009375,3.0,0.00125,0.0003125,0.0009375,0.0,0.0,2.0,7.0,3.0,0.085,0.035,0.045535564860951894,1.082265761644041,0.4371859296482412,2.965,10.0,2.0,0.925,0.8103125,0.105,2.7578684498665784,0.9405027049130156,0.06842923794712286,-0.09281250000000002,0.8442282877495635
notch::lvl-16.txt,notch,200.0,16.0,0.061875,0.0015625,0.000625,0.0009375,0.0003125,0.0,0.00125,4.0,0.0025,0.0009375,0.00125,0.0003125,0.0,3.0,9.0,3.0,0.115,0.045,0.021863521010625053,1.1841966699167479,0.5276381909547738,2.575,11.0,1.0,0.885,0.8409375,0.11,2.765498674139109,0.8795049387139688,0.06687402799377916,-0.12375,0.8460676306912168
notch::lvl-17.txt,notch,200.0,16.0,0.066875,0.0003125,0.0003125,0.0003125,0.0003125,0.0,0.000625,2.0,0.0025,0.0,0.0015625,0.0009375,0.0,2.0,7.0,3.0,0.095,0.035,1.6158897507279057e-05,1.4072802970074252,0.542713567839196,2.545,10.0,4.0,0.975,0.8396875,0.115,3.0335179617907047,0.8943052910939642,0.07153965785381027,-0.104375,0.8477975427561646
notch::lvl-18.txt,notch,200.0,16.0,0.0671875,0.0009375,0.0,0.0,0.0,0.004375,0.0,0.0,0.0021875,0.000625,0.00125,0.0003125,0.0,3.0,7.0,3.0,0.09,0.035,0.006012384100958501,1.2612608640216005,0.49246231155778897,2.665,7.0,4.0,1.03,0.829375,0.115,3.0067686906445945,0.9621330955711755,0.07060653188180405,-0.09968749999999998,0.8505074888318443
notch::lvl-19.txt,notch,200.0,16.0,0.059375,0.0003125,0.0009375,0.00125,0.0,0.0,0.00125,4.0,0.00125,0.0003125,0.000625,0.0003125,0.0,3.0,9.0,3.0,0.13,0.045,0.04867643183419501,1.065044911122778,0.4371859296482412,2.09,9.0,2.0,0.88,0.8671875,0.09,2.644105435433515,0.7712319260828125,0.06842923794712286,-0.1375,0.8302605115941312
notch::lvl-2.txt,notch,200.0,16.0,0.0696875,0.0028125,0.0003125,0.0009375,0.0003125,0.0,0.00125,4.0,0.0009375,0.0003125,0.0,0.000625,0.0,2.0,9.0,3.0,0.115,0.045,0.09603514713201433,1.2340090977274432,0.7286432160804021,2.975,7.0,4.0,1.045,0.82,0.11,3.158901329389921,0.9663429927950483,0.07060653188180405,-0.1221875,0.8421845857486865
notch::lvl-20.txt,notch,200.0,16.0,0.0734375,0.0015625,0.00125,0.00125,0.000625,0.0,0.001875,6.0,0.0021875,0.0009375,0.0003125,0.0009375,0.0,3.0,8.0,3.0,0.1,0.04,0.13760231347203533,1.2003883597089926,0.8090452261306532,2.965,8.0,4.0,1.09,0.815,0.13,3.20774846335654,1.0161898765954251,0.07651632970451011,-0.1078125,0.8512950215154325
notch::lvl-21.txt,notch,200.0,16.0,0.06,0.0009375,0.001875,0.001875,0.0,0.005,0.001875,6.0,0.001875,0.0003125,0.0009375,0.000625,0.0,3.0,8.0,3.0,0.1,0.04,0.020919857670335884,1.219411085277132,0.457286432160804,2.18,8.0,2.0,0.91,0.8578125,0.105,3.0021722996580325,0.8535695838745175,0.06749611197511664,-0.10750000000000001,0.8404834880405214
notch::lvl-22.txt,notch,200.0,16.0,0.065,0.000625,0.0,0.0003125,0.0,0.0,0.0003125,1.0,0.003125,0.00125,0.00125,0.000625,0.0,3.0,6.0,3.0,0.075,0.03,0.02030816229932031,1.005718517962949,0.41708542713567837,2.245,10.0,3.0,0.955,0.8578125,0.105,2.655874338205587,0.8245163093185828,0.06749611197511664,-0.08531250000000001,0.8394074079955736
notch::lvl-23.txt,notch,200.0,16.0,0.0603125,0.0,0.0,0.0,0.0,0.0,0.0,0.0,0.001875,0.0009375,0.0,0.0009375,0.0,2.0,11.0,3.0,0.13,0.055,0.2669206334687413,0.9706793069826746,0.49748743718592964,2.82,6.0,4.0,0.93,0.8221875,0.07,2.5579360432491316,0.9088586080350717,0.060031104199066876,-0.139375,0.8564909422189043
notch::lvl-24.txt,notch,200.0,16.0,0.0678125,0.001875,0.00125,0.00125,0.0009375,0.003125,0.0021875,7.0,0.0025,0.000625,0.00125,0.000625,0.0,3.0,7.0,3.0,0.08,0.035,0.12454723469997564,1.5736011100277505,0.5628140703517588,2.8,11.0,1.0,0.92,0.8228125,0.14,3.3614690139330508,0.9793113661188536,0.07278382581648522,-0.08781250000000002,0.8474380549593534
notch::lvl-25.txt,notch,200.0,16.0,0.06,0.0,0.0,0.0,0.0,0.0025,0.0,0.0,0.00125,0.0,0.000625,0.000625,0.0,2.0,10.0,3.0,0.12,0.05,0.24579859820835237,1.025465611640291,0.45226130653266333,2.63,6.0,2.0,0.89,0.831875,0.07,2.7481399821283534,0.8858304465921023,0.060342146189735615,-0.12875,0.8669041594993833
notch::lvl-26.txt,notch,200.0,16.0,0.06625,0.0,0.0,0.0,0.0,0.0,0.0,0.0,0.0,0.0,0.0,0.0,0.0,0.0,9.0,3.0,0.105,0.045,0.15934556700380675,1.157258583964599,0.5025125628140703,1.905,6.0,4.0,1.025,0.880625,0.055,2.1464185186491562,0.739032420150278,0.05069984447900466,-0.11249999999999999,0.8591905787552059
notch::lvl-27.txt,notch,200.0,16.0,0.068125,0.0009375,0.000625,0.000625,0.0,0.0,0.000625,2.0,0.0,0.0,0.0,0.0,0.0,0.0,10.0,3.0,0.135,0.05,0.005246299040687741,1.0917537688442212,0.6080402010050251,2.15,8.0,4.0,1.075,0.8675,0.09,2.907366302761604,0.8052360211514269,0.06189735614307931,-0.14187500000000003,0.845728913326584
notch::lvl-28.txt,notch,200.0,16.0,0.0625,0.0015625,0.0003125,0.0009375,0.0003125,0.00125,0.00125,4.0,0.001875,0.0003125,0.0,0.0015625,0.0,2.0,7.0,3.0,0.1,0.035,0.014875825775585771,1.0267077176929424,0.4321608040201005,2.025,6.0,3.0,0.94,0.8734375,0.095,2.673401841276842,0.786901601856656,0.06220839813374806,-0.108125,0.8430093728735002
notch::lvl-29.txt,notch,200.0,16.0,0.07,0.000625,0.0,0.0003125,0.0,0.0,0.0003125,1.0,0.001875,0.0009375,0.0009375,0.0,0.0,2.0,9.0,3.0,0.11,0.045,0.024757325385396656,1.0832985374634365,0.5628140703517588,2.785,9.0,4.0,1.02,0.82625,0.12,2.6566325244627684,0.9280101484895065,0.06998444790046657,-0.11906250000000002,0.8342431289780122
notch::lvl-3.txt,notch,200.0,16.0,0.0628125,0.0009375,0.0003125,0.0003125,0.0,0.0,0.0003125,1.0,0.0009375,0.0003125,0.0003125,0.0003125,0.0,3.0,10.0,3.0,0.115,0.05,0.02079700800977291,1.0540195004875121,0.6080402010050251,2.74,8.0,4.0,0.955,0.83,0.085,2.5736239718674905,0.8998597774335048,0.06438569206842924,-0.12312500000000001,0.8412423240245102
notch::lvl-30.txt,notch,200.0,16.0,0.0609375,0.0,0.0009375,0.0009375,0.0,0.0,0.0009375,3.0,0.001875,0.000625,0.0003125,0.0009375,0.0,3.0,8.0,3.0,0.11,0.04,0.21329690549031077,0.8729214655366384,0.3969849246231156,3.065,6.0,2.0,0.91,0.8053125,0.075,2.5546971633855096,0.9227028871805985,0.05847589424572317,-0.1184375,0.8541149093414775
notch::lvl-31.txt,notch,200.0,16.0,0.065,0.0009375,0.000625,0.000625,0.0,0.0,0.000625,2.0,0.0025,0.000625,0.0009375,0.0009375,0.0,3.0,7.0,3.0,0.085,0.035,0.2152887236126113,1.0610383259581488,0.4623115577889447,2.66,7.0,3.0,0.955,0.83375,0.115,2.97563054964193,0.9146150933570503,0.06283048211508553,-0.09437500000000001,0.8451616627462313
notch::lvl-32.txt,notch,200.0,16.0,0.063125,0.0021875,0.000625,0.00125,0.0003125,0.005,0.0015625,5.0,0.0003125,0.0,0.0003125,0.0,0.0,1.0,6.0,3.0,0.08,0.03,0.04515663031634076,1.3803191629790745,0.4723618090452261,3.015,9.0,1.0,0.92,0.8109375,0.11,2.6201751256162553,0.9864816264812687,0.06780715396578538,-0.08625,0.8503866206046312
notch::lvl-33.txt,notch,200.0,16.0,0.060625,0.0009375,0.0003125,0.0009375,0.0,0.0,0.0009375,3.0,0.000625,0.0,0.000625,0.0,0.0,1.0,8.0,3.0,0.095,0.04,0.045711343022104334,0.883405677641941,0.49246231155778897,2.63,6.0,3.0,0.935,0.836875,0.07,2.3539391420558413,0.8632552307517184,0.061275272161741834,-0.10218750000000001,0.8404792378602134
notch::lvl-34.txt,notch,200.0,16.0,0.0665625,0.000625,0.0009375,0.00125,0.0,0.003125,0.00125,4.0,0.003125,0.0009375,0.0015625,0.000625,0.0,3.0,6.0,3.0,0.08,0.03,0.12970032787153996,1.2562778969474238,0.4472361809045226,2.91,9.0,1.0,0.92,0.8125,0.125,3.240323882133282,0.9891297739966651,0.0687402799377916,-0.08937500000000001,0.8441851442599851
notch::lvl-35.txt,notch,200.0,16.0,0.0709375,0.00125,0.000625,0.0009375,0.0,0.0,0.0009375,3.0,0.0015625,0.000625,0.000625,0.0003125,0.0,3.0,7.0,3.0,0.08,0.035,0.03819814767879326,1.390403360084002,0.49748743718592964,2.28,10.0,4.0,1.02,0.85875,0.12,3.0823807271677586,0.8550895230767256,0.06936236391912909,-0.08812500000000001,0.8370095352890013
notch::lvl-36.txt,notch,200.0,16.0,0.0609375,0.001875,0.0003125,0.0009375,0.0,0.001875,0.0009375,3.0,0.0009375,0.0003125,0.0003125,0.0003125,0.0,3.0,10.0,3.0,0.115,0.05,0.017954173101554227,0.9752939323483086,0.5477386934673367,2.16,5.0,3.0,0.945,0.8665625,0.09,2.7231499997218838,0.8121742599359141,0.060653188180404355,-0.1225,0.8558555780006647
notch::lvl-37.txt,notch,200.0,16.0,0.065,0.0,0.0,0.0,0.0,0.0,0.0,0.0,0.0,0.0,0.0,0.0,0.0,0.0,11.0,3.0,0.145,0.055,0.4030007886652901,0.8978915397884947,0.5778894472361809,2.44,6.0,4.0,1.015,0.8471875,0.08,2.7984788639595335,0.8616369223582978,0.05816485225505443,-0.1525,0.8647627029532455
notch::lvl-38.txt,notch,200.0,16.0,0.059375,0.0009375,0.0,0.0003125,0.0,0.0075,0.0003125,1.0,0.000625,0.0,0.0003125,0.0003125,0.0,2.0,8.0,3.0,0.11,0.04,0.059466743684621126,1.3332553588839722,0.4472361809045226,2.515,6.0,3.0,0.93,0.836875,0.09,2.810541438089845,0.9223463951973426,0.06158631415241057,-0.11781250000000001,0.8576154780156265
notch::lvl-39.txt,notch,200.0,16.0,0.059375,0.0003125,0.000625,0.000625,0.0003125,0.0,0.0009375,3.0,0.00125,0.0,0.000625,0.000625,0.0,2.0,8.0,3.0,0.09,0.04,0.1479181979549491,0.8941957098927473,0.40703517587939697,1.8,6.0,2.0,0.92,0.8859375,0.075,2.456018052062782,0.713748736790099,0.05754276827371695,-0.0978125,0.8620299018106964
notch::lvl-4.txt,notch,200.0,16.0,0.0609375,0.001875,0.0,0.00125,0.0,0.003125,0.00125,4.0,0.00125,0.000625,0.000625,0.0,0.0,2.0,9.0,3.0,0.115,0.045,0.022435938465952265,0.9631565889147228,0.49246231155778897,2.515,9.0,3.0,0.915,0.8425,0.085,2.5598995873508414,0.8713025513093784,0.0640746500777605,-0.1225,0.8459658431357007
notch::lvl-40.txt,notch,200.0,16.0,0.0646875,0.0021875,0.0009375,0.0009375,0.0003125,0.0,0.00125,4.0,0.0015625,0.00125,0.0003125,0.0,0.0,2.0,9.0,3.0,0.11,0.045,0.00894081207945352,1.3870384384609613,0.6482412060301508,2.975,14.0,3.0,0.92,0.8184375,0.1,2.6330204380822084,0.952087328930122,0.071850699844479,-0.11781249999999999,0.8464732247762486
notch::lvl-41.txt,notch,200.0,16.0,0.0640625,0.00125,0.000625,0.0009375,0.0,0.0,0.0009375,3.0,0.0015625,0.000625,0.0003125,0.000625,0.0,3.0,10.0,3.0,0.125,0.05,0.03949842050336094,1.4124475586889673,0.6683417085427136,2.745,9.0,4.0,0.945,0.829375,0.11,2.9730437000892747,0.9309177846162985,0.06936236391912909,-0.13312500000000002,0.847887526614926
notch::lvl-42.txt,notch,200.0,16.0,0.0634375,0.00125,0.000625,0.0009375,0.0003125,0.0,0.00125,4.0,0.0021875,0.000625,0.0009375,0.000625,0.0,3.0,9.0,3.0,0.11,0.045,0.031460472549317164,0.9285268506712668,0.5175879396984925,2.685,8.0,3.0,0.92,0.833125,0.12,2.6602232057758486,0.8858670479330882,0.07060653188180405,-0.1184375,0.830846592957463
notch::lvl-43.txt,notch,200.0,16.0,0.0671875,0.0,0.0,0.000625,0.0003125,0.0,0.0009375,3.0,0.0021875,0.0003125,0.0009375,0.0009375,0.0,3.0,7.0,3.0,0.085,0.035,0.10292722471820825,1.0384833945848646,0.5025125628140703,2.585,9.0,3.0,0.975,0.8359375,0.11,2.8847670213467174,0.8923007290550617,0.06749611197511664,-0.09375,0.8430642154037932
notch::lvl-44.txt,notch,200.0,16.0,0.0653125,0.0003125,0.000625,0.0009375,0.000625,0.00125,0.0015625,5.0,0.0015625,0.000625,0.000625,0.0003125,0.0,3.0,7.0,3.0,0.085,0.035,0.0925903827870116,1.1692268656716418,0.49246231155778897,2.16,8.0,4.0,0.975,0.8615625,0.12,2.9611408691784273,0.8406380618523739,0.06656298600311042,-0.0925,0.8351990371108209
notch::lvl-45.txt,notch,200.0,16.0,0.0615625,0.0025,0.0003125,0.0009375,0.000625,0.0,0.0015625,5.0,0.001875,0.0,0.0015625,0.0003125,0.0,2.0,8.0,3.0,0.1,0.04,0.060937574878231926,1.1585062026550663,0.5577889447236181,2.095,8.0,2.0,0.91,0.8728125,0.115,2.8954510038814085,0.7852295905279316,0.06469673405909798,-0.1078125,0.8421179038521751
notch::lvl-46.txt,notch,200.0,16.0,0.0646875,0.000625,0.0009375,0.001875,0.0003125,0.0,0.0021875,7.0,0.00125,0.0,0.0,0.00125,0.0,1.0,8.0,3.0,0.095,0.04,0.08089324786217966,1.1815802745068626,0.5728643216080402,2.775,12.0,4.0,0.975,0.825,0.085,2.761763184137967,0.9360442631950641,0.06936236391912909,-0.1015625,0.8402362485388575
notch::lvl-47.txt,notch,200.0,16.0,0.0603125,0.0,0.0,0.0,0.0,0.001875,0.0,0.0,0.0,0.0,0.0,0.0,0.0,0.0,10.0,3.0,0.12,0.05,0.06478649809885473,0.9020165154128853,0.4120603015075377,1.755,4.0,3.0,0.93,0.888125,0.06,2.4698864799172897,0.7067694876953075,0.05567651632970451,-0.1275,0.8532795402668452
notch::lvl-48.txt,notch,200.0,16.0,0.0571875,0.0009375,0.0009375,0.0009375,0.0,0.0,0.0009375,3.0,0.0003125,0.0,0.0,0.0003125,0.0,1.0,13.0,3.0,0.15,0.065,0.15789736999482595,0.9744447011175279,0.6381909547738693,1.74,5.0,3.0,0.9,0.8925,0.06,2.527630022545576,0.6887067900115279,0.05412130637636081,-0.156875,0.8532079308809983
notch::lvl-49.txt,notch,200.0,16.0,0.076875,0.0028125,0.0,0.000625,0.0003125,0.001875,0.0009375,3.0,0.000625,0.0,0.000625,0.0,0.0,1.0,6.0,3.0,0.08,0.03,0.015885624460545977,1.2063025800645015,0.6683417085427136,3.355,8.0,4.0,1.1,0.7953125,0.14,3.2719071062794245,1.0519199003947608,0.07247278382581648,-0.0871875,0.8448143333453534
notch::lvl-5.txt,notch,200.0,16.0,0.0596875,0.001875,0.0003125,0.0009375,0.0003125,0.0,0.00125,4.0,0.0,0.0,0.0,0.0,0.0,0.0,10.0,3.0,0.105,0.05,0.17597411792244544,0.9255827720693017,0.41708542713567837,1.83,8.0,3.0,0.925,0.8896875,0.07,2.419293143722664,0.7031355032760561,0.053499222395023326,-0.11124999999999999,0.864700480131666
notch::lvl-50.txt,notch,200.0,16.0,0.0684375,0.0015625,0.0,0.0,0.0003125,0.003125,0.0003125,1.0,0.0015625,0.0003125,0.0009375,0.0003125,0.0,3.0,6.0,3.0,0.08,0.03,0.0007787659024224292,0.9353410710267758,0.5326633165829145,2.24,6.0,4.0,1.04,0.859375,0.115,2.627474734193048,0.8487369326793716,0.06749611197511664,-0.08875,0.8416624400195024
notch::lvl-51.txt,notch,200.0,16.0,0.0684375,0.0015625,0.000625,0.00125,0.0,0.0,0.00125,4.0,0.0009375,0.0,0.000625,0.0003125,0.0,2.0,7.0,3.0,0.09,0.035,3.6598899640916116e-06,1.3022092777319432,0.628140703517588,3.165,10.0,3.0,0.97,0.8046875,0.11,3.0017013671354817,0.9710541737691936,0.071850699844479,-0.09718749999999998,0.8423036402720637
notch::lvl-52.txt,notch,200.0,16.0,0.0634375,0.00125,0.0003125,0.0015625,0.0003125,0.00375,0.001875,6.0,0.0009375,0.0,0.0003125,0.000625,0.0,2.0,7.0,3.0,0.085,0.035,0.38858806219190234,0.8209336383409586,0.4472361809045226,2.3,8.0,4.0,0.975,0.853125,0.1,2.991495219802395,0.8777567095313,0.06283048211508553,-0.09156249999999999,0.840003677669977
notch::lvl-53.txt,notch,200.0,16.0,0.06625,0.0021875,0.0009375,0.001875,0.0,0.005625,0.001875,6.0,0.0034375,0.0015625,0.0015625,0.0003125,0.0,3.0,4.0,3.0,0.045,0.02,0.04963672151708498,1.0033717392934824,0.5577889447236181,2.825,13.0,1.0,0.955,0.8184375,0.14,2.9594156343505067,0.9877005278358458,0.07122861586314153,-0.0540625,0.8401579696176814
notch::lvl-54.txt,notch,200.0,16.0,0.068125,0.0015625,0.000625,0.00125,0.0,0.00375,0.00125,4.0,0.00125,0.0003125,0.0009375,0.0,0.0,2.0,9.0,3.0,0.11,0.045,0.10049418083562178,0.9967668716717918,0.5276381909547738,2.44,7.0,4.0,1.01,0.8459375,0.1,2.8641868238108272,0.9052640134621327,0.06842923794712286,-0.1175,0.8422548516538436
notch::lvl-55.txt,notch,200.0,16.0,0.058125,0.0015625,0.0009375,0.00125,0.0003125,0.00375,0.0015625,5.0,0.0,0.0,0.0,0.0,0.0,0.0,9.0,3.0,0.115,0.045,0.09540650419952235,0.9344540388509712,0.48743718592964824,2.545,8.0,2.0,0.895,0.84,0.08,2.6740522177556842,0.870198535131757,0.06251944012441679,-0.1209375,0.8464275425670341
notch::lvl-56.txt,notch,200.0,16.0,0.05875,0.0015625,0.0003125,0.000625,0.0003125,0.005,0.0009375,3.0,0.00125,0.000625,0.000625,0.0,0.0,2.0,7.0,3.0,0.085,0.035,0.013074407482535078,1.0679811745293635,0.41708542713567837,2.075,8.0,1.0,0.915,0.8675,0.085,2.4643236825134367,0.807886111076795,0.06345256609642301,-0.09281250000000002,0.8414430286704397
notch::lvl-57.txt,notch,200.0,16.0,0.06625,0.0,0.0,0.0,0.0,0.0,0.0,0.0,0.00125,0.0,0.00125,0.0,0.0,1.0,8.0,3.0,0.09,0.04,0.0007618285637426281,1.2081601740043502,0.457286432160804,2.67,7.0,4.0,1.03,0.831875,0.07,2.5744080754135252,0.9076936604842241,0.06500777604976672,-0.09875,0.8526579409128824
notch::lvl-58.txt,notch,200.0,16.0,0.066875,0.00125,0.00125,0.0021875,0.0003125,0.00375,0.0025,8.0,0.00125,0.0003125,0.000625,0.0003125,0.0,3.0,8.0,3.0,0.11,0.04,0.02500637250796489,1.234514430360759,0.6482412060301508,3.12,8.0,4.0,1.04,0.8009375,0.12,2.964074052785393,1.049558653805235,0.07496111975116641,-0.11624999999999999,0.831517855663199
notch::lvl-59.txt,notch,200.0,16.0,0.064375,0.0,0.0,0.0,0.0,0.003125,0.0,0.0,0.000625,0.0003125,0.0003125,0.0,0.0,2.0,8.0,3.0,0.095,0.04,0.0011597451567998407,1.0309572039300983,0.3768844221105528,1.995,9.0,3.0,0.965,0.871875,0.08,2.6382473934152433,0.7863946411631012,0.05754276827371695,-0.103125,0.8560016524965947
notch::lvl-6.txt,notch,200.0,16.0,0.066875,0.000625,0.000625,0.000625,0.0,0.0,0.000625,2.0,0.0025,0.0,0.00125,0.00125,0.0,2.0,8.0,3.0,0.09,0.04,0.01708242065482235,1.286975939398485,0.5376884422110553,2.175,8.0,4.0,1.03,0.863125,0.115,2.987503107146799,0.8374153366776024,0.06656298600311042,-0.09937499999999999,0.8509879537700327
notch::lvl-60.txt,notch,200.0,16.0,0.0621875,0.0,0.000625,0.0009375,0.0,0.0,0.0009375,3.0,0.0003125,0.0,0.0,0.0003125,0.0,1.0,9.0,3.0,0.12,0.045,0.006783647245263924,1.1697946373659343,0.48743718592964824,2.485,7.0,4.0,0.97,0.843125,0.075,2.7007097135209497,0.8469191997798063,0.05847589424572317,-0.126875,0.8526296407334367
notch::lvl-61.txt,notch,200.0,16.0,0.065625,0.0,0.0,0.0,0.0,0.0,0.0,0.0,0.00125,0.0003125,0.000625,0.0003125,0.0,3.0,9.0,3.0,0.105,0.045,0.12350752317195035,1.273814445361134,0.47738693467336685,2.44,12.0,4.0,0.985,0.8459375,0.08,2.7602981647601865,0.8618456825859409,0.0594090202177294,-0.11374999999999999,0.8564946693410656
notch::lvl-62.txt,notch,200.0,16.0,0.070625,0.00125,0.000625,0.000625,0.0003125,0.003125,0.0009375,3.0,0.0015625,0.0003125,0.0009375,0.0003125,0.0,3.0,7.0,3.0,0.08,0.035,0.022757889526751618,1.3226585539638491,0.5628140703517588,2.995,8.0,4.0,1.01,0.8109375,0.13,3.1360612036915128,1.0011098087051253,0.07309486780715396,-0.08812500000000001,0.8401477938043291
notch::lvl-63.txt,notch,200.0,16.0,0.0765625,0.0,0.0,0.0,0.0,0.001875,0.0,0.0,0.0034375,0.000625,0.0009375,0.001875,0.0,3.0,8.0,3.0,0.09,0.04,0.006988809992496625,1.6624639615990402,0.6834170854271356,3.945,13.0,4.0,1.0,0.7496875,0.155,3.2563018062441214,1.1405446623893245,0.0818040435458787,-0.10093749999999999,0.8583889524931535
notch::lvl-64.txt,notch,200.0,16.0,0.06125,0.00125,0.0003125,0.0003125,0.0,0.0,0.0003125,1.0,0.0015625,0.000625,0.0009375,0.0,0.0,2.0,10.0,3.0,0.12,0.05,0.18855447188287,1.1816604215105377,0.5879396984924623,2.345,11.0,3.0,0.91,0.8553125,0.085,2.69170692189479,0.8351161541982346,0.06905132192846034,-0.12875,0.8461458310540232
notch::lvl-65.txt,notch,200.0,16.0,0.0665625,0.00125,0.0009375,0.0009375,0.0,0.001875,0.0009375,3.0,0.0003125,0.0,0.0,0.0003125,0.0,1.0,11.0,3.0,0.135,0.055,0.08105876808095791,1.4356251406285157,0.7035175879396985,2.23,8.0,4.0,1.045,0.8609375,0.085,2.7875081438859,0.8536395686329378,0.06594090202177294,-0.141875,0.8432032028053016
notch::lvl-66.txt,notch,200.0,16.0,0.073125,0.0,0.0,0.0,0.0,0.00375,0.0,0.0,0.000625,0.0,0.000625,0.0,0.0,1.0,9.0,3.0,0.11,0.045,0.10658656434926772,1.2895226130653268,0.6934673366834171,2.34,11.0,4.0,1.11,0.849375,0.11,3.1005387943614333,0.9026563732061476,0.06656298600311042,-0.11812500000000001,0.8507150842394189
notch::lvl-67.txt,notch,200.0,16.0,0.0621875,0.0,0.0,0.0,0.0,0.0,0.0,0.0,0.00125,0.0003125,0.000625,0.0003125,0.0,3.0,8.0,3.0,0.105,0.04,0.019030051005755166,1.1156404410110254,0.4221105527638191,3.135,11.0,3.0,0.925,0.803125,0.085,2.248696016262567,0.9385753398171701,0.059720062208398136,-0.11374999999999999,0.848003270674701
notch::lvl-68.txt,notch,200.0,16.0,0.06875,0.0,0.0,0.0,0.0,0.0,0.0,0.0,0.0021875,0.0003125,0.000625,0.00125,0.0,3.0,5.0,3.0,0.06,0.025,0.03381449736896702,1.0597090977274433,0.4321608040201005,2.72,8.0,3.0,1.0,0.8278125,0.11,2.8308434999511696,0.9064040256144397,0.06594090202177294,-0.0696875,0.8426036116506435
notch::lvl-69.txt,notch,200.0,16.0,0.0584375,0.0,0.0,0.0,0.0,0.005,0.0,0.0,0.0,0.0,0.0,0.0,0.0,0.0,11.0,3.0,0.135,0.055,0.20028849690807837,1.022107710192755,0.46733668341708545,2.835,4.0,4.0,0.935,0.8175,0.07,2.4139990571621617,0.9410915579390082,0.05505443234836703,-0.14250000000000002,0.8616459265220044
notch::lvl-7.txt,notch,200.0,16.0,0.0690625,0.0028125,0.00125,0.0015625,0.0,0.0,0.0015625,5.0,0.001875,0.0003125,0.0003125,0.00125,0.0,3.0,6.0,3.0,0.065,0.03,0.03243933117907716,1.1714999099977499,0.5175879396984925,3.37,8.0,4.0,0.995,0.794375,0.11,2.8740926976660477,1.024602525314746,0.06687402799377916,-0.0728125,0.8540735376690908
notch::lvl-70.txt,notch,200.0,16.0,0.063125,0.0003125,0.000625,0.0009375,0.0,0.0,0.0009375,3.0,0.00125,0.000625,0.000625,0.0,0.0,2.0,11.0,3.0,0.125,0.055,0.006200237564751521,1.10697962199055,0.6381909547738693,2.795,8.0,4.0,1.005,0.82375,0.085,2.745036066526382,0.9231214591833228,0.06749611197511664,-0.1328125,0.8338796885986353
notch::lvl-71.txt,notch,200.0,16.0,0.0596875,0.0,0.0,0.0,0.0,0.0,0.0,0.0,0.0,0.0,0.0,0.0,0.0,0.0,11.0,3.0,0.135,0.055,0.00013798539273857102,1.0210667741693542,0.47738693467336685,2.17,6.0,4.0,0.955,0.8640625,0.045,2.4166746923462825,0.7700109079553057,0.05536547433903577,-0.14250000000000002,0.8587522983233129
notch::lvl-72.txt,notch,200.0,16.0,0.065,0.0034375,0.0003125,0.00125,0.0003125,0.0,0.0015625,5.0,0.0015625,0.0003125,0.0,0.00125,0.0,2.0,9.0,3.0,0.1,0.045,0.185170809003953,1.2714750243756094,0.7386934673366834,2.5,10.0,3.0,0.94,0.8509375,0.115,3.0150236791546403,0.872736968618021,0.06842923794712286,-0.10750000000000001,0.8376435345178457
notch::lvl-73.txt,notch,200.0,16.0,0.06625,0.000625,0.000625,0.00125,0.0,0.0,0.00125,4.0,0.00125,0.0,0.0009375,0.0003125,0.0,2.0,9.0,3.0,0.1,0.045,0.0563419506250199,0.8779486312157805,0.49246231155778897,1.49,6.0,4.0,1.01,0.90625,0.11,2.253732137746255,0.6309746875818615,0.061275272161741834,-0.10750000000000001,0.8417151601489465
notch::lvl-74.txt,notch,200.0,16.0,0.0703125,0.0015625,0.0015625,0.001875,0.000625,0.0,0.0025,8.0,0.00375,0.0009375,0.0021875,0.000625,0.0,3.0,6.0,3.0,0.07,0.03,0.021079468110974497,1.7642119027975698,0.5577889447236181,2.635,10.0,2.0,0.95,0.834375,0.165,3.331615850893973,0.9472778726686619,0.07589424572317263,-0.07875000000000001,0.8352914217715797
notch::lvl-75.txt,notch,200.0,16.0,0.05625,0.000625,0.0,0.000625,0.0003125,0.003125,0.0009375,3.0,0.000625,0.0,0.000625,0.0,0.0,1.0,12.0,3.0,0.145,0.06,6.480275690901038e-05,0.7945857946448662,0.44221105527638194,1.845,8.0,3.0,0.885,0.8815625,0.08,2.291521110477085,0.7313732309199099,0.06158631415241057,-0.15218749999999998,0.8409255961248204
notch::lvl-76.txt,notch,200.0,16.0,0.0603125,0.0,0.0,0.0,0.0,0.004375,0.0,0.0,0.000625,0.0003125,0.0003125,0.0,0.0,2.0,8.0,3.0,0.105,0.04,0.11717712991003537,0.9398913897847446,0.4221105527638191,2.435,6.0,3.0,0.965,0.8425,0.075,2.645633693871989,0.8790631441797074,0.060342146189735615,-0.113125,0.8461321230097485
notch::lvl-77.txt,notch,200.0,16.0,0.0703125,0.0,0.0003125,0.000625,0.0003125,0.0,0.0009375,3.0,0.0028125,0.0003125,0.0021875,0.0003125,0.0,3.0,8.0,3.0,0.09,0.04,0.059068829032817516,1.1581214805370132,0.6030150753768844,3.655,9.0,4.0,1.0,0.76875,0.115,2.410004956359201,1.0604264577966873,0.07682737169517885,-0.09937499999999999,0.8433922771573009
notch::lvl-78.txt,notch,200.0,16.0,0.0621875,0.0,0.0,0.0,0.0,0.0,0.0,0.0,0.0009375,0.0003125,0.000625,0.0,0.0,2.0,10.0,3.0,0.115,0.05,0.08473520451739425,1.0679044776119404,0.49246231155778897,2.15,5.0,4.0,0.975,0.864375,0.075,2.434380716325972,0.8013322209247656,0.05660964230171073,-0.1234375,0.8472392443360113
notch::lvl-79.txt,notch,200.0,16.0,0.0653125,0.001875,0.0,0.000625,0.0009375,0.0025,0.0015625,5.0,0.0003125,0.0,0.0003125,0.0,0.0,1.0,10.0,3.0,0.115,0.05,0.06618711226604013,1.2844823520588013,0.6331658291457286,2.09,8.0,4.0,1.015,0.8703125,0.09,2.8626597167041776,0.8230072208059197,0.06500777604976672,-0.12125,0.8433380392263372
notch::lvl-8.txt,notch,200.0,16.0,0.06625,0.005,0.0003125,0.0015625,0.00125,0.006875,0.0028125,9.0,0.0009375,0.0,0.000625,0.0003125,0.0,2.0,6.0,3.0,0.075,0.03,0.025204276111402635,1.1481825920648017,0.7035175879396985,3.385,8.0,2.0,0.935,0.7925,0.145,3.013278533639257,1.069238497312565,0.07309486780715396,-0.080625,0.8461782875175572
notch::lvl-80.txt,notch,200.0,16.0,0.065,0.0028125,0.0015625,0.0021875,0.0003125,0.0,0.0025,8.0,0.001875,0.0,0.0015625,0.0003125,0.0,2.0,6.0,3.0,0.065,0.03,0.2500170406033301,1.0865812195304883,0.4371859296482412,2.24,6.0,1.0,0.935,0.864375,0.1,2.832580535631344,0.8240618203686562,0.060964230171073094,-0.071875,0.841591540522125
notch::lvl-81.txt,notch,200.0,16.0,0.0559375,0.0009375,0.0003125,0.0003125,0.0,0.0,0.0003125,1.0,0.0003125,0.0,0.0003125,0.0,0.0,1.0,10.0,3.0,0.135,0.05,0.00038101576818005967,0.8419115052876321,0.4623115577889447,1.915,7.0,2.0,0.875,0.8821875,0.055,2.258475774394661,0.7009296772937462,0.05723172628304821,-0.14250000000000002,0.8525450505340217
notch::lvl-82.txt,notch,200.0,16.0,0.06375,0.0,0.0,0.0,0.0,0.005,0.0,0.0,0.0015625,0.0003125,0.00125,0.0,0.0,2.0,8.0,3.0,0.1,0.04,0.06283658940651515,1.3834352133803345,0.49246231155778897,2.185,7.0,3.0,0.96,0.856875,0.095,2.5614695413995547,0.859426669041984,0.060031104199066876,-0.1090625,0.8513135423128401
notch::lvl-83.txt,notch,200.0,16.0,0.0653125,0.0009375,0.0003125,0.0009375,0.0,0.00125,0.0009375,3.0,0.0021875,0.00125,0.0003125,0.000625,0.0,3.0,10.0,3.0,0.12,0.05,0.003978664506224194,1.11281581039526,0.5527638190954773,2.255,9.0,4.0,1.0,0.8578125,0.085,2.7124904777743732,0.8568898019583209,0.06656298600311042,-0.12875,0.844082348289473
notch::lvl-84.txt,notch,200.0,16.0,0.0640625,0.0025,0.0009375,0.00125,0.0003125,0.0025,0.0015625,5.0,0.0021875,0.0009375,0.0009375,0.0003125,0.0,3.0,6.0,3.0,0.075,0.03,0.1441830360159203,1.0718102302557564,0.457286432160804,2.045,11.0,2.0,0.935,0.873125,0.12,2.7475894587315506,0.8053882605778796,0.06594090202177294,-0.083125,0.8408447319592891
notch::lvl-85.txt,notch,200.0,16.0,0.0659375,0.001875,0.0,0.0003125,0.0003125,0.0,0.000625,2.0,0.0025,0.000625,0.0015625,0.0003125,0.0,3.0,7.0,3.0,0.075,0.035,0.01191622989567187,0.9677592289807245,0.5376884422110553,2.38,7.0,3.0,0.975,0.8540625,0.12,2.786723267919285,0.8341605782868114,0.06687402799377916,-0.084375,0.8429636200925165
notch::lvl-86.txt,notch,200.0,16.0,0.0621875,0.0009375,0.0003125,0.0015625,0.0003125,0.0,0.001875,6.0,0.0009375,0.0,0.000625,0.0003125,0.0,2.0,8.0,3.0,0.1,0.04,0.1218819234276678,0.9275611190279757,0.39195979899497485,1.98,7.0,2.0,0.91,0.87625,0.09,2.6473239305167864,0.761877732281634,0.059720062208398136,-0.1065625,0.8444977336054977
notch::lvl-87.txt,notch,200.0,16.0,0.060625,0.0028125,0.000625,0.00125,0.0003125,0.0,0.0015625,5.0,0.0009375,0.000625,0.0003125,0.0,0.0,2.0,8.0,3.0,0.11,0.04,0.012048668728860679,1.2460606765169129,0.6432160804020101,2.775,10.0,1.0,0.89,0.8325,0.085,2.531600370303613,0.8914573525535349,0.06780715396578538,-0.116875,0.8359368987433978
notch::lvl-88.txt,notch,200.0,16.0,0.0603125,0.0009375,0.0,0.0,0.0,0.003125,0.0,0.0,0.0,0.0,0.0,0.0,0.0,0.0,11.0,3.0,0.13,0.055,0.0048349386753624435,1.1073337058426462,0.6080402010050251,2.245,8.0,3.0,0.95,0.8590625,0.065,2.5780963579368747,0.8130965780963123,0.060964230171073094,-0.1375,0.8519882723880063
notch::lvl-89.txt,notch,200.0,16.0,0.063125,0.0009375,0.0003125,0.000625,0.0,0.0,0.000625,2.0,0.0003125,0.0,0.0003125,0.0,0.0,1.0,10.0,3.0,0.125,0.05,0.030842381046254697,1.0113629865746645,0.5376884422110553,2.04,7.0,4.0,0.995,0.8740625,0.065,2.6373055005465327,0.7722948501193064,0.05878693623639191,-0.13218749999999999,0.8428402884042502
notch::lvl-9.txt,notch,200.0,16.0,0.0615625,0.0015625,0.000625,0.0009375,0.0,0.0,0.0009375,3.0,0.0009375,0.0,0.0003125,0.000625,0.0,2.0,10.0,3.0,0.125,0.05,0.10093796154556134,1.13933612840321,0.5477386934673367,2.07,8.0,4.0,0.945,0.873125,0.095,2.7607970081263282,0.7824326653178891,0.06189735614307931,-0.1325,0.8443524030683532
notch::lvl-90.txt,notch,200.0,16.0,0.06625,0.00125,0.000625,0.00125,0.0,0.0,0.00125,4.0,0.0003125,0.0003125,0.0,0.0,0.0,1.0,11.0,3.0,0.13,0.055,0.061488640173288145,1.168665626640666,0.6582914572864321,1.94,7.0,4.0,1.04,0.880625,0.095,2.839122359763089,0.7662316824798749,0.06345256609642301,-0.1365625,0.8391029354659801
notch::lvl-91.txt,notch,200.0,16.0,0.0628125,0.0009375,0.000625,0.000625,0.0,0.0,0.000625,2.0,0.00125,0.0,0.000625,0.000625,0.0,2.0,11.0,3.0,0.135,0.055,0.12100804051038982,1.2411480312007799,0.5577889447236181,2.125,8.0,4.0,0.985,0.8678125,0.085,2.6528873722921578,0.8072652251412207,0.05878693623639191,-0.14312500000000003,0.8433086926099201
notch::lvl-92.txt,notch,200.0,16.0,0.0640625,0.00125,0.0003125,0.000625,0.0,0.0,0.000625,2.0,0.0,0.0,0.0,0.0,0.0,0.0,12.0,3.0,0.125,0.06,0.12815202136810178,1.0096160804020102,0.5778894472361809,1.88,6.0,4.0,1.005,0.8853125,0.08,2.6736495187954863,0.7338499941330177,0.05536547433903577,-0.131875,0.862412212752247
notch::lvl-93.txt,notch,200.0,16.0,0.0684375,0.00125,0.0015625,0.0015625,0.0,0.0,0.0015625,5.0,0.0025,0.00125,0.000625,0.000625,0.0,3.0,8.0,3.0,0.1,0.04,0.05976209045058822,1.2722351608790219,0.5527638190954773,3.255,9.0,4.0,0.99,0.796875,0.115,2.906493146476305,1.022311261656554,0.07091757387247279,-0.10843750000000002,0.8428866479560005
notch::lvl-94.txt,notch,200.0,16.0,0.063125,0.0,0.0,0.0,0.0,0.0,0.0,0.0,0.0003125,0.0,0.0003125,0.0,0.0,1.0,12.0,3.0,0.15,0.06,0.016721136395756786,1.0749037950948772,0.5326633165829145,1.65,6.0,4.0,1.01,0.89625,0.06,2.298009193298629,0.6774511937067231,0.05536547433903577,-0.1578125,0.8577711348337442
notch::lvl-95.txt,notch,200.0,16.0,0.0646875,0.001875,0.0009375,0.00125,0.0009375,0.0,0.0021875,7.0,0.00125,0.0,0.0,0.00125,0.0,1.0,8.0,3.0,0.085,0.04,0.35294700015495406,1.1273506712667818,0.5527638190954773,2.495,8.0,3.0,0.955,0.84625,0.11,2.891603061585018,0.8876229317269477,0.0640746500777605,-0.09156250000000002,0.8484246104249975
notch::lvl-96.txt,notch,200.0,16.0,0.0615625,0.0009375,0.0009375,0.00125,0.0,0.0,0.00125,4.0,0.0021875,0.000625,0.00125,0.0003125,0.0,3.0,7.0,3.0,0.085,0.035,0.1259540629508532,0.9530911647791196,0.5025125628140703,3.065,6.0,1.0,0.915,0.808125,0.09,2.59703435085215,0.9513825056521485,0.06376360808709176,-0.0934375,0.839572644371414
notch::lvl-97.txt,notch,200.0,16.0,0.06125,0.00125,0.0003125,0.000625,0.0,0.005625,0.000625,2.0,0.0009375,0.0,0.0003125,0.000625,0.0,2.0,9.0,3.0,0.11,0.045,0.0028239598035405544,1.0787529138228455,0.48743718592964824,2.1,9.0,3.0,0.93,0.865,0.075,2.6265785151094834,0.8273266195264238,0.06314152410575427,-0.11781249999999999,0.8465984711664617
notch::lvl-98.txt,notch,200.0,16.0,0.069375,0.0,0.0,0.0,0.0,0.0,0.0,0.0,0.0009375,0.0003125,0.000625,0.0,0.0,2.0,10.0,3.0,0.13,0.05,0.078477092325276,1.052147288682217,0.6130653266331658,2.425,7.0,4.0,1.09,0.8471875,0.08,2.7263520538888484,0.8645662394189582,0.060342146189735615,-0.13843750000000002,0.8445844427539473
notch::lvl-99.txt,notch,200.0,16.0,0.0675,0.0003125,0.0003125,0.0003125,0.0,0.0,0.0003125,1.0,0.0009375,0.0,0.000625,0.0003125,0.0,2.0,10.0,3.0,0.125,0.05,0.024300027739625252,1.2552334058351458,0.6884422110552764,3.25,12.0,4.0,1.035,0.7965625,0.1,2.7039439880237346,0.9935894950135273,0.07744945567651633,-0.13312500000000002,0.8431590876865325
notchParam::lvl-1.txt,notchParam,200.0,16.0,0.0575,0.0,0.0,0.0,0.0,0.0,0.0,0.0,0.0021875,0.0009375,0.00125,0.0,0.0,2.0,3.0,8.0,0.08,0.015,0.092300859360949,0.5468020550513762,0.135678391959799,1.25,4.0,1.0,0.92,0.919375,0.05,1.5703651295384196,0.5297401922714157,0.04074650077760498,-0.1021875,0.8630837416731899
notchParam::lvl-10.txt,notchParam,200.0,16.0,0.0590625,0.0028125,0.001875,0.001875,0.0,0.0,0.001875,6.0,0.000625,0.0003125,0.0003125,0.0,0.0,2.0,7.0,5.0,0.13,0.035,0.0059374414106241336,0.7887049651241281,0.5577889447236181,1.375,6.0,3.0,0.9,0.919375,0.06,2.1221500439701,0.5600733855986458,0.049766718506998445,-0.14125000000000001,0.8466377539250223
notchParam::lvl-100.txt,notchParam,200.0,16.0,0.0578125,0.0,0.0,0.0,0.0,0.0,0.0,0.0,0.0009375,0.000625,0.0003125,0.0,0.0,2.0,2.0,8.0,0.075,0.01,0.0013504826647489088,0.4347999099977498,0.11557788944723618,1.17,3.0,1.0,0.925,0.925625,0.035,1.3221077111828579,0.4863221206967665,0.037947122861586316,-0.0959375,0.8605406040443024
notchParam::lvl-11.txt,notchParam,200.0,16.0,0.0578125,0.0,0.0,0.0,0.0,0.0,0.0,0.0,0.0009375,0.0009375,0.0,0.0,0.0,1.0,6.0,3.0,0.075,0.03,0.033267724839643575,0.5296273906847673,0.20100502512562815,1.26,3.0,1.0,0.925,0.92,0.035,1.433956873270457,0.5229536288963816,0.038258164852255055,-0.0834375,0.8624718307104828
notchParam::lvl-12.txt,notchParam,200.0,16.0,0.0609375,0.0025,0.001875,0.0021875,0.0003125,0.0,0.0025,8.0,0.00125,0.0003125,0.0009375,0.0,0.0,2.0,6.0,5.0,0.125,0.03,0.0013153601416673322,0.949966309157729,0.5527638190954773,1.54,5.0,3.0,0.935,0.9071875,0.08,2.492252713209591,0.643423774597534,0.05629860031104199,-0.13625,0.8517184418834043
notchParam::lvl-13.txt,notchParam,200.0,16.0,0.0634375,0.0025,0.0021875,0.0021875,0.0,0.001875,0.0021875,7.0,0.0009375,0.0003125,0.000625,0.0,0.0,2.0,2.0,3.0,0.025,0.01,0.036316016732378165,0.7302849246231155,0.4472361809045226,1.44,5.0,1.0,0.975,0.9121875,0.065,1.7408453353385605,0.590283361128991,0.04354587869362364,-0.03125,0.8630989967131447
notchParam::lvl-14.txt,notchParam,200.0,16.0,0.0634375,0.0025,0.0021875,0.0021875,0.0003125,0.0,0.0025,8.0,0.0009375,0.0003125,0.000625,0.0,0.0,2.0,2.0,3.0,0.025,0.01,0.0027622476835115206,0.9301069976749419,0.4723618090452261,1.59,5.0,1.0,0.975,0.904375,0.05,1.5932827785082513,0.627484917242231,0.04541213063763608,-0.030937500000000003,0.8597743153762076
notchParam::lvl-15.txt,notchParam,200.0,16.0,0.0603125,0.0025,0.001875,0.0021875,0.0,0.0,0.0021875,7.0,0.000625,0.000625,0.0,0.0,0.0,1.0,2.0,8.0,0.075,0.01,0.03739333050746063,0.6214779719492987,0.4221105527638191,1.335,5.0,1.0,0.925,0.9209375,0.05,1.7718503113470028,0.538134661184253,0.041990668740279936,-0.0934375,0.8566422487206684
notchParam::lvl-16.txt,notchParam,200.0,16.0,0.0621875,0.0028125,0.001875,0.001875,0.0,0.0,0.001875,6.0,0.000625,0.000625,0.0,0.0,0.0,1.0,3.0,8.0,0.08,0.015,0.023341705037953187,0.8482710117752943,0.5628140703517588,1.42,5.0,3.0,0.95,0.916875,0.055,1.557856812533099,0.5550426499115717,0.04758942457231726,-0.09875,0.8484698343998077
notchParam::lvl-17.txt,notchParam,200.0,16.0,0.059375,0.0,0.0,0.0,0.0,0.0,0.0,0.0,0.0009375,0.000625,0.0003125,0.0,0.0,2.0,3.0,8.0,0.08,0.015,0.09301358406407434,0.4971666841671042,0.1407035175879397,1.195,4.0,3.0,0.95,0.9240625,0.05,1.3812691516524598,0.4966939437173698,0.03701399688958009,-0.1009375,0.8624414659617352
notchParam::lvl-18.txt,notchParam,200.0,16.0,0.0653125,0.0028125,0.001875,0.001875,0.0003125,0.001875,0.0021875,7.0,0.0015625,0.0003125,0.00125,0.0,0.0,2.0,3.0,3.0,0.03,0.015,0.06524338150707276,0.6167580364509112,0.4824120603015075,1.325,5.0,3.0,1.0,0.9196875,0.07,1.3888939965880147,0.5405290853669801,0.049144634525660966,-0.036875,0.8591502874069015
notchParam::lvl-19.txt,notchParam,200.0,16.0,0.064375,0.0,0.0,0.0,0.0,0.0,0.0,0.0,0.0021875,0.0009375,0.00125,0.0,0.0,2.0,3.0,3.0,0.03,0.015,0.05879523650856,0.4727676441911048,0.17587939698492464,1.265,5.0,3.0,1.03,0.9184375,0.065,1.4276929318154274,0.5375354442412904,0.0447900466562986,-0.0396875,0.8616723479918249
notchParam::lvl-2.txt,notchParam,200.0,16.0,0.0596875,0.0,0.0,0.0,0.0,0.001875,0.0,0.0,0.001875,0.0003125,0.0015625,0.0,0.0,2.0,2.0,8.0,0.075,0.01,0.007553642939937544,0.6111263181579539,0.1507537688442211,1.27,6.0,3.0,0.955,0.9165625,0.06,1.4690057335826352,0.5581322202472223,0.0447900466562986,-0.096875,0.859038039207744
notchParam::lvl-20.txt,notchParam,200.0,16.0,0.060625,0.0,0.0,0.0,0.0,0.0,0.0,0.0,0.0021875,0.0009375,0.00125,0.0,0.0,2.0,3.0,3.0,0.03,0.015,0.08991513504651782,0.4768245706142653,0.12060301507537688,1.26,3.0,1.0,0.97,0.91875,0.03,1.047639514538314,0.524372535957044,0.03639191290824261,-0.0396875,0.8598920736398699
notchParam::lvl-21.txt,notchParam,200.0,16.0,0.0634375,0.0025,0.0021875,0.0021875,0.0003125,0.0,0.0025,8.0,0.00125,0.000625,0.000625,0.0,0.0,2.0,2.0,3.0,0.025,0.01,0.03265659428413903,0.6110368784219605,0.38190954773869346,1.365,5.0,1.0,0.975,0.918125,0.055,1.5291497063483912,0.5469927831727899,0.04354587869362364,-0.03125,0.8618451810368509
notchParam::lvl-22.txt,notchParam,200.0,16.0,0.065625,0.0028125,0.001875,0.001875,0.0003125,0.0,0.0021875,7.0,0.00125,0.0009375,0.0003125,0.0,0.0,2.0,2.0,3.0,0.025,0.01,0.0019341560138108616,0.8587115877896947,0.5628140703517588,1.52,6.0,3.0,1.005,0.9096875,0.065,1.712289139011073,0.606508411843196,0.04821150855365474,-0.0315625,0.8506689225869857
notchParam::lvl-23.txt,notchParam,200.0,16.0,0.06375,0.0,0.0,0.0,0.0,0.0,0.0,0.0,0.0021875,0.0009375,0.00125,0.0,0.0,2.0,7.0,5.0,0.13,0.035,0.044588549834853164,0.9748389709742743,0.4824120603015075,1.52,6.0,3.0,1.02,0.9025,0.075,2.294339962841407,0.6511330968028294,0.05443234836702955,-0.14468750000000002,0.854531591236662
notchParam::lvl-24.txt,notchParam,200.0,16.0,0.05625,0.0,0.0,0.0,0.0,0.0,0.0,0.0,0.000625,0.0003125,0.0003125,0.0,0.0,2.0,7.0,5.0,0.13,0.035,0.03459630277449688,0.6847449186229656,0.2814070351758794,1.32,4.0,3.0,0.9,0.9165625,0.045,1.8645400055325752,0.5593185684918837,0.03981337480559875,-0.143125,0.8545903854535697
notchParam::lvl-25.txt,notchParam,200.0,16.0,0.0565625,0.0,0.0,0.0,0.0,0.001875,0.0,0.0,0.0009375,0.0,0.0009375,0.0,0.0,1.0,6.0,5.0,0.125,0.03,0.0026255060269999575,0.8698899647491187,0.2914572864321608,1.445,4.0,3.0,0.905,0.9065625,0.06,2.054580093238155,0.6214979105563194,0.05069984447900466,-0.13843750000000002,0.859667514350893
notchParam::lvl-26.txt,notchParam,200.0,16.0,0.058125,0.0,0.0,0.0,0.0,0.0,0.0,0.0,0.0021875,0.0009375,0.00125,0.0,0.0,2.0,7.0,5.0,0.13,0.035,0.04148852983719786,1.0281693467336683,0.4371859296482412,1.635,6.0,3.0,0.93,0.8953125,0.08,2.3866461297813713,0.6786089178230167,0.05287713841368585,-0.14468750000000002,0.8539967264343977
notchParam::lvl-27.txt,notchParam,200.0,16.0,0.0625,0.0,0.0,0.0,0.0,0.0,0.0,0.0,0.0021875,0.0015625,0.000625,0.0,0.0,2.0,3.0,3.0,0.03,0.015,0.038752838839364756,0.48674505362634063,0.16080402010050251,1.26,5.0,3.0,1.0,0.91875,0.04,1.1058342200979872,0.5303660856158631,0.03981337480559875,-0.0396875,0.8610577965873387
notchParam::lvl-28.txt,notchParam,200.0,16.0,0.0615625,0.0,0.0,0.0,0.0,0.0,0.0,0.0,0.0009375,0.000625,0.0003125,0.0,0.0,2.0,6.0,3.0,0.075,0.03,0.021716763856214016,1.1000453911347783,0.4271356783919598,1.745,6.0,3.0,0.985,0.8896875,0.055,2.0891938655947238,0.6958283300132244,0.05567651632970451,-0.0834375,0.8602309511923467
notchParam::lvl-29.txt,notchParam,200.0,16.0,0.0596875,0.0,0.0,0.0,0.0,0.0,0.0,0.0,0.0009375,0.0003125,0.000625,0.0,0.0,2.0,5.0,3.0,0.075,0.025,0.03001887516980073,0.6041930248256207,0.2562814070351759,1.32,5.0,3.0,0.955,0.91625,0.055,1.6583022152253624,0.5569220202176635,0.041990668740279936,-0.0834375,0.8628101601832572
notchParam::lvl-3.txt,notchParam,200.0,16.0,0.06125,0.0,0.0,0.0,0.0,0.0,0.0,0.0,0.001875,0.0009375,0.0009375,0.0,0.0,2.0,7.0,3.0,0.08,0.035,0.019589475859514427,0.9405858846471162,0.4020100502512563,1.54,5.0,3.0,0.98,0.9015625,0.075,1.9605847012228623,0.6413117713621149,0.05163297045101089,-0.08937500000000001,0.8570554618738196
notchParam::lvl-30.txt,notchParam,200.0,16.0,0.0609375,0.0,0.0,0.0,0.0,0.0,0.0,0.0,0.0009375,0.0003125,0.000625,0.0,0.0,2.0,2.0,3.0,0.025,0.01,0.06000553619882565,0.6611978774469361,0.15577889447236182,1.395,4.0,1.0,0.975,0.9115625,0.045,1.3623439523382233,0.5647662834820991,0.039502332814930013,-0.0334375,0.8636700744150381
notchParam::lvl-31.txt,notchParam,200.0,16.0,0.0596875,0.0,0.0,0.0,0.0,0.0,0.0,0.0,0.0009375,0.000625,0.0003125,0.0,0.0,2.0,2.0,8.0,0.075,0.01,0.11090980076017187,0.7386220505512638,0.15577889447236182,1.43,5.0,3.0,0.955,0.909375,0.05,1.7910752457331631,0.5921500052269781,0.0416796267496112,-0.0959375,0.8599184732874255
notchParam::lvl-32.txt,notchParam,200.0,16.0,0.0596875,0.0,0.0,0.0,0.0,0.0,0.0,0.0,0.0009375,0.0003125,0.000625,0.0,0.0,2.0,2.0,8.0,0.075,0.01,0.010141255111780878,0.5542309307732692,0.19597989949748743,1.24,6.0,3.0,0.955,0.92125,0.045,1.2804812892833588,0.5142234551027469,0.03981337480559875,-0.0959375,0.8628561538593869
notchParam::lvl-33.txt,notchParam,200.0,16.0,0.0609375,0.0,0.0,0.0,0.0,0.0,0.0,0.0,0.0009375,0.0009375,0.0,0.0,0.0,1.0,2.0,3.0,0.025,0.01,5.46186939871518e-05,0.5544561914047851,0.12562814070351758,1.325,3.0,1.0,0.975,0.9159375,0.035,1.2870638829734387,0.5431976212651702,0.038258164852255055,-0.0334375,0.8624890339509451
notchParam::lvl-34.txt,notchParam,200.0,16.0,0.0596875,0.0,0.0,0.0,0.0,0.0,0.0,0.0,0.0009375,0.000625,0.0003125,0.0,0.0,2.0,2.0,8.0,0.075,0.01,0.0008891091842513354,0.6157176629415736,0.1658291457286432,1.3,4.0,3.0,0.955,0.9175,0.05,1.5664650049306774,0.5477493982816108,0.04385692068429238,-0.0959375,0.8558960244373218
notchParam::lvl-35.txt,notchParam,200.0,16.0,0.0615625,0.0,0.0,0.0,0.0,0.0,0.0,0.0,0.0009375,0.000625,0.0003125,0.0,0.0,2.0,2.0,8.0,0.075,0.01,0.011675938677770059,0.4534747168679217,0.18592964824120603,1.18,6.0,3.0,0.985,0.925,0.055,1.3723969640983726,0.494750881921854,0.0416796267496112,-0.0959375,0.86307827408625
notchParam::lvl-36.txt,notchParam,200.0,16.0,0.0578125,0.0,0.0,0.0,0.0,0.0,0.0,0.0,0.0009375,0.0003125,0.000625,0.0,0.0,2.0,2.0,8.0,0.075,0.01,0.07296901993458793,0.9251862221555538,0.18090452261306533,1.585,4.0,1.0,0.925,0.8996875,0.04,1.6173276822941811,0.629604632942638,0.0432348367029549,-0.0959375,0.8595918938866685
notchParam::lvl-37.txt,notchParam,200.0,16.0,0.0609375,0.0,0.0,0.0,0.0,0.0,0.0,0.0,0.0009375,0.0003125,0.000625,0.0,0.0,2.0,2.0,3.0,0.025,0.01,0.009290201278355559,0.3272988524713118,0.06532663316582915,1.16,3.0,1.0,0.975,0.92625,0.035,1.0246754684209998,0.47284879735486773,0.03265940902021773,-0.0334375,0.8695419838264404
notchParam::lvl-38.txt,notchParam,200.0,16.0,0.0625,0.0,0.0,0.0,0.0,0.0,0.0,0.0,0.0009375,0.0,0.0009375,0.0,0.0,1.0,3.0,3.0,0.03,0.015,0.03250243828988464,0.42280699017475437,0.16080402010050251,1.21,4.0,3.0,1.0,0.923125,0.05,1.036502379153042,0.4947247926243599,0.038880248833592534,-0.0384375,0.8550434088895719
notchParam::lvl-39.txt,notchParam,200.0,16.0,0.059375,0.0,0.0,0.0,0.0,0.0,0.0,0.0,0.0009375,0.000625,0.0003125,0.0,0.0,2.0,3.0,8.0,0.08,0.015,0.15631590855981947,0.4150597464936623,0.10050251256281408,1.13,4.0,3.0,0.95,0.928125,0.045,1.3006488262289144,0.47432803460796175,0.03608087091757387,-0.1009375,0.8667234799765966
notchParam::lvl-4.txt,notchParam,200.0,16.0,0.0615625,0.0,0.0,0.0,0.0,0.0,0.0,0.0,0.0021875,0.000625,0.0015625,0.0,0.0,2.0,6.0,3.0,0.075,0.03,0.007547373898558418,0.8441688742218555,0.31155778894472363,1.46,5.0,3.0,0.985,0.90625,0.065,1.8141393022449608,0.619051376985654,0.049144634525660966,-0.0846875,0.8502153700982343
notchParam::lvl-40.txt,notchParam,200.0,16.0,0.0596875,0.0,0.0,0.0,0.0,0.0,0.0,0.0,0.0009375,0.0003125,0.000625,0.0,0.0,2.0,6.0,3.0,0.075,0.03,0.0020214865728038767,0.8049408235205879,0.2914572864321608,1.47,4.0,3.0,0.955,0.906875,0.045,1.7113449468865047,0.6086769097668613,0.04447900466562986,-0.0834375,0.8577957136642613
notchParam::lvl-41.txt,notchParam,200.0,16.0,0.059375,0.0,0.0,0.0,0.0,0.001875,0.0,0.0,0.0009375,0.0003125,0.000625,0.0,0.0,2.0,7.0,3.0,0.08,0.035,0.07593063838301473,0.596208812720318,0.22110552763819097,1.31,6.0,3.0,0.95,0.915,0.065,1.6709408471189042,0.570521981624264,0.04696734059097978,-0.0884375,0.8594510149925546
notchParam::lvl-42.txt,notchParam,200.0,16.0,0.0646875,0.0,0.0,0.0,0.0,0.0,0.0,0.0,0.0021875,0.0009375,0.00125,0.0,0.0,2.0,2.0,3.0,0.025,0.01,0.021092276963198486,0.5649187879696992,0.18592964824120603,1.335,5.0,3.0,1.035,0.9140625,0.06,1.5941173680873097,0.5742010046776298,0.0447900466562986,-0.0346875,0.8601683032802165
notchParam::lvl-43.txt,notchParam,200.0,16.0,0.0584375,0.0,0.0,0.0,0.0,0.0,0.0,0.0,0.0009375,0.0,0.0009375,0.0,0.0,1.0,6.0,5.0,0.125,0.03,0.0006242134182062875,0.6231143028575715,0.24120603015075376,1.245,3.0,3.0,0.935,0.9209375,0.045,1.82380063405664,0.5355142132964669,0.04541213063763608,-0.13843750000000002,0.8518515924897323
notchParam::lvl-44.txt,notchParam,200.0,16.0,0.05625,0.0,0.0,0.0,0.0,0.0,0.0,0.0,0.0021875,0.0015625,0.000625,0.0,0.0,2.0,7.0,5.0,0.13,0.035,0.02587831116339312,0.7526620190504762,0.3165829145728643,1.385,4.0,3.0,0.9,0.9109375,0.065,2.1500220487580375,0.5953655478542023,0.047900466562986,-0.14468750000000002,0.8504999649573084
notchParam::lvl-45.txt,notchParam,200.0,16.0,0.0546875,0.0,0.0,0.0,0.0,0.0,0.0,0.0,0.0021875,0.0015625,0.000625,0.0,0.0,2.0,6.0,5.0,0.125,0.03,0.014602102077749368,0.8058678166954174,0.2864321608040201,1.42,4.0,1.0,0.875,0.90875,0.045,2.081984378879433,0.5983792612049598,0.04510108864696734,-0.13968750000000002,0.8541704496563765
notchParam::lvl-46.txt,notchParam,200.0,16.0,0.0546875,0.0,0.0,0.0,0.0,0.0,0.0,0.0,0.0009375,0.0003125,0.000625,0.0,0.0,2.0,6.0,5.0,0.125,0.03,0.0072769624914166275,0.955586207155179,0.32663316582914576,1.54,4.0,1.0,0.875,0.9025,0.04,2.03684248810068,0.620000656160308,0.04665629860031104,-0.13843750000000002,0.8517031167442943
notchParam::lvl-47.txt,notchParam,200.0,16.0,0.065625,0.0028125,0.001875,0.001875,0.0003125,0.0,0.0021875,7.0,0.0015625,0.0009375,0.000625,0.0,0.0,2.0,2.0,3.0,0.025,0.01,0.026113397123394888,0.7425841371034275,0.5125628140703518,1.49,5.0,3.0,1.005,0.91125,0.07,1.8766258708665733,0.6060306047470849,0.050388802488335924,-0.031875,0.8555889388139692
notchParam::lvl-48.txt,notchParam,200.0,16.0,0.0671875,0.0025,0.001875,0.0021875,0.0003125,0.001875,0.0025,8.0,0.001875,0.0003125,0.0015625,0.0,0.0,2.0,2.0,3.0,0.025,0.01,0.02262419060476495,1.0142814745368633,0.5678391959798995,1.7,6.0,3.0,1.035,0.8946875,0.1,2.2425597630135496,0.7141904060657287,0.05909797822706065,-0.031875,0.8480989426865746
notchParam::lvl-49.txt,notchParam,200.0,16.0,0.0628125,0.0,0.0,0.0,0.0,0.0,0.0,0.0,0.0021875,0.0,0.0021875,0.0,0.0,1.0,2.0,3.0,0.025,0.01,0.00824197694725659,0.5838337658441461,0.1708542713567839,1.35,6.0,3.0,1.005,0.913125,0.055,1.5475822359746512,0.5741078806515578,0.04447900466562986,-0.0346875,0.8615888364118758
notchParam::lvl-5.txt,notchParam,200.0,16.0,0.059375,0.0,0.0,0.0,0.0,0.0,0.0,0.0,0.0021875,0.00125,0.0009375,0.0,0.0,2.0,6.0,3.0,0.08,0.03,0.06515663599304056,0.6286457661441536,0.23115577889447236,1.285,4.0,3.0,0.95,0.9171875,0.045,1.542186865005255,0.549216592082072,0.04292379471228616,-0.0896875,0.8567860215621314
notchParam::lvl-50.txt,notchParam,200.0,16.0,0.0653125,0.0025,0.0021875,0.0021875,0.0003125,0.001875,0.0025,8.0,0.0015625,0.000625,0.0009375,0.0,0.0,2.0,2.0,3.0,0.025,0.01,0.007059621876308375,0.5656774919372984,0.4120603015075377,1.315,5.0,3.0,1.005,0.91875,0.09,1.6609537584157774,0.5559762706681657,0.05069984447900466,-0.03156250000000001,0.8603374894719531
notchParam::lvl-51.txt,notchParam,200.0,16.0,0.0625,0.0,0.0,0.0,0.0,0.0,0.0,0.0,0.0021875,0.000625,0.0015625,0.0,0.0,2.0,3.0,3.0,0.03,0.015,0.04758536182781625,0.3164287182179555,0.11557788944723618,1.165,3.0,3.0,1.0,0.9246875,0.055,1.2782916004406608,0.4942514707834663,0.037636080870917576,-0.0396875,0.8605741074444866
notchParam::lvl-52.txt,notchParam,200.0,16.0,0.0596875,0.0,0.0,0.0,0.0,0.0,0.0,0.0,0.0009375,0.0003125,0.000625,0.0,0.0,2.0,2.0,8.0,0.075,0.01,0.02997750095813667,0.4406493212330308,0.1306532663316583,1.19,4.0,3.0,0.955,0.924375,0.05,1.4838732273000241,0.5077167433468333,0.038569206842923795,-0.0959375,0.8658754991521169
notchParam::lvl-53.txt,notchParam,200.0,16.0,0.061875,0.0025,0.0021875,0.0021875,0.0,0.0,0.0021875,7.0,0.000625,0.0003125,0.0003125,0.0,0.0,2.0,3.0,8.0,0.08,0.015,0.0027750149800163104,0.670881542038551,0.4824120603015075,1.305,5.0,3.0,0.95,0.9228125,0.055,1.618621721274175,0.5214518064532593,0.04510108864696734,-0.09843750000000001,0.8512674639443125
notchParam::lvl-54.txt,notchParam,200.0,16.0,0.0640625,0.0025,0.001875,0.0021875,0.0,0.0,0.0021875,7.0,0.0009375,0.0003125,0.000625,0.0,0.0,2.0,2.0,8.0,0.075,0.01,0.00016402910072743637,0.7645079426985673,0.48743718592964824,1.4,5.0,3.0,0.985,0.9165625,0.07,1.971300704032152,0.5749302128593258,0.04696734059097978,-0.09375,0.8707151130665296
notchParam::lvl-55.txt,notchParam,200.0,16.0,0.0653125,0.0025,0.001875,0.0021875,0.0003125,0.001875,0.0025,8.0,0.0009375,0.0003125,0.000625,0.0,0.0,2.0,2.0,3.0,0.025,0.01,0.010369684418538472,0.9626198154953874,0.5477386934673367,1.61,6.0,3.0,1.005,0.90125,0.075,1.8648378651342148,0.6645046310051518,0.05132192846034215,-0.030937500000000003,0.8543845513289555
notchParam::lvl-56.txt,notchParam,200.0,16.0,0.065,0.0025,0.001875,0.0021875,0.0003125,0.0,0.0025,8.0,0.0009375,0.0009375,0.0,0.0,0.0,1.0,3.0,3.0,0.03,0.015,0.11596960427607816,0.7704315157878946,0.4723618090452261,1.5,5.0,3.0,1.0,0.91,0.06,1.5747160920927499,0.5974372326894296,0.0463452566096423,-0.0359375,0.8527613381284057
notchParam::lvl-57.txt,notchParam,200.0,16.0,0.056875,0.0025,0.0021875,0.0021875,0.0003125,0.0,0.0025,8.0,0.0009375,0.0,0.0009375,0.0,0.0,1.0,7.0,5.0,0.13,0.035,0.1424386784742797,0.9527691967299182,0.592964824120603,1.705,5.0,1.0,0.87,0.8971875,0.055,2.480981622255964,0.6720379670587656,0.05287713841368585,-0.14093750000000002,0.8509679632615875
notchParam::lvl-58.txt,notchParam,200.0,16.0,0.0615625,0.0,0.0,0.0,0.0,0.0,0.0,0.0,0.0009375,0.0009375,0.0,0.0,0.0,1.0,6.0,3.0,0.075,0.03,0.03204205440706498,0.9412123228080703,0.38190954773869346,1.6,6.0,3.0,0.985,0.89875,0.06,2.0713165983815784,0.6523812940983801,0.050077760497667184,-0.0834375,0.8556375135966156
notchParam::lvl-59.txt,notchParam,200.0,16.0,0.0609375,0.0025,0.001875,0.0021875,0.0,0.00125,0.0021875,7.0,0.000625,0.0003125,0.0003125,0.0,0.0,2.0,6.0,5.0,0.125,0.03,0.03854189060896862,0.9886134403360084,0.6080402010050251,1.545,6.0,3.0,0.935,0.9065625,0.085,2.3770298360128908,0.6429146221038773,0.05629860031104199,-0.13593750000000002,0.8500445925891148
notchParam::lvl-6.txt,notchParam,200.0,16.0,0.0596875,0.0,0.0,0.0,0.0,0.0,0.0,0.0,0.0021875,0.0015625,0.000625,0.0,0.0,2.0,5.0,3.0,0.075,0.025,0.02333106286840847,0.7894510162754069,0.27638190954773867,1.5,4.0,3.0,0.955,0.90375,0.06,2.0962138829170787,0.6322252913598967,0.04821150855365474,-0.0846875,0.8536705036436336
notchParam::lvl-60.txt,notchParam,200.0,16.0,0.06125,0.0,0.0,0.0,0.0,0.001875,0.0,0.0,0.0009375,0.000625,0.0003125,0.0,0.0,2.0,7.0,3.0,0.08,0.035,0.007943874164730524,0.6203340133503337,0.3015075376884422,1.285,5.0,3.0,0.98,0.9165625,0.055,1.5882246550405696,0.5650208667344765,0.04665629860031104,-0.0884375,0.8562348423733387
notchParam::lvl-61.txt,notchParam,200.0,16.0,0.060625,0.0025,0.001875,0.0021875,0.0,0.0,0.0021875,7.0,0.000625,0.0003125,0.0003125,0.0,0.0,2.0,7.0,5.0,0.13,0.035,0.010408437915992219,1.148275106877672,0.7286432160804021,1.68,6.0,3.0,0.93,0.899375,0.075,2.4612121881163085,0.6742581324134188,0.05629860031104199,-0.1409375,0.8483504663899895
notchParam::lvl-62.txt,notchParam,200.0,16.0,0.059375,0.0,0.0,0.0,0.0,0.0,0.0,0.0,0.0021875,0.0015625,0.000625,0.0,0.0,2.0,3.0,8.0,0.08,0.015,0.07758963439218003,0.39314629865746636,0.10552763819095477,1.13,4.0,3.0,0.95,0.926875,0.05,1.413867780560095,0.48772603820424965,0.039191290824261274,-0.1021875,0.8607569975426591
notchParam::lvl-63.txt,notchParam,200.0,16.0,0.0596875,0.0,0.0,0.0,0.0,0.0,0.0,0.0,0.0021875,0.0015625,0.000625,0.0,0.0,2.0,6.0,3.0,0.075,0.03,0.018263816118233134,1.009524443111078,0.36180904522613067,1.675,6.0,3.0,0.955,0.8928125,0.065,2.1447866213005846,0.6829046445727178,0.05536547433903577,-0.0846875,0.8630628677630567
notchParam::lvl-64.txt,notchParam,200.0,16.0,0.0596875,0.0,0.0,0.0,0.0,0.0,0.0,0.0,0.0021875,0.00125,0.0009375,0.0,0.0,2.0,6.0,3.0,0.075,0.03,0.050130927151125104,0.7436700217505439,0.24120603015075376,1.47,4.0,3.0,0.955,0.905625,0.065,2.076988689577106,0.6223575749061461,0.049455676516329705,-0.0846875,0.8535257705128777
notchParam::lvl-65.txt,notchParam,200.0,16.0,0.0615625,0.0,0.0,0.0,0.0,0.0,0.0,0.0,0.0021875,0.0015625,0.000625,0.0,0.0,2.0,6.0,3.0,0.075,0.03,0.004921109443296379,0.9669063226580664,0.39195979899497485,1.62,4.0,3.0,0.985,0.89625,0.055,2.201133537501271,0.6746903308820684,0.050388802488335924,-0.0846875,0.8507833772183848
notchParam::lvl-66.txt,notchParam,200.0,16.0,0.065,0.0,0.0,0.0,0.0,0.0,0.0,0.0,0.0021875,0.00125,0.0009375,0.0,0.0,2.0,7.0,3.0,0.08,0.035,0.01681398279536339,0.5595988299707492,0.3316582914572864,1.24,6.0,3.0,1.04,0.92,0.07,1.5649397695767315,0.5300462055648872,0.04696734059097978,-0.0896875,0.8610757159061246
notchParam::lvl-67.txt,notchParam,200.0,16.0,0.0596875,0.0,0.0,0.0,0.0,0.0,0.0,0.0,0.001875,0.0015625,0.0003125,0.0,0.0,2.0,2.0,8.0,0.075,0.01,0.04621448237178183,0.7938286057151429,0.18090452261306533,1.43,6.0,3.0,0.955,0.9084375,0.05,1.7572898009021811,0.5988251990039382,0.0447900466562986,-0.096875,0.8556470297564406
notchParam::lvl-68.txt,notchParam,200.0,16.0,0.0578125,0.0,0.0,0.0,0.0,0.0,0.0,0.0,0.001875,0.0009375,0.0009375,0.0,0.0,2.0,2.0,8.0,0.075,0.01,0.04523877589187264,0.5919811970299258,0.09045226130653267,1.29,3.0,1.0,0.925,0.9171875,0.03,1.2963835649745108,0.5407918793946198,0.038880248833592534,-0.096875,0.8612178568606939
notchParam::lvl-69.txt,notchParam,200.0,16.0,0.0578125,0.0,0.0,0.0,0.0,0.003125,0.0,0.0,0.001875,0.0015625,0.0003125,0.0,0.0,2.0,2.0,8.0,0.075,0.01,0.006655666979448971,0.39053933098327454,0.10050251256281408,1.14,4.0,1.0,0.925,0.9234375,0.06,1.4740333684895064,0.5121864453329161,0.04136858475894246,-0.096875,0.8691810867067914
notchParam::lvl-7.txt,notchParam,200.0,16.0,0.0596875,0.0,0.0,0.0,0.0,0.0,0.0,0.0,0.0021875,0.0009375,0.00125,0.0,0.0,2.0,2.0,8.0,0.075,0.01,0.013209731782572676,0.704894247356184,0.21105527638190955,1.36,6.0,3.0,0.955,0.9125,0.06,1.781390486700993,0.5803549141000139,0.04696734059097978,-0.0971875,0.8607884691522617
notchParam::lvl-70.txt,notchParam,200.0,16.0,0.0596875,0.0,0.0,0.0,0.0,0.0,0.0,0.0,0.0021875,0.00125,0.0009375,0.0,0.0,2.0,2.0,8.0,0.075,0.01,0.05020842885604171,0.6735707792694818,0.15577889447236182,1.34,4.0,3.0,0.955,0.91375,0.055,1.7472144901178772,0.5694688340340318,0.041990668740279936,-0.0971875,0.863621590935731
notchParam::lvl-71.txt,notchParam,200.0,16.0,0.063125,0.0,0.0,0.0,0.0,0.00125,0.0,0.0,0.0021875,0.0015625,0.000625,0.0,0.0,2.0,6.0,3.0,0.08,0.03,0.0850113358097111,0.7478564164104102,0.3417085427135678,1.51,5.0,3.0,1.01,0.901875,0.075,2.2641388136732603,0.6605137547603136,0.053188180404354586,-0.0896875,0.8513128406865198
notchParam::lvl-72.txt,notchParam,200.0,16.0,0.06125,0.0,0.0,0.0,0.0,0.0,0.0,0.0,0.0021875,0.000625,0.0015625,0.0,0.0,2.0,7.0,3.0,0.08,0.035,0.016612190884770284,0.7439710342758569,0.36180904522613067,1.41,6.0,3.0,0.98,0.909375,0.07,2.0213892871244252,0.6081849198656962,0.048833592534992226,-0.0896875,0.8481516832438374
notchParam::lvl-73.txt,notchParam,200.0,16.0,0.059375,0.0,0.0,0.0,0.0,0.0,0.0,0.0,0.0021875,0.00125,0.0009375,0.0,0.0,2.0,7.0,3.0,0.08,0.035,0.1012274011513501,0.9153650341258532,0.37185929648241206,1.65,4.0,3.0,0.95,0.894375,0.06,2.133424798771078,0.6755787956401307,0.04696734059097978,-0.0896875,0.8567824548730778
notchParam::lvl-74.txt,notchParam,200.0,16.0,0.0596875,0.0,0.0,0.0,0.0,0.0,0.0,0.0,0.0021875,0.0003125,0.001875,0.0,0.0,2.0,6.0,3.0,0.075,0.03,0.0019001963144316125,0.8508683342083552,0.32663316582914576,1.5,6.0,3.0,0.955,0.90375,0.06,2.0516342731536534,0.6309678806681676,0.049455676516329705,-0.0846875,0.8591192550117018
notchParam::lvl-75.txt,notchParam,200.0,16.0,0.06125,0.0,0.0,0.0,0.0,0.0,0.0,0.0,0.0021875,0.0003125,0.001875,0.0,0.0,2.0,6.0,3.0,0.08,0.03,0.0006329746006020764,0.8814156978924474,0.35175879396984927,1.495,6.0,3.0,0.98,0.9040625,0.08,2.0761492610900762,0.6348310293865019,0.049455676516329705,-0.0896875,0.8489320094077828
notchParam::lvl-76.txt,notchParam,200.0,16.0,0.0609375,0.0025,0.001875,0.0021875,0.0,0.00125,0.0021875,7.0,0.000625,0.0,0.000625,0.0,0.0,1.0,6.0,5.0,0.125,0.03,0.0034474791787112435,1.1003387084677116,0.6532663316582915,1.61,5.0,3.0,0.935,0.9025,0.085,2.4048128049152573,0.6668639291605907,0.0594090202177294,-0.13593750000000002,0.8417006036222031
notchParam::lvl-77.txt,notchParam,200.0,16.0,0.0615625,0.0,0.0,0.0,0.0,0.0,0.0,0.0,0.0009375,0.0009375,0.0,0.0,0.0,1.0,5.0,3.0,0.075,0.025,0.00015310760869247098,0.8609738693467337,0.33668341708542715,1.47,6.0,3.0,0.985,0.906875,0.055,1.7443301323268845,0.6100438124696146,0.046034214618973564,-0.0834375,0.8579227304840806
notchParam::lvl-78.txt,notchParam,200.0,16.0,0.060625,0.0025,0.0021875,0.0021875,0.0,0.0,0.0021875,7.0,0.000625,0.000625,0.0,0.0,0.0,1.0,7.0,5.0,0.13,0.035,0.005082519502679239,0.9363091427285682,0.5577889447236181,1.46,6.0,3.0,0.93,0.913125,0.075,2.3182780567989125,0.598626323729898,0.053499222395023326,-0.1409375,0.8498294948802765
notchParam::lvl-79.txt,notchParam,200.0,16.0,0.059375,0.0,0.0,0.0,0.0,0.0,0.0,0.0,0.0009375,0.0003125,0.000625,0.0,0.0,2.0,7.0,3.0,0.08,0.035,0.02042754498586752,0.8130332858321458,0.35678391959798994,1.48,5.0,3.0,0.95,0.90625,0.055,1.9000659745919735,0.6110757686862637,0.046034214618973564,-0.0884375,0.8476200528459927
notchParam::lvl-8.txt,notchParam,200.0,16.0,0.0609375,0.0025,0.001875,0.0021875,0.0,0.0,0.0021875,7.0,0.000625,0.000625,0.0,0.0,0.0,1.0,6.0,5.0,0.125,0.03,0.013402437081374785,1.11877968199205,0.628140703517588,1.715,5.0,3.0,0.935,0.8971875,0.06,2.5296135687896504,0.6864630447625013,0.05474339035769829,-0.13593750000000002,0.8528792144177192
notchParam::lvl-80.txt,notchParam,200.0,16.0,0.0675,0.0028125,0.001875,0.001875,0.0003125,0.001875,0.0021875,7.0,0.0009375,0.0009375,0.0,0.0,0.0,1.0,2.0,3.0,0.025,0.01,0.02669088196166547,0.7569748668716718,0.5477386934673367,1.445,5.0,3.0,1.035,0.9128125,0.065,1.6615580154551264,0.5992867645169493,0.05132192846034215,-0.03125,0.8498520397585835
notchParam::lvl-81.txt,notchParam,200.0,16.0,0.0596875,0.0,0.0,0.0,0.0,0.0,0.0,0.0,0.0009375,0.000625,0.0003125,0.0,0.0,2.0,6.0,3.0,0.075,0.03,0.0032459068866373952,0.8727761194029852,0.3316582914572864,1.59,6.0,3.0,0.955,0.899375,0.05,2.072005071387708,0.6475073973042975,0.04758942457231726,-0.0834375,0.8547857567520064
notchParam::lvl-82.txt,notchParam,200.0,16.0,0.065,0.0025,0.0021875,0.0021875,0.0003125,0.0,0.0025,8.0,0.0009375,0.0003125,0.000625,0.0,0.0,2.0,3.0,3.0,0.03,0.015,0.0604648505101516,0.7610237455936398,0.5025125628140703,1.5,5.0,3.0,1.0,0.91,0.065,1.7188989394478595,0.6037658908038352,0.04510108864696734,-0.0359375,0.8585451633266981
notchParam::lvl-83.txt,notchParam,200.0,16.0,0.0671875,0.0025,0.001875,0.0021875,0.0003125,0.0,0.0025,8.0,0.0009375,0.0003125,0.000625,0.0,0.0,2.0,2.0,3.0,0.025,0.01,0.01929502563762464,0.6815995574889372,0.49246231155778897,1.43,5.0,3.0,1.035,0.914375,0.06,1.7461491203886932,0.5893583513661627,0.048833592534992226,-0.030937500000000003,0.8514360395019256
notchParam::lvl-84.txt,notchParam,200.0,16.0,0.0621875,0.0025,0.001875,0.0021875,0.0,0.0,0.0021875,7.0,0.000625,0.000625,0.0,0.0,0.0,1.0,2.0,8.0,0.075,0.01,0.005927773407767178,0.7757588839720991,0.46733668341708545,1.38,6.0,3.0,0.955,0.918125,0.065,1.7940493784117024,0.5530573340418342,0.0463452566096423,-0.0934375,0.8524690405483131
notchParam::lvl-85.txt,notchParam,200.0,16.0,0.0625,0.0028125,0.001875,0.001875,0.0,0.0,0.001875,6.0,0.000625,0.0,0.000625,0.0,0.0,1.0,2.0,8.0,0.075,0.01,0.10455682865674576,0.8984861471536787,0.5175879396984925,1.535,6.0,3.0,0.955,0.9096875,0.06,1.934718789817429,0.6048486014826059,0.04727838258164852,-0.09375,0.8563936355471431
notchParam::lvl-86.txt,notchParam,200.0,16.0,0.05875,0.0025,0.001875,0.0021875,0.0,0.0,0.0021875,7.0,0.000625,0.0003125,0.0003125,0.0,0.0,2.0,7.0,5.0,0.13,0.035,0.005528375577093292,0.913146411160279,0.5527638190954773,1.435,5.0,3.0,0.9,0.9140625,0.065,2.1328342804986242,0.5912811963999983,0.05194401244167963,-0.1409375,0.8501959656283105
notchParam::lvl-87.txt,notchParam,200.0,16.0,0.0609375,0.0,0.0,0.0,0.0,0.0,0.0,0.0,0.0021875,0.001875,0.0003125,0.0,0.0,2.0,2.0,3.0,0.025,0.01,0.017624434124608457,0.43132198304957625,0.10552763819095477,1.23,4.0,1.0,0.975,0.920625,0.05,1.3021386486087438,0.5166259520511194,0.042301710730948676,-0.0346875,0.8567008568994069
notchParam::lvl-88.txt,notchParam,200.0,16.0,0.0625,0.0,0.0,0.0,0.0,0.0,0.0,0.0,0.0021875,0.00125,0.0009375,0.0,0.0,2.0,3.0,3.0,0.03,0.015,0.01895318246363753,0.3954401935048377,0.1407035175879397,1.185,5.0,3.0,1.0,0.9234375,0.05,0.9909628760867203,0.49245282442666466,0.042612752721617415,-0.0396875,0.8613963065260699
notchParam::lvl-89.txt,notchParam,200.0,16.0,0.063125,0.0025,0.0021875,0.0021875,0.0003125,0.0,0.0025,8.0,0.0009375,0.0009375,0.0,0.0,0.0,1.0,3.0,3.0,0.03,0.015,0.03097413798981341,0.7841173179329481,0.49246231155778897,1.45,5.0,1.0,0.97,0.913125,0.05,1.419134020926614,0.5681469512031292,0.0447900466562986,-0.0359375,0.8413843214288755
notchParam::lvl-9.txt,notchParam,200.0,16.0,0.06125,0.0,0.0,0.0,0.0,0.0,0.0,0.0,0.0009375,0.000625,0.0003125,0.0,0.0,2.0,7.0,3.0,0.08,0.035,0.0018981519906907662,1.1529545488637216,0.49246231155778897,1.69,6.0,3.0,0.98,0.893125,0.05,1.780092292107427,0.6767295848048441,0.05069984447900466,-0.0884375,0.8527181558087915
notchParam::lvl-90.txt,notchParam,200.0,16.0,0.0634375,0.0025,0.0021875,0.0021875,0.0003125,0.0,0.0025,8.0,0.0009375,0.0003125,0.000625,0.0,0.0,2.0,2.0,3.0,0.025,0.01,0.03777816555966673,0.72666789919748,0.4472361809045226,1.475,5.0,1.0,0.975,0.9115625,0.06,1.8140661543267436,0.5907582962253202,0.046034214618973564,-0.030937500000000003,0.8587133351978267
notchParam::lvl-91.txt,notchParam,200.0,16.0,0.0546875,0.0,0.0,0.0,0.0,0.0,0.0,0.0,0.0021875,0.000625,0.0015625,0.0,0.0,2.0,6.0,5.0,0.125,0.03,0.0002262969812510951,0.6769390384759617,0.22110552763819097,1.285,4.0,1.0,0.875,0.9171875,0.05,1.9483583056967402,0.5527062054857386,0.0463452566096423,-0.13968750000000002,0.8517170632532534
notchParam::lvl-92.txt,notchParam,200.0,16.0,0.0546875,0.0,0.0,0.0,0.0,0.001875,0.0,0.0,0.0009375,0.0003125,0.000625,0.0,0.0,2.0,6.0,5.0,0.125,0.03,0.026148573411745812,0.7344049576239406,0.2613065326633166,1.33,4.0,1.0,0.875,0.91375,0.055,1.92070495413733,0.574614790329111,0.046034214618973564,-0.13843750000000002,0.8570297867464581
notchParam::lvl-93.txt,notchParam,200.0,16.0,0.058125,0.0,0.0,0.0,0.0,0.0,0.0,0.0,0.0009375,0.0003125,0.000625,0.0,0.0,2.0,7.0,5.0,0.13,0.035,0.0035287907909998806,0.7374732468311707,0.3417085427135678,1.325,4.0,3.0,0.93,0.9159375,0.055,1.8613655027573863,0.5662020060257859,0.0447900466562986,-0.14343750000000002,0.8520439331046028
notchParam::lvl-94.txt,notchParam,200.0,16.0,0.0565625,0.0,0.0,0.0,0.0,0.00125,0.0,0.0,0.0021875,0.0015625,0.000625,0.0,0.0,2.0,6.0,5.0,0.125,0.03,0.009669303158538756,1.1412524638115953,0.4020100502512563,1.725,5.0,3.0,0.905,0.8884375,0.07,2.33987116359752,0.7099927968690476,0.05474339035769829,-0.13968750000000002,0.8472886932247731
notchParam::lvl-95.txt,notchParam,200.0,16.0,0.0621875,0.0,0.0,0.0,0.0,0.00125,0.0,0.0,0.0021875,0.0009375,0.00125,0.0,0.0,2.0,6.0,5.0,0.125,0.03,0.0030286825966717723,1.2751129378234456,0.5527638190954773,1.725,6.0,3.0,0.995,0.8884375,0.085,2.3176883173167466,0.7253803120771094,0.061275272161741834,-0.13968750000000002,0.8516810322337225
notchParam::lvl-96.txt,notchParam,200.0,16.0,0.0596875,0.0,0.0,0.0,0.0,0.00125,0.0,0.0,0.0009375,0.000625,0.0003125,0.0,0.0,2.0,6.0,3.0,0.075,0.03,0.003299307025756648,0.7504811220280507,0.32160804020100503,1.45,4.0,3.0,0.955,0.906875,0.055,1.847748521373925,0.6193659651242771,0.04727838258164852,-0.0834375,0.8531393350063232
notchParam::lvl-97.txt,notchParam,200.0,16.0,0.0578125,0.0,0.0,0.0,0.0,0.0,0.0,0.0,0.0009375,0.0003125,0.000625,0.0,0.0,2.0,6.0,3.0,0.075,0.03,0.01616770074242646,0.8430485262131553,0.2814070351758794,1.47,4.0,1.0,0.925,0.906875,0.04,1.682890165738714,0.5947625551608919,0.045723172628304824,-0.0834375,0.8579898318027757
notchParam::lvl-98.txt,notchParam,200.0,16.0,0.0609375,0.0,0.0,0.0,0.0,0.00125,0.0,0.0,0.0009375,0.0003125,0.000625,0.0,0.0,2.0,2.0,3.0,0.025,0.01,0.05423916733820999,0.6944679216980425,0.15577889447236182,1.425,4.0,1.0,0.975,0.9084375,0.05,1.4390589827843472,0.5895339778532998,0.041990668740279936,-0.0334375,0.8617468481763783
notchParam::lvl-99.txt,notchParam,200.0,16.0,0.0615625,0.0,0.0,0.0,0.0,0.0,0.0,0.0,0.0009375,0.0003125,0.000625,0.0,0.0,2.0,2.0,8.0,0.075,0.01,0.0409814722003935,0.46424320108002703,0.1708542713567839,1.185,5.0,3.0,0.985,0.9246875,0.06,1.347697082712361,0.4966969430204803,0.041990668740279936,-0.0959375,0.8645477461938771
notchParamRand::lvl-1.txt,notchParamRand,200.0,16.0,0.058125,0.0015625,0.003125,0.0034375,0.000625,0.0,0.0040625,13.0,0.003125,0.001875,0.00125,0.0,0.0,2.0,4.0,6.0,0.095,0.02,0.12556165292220278,0.664379239480987,0.32663316582914576,1.31,5.0,1.0,0.905,0.9153125,0.085,2.02435105977726,0.5805410657049819,0.0510108864696734,-0.1090625,0.8525395310761661
notchParamRand::lvl-10.txt,notchParamRand,200.0,16.0,0.0603125,0.0028125,0.0028125,0.0028125,0.0040625,0.001875,0.006875,22.0,0.0028125,0.001875,0.0009375,0.0,0.0,2.0,4.0,4.0,0.08,0.02,0.04078879285214554,0.9158164179104478,0.5728643216080402,1.54,5.0,1.0,0.92,0.9003125,0.095,2.463817460922363,0.6898619222794514,0.05723172628304821,-0.08593749999999999,0.8606345517517843
notchParamRand::lvl-100.txt,notchParamRand,200.0,16.0,0.0534375,0.0003125,0.0003125,0.0003125,0.0015625,0.0,0.001875,6.0,0.0,0.0,0.0,0.0,0.0,0.0,5.0,6.0,0.15,0.025,6.61000957191682e-07,0.8710908722718068,0.2964824120603015,1.405,5.0,1.0,0.85,0.9109375,0.045,2.107165659693731,0.5861421438424377,0.04292379471228616,-0.16312500000000002,0.8554662924467732
notchParamRand::lvl-11.txt,notchParamRand,200.0,16.0,0.0659375,0.0040625,0.00375,0.0040625,0.0028125,0.0,0.006875,22.0,0.001875,0.0009375,0.0009375,0.0,0.0,2.0,1.0,2.0,0.01,0.005,0.00250177748126279,0.8337661366534163,0.5628140703517588,1.505,5.0,1.0,0.99,0.9090625,0.055,1.7820266529781432,0.6166434100242874,0.04447900466562986,-0.01,0.8650976790289406
notchParamRand::lvl-12.txt,notchParamRand,200.0,16.0,0.0634375,0.003125,0.0025,0.0025,0.0009375,0.00125,0.0034375,11.0,0.000625,0.0003125,0.0003125,0.0,0.0,2.0,3.0,3.0,0.035,0.015,0.08043171034928176,0.8563997449936249,0.5678391959798995,1.645,5.0,1.0,0.965,0.9009375,0.065,2.0887529005228354,0.6615457868437785,0.05194401244167963,-0.0396875,0.8549544438366562
notchParamRand::lvl-13.txt,notchParamRand,200.0,16.0,0.0528125,0.00125,0.0021875,0.0025,0.0003125,0.0,0.0028125,9.0,0.000625,0.000625,0.0,0.0,0.0,1.0,7.0,5.0,0.175,0.035,0.008490730108845823,1.1161733143328583,0.5125628140703518,1.56,5.0,1.0,0.825,0.9025,0.05,2.1297278655525242,0.6400564770971369,0.04821150855365474,-0.1853125,0.8636432352751139
notchParamRand::lvl-14.txt,notchParamRand,200.0,16.0,0.056875,0.0009375,0.000625,0.000625,0.0021875,0.0,0.0028125,9.0,0.001875,0.0009375,0.0009375,0.0,0.0,2.0,5.0,5.0,0.105,0.025,0.06881253707524271,0.6869635415885397,0.25125628140703515,1.295,5.0,1.0,0.895,0.916875,0.06,1.760285946197739,0.5569237674261976,0.04447900466562986,-0.1165625,0.851048499680835
notchParamRand::lvl-15.txt,notchParamRand,200.0,16.0,0.0615625,0.0028125,0.004375,0.004375,0.001875,0.0,0.00625,20.0,0.0021875,0.0009375,0.00125,0.0,0.0,2.0,3.0,4.0,0.06,0.015,0.0005664837036459813,0.9679806195154879,0.5527638190954773,1.63,5.0,1.0,0.94,0.8978125,0.075,2.467304930024964,0.6914300635088333,0.05163297045101089,-0.0659375,0.8517006550994489
notchParamRand::lvl-16.txt,notchParamRand,200.0,16.0,0.0603125,0.0003125,0.0003125,0.0003125,0.0028125,0.0,0.003125,10.0,0.0021875,0.000625,0.0015625,0.0,0.0,2.0,2.0,4.0,0.04,0.01,0.012618899449000298,0.5104850821270531,0.1457286432160804,1.295,5.0,1.0,0.96,0.914375,0.075,1.8503248644384476,0.5789503513856632,0.04696734059097978,-0.0490625,0.8484557299179109
notchParamRand::lvl-17.txt,notchParamRand,200.0,16.0,0.0665625,0.0040625,0.003125,0.003125,0.005,0.0,0.008125,26.0,0.0009375,0.0003125,0.000625,0.0,0.0,2.0,0.0,0.0,0.0,0.0,0.050468324064390946,0.9587641866046651,0.5728643216080402,1.735,4.0,1.0,1.0,0.894375,0.055,2.0999850444745976,0.7043478680642533,0.046034214618973564,0.0071875,0.8473390113491559
notchParamRand::lvl-18.txt,notchParamRand,200.0,16.0,0.0525,0.0015625,0.003125,0.0034375,0.0015625,0.001875,0.005,16.0,0.0009375,0.0003125,0.000625,0.0,0.0,2.0,7.0,6.0,0.185,0.035,0.043283631674924994,1.076988584714618,0.5025125628140703,1.62,5.0,1.0,0.815,0.8953125,0.075,2.7385723301024516,0.7013922936399932,0.05598755832037325,-0.1959375,0.8481024148469136
notchParamRand::lvl-19.txt,notchParamRand,200.0,16.0,0.0634375,0.0025,0.0015625,0.0015625,0.0021875,0.00125,0.00375,12.0,0.001875,0.0003125,0.0015625,0.0,0.0,2.0,3.0,2.0,0.025,0.015,0.029514211327680284,0.5142334058351458,0.4221105527638191,1.285,5.0,1.0,0.975,0.92,0.07,1.608597717532679,0.5423289060490125,0.04852255054432349,-0.028125,0.8568342446728429
notchParamRand::lvl-2.txt,notchParamRand,200.0,16.0,0.06375,0.001875,0.0015625,0.0015625,0.0034375,0.0,0.005,16.0,0.00125,0.0003125,0.0009375,0.0,0.0,2.0,1.0,2.0,0.01,0.005,0.0020532213903212693,0.4312700067501688,0.3065326633165829,1.235,5.0,1.0,0.99,0.921875,0.055,1.3375774938839065,0.5146682843546223,0.03639191290824261,-0.01125,0.8697462770643284
notchParamRand::lvl-20.txt,notchParamRand,200.0,16.0,0.054375,0.00125,0.0025,0.003125,0.0,0.001875,0.003125,10.0,0.0025,0.00125,0.00125,0.0,0.0,2.0,6.0,5.0,0.15,0.03,0.007711213966789754,1.0723309157728944,0.4723618090452261,1.6,5.0,1.0,0.85,0.8959375,0.095,2.602481517564336,0.69796392766395,0.05443234836702955,-0.16187500000000002,0.8597335526801159
notchParamRand::lvl-21.txt,notchParamRand,200.0,16.0,0.065,0.0025,0.0025,0.0025,0.005625,0.0,0.008125,26.0,0.0028125,0.001875,0.0009375,0.0,0.0,2.0,0.0,0.0,0.0,0.0,0.07246742488114488,0.6960555763894098,0.3969849246231156,1.465,4.0,1.0,1.0,0.9046875,0.08,2.021687269713412,0.6466799421821245,0.0510108864696734,0.0053125,0.8543569012533321
notchParamRand::lvl-22.txt,notchParamRand,200.0,16.0,0.0578125,0.0021875,0.003125,0.0034375,0.0040625,0.0,0.0075,24.0,0.001875,0.00125,0.000625,0.0,0.0,2.0,8.0,3.0,0.11,0.04,0.027222359182422107,1.136034238355959,0.6934673366834171,1.81,5.0,1.0,0.89,0.88375,0.075,2.8595197527975293,0.7605854708916567,0.05225505443234837,-0.111875,0.8510070742941643
notchParamRand::lvl-23.txt,notchParamRand,200.0,16.0,0.0584375,0.0021875,0.001875,0.001875,0.0025,0.00375,0.004375,14.0,0.0003125,0.0,0.0003125,0.0,0.0,1.0,4.0,5.0,0.1,0.02,0.0032339506928243944,0.8785490887272183,0.5175879396984925,1.485,5.0,1.0,0.9,0.905,0.07,2.437144884735226,0.6546633010033214,0.050388802488335924,-0.10843749999999999,0.854424011567412
notchParamRand::lvl-24.txt,notchParamRand,200.0,16.0,0.0634375,0.001875,0.001875,0.001875,0.0046875,0.001875,0.0065625,21.0,0.0,0.0,0.0,0.0,0.0,0.0,1.0,3.0,0.015,0.005,0.055814170525681384,0.7546764119102977,0.34673366834170855,1.54,5.0,1.0,0.985,0.900625,0.055,1.99268683935667,0.6658673996175649,0.047900466562986,-0.0159375,0.8557941165275714
notchParamRand::lvl-25.txt,notchParamRand,200.0,16.0,0.063125,0.0009375,0.0003125,0.0003125,0.0025,0.0,0.0028125,9.0,0.00375,0.001875,0.001875,0.0,0.0,2.0,1.0,1.0,0.005,0.005,0.24771186368266818,0.5009745293632341,0.15577889447236182,1.3,5.0,1.0,0.995,0.9146875,0.075,1.4631370392203822,0.5648224543939557,0.04043545878693624,-0.0084375,0.851419421566749
notchParamRand::lvl-26.txt,notchParamRand,200.0,16.0,0.0615625,0.0021875,0.0021875,0.0021875,0.0021875,0.003125,0.004375,14.0,0.001875,0.0009375,0.0009375,0.0,0.0,2.0,5.0,2.0,0.05,0.025,0.029197521121715364,0.7998297007425186,0.4623115577889447,1.59,5.0,1.0,0.95,0.8975,0.085,2.531837873482428,0.7039602510728135,0.056920684292379474,-0.0525,0.8503127088363872
notchParamRand::lvl-27.txt,notchParamRand,200.0,16.0,0.06375,0.0028125,0.003125,0.00375,0.0021875,0.0,0.0059375,19.0,0.00125,0.000625,0.000625,0.0,0.0,2.0,2.0,4.0,0.025,0.01,0.0007073823615827424,0.4494321008025202,0.4120603015075377,1.225,5.0,1.0,0.975,0.924375,0.06,1.5039782028887354,0.5012249151075457,0.042301710730948676,-0.030312500000000006,0.8586300535367982
notchParamRand::lvl-28.txt,notchParamRand,200.0,16.0,0.0603125,0.0015625,0.0040625,0.004375,0.0015625,0.001875,0.0059375,19.0,0.0003125,0.0,0.0003125,0.0,0.0,1.0,6.0,2.0,0.06,0.03,0.05026850918147896,0.765531148278707,0.44221105527638194,1.455,5.0,1.0,0.94,0.9053125,0.065,2.1634006732500852,0.6423714688714471,0.04852255054432349,-0.059375,0.8606128019036345
notchParamRand::lvl-29.txt,notchParamRand,200.0,16.0,0.063125,0.0009375,0.000625,0.0009375,0.001875,0.0,0.0028125,9.0,0.0009375,0.0003125,0.000625,0.0,0.0,2.0,1.0,1.0,0.005,0.005,0.25300576883404546,0.42238006450161253,0.18592964824120603,1.315,5.0,1.0,0.995,0.9165625,0.06,1.3951415924560262,0.5533504964511566,0.03981337480559875,-0.005625,0.8562189514192013
notchParamRand::lvl-3.txt,notchParamRand,200.0,16.0,0.0578125,0.001875,0.0015625,0.0015625,0.001875,0.0,0.0034375,11.0,0.0003125,0.0003125,0.0,0.0,0.0,1.0,5.0,5.0,0.105,0.025,0.01004324915630117,0.7473930098252456,0.45226130653266333,1.335,5.0,1.0,0.895,0.918125,0.045,1.8120265517742238,0.552431593322104,0.0401244167962675,-0.11437499999999999,0.854624407849053
notchParamRand::lvl-30.txt,notchParamRand,200.0,16.0,0.051875,0.000625,0.000625,0.0009375,0.0034375,0.0,0.004375,14.0,0.00125,0.000625,0.000625,0.0,0.0,2.0,6.0,6.0,0.18,0.03,0.018099131049704842,0.8344392709817745,0.3065326633165829,1.4,5.0,1.0,0.82,0.9084375,0.07,2.511900210442753,0.623356238717528,0.05163297045101089,-0.19187500000000002,0.8465347837328229
notchParamRand::lvl-31.txt,notchParamRand,200.0,16.0,0.0615625,0.0021875,0.001875,0.001875,0.00375,0.0,0.005625,18.0,0.001875,0.000625,0.00125,0.0,0.0,2.0,5.0,2.0,0.05,0.025,0.0013037320216207071,0.9277282532063302,0.5276381909547738,1.66,5.0,1.0,0.95,0.895,0.07,2.4805781900432047,0.702251215685852,0.05225505443234837,-0.051250000000000004,0.8456899421966821
notchParamRand::lvl-32.txt,notchParamRand,200.0,16.0,0.0621875,0.000625,0.0,0.0003125,0.0003125,0.0,0.000625,2.0,0.000625,0.0,0.000625,0.0,0.0,1.0,2.0,2.0,0.015,0.01,0.2935648070588691,0.5943118577964449,0.1708542713567839,1.47,5.0,1.0,0.985,0.9084375,0.05,1.4122859304933262,0.5892038939009535,0.041990668740279936,-0.02,0.8530240460689101
notchParamRand::lvl-33.txt,notchParamRand,200.0,16.0,0.0525,0.0015625,0.001875,0.001875,0.0053125,0.0,0.0071875,23.0,0.0009375,0.000625,0.0003125,0.0,0.0,2.0,7.0,6.0,0.185,0.035,0.2070275773353054,1.0880976149403734,0.4472361809045226,1.975,5.0,1.0,0.815,0.8728125,0.06,2.826469003993466,0.7860838242230388,0.053810264385692065,-0.19374999999999998,0.8428056149696699
notchParamRand::lvl-34.txt,notchParamRand,200.0,16.0,0.0578125,0.001875,0.0015625,0.0015625,0.0046875,0.0,0.00625,20.0,0.001875,0.0009375,0.0009375,0.0,0.0,2.0,5.0,5.0,0.105,0.025,0.043907401174166916,0.6198864846621166,0.38190954773869346,1.275,5.0,1.0,0.895,0.9175,0.065,2.143823466926196,0.573664589693243,0.04541213063763608,-0.11312499999999999,0.8583263261707019
notchParamRand::lvl-35.txt,notchParamRand,200.0,16.0,0.06,0.00125,0.000625,0.00125,0.0,0.00125,0.00125,4.0,0.0003125,0.0,0.0003125,0.0,0.0,1.0,4.0,3.0,0.06,0.02,0.001867323510641672,0.7146237680942024,0.3417085427135678,1.42,5.0,1.0,0.94,0.911875,0.055,1.8027514253037422,0.5915917131362646,0.0463452566096423,-0.0665625,0.8681990245650538
notchParamRand::lvl-36.txt,notchParamRand,200.0,16.0,0.0659375,0.0034375,0.001875,0.001875,0.0034375,0.0,0.0053125,17.0,0.003125,0.0021875,0.0009375,0.0,0.0,2.0,0.0,0.0,0.0,0.0,0.09819087128076975,0.7339354458861473,0.4824120603015075,1.54,4.0,1.0,1.0,0.9053125,0.06,2.025334259184896,0.6429277910981206,0.04541213063763608,0.0021875,0.8541901509331922
notchParamRand::lvl-37.txt,notchParamRand,200.0,16.0,0.06375,0.004375,0.00375,0.0040625,0.00125,0.0,0.0053125,17.0,0.0015625,0.0009375,0.000625,0.0,0.0,2.0,4.0,3.0,0.05,0.02,0.0884230583428226,0.9205683342083552,0.7336683417085427,1.66,5.0,1.0,0.95,0.9021875,0.07,2.2268985079277126,0.6624473110708435,0.04821150855365474,-0.053750000000000006,0.8602100963157913
notchParamRand::lvl-38.txt,notchParamRand,200.0,16.0,0.05125,0.0,0.0,0.0,0.00375,0.0,0.00375,12.0,0.0009375,0.0003125,0.000625,0.0,0.0,2.0,6.0,6.0,0.18,0.03,0.016179723168121996,0.6892684767119178,0.2562814070351759,1.225,4.0,1.0,0.82,0.9184375,0.05,2.075562296418103,0.5523944524998363,0.0416796267496112,-0.1921875,0.8606750229009401
notchParamRand::lvl-39.txt,notchParamRand,200.0,16.0,0.054375,0.0015625,0.001875,0.001875,0.0034375,0.001875,0.0053125,17.0,0.0021875,0.00125,0.0009375,0.0,0.0,2.0,7.0,5.0,0.155,0.035,0.08929773146481301,0.7597239180979524,0.41708542713567837,1.45,5.0,1.0,0.845,0.904375,0.08,2.7156892286482592,0.6676227123182508,0.05598755832037325,-0.16437500000000002,0.8589323261264405
notchParamRand::lvl-4.txt,notchParamRand,200.0,16.0,0.0553125,0.0021875,0.0028125,0.003125,0.0009375,0.001875,0.0040625,13.0,0.0,0.0,0.0,0.0,0.0,0.0,6.0,5.0,0.15,0.03,0.004793490466632244,0.9639679591989799,0.5376884422110553,1.6,5.0,1.0,0.85,0.9003125,0.06,2.57142660915797,0.6721099288706928,0.05069984447900466,-0.1584375,0.859689655818264
notchParamRand::lvl-40.txt,notchParamRand,200.0,16.0,0.05125,0.001875,0.00125,0.0015625,0.0025,0.0,0.0040625,13.0,0.00125,0.000625,0.000625,0.0,0.0,2.0,7.0,6.0,0.21,0.035,0.0011247057161096752,0.8812690692267305,0.507537688442211,1.315,5.0,1.0,0.79,0.9178125,0.065,2.4212379281171135,0.5774483415545998,0.04852255054432349,-0.22218749999999998,0.847936054461954
notchParamRand::lvl-41.txt,notchParamRand,200.0,16.0,0.0621875,0.0,0.0,0.0,0.0053125,0.0,0.0053125,17.0,0.0034375,0.0025,0.0009375,0.0,0.0,2.0,1.0,1.0,0.005,0.005,0.15239647160333247,0.22989520738018449,0.020100502512562814,1.095,3.0,1.0,0.995,0.9225,0.04,1.0320979617894717,0.4950200839253147,0.03297045101088647,-0.005625,0.864149782304451
notchParamRand::lvl-42.txt,notchParamRand,200.0,16.0,0.0609375,0.0021875,0.0009375,0.0009375,0.00125,0.0,0.0021875,7.0,0.000625,0.000625,0.0,0.0,0.0,1.0,6.0,2.0,0.06,0.03,0.0019826064978202274,1.0513286882172053,0.6231155778894473,1.89,5.0,1.0,0.94,0.8853125,0.055,2.4261661310957563,0.7233415055779123,0.05132192846034215,-0.0634375,0.8421174774416595
notchParamRand::lvl-43.txt,notchParamRand,200.0,16.0,0.064375,0.0034375,0.0028125,0.003125,0.0046875,0.0,0.0078125,25.0,0.0,0.0,0.0,0.0,0.0,0.0,2.0,4.0,0.025,0.01,0.016076024318599114,0.5156956948923723,0.48743718592964824,1.285,5.0,1.0,0.975,0.921875,0.04,1.569247077443173,0.5187803555179741,0.038569206842923795,-0.027187500000000003,0.8580865967221609
notchParamRand::lvl-44.txt,notchParamRand,200.0,16.0,0.0634375,0.0028125,0.0025,0.0028125,0.0053125,0.0,0.008125,26.0,0.0034375,0.001875,0.0015625,0.0,0.0,2.0,2.0,3.0,0.03,0.01,0.005083957260082705,0.9636148653716343,0.5125628140703518,1.61,5.0,1.0,0.97,0.8959375,0.085,2.3814677611818125,0.7068605547439019,0.05598755832037325,-0.032812499999999994,0.8399333460033857
notchParamRand::lvl-45.txt,notchParamRand,200.0,16.0,0.0584375,0.0015625,0.0015625,0.0015625,0.00375,0.0,0.0053125,17.0,0.0021875,0.001875,0.0003125,0.0,0.0,2.0,3.0,6.0,0.09,0.015,0.03625998812463693,0.7855181429535737,0.33668341708542715,1.41,5.0,1.0,0.91,0.90875,0.07,2.2143518164026594,0.620000155274234,0.049766718506998445,-0.101875,0.8475381930327525
notchParamRand::lvl-46.txt,notchParamRand,200.0,16.0,0.0634375,0.0040625,0.003125,0.003125,0.000625,0.0,0.00375,12.0,0.0003125,0.0003125,0.0,0.0,0.0,1.0,2.0,5.0,0.05,0.01,0.0037975191382566553,1.036210597764944,0.7135678391959799,1.65,5.0,1.0,0.95,0.9046875,0.045,1.933072063649224,0.6326553126583695,0.04821150855365474,-0.059062500000000004,0.8469758447851573
notchParamRand::lvl-47.txt,notchParamRand,200.0,16.0,0.058125,0.0015625,0.00125,0.00125,0.001875,0.0,0.003125,10.0,0.003125,0.0015625,0.0015625,0.0,0.0,2.0,7.0,3.0,0.095,0.035,0.00011880548463982787,0.8178341408535214,0.4723618090452261,1.405,5.0,1.0,0.905,0.9103125,0.085,2.1860694942080308,0.6118434444131896,0.0463452566096423,-0.10250000000000001,0.8597147521552914
notchParamRand::lvl-48.txt,notchParamRand,200.0,16.0,0.054375,0.00125,0.0009375,0.0009375,0.0009375,0.0,0.001875,6.0,0.001875,0.0009375,0.0009375,0.0,0.0,2.0,6.0,5.0,0.15,0.03,0.010859936512628843,0.6261644941123528,0.35678391959798994,1.215,5.0,1.0,0.85,0.92375,0.07,2.0226384830138073,0.5270197444084246,0.04416796267496112,-0.1625,0.8699387568829166
notchParamRand::lvl-49.txt,notchParamRand,200.0,16.0,0.05875,0.0021875,0.0021875,0.0021875,0.000625,0.0,0.0028125,9.0,0.001875,0.0015625,0.0003125,0.0,0.0,2.0,7.0,3.0,0.095,0.035,0.012665349086660727,0.8345491562289057,0.5226130653266332,1.465,5.0,1.0,0.905,0.91,0.06,2.1891138034397057,0.6113135373230356,0.046034214618973564,-0.1015625,0.8565081013242698
notchParamRand::lvl-5.txt,notchParamRand,200.0,16.0,0.0621875,0.0015625,0.0015625,0.0015625,0.0059375,0.0,0.0075,24.0,0.0,0.0,0.0,0.0,0.0,0.0,3.0,2.0,0.03,0.015,0.0026536223787871904,0.5216955823895596,0.32663316582914576,1.275,5.0,1.0,0.97,0.9171875,0.04,1.6363471256238398,0.5503797778553146,0.039191290824261274,-0.0275,0.8580671505459188
notchParamRand::lvl-50.txt,notchParamRand,200.0,16.0,0.055625,0.001875,0.0009375,0.0015625,0.0009375,0.001875,0.0025,8.0,0.00125,0.0003125,0.0009375,0.0,0.0,2.0,7.0,4.0,0.14,0.035,0.01051008054517344,0.9722894697367434,0.5175879396984925,1.58,5.0,1.0,0.86,0.9009375,0.08,2.4827235034150474,0.670419746323633,0.05287713841368585,-0.14875000000000002,0.8551146343295352
notchParamRand::lvl-51.txt,notchParamRand,200.0,16.0,0.0653125,0.00375,0.003125,0.0034375,0.005,0.0,0.0084375,27.0,0.0003125,0.0,0.0003125,0.0,0.0,1.0,1.0,3.0,0.015,0.005,0.0055265154333022926,0.956415975399385,0.628140703517588,1.585,5.0,1.0,0.985,0.903125,0.05,1.9193612912146485,0.6467730077671512,0.05132192846034215,-0.014374999999999999,0.8440402337124902
notchParamRand::lvl-52.txt,notchParamRand,200.0,16.0,0.06125,0.0034375,0.0021875,0.0025,0.000625,0.0,0.003125,10.0,0.00125,0.0003125,0.0009375,0.0,0.0,2.0,3.0,5.0,0.075,0.015,0.009676527798362367,1.0322346358658967,0.6180904522613065,1.62,5.0,1.0,0.925,0.904375,0.07,2.1902139657309734,0.6411236490057259,0.04852255054432349,-0.08562499999999999,0.8531433873779984
notchParamRand::lvl-53.txt,notchParamRand,200.0,16.0,0.0565625,0.000625,0.0,0.0,0.001875,0.0,0.001875,6.0,0.00125,0.0003125,0.0009375,0.0,0.0,2.0,6.0,4.0,0.105,0.03,0.04452412075479106,0.698466444161104,0.3316582914572864,1.355,5.0,1.0,0.895,0.91375,0.06,1.9026214511190316,0.5756721191795457,0.04416796267496112,-0.11437499999999999,0.8555367078680708
notchParamRand::lvl-54.txt,notchParamRand,200.0,16.0,0.053125,0.0015625,0.0009375,0.0009375,0.0,0.001875,0.0009375,3.0,0.0021875,0.00125,0.0009375,0.0,0.0,2.0,7.0,5.0,0.175,0.035,0.008611533509223168,1.1820378159453986,0.5175879396984925,1.72,5.0,1.0,0.825,0.891875,0.085,2.585431069457402,0.7036426282005571,0.05878693623639191,-0.18875,0.8439875319235518
notchParamRand::lvl-55.txt,notchParamRand,200.0,16.0,0.0525,0.00125,0.0025,0.003125,0.004375,0.0,0.0075,24.0,0.0034375,0.0015625,0.001875,0.0,0.0,2.0,6.0,6.0,0.18,0.03,0.0036625923424135065,1.0081474161854045,0.4321608040201005,1.45,5.0,1.0,0.82,0.901875,0.095,2.751126296359231,0.6796750430773562,0.056920684292379474,-0.19093749999999998,0.8540059063039169
notchParamRand::lvl-56.txt,notchParamRand,200.0,16.0,0.05875,0.0,0.0,0.0,0.00125,0.001875,0.00125,4.0,0.0003125,0.0,0.0003125,0.0,0.0,1.0,2.0,6.0,0.06,0.01,0.1288020453855171,0.6288739368484212,0.1658291457286432,1.425,4.0,1.0,0.94,0.9071875,0.05,1.8080629697898574,0.6105325740356979,0.04758942457231726,-0.0740625,0.856028762442077
notchParamRand::lvl-57.txt,notchParamRand,200.0,16.0,0.0578125,0.0015625,0.0025,0.0025,0.0034375,0.0,0.0059375,19.0,0.0003125,0.0,0.0003125,0.0,0.0,1.0,4.0,5.0,0.1,0.02,0.022846097593413606,0.6925466361659041,0.38190954773869346,1.345,5.0,1.0,0.9,0.9140625,0.045,2.1356955814766705,0.5895855723934197,0.04447900466562986,-0.106875,0.8541784644250553
notchParamRand::lvl-58.txt,notchParamRand,200.0,16.0,0.05875,0.0021875,0.001875,0.001875,0.000625,0.0,0.0025,8.0,0.0021875,0.000625,0.0015625,0.0,0.0,2.0,7.0,3.0,0.095,0.035,0.05336735761250111,0.7702922373059328,0.5175879396984925,1.415,5.0,1.0,0.905,0.913125,0.07,2.014983733557166,0.5939644806514331,0.04665629860031104,-0.10218749999999999,0.8678702688841604
notchParamRand::lvl-59.txt,notchParamRand,200.0,16.0,0.0621875,0.0028125,0.003125,0.0034375,0.001875,0.0,0.0053125,17.0,0.0003125,0.0003125,0.0,0.0,0.0,1.0,4.0,3.0,0.05,0.02,0.07055885027371134,0.8645202880072002,0.5477386934673367,1.62,5.0,1.0,0.95,0.90125,0.055,2.228326881354667,0.6582088481619011,0.045723172628304824,-0.052500000000000005,0.8523737500353983
notchParamRand::lvl-6.txt,notchParamRand,200.0,16.0,0.06125,0.0015625,0.00375,0.0040625,0.00125,0.0,0.0053125,17.0,0.001875,0.0009375,0.0009375,0.0,0.0,2.0,3.0,3.0,0.045,0.015,0.011406967389928191,0.6212805220130504,0.35175879396984927,1.35,5.0,1.0,0.955,0.9128125,0.07,2.000274164386667,0.5988371447225657,0.0463452566096423,-0.0490625,0.8605127029853684
notchParamRand::lvl-60.txt,notchParamRand,200.0,16.0,0.0625,0.0040625,0.00375,0.0040625,0.0015625,0.0,0.005625,18.0,0.0009375,0.0003125,0.000625,0.0,0.0,2.0,4.0,4.0,0.065,0.02,0.0404222257352963,1.0612729018225453,0.7286432160804021,1.72,5.0,1.0,0.935,0.8978125,0.055,2.1957242995090014,0.6835738935478645,0.04852255054432349,-0.0703125,0.8539904005791927
notchParamRand::lvl-61.txt,notchParamRand,200.0,16.0,0.060625,0.0028125,0.00375,0.00375,0.0040625,0.0,0.0078125,25.0,0.000625,0.0,0.000625,0.0,0.0,1.0,8.0,2.0,0.075,0.04,0.032113765877829104,0.6105537613440336,0.542713567839196,1.305,5.0,1.0,0.925,0.918125,0.05,2.061271205346783,0.5649531464749469,0.0447900466562986,-0.0728125,0.8469530077516414
notchParamRand::lvl-62.txt,notchParamRand,200.0,16.0,0.060625,0.0021875,0.0021875,0.0021875,0.001875,0.00125,0.0040625,13.0,0.0034375,0.001875,0.0015625,0.0,0.0,2.0,7.0,2.0,0.065,0.035,0.008664171326751346,1.0426707267681692,0.5829145728643216,1.685,5.0,1.0,0.935,0.8921875,0.09,2.2556003588858817,0.7240311944816525,0.05287713841368585,-0.069375,0.8569410988428905
notchParamRand::lvl-63.txt,notchParamRand,200.0,16.0,0.055,0.001875,0.0028125,0.0028125,0.0059375,0.0,0.00875,28.0,0.0003125,0.0003125,0.0,0.0,0.0,1.0,6.0,5.0,0.15,0.03,0.01565436728213565,1.0078680117002925,0.4824120603015075,1.55,5.0,1.0,0.85,0.899375,0.05,2.5330630074555236,0.6775435514799365,0.04852255054432349,-0.1540625,0.8542631041509436
notchParamRand::lvl-64.txt,notchParamRand,200.0,16.0,0.0615625,0.0009375,0.0003125,0.000625,0.0040625,0.0,0.0046875,15.0,0.001875,0.0009375,0.0009375,0.0,0.0,2.0,2.0,3.0,0.03,0.01,0.004194972289777388,0.6742018975474386,0.2663316582914573,1.42,5.0,1.0,0.97,0.9071875,0.065,1.9631617826867802,0.6253942418598653,0.0463452566096423,-0.034687499999999996,0.8593264198897559
notchParamRand::lvl-65.txt,notchParamRand,200.0,16.0,0.0515625,0.0003125,0.0,0.0003125,0.0015625,0.001875,0.001875,6.0,0.0009375,0.000625,0.0003125,0.0,0.0,2.0,6.0,6.0,0.18,0.03,0.10825895105655148,0.8664106952673817,0.32160804020100503,1.47,5.0,1.0,0.82,0.9040625,0.06,2.335873235328343,0.639746388178938,0.04758942457231726,-0.19406250000000003,0.8563534706317388
notchParamRand::lvl-66.txt,notchParamRand,200.0,16.0,0.0625,0.0015625,0.000625,0.000625,0.0028125,0.001875,0.0034375,11.0,0.00125,0.0009375,0.0003125,0.0,0.0,2.0,2.0,4.0,0.025,0.01,0.21581115999592781,0.6282178429460735,0.2864321608040201,1.43,5.0,1.0,0.975,0.9084375,0.07,1.7719600448498014,0.6164079360318667,0.04292379471228616,-0.0328125,0.8647195728116995
notchParamRand::lvl-67.txt,notchParamRand,200.0,16.0,0.0628125,0.0021875,0.00375,0.00375,0.0015625,0.0,0.0053125,17.0,0.0009375,0.0003125,0.000625,0.0,0.0,2.0,2.0,3.0,0.03,0.01,0.10180502528436242,0.7400882322058051,0.3768844221105528,1.52,5.0,1.0,0.97,0.905,0.06,2.0434848679184237,0.6358276200548612,0.04665629860031104,-0.033125,0.8550415469744879
notchParamRand::lvl-68.txt,notchParamRand,200.0,16.0,0.0553125,0.0021875,0.001875,0.001875,0.0,0.0,0.001875,6.0,0.0015625,0.0009375,0.000625,0.0,0.0,2.0,6.0,5.0,0.15,0.03,0.001523123345663957,0.9766946373659341,0.5276381909547738,1.59,5.0,1.0,0.85,0.9034375,0.065,2.4962486269358286,0.645256290074582,0.05225505443234837,-0.1621875,0.8497234260432835
notchParamRand::lvl-69.txt,notchParamRand,200.0,16.0,0.06375,0.0025,0.001875,0.0021875,0.0040625,0.0,0.00625,20.0,0.0003125,0.0,0.0003125,0.0,0.0,1.0,1.0,4.0,0.02,0.005,0.04150301330650885,0.6391194404860121,0.39195979899497485,1.425,5.0,1.0,0.98,0.9115625,0.045,1.817767351574827,0.5991668875358547,0.04385692068429238,-0.0240625,0.8533705836060886
notchParamRand::lvl-7.txt,notchParamRand,200.0,16.0,0.06375,0.0025,0.0034375,0.00375,0.0040625,0.0,0.0078125,25.0,0.0003125,0.0,0.0003125,0.0,0.0,1.0,1.0,4.0,0.02,0.005,0.0003556789379884906,0.6219881422035551,0.3869346733668342,1.345,5.0,1.0,0.98,0.915,0.05,1.7216641855546302,0.5694746800258725,0.04416796267496112,-0.0225,0.8626625405361532
notchParamRand::lvl-70.txt,notchParamRand,200.0,16.0,0.0603125,0.0025,0.0025,0.0025,0.001875,0.001875,0.004375,14.0,0.0,0.0,0.0,0.0,0.0,0.0,5.0,3.0,0.075,0.025,0.00032022363901407225,1.0279011925298134,0.6030150753768844,1.74,5.0,1.0,0.925,0.8921875,0.055,2.479024723778903,0.7113221322393503,0.05194401244167963,-0.078125,0.8550794965278721
notchParamRand::lvl-71.txt,notchParamRand,200.0,16.0,0.061875,0.001875,0.001875,0.001875,0.001875,0.0,0.00375,12.0,0.0021875,0.0015625,0.000625,0.0,0.0,2.0,4.0,2.0,0.04,0.02,0.002738773826488572,0.8986904672616817,0.48743718592964824,1.6,5.0,1.0,0.96,0.899375,0.07,2.111564855037788,0.6716215957111298,0.0510108864696734,-0.043437500000000004,0.8602352954436824
notchParamRand::lvl-72.txt,notchParamRand,200.0,16.0,0.0659375,0.0040625,0.0040625,0.004375,0.0009375,0.0,0.0053125,17.0,0.00125,0.000625,0.000625,0.0,0.0,2.0,1.0,2.0,0.01,0.005,0.005940372812411665,0.7627474836870922,0.592964824120603,1.465,5.0,1.0,0.99,0.91375,0.065,1.718265544901696,0.5801173880024191,0.0463452566096423,-0.0109375,0.8562302137265898
notchParamRand::lvl-73.txt,notchParamRand,200.0,16.0,0.0615625,0.0015625,0.003125,0.004375,0.0040625,0.00125,0.0084375,27.0,0.0034375,0.0028125,0.000625,0.0,0.0,2.0,2.0,4.0,0.04,0.01,0.060189368963989076,0.6552447236180905,0.2964824120603015,1.45,5.0,1.0,0.96,0.900625,0.09,2.5944985940430825,0.6934156502732249,0.05598755832037325,-0.045000000000000005,0.8505664664837609
notchParamRand::lvl-74.txt,notchParamRand,200.0,16.0,0.0640625,0.0015625,0.00125,0.00125,0.0034375,0.0,0.0046875,15.0,0.0009375,0.000625,0.0003125,0.0,0.0,2.0,0.0,0.0,0.0,0.0,0.059019040221201746,0.5149478361959049,0.24623115577889448,1.295,4.0,1.0,1.0,0.9178125,0.045,1.243101419107657,0.5380463715132713,0.04074650077760498,0.00375,0.8517359872639115
notchParamRand::lvl-75.txt,notchParamRand,200.0,16.0,0.0653125,0.0028125,0.0021875,0.0021875,0.0053125,0.0,0.0075,24.0,0.000625,0.0003125,0.0003125,0.0,0.0,2.0,0.0,0.0,0.0,0.0,0.0065762607954346075,0.5042696767419186,0.3969849246231156,1.285,4.0,1.0,1.0,0.9196875,0.045,1.4136818949698378,0.5269137961927804,0.04043545878693624,0.006875,0.8538177299847148
notchParamRand::lvl-76.txt,notchParamRand,200.0,16.0,0.0571875,0.0021875,0.0015625,0.0015625,0.0009375,0.001875,0.0025,8.0,0.0034375,0.0028125,0.000625,0.0,0.0,2.0,6.0,4.0,0.12,0.03,0.061781858224219444,0.7876842721068026,0.457286432160804,1.42,5.0,1.0,0.88,0.9096875,0.1,2.5016291823851207,0.632646546446878,0.05629860031104199,-0.13093749999999998,0.8484038342507733
notchParamRand::lvl-77.txt,notchParamRand,200.0,16.0,0.0540625,0.0009375,0.0009375,0.0009375,0.0021875,0.00125,0.003125,10.0,0.0028125,0.001875,0.0009375,0.0,0.0,2.0,5.0,6.0,0.15,0.025,0.005997469118803944,0.46224210605265126,0.24623115577889448,1.095,5.0,1.0,0.85,0.926875,0.08,2.06388721864623,0.5198294105382373,0.05069984447900466,-0.1646875,0.8626821641298099
notchParamRand::lvl-78.txt,notchParamRand,200.0,16.0,0.0578125,0.0015625,0.0015625,0.0015625,0.00375,0.0,0.0053125,17.0,0.0003125,0.0,0.0003125,0.0,0.0,1.0,4.0,5.0,0.1,0.02,0.013525821299396501,0.7080498987474687,0.3768844221105528,1.335,5.0,1.0,0.9,0.9153125,0.045,2.041225091995434,0.5779036018938001,0.045723172628304824,-0.1075,0.854727963019699
notchParamRand::lvl-79.txt,notchParamRand,200.0,16.0,0.064375,0.0040625,0.003125,0.003125,0.005,0.0,0.008125,26.0,0.003125,0.0009375,0.0021875,0.0,0.0,2.0,4.0,2.0,0.035,0.02,0.09264750016061563,0.8826656716417911,0.6683417085427136,1.71,5.0,1.0,0.965,0.89375,0.085,2.5630880352212806,0.7233779160386474,0.05443234836702955,-0.035,0.8534319471255408
notchParamRand::lvl-8.txt,notchParamRand,200.0,16.0,0.06,0.000625,0.0003125,0.0003125,0.0009375,0.001875,0.00125,4.0,0.00125,0.00125,0.0,0.0,0.0,1.0,2.0,5.0,0.05,0.01,0.05588322164980519,0.4955633465836646,0.1306532663316583,1.285,5.0,1.0,0.95,0.916875,0.065,1.602592966275084,0.5616300518038763,0.04136858475894246,-0.0625,0.8600857751198252
notchParamRand::lvl-80.txt,notchParamRand,200.0,16.0,0.0634375,0.0028125,0.003125,0.003125,0.00375,0.0,0.006875,22.0,0.0021875,0.0009375,0.00125,0.0,0.0,2.0,2.0,5.0,0.03,0.01,0.04093962349058733,0.48857709442736064,0.39195979899497485,1.25,5.0,1.0,0.97,0.9209375,0.06,1.5898766575391097,0.5245487959265337,0.042301710730948676,-0.0378125,0.8653581066305168
notchParamRand::lvl-81.txt,notchParamRand,200.0,16.0,0.06375,0.003125,0.0028125,0.003125,0.0021875,0.0,0.0053125,17.0,0.00125,0.0003125,0.0009375,0.0,0.0,2.0,2.0,3.0,0.03,0.01,0.0063672490084517586,0.8540344258606466,0.542713567839196,1.515,5.0,1.0,0.97,0.9078125,0.07,1.9805197910590655,0.6228504754918553,0.05069984447900466,-0.033437499999999995,0.85354922667922
notchParamRand::lvl-82.txt,notchParamRand,200.0,16.0,0.0575,0.000625,0.000625,0.000625,0.0025,0.0,0.003125,10.0,0.001875,0.00125,0.000625,0.0,0.0,2.0,6.0,3.0,0.09,0.03,0.002464948737395223,0.8908206855171379,0.38190954773869346,1.485,5.0,1.0,0.91,0.90375,0.065,2.1023064160200167,0.6382523770391711,0.04758942457231726,-0.09625,0.8607561692549148
notchParamRand::lvl-83.txt,notchParamRand,200.0,16.0,0.055,0.00125,0.0034375,0.00375,0.005,0.0,0.00875,28.0,0.0021875,0.0015625,0.000625,0.0,0.0,2.0,7.0,4.0,0.14,0.035,0.000791473179644675,1.083347468686717,0.44221105527638194,1.58,5.0,1.0,0.86,0.89375,0.07,2.7682699655820855,0.7145729994512704,0.053810264385692065,-0.14343750000000002,0.8645116595813731
notchParamRand::lvl-84.txt,notchParamRand,200.0,16.0,0.06125,0.0015625,0.0015625,0.0015625,0.0028125,0.0,0.004375,14.0,0.001875,0.00125,0.000625,0.0,0.0,2.0,5.0,2.0,0.045,0.025,0.019962972215689212,0.9020403135078376,0.46733668341708545,1.625,5.0,1.0,0.955,0.8965625,0.075,2.227780354909376,0.6833664141475305,0.049455676516329705,-0.047499999999999994,0.8543533415170167
notchParamRand::lvl-85.txt,notchParamRand,200.0,16.0,0.065625,0.0034375,0.0034375,0.0034375,0.0003125,0.0,0.00375,12.0,0.0,0.0,0.0,0.0,0.0,0.0,1.0,1.0,0.005,0.005,0.04634008119868538,0.4494050251256281,0.457286432160804,1.265,5.0,1.0,0.995,0.9271875,0.03,0.9759395789623063,0.45775323160363,0.030171073094867808,-0.0037500000000000003,0.8751793565350671
notchParamRand::lvl-86.txt,notchParamRand,200.0,16.0,0.06,0.001875,0.001875,0.001875,0.00375,0.003125,0.005625,18.0,0.0034375,0.0015625,0.001875,0.0,0.0,2.0,7.0,2.0,0.07,0.035,0.0034410854320550133,0.9870667516687917,0.6130653266331658,1.74,5.0,1.0,0.93,0.884375,0.115,2.889717448163947,0.7784674291175161,0.06251944012441679,-0.0728125,0.8520101638413624
notchParamRand::lvl-87.txt,notchParamRand,200.0,16.0,0.0525,0.0009375,0.000625,0.000625,0.0028125,0.0,0.0034375,11.0,0.0009375,0.000625,0.0003125,0.0,0.0,2.0,7.0,5.0,0.175,0.035,0.06693091967653297,1.01377219680492,0.47738693467336685,1.625,5.0,1.0,0.825,0.8965625,0.055,2.5826975064199456,0.6722224423272564,0.04821150855365474,-0.185,0.8572572399538112
notchParamRand::lvl-88.txt,notchParamRand,200.0,16.0,0.064375,0.00375,0.0034375,0.00375,0.0059375,0.0,0.0096875,31.0,0.0021875,0.0015625,0.000625,0.0,0.0,2.0,2.0,3.0,0.03,0.01,0.020229196862717624,0.9548605040126003,0.6482412060301508,1.595,5.0,1.0,0.97,0.899375,0.075,2.349497692858734,0.6866343254856363,0.05163297045101089,-0.03,0.8542966440519055
notchParamRand::lvl-89.txt,notchParamRand,200.0,16.0,0.0646875,0.0040625,0.003125,0.0034375,0.0003125,0.001875,0.00375,12.0,0.0015625,0.0009375,0.000625,0.0,0.0,2.0,1.0,6.0,0.03,0.005,0.05938696655549569,0.831222470561764,0.5879396984924623,1.535,5.0,1.0,0.97,0.90875,0.08,2.0294514860827606,0.6257677805147412,0.05069984447900466,-0.0428125,0.8539521822311065
notchParamRand::lvl-9.txt,notchParamRand,200.0,16.0,0.06125,0.0025,0.001875,0.001875,0.0040625,0.001875,0.0059375,19.0,0.0003125,0.0,0.0003125,0.0,0.0,1.0,3.0,4.0,0.06,0.015,0.059430704955561464,1.000607402685067,0.5527638190954773,1.705,5.0,1.0,0.94,0.8925,0.06,2.456932006534085,0.7151068302736829,0.049766718506998445,-0.064375,0.8552946906555813
notchParamRand::lvl-90.txt,notchParamRand,200.0,16.0,0.0590625,0.000625,0.0003125,0.0003125,0.0003125,0.0,0.000625,2.0,0.0021875,0.00125,0.0009375,0.0,0.0,2.0,3.0,6.0,0.065,0.015,0.032611250616292775,0.42822858321458035,0.19597989949748743,1.185,5.0,1.0,0.935,0.9246875,0.055,1.3877435406565697,0.49896976488103517,0.038880248833592534,-0.0815625,0.8596533768943484
notchParamRand::lvl-91.txt,notchParamRand,200.0,16.0,0.0659375,0.0034375,0.003125,0.003125,0.004375,0.0,0.0075,24.0,0.0015625,0.0009375,0.000625,0.0,0.0,2.0,0.0,0.0,0.0,0.0,0.030113582740503464,0.6105322283057076,0.46733668341708545,1.365,4.0,1.0,1.0,0.915625,0.05,1.6622968764384038,0.5650180760815373,0.0432348367029549,0.0059375,0.8590458178344359
notchParamRand::lvl-92.txt,notchParamRand,200.0,16.0,0.0584375,0.0025,0.0025,0.0025,0.0028125,0.00125,0.0053125,17.0,0.0025,0.001875,0.000625,0.0,0.0,2.0,7.0,3.0,0.105,0.035,0.0088593576580962,0.8745704642616066,0.5628140703517588,1.475,5.0,1.0,0.895,0.9059375,0.09,2.55988249314772,0.6571293892423706,0.05443234836702955,-0.1096875,0.845499100586429
notchParamRand::lvl-93.txt,notchParamRand,200.0,16.0,0.064375,0.0040625,0.0040625,0.0040625,0.00375,0.0,0.0078125,25.0,0.0015625,0.0009375,0.000625,0.0,0.0,2.0,3.0,3.0,0.035,0.015,0.07978916152746895,0.9155776869421736,0.6331658291457286,1.655,5.0,1.0,0.965,0.8990625,0.07,2.306307966236221,0.6829553324859429,0.048833592534992226,-0.036250000000000004,0.8578576770034837
notchParamRand::lvl-94.txt,notchParamRand,200.0,16.0,0.0534375,0.001875,0.0025,0.0028125,0.0003125,0.0,0.003125,10.0,0.00375,0.003125,0.000625,0.0,0.0,2.0,7.0,5.0,0.175,0.035,0.0447614573822992,0.9876176854421361,0.48743718592964824,1.53,5.0,1.0,0.825,0.9028125,0.085,2.632894822693335,0.6606533445362265,0.05069984447900466,-0.18812500000000001,0.8584029207114484
notchParamRand::lvl-95.txt,notchParamRand,200.0,16.0,0.0571875,0.0003125,0.0,0.0,0.0,0.0,0.0,0.0,0.0,0.0,0.0,0.0,0.0,0.0,6.0,3.0,0.09,0.03,0.015081945589385137,0.84495999399985,0.3165829145728643,1.525,5.0,1.0,0.91,0.9053125,0.03,1.6701868857191693,0.603497376312033,0.04105754276827372,-0.0975,0.8564266230808669
notchParamRand::lvl-96.txt,notchParamRand,200.0,16.0,0.063125,0.003125,0.0025,0.0028125,0.0028125,0.00375,0.005625,18.0,0.0009375,0.0009375,0.0,0.0,0.0,1.0,2.0,4.0,0.04,0.01,0.026958214924218904,1.0653187879696993,0.5829145728643216,1.79,5.0,1.0,0.96,0.886875,0.085,2.4395717246587987,0.7551004294023084,0.05629860031104199,-0.045312500000000006,0.8426168562496678
notchParamRand::lvl-97.txt,notchParamRand,200.0,16.0,0.0559375,0.0021875,0.001875,0.001875,0.0003125,0.0,0.0021875,7.0,0.0034375,0.0015625,0.001875,0.0,0.0,2.0,7.0,4.0,0.14,0.035,0.009478737530025705,1.017501950048751,0.6080402010050251,1.525,5.0,1.0,0.86,0.9053125,0.085,2.47354159210271,0.6426988196783487,0.05132192846034215,-0.15125000000000002,0.8555472898178895
notchParamRand::lvl-98.txt,notchParamRand,200.0,16.0,0.0615625,0.000625,0.0003125,0.0003125,0.003125,0.0,0.0034375,11.0,0.0028125,0.0015625,0.00125,0.0,0.0,2.0,2.0,4.0,0.025,0.01,0.22477419423084455,0.5369548413710343,0.1407035175879397,1.29,5.0,1.0,0.975,0.9146875,0.06,1.6219894048728283,0.566323073131342,0.04105754276827372,-0.034375,0.862728059812901
notchParamRand::lvl-99.txt,notchParamRand,200.0,16.0,0.0625,0.001875,0.0015625,0.0015625,0.003125,0.0,0.0046875,15.0,0.00125,0.0009375,0.0003125,0.0,0.0,2.0,3.0,2.0,0.03,0.015,0.022865308729400624,0.8837394209855246,0.46733668341708545,1.545,5.0,1.0,0.97,0.9028125,0.06,1.9938246441238732,0.6452066772906541,0.04852255054432349,-0.0315625,0.8478107306739382
ore::lvl-1.txt,ore,200.0,16.0,0.0825,0.013125,0.001875,0.003125,0.0,0.009375,0.003125,10.0,0.005,0.0021875,0.001875,0.0,0.0009375,3.0,14.0,26.0,0.35,0.07,0.009434374671138057,3.0300907447686196,1.7738693467336684,6.55,14.0,7.0,0.95,0.6134375,0.335,5.002087593363597,1.5008526823300286,0.12099533437013997,-0.416875,0.8987179487179487
ore::lvl-10.txt,ore,200.0,16.0,0.0875,0.008125,0.0015625,0.003125,0.0,0.0125,0.003125,10.0,0.00375,0.0021875,0.0015625,0.0,0.0,2.0,15.0,19.0,0.3,0.075,0.12454369561989287,3.1216683567089176,1.5376884422110553,7.14,14.0,5.0,1.0,0.5678125,0.375,5.327337146030128,1.5490606370750315,0.12939346811819596,-0.34812499999999996,0.9046762589928058
ore::lvl-100.txt,ore,200.0,16.0,0.0725,0.004375,0.0025,0.003125,0.000625,0.013125,0.00375,12.0,0.0028125,0.000625,0.001875,0.0003125,0.0,3.0,13.0,17.0,0.25,0.065,0.060032747774283024,2.580918750468762,1.085427135678392,5.105,12.0,7.0,0.925,0.6696875,0.315,4.7380386540778,1.3994349229326588,0.1119751166407465,-0.2915625,0.8860803324099723
ore::lvl-11.txt,ore,200.0,16.0,0.095625,0.0175,0.00125,0.003125,0.0003125,0.00875,0.0034375,11.0,0.006875,0.0021875,0.0015625,0.000625,0.0025,4.0,12.0,4.0,0.17,0.06,0.005616399251465953,3.011790219755494,2.0050251256281406,5.61,13.0,5.0,0.93,0.680625,0.45,5.670211792281381,1.503930850999005,0.1368584758942457,-0.1834375,0.9098639455782312
ore::lvl-12.txt,ore,200.0,16.0,0.0715625,0.0046875,0.0025,0.003125,0.000625,0.016875,0.00375,12.0,0.00375,0.000625,0.0021875,0.0,0.0009375,3.0,8.0,72.0,0.46,0.04,0.05767067095297196,2.9126054601365037,1.221105527638191,6.51,13.0,5.0,0.965,0.5803125,0.27,4.504411513970171,1.5040168522019173,0.09860031104199067,-0.64,0.8781545741324921
ore::lvl-13.txt,ore,200.0,16.0,0.1009375,0.0184375,0.000625,0.0028125,0.0,0.0175,0.0028125,9.0,0.0034375,0.001875,0.00125,0.0003125,0.0,3.0,13.0,3.0,0.155,0.065,0.21826257453822018,2.971477731943298,1.6381909547738693,4.555,13.0,5.0,1.0,0.760625,0.455,5.4561851431533785,1.373229767640396,0.1321928460342146,-0.16312500000000002,0.9113849765258216
ore::lvl-14.txt,ore,200.0,16.0,0.09625,0.01625,0.00125,0.003125,0.000625,0.006875,0.00375,12.0,0.00375,0.0015625,0.001875,0.0003125,0.0,3.0,14.0,5.0,0.21,0.07,0.12407734889264788,2.8410346058651466,1.9396984924623115,6.235,12.0,4.0,0.89,0.639375,0.44,5.720667320094146,1.5127293007619127,0.13530326594090203,-0.2225,0.9162844036697247
ore::lvl-15.txt,ore,200.0,16.0,0.0946875,0.011875,0.0015625,0.003125,0.0,0.013125,0.003125,10.0,0.00375,0.0015625,0.0021875,0.0,0.0,2.0,17.0,5.0,0.215,0.085,0.011811851387489414,3.431985232130803,1.6532663316582914,6.095,14.0,5.0,0.945,0.6378125,0.415,5.542758507721802,1.5206273244068063,0.1328149300155521,-0.22812500000000002,0.9112149532710281
ore::lvl-16.txt,ore,200.0,16.0,0.0959375,0.015625,0.001875,0.003125,0.000625,0.01125,0.00375,12.0,0.0034375,0.0015625,0.001875,0.0,0.0,2.0,9.0,22.0,0.235,0.045,5.273078213663407e-05,3.339733233330833,1.7035175879396984,6.37,13.0,4.0,0.93,0.6225,0.44,5.630969074203731,1.533244924426128,0.13250388802488336,-0.2896875,0.9086651053864169
ore::lvl-17.txt,ore,200.0,16.0,0.0771875,0.0059375,0.0028125,0.003125,0.0009375,0.0125,0.0040625,13.0,0.004375,0.00125,0.0015625,0.000625,0.0009375,4.0,18.0,9.0,0.25,0.09,0.008878137573937406,2.980187339683492,1.170854271356784,5.75,12.0,4.0,0.9,0.6359375,0.36,5.169966791558317,1.4528064102348222,0.12441679626749612,-0.2728125,0.8943749999999999
ore::lvl-18.txt,ore,200.0,16.0,0.0628125,0.0025,0.003125,0.003125,0.000625,0.0175,0.00375,12.0,0.00375,0.0015625,0.0021875,0.0,0.0,2.0,11.0,4.0,0.145,0.055,0.011806470345214204,1.5922976374409359,0.7788944723618091,4.025,9.0,4.0,0.9,0.7259375,0.25,4.438615050093108,1.2703860608249202,0.09735614307931571,-0.155,0.8722133757961784
ore::lvl-19.txt,ore,200.0,16.0,0.07,0.0084375,0.0025,0.003125,0.000625,0.009375,0.00375,12.0,0.0046875,0.0025,0.0021875,0.0,0.0,2.0,10.0,3.0,0.125,0.05,0.02623195035552406,2.3779031425785644,1.1959798994974875,4.35,14.0,7.0,0.915,0.734375,0.285,4.57073350770992,1.2649590678804683,0.10668740279937791,-0.13343750000000001,0.8837209302325582
ore::lvl-2.txt,ore,200.0,16.0,0.094375,0.0075,0.0021875,0.003125,0.0003125,0.01625,0.0034375,11.0,0.0034375,0.0015625,0.0015625,0.0003125,0.0,3.0,10.0,58.0,0.42,0.05,5.256337995873661e-05,3.345365559138979,1.7135678391959799,7.39,13.0,4.0,0.94,0.5434375,0.4,5.446272821249241,1.6497658180228405,0.1265940902021773,-0.565,0.9050245098039216
ore::lvl-20.txt,ore,200.0,16.0,0.0940625,0.0171875,0.0009375,0.001875,0.0003125,0.008125,0.0021875,7.0,0.0040625,0.0021875,0.001875,0.0,0.0,2.0,16.0,4.0,0.235,0.08,0.052423800476705584,3.1269455861396533,1.7487437185929648,7.1,13.0,5.0,0.985,0.595625,0.37,5.17138551927538,1.5472895736874457,0.13623639191290823,-0.24687499999999998,0.9157175398633257
ore::lvl-21.txt,ore,200.0,16.0,0.109375,0.0184375,0.0021875,0.003125,0.0003125,0.01375,0.0034375,11.0,0.005625,0.0028125,0.001875,0.0,0.0009375,3.0,15.0,4.0,0.2,0.075,0.03902380699573449,3.272187744693617,2.040201005025126,5.04,12.0,5.0,0.96,0.7090625,0.475,5.815090027084721,1.5235790454601699,0.15085536547433903,-0.2121875,0.9311855670103093
ore::lvl-22.txt,ore,200.0,16.0,0.0703125,0.0028125,0.003125,0.003125,0.0003125,0.0175,0.0034375,11.0,0.00375,0.0015625,0.0021875,0.0,0.0,2.0,12.0,11.0,0.25,0.06,0.052640996078522684,2.599974949373734,1.065326633165829,5.79,14.0,4.0,0.895,0.614375,0.29,4.705298543714132,1.4678844137825915,0.10326594090202178,-0.2778125,0.8802552552552553
ore::lvl-23.txt,ore,200.0,16.0,0.06375,0.00375,0.0015625,0.001875,0.0,0.013125,0.001875,6.0,0.00375,0.0015625,0.0015625,0.000625,0.0,3.0,11.0,13.0,0.25,0.055,0.1935708930771125,2.4692262056551413,0.9698492462311558,4.505,11.0,4.0,0.885,0.70875,0.24,4.47721131448781,1.307788720236026,0.09984447900466563,-0.28437500000000004,0.8796728971962616
ore::lvl-24.txt,ore,200.0,16.0,0.0859375,0.008125,0.00125,0.003125,0.000625,0.013125,0.00375,12.0,0.00375,0.0015625,0.0021875,0.0,0.0,2.0,10.0,3.0,0.135,0.05,0.03112603639887801,2.383977529438236,1.4020100502512562,5.205,13.0,5.0,0.975,0.675,0.365,5.1935235854080215,1.4419817057846909,0.11695178849144634,-0.14250000000000002,0.889920424403183
ore::lvl-25.txt,ore,200.0,16.0,0.1090625,0.0175,0.0021875,0.003125,0.0003125,0.011875,0.0034375,11.0,0.0034375,0.0015625,0.0015625,0.0003125,0.0,3.0,17.0,5.0,0.22,0.085,0.033688120593427295,3.3067986349658742,1.7688442211055277,6.725,13.0,5.0,0.94,0.6034375,0.445,5.705203650314207,1.5894380925863323,0.14650077760497668,-0.2325,0.9282309322033898
ore::lvl-26.txt,ore,200.0,16.0,0.1009375,0.0175,0.000625,0.003125,0.000625,0.009375,0.00375,12.0,0.00375,0.0025,0.00125,0.0,0.0,2.0,10.0,3.0,0.14,0.05,0.0216768986385929,3.1201077851946297,1.7738693467336684,5.305,13.0,7.0,0.97,0.7103125,0.425,5.506709045659159,1.4438352161907595,0.136547433903577,-0.14750000000000002,0.9082386363636363
ore::lvl-27.txt,ore,200.0,16.0,0.07875,0.009375,0.0015625,0.0028125,0.0003125,0.0125,0.003125,10.0,0.00375,0.001875,0.00125,0.000625,0.0,3.0,14.0,31.0,0.35,0.07,0.008367952968966197,3.086978894472362,1.5075376884422111,6.875,12.0,4.0,0.9,0.5846875,0.31,4.9164416046396235,1.5088291069477795,0.11477449455676517,-0.428125,0.8851902173913043
ore::lvl-28.txt,ore,200.0,16.0,0.0846875,0.0146875,0.001875,0.003125,0.000625,0.00875,0.00375,12.0,0.0025,0.00125,0.00125,0.0,0.0,2.0,14.0,4.0,0.19,0.07,0.0004093443650938777,3.324503720093002,1.5175879396984924,5.74,14.0,5.0,0.95,0.6671875,0.34,5.068965378437668,1.4150298706773812,0.11788491446345256,-0.19875,0.8941292875989446
ore::lvl-29.txt,ore,200.0,16.0,0.07125,0.01,0.001875,0.003125,0.0003125,0.01375,0.0034375,11.0,0.0040625,0.001875,0.0015625,0.000625,0.0,3.0,10.0,49.0,0.44,0.05,0.02033405745929706,2.8359529288232204,1.4572864321608041,6.225,13.0,5.0,0.92,0.60875,0.26,4.578668660467947,1.4666161888913136,0.10948678071539658,-0.5631250000000001,0.8788951841359773
ore::lvl-3.txt,ore,200.0,16.0,0.074375,0.0096875,0.0028125,0.003125,0.000625,0.015625,0.00375,12.0,0.0034375,0.00125,0.001875,0.0003125,0.0,3.0,10.0,3.0,0.14,0.05,0.025577805743801862,2.205706637665942,1.1155778894472361,4.09,12.0,4.0,0.915,0.7540625,0.275,4.299585281678809,1.2659940092226336,0.11601866251944012,-0.14718750000000003,0.8816844919786097
ore::lvl-30.txt,ore,200.0,16.0,0.0609375,0.003125,0.0021875,0.003125,0.0009375,0.015625,0.0040625,13.0,0.0040625,0.0009375,0.0021875,0.0,0.0009375,3.0,11.0,3.0,0.14,0.055,0.0005029755707790518,1.273249711242781,0.678391959798995,2.6,7.0,1.0,0.86,0.8175,0.21,3.842031981901778,1.0698116719345974,0.08895800933125972,-0.14750000000000002,0.8554612295517628
ore::lvl-31.txt,ore,200.0,16.0,0.086875,0.0134375,0.0025,0.003125,0.0003125,0.01125,0.0034375,11.0,0.0046875,0.0025,0.00125,0.0009375,0.0,3.0,12.0,3.0,0.16,0.06,0.030671566979149856,2.6243106427660687,1.7185929648241205,4.385,13.0,3.0,0.895,0.755625,0.43,5.45391711145549,1.309355747653923,0.13188180404354588,-0.16875,0.9141176470588235
ore::lvl-32.txt,ore,200.0,16.0,0.08,0.005625,0.0028125,0.003125,0.000625,0.00875,0.00375,12.0,0.0059375,0.00125,0.0021875,0.0,0.0025,3.0,12.0,9.0,0.2,0.06,0.030978068958721905,2.608233510837771,1.185929648241206,5.715,14.0,5.0,0.965,0.63375,0.295,4.759586315926338,1.4750416638216766,0.11788491446345256,-0.2246875,0.8928100263852242
ore::lvl-33.txt,ore,200.0,16.0,0.11875,0.02375,0.0009375,0.003125,0.000625,0.01375,0.00375,12.0,0.0034375,0.0015625,0.001875,0.0,0.0,2.0,11.0,4.0,0.165,0.055,0.05459285449379103,3.5240204305107623,2.2814070351758793,6.735,13.0,5.0,1.03,0.6203125,0.53,5.903719978152653,1.6340600095116258,0.15396578538102643,-0.17468750000000002,0.9327116935483871
ore::lvl-34.txt,ore,200.0,16.0,0.0840625,0.01375,0.000625,0.0028125,0.0003125,0.016875,0.003125,10.0,0.0053125,0.0034375,0.00125,0.000625,0.0,3.0,14.0,9.0,0.23,0.07,0.09884612371702395,2.8523846096152403,1.6582914572864322,6.425,13.0,1.0,0.86,0.6096875,0.4,5.452916233461292,1.5326759431157586,0.12130637636080871,-0.2546875,0.9003205128205128
ore::lvl-35.txt,ore,200.0,16.0,0.0896875,0.0178125,0.0015625,0.003125,0.0,0.00875,0.003125,10.0,0.0040625,0.0021875,0.001875,0.0,0.0,2.0,15.0,3.0,0.18,0.075,0.08664729567032581,2.98054349358734,1.8592964824120604,5.59,13.0,5.0,0.885,0.6875,0.37,5.196131306945324,1.4079842038236101,0.13312597200622084,-0.1884375,0.9129672897196262
ore::lvl-36.txt,ore,200.0,16.0,0.085625,0.0165625,0.0015625,0.003125,0.0003125,0.009375,0.0034375,11.0,0.00375,0.0015625,0.001875,0.0003125,0.0,3.0,16.0,6.0,0.21,0.08,0.06410908626450362,2.7595895372384307,1.9095477386934674,5.925,13.0,2.0,0.885,0.6640625,0.405,5.463547846265921,1.4215996679609528,0.12223950233281493,-0.22531249999999997,0.89498730964467
ore::lvl-37.txt,ore,200.0,16.0,0.0834375,0.0109375,0.001875,0.0028125,0.0009375,0.01125,0.00375,12.0,0.004375,0.00125,0.0009375,0.000625,0.0015625,4.0,14.0,12.0,0.225,0.07,0.00026476008949360974,2.281486904672617,1.306532663316583,6.645,12.0,4.0,0.92,0.5903125,0.325,4.980522390543416,1.5447085338081408,0.1166407465007776,-0.255625,0.8866356382978723
ore::lvl-38.txt,ore,200.0,16.0,0.09625,0.02,0.000625,0.003125,0.000625,0.015,0.00375,12.0,0.0040625,0.0025,0.0015625,0.0,0.0,2.0,11.0,4.0,0.165,0.055,0.021755507142271813,2.6405674641866046,1.778894472361809,5.7,13.0,5.0,0.95,0.6675,0.425,5.4884593453797965,1.5148470358376767,0.12628304821150854,-0.1753125,0.9017199017199017
ore::lvl-39.txt,ore,200.0,16.0,0.075,0.005,0.0028125,0.003125,0.0003125,0.0175,0.0034375,11.0,0.004375,0.00125,0.0021875,0.0,0.0009375,3.0,10.0,5.0,0.145,0.05,1.6751600669384636e-05,2.7775595589889748,1.1155778894472361,5.545,12.0,5.0,0.945,0.6415625,0.32,4.914008432840114,1.4493812335581735,0.11321928460342146,-0.15843749999999998,0.8873287671232877
ore::lvl-4.txt,ore,200.0,16.0,0.1225,0.016875,0.0015625,0.003125,0.0003125,0.0125,0.0034375,11.0,0.004375,0.001875,0.0015625,0.0,0.0009375,3.0,14.0,3.0,0.18,0.07,0.16742124495660105,3.430589334733368,2.030150753768844,6.19,14.0,5.0,1.03,0.653125,0.545,5.941336772927462,1.6481818091712035,0.159253499222395,-0.18843749999999998,0.9298245614035088
ore::lvl-40.txt,ore,200.0,16.0,0.1053125,0.021875,0.001875,0.003125,0.000625,0.008125,0.00375,12.0,0.003125,0.0015625,0.00125,0.0003125,0.0,3.0,14.0,3.0,0.175,0.07,0.0034153238587589785,3.424849666241656,1.9899497487437185,5.895,13.0,7.0,1.005,0.675625,0.465,5.681663216375696,1.5044682810985677,0.14401244167962676,-0.18187499999999998,0.9233261339092873
ore::lvl-41.txt,ore,200.0,16.0,0.0934375,0.01125,0.001875,0.003125,0.000625,0.01375,0.00375,12.0,0.00375,0.001875,0.001875,0.0,0.0,2.0,13.0,11.0,0.235,0.065,0.06927837865406716,2.955418255456386,1.4974874371859297,6.82,14.0,5.0,0.935,0.59375,0.42,5.5151555651503505,1.5654131690394255,0.13530326594090203,-0.2625,0.908256880733945
ore::lvl-42.txt,ore,200.0,16.0,0.0828125,0.018125,0.00125,0.003125,0.000625,0.01,0.00375,12.0,0.0040625,0.00125,0.001875,0.0,0.0009375,3.0,11.0,4.0,0.155,0.055,9.829430362373603e-05,2.740988682217055,1.4723618090452262,5.53,12.0,2.0,0.88,0.68,0.365,5.066969417799709,1.3977002271316739,0.1181959564541213,-0.1653125,0.89501312335958
ore::lvl-43.txt,ore,200.0,16.0,0.0778125,0.0125,0.00125,0.003125,0.000625,0.0125,0.00375,12.0,0.003125,0.00125,0.001875,0.0,0.0,2.0,13.0,19.0,0.26,0.065,0.007727035240180702,2.537202962574064,1.5628140703517588,5.925,13.0,5.0,0.93,0.6403125,0.315,4.855194913285491,1.4466766407424099,0.10948678071539658,-0.306875,0.884915014164306
ore::lvl-44.txt,ore,200.0,16.0,0.0953125,0.00875,0.001875,0.003125,0.0,0.01375,0.003125,10.0,0.004375,0.00125,0.0021875,0.0,0.0009375,3.0,17.0,7.0,0.265,0.085,0.19474352241169957,3.129381864546614,1.829145728643216,6.27,14.0,5.0,0.95,0.61,0.475,5.818298794903265,1.5497931658035702,0.1514774494556765,-0.28375000000000006,0.9213627049180327
ore::lvl-45.txt,ore,200.0,16.0,0.104375,0.015,0.001875,0.003125,0.000625,0.011875,0.00375,12.0,0.0034375,0.001875,0.00125,0.0003125,0.0,3.0,13.0,6.0,0.195,0.065,0.025392806481197128,3.2792692492312305,2.030150753768844,5.84,14.0,8.0,1.0,0.663125,0.465,5.618977478106416,1.5535359652474898,0.14276827371695178,-0.20968750000000003,0.9228260869565217
ore::lvl-46.txt,ore,200.0,16.0,0.07625,0.00875,0.00125,0.0028125,0.0009375,0.01,0.00375,12.0,0.004375,0.0021875,0.0021875,0.0,0.0,2.0,14.0,9.0,0.225,0.07,0.07852885391330844,2.6803055201380035,1.4120603015075377,5.485,13.0,3.0,0.895,0.663125,0.325,4.8064088616418745,1.3855551631906398,0.11477449455676517,-0.24812499999999998,0.8930027173913043
ore::lvl-47.txt,ore,200.0,16.0,0.115625,0.025,0.0009375,0.003125,0.0003125,0.011875,0.0034375,11.0,0.0040625,0.0015625,0.0015625,0.0,0.0009375,3.0,13.0,4.0,0.185,0.065,0.0016920656934916734,3.5202546463661593,2.090452261306533,6.54,13.0,5.0,1.02,0.6646875,0.505,5.907114878578943,1.595817839922272,0.1458786936236392,-0.195625,0.9199468085106383
ore::lvl-48.txt,ore,200.0,16.0,0.0896875,0.0134375,0.0015625,0.003125,0.000625,0.00625,0.00375,12.0,0.004375,0.0015625,0.001875,0.0,0.0009375,3.0,15.0,8.0,0.235,0.075,0.0007501111002503613,3.0262709817745446,1.7085427135678393,6.34,13.0,4.0,0.915,0.6240625,0.405,5.334538763539687,1.5073116349521465,0.13530326594090203,-0.255625,0.914367816091954
ore::lvl-49.txt,ore,200.0,16.0,0.0875,0.0084375,0.0021875,0.003125,0.000625,0.015625,0.00375,12.0,0.003125,0.00125,0.001875,0.0,0.0,2.0,10.0,3.0,0.135,0.05,0.09237460614987925,2.796696684917123,1.100502512562814,4.485,12.0,5.0,0.95,0.7246875,0.385,5.250021594116555,1.3953289000483053,0.11695178849144634,-0.141875,0.883289124668435
ore::lvl-5.txt,ore,200.0,16.0,0.09875,0.0128125,0.0015625,0.003125,0.000625,0.015625,0.00375,12.0,0.0046875,0.0028125,0.0015625,0.0003125,0.0,3.0,11.0,3.0,0.16,0.055,0.22815138749166786,2.4955037500937522,1.6984924623115578,4.635,14.0,6.0,0.96,0.7178125,0.46,5.709761401178407,1.4659983467911974,0.13623639191290823,-0.16843750000000002,0.9077448747152619
ore::lvl-50.txt,ore,200.0,16.0,0.0821875,0.0140625,0.0015625,0.003125,0.000625,0.016875,0.00375,12.0,0.0021875,0.0009375,0.00125,0.0,0.0,2.0,14.0,4.0,0.195,0.07,0.19081796190907108,2.5633663316582913,1.4974874371859297,5.31,14.0,4.0,0.89,0.6925,0.37,5.138570028255456,1.4243061653343494,0.12317262830482115,-0.20343750000000002,0.8976700251889169
ore::lvl-51.txt,ore,200.0,16.0,0.088125,0.0128125,0.0015625,0.003125,0.000625,0.008125,0.00375,12.0,0.0053125,0.001875,0.001875,0.0003125,0.00125,4.0,15.0,8.0,0.275,0.075,0.027023151932653033,2.8605658291457288,1.7135678391959799,6.105,12.0,4.0,0.885,0.63,0.37,5.259069684947082,1.5078159707628789,0.12286158631415241,-0.29656250000000006,0.9050632911392404
ore::lvl-52.txt,ore,200.0,16.0,0.0990625,0.0178125,0.001875,0.003125,0.0009375,0.0075,0.0040625,13.0,0.0053125,0.001875,0.0021875,0.0,0.00125,3.0,13.0,9.0,0.205,0.065,0.08777027875341226,3.2367085127128177,1.9547738693467336,5.31,13.0,5.0,1.015,0.709375,0.425,5.5473282661627,1.442283314019996,0.14152410575427682,-0.22874999999999998,0.9139254385964912
ore::lvl-53.txt,ore,200.0,16.0,0.1146875,0.0121875,0.0015625,0.003125,0.000625,0.006875,0.00375,12.0,0.0040625,0.0021875,0.0015625,0.0003125,0.0,3.0,14.0,7.0,0.195,0.07,0.006748852295203389,4.211142541063526,2.251256281407035,6.265,14.0,7.0,1.08,0.6521875,0.47,5.852053811502051,1.6101015843720843,0.15241057542768274,-0.21281250000000002,0.926530612244898
ore::lvl-54.txt,ore,200.0,16.0,0.1025,0.014375,0.00125,0.003125,0.0009375,0.015,0.0040625,13.0,0.004375,0.0025,0.0015625,0.0003125,0.0,3.0,13.0,6.0,0.215,0.065,0.004634928736654609,3.0807867396684916,1.984924623115578,6.75,13.0,4.0,0.935,0.60125,0.49,5.8776138008827665,1.622145571676779,0.1443234836702955,-0.23031249999999998,0.9175646551724138
ore::lvl-55.txt,ore,200.0,16.0,0.0709375,0.0071875,0.0021875,0.003125,0.000625,0.00875,0.00375,12.0,0.003125,0.0009375,0.001875,0.0003125,0.0,3.0,12.0,6.0,0.19,0.06,0.0071812121890164615,2.5279906397659944,1.3618090452261307,4.995,13.0,7.0,0.9,0.6884375,0.33,4.935148337752727,1.3343323360875556,0.11166407465007776,-0.20437499999999997,0.8829861111111111
ore::lvl-56.txt,ore,200.0,16.0,0.083125,0.0121875,0.0015625,0.003125,0.000625,0.0075,0.00375,12.0,0.00625,0.0021875,0.0015625,0.0003125,0.0021875,4.0,11.0,4.0,0.155,0.055,0.006700350495807195,2.878634463361584,1.6281407035175879,5.975,13.0,3.0,0.91,0.659375,0.37,5.228748073072821,1.4504605092010339,0.128149300155521,-0.1675,0.9058716707021792
ore::lvl-57.txt,ore,200.0,16.0,0.115,0.0203125,0.0009375,0.003125,0.0003125,0.0175,0.0034375,11.0,0.0046875,0.0025,0.0009375,0.0003125,0.0009375,4.0,15.0,3.0,0.185,0.075,0.023178212173049384,3.230388524713118,2.0603015075376883,5.925,13.0,4.0,0.94,0.6596875,0.535,5.904543963334555,1.6224531638541675,0.15800933125972005,-0.19375,0.9317288801571709
ore::lvl-58.txt,ore,200.0,16.0,0.0796875,0.014375,0.00125,0.003125,0.0003125,0.01125,0.0034375,11.0,0.003125,0.0015625,0.00125,0.0003125,0.0,3.0,20.0,4.0,0.27,0.1,0.04539102396927419,2.7346957023925595,1.4824120603015076,6.515,12.0,4.0,0.895,0.6159375,0.335,4.943301538352982,1.4985765979198835,0.11073094867807154,-0.27968750000000003,0.8876050420168067
ore::lvl-59.txt,ore,200.0,16.0,0.1078125,0.014375,0.00125,0.003125,0.0003125,0.01625,0.0034375,11.0,0.00375,0.00125,0.00125,0.0,0.00125,3.0,12.0,4.0,0.175,0.06,0.0011895757618846092,3.748214917872947,2.2160804020100504,6.65,14.0,5.0,1.04,0.621875,0.5,5.81135412256636,1.6167036991269241,0.14743390357698288,-0.1853125,0.9221052631578948
ore::lvl-6.txt,ore,200.0,16.0,0.0903125,0.015625,0.0015625,0.003125,0.0003125,0.014375,0.0034375,11.0,0.003125,0.0015625,0.00125,0.0003125,0.0,3.0,10.0,3.0,0.145,0.05,0.10271158997308072,2.9498818420460515,1.8743718592964824,3.995,13.0,7.0,0.94,0.7925,0.385,5.13761053310156,1.2497527509280113,0.12348367029548989,-0.15218749999999998,0.9032663316582914
ore::lvl-60.txt,ore,200.0,16.0,0.100625,0.00875,0.001875,0.003125,0.0009375,0.01375,0.0040625,13.0,0.005,0.0028125,0.0015625,0.000625,0.0,3.0,17.0,7.0,0.285,0.085,0.018242577465816923,3.193442991074777,1.7537688442211055,6.815,13.0,5.0,0.91,0.580625,0.425,5.58521300193679,1.6338037703100263,0.14339035769828926,-0.30343749999999997,0.9136904761904762
ore::lvl-61.txt,ore,200.0,16.0,0.0975,0.01,0.0015625,0.003125,0.0003125,0.010625,0.0034375,11.0,0.004375,0.0025,0.0015625,0.0003125,0.0,3.0,10.0,3.0,0.14,0.05,0.0014510078513935154,3.86640796519913,2.236180904522613,5.105,13.0,5.0,1.025,0.70625,0.42,5.515121050526722,1.4753239970332235,0.1334370139968896,-0.1484375,0.9162790697674419
ore::lvl-62.txt,ore,200.0,16.0,0.064375,0.0053125,0.0028125,0.003125,0.0003125,0.0075,0.0034375,11.0,0.0040625,0.001875,0.001875,0.0003125,0.0,3.0,9.0,28.0,0.255,0.045,0.12355734286296449,2.3777285382134554,1.1809045226130652,4.785,12.0,4.0,0.89,0.6971875,0.25,4.4988195279564795,1.3056201247701176,0.10295489891135304,-0.32562500000000005,0.8882175226586103
ore::lvl-63.txt,ore,200.0,16.0,0.0784375,0.0115625,0.001875,0.003125,0.000625,0.0075,0.00375,12.0,0.00375,0.001875,0.0015625,0.0003125,0.0,3.0,13.0,32.0,0.395,0.065,0.009997262943423735,3.003327248181204,1.6582914572864322,6.89,13.0,7.0,0.975,0.585625,0.3,4.95635891603718,1.5083026115474727,0.11477449455676517,-0.47500000000000003,0.8840970350404312
ore::lvl-64.txt,ore,200.0,16.0,0.0615625,0.003125,0.003125,0.003125,0.0003125,0.00875,0.0034375,11.0,0.004375,0.0009375,0.001875,0.0003125,0.00125,4.0,8.0,56.0,0.365,0.04,0.05450591838844099,2.442166309157729,1.015075376884422,5.84,13.0,4.0,0.92,0.6284375,0.22,4.375267577030376,1.370676949984177,0.10171073094867807,-0.5059375,0.8803353658536586
ore::lvl-65.txt,ore,200.0,16.0,0.074375,0.01125,0.001875,0.003125,0.000625,0.014375,0.00375,12.0,0.005,0.0025,0.0015625,0.0,0.0009375,3.0,13.0,4.0,0.2,0.065,0.05208783484880253,2.3400500862521563,1.5075376884422111,5.38,14.0,5.0,0.9,0.67625,0.275,4.635885581832072,1.4054396519622738,0.11010886469673406,-0.21125000000000002,0.8898305084745762
ore::lvl-66.txt,ore,200.0,16.0,0.0975,0.0109375,0.00125,0.0025,0.000625,0.014375,0.003125,10.0,0.0059375,0.0025,0.0009375,0.000625,0.001875,4.0,12.0,10.0,0.23,0.06,0.2282380288950865,3.104427443186079,1.5979899497487438,6.325,14.0,4.0,0.915,0.62,0.395,5.291103770596739,1.5698711077043135,0.13934681181959566,-0.25781250000000006,0.9212138084632516
ore::lvl-67.txt,ore,200.0,16.0,0.080625,0.0109375,0.0015625,0.003125,0.000625,0.00875,0.00375,12.0,0.004375,0.00125,0.0015625,0.0003125,0.00125,4.0,13.0,4.0,0.18,0.065,0.050334874595826085,2.483244641116028,1.4170854271356783,3.68,13.0,4.0,0.885,0.7903125,0.345,4.940367542192414,1.2066125275280843,0.12006220839813375,-0.190625,0.8947028423772609
ore::lvl-68.txt,ore,200.0,16.0,0.083125,0.010625,0.0025,0.003125,0.0003125,0.013125,0.0034375,11.0,0.0053125,0.0021875,0.0015625,0.0003125,0.00125,4.0,12.0,4.0,0.175,0.06,0.021232104903601945,2.4641845121128028,1.3316582914572865,5.505,14.0,5.0,0.9,0.6515625,0.355,5.190396944767309,1.4762006961162706,0.11446345256609643,-0.18687499999999999,0.8994565217391305
ore::lvl-69.txt,ore,200.0,16.0,0.1053125,0.0134375,0.0025,0.0028125,0.000625,0.013125,0.0034375,11.0,0.00375,0.0015625,0.0015625,0.000625,0.0,3.0,15.0,8.0,0.225,0.075,0.10978443573969987,3.146481009525238,1.8693467336683418,5.925,13.0,5.0,0.98,0.65,0.48,5.77411881201021,1.560646999437439,0.14090202177293934,-0.2453125,0.9197019867549668
ore::lvl-7.txt,ore,200.0,16.0,0.074375,0.0071875,0.00125,0.003125,0.000625,0.011875,0.00375,12.0,0.0025,0.0009375,0.0009375,0.000625,0.0,3.0,14.0,6.0,0.185,0.07,0.06882425048932495,2.539481722043051,1.1155778894472361,4.505,12.0,3.0,0.895,0.718125,0.305,4.6144393528261265,1.3079351270785016,0.11632970451010886,-0.19874999999999998,0.8883333333333333
ore::lvl-70.txt,ore,200.0,16.0,0.1028125,0.013125,0.0009375,0.003125,0.0003125,0.02,0.0034375,11.0,0.005625,0.001875,0.0009375,0.000625,0.0021875,4.0,13.0,4.0,0.19,0.065,0.005857392152358365,3.311702182554564,1.7537688442211055,6.495,13.0,5.0,0.92,0.604375,0.44,5.639845687472601,1.6219351977369532,0.14152410575427682,-0.2021875,0.9207785087719298
ore::lvl-71.txt,ore,200.0,16.0,0.09,0.01,0.0021875,0.003125,0.0009375,0.010625,0.0040625,13.0,0.0034375,0.00125,0.001875,0.0003125,0.0,3.0,13.0,4.0,0.17,0.065,0.00012372412440353475,3.1131541363534088,1.7487437185929648,5.475,13.0,4.0,0.955,0.6653125,0.36,5.005835227015554,1.453075547546575,0.12534992223950234,-0.17937500000000003,0.9053217821782178
ore::lvl-72.txt,ore,200.0,16.0,0.0675,0.0078125,0.0025,0.003125,0.0,0.018125,0.003125,10.0,0.004375,0.0021875,0.001875,0.0003125,0.0,3.0,13.0,7.0,0.22,0.065,0.09567225686154857,2.7105546013650343,1.2864321608040201,5.975,12.0,4.0,0.905,0.6275,0.29,4.692078482075288,1.4449707811627133,0.1057542768273717,-0.23875000000000002,0.8886430678466076
ore::lvl-73.txt,ore,200.0,16.0,0.1096875,0.011875,0.00125,0.003125,0.000625,0.01875,0.00375,12.0,0.004375,0.0021875,0.0021875,0.0,0.0,2.0,13.0,4.0,0.17,0.065,0.07334405521487186,2.969548976224406,1.7839195979899498,6.92,13.0,5.0,1.005,0.5803125,0.455,5.653287089400975,1.6968540082878683,0.1359253499222395,-0.180625,0.9126712328767124
ore::lvl-74.txt,ore,200.0,16.0,0.09875,0.0184375,0.00125,0.0025,0.000625,0.01375,0.003125,10.0,0.0046875,0.003125,0.000625,0.0009375,0.0,3.0,15.0,18.0,0.305,0.075,0.16420213746355838,3.1546300307507686,1.7688442211055277,7.06,12.0,7.0,0.96,0.61,0.395,5.306438758217585,1.5784719653846255,0.1412130637636081,-0.3515625,0.9241758241758242
ore::lvl-75.txt,ore,200.0,16.0,0.0771875,0.0071875,0.0025,0.003125,0.0003125,0.015,0.0034375,11.0,0.005,0.001875,0.001875,0.0003125,0.0009375,4.0,11.0,4.0,0.16,0.055,0.2325450808492434,2.603265544138603,1.2060301507537687,5.3,12.0,2.0,0.885,0.66875,0.34,5.054960100820817,1.4079603720887923,0.12192846034214619,-0.1715625,0.8871173469387755
ore::lvl-76.txt,ore,200.0,16.0,0.07375,0.010625,0.0021875,0.003125,0.0,0.0075,0.003125,10.0,0.003125,0.0015625,0.0015625,0.0,0.0,2.0,13.0,4.0,0.205,0.065,0.038704807959148546,2.7001663466586665,1.7889447236180904,5.29,12.0,4.0,0.88,0.685,0.305,4.784860033494324,1.3450174188825128,0.11570762052877138,-0.215,0.8880697050938338
ore::lvl-77.txt,ore,200.0,16.0,0.08125,0.008125,0.0021875,0.003125,0.0003125,0.013125,0.0034375,11.0,0.0046875,0.0015625,0.001875,0.0,0.00125,3.0,13.0,4.0,0.19,0.065,2.8376735686785892e-06,2.5358438085952146,1.5175879396984924,5.385,13.0,5.0,0.9,0.6621875,0.37,5.224917749427228,1.439340927366438,0.12348367029548989,-0.20125,0.9052267002518892
ore::lvl-78.txt,ore,200.0,16.0,0.088125,0.00875,0.0025,0.003125,0.000625,0.00875,0.00375,12.0,0.0034375,0.00125,0.001875,0.0003125,0.0,3.0,11.0,3.0,0.16,0.055,0.03776966443469232,2.7548838970974274,1.6281407035175879,5.045,13.0,5.0,0.915,0.6825,0.35,5.074572363493968,1.426374561473899,0.13001555209953344,-0.16718750000000002,0.904236276849642
ore::lvl-79.txt,ore,200.0,16.0,0.0853125,0.0128125,0.001875,0.003125,0.0003125,0.010625,0.0034375,11.0,0.005,0.001875,0.0015625,0.0003125,0.00125,4.0,13.0,4.0,0.17,0.065,0.18722201979307773,2.7734670366759167,1.4824120603015076,3.775,13.0,4.0,0.92,0.779375,0.375,5.21965901700653,1.2698852043434283,0.1297045101088647,-0.18156250000000002,0.9178657074340527
ore::lvl-8.txt,ore,200.0,16.0,0.1021875,0.0140625,0.001875,0.003125,0.0003125,0.0075,0.0034375,11.0,0.0046875,0.001875,0.001875,0.0,0.0009375,3.0,15.0,18.0,0.38,0.075,0.011007527743384427,3.3267922073051825,2.221105527638191,7.785,13.0,5.0,0.995,0.548125,0.435,5.528508655126855,1.644279658785394,0.136547433903577,-0.42625,0.9130681818181818
ore::lvl-80.txt,ore,200.0,16.0,0.063125,0.006875,0.0015625,0.003125,0.000625,0.01,0.00375,12.0,0.003125,0.0009375,0.0015625,0.000625,0.0,3.0,13.0,4.0,0.185,0.065,0.009641544178858097,2.343885217130428,1.0050251256281406,4.17,11.0,4.0,0.905,0.743125,0.235,4.217322226566581,1.222381863320207,0.10108864696734059,-0.194375,0.8657692307692307
ore::lvl-81.txt,ore,200.0,16.0,0.069375,0.0071875,0.001875,0.0028125,0.0003125,0.01375,0.003125,10.0,0.0040625,0.0009375,0.0021875,0.0,0.0009375,3.0,13.0,39.0,0.44,0.065,7.583594319404696e-06,2.6511659641491034,1.5477386934673367,6.665,12.0,7.0,0.945,0.5890625,0.265,4.463370027352459,1.479537460082736,0.10388802488335926,-0.5384375,0.8820895522388059
ore::lvl-82.txt,ore,200.0,16.0,0.1028125,0.0109375,0.0015625,0.003125,0.000625,0.01125,0.00375,12.0,0.00375,0.0015625,0.001875,0.0003125,0.0,3.0,13.0,4.0,0.185,0.065,0.058812673067294985,3.198123003075077,1.678391959798995,4.91,13.0,7.0,1.01,0.70875,0.43,5.506670430481564,1.4747390558309654,0.13934681181959566,-0.195,0.9162946428571429
ore::lvl-83.txt,ore,200.0,16.0,0.0796875,0.00875,0.001875,0.003125,0.000625,0.01,0.00375,12.0,0.0034375,0.0015625,0.0015625,0.0003125,0.0,3.0,12.0,8.0,0.185,0.06,0.08462796134372874,2.6020837920948026,1.3919597989949748,4.285,12.0,4.0,0.885,0.7315625,0.32,4.984007495752422,1.3243518349723042,0.11446345256609643,-0.2046875,0.8888888888888888
ore::lvl-84.txt,ore,200.0,16.0,0.0921875,0.0196875,0.00125,0.003125,0.0,0.008125,0.003125,10.0,0.0046875,0.0025,0.0021875,0.0,0.0,2.0,12.0,14.0,0.24,0.06,0.007008949663311892,3.089379149478737,2.0150753768844223,6.155,13.0,5.0,0.95,0.6675,0.405,5.416203720487972,1.4811013789253522,0.12846034214618973,-0.27656250000000004,0.9139492753623188
ore::lvl-85.txt,ore,200.0,16.0,0.0671875,0.0040625,0.0025,0.003125,0.0,0.01,0.003125,10.0,0.0059375,0.001875,0.001875,0.0003125,0.001875,4.0,10.0,3.0,0.125,0.05,0.026489968079568937,1.9206371034275858,1.0100502512562815,3.255,12.0,4.0,0.93,0.788125,0.265,4.497310214755176,1.1686076090805855,0.10544323483670295,-0.1353125,0.8845870206489675
ore::lvl-86.txt,ore,200.0,16.0,0.073125,0.0096875,0.001875,0.003125,0.0003125,0.01375,0.0034375,11.0,0.0046875,0.001875,0.00125,0.0003125,0.00125,4.0,15.0,19.0,0.33,0.075,0.0002715180910043413,3.166622350558764,1.1909547738693467,5.21,12.0,4.0,0.945,0.6840625,0.31,4.778294390350285,1.3965058594024404,0.12317262830482115,-0.37875000000000003,0.8986146095717884
ore::lvl-87.txt,ore,200.0,16.0,0.0809375,0.01375,0.001875,0.003125,0.0003125,0.009375,0.0034375,11.0,0.00375,0.0021875,0.0015625,0.0,0.0,2.0,12.0,14.0,0.215,0.06,0.3072792875205441,2.410162716567914,1.3316582914572865,5.235,14.0,8.0,0.95,0.690625,0.355,5.125782434266265,1.3840290108187188,0.12223950233281493,-0.2503125,0.8997461928934011
ore::lvl-88.txt,ore,200.0,16.0,0.07,0.0065625,0.0028125,0.003125,0.0003125,0.0125,0.0034375,11.0,0.0034375,0.00125,0.0021875,0.0,0.0,2.0,10.0,52.0,0.4,0.05,0.035329077598293845,2.6824478361959048,1.4472361809045227,6.605,14.0,5.0,0.93,0.5828125,0.28,4.7825300059718545,1.482446819587359,0.10762052877138413,-0.53,0.8811416184971098
ore::lvl-89.txt,ore,200.0,16.0,0.109375,0.01875,0.0009375,0.003125,0.0009375,0.0109375,0.0040625,13.0,0.0059375,0.001875,0.0015625,0.0003125,0.0021875,4.0,12.0,5.0,0.175,0.06,0.15260438003020116,3.10571208280207,1.949748743718593,4.925,13.0,8.0,1.065,0.724375,0.505,5.634481147931464,1.4882750444726403,0.14650077760497668,-0.18937500000000002,0.927436440677966
ore::lvl-9.txt,ore,200.0,16.0,0.0678125,0.0084375,0.0021875,0.003125,0.0003125,0.009375,0.0034375,11.0,0.0034375,0.0015625,0.0015625,0.0003125,0.0,3.0,10.0,3.0,0.13,0.05,0.10657585416989512,1.7686120378009451,1.1809045226130652,3.935,14.0,6.0,0.92,0.7540625,0.215,3.783078023564766,1.2066765011212082,0.09922239502332815,-0.1375,0.86640625
ore::lvl-90.txt,ore,200.0,16.0,0.11,0.009375,0.0028125,0.003125,0.0009375,0.010625,0.0040625,13.0,0.0046875,0.001875,0.00125,0.0003125,0.00125,4.0,22.0,7.0,0.32,0.11,0.002477665108362226,3.811003262581565,1.914572864321608,6.665,14.0,6.0,1.1,0.598125,0.475,5.686183253046719,1.6547157725123594,0.1514774494556765,-0.338125,0.925564681724846
ore::lvl-91.txt,ore,200.0,16.0,0.066875,0.00875,0.0021875,0.003125,0.0003125,0.010625,0.0034375,11.0,0.003125,0.00125,0.00125,0.000625,0.0,3.0,14.0,5.0,0.235,0.07,0.001959183787107688,2.382072301807545,1.3115577889447236,5.46,12.0,4.0,0.885,0.6665625,0.245,4.293840651159711,1.3547273370380588,0.09704510108864697,-0.24718749999999998,0.8754006410256411
ore::lvl-92.txt,ore,200.0,16.0,0.10125,0.0175,0.00125,0.003125,0.0003125,0.009375,0.0034375,11.0,0.003125,0.0009375,0.0021875,0.0,0.0,2.0,15.0,7.0,0.23,0.075,0.03425114121204709,3.544152591314783,2.0,5.895,13.0,7.0,0.965,0.6746875,0.42,5.5655011710582265,1.5141386806195702,0.13716951788491447,-0.2471875,0.9109977324263039
ore::lvl-93.txt,ore,200.0,16.0,0.0821875,0.01,0.0015625,0.0025,0.0003125,0.0125,0.0028125,9.0,0.005,0.0021875,0.0009375,0.0009375,0.0009375,4.0,14.0,12.0,0.295,0.07,0.00019699707120235388,3.1389642016050403,1.2412060301507537,6.125,13.0,4.0,0.93,0.619375,0.37,5.1566249493543665,1.5091904142594725,0.128149300155521,-0.32718749999999996,0.9026092233009709
ore::lvl-94.txt,ore,200.0,16.0,0.10625,0.020625,0.0015625,0.003125,0.0003125,0.01125,0.0034375,11.0,0.004375,0.0034375,0.000625,0.0003125,0.0,3.0,14.0,5.0,0.2,0.07,0.00023371265921345863,3.449097014925373,1.8693467336683418,6.295,12.0,6.0,0.975,0.658125,0.445,5.8006413051666135,1.5306592741230673,0.13374805598755832,-0.2134375,0.9115429234338747
ore::lvl-95.txt,ore,200.0,16.0,0.113125,0.0153125,0.0009375,0.0028125,0.000625,0.009375,0.0034375,11.0,0.005,0.0021875,0.0009375,0.0009375,0.0009375,4.0,15.0,4.0,0.195,0.075,0.0023692252138732828,3.7085838520963024,1.984924623115578,5.895,14.0,8.0,1.005,0.6684375,0.475,5.740033133900043,1.583888912323402,0.14556765163297045,-0.2065625,0.9309701492537313
ore::lvl-96.txt,ore,200.0,16.0,0.0684375,0.0071875,0.00125,0.0021875,0.000625,0.008125,0.0028125,9.0,0.005625,0.0025,0.0015625,0.000625,0.0009375,4.0,8.0,83.0,0.61,0.04,0.01014403293845112,2.9906556288907225,1.6331658291457287,7.065,12.0,4.0,0.915,0.5596875,0.28,4.5475230184704225,1.477212036947226,0.10326594090202178,-0.8203125,0.8862951807228916
ore::lvl-97.txt,ore,200.0,16.0,0.0703125,0.005625,0.003125,0.003125,0.000625,0.0125,0.00375,12.0,0.0046875,0.0015625,0.0021875,0.0,0.0009375,3.0,9.0,44.0,0.335,0.045,0.07224693582064745,2.8261800345008625,1.2462311557788945,5.285,13.0,4.0,0.91,0.6675,0.31,4.7611030693922185,1.4029136612344326,0.10979782270606532,-0.44593750000000004,0.8824362606232294
ore::lvl-98.txt,ore,200.0,16.0,0.0753125,0.0046875,0.0028125,0.003125,0.0003125,0.011875,0.0034375,11.0,0.00375,0.001875,0.0015625,0.0003125,0.0,3.0,16.0,9.0,0.3,0.08,0.12882650021055286,2.5295783094577367,1.2412060301507537,5.205,11.0,2.0,0.86,0.6646875,0.36,5.145484224915593,1.4152696081384082,0.1188180404354588,-0.3228125,0.8864528795811518
ore::lvl-99.txt,ore,200.0,16.0,0.100625,0.0184375,0.0009375,0.003125,0.000625,0.0125,0.00375,12.0,0.004375,0.0015625,0.0015625,0.0003125,0.0009375,4.0,14.0,9.0,0.245,0.07,8.187762564848544e-05,3.2126189904747617,1.9246231155778895,6.89,13.0,7.0,1.04,0.61125,0.475,5.7595996495217765,1.6186814789251307,0.1328149300155521,-0.268125,0.9068341121495327
original::lvl-1.txt,original,202.0,16.0,0.15686881188118812,0.008663366336633664,0.004331683168316832,0.0034034653465346535,0.0012376237623762376,0.01051980198019802,0.0049504950495049506,16.0,0.004641089108910891,0.004331683168316832,0.0003094059405940594,0.0,0.0,2.0,3.0,3.0,0.034653465346534656,0.01485148514851485,0.03358839577052053,1.8535891704451717,0.9850746268656716,3.262376237623762,10.0,10.0,2.381188118811881,0.8224009900990099,0.15346534653465346,3.02300871332227,0.9621108657362014,0.07329842931937172,-0.04176980198019802,0.7690055196931634
original::lvl-10.txt,original,150.0,16.0,0.08458333333333333,0.004166666666666667,0.0,0.009583333333333333,0.0004166666666666667,0.0,0.01,24.0,0.0033333333333333335,0.00125,0.0020833333333333333,0.0,0.0,2.0,13.0,13.0,0.30666666666666664,0.08666666666666667,0.0030152181491918117,3.261964504101417,1.4630872483221478,4.286666666666667,11.0,10.0,1.2733333333333334,0.8008333333333333,0.32666666666666666,4.721304638532371,1.147453475468974,0.1072463768115942,-0.3433333333333333,0.7639497893383262
original::lvl-11.txt,original,184.0,16.0,0.15251358695652173,0.007472826086956522,0.0020380434782608695,0.005434782608695652,0.0006793478260869565,0.0020380434782608695,0.006453804347826087,19.0,0.005095108695652174,0.0,0.0,0.005095108695652174,0.0,1.0,9.0,3.0,0.09239130434782608,0.04891304347826087,0.011422735682360297,1.7213486628033097,0.7650273224043715,3.027173913043478,10.0,10.0,2.375,0.8335597826086957,0.29347826086956524,3.803741466581741,0.9217157151876048,0.08786752281176073,-0.09918478260869565,0.7700786761977135
original::lvl-12.txt,original,214.0,16.0,0.1498247663551402,0.012266355140186916,0.0002920560747663551,0.0008761682242990654,0.0005841121495327102,0.04906542056074766,0.0014602803738317756,5.0,0.002336448598130841,0.0002920560747663551,0.0020443925233644858,0.0,0.0,2.0,4.0,6.0,0.04205607476635514,0.018691588785046728,0.00040855347076662607,2.3930414484011564,1.192488262910798,3.602803738317757,10.0,10.0,2.191588785046729,0.7970210280373832,0.1822429906542056,3.421536438679624,1.076712679326644,0.07705728409421343,-0.056950934579439255,0.7592509646193812
original::lvl-13.txt,original,165.0,16.0,0.06818181818181818,0.015909090909090907,0.0003787878787878788,0.00909090909090909,0.0003787878787878788,0.0,0.00946969696969697,25.0,0.0,0.0,0.0,0.0,0.0,0.0,15.0,13.0,0.296969696969697,0.09090909090909091,0.00022364677144670608,3.1510250313894157,1.853658536585366,4.654545454545454,12.0,3.0,0.9757575757575757,0.8534090909090909,0.26666666666666666,4.5928281753980364,0.8982920448589193,0.10094161958568738,-0.3268939393939394,0.771342967366557
original::lvl-14.txt,original,176.0,16.0,0.1590909090909091,0.011363636363636364,0.0017755681818181818,0.0017755681818181818,0.0007102272727272727,0.009232954545454546,0.002840909090909091,8.0,0.012073863636363636,0.0,0.0035511363636363635,0.0,0.008522727272727272,2.0,2.0,2.0,0.017045454545454544,0.011363636363636364,0.05639450075420804,1.8032299441698514,0.72,3.1818181818181817,10.0,10.0,2.3579545454545454,0.8160511363636364,0.21022727272727273,2.8966481891166715,1.014955468537249,0.08406923348640057,-0.03196022727272727,0.8404665285586467
original::lvl-15.txt,original,373.0,16.0,0.12365951742627346,0.0023458445040214475,0.0001675603217158177,0.002848525469168901,0.0001675603217158177,0.013739946380697051,0.003183646112600536,19.0,0.008378016085790885,0.00435656836461126,0.004021447721179625,0.0,0.0,2.0,25.0,6.0,0.11528150134048257,0.06702412868632708,0.00010875476723826161,0.7990750676998621,0.6075268817204301,2.1849865951742626,10.0,10.0,1.9410187667560321,0.8507037533512064,0.08042895442359249,2.569519902152651,0.8371355898592122,0.05632625773023567,-0.12851876675603216,0.879080118694362
original::lvl-2.txt,original,158.0,16.0,0.23299050632911392,0.10640822784810126,0.002768987341772152,0.009098101265822785,0.001977848101265823,0.007120253164556962,0.011075949367088608,28.0,0.007120253164556962,0.005537974683544304,0.0015822784810126582,0.0,0.0,2.0,6.0,3.0,0.08227848101265822,0.0379746835443038,0.0984777395075701,2.2308427079351905,0.5159235668789809,11.49367088607595,13.0,13.0,2.4746835443037973,0.7409018987341772,0.26582278481012656,4.137171586199969,1.3173622089074875,0.10106173810460087,-0.08781645569620251,0.8453061219356476
original::lvl-3.txt,original,150.0,16.0,0.08583333333333333,0.005416666666666667,0.0,0.009583333333333333,0.0004166666666666667,0.0,0.01,24.0,0.0033333333333333335,0.00125,0.0020833333333333333,0.0,0.0,2.0,12.0,13.0,0.31333333333333335,0.08,0.004700969983734371,3.2741423806490166,1.4496644295302012,4.453333333333333,11.0,10.0,1.2933333333333332,0.8,0.3333333333333333,4.7584185034082855,1.1515427413739039,0.10600414078674948,-0.35000000000000003,0.783824385705388
original::lvl-4.txt,original,197.0,16.0,0.14022842639593908,0.008565989847715736,0.006979695431472081,0.00666243654822335,0.0019035532994923859,0.018401015228426396,0.008565989847715736,27.0,0.008248730964467006,0.005393401015228426,0.0028553299492385786,0.0,0.0,2.0,4.0,4.0,0.06091370558375635,0.02030456852791878,0.0011285531693361328,2.0024805370251753,1.030612244897959,3.1421319796954315,12.0,12.0,2.1269035532994924,0.8239213197969543,0.20812182741116753,3.2559174879738815,0.9813993479619415,0.08114935269971582,-0.07074873096446702,0.7613113055718643
original::lvl-5.txt,original,196.0,16.0,0.15656887755102042,0.013392857142857142,0.00350765306122449,0.002551020408163265,0.0012755102040816326,0.01020408163265306,0.004145408163265306,13.0,0.008928571428571428,0.004464285714285714,0.004464285714285714,0.0,0.0,2.0,5.0,3.0,0.061224489795918366,0.025510204081632654,0.04441756998794599,2.12876313575578,1.2,3.4285714285714284,10.0,10.0,2.306122448979592,0.8195153061224489,0.2193877551020408,3.5134637187158013,1.0215181513754834,0.08473500476039353,-0.07366071428571427,0.7587704332081736
original::lvl-6.txt,original,149.0,16.0,0.0759228187919463,0.013003355704697987,0.00041946308724832214,0.009228187919463088,0.00041946308724832214,0.0,0.00964765100671141,23.0,0.002936241610738255,0.00041946308724832214,0.0025167785234899327,0.0,0.0,2.0,9.0,9.0,0.2751677852348993,0.06040268456375839,0.0014787907145071832,3.117268688895192,1.5405405405405406,5.322147651006712,12.0,3.0,1.0067114093959733,0.8108221476510067,0.3959731543624161,5.09431601794912,1.0715527250302448,0.12296790329303876,-0.2986577181208054,0.7745762711864407
original::lvl-7.txt,original,222.0,16.0,0.13147522522522523,0.0005630630630630631,0.0059121621621621625,0.009853603603603604,0.0005630630630630631,0.00731981981981982,0.010698198198198198,38.0,0.0033783783783783786,0.0,0.0,0.0033783783783783786,0.0,1.0,5.0,4.0,0.05855855855855856,0.02252252252252252,0.06076285235133205,0.6041167819134127,0.26244343891402716,2.1486486486486487,10.0,10.0,2.1036036036036037,0.8465653153153153,0.13063063063063063,2.2583276108176396,0.8316081109048419,0.06111578357162882,-0.06024774774774774,0.8353239220521719
original::lvl-8.txt,original,187.0,16.0,0.25066844919786097,0.14204545454545456,0.003676470588235294,0.009024064171122994,0.001336898395721925,0.02406417112299465,0.01036096256684492,31.0,0.004010695187165776,0.001002673796791444,0.0030080213903743314,0.0,0.0,2.0,15.0,3.0,0.13903743315508021,0.08021390374331551,0.0016261727985239505,2.593519864922815,0.978494623655914,11.433155080213904,13.0,13.0,2.6310160427807485,0.7105614973262032,0.25668449197860965,4.465119567743749,1.4165195152086634,0.09145327569005654,-0.1407085561497326,0.8504468412942989
original::lvl-9.txt,original,198.0,16.0,0.13352272727272727,0.0012626262626262627,0.0,0.0,0.0006313131313131314,0.006313131313131313,0.0006313131313131314,2.0,0.01167929292929293,0.006628787878787879,0.0031565656565656565,0.0,0.001893939393939394,3.0,4.0,3.0,0.045454545454545456,0.020202020202020204,0.03529370331989723,0.7605136309958684,0.49746192893401014,2.3282828282828283,10.0,7.0,2.0757575757575757,0.8472222222222222,0.12626262626262627,2.2342260299301735,0.821092045092596,0.060320452403393024,-0.06407828282828283,0.8447742226227957
patternCount::lvl-1.txt,patternCount,200.0,16.0,0.03875,0.0065625,0.0034375,0.0034375,0.001875,0.016875,0.0053125,17.0,0.0096875,0.005,0.0046875,0.0,0.0,2.0,46.0,21.0,0.58,0.23,0.06240612064393558,1.8604352283807097,2.271356783919598,1.82,11.0,4.0,0.55,0.86625,0.095,3.3626130531508527,0.890584186391077,0.09704510108864697,-0.6368749999999999,0.875
patternCount::lvl-10.txt,patternCount,200.0,16.0,0.048125,0.0034375,0.0046875,0.0046875,0.001875,0.06375,0.0065625,21.0,0.011875,0.0059375,0.0059375,0.0,0.0,2.0,42.0,22.0,0.535,0.21,0.0013980300176327232,1.7501840471011776,1.5427135678391959,1.655,11.0,4.0,0.72,0.7659375,0.095,3.0890000536906514,1.304193929167005,0.08460342146189735,-0.5953125,0.8588641584404296
patternCount::lvl-100.txt,patternCount,200.0,16.0,0.0415625,0.0021875,0.0065625,0.0065625,0.0059375,0.0634375,0.0125,40.0,0.011875,0.0065625,0.0053125,0.0,0.0,2.0,49.0,20.0,0.545,0.245,0.1259167399398885,1.2932461036525913,1.5477386934673367,1.405,11.0,4.0,0.64,0.769375,0.09,3.107595750385929,1.302410019214618,0.08615863141524106,-0.5943750000000001,0.8534507986830875
patternCount::lvl-11.txt,patternCount,200.0,16.0,0.0421875,0.0065625,0.004375,0.004375,0.0025,0.0225,0.006875,22.0,0.0253125,0.0225,0.0028125,0.0,0.0,2.0,48.0,14.0,0.585,0.24,0.009191405374140094,2.104075909397735,2.391959798994975,1.955,11.0,4.0,0.615,0.803125,0.1,3.410171424388112,1.1698062395338493,0.10451010886469674,-0.6384375,0.8853857566765578
patternCount::lvl-12.txt,patternCount,200.0,16.0,0.075,0.00875,0.0053125,0.0053125,0.000625,0.010625,0.0059375,19.0,0.0134375,0.006875,0.0065625,0.0,0.0,2.0,45.0,8.0,0.295,0.225,0.09529105174168084,1.595807830195755,1.6633165829145728,2.76,11.0,4.0,1.065,0.7953125,0.1,3.110803925870961,1.1919450935768838,0.07900466562986003,-0.3225,0.8507581631518304
patternCount::lvl-13.txt,patternCount,200.0,16.0,0.065,0.010625,0.0021875,0.0021875,0.0003125,0.00375,0.0025,8.0,0.0165625,0.0078125,0.00875,0.0,0.0,2.0,56.0,3.0,0.3,0.28,0.19470741142542625,1.5230123753093827,1.778894472361809,2.54,11.0,3.0,0.875,0.8221875,0.075,2.7046910376450755,1.0659586920720623,0.06687402799377916,-0.3215625,0.8598822818749198
patternCount::lvl-14.txt,patternCount,200.0,16.0,0.030625,0.0040625,0.0021875,0.0021875,0.00125,0.0525,0.0034375,11.0,0.0159375,0.01,0.0059375,0.0,0.0,2.0,46.0,53.0,0.655,0.23,0.1352794003334732,1.3401469586739667,1.7889447236180904,1.28,11.0,4.0,0.44,0.7921875,0.095,2.869386514821082,1.1707616035403583,0.0796267496111975,-0.8,0.8534241937939439
patternCount::lvl-15.txt,patternCount,200.0,16.0,0.0421875,0.005,0.0028125,0.0028125,0.0021875,0.09,0.005,16.0,0.0103125,0.0059375,0.004375,0.0,0.0,2.0,41.0,32.0,0.585,0.205,0.08024461889201195,1.7936443861096527,2.241206030150754,1.765,11.0,4.0,0.625,0.7503125,0.1,3.371510690431064,1.3362959627196307,0.09517884914463452,-0.6703124999999999,0.8770358306188926
patternCount::lvl-16.txt,patternCount,200.0,16.0,0.0534375,0.0028125,0.001875,0.001875,0.02375,0.009375,0.025625,82.0,0.01375,0.0065625,0.0071875,0.0,0.0,2.0,48.0,2.0,0.28,0.24,0.01659493806932788,1.0635594389859746,1.6231155778894473,1.9,11.0,4.0,0.82,0.8159375,0.095,2.803917254475096,1.1197111218938538,0.07651632970451011,-0.273125,0.8603966407526655
patternCount::lvl-17.txt,patternCount,200.0,16.0,0.045625,0.008125,0.0025,0.0025,0.0025,0.06125,0.005,16.0,0.0103125,0.0065625,0.00375,0.0,0.0,2.0,42.0,20.0,0.59,0.21,0.031921531392393176,2.4532505662641566,2.919597989949749,2.26,11.0,4.0,0.66,0.776875,0.1,3.63898267018976,1.25934156829733,0.10917573872472784,-0.6453125,0.9002130681818182
patternCount::lvl-18.txt,patternCount,200.0,16.0,0.029375,0.0059375,0.00125,0.00125,0.0003125,0.099375,0.0015625,5.0,0.015,0.010625,0.004375,0.0,0.0,2.0,47.0,27.0,0.665,0.235,0.00225450034985053,1.924419095477387,1.5477386934673367,1.5,11.0,4.0,0.41,0.7484375,0.09,2.882279528482267,1.2986318736009357,0.080248833592535,-0.7459375,0.854987847930307
patternCount::lvl-19.txt,patternCount,200.0,16.0,0.02875,0.000625,0.0053125,0.0053125,0.0046875,0.10375,0.01,32.0,0.0125,0.0075,0.005,0.0,0.0,2.0,44.0,30.0,0.65,0.22,0.023681146657436813,1.1261372159303982,1.1959798994974875,0.915,11.0,4.0,0.455,0.7403125,0.08,2.760435965896482,1.3484800072735026,0.0734059097978227,-0.7274999999999999,0.8593482069128735
patternCount::lvl-2.txt,patternCount,200.0,16.0,0.076875,0.0178125,0.004375,0.004375,0.0003125,0.004375,0.0046875,15.0,0.0146875,0.0075,0.0071875,0.0,0.0,2.0,47.0,3.0,0.27,0.235,0.23570982466559598,1.9126412060301508,1.7487437185929648,3.055,11.0,4.0,0.96,0.8146875,0.09,2.9756943887920873,1.1212411788886736,0.07807153965785381,-0.28750000000000003,0.8513739304316567
patternCount::lvl-20.txt,patternCount,200.0,16.0,0.0746875,0.02375,0.0015625,0.0015625,0.003125,0.016875,0.0046875,15.0,0.0125,0.0075,0.005,0.0,0.0,2.0,41.0,6.0,0.305,0.205,0.3751639398063159,2.9685225380634517,2.487437185929648,4.89,11.0,4.0,0.86,0.8065625,0.095,3.3592738328392096,1.1752037402570277,0.09673405909797823,-0.3278125,0.8814308681672025
patternCount::lvl-21.txt,patternCount,200.0,16.0,0.07625,0.0265625,0.0028125,0.0028125,0.00125,0.020625,0.0040625,13.0,0.0115625,0.0071875,0.004375,0.0,0.0,2.0,45.0,3.0,0.31,0.225,0.14145158579428718,2.2245708992724817,2.201005025125628,3.555,11.0,4.0,0.815,0.805,0.1,3.164341155294249,1.1789052560910824,0.0942457231726283,-0.32499999999999996,0.8819901315789473
patternCount::lvl-22.txt,patternCount,200.0,16.0,0.058125,0.0190625,0.01,0.01,0.0103125,0.014375,0.0203125,65.0,0.0115625,0.0078125,0.00375,0.0,0.0,2.0,54.0,6.0,0.49,0.27,0.33745072285616373,2.8326764119102976,2.4472361809045227,4.115,11.0,4.0,0.855,0.8253125,0.1,3.470669979852057,1.1360949786182002,0.09860031104199067,-0.49624999999999997,0.8875786163522013
patternCount::lvl-23.txt,patternCount,200.0,16.0,0.0390625,0.006875,0.00375,0.00375,0.003125,0.020625,0.006875,22.0,0.01125,0.0065625,0.0046875,0.0,0.0,2.0,44.0,17.0,0.59,0.22,0.056140361417595375,1.9626045901147529,2.1055276381909547,1.83,11.0,4.0,0.555,0.85625,0.1,3.441738975080503,0.9468825565260477,0.09548989113530326,-0.636875,0.8823051948051948
patternCount::lvl-24.txt,patternCount,200.0,16.0,0.0340625,0.004375,0.0021875,0.0021875,0.0009375,0.00875,0.003125,10.0,0.013125,0.00875,0.004375,0.0,0.0,2.0,50.0,26.0,0.625,0.25,0.044305055809468974,1.57986789919748,2.1105527638190953,1.47,11.0,4.0,0.51,0.8803125,0.1,2.9977040712148533,0.8054252745659207,0.08864696734059098,-0.7,0.863254534641689
patternCount::lvl-25.txt,patternCount,200.0,16.0,0.0584375,0.008125,0.0128125,0.0128125,0.0115625,0.01125,0.024375,78.0,0.0109375,0.005625,0.0053125,0.0,0.0,2.0,41.0,9.0,0.295,0.205,0.000574524456690928,1.963189154728868,2.07035175879397,2.76,11.0,4.0,0.855,0.806875,0.09,3.4295267177808175,1.1941007613113603,0.09331259720062209,-0.3040625,0.8812292358803987
patternCount::lvl-26.txt,patternCount,200.0,16.0,0.105625,0.0,0.000625,0.000625,0.0009375,0.01375,0.0015625,5.0,0.015,0.0078125,0.0071875,0.0,0.0,2.0,53.0,5.0,0.305,0.265,0.422006159013796,1.5315079276981924,1.6482412060301508,2.74,6.0,4.0,1.685,0.7609375,0.07,2.543589247375579,1.2676269642180265,0.0671850699844479,-0.3309375,0.8541393013342813
patternCount::lvl-27.txt,patternCount,200.0,16.0,0.053125,0.0084375,0.0028125,0.0028125,0.0015625,0.01875,0.004375,14.0,0.018125,0.0075,0.010625,0.0,0.0,2.0,57.0,13.0,0.39,0.285,0.00022202345282351654,1.8017315232880822,2.0100502512562812,2.23,11.0,4.0,0.73,0.808125,0.08,3.157042338977892,1.1494705645024743,0.0818040435458787,-0.43625,0.8625438301906652
patternCount::lvl-28.txt,patternCount,200.0,16.0,0.0721875,0.004375,0.0028125,0.0028125,0.0015625,0.030625,0.004375,14.0,0.01125,0.0071875,0.0040625,0.0,0.0,2.0,49.0,11.0,0.435,0.245,0.11379459169182582,1.9395341408535214,2.0351758793969847,2.43,11.0,4.0,1.11,0.7809375,0.1,3.34501494880905,1.2465238274074002,0.0880248833592535,-0.469375,0.8668308678205665
patternCount::lvl-29.txt,patternCount,200.0,16.0,0.0578125,0.0053125,0.00125,0.00125,0.00125,0.013125,0.0025,8.0,0.0134375,0.0078125,0.005625,0.0,0.0,2.0,40.0,4.0,0.285,0.2,0.011363124807623248,1.465701147528688,1.9547738693467336,2.305,11.0,4.0,0.875,0.828125,0.09,2.5878792579083445,1.0399055108479616,0.08304821150855365,-0.3059375,0.8541487477864913
patternCount::lvl-3.txt,patternCount,200.0,16.0,0.0484375,0.01,0.000625,0.000625,0.0009375,0.01125,0.0015625,5.0,0.0246875,0.0178125,0.006875,0.0,0.0,2.0,69.0,18.0,0.5,0.345,0.09710337046002548,2.605681737043426,2.3668341708542715,2.785,11.0,4.0,0.74,0.8228125,0.09,2.958695309538062,1.0721851121910202,0.08273716951788491,-0.568125,0.8618093769867099
patternCount::lvl-30.txt,patternCount,200.0,16.0,0.0575,0.0059375,0.004375,0.004375,0.0028125,0.01625,0.0071875,23.0,0.0103125,0.0071875,0.003125,0.0,0.0,2.0,42.0,4.0,0.305,0.21,0.0008668941265932428,1.7066699167479187,2.301507537688442,2.385,11.0,4.0,0.855,0.825625,0.1,3.1435500245725683,1.069883130346749,0.09797822706065319,-0.318125,0.8718354430379747
patternCount::lvl-31.txt,patternCount,200.0,16.0,0.0325,0.0028125,0.0015625,0.0015625,0.0015625,0.0459375,0.003125,10.0,0.02,0.00875,0.01125,0.0,0.0,2.0,61.0,27.0,0.58,0.305,0.202150335085315,1.2133885322133053,1.5829145728643217,1.28,11.0,4.0,0.485,0.7990625,0.095,2.7494138831655044,1.1538521412688205,0.07247278382581648,-0.6643749999999999,0.861402018315913
patternCount::lvl-32.txt,patternCount,200.0,16.0,0.030625,0.0021875,0.0015625,0.0015625,0.0009375,0.034375,0.0025,8.0,0.019375,0.008125,0.01125,0.0,0.0,2.0,66.0,26.0,0.605,0.33,0.011925993702171955,1.3603445436135901,1.849246231155779,1.215,11.0,4.0,0.475,0.8134375,0.085,2.6533968628302333,1.0837720817366272,0.07216174183514774,-0.6868750000000001,0.8528026868577134
patternCount::lvl-33.txt,patternCount,200.0,16.0,0.03,0.00375,0.0009375,0.0009375,0.0003125,0.015,0.00125,4.0,0.0275,0.0190625,0.0084375,0.0,0.0,2.0,70.0,12.0,0.585,0.35,0.007395098947615031,1.4617230330758268,2.0,1.38,11.0,2.0,0.455,0.834375,0.085,2.5641347610142535,0.9823054945460543,0.07278382581648522,-0.64125,0.8637896829819723
patternCount::lvl-34.txt,patternCount,200.0,16.0,0.0384375,0.001875,0.0,0.0,0.0,0.00875,0.0,0.0,0.0259375,0.0153125,0.010625,0.0,0.0,2.0,79.0,7.0,0.5,0.395,0.00254294566756319,1.351904890122253,1.9949748743718594,1.43,11.0,3.0,0.605,0.835625,0.065,2.2730406301432082,0.9759369868835428,0.0671850699844479,-0.5434374999999999,0.8574876841935684
patternCount::lvl-35.txt,patternCount,200.0,16.0,0.0346875,0.00625,0.00125,0.00125,0.0025,0.075,0.00375,12.0,0.0125,0.008125,0.004375,0.0,0.0,2.0,43.0,28.0,0.63,0.215,0.04252084929991096,1.9778910072751819,2.592964824120603,1.81,11.0,4.0,0.515,0.7715625,0.1,3.238480782913662,1.251048636048706,0.09020217729393468,-0.70875,0.8679573348918761
patternCount::lvl-36.txt,patternCount,200.0,16.0,0.035,0.00125,0.0,0.0,0.0,0.003125,0.0,0.0,0.03,0.0078125,0.0221875,0.0,0.0,2.0,80.0,6.0,0.505,0.4,0.022072313030722768,1.2094550663766594,1.8391959798994975,1.23,11.0,4.0,0.54,0.835625,0.065,2.0293712190851854,0.9454128219573243,0.06158631415241057,-0.55,0.8550715729989846
patternCount::lvl-37.txt,patternCount,200.0,16.0,0.0215625,0.0028125,0.0003125,0.0003125,0.0,0.1134375,0.0003125,1.0,0.015625,0.0078125,0.0078125,0.0,0.0,2.0,51.0,29.0,0.715,0.255,0.03407118390769681,1.2351766144153604,1.6884422110552764,1.0,11.0,4.0,0.325,0.7421875,0.065,2.300777917989542,1.2754787065213862,0.05909797822706065,-0.8028124999999999,0.8405733187991612
patternCount::lvl-38.txt,patternCount,200.0,16.0,0.0384375,0.0071875,0.0003125,0.0003125,0.0003125,0.00375,0.000625,2.0,0.0309375,0.0225,0.0084375,0.0,0.0,2.0,74.0,14.0,0.515,0.37,0.19388525627312103,2.1395733893347337,2.100502512562814,2.225,11.0,3.0,0.61,0.830625,0.055,2.0796063517026475,0.984409876487381,0.05785381026438569,-0.5803125,0.8607800631780578
patternCount::lvl-39.txt,patternCount,200.0,16.0,0.0653125,0.003125,0.0009375,0.0009375,0.0009375,0.01375,0.001875,6.0,0.0165625,0.01,0.0065625,0.0,0.0,2.0,56.0,3.0,0.34,0.28,0.08736949705219965,1.4478515037875948,1.592964824120603,2.25,11.0,4.0,0.995,0.8,0.085,2.904961429415222,1.149034410591616,0.07838258164852255,-0.3621875,0.8570406592944266
patternCount::lvl-4.txt,patternCount,200.0,16.0,0.0546875,0.0028125,0.0015625,0.0015625,0.001875,0.055,0.0034375,11.0,0.01375,0.0078125,0.0059375,0.0,0.0,2.0,48.0,29.0,0.55,0.24,0.03214626232984674,1.873437388434711,1.9597989949748744,1.85,11.0,4.0,0.86,0.77,0.095,3.22251328015115,1.2856780090996909,0.08460342146189735,-0.6328125000000001,0.8689727691924227
patternCount::lvl-40.txt,patternCount,200.0,16.0,0.0390625,0.006875,0.003125,0.003125,0.00125,0.0175,0.004375,14.0,0.029375,0.0240625,0.0053125,0.0,0.0,2.0,47.0,19.0,0.61,0.235,0.014815196980713652,2.1231202655066377,2.2613065326633164,1.87,11.0,4.0,0.545,0.808125,0.1,3.248014247396789,1.1367848557367495,0.09828926905132193,-0.6825,0.8765822784810127
patternCount::lvl-41.txt,patternCount,200.0,16.0,0.07125,0.029375,0.0159375,0.0159375,0.001875,0.010625,0.0178125,57.0,0.01,0.00625,0.00375,0.0,0.0,2.0,49.0,8.0,0.39,0.245,0.16559280441430524,2.7774395409885244,2.7738693467336684,4.59,11.0,4.0,0.85,0.82,0.09,3.3398052171625103,1.135678091782362,0.10233281493001556,-0.40218750000000003,0.8898176291793313
patternCount::lvl-42.txt,patternCount,200.0,16.0,0.0734375,0.004375,0.0021875,0.0021875,0.0015625,0.01875,0.00375,12.0,0.011875,0.00625,0.005625,0.0,0.0,2.0,44.0,5.0,0.325,0.22,0.04303493133396341,1.6938873771844296,2.1055276381909547,2.745,11.0,4.0,1.135,0.790625,0.1,3.1298019622277495,1.1933425793587307,0.0911353032659409,-0.34562500000000007,0.8712253545485991
patternCount::lvl-43.txt,patternCount,200.0,16.0,0.05125,0.0021875,0.0028125,0.0028125,0.0009375,0.023125,0.00375,12.0,0.0109375,0.005,0.0059375,0.0,0.0,2.0,47.0,5.0,0.315,0.235,0.03608424105612362,1.2313205355133878,1.678391959798995,2.15,11.0,4.0,0.8,0.8065625,0.095,3.023463682270094,1.113119324809183,0.08740279937791602,-0.3346875,0.8690933405457387
patternCount::lvl-44.txt,patternCount,200.0,16.0,0.0290625,0.00375,0.0025,0.0025,0.0003125,0.0725,0.0028125,9.0,0.01375,0.0078125,0.0059375,0.0,0.0,2.0,51.0,24.0,0.64,0.255,0.10381904859094793,1.2803261456536412,1.778894472361809,1.235,11.0,3.0,0.43,0.778125,0.08,2.8150556448397177,1.2070452501999205,0.08242612752721618,-0.7109375,0.8525054993239073
patternCount::lvl-45.txt,patternCount,200.0,16.0,0.070625,0.024375,0.02125,0.02125,0.0,0.016875,0.02125,68.0,0.0134375,0.00875,0.0046875,0.0,0.0,2.0,49.0,4.0,0.34,0.245,0.26720761076410593,1.8876172504312607,2.080402010050251,3.285,11.0,4.0,0.765,0.795,0.09,2.963417859651925,1.2439693954768438,0.08833592534992224,-0.34218750000000003,0.882054713053821
patternCount::lvl-46.txt,patternCount,200.0,16.0,0.0875,0.0015625,0.000625,0.000625,0.0009375,0.013125,0.0015625,5.0,0.0171875,0.010625,0.0065625,0.0,0.0,2.0,51.0,7.0,0.36,0.255,0.3107361870165646,1.5185133053326334,1.7035175879396984,2.625,11.0,4.0,1.39,0.774375,0.085,2.828229705311577,1.2286614430868852,0.0734059097978227,-0.393125,0.8578077408513481
patternCount::lvl-47.txt,patternCount,200.0,16.0,0.0321875,0.00375,0.000625,0.000625,0.000625,0.065,0.00125,4.0,0.019375,0.0121875,0.0071875,0.0,0.0,2.0,61.0,37.0,0.61,0.305,0.06564665201158726,1.4392561389034726,1.9698492462311559,1.395,11.0,4.0,0.49,0.7825,0.09,2.78808050867995,1.2082699171274924,0.07744945567651633,-0.7206250000000001,0.8607995241930945
patternCount::lvl-48.txt,patternCount,200.0,16.0,0.0578125,0.00625,0.005625,0.005625,0.0034375,0.02375,0.0090625,29.0,0.010625,0.0065625,0.0040625,0.0,0.0,2.0,41.0,5.0,0.32,0.205,0.0012437560864961839,1.6068211880297008,2.1608040201005023,2.275,11.0,4.0,0.85,0.8125,0.1,3.2385960420052626,1.1406617481856862,0.09517884914463452,-0.33406250000000004,0.8762214983713354
patternCount::lvl-49.txt,patternCount,200.0,16.0,0.04625,0.0025,0.00125,0.00125,0.00125,0.00375,0.0025,8.0,0.0196875,0.0125,0.0071875,0.0,0.0,2.0,60.0,4.0,0.36,0.3,0.001337774868413133,1.1588858921473038,1.6180904522613064,1.71,11.0,4.0,0.725,0.8434375,0.08,2.1583178888149037,0.9398493630603879,0.0734059097978227,-0.3871875,0.8492557861571391
patternCount::lvl-5.txt,patternCount,200.0,16.0,0.083125,0.004375,0.0028125,0.0028125,0.0021875,0.023125,0.005,16.0,0.0125,0.008125,0.004375,0.0,0.0,2.0,50.0,7.0,0.375,0.25,0.13547035186089962,1.8644170854271358,2.135678391959799,2.84,11.0,4.0,1.3,0.77625,0.1,3.339003574344131,1.2632808912969231,0.09300155520995335,-0.4,0.87625
patternCount::lvl-50.txt,patternCount,200.0,16.0,0.0609375,0.0278125,0.0040625,0.0040625,0.0025,0.01125,0.0065625,21.0,0.01125,0.0071875,0.0040625,0.0,0.0,2.0,56.0,9.0,0.55,0.28,0.42739897212512434,2.8048160879021977,2.6733668341708543,5.04,11.0,4.0,0.845,0.8471875,0.095,3.3299385840552294,0.9996862120170525,0.10357698289269052,-0.5771875,0.8974550898203593
patternCount::lvl-51.txt,patternCount,200.0,16.0,0.06625,0.023125,0.0190625,0.0190625,0.0,0.01,0.0190625,61.0,0.0175,0.00875,0.00875,0.0,0.0,2.0,59.0,2.0,0.335,0.295,0.4153938560539647,1.6171068776719417,1.6683417085427135,2.94,11.0,3.0,0.695,0.8028125,0.075,2.6546937262915393,1.18956626880797,0.06438569206842924,-0.33843750000000006,0.8727143512145626
patternCount::lvl-52.txt,patternCount,200.0,16.0,0.0325,0.006875,0.00125,0.00125,0.000625,0.0546875,0.001875,6.0,0.011875,0.0065625,0.0053125,0.0,0.0,2.0,43.0,31.0,0.64,0.215,0.14310099114943575,1.802453723843096,2.0100502512562812,1.695,11.0,3.0,0.44,0.7975,0.09,2.9398396154075206,1.1396242839107917,0.07993779160186625,-0.7275,0.8592150281725289
patternCount::lvl-53.txt,patternCount,200.0,16.0,0.0559375,0.0234375,0.0025,0.0025,0.00125,0.016875,0.00375,12.0,0.0275,0.0228125,0.0046875,0.0,0.0,2.0,43.0,23.0,0.575,0.215,0.4544031973598647,2.7911192529813245,2.221105527638191,4.845,11.0,4.0,0.8,0.7984375,0.095,3.4840040765848195,1.2016051914407309,0.0911353032659409,-0.6562499999999999,0.8763259541104578
patternCount::lvl-54.txt,patternCount,200.0,16.0,0.055625,0.0059375,0.00375,0.00375,0.0025,0.025,0.00625,20.0,0.0125,0.00875,0.00375,0.0,0.0,2.0,44.0,5.0,0.38,0.22,0.00392643337618559,1.8136709217730442,2.180904522613065,2.31,11.0,4.0,0.84,0.8140625,0.1,3.3320445516587474,1.1304204334935575,0.09984447900466563,-0.39875000000000005,0.8866822429906542
patternCount::lvl-55.txt,patternCount,200.0,16.0,0.0315625,0.0034375,0.0015625,0.0015625,0.00125,0.011875,0.0028125,9.0,0.013125,0.0071875,0.0059375,0.0,0.0,2.0,47.0,35.0,0.64,0.235,0.055738881537725105,1.4557407035175882,1.8844221105527639,1.34,11.0,4.0,0.465,0.880625,0.085,2.880975636954603,0.80406018041833,0.08149300155520996,-0.7378125000000001,0.8646288262488455
patternCount::lvl-56.txt,patternCount,200.0,16.0,0.030625,0.0053125,0.0009375,0.0009375,0.0003125,0.095625,0.00125,4.0,0.015,0.0090625,0.0059375,0.0,0.0,2.0,48.0,37.0,0.665,0.24,0.12008316858512857,1.6330617265431635,1.949748743718593,1.52,11.0,4.0,0.45,0.754375,0.09,2.8450828494479445,1.2867272257348146,0.08149300155520996,-0.7712500000000001,0.8583236575898333
patternCount::lvl-57.txt,patternCount,200.0,16.0,0.0946875,0.001875,0.0025,0.0025,0.0015625,0.01375,0.0040625,13.0,0.0121875,0.0075,0.0046875,0.0,0.0,2.0,46.0,5.0,0.3,0.23,0.36452055943580486,1.3538021450536264,1.7035175879396984,2.795,11.0,4.0,1.49,0.7709375,0.09,2.931981307941136,1.2438776115313468,0.0864696734059098,-0.320625,0.8589469048052973
patternCount::lvl-58.txt,patternCount,200.0,16.0,0.0653125,0.028125,0.005,0.005,0.00125,0.009375,0.00625,20.0,0.03,0.026875,0.003125,0.0,0.0,2.0,37.0,20.0,0.555,0.185,0.3798428350338888,2.97903234080852,2.477386934673367,5.62,11.0,4.0,0.955,0.789375,0.1,3.1396239114304723,1.2411641510898315,0.095800933125972,-0.6287500000000001,0.8831168831168831
patternCount::lvl-59.txt,patternCount,200.0,16.0,0.0525,0.003125,0.00125,0.00125,0.000625,0.01875,0.001875,6.0,0.0134375,0.0078125,0.005625,0.0,0.0,2.0,46.0,7.0,0.345,0.23,0.011232872954401008,1.2823347408685217,1.899497487437186,1.945,11.0,4.0,0.815,0.828125,0.095,2.6974494874262804,1.0357971588488462,0.08273716951788491,-0.37406249999999996,0.8564373843503867
patternCount::lvl-6.txt,patternCount,200.0,16.0,0.0771875,0.028125,0.0028125,0.0028125,0.00125,0.015,0.0040625,13.0,0.0109375,0.0059375,0.005,0.0,0.0,2.0,42.0,3.0,0.27,0.21,0.4711866775636466,2.741427030675767,2.678391959798995,5.115,11.0,4.0,0.805,0.8128125,0.095,3.0629218166178775,1.1298895832303644,0.08678071539657854,-0.284375,0.8734715496368038
patternCount::lvl-60.txt,patternCount,200.0,16.0,0.050625,0.00625,0.000625,0.000625,0.000625,0.01375,0.00125,4.0,0.018125,0.0115625,0.0065625,0.0,0.0,2.0,57.0,11.0,0.365,0.285,0.043672464819571655,1.8821964374109355,2.080402010050251,2.29,11.0,4.0,0.75,0.83,0.09,2.5246285771837655,1.024894905612816,0.07309486780715396,-0.40937500000000004,0.8591672893297408
patternCount::lvl-61.txt,patternCount,200.0,16.0,0.06375,0.0025,0.001875,0.001875,0.000625,0.0125,0.0025,8.0,0.0165625,0.0084375,0.008125,0.0,0.0,2.0,59.0,3.0,0.35,0.295,0.19528611015326613,1.352683012075302,1.7989949748743719,2.275,11.0,3.0,0.99,0.8028125,0.09,2.8476160547229292,1.134872091815038,0.07589424572317263,-0.37156249999999996,0.8543773116507164
patternCount::lvl-62.txt,patternCount,200.0,16.0,0.050625,0.0040625,0.003125,0.003125,0.0015625,0.0153125,0.0046875,15.0,0.0125,0.0075,0.005,0.0,0.0,2.0,45.0,5.0,0.325,0.225,0.0013893599844515547,1.2758306532663317,1.7386934673366834,2.055,11.0,4.0,0.78,0.8365625,0.1,2.6659377760459777,1.0032599777569746,0.08522550544323483,-0.3453125,0.8714714946070878
patternCount::lvl-63.txt,patternCount,200.0,16.0,0.0746875,0.0065625,0.00375,0.00375,0.0025,0.013125,0.00625,20.0,0.01125,0.0071875,0.0040625,0.0,0.0,2.0,42.0,5.0,0.295,0.21,0.037235150571177766,1.7664973074326857,2.1608040201005023,2.975,11.0,4.0,1.125,0.794375,0.1,3.3066368988180646,1.1888626304008167,0.09797822706065319,-0.3125,0.872626582278481
patternCount::lvl-64.txt,patternCount,200.0,16.0,0.0725,0.0034375,0.0028125,0.0028125,0.00125,0.0175,0.0040625,13.0,0.0115625,0.0075,0.0040625,0.0,0.0,2.0,46.0,6.0,0.33,0.23,0.08850130499922881,1.5213253881347035,2.030150753768844,2.67,11.0,4.0,1.135,0.7928125,0.1,3.140838993042602,1.1767959377087294,0.09051321928460342,-0.3525,0.8794288367773392
patternCount::lvl-65.txt,patternCount,200.0,16.0,0.039375,0.004375,0.0034375,0.0034375,0.001875,0.05375,0.0053125,17.0,0.0125,0.006875,0.005625,0.0,0.0,2.0,51.0,26.0,0.515,0.255,0.0012180280395241994,1.7755156078901972,1.8693467336683418,1.845,11.0,4.0,0.595,0.783125,0.1,3.373299432921793,1.2240569715851324,0.08584758942457232,-0.5871875,0.8737856177843282
patternCount::lvl-66.txt,patternCount,200.0,16.0,0.05375,0.005,0.0021875,0.0021875,0.001875,0.01625,0.0040625,13.0,0.013125,0.00875,0.004375,0.0,0.0,2.0,43.0,4.0,0.325,0.215,0.0007778348861615658,1.4407741393534836,2.0,2.15,11.0,4.0,0.805,0.829375,0.095,2.801536751597319,1.041477227821837,0.08926905132192846,-0.3440625,0.8662552412449064
patternCount::lvl-67.txt,patternCount,200.0,16.0,0.0925,0.0075,0.00375,0.00375,0.000625,0.0075,0.004375,14.0,0.010625,0.00625,0.004375,0.0,0.0,2.0,40.0,13.0,0.325,0.2,0.0027995330340430113,2.399170186754669,2.0,3.315,11.0,4.0,1.41,0.7928125,0.1,3.4167285082754635,1.1754266206354005,0.0942457231726283,-0.36375,0.8836348684210527
patternCount::lvl-68.txt,patternCount,200.0,16.0,0.0796875,0.026875,0.0246875,0.0246875,0.000625,0.01125,0.0253125,81.0,0.0125,0.0071875,0.0053125,0.0,0.0,2.0,45.0,4.0,0.275,0.225,0.18282133059427597,1.9462079126978173,1.7989949748743719,3.565,11.0,4.0,0.87,0.7896875,0.09,2.837132780881517,1.2749908097894016,0.08460342146189735,-0.2721875,0.8665456012913639
patternCount::lvl-69.txt,patternCount,200.0,16.0,0.0584375,0.0040625,0.001875,0.001875,0.0021875,0.015625,0.0040625,13.0,0.01125,0.0065625,0.0046875,0.0,0.0,2.0,43.0,4.0,0.305,0.215,0.001079258796789384,1.4067190279756994,2.0351758793969847,2.165,11.0,4.0,0.895,0.8275,0.095,2.7391183617377117,1.050151763297297,0.09206842923794713,-0.32218749999999996,0.8661317567567568
patternCount::lvl-7.txt,patternCount,200.0,16.0,0.0953125,0.0046875,0.003125,0.003125,0.0075,0.011875,0.010625,34.0,0.0134375,0.0084375,0.005,0.0,0.0,2.0,47.0,5.0,0.32,0.235,0.12292858039014032,2.1693604440111,1.979899497487437,2.995,11.0,4.0,1.485,0.773125,0.1,3.414483971503963,1.2909656567622076,0.09922239502332815,-0.3353125,0.8918495297805642
patternCount::lvl-70.txt,patternCount,200.0,16.0,0.0796875,0.0275,0.013125,0.013125,0.0021875,0.01125,0.0153125,49.0,0.0103125,0.0075,0.0028125,0.0,0.0,2.0,36.0,6.0,0.255,0.18,0.21797645293460755,2.8317135603390087,2.321608040201005,4.515,11.0,4.0,0.87,0.80375,0.1,3.4741144698528705,1.1977373862887553,0.095800933125972,-0.265,0.8745954692556634
patternCount::lvl-71.txt,patternCount,200.0,16.0,0.0796875,0.0025,0.00125,0.00125,0.000625,0.0159375,0.001875,6.0,0.0153125,0.008125,0.0071875,0.0,0.0,2.0,54.0,7.0,0.365,0.27,0.1401800494912092,1.7817306832670818,1.9698492462311559,2.605,11.0,4.0,1.265,0.7846875,0.09,3.001001556418413,1.2039452526835124,0.08398133748055987,-0.3959375,0.8479407717805991
patternCount::lvl-72.txt,patternCount,200.0,16.0,0.0396875,0.005,0.0040625,0.0040625,0.001875,0.021875,0.0059375,19.0,0.0284375,0.0253125,0.003125,0.0,0.0,2.0,39.0,30.0,0.6,0.195,0.10532668927011657,1.6569793144828622,1.9698492462311559,1.64,11.0,4.0,0.585,0.8003125,0.1,3.183607267584003,1.1705719402732158,0.09828926905132193,-0.6974999999999999,0.8817246835443038
patternCount::lvl-73.txt,patternCount,200.0,16.0,0.061875,0.00625,0.001875,0.001875,0.0015625,0.014375,0.0034375,11.0,0.018125,0.01375,0.004375,0.0,0.0,2.0,61.0,6.0,0.415,0.305,0.0005831960197163477,2.156255801395035,2.2763819095477387,2.47,11.0,4.0,0.925,0.8059375,0.1,3.2694394095240527,1.1500252228565775,0.0911353032659409,-0.4446875,0.8733512048887352
patternCount::lvl-74.txt,patternCount,200.0,16.0,0.0284375,0.0040625,0.000625,0.000625,0.0009375,0.015,0.0015625,5.0,0.0346875,0.0290625,0.005625,0.0,0.0,2.0,50.0,24.0,0.67,0.25,0.008619380230078022,1.604987812195305,1.8090452261306533,1.325,11.0,4.0,0.425,0.8171875,0.085,2.560799765377919,1.0577570959624396,0.080248833592535,-0.763125,0.8568247838744256
patternCount::lvl-75.txt,patternCount,200.0,16.0,0.0715625,0.02125,0.001875,0.001875,0.0015625,0.005,0.0034375,11.0,0.0146875,0.0078125,0.006875,0.0,0.0,2.0,48.0,2.0,0.28,0.24,0.2527495460428588,1.8420653566339158,1.9899497487437185,3.07,11.0,4.0,0.815,0.8228125,0.085,2.77824834315872,1.0752522711462886,0.07371695178849144,-0.29625000000000007,0.8572526432705088
patternCount::lvl-76.txt,patternCount,200.0,16.0,0.0340625,0.0040625,0.001875,0.001875,0.0021875,0.091875,0.0040625,13.0,0.011875,0.008125,0.00375,0.0,0.0,2.0,43.0,26.0,0.655,0.215,0.01502978944042288,1.8339233030825772,1.9899497487437185,1.52,11.0,4.0,0.51,0.75375,0.1,3.4499891147488975,1.30417265435441,0.09548989113530326,-0.7278125,0.8713355048859935
patternCount::lvl-77.txt,patternCount,200.0,16.0,0.0525,0.003125,0.023125,0.023125,0.0228125,0.01,0.0459375,147.0,0.015,0.01,0.005,0.0,0.0,2.0,47.0,4.0,0.305,0.235,0.00011402633064372392,1.1183918997974949,1.8090452261306533,1.97,11.0,4.0,0.81,0.7921875,0.09,2.95892652167213,1.2681735426822525,0.0926905132192846,-0.2840625,0.8795986622073578
patternCount::lvl-78.txt,patternCount,200.0,16.0,0.066875,0.0209375,0.0034375,0.0034375,0.001875,0.030625,0.0053125,17.0,0.011875,0.00875,0.003125,0.0,0.0,2.0,45.0,6.0,0.38,0.225,0.1922304931241967,2.177956948923723,2.6030150753768844,3.385,11.0,4.0,0.81,0.799375,0.1,3.545916993725742,1.2106230406487133,0.10513219284603421,-0.40156250000000004,0.8919616519174041
patternCount::lvl-79.txt,patternCount,200.0,16.0,0.04625,0.01,0.0046875,0.0046875,0.0009375,0.028125,0.005625,18.0,0.0096875,0.0071875,0.0025,0.0,0.0,2.0,39.0,30.0,0.595,0.195,0.0897674397152407,2.3833657091427285,2.512562814070352,2.29,11.0,4.0,0.64,0.840625,0.1,3.598629113389725,1.020677533740308,0.10606531881804043,-0.6740624999999999,0.8922287390029325
patternCount::lvl-8.txt,patternCount,200.0,16.0,0.0509375,0.01625,0.0021875,0.0021875,0.0009375,0.00875,0.003125,10.0,0.0140625,0.0084375,0.005625,0.0,0.0,2.0,51.0,13.0,0.455,0.255,0.17607068868890696,2.9501622890572263,2.2663316582914574,3.555,11.0,3.0,0.745,0.85375,0.08,2.6408486242844247,0.9259981485744596,0.08740279937791602,-0.4984375,0.870838377723971
patternCount::lvl-80.txt,patternCount,200.0,16.0,0.038125,0.0025,0.0015625,0.0015625,0.0015625,0.016875,0.003125,10.0,0.026875,0.021875,0.005,0.0,0.0,2.0,66.0,12.0,0.53,0.33,0.06522961073709777,1.3329507387684691,1.92964824120603,1.34,11.0,4.0,0.575,0.816875,0.095,2.705004377000432,1.080494067963847,0.07869362363919129,-0.58375,0.8578567211064766
patternCount::lvl-81.txt,patternCount,200.0,16.0,0.076875,0.0059375,0.004375,0.004375,0.0025,0.01125,0.006875,22.0,0.0115625,0.00625,0.0053125,0.0,0.0,2.0,44.0,4.0,0.29,0.22,0.07452070624324936,1.7253657316432909,2.3819095477386933,2.945,11.0,4.0,1.14,0.79375,0.095,3.3316409411023677,1.1909794928353425,0.09486780715396578,-0.30468749999999994,0.8741803278688525
patternCount::lvl-82.txt,patternCount,200.0,16.0,0.059375,0.0040625,0.0025,0.0025,0.003125,0.025,0.005625,18.0,0.009375,0.0053125,0.0040625,0.0,0.0,2.0,35.0,4.0,0.31,0.175,0.02474134067451239,1.5729165829145728,1.7989949748743719,2.26,11.0,4.0,0.91,0.815625,0.1,3.1040534895794814,1.1136432456572196,0.09206842923794713,-0.32375000000000004,0.8691077441077442
patternCount::lvl-83.txt,patternCount,200.0,16.0,0.0653125,0.0221875,0.02125,0.02125,0.0009375,0.0075,0.0221875,71.0,0.0175,0.0090625,0.0084375,0.0,0.0,2.0,58.0,4.0,0.34,0.29,0.4327515518580559,1.5696225530638264,1.7889447236180904,2.855,11.0,4.0,0.695,0.803125,0.09,2.669640212229911,1.1928289111909638,0.071850699844479,-0.3453125000000001,0.8680834856286437
patternCount::lvl-84.txt,patternCount,200.0,16.0,0.025,0.0021875,0.0021875,0.0021875,0.00125,0.0765625,0.0034375,11.0,0.0125,0.006875,0.005625,0.0,0.0,2.0,49.0,37.0,0.685,0.245,0.08444456776159304,1.1058871971799293,1.5678391959798994,0.975,11.0,4.0,0.37,0.7765625,0.085,2.911964971563289,1.198760222270528,0.07589424572317263,-0.7865625,0.8504894137168628
patternCount::lvl-85.txt,patternCount,200.0,16.0,0.078125,0.0278125,0.024375,0.024375,0.0015625,0.0225,0.0259375,83.0,0.01,0.0059375,0.0040625,0.0,0.0,2.0,46.0,3.0,0.315,0.23,0.19905230789498607,1.990481407035176,2.050251256281407,3.695,11.0,4.0,0.845,0.7834375,0.095,3.1925711177284763,1.3152371865828223,0.09766718506998445,-0.3065625,0.8829365079365079
patternCount::lvl-86.txt,patternCount,200.0,16.0,0.0484375,0.0025,0.0015625,0.0015625,0.02375,0.010625,0.0253125,81.0,0.0140625,0.008125,0.0059375,0.0,0.0,2.0,51.0,3.0,0.315,0.255,0.04181162564962615,1.0127332033300833,1.6080402010050252,1.725,11.0,4.0,0.745,0.8196875,0.1,2.8920404149075116,1.0985282542249237,0.08118195956454122,-0.31124999999999997,0.8585229076230138
patternCount::lvl-87.txt,patternCount,200.0,16.0,0.05625,0.0075,0.0053125,0.0053125,0.0021875,0.026875,0.0075,24.0,0.01125,0.0065625,0.0046875,0.0,0.0,2.0,42.0,6.0,0.345,0.21,0.0006678248197947712,1.9515481062026552,2.336683417085427,2.6,11.0,4.0,0.81,0.7978125,0.095,3.500486402395329,1.1927032497726973,0.09704510108864697,-0.36374999999999996,0.8858173076923077
patternCount::lvl-88.txt,patternCount,200.0,16.0,0.051875,0.004375,0.001875,0.001875,0.00125,0.013125,0.003125,10.0,0.0140625,0.00875,0.0053125,0.0,0.0,2.0,47.0,9.0,0.35,0.235,0.0020612520166058967,1.4006184429610742,2.0150753768844223,2.055,11.0,4.0,0.79,0.8365625,0.1,2.6845398651961694,1.0025808275377361,0.08367029548989113,-0.3834375,0.8600910232266165
patternCount::lvl-89.txt,patternCount,200.0,16.0,0.0853125,0.0046875,0.0034375,0.0034375,0.0015625,0.018125,0.005,16.0,0.0121875,0.0075,0.0046875,0.0,0.0,2.0,43.0,7.0,0.335,0.215,0.04195419117114907,1.9277000000000002,2.020100502512563,2.995,11.0,4.0,1.33,0.7775,0.1,3.3829360837690694,1.249515505574561,0.08926905132192846,-0.35968750000000005,0.8740949624992618
patternCount::lvl-9.txt,patternCount,200.0,16.0,0.069375,0.0046875,0.0015625,0.0015625,0.0009375,0.01,0.0025,8.0,0.015625,0.008125,0.0075,0.0,0.0,2.0,54.0,5.0,0.33,0.27,0.07108056570020171,1.5741753543838595,1.9396984924623115,2.635,11.0,4.0,1.06,0.801875,0.09,2.8862514416256677,1.1408018403640132,0.08149300155520996,-0.355625,0.8558865256549422
patternCount::lvl-90.txt,patternCount,200.0,16.0,0.0584375,0.0034375,0.00375,0.00375,0.0021875,0.0175,0.0059375,19.0,0.010625,0.0059375,0.0046875,0.0,0.0,2.0,42.0,3.0,0.275,0.21,0.010578977892448438,1.2294869271731794,1.6381909547738693,2.06,11.0,4.0,0.89,0.82375,0.095,2.7489709730883596,1.070106458044612,0.08460342146189735,-0.28718750000000004,0.8583721363382381
patternCount::lvl-91.txt,patternCount,200.0,16.0,0.0434375,0.0040625,0.011875,0.011875,0.00125,0.013125,0.013125,42.0,0.0215625,0.0075,0.0140625,0.0,0.0,2.0,66.0,6.0,0.435,0.33,0.00032335014164941445,1.380369549238731,1.8944723618090453,1.635,11.0,4.0,0.645,0.8184375,0.09,2.9284825610715437,1.1016925068107386,0.0796267496111975,-0.4584375,0.8586391267969883
patternCount::lvl-92.txt,patternCount,200.0,16.0,0.0415625,0.0059375,0.00375,0.00375,0.0009375,0.055625,0.0046875,15.0,0.010625,0.0065625,0.0040625,0.0,0.0,2.0,41.0,16.0,0.59,0.205,0.1440877739146449,1.7652134853371333,1.879396984924623,1.8,11.0,4.0,0.6,0.7825,0.095,3.1562216662382716,1.2235256465917452,0.09237947122861587,-0.6359375,0.8770973154362416
patternCount::lvl-93.txt,patternCount,200.0,16.0,0.0525,0.0234375,0.0028125,0.0028125,0.00125,0.0125,0.0040625,13.0,0.033125,0.026875,0.00625,0.0,0.0,2.0,56.0,19.0,0.63,0.28,0.4277040594599103,2.9536968724218102,2.979899497487437,4.865,11.0,4.0,0.805,0.7959375,0.095,3.1518188535260743,1.2045266425398284,0.09206842923794713,-0.7065625,0.8758417508417509
patternCount::lvl-94.txt,patternCount,200.0,16.0,0.036875,0.004375,0.0025,0.0025,0.0059375,0.04375,0.0084375,27.0,0.0134375,0.0075,0.0059375,0.0,0.0,2.0,47.0,25.0,0.585,0.235,0.0680401556219632,1.6453331358283958,1.8693467336683418,1.525,11.0,4.0,0.545,0.798125,0.085,3.0792328300979355,1.1778368782847635,0.08398133748055987,-0.6525,0.8628619676027269
patternCount::lvl-95.txt,patternCount,200.0,16.0,0.05625,0.00625,0.0028125,0.0028125,0.0234375,0.005,0.02625,84.0,0.0140625,0.00875,0.0053125,0.0,0.0,2.0,42.0,4.0,0.29,0.21,0.011741772065372302,1.499791517287932,1.7939698492462313,2.355,11.0,4.0,0.85,0.8175,0.095,3.0452090600523136,1.1210590578312962,0.09082426127527216,-0.28781249999999997,0.8742450974720889
patternCount::lvl-96.txt,patternCount,200.0,16.0,0.041875,0.0059375,0.0003125,0.0003125,0.0,0.0,0.0003125,1.0,0.025625,0.0134375,0.0121875,0.0,0.0,2.0,83.0,2.0,0.425,0.415,0.1313826932866784,1.29880796519913,1.8241206030150754,1.6,11.0,1.0,0.585,0.8446875,0.045,1.962599756460613,0.8972416323886395,0.048833592534992226,-0.4553125,0.854309569286452
patternCount::lvl-97.txt,patternCount,200.0,16.0,0.0559375,0.0215625,0.0065625,0.0065625,0.005,0.036875,0.0115625,37.0,0.0090625,0.004375,0.0046875,0.0,0.0,2.0,40.0,20.0,0.61,0.2,0.33062920917188854,3.1174817070426757,2.3316582914572863,4.51,11.0,4.0,0.825,0.8128125,0.1,3.674008004752045,1.176145958234135,0.10544323483670295,-0.6575,0.8989675516224189
patternCount::lvl-98.txt,patternCount,200.0,16.0,0.0525,0.004375,0.0034375,0.0034375,0.0009375,0.02,0.004375,14.0,0.013125,0.0075,0.005625,0.0,0.0,2.0,49.0,6.0,0.345,0.245,0.0004961466108966972,1.277894607365184,1.879396984924623,1.945,11.0,4.0,0.785,0.825,0.1,2.7786776494306307,1.0618028743054053,0.08367029548989113,-0.36874999999999997,0.8560282905929053
patternCount::lvl-99.txt,patternCount,200.0,16.0,0.0515625,0.0021875,0.000625,0.000625,0.000625,0.00625,0.00125,4.0,0.0153125,0.008125,0.0071875,0.0,0.0,2.0,53.0,4.0,0.31,0.265,0.11413347056589385,1.2386659566489162,1.6683417085427135,2.08,11.0,4.0,0.81,0.828125,0.09,2.7522290255093815,1.0054597587649658,0.0734059097978227,-0.33406250000000004,0.8461412277932879
patternOccur::lvl-1.txt,patternOccur,200.0,16.0,0.0671875,0.0078125,0.005625,0.005625,0.0028125,0.02625,0.0084375,27.0,0.0071875,0.005625,0.0015625,0.0,0.0,2.0,39.0,4.0,0.31,0.195,0.014752559936070053,2.0084630615765393,2.4321608040201004,2.7,11.0,4.0,0.99,0.8059375,0.1,3.572471267812894,1.1717311280906233,0.10295489891135304,-0.31875000000000003,0.8893504531722054
patternOccur::lvl-10.txt,patternOccur,200.0,16.0,0.0553125,0.010625,0.008125,0.008125,0.00375,0.035,0.011875,38.0,0.00875,0.006875,0.001875,0.0,0.0,2.0,43.0,7.0,0.425,0.215,0.034627883426208705,2.351345848646216,2.92964824120603,2.665,11.0,4.0,0.78,0.801875,0.1,3.860250119921419,1.1996353930426358,0.1181959564541213,-0.43937499999999996,0.9087926509186351
patternOccur::lvl-100.txt,patternOccur,200.0,16.0,0.0696875,0.0134375,0.01125,0.01125,0.013125,0.023125,0.024375,78.0,0.00875,0.0059375,0.0028125,0.0,0.0,2.0,34.0,6.0,0.305,0.17,0.010062404690837745,2.6454630165754143,2.728643216080402,3.315,11.0,4.0,0.97,0.7915625,0.1,3.981348202926874,1.2853306553394543,0.1188180404354588,-0.304375,0.912532637075718
patternOccur::lvl-11.txt,patternOccur,200.0,16.0,0.05125,0.008125,0.005625,0.005625,0.0028125,0.039375,0.0084375,27.0,0.015625,0.01375,0.001875,0.0,0.0,2.0,36.0,32.0,0.54,0.18,0.0012907380288816883,2.3840566114152852,2.613065326633166,2.27,11.0,4.0,0.73,0.7896875,0.1,3.807284442032006,1.2423980712920915,0.11135303265940902,-0.6271875,0.8986768802228412
patternOccur::lvl-12.txt,patternOccur,200.0,16.0,0.0634375,0.015,0.011875,0.011875,0.0034375,0.040625,0.0153125,49.0,0.01125,0.0084375,0.0028125,0.0,0.0,2.0,48.0,7.0,0.47,0.24,0.0005804902453978578,2.878047993699843,3.1055276381909547,3.125,11.0,4.0,0.86,0.775625,0.1,4.0238974409036725,1.3320585080555754,0.12130637636080871,-0.48343749999999996,0.9175191815856777
patternOccur::lvl-13.txt,patternOccur,200.0,16.0,0.0690625,0.01875,0.00875,0.00875,0.0040625,0.03125,0.0128125,41.0,0.0059375,0.0040625,0.001875,0.0,0.0,2.0,33.0,5.0,0.325,0.165,0.006071372425468291,2.6837750918772967,2.814070351758794,3.435,11.0,4.0,0.88,0.8,0.1,3.838036672600792,1.2200518483178282,0.11384136858475895,-0.330625,0.9098360655737705
patternOccur::lvl-14.txt,patternOccur,200.0,16.0,0.059375,0.02,0.0059375,0.0059375,0.00375,0.038125,0.0096875,31.0,0.0178125,0.0153125,0.0025,0.0,0.0,2.0,38.0,18.0,0.58,0.19,0.23816364957111302,3.245473321833046,2.949748743718593,4.34,11.0,4.0,0.885,0.78,0.1,3.8998311991402144,1.3088716643828824,0.11975116640746501,-0.633125,0.9132124352331606
patternOccur::lvl-15.txt,patternOccur,200.0,16.0,0.0484375,0.01,0.0028125,0.0028125,0.001875,0.0846875,0.0046875,15.0,0.0075,0.0053125,0.0021875,0.0,0.0,2.0,35.0,29.0,0.59,0.175,0.08107709011175157,2.6188708317707943,3.07035175879397,2.52,11.0,4.0,0.69,0.7575,0.1,3.7327290225405676,1.3206899410405968,0.10793157076205288,-0.6653125,0.8947557471264368
patternOccur::lvl-16.txt,patternOccur,200.0,16.0,0.063125,0.02,0.005,0.005,0.0028125,0.03125,0.0078125,25.0,0.0084375,0.0040625,0.004375,0.0,0.0,2.0,34.0,39.0,0.545,0.17,0.22704888430884962,3.2591968574214354,2.577889447236181,4.235,11.0,4.0,0.9,0.8125,0.1,3.8847585506951616,1.1670751516998705,0.10606531881804043,-0.6431250000000001,0.8983918128654971
patternOccur::lvl-17.txt,patternOccur,200.0,16.0,0.053125,0.010625,0.0034375,0.0034375,0.0025,0.051875,0.0059375,19.0,0.009375,0.0078125,0.0015625,0.0,0.0,2.0,41.0,14.0,0.55,0.205,0.05249514556768553,2.673991352283807,2.8442211055276383,2.665,11.0,4.0,0.75,0.7825,0.1,3.786017194905677,1.252776329185745,0.10979782270606532,-0.5884375000000001,0.8997175141242938
patternOccur::lvl-18.txt,patternOccur,200.0,16.0,0.0590625,0.0090625,0.0153125,0.0153125,0.005,0.039375,0.0203125,65.0,0.0071875,0.0053125,0.001875,0.0,0.0,2.0,37.0,6.0,0.38,0.185,0.0001883049837984041,2.2914511737793446,2.4623115577889445,2.65,11.0,4.0,0.855,0.79125,0.1,3.8229467393522722,1.2630037262339013,0.11010886469673406,-0.381875,0.9098591549295775
patternOccur::lvl-19.txt,patternOccur,200.0,16.0,0.0515625,0.01,0.005,0.005,0.003125,0.03125,0.008125,26.0,0.018125,0.015,0.003125,0.0,0.0,2.0,40.0,15.0,0.52,0.2,0.05962768606315216,2.4302938873471835,2.7839195979899496,2.45,11.0,4.0,0.71,0.7965625,0.1,3.8293949605283206,1.2217395233241257,0.1150855365474339,-0.5674999999999999,0.9086927223719676
patternOccur::lvl-2.txt,patternOccur,200.0,16.0,0.0778125,0.0190625,0.006875,0.006875,0.0046875,0.02125,0.0115625,37.0,0.009375,0.0065625,0.0028125,0.0,0.0,2.0,36.0,6.0,0.31,0.18,0.030112240869595186,2.6375061201530037,2.9246231155778895,3.545,11.0,4.0,0.99,0.7925,0.1,3.8471944861077985,1.2583844106583504,0.10824261275272162,-0.32281250000000006,0.9004297994269341
patternOccur::lvl-20.txt,patternOccur,200.0,16.0,0.080625,0.0078125,0.006875,0.006875,0.005,0.030625,0.011875,38.0,0.00625,0.004375,0.001875,0.0,0.0,2.0,34.0,8.0,0.32,0.17,0.031369369884441944,2.215397952448811,2.6231155778894473,3.17,11.0,4.0,1.215,0.7771875,0.1,3.814041159292323,1.293652168750119,0.11259720062208398,-0.334375,0.9091850828729282
patternOccur::lvl-21.txt,patternOccur,200.0,16.0,0.0646875,0.010625,0.0115625,0.0115625,0.00875,0.0375,0.0203125,65.0,0.0096875,0.0071875,0.0025,0.0,0.0,2.0,41.0,5.0,0.4,0.205,0.012311887672710409,2.4086684467111676,3.0854271356783918,2.8,11.0,4.0,0.92,0.77625,0.1,4.054554088134521,1.3383904635664154,0.11944012441679627,-0.40187500000000004,0.9182942708333334
patternOccur::lvl-22.txt,patternOccur,200.0,16.0,0.063125,0.0196875,0.00375,0.00375,0.00625,0.02,0.01,32.0,0.009375,0.0065625,0.0028125,0.0,0.0,2.0,43.0,23.0,0.51,0.215,0.07670394180222417,3.6222616665416636,3.2261306532663316,4.44,11.0,4.0,0.93,0.821875,0.1,3.840791253195708,1.128781181773357,0.11695178849144634,-0.566875,0.9131299734748011
patternOccur::lvl-23.txt,patternOccur,200.0,16.0,0.0721875,0.0190625,0.0059375,0.0059375,0.0053125,0.025,0.01125,36.0,0.0103125,0.005625,0.0046875,0.0,0.0,2.0,38.0,5.0,0.365,0.19,0.20194612579155846,3.182449643741094,3.0150753768844223,4.225,11.0,4.0,0.925,0.7965625,0.1,3.964256486909965,1.2474923417970523,0.1166407465007776,-0.3765625,0.9052526595744681
patternOccur::lvl-24.txt,patternOccur,200.0,16.0,0.076875,0.0109375,0.004375,0.004375,0.0028125,0.035625,0.0071875,23.0,0.01,0.00625,0.00375,0.0,0.0,2.0,41.0,5.0,0.395,0.205,0.06397661498743545,2.387408040201005,2.6884422110552766,3.21,11.0,4.0,1.12,0.77125,0.1,3.8781283353212572,1.318327850563741,0.10824261275272162,-0.4103125,0.9043696275071633
patternOccur::lvl-25.txt,patternOccur,200.0,16.0,0.0615625,0.0140625,0.0065625,0.0065625,0.005,0.038125,0.0115625,37.0,0.009375,0.0059375,0.0034375,0.0,0.0,2.0,40.0,18.0,0.45,0.2,0.0015607869040301647,3.0625467486687166,2.819095477386935,3.145,11.0,4.0,0.815,0.793125,0.1,4.016094572572931,1.2529912773838785,0.11695178849144634,-0.49281250000000004,0.9144562334217506
patternOccur::lvl-26.txt,patternOccur,200.0,16.0,0.065625,0.0059375,0.021875,0.021875,0.00375,0.02625,0.025625,82.0,0.0053125,0.00375,0.0015625,0.0,0.0,2.0,27.0,5.0,0.28,0.135,0.0006499818403700175,1.7949892072301807,1.6834170854271358,2.525,11.0,4.0,0.985,0.7940625,0.1,3.592923189850649,1.2430386954014403,0.10233281493001556,-0.2721875,0.884469696969697
patternOccur::lvl-27.txt,patternOccur,200.0,16.0,0.0590625,0.0159375,0.0053125,0.0053125,0.003125,0.045625,0.0084375,27.0,0.015625,0.0134375,0.0021875,0.0,0.0,2.0,35.0,23.0,0.515,0.175,0.14759760174562409,3.2599522763069073,2.869346733668342,3.725,11.0,4.0,0.845,0.7715625,0.1,3.9262958239631347,1.329448090253826,0.11135303265940902,-0.5796875,0.899025069637883
patternOccur::lvl-28.txt,patternOccur,200.0,16.0,0.050625,0.0103125,0.0046875,0.0046875,0.0040625,0.0528125,0.00875,28.0,0.01,0.00875,0.00125,0.0,0.0,2.0,44.0,12.0,0.545,0.22,0.007215284887016837,2.7078399309982744,2.8040201005025125,2.63,11.0,4.0,0.73,0.783125,0.1,3.8866681934168303,1.2608251602144116,0.11975116640746501,-0.57625,0.9149350649350649
patternOccur::lvl-29.txt,patternOccur,200.0,16.0,0.0696875,0.008125,0.0071875,0.0071875,0.0053125,0.021875,0.0125,40.0,0.0059375,0.0040625,0.001875,0.0,0.0,2.0,30.0,6.0,0.285,0.15,0.04542742611596218,1.9877918397959948,2.301507537688442,2.855,11.0,4.0,1.025,0.8090625,0.1,3.627967846949628,1.1700018488354487,0.10793157076205288,-0.29343749999999996,0.906700288184438
patternOccur::lvl-3.txt,patternOccur,200.0,16.0,0.0725,0.0140625,0.0125,0.0125,0.011875,0.021875,0.024375,78.0,0.0084375,0.0053125,0.003125,0.0,0.0,2.0,38.0,6.0,0.35,0.19,0.02121116291332026,2.911950761269032,3.0552763819095476,3.675,11.0,4.0,1.04,0.79,0.1,4.004002183196902,1.2953753711901759,0.11601866251944012,-0.3490625,0.918230563002681
patternOccur::lvl-30.txt,patternOccur,200.0,16.0,0.0575,0.0078125,0.0065625,0.0065625,0.0034375,0.034375,0.01,32.0,0.0103125,0.006875,0.0034375,0.0,0.0,2.0,38.0,5.0,0.39,0.19,0.0010552595939719023,2.0947117452936324,2.4321608040201004,2.515,11.0,4.0,0.85,0.795625,0.1,3.740301979236364,1.2215794699112434,0.1104199066874028,-0.4028125,0.8964185393258427
patternOccur::lvl-31.txt,patternOccur,200.0,16.0,0.05125,0.0078125,0.00375,0.00375,0.00125,0.031875,0.005,16.0,0.0215625,0.0071875,0.014375,0.0,0.0,2.0,31.0,27.0,0.57,0.155,0.07594371700655889,2.2203666766669166,2.336683417085427,2.195,11.0,4.0,0.74,0.7890625,0.1,3.7399301369661018,1.2404779022575623,0.104199066874028,-0.6540625,0.8939732142857143
patternOccur::lvl-32.txt,patternOccur,200.0,16.0,0.0503125,0.0090625,0.0059375,0.0059375,0.00625,0.04125,0.0121875,39.0,0.015625,0.004375,0.01125,0.0,0.0,2.0,39.0,26.0,0.55,0.195,0.03840996795315621,2.532676876921923,2.557788944723618,2.52,11.0,4.0,0.73,0.7859375,0.1,3.9632312071491143,1.2770371297944605,0.11321928460342146,-0.6184375,0.9014423076923077
patternOccur::lvl-33.txt,patternOccur,200.0,16.0,0.06125,0.00875,0.0059375,0.0059375,0.004375,0.03375,0.0103125,33.0,0.0053125,0.0034375,0.001875,0.0,0.0,2.0,35.0,6.0,0.355,0.175,0.00017533405127378998,2.148616215405385,2.663316582914573,2.86,11.0,4.0,0.885,0.7940625,0.1,3.851646569185623,1.212094735245369,0.1119751166407465,-0.365,0.899584487534626
patternOccur::lvl-34.txt,patternOccur,200.0,16.0,0.059375,0.0090625,0.0040625,0.0040625,0.001875,0.02625,0.0059375,19.0,0.009375,0.00625,0.003125,0.0,0.0,2.0,43.0,6.0,0.37,0.215,0.015683272165189388,2.1122197179929496,2.507537688442211,2.64,11.0,4.0,0.855,0.81375,0.1,3.6639848915036124,1.1342213746314793,0.11166407465007776,-0.38843750000000005,0.9045961002785515
patternOccur::lvl-35.txt,patternOccur,200.0,16.0,0.0578125,0.009375,0.0075,0.0075,0.0028125,0.040625,0.0103125,33.0,0.00875,0.0059375,0.0028125,0.0,0.0,2.0,38.0,10.0,0.405,0.19,0.0033757049293487995,2.116623115577889,2.4623115577889445,2.61,11.0,4.0,0.82,0.785625,0.1,3.950510796044725,1.257757739918995,0.11010886469673406,-0.4284375,0.8982394366197184
patternOccur::lvl-36.txt,patternOccur,200.0,16.0,0.06625,0.0178125,0.0065625,0.0065625,0.00625,0.02875,0.0128125,41.0,0.010625,0.0078125,0.0028125,0.0,0.0,2.0,44.0,9.0,0.46,0.22,0.05458217814661115,3.275241161029026,3.437185929648241,3.865,11.0,4.0,0.935,0.7984375,0.1,4.0868924813824385,1.2431090774267566,0.12099533437013997,-0.48031250000000003,0.9131410256410256
patternOccur::lvl-37.txt,patternOccur,200.0,16.0,0.0603125,0.0096875,0.0059375,0.0059375,0.0034375,0.01875,0.009375,30.0,0.01875,0.01625,0.0025,0.0,0.0,2.0,39.0,22.0,0.435,0.195,0.07824990351109451,2.3269353633840844,2.35678391959799,2.69,11.0,4.0,0.865,0.7971875,0.1,3.704457019885158,1.218676008525718,0.11104199066874028,-0.49937499999999996,0.8984593837535014
patternOccur::lvl-38.txt,patternOccur,200.0,16.0,0.060625,0.0078125,0.005,0.005,0.0028125,0.041875,0.0078125,25.0,0.0078125,0.0059375,0.001875,0.0,0.0,2.0,37.0,6.0,0.415,0.185,0.008723954057140881,2.152654968874222,2.512562814070352,2.54,11.0,4.0,0.9,0.7909375,0.1,3.7506389399065525,1.2313778180583372,0.11415241057542769,-0.43,0.9039509536784741
patternOccur::lvl-39.txt,patternOccur,200.0,16.0,0.0746875,0.01,0.0071875,0.0071875,0.0028125,0.031875,0.01,32.0,0.01,0.0084375,0.0015625,0.0,0.0,2.0,32.0,10.0,0.39,0.16,5.4777833228825124e-05,2.5445014475361885,2.130653266331658,3.025,11.0,4.0,1.075,0.778125,0.1,3.9276823801310723,1.2951042362010594,0.11104199066874028,-0.41500000000000004,0.9072128851540616
patternOccur::lvl-4.txt,patternOccur,200.0,16.0,0.0440625,0.0075,0.005625,0.005625,0.0046875,0.0475,0.0103125,33.0,0.01,0.00625,0.00375,0.0,0.0,2.0,40.0,21.0,0.55,0.2,0.004336911857841241,2.2454697892447313,2.5728643216080402,2.245,11.0,4.0,0.66,0.7928125,0.1,3.772872835454885,1.2187021116446821,0.11073094867807154,-0.6021875000000001,0.9013342696629214
patternOccur::lvl-40.txt,patternOccur,200.0,16.0,0.06375,0.0096875,0.0046875,0.0046875,0.00375,0.028125,0.0084375,27.0,0.0128125,0.0090625,0.00375,0.0,0.0,2.0,37.0,6.0,0.41,0.185,5.4738998182868315e-05,2.65567601440036,3.0150753768844223,2.955,11.0,4.0,0.93,0.794375,0.1,3.9044957084430334,1.2339878998155418,0.1181959564541213,-0.429375,0.9133858267716535
patternOccur::lvl-41.txt,patternOccur,200.0,16.0,0.0596875,0.0084375,0.0140625,0.0140625,0.0046875,0.03125,0.01875,60.0,0.008125,0.00625,0.001875,0.0,0.0,2.0,35.0,8.0,0.385,0.175,0.00012740326463633878,2.2230801320033002,2.5477386934673367,2.635,11.0,4.0,0.875,0.7953125,0.1,3.984762489149771,1.2421489518461595,0.11321928460342146,-0.39437500000000003,0.9037671232876712
patternOccur::lvl-42.txt,patternOccur,200.0,16.0,0.060625,0.018125,0.004375,0.004375,0.0040625,0.0325,0.0084375,27.0,0.0134375,0.0109375,0.0025,0.0,0.0,2.0,37.0,14.0,0.48,0.185,0.08922585231456504,3.418721548038701,2.4673366834170856,3.92,11.0,4.0,0.825,0.7965625,0.1,4.034547244059206,1.2339746159800202,0.11539657853810265,-0.52,0.9146505376344086
patternOccur::lvl-43.txt,patternOccur,200.0,16.0,0.0925,0.011875,0.004375,0.004375,0.00125,0.030625,0.005625,18.0,0.008125,0.0059375,0.0021875,0.0,0.0,2.0,38.0,6.0,0.36,0.19,0.063390010866051,2.5280964449111227,2.4271356783919598,3.415,11.0,4.0,1.325,0.7671875,0.1,3.8206694377434927,1.3212307130218106,0.10637636080870917,-0.3775,0.8924927113702624
patternOccur::lvl-44.txt,patternOccur,200.0,16.0,0.0671875,0.0178125,0.0075,0.0075,0.0059375,0.033125,0.0134375,43.0,0.008125,0.0059375,0.0021875,0.0,0.0,2.0,32.0,10.0,0.385,0.16,0.13740380201248237,3.229116687917198,2.8944723618090453,3.92,11.0,4.0,0.855,0.7903125,0.1,3.9939768167247416,1.2682995590677635,0.11788491446345256,-0.40468750000000003,0.9078947368421053
patternOccur::lvl-45.txt,patternOccur,200.0,16.0,0.051875,0.0103125,0.0075,0.0075,0.005625,0.04375,0.013125,42.0,0.011875,0.005,0.006875,0.0,0.0,2.0,31.0,16.0,0.495,0.155,0.02027395141476196,2.467888299707493,2.3115577889447234,2.48,11.0,4.0,0.705,0.785,0.1,3.9920386133114616,1.2782527031642295,0.11353032659409021,-0.5337500000000001,0.9043715846994536
patternOccur::lvl-46.txt,patternOccur,200.0,16.0,0.0615625,0.0134375,0.0090625,0.0090625,0.0040625,0.05375,0.013125,42.0,0.0075,0.0040625,0.0034375,0.0,0.0,2.0,31.0,25.0,0.46,0.155,0.02122750131834994,2.772619365484137,2.8241206030150754,2.95,11.0,4.0,0.835,0.7709375,0.1,3.929429504279136,1.3342625136806034,0.11788491446345256,-0.516875,0.9095394736842105
patternOccur::lvl-47.txt,patternOccur,200.0,16.0,0.050625,0.0109375,0.00625,0.00625,0.0053125,0.03375,0.0115625,37.0,0.0159375,0.01375,0.0021875,0.0,0.0,2.0,38.0,21.0,0.515,0.19,0.0024416512265481582,2.6036897622440565,2.809045226130653,2.64,11.0,4.0,0.715,0.7934375,0.1,3.9427350320669348,1.2405527908388172,0.11570762052877138,-0.571875,0.9065860215053763
patternOccur::lvl-48.txt,patternOccur,200.0,16.0,0.084375,0.00875,0.005,0.005,0.0025,0.03625,0.0075,24.0,0.0115625,0.0090625,0.0025,0.0,0.0,2.0,33.0,12.0,0.37,0.165,0.025370413353358323,2.429269684242106,2.407035175879397,3.195,11.0,4.0,1.255,0.7565625,0.1,3.7070818470511377,1.3672058206133115,0.10793157076205288,-0.4040625,0.8994252873563219
patternOccur::lvl-49.txt,patternOccur,200.0,16.0,0.0596875,0.008125,0.0159375,0.0159375,0.0146875,0.03,0.030625,98.0,0.00875,0.00625,0.0025,0.0,0.0,2.0,35.0,7.0,0.34,0.175,0.0003101939062284398,1.9971670291757295,2.14070351758794,2.51,11.0,4.0,0.855,0.784375,0.1,3.850138182534776,1.3120640232736065,0.10637636080870917,-0.335625,0.8877551020408163
patternOccur::lvl-5.txt,patternOccur,200.0,16.0,0.0490625,0.0084375,0.0071875,0.0071875,0.003125,0.0725,0.0103125,33.0,0.0084375,0.0059375,0.0025,0.0,0.0,2.0,42.0,22.0,0.53,0.21,0.07356821399109637,2.406050281257032,2.6532663316582914,2.455,11.0,4.0,0.715,0.760625,0.1,3.8753652544158728,1.3373961102970806,0.10979782270606532,-0.5831250000000001,0.9007768361581922
patternOccur::lvl-50.txt,patternOccur,200.0,16.0,0.0709375,0.02,0.006875,0.006875,0.004375,0.026875,0.01125,36.0,0.0109375,0.0075,0.0034375,0.0,0.0,2.0,39.0,10.0,0.415,0.195,0.007514097787522767,3.1479527413185333,3.3467336683417086,3.66,11.0,4.0,0.895,0.795,0.1,4.055726217669231,1.2552342240512813,0.11850699844479004,-0.4396875,0.9149214659685864
patternOccur::lvl-51.txt,patternOccur,200.0,16.0,0.0609375,0.013125,0.0084375,0.0084375,0.00375,0.036875,0.0121875,39.0,0.010625,0.00625,0.004375,0.0,0.0,2.0,45.0,7.0,0.44,0.225,0.01791596281276764,2.674693677341933,2.9849246231155777,3.04,11.0,4.0,0.85,0.789375,0.1,3.985302379352116,1.268440903919785,0.12068429237947123,-0.4559375,0.9130154639175257
patternOccur::lvl-52.txt,patternOccur,200.0,16.0,0.06,0.015625,0.011875,0.011875,0.005625,0.03125,0.0175,56.0,0.0103125,0.0078125,0.0025,0.0,0.0,2.0,46.0,6.0,0.425,0.23,0.041838798382195175,2.676244048601215,2.7738693467336684,3.15,11.0,4.0,0.8,0.7971875,0.1,3.9351685238867424,1.2482623586270463,0.1166407465007776,-0.4328125,0.9125664893617021
patternOccur::lvl-53.txt,patternOccur,200.0,16.0,0.06625,0.0175,0.0071875,0.0071875,0.0053125,0.030625,0.0125,40.0,0.0090625,0.0059375,0.003125,0.0,0.0,2.0,42.0,6.0,0.405,0.21,0.07868465394344237,3.2298893497337433,3.020100502512563,3.775,11.0,4.0,0.85,0.7959375,0.1,4.045832007214236,1.2463119459947842,0.12006220839813375,-0.4165625,0.919250645994832
patternOccur::lvl-54.txt,patternOccur,200.0,16.0,0.0584375,0.008125,0.0040625,0.0040625,0.00125,0.05,0.0053125,17.0,0.0109375,0.0078125,0.003125,0.0,0.0,2.0,37.0,11.0,0.52,0.185,0.01339341424460272,2.6475583889597245,2.7437185929648242,2.6,11.0,4.0,0.86,0.7803125,0.095,3.8859169890687655,1.2671128472212205,0.11632970451010886,-0.553125,0.9163333333333333
patternOccur::lvl-55.txt,patternOccur,200.0,16.0,0.0640625,0.0078125,0.018125,0.018125,0.0175,0.02375,0.035625,114.0,0.0078125,0.0046875,0.003125,0.0,0.0,2.0,33.0,6.0,0.345,0.165,0.03658302344655373,2.1816312007800196,2.6180904522613067,2.8,11.0,4.0,0.955,0.785625,0.1,3.701080582838434,1.3162488674744752,0.11321928460342146,-0.33218749999999997,0.9069368131868132
patternOccur::lvl-56.txt,patternOccur,200.0,16.0,0.060625,0.0109375,0.0078125,0.0078125,0.0040625,0.04875,0.011875,38.0,0.0075,0.004375,0.003125,0.0,0.0,2.0,36.0,25.0,0.44,0.18,0.01637631272275364,2.5956990399759996,2.613065326633166,2.835,11.0,4.0,0.86,0.7815625,0.1,3.9734195279889786,1.2887409717125737,0.11415241057542769,-0.498125,0.9025135869565217
patternOccur::lvl-57.txt,patternOccur,200.0,16.0,0.064375,0.011875,0.005625,0.005625,0.003125,0.044375,0.00875,28.0,0.008125,0.0053125,0.0028125,0.0,0.0,2.0,45.0,6.0,0.47,0.225,0.0058269869984383105,2.98004872121803,3.3165829145728645,3.14,11.0,4.0,0.915,0.7853125,0.1,3.969098893998859,1.2698800750840724,0.11850699844479004,-0.484375,0.912303664921466
patternOccur::lvl-58.txt,patternOccur,200.0,16.0,0.0615625,0.0221875,0.00625,0.00625,0.0021875,0.028125,0.0084375,27.0,0.0225,0.0203125,0.0021875,0.0,0.0,2.0,36.0,28.0,0.565,0.18,0.37919871545383943,2.9590935423385583,2.4271356783919598,4.71,11.0,4.0,0.905,0.7803125,0.1,3.6366227856699176,1.3012494788439113,0.10979782270606532,-0.6490624999999999,0.8986581920903954
patternOccur::lvl-59.txt,patternOccur,200.0,16.0,0.0596875,0.0121875,0.004375,0.004375,0.003125,0.033125,0.0075,24.0,0.0084375,0.005,0.0034375,0.0,0.0,2.0,38.0,10.0,0.425,0.19,0.023291700407308213,2.9021023550588763,3.0653266331658293,3.135,11.0,4.0,0.85,0.8071875,0.1,3.7983651694866474,1.174471764322459,0.11415241057542769,-0.4509375,0.907608695652174
patternOccur::lvl-6.txt,patternOccur,200.0,16.0,0.063125,0.0115625,0.004375,0.004375,0.011875,0.0275,0.01625,52.0,0.0096875,0.006875,0.0028125,0.0,0.0,2.0,40.0,6.0,0.4,0.2,0.007378907757180753,2.555492882322058,2.7738693467336684,2.945,11.0,4.0,0.9,0.799375,0.1,3.898362794999714,1.233348722076144,0.11415241057542769,-0.40843750000000006,0.8987771739130435
patternOccur::lvl-60.txt,patternOccur,200.0,16.0,0.0671875,0.018125,0.00625,0.00625,0.005,0.029375,0.01125,36.0,0.015625,0.0140625,0.0015625,0.0,0.0,2.0,42.0,11.0,0.47,0.21,0.18991273840143408,3.0283756168904223,2.8894472361809047,4.015,11.0,4.0,0.965,0.7821875,0.1,3.9639284229035674,1.303434065618301,0.11788491446345256,-0.501875,0.9092105263157895
patternOccur::lvl-61.txt,patternOccur,200.0,16.0,0.0584375,0.0075,0.0040625,0.0040625,0.0028125,0.045625,0.006875,22.0,0.008125,0.006875,0.00125,0.0,0.0,2.0,35.0,16.0,0.465,0.175,0.007532216327532648,2.226006195154879,2.351758793969849,2.42,11.0,4.0,0.86,0.79,0.1,3.7758551612567843,1.2291464077651622,0.11228615863141524,-0.50625,0.9013157894736842
patternOccur::lvl-62.txt,patternOccur,200.0,16.0,0.06625,0.0103125,0.0065625,0.0065625,0.0028125,0.03,0.009375,30.0,0.008125,0.005625,0.0025,0.0,0.0,2.0,33.0,8.0,0.36,0.165,0.0011990721808244897,2.4619239780994526,2.9547738693467336,2.96,11.0,4.0,0.96,0.7996875,0.1,3.770555569438714,1.2097758611946934,0.11073094867807154,-0.37875,0.8995098039215687
patternOccur::lvl-63.txt,patternOccur,200.0,16.0,0.056875,0.0128125,0.006875,0.006875,0.0025,0.045625,0.009375,30.0,0.009375,0.0071875,0.0021875,0.0,0.0,2.0,40.0,9.0,0.495,0.2,0.0016145187010915274,2.7860534238355954,2.698492462311558,2.875,11.0,4.0,0.775,0.7840625,0.1,3.987861731325847,1.2679637586995336,0.12130637636080871,-0.5175,0.9092071611253197
patternOccur::lvl-64.txt,patternOccur,200.0,16.0,0.055625,0.0109375,0.0071875,0.0071875,0.004375,0.043125,0.0115625,37.0,0.01,0.008125,0.001875,0.0,0.0,2.0,47.0,6.0,0.52,0.235,0.004697820897405336,3.0068278556963923,3.1557788944723617,3.0,11.0,4.0,0.82,0.7878125,0.1,3.9868427186670585,1.2611536888568948,0.12348367029548989,-0.5334375,0.9239949748743719
patternOccur::lvl-65.txt,patternOccur,200.0,16.0,0.0628125,0.0103125,0.0090625,0.0090625,0.0046875,0.050625,0.01375,44.0,0.0065625,0.004375,0.0021875,0.0,0.0,2.0,35.0,28.0,0.435,0.175,0.07891005007901619,2.2783110552763817,2.4623115577889445,2.645,11.0,4.0,0.88,0.7728125,0.1,3.941805313257126,1.3227401293943677,0.11353032659409021,-0.49781250000000005,0.9091530054644809
patternOccur::lvl-66.txt,patternOccur,200.0,16.0,0.0815625,0.0096875,0.0078125,0.0078125,0.0025,0.029375,0.0103125,33.0,0.009375,0.0065625,0.0028125,0.0,0.0,2.0,42.0,5.0,0.375,0.21,0.012257913579275193,2.5830935873396834,2.8040201005025125,3.06,11.0,4.0,1.18,0.77625,0.1,3.941374655749478,1.306724949156481,0.10855365474339036,-0.38656250000000003,0.8967857142857143
patternOccur::lvl-67.txt,patternOccur,200.0,16.0,0.065,0.0178125,0.0053125,0.0053125,0.0046875,0.029375,0.01,32.0,0.00875,0.00625,0.0025,0.0,0.0,2.0,40.0,13.0,0.475,0.2,0.13192789169936803,3.1658950873771845,2.809045226130653,3.99,11.0,4.0,0.935,0.8075,0.1,3.9274956357206148,1.1939813495264504,0.12037325038880249,-0.50625,0.9178479381443299
patternOccur::lvl-68.txt,patternOccur,200.0,16.0,0.0746875,0.0146875,0.0128125,0.0128125,0.00625,0.033125,0.0190625,61.0,0.008125,0.00625,0.001875,0.0,0.0,2.0,39.0,6.0,0.335,0.195,0.015048099613631738,2.5661429235730897,2.5728643216080402,3.18,11.0,4.0,1.0,0.778125,0.1,3.9274362432889296,1.3355834415458492,0.1181959564541213,-0.33906250000000004,0.9173228346456693
patternOccur::lvl-69.txt,patternOccur,200.0,16.0,0.058125,0.0175,0.005,0.005,0.005,0.03625,0.01,32.0,0.0078125,0.0046875,0.003125,0.0,0.0,2.0,32.0,31.0,0.54,0.16,0.23573546979092985,3.06725530638266,2.351758793969849,3.9,11.0,4.0,0.845,0.80875,0.1,3.8834573409756956,1.1827529566780772,0.10855365474339036,-0.6153125,0.8960714285714286
patternOccur::lvl-7.txt,patternOccur,200.0,16.0,0.0790625,0.0103125,0.00625,0.00625,0.0046875,0.031875,0.0109375,35.0,0.00875,0.005625,0.003125,0.0,0.0,2.0,35.0,8.0,0.4,0.175,0.0015428476027365967,2.7983744693617343,2.7437185929648242,3.16,11.0,4.0,1.145,0.7765625,0.1,4.04630572038662,1.3107086837873552,0.11912908242612753,-0.41781250000000003,0.9112271540469974
patternOccur::lvl-70.txt,patternOccur,200.0,16.0,0.0575,0.009375,0.0065625,0.0065625,0.003125,0.0175,0.0096875,31.0,0.0190625,0.016875,0.0021875,0.0,0.0,2.0,40.0,14.0,0.47,0.2,0.05388206818104402,2.295829513237831,2.758793969849246,2.545,11.0,4.0,0.82,0.8003125,0.095,3.716689023984173,1.2008851516386194,0.11570762052877138,-0.5143749999999999,0.9049059139784946
patternOccur::lvl-71.txt,patternOccur,200.0,16.0,0.0646875,0.0096875,0.004375,0.004375,0.0028125,0.03375,0.0071875,23.0,0.01,0.0075,0.0025,0.0,0.0,2.0,45.0,6.0,0.445,0.225,0.005029862870528312,2.648662701567539,2.9648241206030153,3.025,11.0,4.0,0.935,0.79,0.1,3.940667073238584,1.2356641183584234,0.1181959564541213,-0.4628125,0.9105263157894737
patternOccur::lvl-72.txt,patternOccur,200.0,16.0,0.0525,0.00875,0.00625,0.00625,0.0034375,0.029375,0.0096875,31.0,0.01875,0.0171875,0.0015625,0.0,0.0,2.0,37.0,15.0,0.505,0.185,0.04672307237655238,2.34067192679817,2.663316582914573,2.405,11.0,4.0,0.745,0.7925,0.1,3.778548164393975,1.2355616761266681,0.10793157076205288,-0.5515625,0.8943965517241379
patternOccur::lvl-73.txt,patternOccur,200.0,16.0,0.0625,0.0165625,0.0046875,0.0046875,0.0034375,0.0375,0.008125,26.0,0.0178125,0.0159375,0.001875,0.0,0.0,2.0,40.0,28.0,0.525,0.2,0.16566190868469666,3.2366839270981775,2.6231155778894473,3.96,11.0,4.0,0.94,0.7734375,0.1,3.866745591245847,1.3240565891943965,0.10948678071539658,-0.6046875,0.9048295454545454
patternOccur::lvl-74.txt,patternOccur,200.0,16.0,0.0540625,0.009375,0.005,0.005,0.0046875,0.02875,0.0096875,31.0,0.018125,0.0153125,0.0028125,0.0,0.0,2.0,33.0,13.0,0.49,0.165,0.07137783747352633,2.334432198304958,2.321608040201005,2.515,11.0,4.0,0.775,0.794375,0.1,3.855674033538723,1.2355184329454894,0.11073094867807154,-0.5309375,0.9115168539325843
patternOccur::lvl-75.txt,patternOccur,200.0,16.0,0.0584375,0.015,0.0053125,0.0053125,0.00125,0.048125,0.0065625,21.0,0.0090625,0.006875,0.0021875,0.0,0.0,2.0,41.0,9.0,0.52,0.205,0.12378993794266957,3.045796669916748,2.9849246231155777,3.475,11.0,4.0,0.835,0.786875,0.1,3.9323127274255962,1.2518981400636886,0.1188180404354588,-0.5449999999999999,0.9181937172774869
patternOccur::lvl-76.txt,patternOccur,200.0,16.0,0.0425,0.006875,0.0046875,0.0046875,0.0025,0.0884375,0.0071875,23.0,0.01,0.008125,0.001875,0.0,0.0,2.0,39.0,39.0,0.605,0.195,0.05662526140600366,2.1349790369759245,2.040201005025126,1.96,11.0,4.0,0.615,0.7503125,0.1,3.6321494113289012,1.3462645676903373,0.10357698289269052,-0.7053125,0.8963323353293413
patternOccur::lvl-77.txt,patternOccur,200.0,16.0,0.06125,0.0109375,0.0084375,0.0084375,0.0053125,0.056875,0.01375,44.0,0.0078125,0.0065625,0.00125,0.0,0.0,2.0,35.0,33.0,0.435,0.175,0.04968036807564713,2.4752934373359334,2.6381909547738696,2.795,11.0,4.0,0.865,0.766875,0.1,3.899033114262823,1.3479256507002164,0.11321928460342146,-0.5115625,0.9027397260273973
patternOccur::lvl-78.txt,patternOccur,200.0,16.0,0.0690625,0.020625,0.005,0.005,0.0021875,0.03375,0.0071875,23.0,0.0059375,0.004375,0.0015625,0.0,0.0,2.0,35.0,9.0,0.35,0.175,0.0834625575587552,2.3396280507012674,2.391959798994975,3.35,11.0,4.0,0.835,0.801875,0.1,3.638803013121351,1.1960105315327247,0.10668740279937791,-0.37124999999999997,0.8942587209302326
patternOccur::lvl-79.txt,patternOccur,200.0,16.0,0.058125,0.0078125,0.00375,0.00375,0.0021875,0.03,0.0059375,19.0,0.01125,0.0075,0.00375,0.0,0.0,2.0,46.0,9.0,0.435,0.23,0.022733529737519853,2.29280057001425,2.9648241206030153,2.575,11.0,4.0,0.865,0.8040625,0.1,3.7583039746328475,1.1763744170087795,0.10948678071539658,-0.4628125,0.8916430594900849
patternOccur::lvl-8.txt,patternOccur,200.0,16.0,0.06125,0.0115625,0.00875,0.00875,0.0046875,0.03875,0.0134375,43.0,0.01,0.006875,0.003125,0.0,0.0,2.0,39.0,4.0,0.395,0.195,0.00028272419242658664,2.448695537388435,2.9145728643216082,2.735,11.0,4.0,0.83,0.786875,0.1,3.9171919252380465,1.278051198083566,0.1188180404354588,-0.40156250000000004,0.9112271540469974
patternOccur::lvl-80.txt,patternOccur,200.0,16.0,0.0584375,0.01125,0.0065625,0.0065625,0.0021875,0.0325,0.00875,28.0,0.015625,0.0134375,0.0021875,0.0,0.0,2.0,39.0,23.0,0.495,0.195,0.031899303663463385,2.652303120078002,2.9396984924623117,2.75,11.0,4.0,0.815,0.785625,0.1,3.9217062473943853,1.2647561557170899,0.11632970451010886,-0.5593750000000001,0.901403743315508
patternOccur::lvl-81.txt,patternOccur,200.0,16.0,0.06125,0.0184375,0.0040625,0.0040625,0.003125,0.03375,0.0071875,23.0,0.0071875,0.004375,0.0028125,0.0,0.0,2.0,37.0,9.0,0.515,0.185,0.20779866759014187,3.1260982974574363,2.85929648241206,4.11,11.0,4.0,0.895,0.8140625,0.1,3.8795222180915276,1.1532844924518568,0.1150855365474339,-0.5375,0.9100404312668464
patternOccur::lvl-82.txt,patternOccur,200.0,16.0,0.059375,0.0109375,0.00625,0.00625,0.0053125,0.03125,0.0115625,37.0,0.0125,0.0090625,0.0034375,0.0,0.0,2.0,36.0,29.0,0.44,0.18,0.04216532257029626,2.3806341708542713,2.6331658291457285,2.73,11.0,4.0,0.835,0.794375,0.1,3.9525198849756826,1.2442982330693748,0.1150855365474339,-0.5134375,0.9043126684636118
patternOccur::lvl-83.txt,patternOccur,200.0,16.0,0.0646875,0.0221875,0.0059375,0.0059375,0.0028125,0.03,0.00875,28.0,0.0059375,0.0040625,0.001875,0.0,0.0,2.0,38.0,19.0,0.52,0.19,0.252542806514536,3.1564493737343433,2.869346733668342,4.645,11.0,4.0,0.925,0.820625,0.1,3.790136316278131,1.1322472618930797,0.10979782270606532,-0.5646875,0.8986581920903955
patternOccur::lvl-84.txt,patternOccur,200.0,16.0,0.0609375,0.009375,0.0021875,0.0021875,0.0146875,0.03375,0.016875,54.0,0.0065625,0.0040625,0.0025,0.0,0.0,2.0,38.0,7.0,0.365,0.19,0.01702733982155591,2.308341708542714,2.5175879396984926,2.83,11.0,4.0,0.89,0.79875,0.1,3.7576918003590105,1.221641949483646,0.10730948678071539,-0.37218750000000006,0.8999277456647399
patternOccur::lvl-85.txt,patternOccur,200.0,16.0,0.055625,0.01125,0.00625,0.00625,0.0075,0.03125,0.01375,44.0,0.0146875,0.0065625,0.008125,0.0,0.0,2.0,43.0,9.0,0.445,0.215,3.569922847779239e-06,2.5494457961449033,2.7437185929648242,2.71,11.0,4.0,0.775,0.794375,0.1,3.8972751135990853,1.2528581253689604,0.11290824261275272,-0.46843750000000006,0.9072802197802198
patternOccur::lvl-86.txt,patternOccur,200.0,16.0,0.05,0.0115625,0.009375,0.009375,0.004375,0.040625,0.01375,44.0,0.015625,0.0121875,0.0034375,0.0,0.0,2.0,44.0,19.0,0.525,0.22,0.016060481827302686,2.730192777319433,3.185929648241206,2.695,11.0,4.0,0.7,0.7865625,0.1,3.9778080867011876,1.2778083235528057,0.12037325038880249,-0.574375,0.9149484536082474
patternOccur::lvl-87.txt,patternOccur,200.0,16.0,0.05875,0.0075,0.005625,0.005625,0.00375,0.035,0.009375,30.0,0.0065625,0.005,0.0015625,0.0,0.0,2.0,38.0,10.0,0.41,0.19,0.016644785184122268,2.0535238880972027,2.1105527638190953,2.445,11.0,4.0,0.87,0.8015625,0.1,3.7233841218666504,1.1869394083032376,0.10979782270606532,-0.4321875,0.899364406779661
patternOccur::lvl-88.txt,patternOccur,200.0,16.0,0.0621875,0.0115625,0.0065625,0.0065625,0.005,0.035625,0.0115625,37.0,0.0096875,0.0071875,0.0025,0.0,0.0,2.0,37.0,8.0,0.405,0.185,0.0031415943266438484,2.713550798769969,2.92964824120603,3.01,11.0,4.0,0.88,0.79375,0.1,3.921949302143973,1.2463309598041703,0.11757387247278382,-0.4231250000000001,0.9205145118733509
patternOccur::lvl-89.txt,patternOccur,200.0,16.0,0.0884375,0.0128125,0.005625,0.005625,0.0034375,0.024375,0.0090625,29.0,0.0090625,0.00625,0.0028125,0.0,0.0,2.0,44.0,9.0,0.385,0.22,0.011470474360261607,3.0806182104552615,3.1758793969849246,3.865,11.0,4.0,1.315,0.780625,0.1,3.932405948520796,1.2911733972875972,0.1181959564541213,-0.40750000000000003,0.9094488188976377
patternOccur::lvl-9.txt,patternOccur,200.0,16.0,0.054375,0.00875,0.0040625,0.0040625,0.0021875,0.04,0.00625,20.0,0.01,0.0075,0.0025,0.0,0.0,2.0,42.0,10.0,0.465,0.21,0.004566922286035502,2.549644581114528,2.8844221105527637,2.765,11.0,4.0,0.805,0.791875,0.095,3.8118501641670397,1.21642468272792,0.11259720062208398,-0.4937500000000001,0.900137741046832
patternOccur::lvl-90.txt,patternOccur,200.0,16.0,0.0821875,0.0109375,0.005625,0.005625,0.0028125,0.03375,0.0084375,27.0,0.0096875,0.0071875,0.0025,0.0,0.0,2.0,38.0,7.0,0.385,0.19,0.0014560046219732614,2.686870734268356,2.6532663316582914,3.13,11.0,4.0,1.18,0.77,0.1,3.955485133496854,1.3290467996763722,0.11601866251944012,-0.40375000000000005,0.9034090909090909
patternOccur::lvl-91.txt,patternOccur,200.0,16.0,0.0571875,0.00875,0.0075,0.0075,0.005,0.0275,0.0125,40.0,0.0075,0.0053125,0.0021875,0.0,0.0,2.0,32.0,8.0,0.31,0.16,0.03431369871048173,1.9249234380859521,2.4824120603015074,2.615,11.0,4.0,0.83,0.815625,0.1,3.4380509813400355,1.1343495574948164,0.10233281493001556,-0.325,0.8950757575757575
patternOccur::lvl-92.txt,patternOccur,200.0,16.0,0.061875,0.008125,0.016875,0.016875,0.0028125,0.04125,0.0196875,63.0,0.0075,0.0059375,0.0015625,0.0,0.0,2.0,33.0,7.0,0.355,0.165,0.01403029318705562,1.9868211130278257,2.2814070351758793,2.54,11.0,4.0,0.89,0.778125,0.1,3.8372638916569355,1.307962245437691,0.10762052877138413,-0.3603125,0.9020953757225434
patternOccur::lvl-93.txt,patternOccur,200.0,16.0,0.059375,0.00875,0.016875,0.016875,0.005,0.035,0.021875,70.0,0.00875,0.00625,0.0025,0.0,0.0,2.0,38.0,7.0,0.385,0.19,0.004435626790332936,2.2491604440111006,2.5527638190954773,2.685,11.0,4.0,0.875,0.7875,0.1,3.9198802590150374,1.2826870744599432,0.11384136858475895,-0.389375,0.9066757493188011
patternOccur::lvl-94.txt,patternOccur,200.0,16.0,0.066875,0.0190625,0.008125,0.008125,0.005625,0.0225,0.01375,44.0,0.015625,0.014375,0.00125,0.0,0.0,2.0,36.0,23.0,0.465,0.18,0.11969390883362108,3.3695447686192153,3.0150753768844223,4.24,11.0,4.0,0.95,0.790625,0.1,3.9794986719094063,1.2729955924900427,0.1166407465007776,-0.524375,0.9096666666666666
patternOccur::lvl-95.txt,patternOccur,200.0,16.0,0.0671875,0.01125,0.004375,0.004375,0.0046875,0.043125,0.0090625,29.0,0.0075,0.0059375,0.0015625,0.0,0.0,2.0,44.0,5.0,0.405,0.22,0.006819127430125249,2.562258711467787,3.1457286432160805,3.085,11.0,4.0,0.955,0.778125,0.1,3.9828333153385773,1.291616300402864,0.12068429237947123,-0.41593750000000007,0.9149484536082475
patternOccur::lvl-96.txt,patternOccur,200.0,16.0,0.0453125,0.0121875,0.0034375,0.0034375,0.0040625,0.045,0.0075,24.0,0.0165625,0.006875,0.0096875,0.0,0.0,2.0,42.0,24.0,0.565,0.21,0.0002823127777543677,2.9509686642166053,2.7839195979899496,2.63,11.0,4.0,0.59,0.7909375,0.1,3.8574055303992583,1.2381860528119009,0.11073094867807154,-0.6340625,0.9079131652661064
patternOccur::lvl-97.txt,patternOccur,200.0,16.0,0.0996875,0.010625,0.0071875,0.0071875,0.00375,0.020625,0.0109375,35.0,0.008125,0.0053125,0.0028125,0.0,0.0,2.0,32.0,7.0,0.335,0.16,0.046881483467549834,2.581892927323183,2.3768844221105527,3.63,11.0,4.0,1.475,0.7678125,0.1,3.919597624288939,1.3247943101707578,0.1150855365474339,-0.34968750000000004,0.9070080862533693
patternOccur::lvl-98.txt,patternOccur,200.0,16.0,0.0546875,0.0159375,0.005625,0.005625,0.005,0.04125,0.010625,34.0,0.0175,0.01375,0.00375,0.0,0.0,2.0,42.0,22.0,0.55,0.21,0.1476071426401081,3.1983536938423462,2.608040201005025,3.62,11.0,4.0,0.795,0.7753125,0.1,4.008434897871493,1.321897359796882,0.11975116640746501,-0.6118750000000001,0.9096502590673575
patternOccur::lvl-99.txt,patternOccur,200.0,16.0,0.075625,0.01125,0.0046875,0.0046875,0.0021875,0.035625,0.006875,22.0,0.005,0.0034375,0.0015625,0.0,0.0,2.0,34.0,6.0,0.345,0.17,0.0002759684465584167,2.589367374184355,2.71356783919598,3.33,11.0,4.0,1.07,0.7815625,0.1,3.8379998030170266,1.260946389833371,0.10979782270606532,-0.35812499999999997,0.89795197740113
patternWeightCount::lvl-1.txt,patternWeightCount,200.0,16.0,0.0465625,0.008125,0.004375,0.004375,0.0025,0.0375,0.006875,22.0,0.00875,0.0071875,0.0015625,0.0,0.0,2.0,46.0,14.0,0.58,0.23,0.10911025178684575,2.308226835670892,2.4974874371859297,2.285,11.0,4.0,0.68,0.821875,0.1,3.8064153266916128,1.0980065479904104,0.11912908242612753,-0.6168750000000001,0.9134114583333334
patternWeightCount::lvl-10.txt,patternWeightCount,200.0,16.0,0.0859375,0.00625,0.0034375,0.0034375,0.0025,0.0275,0.0059375,19.0,0.005625,0.0040625,0.0015625,0.0,0.0,2.0,32.0,6.0,0.315,0.16,0.012981852749774925,2.0069097727443186,2.512562814070352,3.25,11.0,4.0,1.315,0.7696875,0.095,3.5557668483754132,1.25986024807378,0.1088646967340591,-0.3296875,0.8892450142450142
patternWeightCount::lvl-100.txt,patternWeightCount,200.0,16.0,0.05625,0.013125,0.0078125,0.0078125,0.00375,0.0540625,0.0115625,37.0,0.00375,0.0028125,0.0009375,0.0,0.0,2.0,27.0,18.0,0.425,0.135,0.050489729839002684,2.3432950573764346,1.9547738693467336,2.71,11.0,4.0,0.745,0.7890625,0.1,3.685595851991371,1.2372272272179996,0.10233281493001556,-0.4621875,0.8852272727272728
patternWeightCount::lvl-11.txt,patternWeightCount,200.0,16.0,0.0446875,0.0084375,0.0046875,0.0046875,0.003125,0.0809375,0.0078125,25.0,0.00375,0.0025,0.00125,0.0,0.0,2.0,35.0,21.0,0.57,0.175,0.15510251935807717,2.089735250881272,1.949748743718593,2.195,11.0,4.0,0.62,0.7625,0.1,3.623847414370197,1.2914798179217268,0.09953343701399689,-0.6184375,0.8746105919003115
patternWeightCount::lvl-12.txt,patternWeightCount,200.0,16.0,0.06,0.0090625,0.0078125,0.0078125,0.004375,0.041875,0.0121875,39.0,0.006875,0.005625,0.00125,0.0,0.0,2.0,35.0,5.0,0.385,0.175,1.5392496896082797e-05,2.269425073126828,2.7839195979899496,2.66,11.0,4.0,0.865,0.7909375,0.1,3.8777623948420237,1.2446810252457894,0.11477449455676517,-0.3921875,0.9065040650406504
patternWeightCount::lvl-13.txt,patternWeightCount,200.0,16.0,0.10875,0.009375,0.004375,0.004375,0.00375,0.035625,0.008125,26.0,0.004375,0.003125,0.00125,0.0,0.0,2.0,23.0,8.0,0.335,0.115,0.05912226832156131,2.4956513537838445,2.130653266331658,3.75,11.0,4.0,1.64,0.74375,0.1,3.8005913524724546,1.387276567799562,0.1088646967340591,-0.35125000000000006,0.9020655270655271
patternWeightCount::lvl-14.txt,patternWeightCount,200.0,16.0,0.06375,0.0121875,0.0053125,0.0053125,0.004375,0.043125,0.0096875,31.0,0.00875,0.0071875,0.0015625,0.0,0.0,2.0,42.0,6.0,0.435,0.21,0.0005385417844669949,2.9079888622215555,2.8944723618090453,3.125,11.0,4.0,0.9,0.781875,0.1,3.947296140653871,1.2842508412702394,0.1150855365474339,-0.4490625,0.9083557951482479
patternWeightCount::lvl-15.txt,patternWeightCount,200.0,16.0,0.0821875,0.0284375,0.004375,0.004375,0.003125,0.02875,0.0075,24.0,0.00625,0.0046875,0.0015625,0.0,0.0,2.0,27.0,9.0,0.335,0.135,0.38943967792552214,2.925393609840246,3.0653266331658293,5.315,11.0,4.0,0.925,0.79375,0.1,3.7265806803031993,1.2441705341447653,0.10979782270606532,-0.35625,0.8980169971671388
patternWeightCount::lvl-16.txt,patternWeightCount,200.0,16.0,0.0525,0.0078125,0.0071875,0.0071875,0.003125,0.03625,0.0103125,33.0,0.0071875,0.0053125,0.001875,0.0,0.0,2.0,41.0,10.0,0.515,0.205,0.010623711076742981,2.154624720618015,2.512562814070352,2.195,11.0,4.0,0.76,0.814375,0.1,3.8432457998546905,1.1418732660566524,0.11477449455676517,-0.5368750000000001,0.9041327913279132
patternWeightCount::lvl-17.txt,patternWeightCount,200.0,16.0,0.1096875,0.006875,0.00625,0.00625,0.003125,0.02625,0.009375,30.0,0.0065625,0.005,0.0015625,0.0,0.0,2.0,33.0,5.0,0.29,0.165,0.08938730409573414,2.308364824120603,2.3618090452261304,3.585,11.0,4.0,1.665,0.74875,0.1,3.732490842249789,1.369565350937819,0.10606531881804043,-0.2996875,0.8966275659824047
patternWeightCount::lvl-18.txt,patternWeightCount,200.0,16.0,0.0634375,0.0078125,0.01625,0.01625,0.005,0.030625,0.02125,68.0,0.0065625,0.0053125,0.00125,0.0,0.0,2.0,27.0,7.0,0.32,0.135,0.024810506428182055,1.9842239330983276,2.090452261306533,2.71,11.0,4.0,0.955,0.7953125,0.1,3.6961569395332123,1.2433414047782732,0.10295489891135304,-0.32281250000000006,0.8851656626506024
patternWeightCount::lvl-19.txt,patternWeightCount,200.0,16.0,0.06875,0.0084375,0.0053125,0.0053125,0.001875,0.028125,0.0071875,23.0,0.00375,0.0028125,0.0009375,0.0,0.0,2.0,27.0,8.0,0.245,0.135,0.006518426805731781,1.893815675391885,2.080402010050251,3.12,11.0,4.0,0.995,0.7928125,0.1,3.542644383188435,1.1916664491935156,0.10544323483670295,-0.2615625,0.8959558823529412
patternWeightCount::lvl-2.txt,patternWeightCount,200.0,16.0,0.05875,0.004375,0.0040625,0.0040625,0.0015625,0.02625,0.005625,18.0,0.0025,0.0015625,0.0009375,0.0,0.0,2.0,42.0,8.0,0.33,0.21,0.05684483898466208,1.5313997974949374,1.693467336683417,2.07,11.0,4.0,0.875,0.83625,0.095,3.0107227124519844,1.0114327942450896,0.09611197511664074,-0.34687500000000004,0.8774193548387097
patternWeightCount::lvl-20.txt,patternWeightCount,200.0,16.0,0.055625,0.0159375,0.0084375,0.0084375,0.001875,0.008125,0.0103125,33.0,0.0275,0.0028125,0.0246875,0.0,0.0,2.0,20.0,27.0,0.55,0.1,0.39718582132999825,1.696618307957699,1.5326633165829147,2.565,11.0,4.0,0.665,0.8009375,0.1,3.3022242261720423,1.1937652576773206,0.08833592534992224,-0.6346875000000001,0.8720561998215879
patternWeightCount::lvl-21.txt,patternWeightCount,200.0,16.0,0.074375,0.0128125,0.0171875,0.0171875,0.011875,0.03125,0.0290625,93.0,0.0034375,0.0025,0.0009375,0.0,0.0,2.0,29.0,4.0,0.285,0.145,0.018608424278739988,2.4086634590864775,2.5527638190954773,3.225,11.0,4.0,1.03,0.776875,0.1,3.985788039107846,1.3417518327624576,0.11912908242612753,-0.269375,0.9108072916666666
patternWeightCount::lvl-22.txt,patternWeightCount,200.0,16.0,0.0521875,0.0125,0.006875,0.006875,0.0034375,0.040625,0.0103125,33.0,0.0065625,0.0059375,0.000625,0.0,0.0,2.0,51.0,5.0,0.535,0.255,0.005335131322236397,2.904546553663842,3.2663316582914574,2.865,11.0,4.0,0.735,0.811875,0.1,3.9676732375035795,1.1540987186646285,0.11912908242612753,-0.5437500000000001,0.9151436031331592
patternWeightCount::lvl-23.txt,patternWeightCount,200.0,16.0,0.0571875,0.0071875,0.004375,0.004375,0.003125,0.021875,0.0075,24.0,0.004375,0.003125,0.00125,0.0,0.0,2.0,48.0,6.0,0.335,0.24,0.07935086750843934,1.8938176779419484,2.371859296482412,2.46,11.0,4.0,0.835,0.8390625,0.1,3.164023425722828,1.012967033205637,0.09486780715396578,-0.34687500000000004,0.8774590163934426
patternWeightCount::lvl-24.txt,patternWeightCount,200.0,16.0,0.053125,0.0046875,0.005625,0.005625,0.003125,0.02,0.00875,28.0,0.006875,0.004375,0.0025,0.0,0.0,2.0,42.0,8.0,0.355,0.21,0.034092042700411995,1.5356526588164703,1.849246231155779,2.115,11.0,4.0,0.81,0.836875,0.1,3.3034615286503306,1.0239004625358283,0.09486780715396578,-0.37312500000000004,0.8852124183006536
patternWeightCount::lvl-25.txt,patternWeightCount,200.0,16.0,0.07375,0.020625,0.006875,0.006875,0.003125,0.020625,0.01,32.0,0.0096875,0.0071875,0.0025,0.0,0.0,2.0,43.0,5.0,0.365,0.215,0.1162214979622117,3.4321560939023477,3.3115577889447234,4.455,11.0,4.0,0.945,0.8015625,0.1,4.008731594839973,1.216444982328455,0.1166407465007776,-0.3771875,0.9133333333333333
patternWeightCount::lvl-26.txt,patternWeightCount,200.0,16.0,0.0646875,0.0084375,0.0053125,0.0053125,0.0021875,0.03,0.0075,24.0,0.0103125,0.0075,0.0028125,0.0,0.0,2.0,36.0,6.0,0.38,0.18,0.04847217811805826,2.2390623490587265,2.71356783919598,2.695,11.0,4.0,0.935,0.7959375,0.1,3.8014593431963672,1.2167600786075343,0.11290824261275272,-0.3978125,0.9015151515151515
patternWeightCount::lvl-27.txt,patternWeightCount,200.0,16.0,0.0675,0.015,0.005625,0.005625,0.0021875,0.0325,0.0078125,25.0,0.008125,0.0059375,0.0021875,0.0,0.0,2.0,44.0,6.0,0.44,0.22,0.0012416096389591402,3.0014807470186753,3.472361809045226,3.26,11.0,4.0,0.905,0.799375,0.1,4.033402873409862,1.2145210837136737,0.12317262830482115,-0.4553125,0.9154040404040404
patternWeightCount::lvl-28.txt,patternWeightCount,200.0,16.0,0.066875,0.00875,0.005625,0.005625,0.015625,0.029375,0.02125,68.0,0.0071875,0.0046875,0.0025,0.0,0.0,2.0,32.0,11.0,0.35,0.16,0.0017022975771682214,2.2495861846546163,2.4824120603015074,2.815,11.0,4.0,0.99,0.78875,0.1,3.947205581583148,1.2782873439791596,0.11104199066874028,-0.3634375,0.9047619047619048
patternWeightCount::lvl-29.txt,patternWeightCount,200.0,16.0,0.0778125,0.0253125,0.0071875,0.0071875,0.0034375,0.026875,0.010625,34.0,0.00625,0.004375,0.001875,0.0,0.0,2.0,26.0,8.0,0.28,0.13,0.10994184024260445,2.277839420985525,2.321608040201005,3.575,11.0,4.0,0.87,0.7965625,0.1,3.4702461729156813,1.2303060958190284,0.09704510108864697,-0.295625,0.8801916932907348
patternWeightCount::lvl-3.txt,patternWeightCount,200.0,16.0,0.07875,0.0265625,0.00875,0.00875,0.0025,0.02875,0.01125,36.0,0.005625,0.0046875,0.0009375,0.0,0.0,2.0,23.0,12.0,0.285,0.115,0.06354479579173966,2.411176726918173,2.814070351758794,3.775,11.0,4.0,0.895,0.795625,0.1,3.4389679062384837,1.2340384249840124,0.09735614307931571,-0.30937499999999996,0.8781847133757962
patternWeightCount::lvl-30.txt,patternWeightCount,200.0,16.0,0.0621875,0.0190625,0.00625,0.00625,0.0040625,0.03125,0.0103125,33.0,0.019375,0.0171875,0.0021875,0.0,0.0,2.0,30.0,41.0,0.555,0.15,0.21341517465482873,3.305799129978249,2.1457286432160805,4.29,11.0,4.0,0.93,0.7753125,0.1,3.7811145704379223,1.3240226506819819,0.10606531881804043,-0.6665625000000002,0.8983918128654971
patternWeightCount::lvl-31.txt,patternWeightCount,200.0,16.0,0.0475,0.0078125,0.0046875,0.0046875,0.0025,0.1065625,0.0071875,23.0,0.00375,0.0028125,0.0009375,0.0,0.0,2.0,26.0,23.0,0.56,0.13,0.14527062208037433,1.9451596489912248,1.9949748743718594,2.09,11.0,4.0,0.665,0.7346875,0.1,3.422417098817132,1.3770907323203723,0.09175738724727839,-0.6140625000000001,0.8851694915254238
patternWeightCount::lvl-32.txt,patternWeightCount,200.0,16.0,0.059375,0.0078125,0.004375,0.004375,0.004375,0.043125,0.00875,28.0,0.0034375,0.0021875,0.00125,0.0,0.0,2.0,36.0,6.0,0.37,0.18,0.03416248717443737,2.0127741768544216,1.9246231155778895,2.485,11.0,4.0,0.865,0.799375,0.1,3.660869368935229,1.1868426321468786,0.10917573872472784,-0.3796875,0.8941761363636364
patternWeightCount::lvl-33.txt,patternWeightCount,200.0,16.0,0.0625,0.009375,0.004375,0.004375,0.0025,0.03625,0.006875,22.0,0.00625,0.0046875,0.0015625,0.0,0.0,2.0,38.0,5.0,0.385,0.19,0.008209844882056894,2.4256722268056703,2.7437185929648242,2.87,11.0,4.0,0.91,0.800625,0.1,3.7351806063621518,1.188620997593431,0.10855365474339036,-0.396875,0.8989285714285714
patternWeightCount::lvl-34.txt,patternWeightCount,200.0,16.0,0.0521875,0.0121875,0.00375,0.00375,0.001875,0.075625,0.005625,18.0,0.006875,0.0059375,0.0009375,0.0,0.0,2.0,31.0,17.0,0.525,0.155,0.08640337515942054,2.684973974349359,2.608040201005025,2.835,11.0,4.0,0.74,0.76875,0.1,3.566832942585771,1.2942813980161318,0.10513219284603421,-0.56875,0.9041297935103245
patternWeightCount::lvl-35.txt,patternWeightCount,200.0,16.0,0.0665625,0.013125,0.006875,0.006875,0.003125,0.015625,0.01,32.0,0.0059375,0.0034375,0.0025,0.0,0.0,2.0,30.0,7.0,0.28,0.15,0.0877771826021958,2.0759216155403886,1.8090452261306533,2.985,11.0,4.0,0.905,0.8290625,0.1,3.336467731537277,1.071567541072001,0.09704510108864697,-0.2934375,0.8857827476038339
patternWeightCount::lvl-36.txt,patternWeightCount,200.0,16.0,0.05875,0.0096875,0.0046875,0.0046875,0.0025,0.036875,0.0071875,23.0,0.0075,0.0065625,0.0009375,0.0,0.0,2.0,34.0,6.0,0.4,0.17,0.010667607038705285,2.2650955673891846,2.221105527638191,2.635,11.0,4.0,0.84,0.804375,0.1,3.6369730107397453,1.1744980888928245,0.10824261275272162,-0.41531250000000003,0.8993553008595988
patternWeightCount::lvl-37.txt,patternWeightCount,200.0,16.0,0.0690625,0.0103125,0.006875,0.006875,0.0028125,0.03,0.0096875,31.0,0.005,0.0046875,0.0003125,0.0,0.0,2.0,29.0,5.0,0.28,0.145,0.017363995232058338,2.2990606540163507,2.6030150753768844,3.095,11.0,4.0,1.005,0.803125,0.1,3.514946297060857,1.1851154725512185,0.10388802488335926,-0.2878125,0.8937125748502994
patternWeightCount::lvl-38.txt,patternWeightCount,200.0,16.0,0.0625,0.016875,0.0096875,0.0096875,0.0028125,0.034375,0.0125,40.0,0.0128125,0.0109375,0.001875,0.0,0.0,2.0,44.0,12.0,0.46,0.22,4.955989503385716e-05,3.0552014175354385,3.3266331658291457,3.2,11.0,4.0,0.8,0.7875,0.1,3.967503844436621,1.27889606595312,0.11944012441679627,-0.49031250000000004,0.9113636363636364
patternWeightCount::lvl-39.txt,patternWeightCount,200.0,16.0,0.0675,0.011875,0.0296875,0.0296875,0.0046875,0.016875,0.034375,110.0,0.0046875,0.003125,0.0015625,0.0,0.0,2.0,20.0,8.0,0.215,0.1,0.03362060112080334,1.775389747243681,1.4673366834170853,2.775,11.0,4.0,0.915,0.80375,0.1,3.356389259775051,1.2052311352297735,0.09300155520995335,-0.20531249999999998,0.87625
patternWeightCount::lvl-4.txt,patternWeightCount,200.0,16.0,0.053125,0.005,0.0053125,0.0053125,0.004375,0.035,0.0096875,31.0,0.0065625,0.004375,0.0021875,0.0,0.0,2.0,35.0,8.0,0.34,0.175,2.8853791812277763e-05,1.4777375534388362,1.8391959798994975,2.12,11.0,4.0,0.79,0.811875,0.1,3.404694745985904,1.1340187241638036,0.10482115085536547,-0.35687500000000005,0.8909023668639053
patternWeightCount::lvl-40.txt,patternWeightCount,200.0,16.0,0.0690625,0.0090625,0.005,0.005,0.0025,0.035625,0.0075,24.0,0.006875,0.0059375,0.0009375,0.0,0.0,2.0,29.0,6.0,0.345,0.145,0.021279759110048535,2.246013972849321,2.190954773869347,2.885,11.0,4.0,1.005,0.7909375,0.1,3.76322522045037,1.232758343982491,0.11259720062208398,-0.359375,0.903236914600551
patternWeightCount::lvl-41.txt,patternWeightCount,200.0,16.0,0.0615625,0.0115625,0.006875,0.006875,0.005,0.0484375,0.011875,38.0,0.009375,0.006875,0.0025,0.0,0.0,2.0,45.0,7.0,0.465,0.225,8.158005759928422e-06,2.696600735018375,3.0050251256281406,2.85,11.0,4.0,0.865,0.775,0.1,4.078541708689157,1.318567955034649,0.12317262830482115,-0.48000000000000004,0.9201388888888888
patternWeightCount::lvl-42.txt,patternWeightCount,200.0,16.0,0.0596875,0.0196875,0.0065625,0.0065625,0.004375,0.03375,0.0109375,35.0,0.0171875,0.0146875,0.0025,0.0,0.0,2.0,37.0,28.0,0.55,0.185,0.12281808399646943,3.4927329933248332,2.608040201005025,4.145,11.0,4.0,0.87,0.785,0.1,3.927035198391532,1.2918361130606046,0.11850699844479004,-0.62625,0.9060863874345549
patternWeightCount::lvl-43.txt,patternWeightCount,200.0,16.0,0.0575,0.0103125,0.00375,0.00375,0.0040625,0.03625,0.0078125,25.0,0.00625,0.0046875,0.0015625,0.0,0.0,2.0,33.0,8.0,0.375,0.165,0.005023738407880729,2.3616894997374933,2.3618090452261304,2.795,11.0,4.0,0.815,0.8096875,0.1,3.614821874663153,1.1518369846460788,0.10730948678071539,-0.3934375,0.8952312138728323
patternWeightCount::lvl-44.txt,patternWeightCount,200.0,16.0,0.061875,0.0134375,0.006875,0.006875,0.004375,0.040625,0.01125,36.0,0.01,0.0078125,0.0021875,0.0,0.0,2.0,46.0,4.0,0.445,0.23,0.01352196058284294,2.9080750618765467,3.5376884422110555,3.06,11.0,4.0,0.83,0.7853125,0.1,3.9969504981915462,1.2801121825578017,0.12255054432348367,-0.45375000000000004,0.9126582278481012
patternWeightCount::lvl-45.txt,patternWeightCount,200.0,16.0,0.0671875,0.0178125,0.0040625,0.0040625,0.005,0.034375,0.0090625,29.0,0.0146875,0.0128125,0.001875,0.0,0.0,2.0,33.0,12.0,0.465,0.165,0.1926133386663862,3.1922003900097504,2.2160804020100504,4.235,11.0,4.0,0.98,0.7796875,0.1,3.9502453161390743,1.307341898290023,0.11539657853810265,-0.5006250000000001,0.9100404312668464
patternWeightCount::lvl-46.txt,patternWeightCount,200.0,16.0,0.063125,0.01875,0.0059375,0.0059375,0.0025,0.0425,0.0084375,27.0,0.015625,0.014375,0.00125,0.0,0.0,2.0,40.0,21.0,0.53,0.2,0.1603851053612626,3.260422380559514,2.663316582914573,4.04,11.0,4.0,0.905,0.77125,0.1,3.882540081036621,1.3322827786620592,0.11601866251944012,-0.5896875,0.9030748663101604
patternWeightCount::lvl-47.txt,patternWeightCount,200.0,16.0,0.065,0.00625,0.0059375,0.0059375,0.003125,0.035,0.0090625,29.0,0.0034375,0.0021875,0.00125,0.0,0.0,2.0,27.0,6.0,0.28,0.135,0.029836239611257254,1.6947743418585466,1.9095477386934674,2.495,11.0,4.0,0.965,0.804375,0.1,3.3793947398597743,1.1666642962786373,0.1020217729393468,-0.28937500000000005,0.8841185410334347
patternWeightCount::lvl-48.txt,patternWeightCount,200.0,16.0,0.064375,0.0109375,0.024375,0.024375,0.0203125,0.0375,0.0446875,143.0,0.0040625,0.003125,0.0009375,0.0,0.0,2.0,27.0,8.0,0.32,0.135,2.879325768845309e-05,2.0713239630990774,1.778894472361809,2.715,11.0,4.0,0.905,0.7653125,0.095,3.698037888200024,1.4037738485309272,0.10699844479004665,-0.29937500000000006,0.8967391304347826
patternWeightCount::lvl-49.txt,patternWeightCount,200.0,16.0,0.0771875,0.0196875,0.004375,0.004375,0.0034375,0.030625,0.0078125,25.0,0.004375,0.003125,0.00125,0.0,0.0,2.0,26.0,7.0,0.285,0.13,0.1123547940384294,3.258983357083927,2.648241206030151,4.465,11.0,4.0,0.97,0.789375,0.1,3.8316048242558938,1.2467055024484812,0.10451010886469674,-0.2990625,0.8961424332344213
patternWeightCount::lvl-5.txt,patternWeightCount,200.0,16.0,0.071875,0.013125,0.0096875,0.0096875,0.0078125,0.025625,0.0175,56.0,0.0096875,0.0078125,0.001875,0.0,0.0,2.0,32.0,8.0,0.35,0.16,0.017465247626722746,2.700062116552914,3.0854271356783918,3.33,11.0,4.0,1.01,0.7871875,0.1,4.127910001519777,1.2912331572682971,0.11850699844479004,-0.3621875,0.9142670157068062
patternWeightCount::lvl-50.txt,patternWeightCount,200.0,16.0,0.0903125,0.034375,0.0065625,0.0065625,0.001875,0.020625,0.0084375,27.0,0.004375,0.0028125,0.0015625,0.0,0.0,2.0,26.0,5.0,0.25,0.13,0.3524351630594068,2.9135446711167776,3.241206030150754,6.205,11.0,4.0,0.97,0.80125,0.1,3.4820261062701494,1.2036344743767244,0.10171073094867807,-0.2584375,0.8887195121951219
patternWeightCount::lvl-51.txt,patternWeightCount,200.0,16.0,0.0721875,0.024375,0.0028125,0.0028125,0.0015625,0.0453125,0.004375,14.0,0.0046875,0.003125,0.0015625,0.0,0.0,2.0,34.0,5.0,0.37,0.17,0.2086279332131422,3.4967029850746267,2.979899497487437,4.715,11.0,4.0,0.805,0.7909375,0.1,3.588137759929841,1.2320357280748109,0.104199066874028,-0.3828125,0.8954613095238095
patternWeightCount::lvl-52.txt,patternWeightCount,200.0,16.0,0.05625,0.011875,0.0059375,0.0059375,0.0028125,0.04875,0.00875,28.0,0.01,0.00625,0.00375,0.0,0.0,2.0,45.0,6.0,0.49,0.225,0.003910571259508444,2.7157141228530715,3.1557788944723617,2.735,11.0,4.0,0.765,0.78125,0.1,4.039618138534607,1.2798092843028375,0.11975116640746501,-0.50625,0.9083549222797928
patternWeightCount::lvl-53.txt,patternWeightCount,200.0,16.0,0.0515625,0.0078125,0.003125,0.003125,0.0015625,0.0325,0.0046875,15.0,0.016875,0.0053125,0.0115625,0.0,0.0,2.0,34.0,19.0,0.485,0.17,0.1038179873769004,2.1288015825395634,1.949748743718593,2.27,11.0,4.0,0.745,0.798125,0.095,3.590172366357569,1.1992797951411869,0.10762052877138413,-0.5446875,0.8962536023054755
patternWeightCount::lvl-54.txt,patternWeightCount,200.0,16.0,0.0615625,0.00875,0.0046875,0.0046875,0.003125,0.041875,0.0078125,25.0,0.005625,0.005,0.000625,0.0,0.0,2.0,35.0,10.0,0.37,0.175,0.0001644660519320995,2.2335384984624618,2.562814070351759,2.885,11.0,4.0,0.905,0.785625,0.1,3.827935284603727,1.2374602590249582,0.11228615863141524,-0.3928125,0.8992382271468145
patternWeightCount::lvl-55.txt,patternWeightCount,200.0,16.0,0.043125,0.008125,0.005625,0.005625,0.0028125,0.07625,0.0084375,27.0,0.006875,0.005,0.001875,0.0,0.0,2.0,30.0,45.0,0.595,0.15,0.03839191544118692,2.2099783244581115,2.3115577889447234,1.99,11.0,4.0,0.59,0.7659375,0.1,3.8031660053661964,1.2936091837814918,0.10606531881804043,-0.7059375,0.885233918128655
patternWeightCount::lvl-56.txt,patternWeightCount,200.0,16.0,0.0709375,0.0190625,0.0134375,0.0134375,0.00375,0.04,0.0171875,55.0,0.00625,0.005,0.00125,0.0,0.0,2.0,32.0,6.0,0.375,0.16,0.04232382057850925,2.7355711467786694,2.8040201005025125,3.575,11.0,4.0,0.91,0.78,0.1,4.060954438464544,1.3171404763330632,0.11539657853810265,-0.37906249999999997,0.9069220430107526
patternWeightCount::lvl-57.txt,patternWeightCount,200.0,16.0,0.041875,0.005,0.005625,0.005625,0.0025,0.0728125,0.008125,26.0,0.004375,0.0034375,0.0009375,0.0,0.0,2.0,30.0,23.0,0.605,0.15,0.1877957478170097,1.5977502362559064,1.7185929648241205,1.665,11.0,4.0,0.61,0.768125,0.095,3.3671320439091885,1.2627199810454504,0.09828926905132193,-0.65875,0.8805205047318612
patternWeightCount::lvl-58.txt,patternWeightCount,200.0,16.0,0.0553125,0.010625,0.0065625,0.0065625,0.00375,0.04875,0.0103125,33.0,0.0075,0.0071875,0.0003125,0.0,0.0,2.0,44.0,6.0,0.485,0.22,0.002164723367582999,2.542570749268732,2.64321608040201,2.635,11.0,4.0,0.79,0.7878125,0.1,3.8858170518956454,1.2469197208493463,0.11944012441679627,-0.4971875,0.9126623376623376
patternWeightCount::lvl-59.txt,patternWeightCount,200.0,16.0,0.07625,0.006875,0.015,0.015,0.005,0.038125,0.02,64.0,0.0040625,0.00375,0.0003125,0.0,0.0,2.0,33.0,10.0,0.315,0.165,0.021176632860050004,2.1758805220130504,2.090452261306533,2.855,11.0,4.0,1.14,0.7690625,0.1,3.8383397527675256,1.3377410208008795,0.1020217729393468,-0.32406250000000003,0.8879179331306991
patternWeightCount::lvl-6.txt,patternWeightCount,200.0,16.0,0.0521875,0.0090625,0.0053125,0.0053125,0.0028125,0.060625,0.008125,26.0,0.0103125,0.0090625,0.00125,0.0,0.0,2.0,37.0,20.0,0.535,0.185,0.02064136789010418,2.4964645316132903,2.7437185929648242,2.48,11.0,4.0,0.755,0.7684375,0.1,3.9108410564238323,1.3102074604702163,0.11290824261275272,-0.5871875,0.9010989010989011
patternWeightCount::lvl-60.txt,patternWeightCount,200.0,16.0,0.0709375,0.011875,0.0046875,0.0046875,0.0025,0.029375,0.0071875,23.0,0.008125,0.005,0.003125,0.0,0.0,2.0,41.0,5.0,0.385,0.205,0.044074993088216385,2.722906322658066,2.899497487437186,3.3,11.0,4.0,1.03,0.79625,0.1,3.956385286990178,1.2203543714841,0.11726283048211508,-0.3984375,0.9134615384615384
patternWeightCount::lvl-61.txt,patternWeightCount,200.0,16.0,0.05625,0.006875,0.00375,0.00375,0.0025,0.02375,0.00625,20.0,0.004375,0.0040625,0.0003125,0.0,0.0,2.0,41.0,12.0,0.37,0.205,0.09801321975399946,2.0156987324683118,2.1055276381909547,2.53,11.0,4.0,0.85,0.8384375,0.095,3.2208935473072904,1.011543997510641,0.09175738724727839,-0.39812500000000006,0.8766891891891891
patternWeightCount::lvl-62.txt,patternWeightCount,200.0,16.0,0.0596875,0.0121875,0.0059375,0.0059375,0.00625,0.036875,0.0121875,39.0,0.004375,0.0034375,0.0009375,0.0,0.0,2.0,43.0,10.0,0.445,0.215,0.040330673017416774,2.553014520363009,3.0854271356783918,2.835,11.0,4.0,0.825,0.8134375,0.1,3.868616869205086,1.1581247220054955,0.11632970451010886,-0.46218750000000003,0.9133333333333333
patternWeightCount::lvl-63.txt,patternWeightCount,200.0,16.0,0.06125,0.0115625,0.0053125,0.0053125,0.0021875,0.02125,0.0075,24.0,0.0071875,0.00625,0.0009375,0.0,0.0,2.0,32.0,8.0,0.345,0.16,0.012422338657682386,2.534583102077552,3.1055276381909547,3.08,11.0,4.0,0.87,0.825,0.1,3.5950692651335596,1.0858618387909862,0.104199066874028,-0.3646875,0.8932291666666666
patternWeightCount::lvl-64.txt,patternWeightCount,200.0,16.0,0.0446875,0.0078125,0.0040625,0.0040625,0.0028125,0.0765625,0.006875,22.0,0.0078125,0.00625,0.0015625,0.0,0.0,2.0,36.0,27.0,0.615,0.18,0.0890966309732455,2.2546843171079276,2.5025125628140703,2.22,11.0,4.0,0.675,0.763125,0.1,3.7266176227853083,1.3016500604515568,0.1104199066874028,-0.6834375,0.9042253521126761
patternWeightCount::lvl-65.txt,patternWeightCount,200.0,16.0,0.0715625,0.0140625,0.0125,0.0125,0.006875,0.028125,0.019375,62.0,0.0065625,0.0040625,0.0025,0.0,0.0,2.0,38.0,4.0,0.33,0.19,0.03882594405278672,2.378736758418961,2.8442211055276383,3.145,11.0,4.0,0.975,0.7896875,0.1,4.072372290850596,1.2814241465172513,0.11726283048211508,-0.3271875000000001,0.9111405835543767
patternWeightCount::lvl-66.txt,patternWeightCount,200.0,16.0,0.1025,0.0109375,0.0053125,0.0053125,0.0040625,0.026875,0.009375,30.0,0.0078125,0.00625,0.0015625,0.0,0.0,2.0,36.0,6.0,0.325,0.18,0.07597892440944587,2.5057698042451064,2.512562814070352,3.79,11.0,4.0,1.525,0.7553125,0.1,3.891697225424695,1.3685261802801765,0.11104199066874028,-0.3384375,0.8994413407821229
patternWeightCount::lvl-67.txt,patternWeightCount,200.0,16.0,0.0890625,0.0146875,0.005,0.005,0.0021875,0.0225,0.0071875,23.0,0.0034375,0.0028125,0.000625,0.0,0.0,2.0,27.0,4.0,0.25,0.135,0.0056523019462499935,2.155637823445586,2.291457286432161,3.935,11.0,4.0,1.25,0.78125,0.1,3.5148948586002633,1.2497374901828024,0.10388802488335926,-0.25625,0.8902985074626866
patternWeightCount::lvl-68.txt,patternWeightCount,200.0,16.0,0.089375,0.0296875,0.0259375,0.0259375,0.003125,0.023125,0.0290625,93.0,0.005625,0.00375,0.001875,0.0,0.0,2.0,27.0,4.0,0.24,0.135,0.12134436534359516,2.128380934523363,1.7085427135678393,3.91,11.0,4.0,0.975,0.769375,0.1,3.4536101266847896,1.3770582956786244,0.1020217729393468,-0.2265625,0.888677811550152
patternWeightCount::lvl-69.txt,patternWeightCount,200.0,16.0,0.0640625,0.011875,0.004375,0.004375,0.0046875,0.0425,0.0090625,29.0,0.0109375,0.0046875,0.00625,0.0,0.0,2.0,31.0,17.0,0.45,0.155,0.015751818366468107,2.77316477161929,3.0150753768844223,3.005,11.0,4.0,0.905,0.77875,0.1,3.9934153757397253,1.3023653613723836,0.11788491446345256,-0.494375,0.9063324538258575
patternWeightCount::lvl-7.txt,patternWeightCount,200.0,16.0,0.076875,0.009375,0.0046875,0.0046875,0.004375,0.05375,0.0090625,29.0,0.005,0.0034375,0.0015625,0.0,0.0,2.0,35.0,8.0,0.435,0.175,0.03449306746725356,2.5007085502137554,2.1457286432160805,3.045,11.0,4.0,1.13,0.754375,0.1,3.8400297880427363,1.365107932702184,0.11570762052877138,-0.45093750000000005,0.9031501340482574
patternWeightCount::lvl-70.txt,patternWeightCount,200.0,16.0,0.05375,0.0084375,0.006875,0.006875,0.0040625,0.0475,0.0109375,35.0,0.0103125,0.0071875,0.003125,0.0,0.0,2.0,44.0,11.0,0.485,0.22,0.020814647030746314,2.374785674641866,2.5527638190954773,2.49,11.0,4.0,0.78,0.779375,0.1,4.071649148392453,1.2847580456465488,0.11788491446345256,-0.511875,0.9161184210526316
patternWeightCount::lvl-71.txt,patternWeightCount,200.0,16.0,0.058125,0.0046875,0.005,0.005,0.005625,0.021875,0.010625,34.0,0.0034375,0.001875,0.0015625,0.0,0.0,2.0,40.0,5.0,0.31,0.2,0.061284105154101765,1.4925279981999549,1.7135678391959799,2.13,11.0,4.0,0.875,0.8346875,0.1,3.2101666802703477,1.0339200455330375,0.09393468118195956,-0.3153125,0.8799668874172185
patternWeightCount::lvl-72.txt,patternWeightCount,200.0,16.0,0.04625,0.009375,0.0078125,0.0078125,0.0034375,0.038125,0.01125,36.0,0.02,0.01875,0.00125,0.0,0.0,2.0,34.0,39.0,0.55,0.17,0.04251594802714609,2.214156873921848,2.2562814070351758,2.13,11.0,4.0,0.625,0.78625,0.1,3.6363317629395464,1.261095234009506,0.10606531881804043,-0.6562500000000001,0.8921783625730995
patternWeightCount::lvl-73.txt,patternWeightCount,200.0,16.0,0.0396875,0.0096875,0.0034375,0.0034375,0.0015625,0.031875,0.005,16.0,0.025,0.0225,0.0025,0.0,0.0,2.0,34.0,17.0,0.645,0.17,0.09522649135525119,2.5061252156303904,2.321608040201005,2.215,11.0,4.0,0.535,0.7996875,0.1,3.5209169038303543,1.183195362261382,0.10357698289269052,-0.7075,0.8873502994011976
patternWeightCount::lvl-74.txt,patternWeightCount,200.0,16.0,0.0734375,0.008125,0.005625,0.005625,0.0028125,0.02125,0.0084375,27.0,0.0059375,0.004375,0.0015625,0.0,0.0,2.0,32.0,5.0,0.275,0.16,0.0034139721412395074,2.1032055801395035,2.2160804020100504,2.955,11.0,4.0,1.095,0.80625,0.1,3.644397481984213,1.1667109217340974,0.10637636080870917,-0.28500000000000003,0.9037900874635568
patternWeightCount::lvl-75.txt,patternWeightCount,200.0,16.0,0.0515625,0.0071875,0.0046875,0.0046875,0.003125,0.065,0.0078125,25.0,0.0053125,0.0034375,0.001875,0.0,0.0,2.0,35.0,36.0,0.525,0.175,0.1236487596303174,2.0173663166579163,2.130653266331658,2.23,11.0,4.0,0.765,0.7765625,0.1,3.672821174649261,1.264955436587861,0.10606531881804043,-0.6125,0.8910818713450293
patternWeightCount::lvl-76.txt,patternWeightCount,200.0,16.0,0.074375,0.0115625,0.0084375,0.0084375,0.005,0.03875,0.0134375,43.0,0.0071875,0.0059375,0.00125,0.0,0.0,2.0,38.0,6.0,0.395,0.19,0.025276979088533436,2.57380450761269,2.628140703517588,3.255,11.0,4.0,1.075,0.7734375,0.1,3.9915628680229376,1.3273161492902856,0.11353032659409021,-0.40375000000000005,0.9017123287671233
patternWeightCount::lvl-77.txt,patternWeightCount,200.0,16.0,0.1146875,0.0084375,0.004375,0.004375,0.0040625,0.03,0.0084375,27.0,0.005,0.0028125,0.0021875,0.0,0.0,2.0,30.0,7.0,0.295,0.15,0.06047990339848375,2.4902034875871895,2.3467336683417086,3.805,11.0,4.0,1.73,0.741875,0.1,3.745439280855592,1.388811929007544,0.10948678071539658,-0.3090625,0.9004957507082153
patternWeightCount::lvl-78.txt,patternWeightCount,200.0,16.0,0.0646875,0.011875,0.0078125,0.0078125,0.008125,0.030625,0.0159375,51.0,0.0084375,0.0071875,0.00125,0.0,0.0,2.0,41.0,7.0,0.395,0.205,0.001975397922487687,2.8600157503937593,3.0552763819095476,3.26,11.0,4.0,0.95,0.7978125,0.1,3.9664813896274067,1.2407218435611298,0.12192846034214619,-0.405,0.9198473282442748
patternWeightCount::lvl-79.txt,patternWeightCount,200.0,16.0,0.0840625,0.02625,0.008125,0.008125,0.003125,0.02125,0.01125,36.0,0.0040625,0.003125,0.0009375,0.0,0.0,2.0,19.0,6.0,0.225,0.095,0.11809382321172202,2.177612930323258,2.5979899497487438,3.775,11.0,4.0,0.955,0.8021875,0.1,3.4107676341327178,1.2020719030544729,0.095800933125972,-0.23281249999999998,0.8876221498371335
patternWeightCount::lvl-8.txt,patternWeightCount,200.0,16.0,0.0709375,0.01125,0.030625,0.030625,0.0271875,0.018125,0.0578125,185.0,0.0025,0.0015625,0.0009375,0.0,0.0,2.0,24.0,4.0,0.19,0.12,0.05441172177953091,1.7260458936473413,2.0854271356783918,2.9,11.0,4.0,0.99,0.77625,0.1,3.3263103132642025,1.353774071021431,0.10171073094867807,-0.14468750000000002,0.8833841463414634
patternWeightCount::lvl-80.txt,patternWeightCount,200.0,16.0,0.06375,0.01,0.0046875,0.0046875,0.0025,0.029375,0.0071875,23.0,0.008125,0.0059375,0.0021875,0.0,0.0,2.0,37.0,6.0,0.37,0.185,0.0019485566742597493,2.428678901972549,2.7939698492462313,3.09,11.0,4.0,0.92,0.7946875,0.1,3.925712393606305,1.2074503884502783,0.11695178849144634,-0.3859375,0.9048408488063661
patternWeightCount::lvl-81.txt,patternWeightCount,200.0,16.0,0.0521875,0.00875,0.00625,0.00625,0.005,0.02875,0.01125,36.0,0.0171875,0.015625,0.0015625,0.0,0.0,2.0,26.0,29.0,0.495,0.13,0.05046721635079188,2.211569046726168,2.3316582914572863,2.405,11.0,4.0,0.755,0.79375,0.1,3.839472455406264,1.2330959680986977,0.11135303265940902,-0.5734375,0.903899721448468
patternWeightCount::lvl-82.txt,patternWeightCount,200.0,16.0,0.0909375,0.0178125,0.006875,0.006875,0.004375,0.00875,0.01125,36.0,0.0009375,0.0009375,0.0,0.0,0.0,1.0,19.0,3.0,0.125,0.095,0.02134533070792377,2.820426858171454,2.562814070351759,4.225,11.0,4.0,1.205,0.8128125,0.085,3.3858104393959496,1.1310459073806327,0.09486780715396578,-0.1221875,0.8778688524590164
patternWeightCount::lvl-83.txt,patternWeightCount,200.0,16.0,0.0440625,0.009375,0.0046875,0.0046875,0.0028125,0.0640625,0.0075,24.0,0.005625,0.00375,0.001875,0.0,0.0,2.0,32.0,24.0,0.585,0.16,0.06938364902972827,2.364219335483387,1.9547738693467336,2.3,11.0,4.0,0.625,0.7809375,0.1,3.557173603785186,1.2368356904873143,0.10357698289269052,-0.643125,0.8843562874251497
patternWeightCount::lvl-84.txt,patternWeightCount,200.0,16.0,0.0934375,0.0071875,0.0075,0.0075,0.0034375,0.02625,0.0109375,35.0,0.006875,0.0046875,0.0021875,0.0,0.0,2.0,33.0,8.0,0.32,0.165,0.047946550082834105,2.1788988299707492,2.1758793969849246,3.395,11.0,4.0,1.44,0.7615625,0.1,3.684194342064208,1.3308728052300267,0.10668740279937791,-0.33593750000000006,0.8964389534883721
patternWeightCount::lvl-85.txt,patternWeightCount,200.0,16.0,0.0615625,0.0065625,0.0046875,0.0046875,0.0021875,0.021875,0.006875,22.0,0.0053125,0.00375,0.0015625,0.0,0.0,2.0,42.0,6.0,0.355,0.21,0.023018710765051242,1.89451626040651,2.3316582914572863,2.565,11.0,4.0,0.94,0.82875,0.1,3.452238502078997,1.0623356118348761,0.10077760497667185,-0.3684375,0.8869230769230769
patternWeightCount::lvl-86.txt,patternWeightCount,200.0,16.0,0.0584375,0.015,0.0040625,0.0040625,0.003125,0.03125,0.0071875,23.0,0.004375,0.0034375,0.0009375,0.0,0.0,2.0,33.0,15.0,0.44,0.165,0.19287913697050496,2.8793196429910743,2.1658291457286434,3.505,11.0,4.0,0.845,0.825,0.1,3.5802668125108914,1.089730357118336,0.10948678071539658,-0.4746875,0.9026203966005666
patternWeightCount::lvl-87.txt,patternWeightCount,200.0,16.0,0.0615625,0.0253125,0.0028125,0.0028125,0.0025,0.03,0.0053125,17.0,0.0225,0.02,0.0025,0.0,0.0,2.0,30.0,28.0,0.57,0.15,0.35510431472210824,3.0194639840996023,2.7939698492462313,5.105,11.0,4.0,0.89,0.7815625,0.095,3.626087167263211,1.2870295498040454,0.09984447900466563,-0.6571874999999998,0.8870716510903427
patternWeightCount::lvl-88.txt,patternWeightCount,200.0,16.0,0.06375,0.0109375,0.011875,0.011875,0.005625,0.035625,0.0175,56.0,0.0071875,0.00625,0.0009375,0.0,0.0,2.0,37.0,7.0,0.395,0.185,0.017917659160942012,2.6372061501537543,3.2060301507537687,3.06,11.0,4.0,0.93,0.7921875,0.1,4.026163504765596,1.2611890593988337,0.11975116640746501,-0.40218750000000003,0.9172077922077921
patternWeightCount::lvl-89.txt,patternWeightCount,200.0,16.0,0.113125,0.011875,0.0065625,0.0065625,0.0028125,0.02875,0.009375,30.0,0.00625,0.00375,0.0025,0.0,0.0,2.0,33.0,4.0,0.3,0.165,0.027689879104246362,2.5823930473261836,2.1959798994974875,3.94,11.0,4.0,1.665,0.7425,0.1,3.772713134576368,1.4057736857256888,0.10357698289269052,-0.30687499999999995,0.8925898203592815
patternWeightCount::lvl-9.txt,patternWeightCount,200.0,16.0,0.0653125,0.0096875,0.0071875,0.0071875,0.0021875,0.035,0.009375,30.0,0.0065625,0.005,0.0015625,0.0,0.0,2.0,35.0,6.0,0.345,0.175,0.016017315431586132,2.2745632115802894,2.6381909547738696,2.85,11.0,4.0,0.94,0.796875,0.1,3.748881855181419,1.2145948281331762,0.11166407465007776,-0.3571875,0.9034722222222222
patternWeightCount::lvl-90.txt,patternWeightCount,200.0,16.0,0.051875,0.008125,0.005,0.005,0.0034375,0.03,0.0084375,27.0,0.0196875,0.0184375,0.00125,0.0,0.0,2.0,42.0,18.0,0.545,0.21,0.06910313904400367,2.36660745518638,2.64321608040201,2.41,11.0,4.0,0.76,0.7903125,0.1,3.7338357397852255,1.2361121413931324,0.11135303265940902,-0.6012500000000001,0.9035515320334262
patternWeightCount::lvl-91.txt,patternWeightCount,200.0,16.0,0.061875,0.0128125,0.006875,0.006875,0.0040625,0.035625,0.0109375,35.0,0.0090625,0.0065625,0.0025,0.0,0.0,2.0,40.0,5.0,0.395,0.2,6.532134702763592e-05,2.472030660766519,2.6733668341708543,2.8,11.0,4.0,0.83,0.7934375,0.1,3.9174043944510597,1.2420674482580858,0.11726283048211508,-0.405625,0.908068783068783
patternWeightCount::lvl-92.txt,patternWeightCount,200.0,16.0,0.0678125,0.0228125,0.0071875,0.0071875,0.0040625,0.034375,0.01125,36.0,0.006875,0.0059375,0.0009375,0.0,0.0,2.0,39.0,7.0,0.52,0.195,0.12457504152589483,3.5152577064426613,3.4673366834170856,4.58,11.0,4.0,0.945,0.804375,0.1,3.925538981030021,1.211219117711439,0.1181959564541213,-0.533125,0.9209317585301837
patternWeightCount::lvl-93.txt,patternWeightCount,200.0,16.0,0.0575,0.0096875,0.006875,0.006875,0.003125,0.043125,0.01,32.0,0.0153125,0.005,0.0103125,0.0,0.0,2.0,32.0,30.0,0.53,0.16,0.035279217960715425,2.6203482187054674,2.6532663316582914,2.68,11.0,4.0,0.835,0.7759375,0.1,3.987782734023989,1.3130115418751214,0.1181959564541213,-0.6103124999999999,0.9088815789473684
patternWeightCount::lvl-94.txt,patternWeightCount,200.0,16.0,0.054375,0.008125,0.0075,0.0075,0.0046875,0.060625,0.0121875,39.0,0.0071875,0.0040625,0.003125,0.0,0.0,2.0,34.0,32.0,0.5,0.17,0.027413552638123173,2.3507231455786397,2.4623115577889445,2.415,11.0,4.0,0.785,0.7690625,0.1,3.950131840455516,1.3195476265359614,0.11415241057542769,-0.575,0.912703804347826
patternWeightCount::lvl-95.txt,patternWeightCount,200.0,16.0,0.0690625,0.0059375,0.021875,0.021875,0.004375,0.021875,0.02625,84.0,0.00625,0.004375,0.001875,0.0,0.0,2.0,28.0,6.0,0.28,0.14,0.05837633838596712,1.7087243681092028,1.849246231155779,2.62,11.0,4.0,1.055,0.791875,0.1,3.6095961531887646,1.2562842247868633,0.10357698289269052,-0.275,0.8937125748502994
patternWeightCount::lvl-96.txt,patternWeightCount,200.0,16.0,0.0990625,0.0075,0.005,0.005,0.005,0.026875,0.01,32.0,0.0053125,0.0040625,0.00125,0.0,0.0,2.0,32.0,4.0,0.275,0.16,0.03178882876267364,2.118840463511588,2.3165829145728645,3.415,11.0,4.0,1.49,0.759375,0.1,3.7910062190936054,1.3317099408856878,0.11135303265940902,-0.2803125,0.9022346368715084
patternWeightCount::lvl-97.txt,patternWeightCount,200.0,16.0,0.0875,0.0284375,0.00625,0.00625,0.0028125,0.0175,0.0090625,29.0,0.0065625,0.0040625,0.0025,0.0,0.0,2.0,22.0,8.0,0.24,0.11,0.1472790978748144,2.140716672916823,2.2311557788944723,4.145,11.0,4.0,1.005,0.798125,0.1,3.394871480710892,1.2235031897448825,0.0911353032659409,-0.2575,0.8690980629539952
patternWeightCount::lvl-98.txt,patternWeightCount,200.0,16.0,0.0684375,0.028125,0.004375,0.004375,0.003125,0.02375,0.0075,24.0,0.00375,0.0034375,0.0003125,0.0,0.0,2.0,41.0,9.0,0.5,0.205,0.38536309032131255,2.8873438535963403,2.5829145728643215,5.39,11.0,4.0,0.95,0.835625,0.1,3.5344407432429175,1.0561889485247864,0.10451010886469674,-0.5187499999999999,0.9136904761904762
patternWeightCount::lvl-99.txt,patternWeightCount,200.0,16.0,0.0553125,0.0115625,0.0065625,0.0065625,0.0040625,0.0540625,0.010625,34.0,0.0075,0.005625,0.001875,0.0,0.0,2.0,39.0,18.0,0.5,0.195,0.012999216919082124,2.6392258531463284,3.185929648241206,2.735,11.0,4.0,0.775,0.78125,0.1,3.9835174010555137,1.278527073582112,0.11975116640746501,-0.541875,0.9097402597402597
mariodpo::mariodpo_nintendo_0000.txt,mariodpo,190.0,16.0,0.2631578947368421,0.15230263157894736,0.0003289473684210526,0.009539473684210526,0.000986842105263158,0.011842105263157895,0.010526315789473684,32.0,0.006578947368421052,0.003289473684210526,0.003289473684210526,0.0,0.0,2.0,19.0,3.0,0.15789473684210525,0.1,0.0024762813746472823,1.7213731306312994,0.5767195767195767,12.047368421052632,13.0,8.0,2.731578947368421,0.7042763157894737,0.30526315789473685,4.660546680546411,1.4375798967887106,0.09623567921440263,-0.16184210526315787,0.8618845843422114
mariodpo::mariodpo_nintendo_0001.txt,mariodpo,152.0,16.0,0.11348684210526316,0.0008223684210526315,0.004523026315789474,0.004111842105263158,0.00041118421052631577,0.009868421052631578,0.004934210526315789,12.0,0.006578947368421052,0.0028782894736842104,0.003289473684210526,0.00041118421052631577,0.0,3.0,13.0,3.0,0.125,0.08552631578947369,0.0028644179349437415,1.393339795421755,1.6821192052980132,2.539473684210526,11.0,2.0,1.736842105263158,0.860608552631579,0.19078947368421054,2.6064793894661267,0.7865208170856919,0.08418471597874949,-0.13651315789473684,0.8368394221774943
mariodpo::mariodpo_nintendo_0002.txt,mariodpo,176.0,16.0,0.13316761363636365,0.005681818181818182,0.0,0.0,0.0003551136363636364,0.002130681818181818,0.0003551136363636364,1.0,0.006036931818181818,0.0024857954545454545,0.001065340909090909,0.0007102272727272727,0.0017755681818181818,4.0,19.0,3.0,0.14772727272727273,0.10795454545454546,0.008368140693468473,2.474524180557501,1.84,3.3863636363636362,11.0,10.0,1.9659090909090908,0.8515625,0.2215909090909091,2.9950958947061284,0.8689281263054155,0.08795478629459555,-0.16193181818181818,0.8543252148430008
mariodpo::mariodpo_nintendo_0003.txt,mariodpo,167.0,16.0,0.1467065868263473,0.010853293413173653,0.0007485029940119761,0.0014970059880239522,0.0018712574850299401,0.0014970059880239522,0.0033682634730538923,9.0,0.005988023952095809,0.0029940119760479044,0.002619760479041916,0.00037425149700598805,0.0,3.0,9.0,2.0,0.0658682634730539,0.05389221556886228,0.008487361631130064,2.2911029950364457,1.7228915662650603,3.4550898203592815,11.0,10.0,2.125748502994012,0.8379491017964071,0.23952095808383234,2.958253992890436,0.9165747292525948,0.08336434685522888,-0.07447604790419163,0.8587620307865088
mariodpo::mariodpo_nintendo_0004.txt,mariodpo,154.0,16.0,0.13027597402597402,0.005275974025974026,0.0016233766233766235,0.002435064935064935,0.0008116883116883117,0.012175324675324676,0.003246753246753247,8.0,0.004464285714285714,0.0016233766233766235,0.0012175324675324675,0.0008116883116883117,0.0008116883116883117,4.0,15.0,3.0,0.11688311688311688,0.09740259740259741,0.0036955183965680094,1.6011214296435714,1.1895424836601307,2.727272727272727,10.0,8.0,1.9935064935064934,0.8449675324675324,0.2662337662337662,3.0074374663805585,0.9207908478372056,0.09035901573215006,-0.1278409090909091,0.8395487838692116
mariodpo::mariodpo_nintendo_0005.txt,mariodpo,172.0,16.0,0.13626453488372092,0.012718023255813954,0.0003633720930232558,0.0010901162790697674,0.0003633720930232558,0.014534883720930232,0.0014534883720930232,4.0,0.007267441860465116,0.0029069767441860465,0.001816860465116279,0.0,0.002543604651162791,3.0,14.0,2.0,0.11046511627906977,0.08139534883720931,0.3024572093204202,2.737542072778084,1.7543859649122806,4.0523255813953485,13.0,9.0,1.947674418604651,0.8350290697674418,0.22674418604651161,3.244264918548176,0.9705195588944351,0.09360318033971811,-0.12209302325581395,0.8530808222340105
mariodpo::mariodpo_nintendo_0006.txt,mariodpo,185.0,16.0,0.11621621621621622,0.016216216216216217,0.00033783783783783786,0.004054054054054054,0.0006756756756756757,0.008108108108108109,0.00472972972972973,14.0,0.0016891891891891893,0.00033783783783783786,0.0013513513513513514,0.0,0.0,2.0,23.0,3.0,0.1891891891891892,0.12432432432432433,0.16543401453365503,3.002343517088978,2.3206521739130435,4.513513513513513,13.0,3.0,1.5405405405405406,0.841554054054054,0.3081081081081081,4.181818876762674,0.9761292869361367,0.0984873949579832,-0.19425675675675677,0.8559350957366807
mariodpo::mariodpo_nintendo_0007.txt,mariodpo,154.0,16.0,0.15381493506493507,0.0,0.002435064935064935,0.004464285714285714,0.00040584415584415587,0.0,0.00487012987012987,12.0,0.006899350649350649,0.004464285714285714,0.002029220779220779,0.00040584415584415587,0.0,3.0,8.0,3.0,0.06493506493506493,0.05194805194805195,2.551293274200006e-06,2.0564715355617054,1.6993464052287581,3.2662337662337664,11.0,8.0,2.3181818181818183,0.8295454545454546,0.23376623376623376,3.2649451601496455,0.9400226379554708,0.09237595804759983,-0.07670454545454546,0.8455494719254169
mariodpo::mariodpo_nintendo_0008.txt,mariodpo,181.0,16.0,0.13121546961325967,0.010359116022099447,0.0003453038674033149,0.0024171270718232043,0.0013812154696132596,0.004834254143646409,0.003798342541436464,11.0,0.005870165745856353,0.0017265193370165745,0.0006906077348066298,0.0006906077348066298,0.0027624309392265192,4.0,14.0,3.0,0.11602209944751381,0.07734806629834254,0.010648760317881423,2.237001044192522,1.85,3.281767955801105,13.0,8.0,1.87292817679558,0.8504834254143646,0.2265193370165746,3.2306982043871226,0.8762604572111319,0.07832360013740983,-0.12638121546961326,0.8513029392980516
mariodpo::mariodpo_nintendo_0009.txt,mariodpo,165.0,16.0,0.12613636363636363,0.005681818181818182,0.0015151515151515152,0.004166666666666667,0.0003787878787878788,0.015151515151515152,0.004545454545454545,12.0,0.007575757575757576,0.004924242424242424,0.0026515151515151517,0.0,0.0,2.0,13.0,3.0,0.10303030303030303,0.07878787878787878,0.0007787840701334314,1.871485846631841,1.9329268292682926,2.890909090909091,13.0,8.0,1.8303030303030303,0.8424242424242424,0.21818181818181817,3.0797041248121144,0.9050442460728337,0.08135593220338982,-0.11515151515151514,0.8499172080983739
mariodpo::mariodpo_nintendo_0010.txt,mariodpo,167.0,16.0,0.13922155688622753,0.0,0.0007485029940119761,0.001122754491017964,0.00037425149700598805,0.005239520958083832,0.0014970059880239522,4.0,0.008982035928143712,0.004491017964071856,0.0033682634730538923,0.00037425149700598805,0.0007485029940119761,4.0,13.0,2.0,0.08383233532934131,0.07784431137724551,0.002897564029655797,1.7921779782391578,1.7710843373493976,2.8922155688622753,11.0,10.0,2.1197604790419162,0.8409431137724551,0.18562874251497005,2.7530682015743193,0.8917060002538504,0.0796427242277633,-0.09730538922155689,0.8535559796174367
mariodpo::mariodpo_nintendo_0011.txt,mariodpo,189.0,16.0,0.13194444444444445,0.003968253968253968,0.004298941798941799,0.006283068783068783,0.0,0.007936507936507936,0.006283068783068783,19.0,0.007275132275132275,0.005621693121693121,0.000992063492063492,0.0,0.0006613756613756613,3.0,14.0,2.0,0.08465608465608465,0.07407407407407407,0.0024961296689101076,1.932002294878753,1.9840425531914894,2.9894179894179893,13.0,8.0,1.962962962962963,0.8425925925925926,0.18518518518518517,3.0647444388520646,0.9015056883536574,0.08028956893715038,-0.09093915343915343,0.8373732677154603
mariodpo::mariodpo_nintendo_0012.txt,mariodpo,158.0,16.0,0.1463607594936709,0.004746835443037975,0.0031645569620253164,0.0031645569620253164,0.0,0.01819620253164557,0.0031645569620253164,8.0,0.00949367088607595,0.006329113924050633,0.0023734177215189874,0.0007911392405063291,0.0,3.0,7.0,2.0,0.05063291139240506,0.04430379746835443,0.014944008459583769,1.9227801674598899,1.535031847133758,3.1392405063291138,13.0,10.0,2.2278481012658227,0.8184335443037974,0.2468354430379747,3.1909204178723285,1.03249045542053,0.09005112072355485,-0.06329113924050633,0.8583144450288471
mariodpo::mariodpo_nintendo_0013.txt,mariodpo,155.0,16.0,0.12782258064516128,0.0004032258064516129,0.0,0.0,0.0,0.008064516129032258,0.0,0.0,0.00282258064516129,0.0012096774193548388,0.0016129032258064516,0.0,0.0,2.0,10.0,3.0,0.0967741935483871,0.06451612903225806,0.01406009995979951,1.423655345694888,1.5454545454545454,2.632258064516129,10.0,6.0,1.929032258064516,0.8564516129032258,0.14193548387096774,2.211188619492641,0.787697966665105,0.07134268537074148,-0.10927419354838709,0.8520114653789074
mariodpo::mariodpo_nintendo_0014.txt,mariodpo,185.0,16.0,0.14222972972972972,0.008108108108108109,0.0016891891891891893,0.002027027027027027,0.0010135135135135136,0.005405405405405406,0.0033783783783783786,10.0,0.008445945945945946,0.002027027027027027,0.0037162162162162164,0.0013513513513513514,0.0013513513513513514,4.0,19.0,3.0,0.11891891891891893,0.10270270270270271,0.01720242207544087,2.4690739547401543,2.0434782608695654,3.464864864864865,11.0,10.0,2.075675675675676,0.8368243243243243,0.24864864864864866,3.4023449368433267,0.9575935175863028,0.08638655462184874,-0.1320945945945946,0.8551509703106707
mariodpo::mariodpo_nintendo_0015.txt,mariodpo,152.0,16.0,0.13651315789473684,0.011101973684210526,0.0012335526315789473,0.0024671052631578946,0.0012335526315789473,0.004934210526315789,0.003700657894736842,9.0,0.003700657894736842,0.002055921052631579,0.0008223684210526315,0.0008223684210526315,0.0,3.0,12.0,2.0,0.10526315789473684,0.07894736842105263,0.01971459833172884,2.5556967320141535,1.7350993377483444,3.6973684210526314,11.0,8.0,2.0197368421052633,0.8466282894736842,0.29605263157894735,3.4471661521456776,0.9180470162605741,0.09767061708214139,-0.11184210526315788,0.8421270677542759
mariodpo::mariodpo_nintendo_0016.txt,mariodpo,187.0,16.0,0.11998663101604277,0.008021390374331552,0.0,0.0033422459893048127,0.00033422459893048126,0.002005347593582888,0.003676470588235294,11.0,0.004344919786096257,0.0006684491978609625,0.003676470588235294,0.0,0.0,2.0,19.0,3.0,0.1657754010695187,0.10160427807486631,0.010132356189002545,2.3844819668005584,1.7311827956989247,3.4331550802139037,13.0,6.0,1.7647058823529411,0.8439171122994652,0.20855614973262032,3.3797785346929747,0.9399020825932418,0.08812770202859993,-0.17446524064171123,0.842298790029901
mariodpo::mariodpo_nintendo_0017.txt,mariodpo,164.0,16.0,0.11623475609756098,0.0064786585365853655,0.00038109756097560977,0.005335365853658537,0.00038109756097560977,0.0007621951219512195,0.005716463414634146,15.0,0.0026676829268292685,0.00038109756097560977,0.0022865853658536584,0.0,0.0,2.0,18.0,3.0,0.21951219512195122,0.10975609756097561,0.000108824610105418,2.903154726573996,1.9631901840490797,3.8292682926829267,12.0,8.0,1.670731707317073,0.8380335365853658,0.3597560975609756,4.066090920100904,0.9988693689399195,0.105721864342554,-0.22560975609756098,0.8529554705060446
mariodpo::mariodpo_nintendo_0018.txt,mariodpo,169.0,16.0,0.16678994082840237,0.0073964497041420114,0.0014792899408284023,0.0022189349112426036,0.0003698224852071006,0.0029585798816568047,0.0025887573964497044,7.0,0.0036982248520710057,0.0011094674556213018,0.0018491124260355029,0.0007396449704142012,0.0,3.0,9.0,3.0,0.07692307692307693,0.05325443786982249,0.0008470503484447889,2.3551400967235394,1.5476190476190477,3.57396449704142,11.0,10.0,2.514792899408284,0.819896449704142,0.23668639053254437,3.277543526104506,1.0008354838172682,0.09562339095255609,-0.08690828402366865,0.8486798720279352
mariodpo::mariodpo_nintendo_0019.txt,mariodpo,181.0,16.0,0.14468232044198895,0.006215469613259668,0.0010359116022099447,0.0017265193370165745,0.0006906077348066298,0.011049723756906077,0.0024171270718232043,7.0,0.0051795580110497235,0.0024171270718232043,0.0027624309392265192,0.0,0.0,2.0,15.0,2.0,0.09392265193370165,0.08287292817679558,0.016415467463775424,2.202013136990702,1.8555555555555556,3.25414364640884,11.0,10.0,2.165745856353591,0.8325276243093923,0.2430939226519337,3.12850308175785,0.9505670856715656,0.08450704225352113,-0.1022099447513812,0.8478695315405829
mariodpo::mariodpo_nintendo_0020.txt,mariodpo,186.0,16.0,0.12869623655913978,0.006384408602150538,0.0,0.0020161290322580645,0.0,0.015456989247311828,0.0020161290322580645,6.0,0.006384408602150538,0.0010080645161290322,0.003360215053763441,0.0010080645161290322,0.0010080645161290322,4.0,23.0,3.0,0.1935483870967742,0.12365591397849462,9.89946980436418e-05,2.4420528470843705,2.1837837837837837,3.1451612903225805,11.0,10.0,1.8709677419354838,0.84375,0.22043010752688172,3.3383446799386034,0.9479349916886612,0.08893346706787028,-0.2059811827956989,0.8616345898328621
mariodpo::mariodpo_nintendo_0021.txt,mariodpo,178.0,16.0,0.18644662921348315,0.07057584269662921,0.0017556179775280898,0.0049157303370786515,0.0014044943820224719,0.032303370786516857,0.006671348314606741,19.0,0.006671348314606741,0.0028089887640449437,0.0035112359550561797,0.00035112359550561797,0.0,3.0,12.0,3.0,0.09550561797752809,0.06741573033707865,0.6129021387890722,2.4593654402368736,0.8813559322033898,8.662921348314606,13.0,8.0,2.101123595505618,0.7584269662921348,0.34831460674157305,4.701598307649009,1.3479927095143796,0.09954593084177436,-0.10393258426966293,0.8707701457032412
mariodpo::mariodpo_nintendo_0022.txt,mariodpo,180.0,16.0,0.11909722222222222,0.0010416666666666667,0.002777777777777778,0.002777777777777778,0.00034722222222222224,0.002777777777777778,0.003125,9.0,0.005208333333333333,0.001736111111111111,0.003472222222222222,0.0,0.0,2.0,13.0,3.0,0.1111111111111111,0.07222222222222222,0.0008290310843632742,1.516487191534261,1.76536312849162,2.65,11.0,2.0,1.7833333333333334,0.8659722222222223,0.15,2.364703281235334,0.7249840214332661,0.06770293609671849,-0.12152777777777776,0.856131207354908
mariodpo::mariodpo_nintendo_0023.txt,mariodpo,176.0,16.0,0.14311079545454544,0.001065340909090909,0.001065340909090909,0.0014204545454545455,0.0003551136363636364,0.005326704545454545,0.002130681818181818,6.0,0.004971590909090909,0.00390625,0.001065340909090909,0.0,0.0,2.0,14.0,2.0,0.09090909090909091,0.07954545454545454,0.0014146651724776804,1.8101833114882036,1.5542857142857143,3.0170454545454546,10.0,10.0,2.1875,0.83984375,0.19886363636363635,3.102194820459777,0.9067776251816788,0.08548216178028965,-0.09943181818181818,0.8491367266017269
mariodpo::mariodpo_nintendo_0024.txt,mariodpo,154.0,16.0,0.1038961038961039,0.013392857142857142,0.0008116883116883117,0.006087662337662338,0.0012175324675324675,0.0,0.007305194805194805,18.0,0.004058441558441558,0.003246753246753247,0.0008116883116883117,0.0,0.0,2.0,21.0,3.0,0.23376623376623376,0.13636363636363635,0.01915209392112227,3.3679437970869506,1.8300653594771241,4.6103896103896105,11.0,3.0,1.4090909090909092,0.8400974025974026,0.38311688311688313,4.639970021680438,0.9827452201980288,0.11254538120209762,-0.24025974025974026,0.860104650461427
mariodpo::mariodpo_nintendo_0025.txt,mariodpo,154.0,16.0,0.13555194805194806,0.0008116883116883117,0.002029220779220779,0.002029220779220779,0.00040584415584415587,0.010551948051948052,0.002435064935064935,6.0,0.005275974025974026,0.0016233766233766235,0.003246753246753247,0.00040584415584415587,0.0,3.0,12.0,2.0,0.09740259740259741,0.07792207792207792,0.004376709220370367,1.846487120574703,1.7124183006535947,2.909090909090909,11.0,9.0,2.0194805194805197,0.841314935064935,0.2012987012987013,2.7828421042298968,0.9052364622496588,0.08713190802743041,-0.106737012987013,0.8549141512274708
mariodpo::mariodpo_nintendo_0026.txt,mariodpo,197.0,16.0,0.12658629441624367,0.01649746192893401,0.0015862944162436548,0.0025380710659898475,0.00031725888324873094,0.006345177664974619,0.0028553299492385786,9.0,0.0038071065989847717,0.0009517766497461929,0.0019035532994923859,0.00031725888324873094,0.0006345177664974619,4.0,19.0,3.0,0.17258883248730963,0.09644670050761421,0.0018049413240990297,3.2665856234247954,2.086734693877551,4.055837563451776,13.0,8.0,1.766497461928934,0.8565989847715736,0.233502538071066,3.5350352445072883,0.8504156863869032,0.08462267129775813,-0.1811548223350254,0.8424487730837339
mariodpo::mariodpo_nintendo_0027.txt,mariodpo,193.0,16.0,0.11787564766839378,0.008095854922279792,0.0003238341968911917,0.0016191709844559584,0.0006476683937823834,0.006476683937823834,0.0022668393782383418,7.0,0.003562176165803109,0.0016191709844559584,0.0016191709844559584,0.0003238341968911917,0.0,3.0,18.0,3.0,0.11917098445595854,0.09326424870466321,0.05251227999643415,1.9932326592591014,1.53125,3.077720207253886,11.0,3.0,1.7512953367875648,0.8607512953367875,0.18652849740932642,2.6257910802966795,0.8159457837354231,0.07412181759587495,-0.12823834196891193,0.8405497298143738
mariodpo::mariodpo_nintendo_0028.txt,mariodpo,157.0,16.0,0.10748407643312102,0.0031847133757961785,0.0007961783439490446,0.007961783439490446,0.0007961783439490446,0.0031847133757961785,0.00875796178343949,22.0,0.004777070063694267,0.0015923566878980893,0.002786624203821656,0.0003980891719745223,0.0,3.0,16.0,3.0,0.16560509554140126,0.10191082802547771,0.13536649125022615,2.5038416090241955,1.9871794871794872,4.101910828025478,11.0,3.0,1.4777070063694266,0.8136942675159236,0.34394904458598724,4.33177009213535,1.094063684505817,0.1147605856747131,-0.17117834394904458,0.8744593804792519
mariodpo::mariodpo_nintendo_0029.txt,mariodpo,170.0,16.0,0.15808823529411764,0.0011029411764705882,0.0003676470588235294,0.0011029411764705882,0.0,0.008088235294117648,0.0011029411764705882,3.0,0.005147058823529412,0.0022058823529411764,0.0022058823529411764,0.0,0.0007352941176470588,3.0,15.0,3.0,0.11176470588235295,0.08823529411764706,0.015439523074402994,1.9976571452586749,1.6331360946745561,3.0588235294117645,11.0,10.0,2.4235294117647057,0.8235294117647058,0.21764705882352942,2.9895743621266138,0.9707068656385832,0.08519195612431445,-0.12463235294117647,0.8581967825133014
mariodpo::mariodpo_nintendo_0030.txt,mariodpo,154.0,16.0,0.1241883116883117,0.002840909090909091,0.0008116883116883117,0.0012175324675324675,0.0,0.008928571428571428,0.0012175324675324675,3.0,0.006493506493506494,0.005275974025974026,0.0008116883116883117,0.00040584415584415587,0.0,3.0,10.0,2.0,0.07142857142857142,0.06493506493506493,0.01049238794358709,1.6577589393528673,1.7777777777777777,2.8181818181818183,11.0,2.0,1.8506493506493507,0.8547077922077922,0.14935064935064934,2.201007688735045,0.7864257670085606,0.07139975796692215,-0.08319805194805195,0.8570324116329985
mariodpo::mariodpo_nintendo_0031.txt,mariodpo,167.0,16.0,0.1497005988023952,0.005239520958083832,0.0,0.0007485029940119761,0.00037425149700598805,0.008233532934131737,0.0018712574850299401,5.0,0.0048652694610778445,0.0018712574850299401,0.002245508982035928,0.0007485029940119761,0.0,3.0,13.0,2.0,0.08982035928143713,0.07784431137724551,0.05331046064353406,2.078555947356835,1.6626506024096386,3.2035928143712575,11.0,10.0,2.2095808383233533,0.8312125748502994,0.20359281437125748,2.924340159680012,0.9509844006832312,0.08410867138072199,-0.09880239520958085,0.8508708957877464
mariodpo::mariodpo_nintendo_0032.txt,mariodpo,189.0,16.0,0.12632275132275134,0.000992063492063492,0.000992063492063492,0.002976190476190476,0.00033068783068783067,0.003968253968253968,0.0033068783068783067,10.0,0.0033068783068783067,0.001984126984126984,0.0006613756613756613,0.0,0.0006613756613756613,3.0,9.0,3.0,0.0582010582010582,0.047619047619047616,0.001781721678493109,1.5851808213919163,1.6702127659574468,2.82010582010582,11.0,5.0,1.8994708994708995,0.8584656084656085,0.15343915343915343,2.2752238415684993,0.7648727947444067,0.0677854557420204,-0.06613756613756613,0.8456268245922712
mariodpo::mariodpo_nintendo_0033.txt,mariodpo,178.0,16.0,0.12254213483146068,0.0017556179775280898,0.00035112359550561797,0.002106741573033708,0.0,0.0035112359550561797,0.0024578651685393258,7.0,0.008426966292134831,0.002106741573033708,0.004213483146067416,0.0,0.002106741573033708,3.0,19.0,3.0,0.15168539325842698,0.10674157303370786,0.0359642072601184,1.3973637693241496,1.502824858757062,2.539325842696629,11.0,8.0,1.8651685393258426,0.8591994382022472,0.1853932584269663,2.7190404371977483,0.8074401984420089,0.08382815228780999,-0.1660814606741573,0.8493421532014265
mariodpo::mariodpo_nintendo_0034.txt,mariodpo,173.0,16.0,0.1199421965317919,0.005780346820809248,0.0,0.0018063583815028901,0.000361271676300578,0.010115606936416185,0.002167630057803468,6.0,0.004335260115606936,0.0018063583815028901,0.002167630057803468,0.000361271676300578,0.0,3.0,18.0,3.0,0.15028901734104047,0.10404624277456648,0.0025001775362362144,2.0123522488922796,1.9244186046511629,3.0115606936416186,13.0,8.0,1.7572254335260116,0.8453757225433526,0.19653179190751446,3.214890686747113,0.9099194188382037,0.09234638878907654,-0.16112716763005783,0.8524373747388131
mariodpo::mariodpo_nintendo_0035.txt,mariodpo,166.0,16.0,0.1438253012048193,0.00037650602409638556,0.0015060240963855422,0.0018825301204819277,0.0,0.006024096385542169,0.0026355421686746986,7.0,0.007530120481927711,0.004141566265060241,0.0011295180722891566,0.0007530120481927711,0.0015060240963855422,4.0,10.0,3.0,0.0783132530120482,0.060240963855421686,0.011334402654476716,1.9984710661549467,1.7636363636363637,3.1566265060240966,11.0,10.0,2.1566265060240966,0.8358433734939759,0.22289156626506024,3.0912840281734772,0.9326767444902196,0.08573567952077873,-0.09224397590361445,0.8517355055333404
mariodpo::mariodpo_nintendo_0036.txt,mariodpo,162.0,16.0,0.15239197530864199,0.0019290123456790122,0.00038580246913580245,0.0011574074074074073,0.00038580246913580245,0.005401234567901234,0.0015432098765432098,4.0,0.006558641975308642,0.003472222222222222,0.0030864197530864196,0.0,0.0,2.0,11.0,3.0,0.10493827160493827,0.06790123456790123,0.013129323313187169,1.9612813364277406,1.7142857142857142,3.0246913580246915,11.0,10.0,2.3209876543209877,0.8298611111111112,0.19135802469135801,2.99128297715738,0.9484845709671774,0.08438818565400844,-0.11921296296296295,0.8550614543395916
mariodpo::mariodpo_nintendo_0037.txt,mariodpo,159.0,16.0,0.13089622641509435,0.010220125786163521,0.0023584905660377358,0.002751572327044025,0.0011792452830188679,0.003930817610062893,0.003930817610062893,10.0,0.00589622641509434,0.0031446540880503146,0.0015723270440251573,0.0,0.0011792452830188679,3.0,15.0,3.0,0.12578616352201258,0.09433962264150944,0.00711049625958915,2.3483859395082813,1.360759493670886,3.3333333333333335,13.0,10.0,1.930817610062893,0.8321540880503144,0.27672955974842767,3.3937739893960344,1.0101617725260248,0.09417741305197343,-0.13718553459119498,0.8494453228795269
mariodpo::mariodpo_nintendo_0038.txt,mariodpo,167.0,16.0,0.14146706586826346,0.0037425149700598802,0.006362275449101796,0.006362275449101796,0.0007485029940119761,0.004491017964071856,0.007110778443113772,19.0,0.005988023952095809,0.002245508982035928,0.002619760479041916,0.001122754491017964,0.0,3.0,7.0,3.0,0.0658682634730539,0.041916167664670656,0.0015587968376387096,1.86700195618122,1.6566265060240963,3.059880239520958,11.0,10.0,2.1497005988023954,0.8360778443113772,0.281437125748503,3.377066979141613,0.9501540454507437,0.09117975437290658,-0.07372754491017965,0.8644127076693565
mariodpo::mariodpo_nintendo_0039.txt,mariodpo,182.0,16.0,0.13221153846153846,0.012706043956043956,0.0037774725274725275,0.0037774725274725275,0.00034340659340659343,0.008928571428571428,0.004120879120879121,12.0,0.004807692307692308,0.002403846153846154,0.001717032967032967,0.0006868131868131869,0.0,3.0,15.0,2.0,0.1043956043956044,0.08241758241758242,0.013458816457842082,2.63451830270113,1.9944751381215469,3.576923076923077,13.0,8.0,1.9285714285714286,0.8440934065934066,0.27472527472527475,3.4501249696805774,0.9282462174652151,0.09395285275025624,-0.11057692307692307,0.8578120184899846
mariodpo::mariodpo_nintendo_0040.txt,mariodpo,159.0,16.0,0.14190251572327045,0.008254716981132075,0.0007861635220125787,0.0007861635220125787,0.0011792452830188679,0.014937106918238994,0.0023584905660377358,6.0,0.008647798742138365,0.0031446540880503146,0.004323899371069182,0.00039308176100628933,0.0007861635220125787,4.0,11.0,3.0,0.0880503144654088,0.06918238993710692,0.00010048929348205338,2.4462210450736257,1.6075949367088607,3.452830188679245,11.0,9.0,2.0628930817610063,0.827437106918239,0.2830188679245283,3.526288997158539,1.0131108509683595,0.10042985541227042,-0.10377358490566037,0.8485886596251498
mariodpo::mariodpo_nintendo_0041.txt,mariodpo,181.0,16.0,0.12189226519337017,0.007251381215469613,0.0003453038674033149,0.0003453038674033149,0.0003453038674033149,0.004143646408839779,0.0006906077348066298,2.0,0.005870165745856353,0.003798342541436464,0.0020718232044198894,0.0,0.0,2.0,17.0,3.0,0.143646408839779,0.09392265193370165,0.06707452731786634,1.978525927538473,1.9722222222222223,3.0331491712707184,13.0,8.0,1.7790055248618784,0.8632596685082873,0.17679558011049723,2.6623861151533315,0.7728349984268379,0.07351425626932326,-0.15711325966850828,0.8516224050699361
mariodpo::mariodpo_nintendo_0042.txt,mariodpo,196.0,16.0,0.12181122448979592,0.00350765306122449,0.0006377551020408163,0.0047831632653061226,0.0006377551020408163,0.00701530612244898,0.005420918367346939,17.0,0.00350765306122449,0.0015943877551020409,0.001913265306122449,0.0,0.0,2.0,16.0,3.0,0.14285714285714285,0.08163265306122448,0.0041107465870865445,2.360944971028439,1.8564102564102565,3.311224489795918,11.0,6.0,1.7959183673469388,0.8415178571428571,0.28061224489795916,3.789425788012206,0.9720572157940702,0.0952078705172961,-0.14859693877551022,0.86875
mariodpo::mariodpo_nintendo_0043.txt,mariodpo,162.0,16.0,0.12770061728395063,0.0,0.0007716049382716049,0.0011574074074074073,0.0,0.010802469135802469,0.0011574074074074073,3.0,0.005015432098765432,0.0015432098765432098,0.003472222222222222,0.0,0.0,2.0,8.0,1.0,0.04938271604938271,0.04938271604938271,0.004235672794652312,1.2442413759439863,1.4782608695652173,2.5925925925925926,11.0,5.0,1.9444444444444444,0.8506944444444444,0.13580246913580246,2.0535822030080744,0.7954896505292992,0.06904487917146145,-0.05632716049382716,0.8575825414071562
mariodpo::mariodpo_nintendo_0044.txt,mariodpo,200.0,16.0,0.1396875,0.005,0.000625,0.003125,0.0003125,0.0103125,0.0034375,11.0,0.005625,0.0034375,0.00125,0.0009375,0.0,3.0,12.0,2.0,0.075,0.06,0.011314559931191792,2.0957344558613964,1.5879396984924623,3.155,11.0,10.0,2.075,0.8375,0.215,3.077386145234015,0.9301493791492729,0.07931570762052877,-0.08218750000000001,0.8576781233739815
mariodpo::mariodpo_nintendo_0045.txt,mariodpo,159.0,16.0,0.1544811320754717,0.02358490566037736,0.00039308176100628933,0.0011792452830188679,0.00039308176100628933,0.0031446540880503146,0.0015723270440251573,4.0,0.009040880503144654,0.004323899371069182,0.003537735849056604,0.0,0.0011792452830188679,3.0,11.0,3.0,0.11320754716981132,0.06918238993710692,0.27359429559217996,3.265873743678021,1.6518987341772151,4.80503144654088,13.0,8.0,2.0943396226415096,0.8270440251572327,0.31446540880503143,3.8483576721986568,1.0148315740284473,0.09886674482219616,-0.13011006289308177,0.8487652765816994
mariodpo::mariodpo_nintendo_0046.txt,mariodpo,175.0,16.0,0.12892857142857142,0.007857142857142858,0.0014285714285714286,0.005714285714285714,0.0010714285714285715,0.010714285714285714,0.0067857142857142855,19.0,0.008214285714285714,0.004642857142857143,0.0025,0.0010714285714285715,0.0,3.0,11.0,3.0,0.09714285714285714,0.06285714285714286,0.004213777803751539,2.3051929371121487,1.6666666666666667,3.44,11.0,6.0,1.9142857142857144,0.8407142857142857,0.2742857142857143,3.7370047345444863,0.9533564892118525,0.0891651865008881,-0.10714285714285715,0.8450446543697063
mariodpo::mariodpo_nintendo_0047.txt,mariodpo,155.0,16.0,0.11451612903225807,0.013709677419354839,0.0012096774193548388,0.007661290322580645,0.0008064516129032258,0.0032258064516129032,0.008467741935483872,21.0,0.0020161290322580645,0.0008064516129032258,0.0008064516129032258,0.0004032258064516129,0.0,3.0,18.0,3.0,0.2129032258064516,0.11612903225806452,0.07686565584188987,2.8333941188883953,1.5324675324675325,4.258064516129032,12.0,7.0,1.5870967741935484,0.8310483870967742,0.4,4.485465226332896,1.0654701258972459,0.11342685370741483,-0.21612903225806449,0.8537132418997424
mariodpo::mariodpo_nintendo_0048.txt,mariodpo,163.0,16.0,0.12576687116564417,0.004601226993865031,0.0007668711656441718,0.003067484662576687,0.0007668711656441718,0.0023006134969325155,0.003834355828220859,10.0,0.006901840490797546,0.0015337423312883436,0.004217791411042945,0.0003834355828220859,0.0007668711656441718,4.0,10.0,3.0,0.10429447852760736,0.06134969325153374,0.0034470839505075235,1.7995013444055925,1.6049382716049383,2.8773006134969323,11.0,8.0,1.883435582822086,0.8562116564417178,0.2392638036809816,3.040244773245348,0.8388508993247605,0.08921082729698818,-0.1165644171779141,0.8502013428542331
mariodpo::mariodpo_nintendo_0049.txt,mariodpo,155.0,16.0,0.12056451612903225,0.0008064516129032258,0.0,0.0008064516129032258,0.0004032258064516129,0.008064516129032258,0.0012096774193548388,3.0,0.00967741935483871,0.0036290322580645163,0.004435483870967742,0.0008064516129032258,0.0008064516129032258,4.0,13.0,2.0,0.09032258064516129,0.08387096774193549,0.010436042399774914,1.2496405155718373,1.2727272727272727,2.535483870967742,11.0,6.0,1.8387096774193548,0.8556451612903225,0.16774193548387098,2.5507365692645867,0.8149641924909807,0.0781563126252505,-0.10524193548387097,0.8593150495503694
mariodpo::mariodpo_nintendo_0050.txt,mariodpo,176.0,16.0,0.13494318181818182,0.004261363636363636,0.0007102272727272727,0.001065340909090909,0.0007102272727272727,0.0035511363636363635,0.0017755681818181818,5.0,0.004261363636363636,0.002130681818181818,0.0014204545454545455,0.0,0.0007102272727272727,3.0,9.0,3.0,0.07954545454545454,0.05113636363636364,0.05348895081098892,1.7681358558621654,1.3371428571428572,2.9488636363636362,11.0,7.0,1.9943181818181819,0.8512073863636364,0.1875,2.5219966093640664,0.8304884106610888,0.0787707523843165,-0.09055397727272727,0.8432109484649729
mariodpo::mariodpo_nintendo_0051.txt,mariodpo,181.0,16.0,0.14053867403314918,0.003107734806629834,0.0,0.0006906077348066298,0.0006906077348066298,0.006215469613259668,0.0013812154696132596,4.0,0.008977900552486187,0.0051795580110497235,0.0024171270718232043,0.0013812154696132596,0.0,3.0,13.0,3.0,0.09944751381215469,0.0718232044198895,0.0007090962453620842,2.394731316931494,2.1555555555555554,3.3591160220994474,11.0,10.0,2.0607734806629834,0.8390883977900553,0.23204419889502761,3.2210604583924374,0.9200855972007098,0.08141532119546548,-0.11533149171270718,0.8544907761856688
mariodpo::mariodpo_nintendo_0052.txt,mariodpo,184.0,16.0,0.1280570652173913,0.0,0.0,0.0006793478260869565,0.0,0.007472826086956522,0.0006793478260869565,2.0,0.006114130434782609,0.003736413043478261,0.002377717391304348,0.0,0.0,2.0,11.0,2.0,0.07065217391304347,0.059782608695652176,0.00013335521826873808,1.4006158010407446,1.453551912568306,2.6467391304347827,11.0,8.0,1.9456521739130435,0.8539402173913043,0.14673913043478262,2.2627933878562394,0.7926090149437774,0.06792835417370734,-0.08152173913043477,0.8583519579332413
mariodpo::mariodpo_nintendo_0053.txt,mariodpo,198.0,16.0,0.1111111111111111,0.001893939393939394,0.004419191919191919,0.007891414141414142,0.0003156565656565657,0.010101010101010102,0.008207070707070708,26.0,0.006313131313131313,0.0031565656565656565,0.0022095959595959595,0.0003156565656565657,0.0006313131313131314,4.0,20.0,3.0,0.15656565656565657,0.10101010101010101,0.009900481731701216,1.9993131276590568,1.9289340101522843,2.9393939393939394,11.0,2.0,1.6616161616161615,0.8484848484848485,0.21212121212121213,3.348352851909325,0.9119712864615657,0.08828149544454916,-0.16224747474747475,0.858071958501719
mariodpo::mariodpo_nintendo_0054.txt,mariodpo,173.0,16.0,0.1513728323699422,0.002890173410404624,0.0,0.002167630057803468,0.000361271676300578,0.0072254335260115606,0.0025289017341040463,7.0,0.0072254335260115606,0.004696531791907515,0.0025289017341040463,0.0,0.0,2.0,12.0,2.0,0.08092485549132948,0.06936416184971098,0.06929902107340868,2.4697727953483497,2.0290697674418605,3.832369942196532,11.0,10.0,2.213872832369942,0.803106936416185,0.2947976878612717,3.852434672852583,1.1455867886772624,0.10528206970894718,-0.09140173410404624,0.8870639787123271
mariodpo::mariodpo_nintendo_0055.txt,mariodpo,162.0,16.0,0.11805555555555555,0.011574074074074073,0.0007716049382716049,0.005787037037037037,0.0,0.005401234567901234,0.005787037037037037,15.0,0.0073302469135802465,0.0038580246913580245,0.0019290123456790122,0.00038580246913580245,0.0011574074074074073,4.0,15.0,3.0,0.18518518518518517,0.09259259259259259,0.0006976740500883594,3.7372889177353903,1.8385093167701863,4.925925925925926,13.0,5.0,1.6049382716049383,0.7962962962962963,0.345679012345679,4.3151395366641925,1.1854827215481807,0.11008822401227465,-0.19598765432098764,0.8616157603578154
mariodpo::mariodpo_nintendo_0056.txt,mariodpo,172.0,16.0,0.12645348837209303,0.0007267441860465116,0.003633720930232558,0.003633720930232558,0.0007267441860465116,0.003633720930232558,0.00436046511627907,12.0,0.0061773255813953485,0.003633720930232558,0.001816860465116279,0.0,0.0007267441860465116,3.0,9.0,2.0,0.05813953488372093,0.05232558139534884,0.0026551522209536937,1.4482732370430322,1.567251461988304,2.7093023255813953,11.0,6.0,1.9069767441860466,0.8546511627906976,0.14534883720930233,2.3478257799852984,0.8018368111969644,0.07408745934224792,-0.0657703488372093,0.8496072248457789
mariodpo::mariodpo_nintendo_0057.txt,mariodpo,175.0,16.0,0.12785714285714286,0.0017857142857142857,0.0,0.0014285714285714286,0.0,0.0064285714285714285,0.0017857142857142857,5.0,0.0075,0.0035714285714285713,0.003928571428571429,0.0,0.0,2.0,14.0,3.0,0.10285714285714286,0.08,0.0047042904362153415,1.955806691830337,2.2413793103448274,2.994285714285714,11.0,6.0,1.9142857142857144,0.8525,0.19428571428571428,2.816194939938147,0.8316034557884531,0.07886323268206039,-0.11714285714285715,0.8463392139261207
mariodpo::mariodpo_nintendo_0058.txt,mariodpo,159.0,16.0,0.13679245283018868,0.01611635220125786,0.0019654088050314465,0.0023584905660377358,0.0007861635220125787,0.0047169811320754715,0.0031446540880503146,8.0,0.007075471698113208,0.0023584905660377358,0.004323899371069182,0.00039308176100628933,0.0,3.0,12.0,3.0,0.09433962264150944,0.07547169811320754,0.03056867693311993,2.174019802233027,1.6898734177215189,3.389937106918239,13.0,8.0,1.9622641509433962,0.8435534591194969,0.2389937106918239,3.2002704609935964,0.9130889891644571,0.0871434153966393,-0.10770440251572327,0.8469254559237928
mariodpo::mariodpo_nintendo_0059.txt,mariodpo,187.0,16.0,0.12934491978609625,0.004344919786096257,0.0006684491978609625,0.004679144385026738,0.00033422459893048126,0.008689839572192513,0.0053475935828877,16.0,0.0066844919786096255,0.003676470588235294,0.00267379679144385,0.00033422459893048126,0.0,3.0,14.0,2.0,0.10695187165775401,0.0748663101604278,0.04441778750213665,2.4114586989912214,1.9946236559139785,3.588235294117647,13.0,12.0,1.8556149732620322,0.8201871657754011,0.2887700534759358,3.6338228435256528,1.0392644924255847,0.10109743930828068,-0.11363636363636363,0.8614309210526315
mariodpo::mariodpo_nintendo_0060.txt,mariodpo,159.0,16.0,0.12224842767295598,0.0,0.0,0.0,0.0,0.014150943396226415,0.0,0.0,0.007075471698113208,0.004323899371069182,0.0019654088050314465,0.0,0.0007861635220125787,3.0,8.0,1.0,0.050314465408805034,0.050314465408805034,0.019041686807912295,0.618318154575483,0.8354430379746836,2.2138364779874213,11.0,2.0,1.89937106918239,0.8522012578616353,0.11320754716981132,1.7801370125033342,0.7732400804391146,0.06291520125048847,-0.060534591194968554,0.861268689843556
mariodpo::mariodpo_nintendo_0061.txt,mariodpo,195.0,16.0,0.12916666666666668,0.010897435897435897,0.000641025641025641,0.0022435897435897434,0.000641025641025641,0.0038461538461538464,0.0028846153846153848,9.0,0.0035256410256410257,0.0019230769230769232,0.000641025641025641,0.0009615384615384616,0.0,3.0,14.0,3.0,0.09743589743589744,0.07179487179487179,0.010622128608768766,2.342879606955737,1.6855670103092784,3.4512820512820515,13.0,8.0,1.8615384615384616,0.857051282051282,0.23076923076923078,3.2320028825544957,0.8254778819376389,0.07719298245614035,-0.10576923076923077,0.8366718160905741
mariodpo::mariodpo_nintendo_0062.txt,mariodpo,151.0,16.0,0.1452814569536424,0.0037251655629139072,0.0,0.0024834437086092716,0.0004139072847682119,0.009105960264900662,0.0028973509933774835,7.0,0.006208609271523178,0.0024834437086092716,0.0037251655629139072,0.0,0.0,2.0,12.0,2.0,0.09271523178807947,0.07947019867549669,1.5018188664006615e-05,2.1237360780575183,1.9533333333333334,3.1456953642384105,13.0,10.0,2.198675496688742,0.8315397350993378,0.23178807947019867,3.0955298534494924,0.9612954983239612,0.09008638420403127,-0.10264900662251657,0.8478019776662975
mariodpo::mariodpo_nintendo_0063.txt,mariodpo,187.0,16.0,0.13602941176470587,0.0016711229946524064,0.00033422459893048126,0.0016711229946524064,0.0,0.007352941176470588,0.0016711229946524064,5.0,0.005681818181818182,0.0033422459893048127,0.0016711229946524064,0.0006684491978609625,0.0,3.0,18.0,2.0,0.11764705882352941,0.0962566844919786,0.05703444613947706,1.9070248375495165,1.7150537634408602,3.0802139037433154,11.0,10.0,2.0481283422459895,0.8322192513368984,0.24598930481283424,3.2163988861422745,0.9705815950324331,0.08613235783172597,-0.12700534759358287,0.8607543166077816
mariodpo::mariodpo_nintendo_0064.txt,mariodpo,195.0,16.0,0.1955128205128205,0.058012820512820515,0.0003205128205128205,0.005128205128205128,0.0019230769230769232,0.015384615384615385,0.007051282051282051,22.0,0.004807692307692308,0.001282051282051282,0.0035256410256410257,0.0,0.0,2.0,16.0,2.0,0.09743589743589744,0.08205128205128205,0.4684507764786565,2.852283441040663,1.711340206185567,7.630769230769231,13.0,10.0,2.3435897435897437,0.7733974358974359,0.3641025641025641,4.667905770314281,1.2664519936662157,0.10303030303030303,-0.10032051282051281,0.8726780185758514
mariodpo::mariodpo_nintendo_0065.txt,mariodpo,165.0,16.0,0.13787878787878788,0.004545454545454545,0.0003787878787878788,0.001893939393939394,0.0,0.0030303030303030303,0.001893939393939394,5.0,0.007954545454545454,0.005303030303030303,0.0015151515151515152,0.0003787878787878788,0.0007575757575757576,4.0,11.0,3.0,0.09696969696969697,0.06666666666666667,0.016695591938395427,2.063463918160042,1.7073170731707317,3.1818181818181817,11.0,10.0,2.109090909090909,0.8450757575757576,0.21818181818181817,2.9938065659700626,0.8890018066354912,0.0832391713747646,-0.11212121212121212,0.8492813207366086
mariodpo::mariodpo_nintendo_0066.txt,mariodpo,158.0,16.0,0.10324367088607594,0.002768987341772152,0.0023734177215189874,0.005933544303797469,0.00039556962025316455,0.011867088607594937,0.006724683544303798,17.0,0.005142405063291139,0.001977848101265823,0.0023734177215189874,0.0007911392405063291,0.0,3.0,20.0,3.0,0.23417721518987342,0.12658227848101267,0.06993698725221209,2.793745228437206,1.78343949044586,3.8987341772151898,11.0,5.0,1.4683544303797469,0.8037974683544303,0.34810126582278483,4.480191184716256,1.170589323003384,0.11246559182068423,-0.2420886075949367,0.8659713168187745
mariodpo::mariodpo_nintendo_0067.txt,mariodpo,167.0,16.0,0.1220059880239521,0.001122754491017964,0.00037425149700598805,0.002245508982035928,0.0,0.01347305389221557,0.002245508982035928,6.0,0.006736526946107785,0.0037425149700598802,0.002245508982035928,0.0,0.0007485029940119761,3.0,18.0,3.0,0.15568862275449102,0.10778443113772455,0.0023521316322555608,1.7242035660300494,1.6626506024096386,2.7005988023952097,11.0,7.0,1.8622754491017963,0.8514221556886228,0.2155688622754491,2.9893437072342013,0.8763239613434963,0.08596948269445479,-0.1691616766467066,0.8488651268899039
mariodpo::mariodpo_nintendo_0068.txt,mariodpo,174.0,16.0,0.11781609195402298,0.0010775862068965517,0.0,0.003232758620689655,0.00035919540229885057,0.009339080459770116,0.0035919540229885057,10.0,0.005387931034482759,0.0017959770114942528,0.002514367816091954,0.00035919540229885057,0.0007183908045977011,4.0,16.0,3.0,0.12643678160919541,0.09195402298850575,0.10606508224930833,2.314178191521569,2.179190751445087,3.5919540229885056,11.0,3.0,1.706896551724138,0.8265086206896551,0.25287356321839083,3.4270661410005725,1.0027664308949018,0.09217577706323687,-0.13685344827586207,0.8673994125181469
mariodpo::mariodpo_nintendo_0069.txt,mariodpo,163.0,16.0,0.12921779141104295,0.012653374233128834,0.004217791411042945,0.004601226993865031,0.0019171779141104294,0.0023006134969325155,0.006901840490797546,18.0,0.009969325153374233,0.003450920245398773,0.003450920245398773,0.0011503067484662577,0.0019171779141104294,4.0,12.0,3.0,0.09815950920245399,0.0736196319018405,0.005882691340159507,1.983957300523737,1.808641975308642,3.0245398773006134,11.0,4.0,1.8282208588957056,0.8473926380368099,0.22085889570552147,2.827628744246775,0.8740529891979071,0.09035455585207777,-0.11042944785276074,0.8453243592516765
mariodpo::mariodpo_nintendo_0070.txt,mariodpo,180.0,16.0,0.15034722222222222,0.008680555555555556,0.0006944444444444445,0.001388888888888889,0.0,0.01597222222222222,0.001388888888888889,4.0,0.004166666666666667,0.001388888888888889,0.0020833333333333333,0.0,0.0006944444444444445,3.0,6.0,2.0,0.044444444444444446,0.03333333333333333,0.009974198585552707,2.4565454542683267,1.9162011173184357,3.5277777777777777,13.0,10.0,2.183333333333333,0.8239583333333333,0.25555555555555554,2.9510674261986076,0.985160278655462,0.08601036269430051,-0.05277777777777778,0.8535556827048834
mariodpo::mariodpo_nintendo_0071.txt,mariodpo,151.0,16.0,0.11920529801324503,0.0037251655629139072,0.0,0.0,0.0004139072847682119,0.012417218543046357,0.0004139072847682119,1.0,0.005794701986754967,0.0028973509933774835,0.0028973509933774835,0.0,0.0,2.0,14.0,2.0,0.11258278145695365,0.09271523178807947,0.036922063185529486,1.8294252098822998,1.68,2.947019867549669,11.0,6.0,1.7748344370860927,0.8572019867549668,0.18543046357615894,2.846395935406075,0.8265379538973807,0.08185931715343481,-0.1245860927152318,0.856791087292166
mariodpo::mariodpo_nintendo_0072.txt,mariodpo,165.0,16.0,0.12121212121212122,0.004545454545454545,0.0,0.0011363636363636363,0.0,0.0,0.0011363636363636363,3.0,0.004924242424242424,0.0022727272727272726,0.0026515151515151517,0.0,0.0,2.0,16.0,3.0,0.13333333333333333,0.09696969696969697,0.015100031790784452,2.114429449302957,1.9268292682926829,3.018181818181818,11.0,5.0,1.7515151515151515,0.868560606060606,0.13333333333333333,2.2578995418350205,0.7163584940862381,0.07231638418079096,-0.1462121212121212,0.8584531326431252
mariodpo::mariodpo_nintendo_0073.txt,mariodpo,168.0,16.0,0.1331845238095238,0.000744047619047619,0.000744047619047619,0.001488095238095238,0.0003720238095238095,0.00744047619047619,0.0018601190476190475,5.0,0.005580357142857143,0.0018601190476190475,0.002976190476190476,0.0,0.000744047619047619,3.0,13.0,2.0,0.08928571428571429,0.07738095238095238,0.0055541481872609655,1.8748000316237468,1.688622754491018,2.988095238095238,11.0,8.0,2.005952380952381,0.8470982142857143,0.19642857142857142,2.773119740211159,0.8597157821315085,0.08509064002959675,-0.09895833333333334,0.8509061568911488
mariodpo::mariodpo_nintendo_0074.txt,mariodpo,197.0,16.0,0.12785532994923857,0.0006345177664974619,0.0,0.0019035532994923859,0.00031725888324873094,0.010786802030456852,0.002220812182741117,7.0,0.005393401015228426,0.0028553299492385786,0.0025380710659898475,0.0,0.0,2.0,20.0,3.0,0.14720812182741116,0.10152284263959391,0.012982132101054367,1.8048682929399107,2.0,2.761421319796954,11.0,10.0,1.9441624365482233,0.850253807106599,0.19289340101522842,2.92906708078632,0.8589545354559028,0.08051784022734448,-0.157994923857868,0.8539328782899517
mariodpo::mariodpo_nintendo_0075.txt,mariodpo,165.0,16.0,0.12196969696969696,0.003787878787878788,0.0007575757575757576,0.0007575757575757576,0.0011363636363636363,0.012878787878787878,0.001893939393939394,5.0,0.007196969696969697,0.003787878787878788,0.0026515151515151517,0.0,0.0007575757575757576,3.0,14.0,3.0,0.10909090909090909,0.08484848484848485,0.002657615442146044,1.5887433628891698,1.8902439024390243,2.690909090909091,11.0,6.0,1.812121212121212,0.8515151515151516,0.2,2.814764346399045,0.8512669541779528,0.08286252354048965,-0.12348484848484849,0.8453188207602431
mariodpo::mariodpo_nintendo_0076.txt,mariodpo,195.0,16.0,0.1076923076923077,0.004807692307692308,0.0003205128205128205,0.006730769230769231,0.0003205128205128205,0.002564102564102564,0.007051282051282051,22.0,0.00641025641025641,0.0035256410256410257,0.001282051282051282,0.0,0.0016025641025641025,3.0,25.0,3.0,0.18974358974358974,0.1282051282051282,0.09774177265330009,2.70852418756803,1.8453608247422681,3.9846153846153847,11.0,5.0,1.5333333333333334,0.8153846153846154,0.3282051282051282,4.259912706890632,1.0883928063392294,0.10175438596491228,-0.1967948717948718,0.8800940438871473
mariodpo::mariodpo_nintendo_0077.txt,mariodpo,168.0,16.0,0.13764880952380953,0.006696428571428571,0.0,0.0011160714285714285,0.0003720238095238095,0.00744047619047619,0.0018601190476190475,5.0,0.007068452380952381,0.004092261904761905,0.0011160714285714285,0.000744047619047619,0.0011160714285714285,4.0,15.0,3.0,0.14285714285714285,0.08928571428571429,0.10847660738975884,2.545398229624557,1.7724550898203593,3.9107142857142856,11.0,8.0,2.005952380952381,0.8329613095238095,0.2916666666666667,3.7713267413675897,1.0061080188473999,0.10099889012208657,-0.15699404761904762,0.8646318370894642
mariodpo::mariodpo_nintendo_0078.txt,mariodpo,182.0,16.0,0.12225274725274725,0.0010302197802197802,0.0,0.001717032967032967,0.00034340659340659343,0.015796703296703296,0.002403846153846154,7.0,0.006868131868131868,0.0037774725274725275,0.0030906593406593405,0.0,0.0,2.0,13.0,3.0,0.1043956043956044,0.07142857142857142,0.0028299306000327817,1.8024563919962788,1.8895027624309393,2.82967032967033,11.0,4.0,1.8131868131868132,0.8485576923076923,0.15384615384615385,2.706049315028478,0.8616834828024207,0.07652886914929963,-0.11710164835164835,0.8352140475572969
mariodpo::mariodpo_nintendo_0079.txt,mariodpo,155.0,16.0,0.12943548387096773,0.0024193548387096775,0.0004032258064516129,0.0024193548387096775,0.0,0.00967741935483871,0.0024193548387096775,6.0,0.0068548387096774195,0.0012096774193548388,0.004838709677419355,0.0008064516129032258,0.0,3.0,9.0,2.0,0.07096774193548387,0.05806451612903226,0.021033827121698212,1.5353100593475206,1.3636363636363635,2.806451612903226,11.0,8.0,1.961290322580645,0.8467741935483871,0.23870967741935484,2.662496468973805,0.8663817755385541,0.0877755511022044,-0.08185483870967741,0.8451344904633886
mariodpo::mariodpo_nintendo_0080.txt,mariodpo,182.0,16.0,0.13839285714285715,0.0013736263736263737,0.0,0.00034340659340659343,0.0006868131868131869,0.004807692307692308,0.0010302197802197802,3.0,0.005151098901098901,0.00034340659340659343,0.0020604395604395605,0.0013736263736263737,0.0013736263736263737,4.0,12.0,2.0,0.08241758241758242,0.06593406593406594,0.0017941103708764006,1.6623340798856434,1.580110497237569,2.818681318681319,11.0,11.0,2.10989010989011,0.8464972527472527,0.1813186813186813,2.458558509711334,0.8605178642956183,0.07857874957294157,-0.09203296703296703,0.8498419597470878
mariodpo::mariodpo_nintendo_0081.txt,mariodpo,153.0,16.0,0.14624183006535948,0.006127450980392157,0.0004084967320261438,0.0004084967320261438,0.0,0.0024509803921568627,0.0004084967320261438,1.0,0.006535947712418301,0.0012254901960784314,0.0028594771241830064,0.0,0.0024509803921568627,3.0,10.0,1.0,0.06535947712418301,0.06535947712418301,0.0559023860421094,2.12136740322256,2.013157894736842,3.4052287581699345,11.0,8.0,2.111111111111111,0.8394607843137255,0.24183006535947713,2.836498858612988,0.8995314217569852,0.08404384896467722,-0.07475490196078433,0.8517851581941507
mariodpo::mariodpo_nintendo_0082.txt,mariodpo,167.0,16.0,0.1220059880239521,0.002619760479041916,0.0,0.0018712574850299401,0.00037425149700598805,0.005239520958083832,0.002245508982035928,6.0,0.008982035928143712,0.006736526946107785,0.0018712574850299401,0.00037425149700598805,0.0,3.0,17.0,3.0,0.1377245508982036,0.10179640718562874,0.015336981667878224,2.166098466696319,1.8795180722891567,3.1676646706586826,11.0,8.0,1.844311377245509,0.8499251497005988,0.23952095808383234,3.1603475094549784,0.8907660093593986,0.08969110532192036,-0.15344311377245506,0.8423184932832978
mariodpo::mariodpo_nintendo_0083.txt,mariodpo,165.0,16.0,0.1340909090909091,0.003409090909090909,0.0011363636363636363,0.0011363636363636363,0.0003787878787878788,0.006818181818181818,0.001893939393939394,5.0,0.003409090909090909,0.0022727272727272726,0.0007575757575757576,0.0003787878787878788,0.0,3.0,11.0,2.0,0.07272727272727272,0.06666666666666667,0.0009172192506347043,1.8262957629078431,1.6585365853658536,3.006060606060606,11.0,9.0,2.012121212121212,0.8492424242424242,0.21818181818181817,2.5912168917594207,0.840326338137604,0.08022598870056497,-0.08030303030303029,0.8417500844814586
mariodpo::mariodpo_nintendo_0084.txt,mariodpo,186.0,16.0,0.10416666666666667,0.006384408602150538,0.0,0.003696236559139785,0.0,0.0020161290322580645,0.003696236559139785,11.0,0.005040322580645161,0.0020161290322580645,0.0030241935483870967,0.0,0.0,2.0,26.0,3.0,0.22043010752688172,0.13978494623655913,0.002003037490019177,2.7049957579430557,2.291891891891892,3.5268817204301075,11.0,8.0,1.532258064516129,0.8595430107526881,0.25268817204301075,3.7414502613949856,0.8747110003739598,0.08559010364426613,-0.22983870967741934,0.8529757175734058
mariodpo::mariodpo_nintendo_0085.txt,mariodpo,152.0,16.0,0.11924342105263158,0.0028782894736842104,0.0,0.0008223684210526315,0.0,0.01644736842105263,0.0008223684210526315,2.0,0.006167763157894737,0.0024671052631578946,0.001644736842105263,0.0,0.002055921052631579,3.0,11.0,3.0,0.11842105263157894,0.07236842105263158,0.005338716220479989,1.6734188341550778,1.9205298013245033,2.7434210526315788,11.0,3.0,1.7763157894736843,0.8523848684210527,0.18421052631578946,2.5067529565414786,0.8231131573528354,0.08704536166734778,-0.13363486842105263,0.8457379657293409
mariodpo::mariodpo_nintendo_0086.txt,mariodpo,165.0,16.0,0.1340909090909091,0.014393939393939395,0.004166666666666667,0.006439393939393939,0.0,0.005303030303030303,0.006439393939393939,17.0,0.008712121212121213,0.0030303030303030303,0.0030303030303030303,0.0,0.0026515151515151517,3.0,8.0,3.0,0.07272727272727272,0.048484848484848485,0.02920570605131756,2.5099442154831784,1.451219512195122,3.5757575757575757,11.0,6.0,1.878787878787879,0.8409090909090909,0.2545454545454545,3.387580670162237,0.930179311697774,0.09077212806026365,-0.08409090909090909,0.8460423872675675
mariodpo::mariodpo_nintendo_0087.txt,mariodpo,187.0,16.0,0.12600267379679145,0.011029411764705883,0.0006684491978609625,0.002005347593582888,0.001002673796791444,0.0033422459893048127,0.0030080213903743314,9.0,0.008355614973262033,0.003676470588235294,0.0030080213903743314,0.0006684491978609625,0.001002673796791444,4.0,21.0,2.0,0.13368983957219252,0.11229946524064172,4.776666380956751e-05,1.9545412837761411,1.6612903225806452,2.877005347593583,13.0,8.0,1.8235294117647058,0.8556149732620321,0.1711229946524064,2.7825948796877262,0.8301089721998092,0.07715330894579316,-0.1443850267379679,0.848477659288603
mariodpo::mariodpo_nintendo_0088.txt,mariodpo,183.0,16.0,0.11577868852459017,0.0010245901639344263,0.00034153005464480874,0.001366120218579235,0.0,0.00819672131147541,0.001366120218579235,4.0,0.009562841530054645,0.00546448087431694,0.0017076502732240437,0.00034153005464480874,0.0020491803278688526,4.0,18.0,3.0,0.12568306010928962,0.09836065573770492,0.006919901868219891,1.3465908188691917,1.5604395604395604,2.5081967213114753,11.0,2.0,1.7486338797814207,0.8613387978142076,0.16939890710382513,2.501965902274778,0.7802735226413515,0.07543323139653414,-0.14207650273224046,0.8497823772780847
mariodpo::mariodpo_nintendo_0089.txt,mariodpo,170.0,16.0,0.20183823529411765,0.08198529411764706,0.0022058823529411764,0.00625,0.0011029411764705882,0.028676470588235293,0.007352941176470588,20.0,0.0055147058823529415,0.0022058823529411764,0.0033088235294117647,0.0,0.0,2.0,16.0,2.0,0.12352941176470589,0.09411764705882353,0.19440173015824425,3.1861771440948554,0.7337278106508875,10.452941176470588,13.0,6.0,2.276470588235294,0.7522058823529412,0.3176470588235294,4.459533796096708,1.3468434042656594,0.09542961608775137,-0.1275735294117647,0.853529777254604
mariodpo::mariodpo_nintendo_0090.txt,mariodpo,176.0,16.0,0.13316761363636365,0.006036931818181818,0.0003551136363636364,0.0017755681818181818,0.0,0.0078125,0.0017755681818181818,5.0,0.008167613636363636,0.002130681818181818,0.004971590909090909,0.0003551136363636364,0.0007102272727272727,4.0,18.0,3.0,0.14204545454545456,0.10227272727272728,0.012542100497493713,2.337552615912593,2.262857142857143,3.3238636363636362,11.0,10.0,1.9715909090909092,0.8419744318181818,0.26704545454545453,3.6071386225572675,0.9574448345774242,0.0960791239844578,-0.1569602272727273,0.8586178963110668
mariodpo::mariodpo_nintendo_0091.txt,mariodpo,181.0,16.0,0.11912983425414364,0.003453038674033149,0.0006906077348066298,0.0027624309392265192,0.0,0.008977900552486187,0.0027624309392265192,8.0,0.004488950276243094,0.0024171270718232043,0.0013812154696132596,0.0006906077348066298,0.0,3.0,21.0,3.0,0.143646408839779,0.11602209944751381,0.007383197270195541,2.1196881443394067,2.0444444444444443,3.1215469613259668,11.0,8.0,1.7679558011049723,0.8542817679558011,0.292817679558011,3.5339632569938035,0.8862657545824557,0.09069048436963242,-0.15366022099447516,0.859650104907963
mariodpo::mariodpo_nintendo_0092.txt,mariodpo,180.0,16.0,0.14305555555555555,0.012152777777777778,0.0006944444444444445,0.0010416666666666667,0.00034722222222222224,0.001388888888888889,0.001388888888888889,4.0,0.009722222222222222,0.002777777777777778,0.0038194444444444443,0.0,0.003125,3.0,13.0,2.0,0.08888888888888889,0.07222222222222222,0.03582694077521131,3.217745312212425,1.9329608938547487,4.066666666666666,13.0,12.0,2.0166666666666666,0.840625,0.2111111111111111,3.132310041084013,0.8890620614226815,0.08911917098445596,-0.10277777777777779,0.8577071161770461
mariodpo::mariodpo_nintendo_0093.txt,mariodpo,192.0,16.0,0.1328125,0.0068359375,0.005208333333333333,0.005533854166666667,0.0003255208333333333,0.0078125,0.005859375,18.0,0.009765625,0.005208333333333333,0.0022786458333333335,0.0009765625,0.0013020833333333333,4.0,14.0,2.0,0.08854166666666667,0.07291666666666667,0.0023057394566795564,2.2161424453428533,1.455497382198953,3.2760416666666665,11.0,8.0,1.96875,0.83984375,0.20833333333333334,3.297860054294676,0.9361380067907961,0.08519598315516683,-0.09765625,0.8517971495785424
mariodpo::mariodpo_nintendo_0094.txt,mariodpo,186.0,16.0,0.1297043010752688,0.005376344086021506,0.0020161290322580645,0.0016801075268817205,0.0006720430107526882,0.0020161290322580645,0.0023521505376344087,7.0,0.005040322580645161,0.0006720430107526882,0.002688172043010753,0.0006720430107526882,0.0010080645161290322,4.0,16.0,2.0,0.10215053763440861,0.08602150537634409,0.0008871142376780661,2.0904519503895154,1.8054054054054054,3.1451612903225805,11.0,8.0,1.924731182795699,0.8568548387096774,0.22043010752688172,2.862911511609414,0.8170847424601352,0.08224674022066199,-0.11021505376344086,0.8439593631982829
mariodpo::mariodpo_nintendo_0095.txt,mariodpo,154.0,16.0,0.12337662337662338,0.012581168831168832,0.002029220779220779,0.005275974025974026,0.0012175324675324675,0.006493506493506494,0.006493506493506494,16.0,0.004464285714285714,0.0036525974025974025,0.0008116883116883117,0.0,0.0,2.0,14.0,3.0,0.12987012987012986,0.09090909090909091,0.018161747716724852,3.148467384821164,2.183006535947712,4.461038961038961,11.0,2.0,1.655844155844156,0.8287337662337663,0.35714285714285715,4.178956752153797,1.0316706573626029,0.10972166196046793,-0.13758116883116883,0.8660424975074776
mariodpo::mariodpo_nintendo_0096.txt,mariodpo,162.0,16.0,0.12770061728395063,0.0015432098765432098,0.0011574074074074073,0.003472222222222222,0.00038580246913580245,0.006944444444444444,0.0038580246913580245,10.0,0.006172839506172839,0.0015432098765432098,0.002700617283950617,0.0,0.0019290123456790122,3.0,12.0,3.0,0.12345679012345678,0.07407407407407407,0.023817462017810542,2.8973588637070917,2.0248447204968945,3.9876543209876543,11.0,7.0,1.8148148148148149,0.8097993827160493,0.30864197530864196,3.7825248909606763,1.1180687248431544,0.10663598005370158,-0.13503086419753085,0.8611983294720156
mariodpo::mariodpo_nintendo_0097.txt,mariodpo,150.0,16.0,0.16208333333333333,0.005,0.0,0.0016666666666666668,0.0004166666666666667,0.014166666666666666,0.0020833333333333333,5.0,0.00625,0.0020833333333333333,0.0033333333333333335,0.0008333333333333334,0.0,3.0,9.0,3.0,0.07333333333333333,0.06,0.0004808910366737029,2.634277505666919,1.74496644295302,3.68,11.0,10.0,2.42,0.8104166666666667,0.26666666666666666,3.349558727043068,1.0693146972015137,0.09772256728778468,-0.0875,0.8462360545209319
mariodpo::mariodpo_nintendo_0098.txt,mariodpo,199.0,16.0,0.13285175879396985,0.006909547738693468,0.000314070351758794,0.000628140703517588,0.000628140703517588,0.008793969849246231,0.001256281407035176,4.0,0.004082914572864322,0.0021984924623115578,0.00157035175879397,0.000314070351758794,0.0,3.0,14.0,3.0,0.09045226130653267,0.07035175879396985,0.0164965926012125,2.04871180938957,1.8838383838383839,3.1608040201005023,13.0,8.0,1.984924623115578,0.8492462311557789,0.20603015075376885,2.8300172507066947,0.867419511185391,0.08252578930915912,-0.10081658291457286,0.8478911668897859
mariodpo::mariodpo_nintendo_0099.txt,mariodpo,183.0,16.0,0.12807377049180327,0.007172131147540984,0.004439890710382513,0.004439890710382513,0.001366120218579235,0.00273224043715847,0.005806010928961749,17.0,0.006489071038251366,0.0010245901639344263,0.004098360655737705,0.0006830601092896175,0.0006830601092896175,4.0,15.0,1.0,0.08196721311475409,0.08196721311475409,0.0005532047292667874,2.015350777231057,1.5714285714285714,3.1366120218579234,11.0,7.0,1.901639344262295,0.851775956284153,0.26229508196721313,3.25234739153412,0.8475471575625685,0.08766564729867482,-0.08538251366120217,0.8558461098871286
mariodpo::mariodpo_nintendo_0100.txt,mariodpo,187.0,16.0,0.12633689839572193,0.002339572192513369,0.0,0.002005347593582888,0.0,0.00267379679144385,0.002005347593582888,6.0,0.004010695187165776,0.00267379679144385,0.00033422459893048126,0.001002673796791444,0.0,3.0,19.0,3.0,0.13903743315508021,0.10160427807486631,0.0014530790209154043,2.5537420505382227,1.89247311827957,3.5828877005347595,12.0,12.0,1.8663101604278074,0.8342245989304813,0.26737967914438504,3.704332273740366,0.9685664317814938,0.1000997672098437,-0.14906417112299464,0.872093023255814
mariodpo::mariodpo_nintendo_0101.txt,mariodpo,161.0,16.0,0.1374223602484472,0.005822981366459627,0.004270186335403727,0.0038819875776397515,0.00038819875776397513,0.004658385093167702,0.004270186335403727,11.0,0.006987577639751553,0.003105590062111801,0.0038819875776397515,0.0,0.0,2.0,15.0,2.0,0.09937888198757763,0.09316770186335403,0.0021770918846020226,1.922571467150187,2.09375,2.9254658385093166,13.0,10.0,2.062111801242236,0.8412267080745341,0.2111801242236025,2.8471598051127858,0.9137633863591297,0.0814357390968738,-0.10830745341614906,0.8473814807959815
mariodpo::mariodpo_nintendo_0102.txt,mariodpo,178.0,16.0,0.12570224719101122,0.011587078651685394,0.0017556179775280898,0.007373595505617977,0.001053370786516854,0.0,0.008426966292134831,24.0,0.0056179775280898875,0.0017556179775280898,0.0017556179775280898,0.0007022471910112359,0.0014044943820224719,4.0,17.0,3.0,0.15168539325842698,0.09550561797752809,0.038558223236104694,2.6459628237997084,1.9096045197740112,3.769662921348315,11.0,8.0,1.7696629213483146,0.8469101123595506,0.38764044943820225,4.286969765822792,0.96767941571411,0.10653161019909187,-0.15730337078651688,0.869672131147541
mariodpo::mariodpo_nintendo_0103.txt,mariodpo,198.0,16.0,0.12878787878787878,0.0006313131313131314,0.0,0.0022095959595959595,0.0,0.0012626262626262627,0.0022095959595959595,7.0,0.005997474747474747,0.002840909090909091,0.001893939393939394,0.0006313131313131314,0.0006313131313131314,4.0,18.0,3.0,0.1414141414141414,0.09090909090909091,0.001148425488451843,2.7558790931553836,1.7969543147208122,3.7777777777777777,11.0,10.0,1.898989898989899,0.8112373737373737,0.25757575757575757,3.6550649012695984,1.081526549732688,0.09833490417844801,-0.15277777777777776,0.8813897763578274
mariodpo::mariodpo_nintendo_0104.txt,mariodpo,158.0,16.0,0.12697784810126583,0.003955696202531646,0.00039556962025316455,0.0011867088607594937,0.00039556962025316455,0.0189873417721519,0.001977848101265823,5.0,0.00870253164556962,0.006329113924050633,0.0015822784810126582,0.0007911392405063291,0.0,3.0,12.0,3.0,0.0949367088607595,0.0759493670886076,0.004612879165373007,2.0385113149643814,1.9872611464968153,3.088607594936709,11.0,6.0,1.8734177215189873,0.839003164556962,0.2468354430379747,3.206786477922786,0.9268914311996654,0.09044435705859222,-0.11115506329113925,0.8444939559446429
mariodpo::mariodpo_nintendo_0105.txt,mariodpo,188.0,16.0,0.1309840425531915,0.003324468085106383,0.0,0.0016622340425531915,0.0003324468085106383,0.017287234042553192,0.002327127659574468,7.0,0.004986702127659575,0.003324468085106383,0.0016622340425531915,0.0,0.0,2.0,11.0,2.0,0.06382978723404255,0.05851063829787234,1.001613660089884e-05,1.6913953627598344,1.679144385026738,2.8617021276595747,11.0,8.0,1.9840425531914894,0.840093085106383,0.18085106382978725,2.7500961690874886,0.8987348840916898,0.07806814422758848,-0.07180851063829786,0.8430351983559436
mariodpo::mariodpo_nintendo_0106.txt,mariodpo,175.0,16.0,0.11035714285714286,0.005714285714285714,0.004285714285714286,0.009285714285714286,0.0007142857142857143,0.0014285714285714286,0.01,28.0,0.004285714285714286,0.00035714285714285714,0.0025,0.00035714285714285714,0.0010714285714285715,4.0,12.0,3.0,0.14285714285714285,0.06857142857142857,0.19013300379063924,2.344288503614612,1.8505747126436782,3.874285714285714,12.0,3.0,1.5542857142857143,0.8278571428571428,0.37142857142857144,4.085950020081888,1.040861397405102,0.10799289520426288,-0.14571428571428569,0.868421052631579
mariodpo::mariodpo_nintendo_0107.txt,mariodpo,154.0,16.0,0.3003246753246753,0.18019480519480519,0.006493506493506494,0.00974025974025974,0.0012175324675324675,0.003246753246753247,0.010957792207792208,27.0,0.006493506493506494,0.00487012987012987,0.0016233766233766235,0.0,0.0,2.0,14.0,3.0,0.13636363636363635,0.09090909090909091,0.0067938482625748975,1.342151256663689,0.38562091503267976,12.272727272727273,13.0,7.0,3.103896103896104,0.674512987012987,0.33766233766233766,4.410846987986416,1.5049843344098088,0.10205728116175877,-0.1416396103896104,0.8530316923463753
mariodpo::mariodpo_nintendo_0108.txt,mariodpo,170.0,16.0,0.125,0.0029411764705882353,0.0007352941176470588,0.001838235294117647,0.0003676470588235294,0.013970588235294118,0.0022058823529411764,6.0,0.008088235294117648,0.004411764705882353,0.0014705882352941176,0.0,0.0022058823529411764,3.0,10.0,3.0,0.08823529411764706,0.058823529411764705,0.006196000870582252,1.948281344010299,2.1538461538461537,3.0294117647058822,11.0,2.0,1.8235294117647058,0.8466911764705882,0.21176470588235294,2.8102981958596205,0.8730383528149381,0.08336380255941499,-0.10294117647058823,0.8399801804600047
mariodpo::mariodpo_nintendo_0109.txt,mariodpo,195.0,16.0,0.20705128205128207,0.047435897435897434,0.004166666666666667,0.00641025641025641,0.000641025641025641,0.005128205128205128,0.007051282051282051,22.0,0.00608974358974359,0.004807692307692308,0.0009615384615384616,0.0003205128205128205,0.0,3.0,11.0,2.0,0.07179487179487179,0.05641025641025641,0.09507031248568731,4.0457068271909105,0.7010309278350515,9.543589743589743,13.0,7.0,2.523076923076923,0.767948717948718,0.26153846153846155,4.2994937902300014,1.3116657762249095,0.0963317384370016,-0.07596153846153846,0.8629966887417219
mariodpo::mariodpo_nintendo_0110.txt,mariodpo,198.0,16.0,0.12342171717171717,0.0022095959595959595,0.006944444444444444,0.005997474747474747,0.0012626262626262627,0.010732323232323232,0.00726010101010101,23.0,0.005681818181818182,0.002840909090909091,0.0025252525252525255,0.0003156565656565657,0.0,3.0,15.0,3.0,0.09595959595959595,0.07575757575757576,0.0003758490016320115,1.404373364676341,1.3096446700507614,2.611111111111111,11.0,6.0,1.8888888888888888,0.8494318181818182,0.1919191919191919,2.7282557280427895,0.8587928729150104,0.07194470625196356,-0.10195707070707069,0.846268997262756
mariodpo::mariodpo_nintendo_0111.txt,mariodpo,181.0,16.0,0.10704419889502763,0.003798342541436464,0.0,0.004834254143646409,0.0003453038674033149,0.0020718232044198894,0.0051795580110497235,15.0,0.0051795580110497235,0.0024171270718232043,0.0027624309392265192,0.0,0.0,2.0,20.0,3.0,0.17679558011049723,0.11049723756906077,0.04622949497073403,2.4504621717527306,1.461111111111111,3.43646408839779,11.0,6.0,1.5469613259668509,0.8287292817679558,0.287292817679558,3.6153211327898904,1.015028421801037,0.0975609756097561,-0.1850828729281768,0.8709298161852471
mariodpo::mariodpo_nintendo_0112.txt,mariodpo,163.0,16.0,0.12960122699386503,0.004984662576687116,0.0007668711656441718,0.0011503067484662577,0.0,0.007668711656441718,0.0011503067484662577,3.0,0.006134969325153374,0.003450920245398773,0.0019171779141104294,0.0,0.0007668711656441718,3.0,13.0,1.0,0.07975460122699386,0.07975460122699386,0.01286349400671949,1.8459778994768883,1.9753086419753085,2.950920245398773,13.0,8.0,1.8895705521472392,0.8500766871165644,0.1656441717791411,2.548107153895746,0.8312399364665294,0.08234845596645063,-0.08780674846625768,0.8498368202650374
mariodpo::mariodpo_nintendo_0113.txt,mariodpo,187.0,16.0,0.13770053475935828,0.004679144385026738,0.0,0.0006684491978609625,0.0,0.017379679144385027,0.0006684491978609625,2.0,0.003676470588235294,0.001002673796791444,0.00267379679144385,0.0,0.0,2.0,16.0,3.0,0.17647058823529413,0.0855614973262032,0.0020435016246235227,2.8408478983630823,1.89247311827957,3.8128342245989306,11.0,10.0,2.0481283422459895,0.8108288770053476,0.29411764705882354,3.8753095149240266,1.1299081485481743,0.09544396408380446,-0.1875,0.8781093131754563
mariodpo::mariodpo_nintendo_0114.txt,mariodpo,181.0,16.0,0.1388121546961326,0.006560773480662983,0.0006906077348066298,0.0013812154696132596,0.0003453038674033149,0.0027624309392265192,0.0020718232044198894,6.0,0.004834254143646409,0.0024171270718232043,0.0017265193370165745,0.0006906077348066298,0.0,3.0,14.0,2.0,0.09944751381215469,0.07734806629834254,0.01986402046451141,2.3666866023692736,1.5444444444444445,3.4751381215469612,10.0,10.0,2.0718232044198897,0.8477209944751382,0.2265193370165746,3.176359769894624,0.8758997886046669,0.07729302645139127,-0.10773480662983426,0.853293041282972
mariodpo::mariodpo_nintendo_0115.txt,mariodpo,189.0,16.0,0.18386243386243387,0.06845238095238096,0.002976190476190476,0.0036375661375661374,0.00033068783068783067,0.016534391534391533,0.004298941798941799,13.0,0.006944444444444444,0.004298941798941799,0.001984126984126984,0.0006613756613756613,0.0,3.0,17.0,3.0,0.14814814814814814,0.08994708994708994,0.4917937193213181,3.049367411423853,1.351063829787234,6.423280423280423,13.0,8.0,2.195767195767196,0.7847222222222222,0.24867724867724866,4.034471946373819,1.2023237420580406,0.08456729187232642,-0.15873015873015872,0.8494922713694903
mariodpo::mariodpo_nintendo_0116.txt,mariodpo,193.0,16.0,0.11463730569948187,0.0051813471502590676,0.0,0.0045336787564766836,0.0006476683937823834,0.012953367875647668,0.005829015544041451,18.0,0.005505181347150259,0.003562176165803109,0.0016191709844559584,0.0003238341968911917,0.0,3.0,15.0,3.0,0.13989637305699482,0.07772020725388601,0.11074848441638474,2.5268358930551793,1.625,4.046632124352332,11.0,6.0,1.616580310880829,0.8205958549222798,0.3626943005181347,4.514629975388451,1.1235009757602437,0.10763776990009669,-0.14734455958549222,0.8772455089820359
mariodpo::mariodpo_nintendo_0117.txt,mariodpo,175.0,16.0,0.1375,0.002142857142857143,0.005714285714285714,0.006071428571428571,0.0017857142857142857,0.004285714285714286,0.007857142857142858,22.0,0.008571428571428572,0.0035714285714285713,0.0035714285714285713,0.00035714285714285714,0.0010714285714285715,4.0,10.0,2.0,0.06857142857142857,0.05714285714285714,0.0008495760540327968,1.559870616083424,1.471264367816092,2.8057142857142856,11.0,8.0,2.1085714285714285,0.8378571428571429,0.24571428571428572,3.264243365492725,0.9452371253761487,0.08880994671403197,-0.07500000000000001,0.8597703972918139
mariodpo::mariodpo_nintendo_0118.txt,mariodpo,157.0,16.0,0.16520700636942676,0.00875796178343949,0.0035828025477707007,0.0031847133757961785,0.0007961783439490446,0.007165605095541401,0.003980891719745223,10.0,0.005573248407643312,0.0019904458598726115,0.002786624203821656,0.0,0.0007961783439490446,3.0,13.0,3.0,0.09554140127388536,0.08280254777070063,0.0009805613786358913,2.771573298062934,2.0256410256410255,3.7070063694267517,11.0,10.0,2.426751592356688,0.8132961783439491,0.24203821656050956,3.3784471756304484,1.0622356357803229,0.09418282548476455,-0.10668789808917198,0.8481252055232222
mariodpo::mariodpo_nintendo_0119.txt,mariodpo,183.0,16.0,0.14310109289617487,0.0047814207650273225,0.0017076502732240437,0.0030737704918032786,0.0010245901639344263,0.004098360655737705,0.004098360655737705,12.0,0.007855191256830601,0.0030737704918032786,0.00273224043715847,0.0,0.0020491803278688526,3.0,12.0,3.0,0.08743169398907104,0.06557377049180328,0.015948434218124086,1.8570409203829392,1.4945054945054945,3.0437158469945356,11.0,10.0,2.1366120218579234,0.8367486338797814,0.20218579234972678,3.0549885853114502,0.9336637689024699,0.0856269113149847,-0.09938524590163933,0.8460349091514645
mariodpo::mariodpo_nintendo_0120.txt,mariodpo,153.0,16.0,0.14787581699346405,0.0024509803921568627,0.0024509803921568627,0.004901960784313725,0.0,0.014705882352941176,0.0053104575163398695,13.0,0.00857843137254902,0.0024509803921568627,0.0016339869281045752,0.0028594771241830064,0.0016339869281045752,4.0,12.0,2.0,0.0915032679738562,0.0784313725490196,0.0023276826133322714,1.550266930009539,1.3026315789473684,2.738562091503268,11.0,10.0,2.281045751633987,0.8190359477124183,0.27450980392156865,3.2091986969735227,1.0519601654728432,0.09541209906617945,-0.10130718954248366,0.8532785565064968
mariodpo::mariodpo_nintendo_0121.txt,mariodpo,184.0,16.0,0.13485054347826086,0.005434782608695652,0.005095108695652174,0.004755434782608696,0.00033967391304347825,0.006793478260869565,0.005095108695652174,15.0,0.00577445652173913,0.0033967391304347825,0.002377717391304348,0.0,0.0,2.0,15.0,1.0,0.08152173913043478,0.08152173913043478,0.09511592555040826,1.8445543396599364,1.8469945355191257,3.0597826086956523,11.0,6.0,1.9728260869565217,0.842391304347826,0.21195652173913043,2.954967205168666,0.9006258088388512,0.07975667455221358,-0.08491847826086957,0.8368451689877235
mariodpo::mariodpo_nintendo_0122.txt,mariodpo,156.0,16.0,0.1310096153846154,0.007612179487179487,0.00040064102564102563,0.004006410256410256,0.00040064102564102563,0.004807692307692308,0.004407051282051282,11.0,0.004407051282051282,0.003205128205128205,0.00040064102564102563,0.0008012820512820513,0.0,3.0,10.0,3.0,0.10256410256410256,0.0641025641025641,0.1127859465871579,2.236725356008282,1.729032258064516,3.6474358974358974,11.0,8.0,1.935897435897436,0.8389423076923077,0.30128205128205127,3.79246450977179,0.9824854617767698,0.10075667064914377,-0.11217948717948717,0.8480944577245082
mariodpo::mariodpo_nintendo_0123.txt,mariodpo,151.0,16.0,0.13493377483443708,0.005380794701986755,0.0020695364238410598,0.0016556291390728477,0.0008278145695364238,0.0024834437086092716,0.0024834437086092716,6.0,0.005380794701986755,0.0004139072847682119,0.004552980132450331,0.0004139072847682119,0.0,3.0,17.0,3.0,0.13245033112582782,0.11258278145695365,0.01805890845748004,2.1487214549685034,2.4133333333333336,3.0728476821192054,11.0,10.0,1.9801324503311257,0.8501655629139073,0.23178807947019867,2.8177996439558233,0.8673325426499124,0.08967503085150144,-0.14528145695364236,0.851081554592247
mariodpo::mariodpo_nintendo_0124.txt,mariodpo,161.0,16.0,0.12888198757763975,0.007375776397515528,0.00038819875776397513,0.006987577639751553,0.00038819875776397513,0.0,0.007375776397515528,19.0,0.007763975155279503,0.0038819875776397515,0.0011645962732919255,0.0011645962732919255,0.0015527950310559005,4.0,15.0,3.0,0.19875776397515527,0.09316770186335403,0.0366037644210756,2.582119674166663,2.0875,3.5652173913043477,11.0,10.0,1.8881987577639752,0.8377329192546584,0.3167701863354037,4.066438284403688,1.00590762019849,0.1080663836356619,-0.20846273291925463,0.860865617433414
mariodpo::mariodpo_nintendo_0125.txt,mariodpo,164.0,16.0,0.15967987804878048,0.053353658536585365,0.0,0.0026676829268292685,0.0007621951219512195,0.006097560975609756,0.003429878048780488,9.0,0.005716463414634146,0.003048780487804878,0.0026676829268292685,0.0,0.0,2.0,19.0,3.0,0.17682926829268292,0.11585365853658537,0.42584414383100044,3.0312567579717937,1.3987730061349692,8.274390243902438,13.0,8.0,1.920731707317073,0.8197408536585366,0.25609756097560976,4.0276648941436,1.0259964696091004,0.0894278135657446,-0.18826219512195122,0.853131725111488
mariodpo::mariodpo_nintendo_0126.txt,mariodpo,197.0,16.0,0.11960659898477158,0.0038071065989847717,0.002220812182741117,0.006345177664974619,0.0012690355329949238,0.008883248730964468,0.007614213197969543,24.0,0.006979695431472081,0.0015862944162436548,0.0028553299492385786,0.0006345177664974619,0.0019035532994923859,4.0,16.0,3.0,0.16243654822335024,0.08121827411167512,0.07389160888695101,2.6799736744116363,2.086734693877551,4.040609137055838,12.0,6.0,1.6802030456852792,0.8086928934010152,0.38071065989847713,4.585311138801153,1.1548686855225232,0.11904010104199558,-0.16941624365482233,0.8922413793103449
mariodpo::mariodpo_nintendo_0127.txt,mariodpo,166.0,16.0,0.12048192771084337,0.0015060240963855422,0.0007530120481927711,0.0026355421686746986,0.00037650602409638556,0.00677710843373494,0.0030120481927710845,8.0,0.007906626506024096,0.004141566265060241,0.0037650602409638554,0.0,0.0,2.0,13.0,3.0,0.1144578313253012,0.0783132530120482,0.01959687490175266,1.6340961856226581,1.8909090909090909,2.7409638554216866,11.0,4.0,1.8012048192771084,0.8569277108433735,0.1566265060240964,2.6857559218546276,0.813376851353536,0.08348932983901161,-0.12838855421686746,0.844948094667843
mariodpo::mariodpo_nintendo_0128.txt,mariodpo,200.0,16.0,0.1340625,0.0046875,0.001875,0.00375,0.0003125,0.00875,0.0040625,13.0,0.0059375,0.001875,0.0034375,0.000625,0.0,3.0,15.0,3.0,0.095,0.075,0.008230046011479919,1.9320863496587415,1.4673366834170853,3.005,11.0,10.0,2.01,0.84375,0.175,3.068432033183194,0.8971064363558822,0.07744945567651633,-0.104375,0.8492571796265178
mariodpo::mariodpo_nintendo_0129.txt,mariodpo,200.0,16.0,0.121875,0.0021875,0.0,0.0046875,0.0003125,0.003125,0.005,16.0,0.0053125,0.00125,0.0028125,0.000625,0.000625,4.0,16.0,3.0,0.145,0.08,0.16865990921218232,2.1507288682217056,1.984924623115578,3.395,11.0,6.0,1.73,0.8403125,0.215,3.3967795096746154,0.9665230555626947,0.08087091757387248,-0.1528125,0.8532834871164294
mariodpo::mariodpo_nintendo_0130.txt,mariodpo,172.0,16.0,0.11918604651162791,0.003633720930232558,0.0003633720930232558,0.001816860465116279,0.0003633720930232558,0.002180232558139535,0.002180232558139535,6.0,0.004723837209302325,0.002543604651162791,0.002180232558139535,0.0,0.0,2.0,15.0,3.0,0.13372093023255813,0.0872093023255814,0.028031570685594365,2.087632614707331,1.6432748538011697,3.116279069767442,11.0,6.0,1.744186046511628,0.8517441860465116,0.21511627906976744,3.0465590146788735,0.8667224193062522,0.08565233104445248,-0.14498546511627905,0.8442703005207665
mariodpo::mariodpo_nintendo_0131.txt,mariodpo,170.0,16.0,0.13823529411764707,0.009926470588235294,0.0029411764705882353,0.0033088235294117647,0.0011029411764705882,0.01764705882352941,0.004411764705882353,12.0,0.004779411764705883,0.0014705882352941176,0.0022058823529411764,0.0003676470588235294,0.0007352941176470588,4.0,11.0,2.0,0.08823529411764706,0.06470588235294118,0.02883446090856623,2.496277868356935,2.171597633136095,3.4647058823529413,13.0,8.0,1.9588235294117646,0.830514705882353,0.2647058823529412,3.33843181985005,0.9947986083949819,0.09689213893967093,-0.09448529411764706,0.8454639146659705
mariodpo::mariodpo_nintendo_0132.txt,mariodpo,150.0,16.0,0.13125,0.0075,0.0020833333333333333,0.005833333333333334,0.0008333333333333334,0.0,0.007083333333333333,17.0,0.005416666666666667,0.0016666666666666668,0.0020833333333333333,0.0016666666666666668,0.0,3.0,12.0,2.0,0.11333333333333333,0.08,0.011123761897834372,2.756309106083727,2.3557046979865772,4.206666666666667,13.0,12.0,1.8533333333333333,0.8175,0.38,4.5386559547921905,1.0970284603321014,0.11718426501035197,-0.11833333333333333,0.8687773252680122
mariodpo::mariodpo_nintendo_0133.txt,mariodpo,178.0,16.0,0.13132022471910113,0.016151685393258428,0.0,0.004564606741573034,0.0,0.007022471910112359,0.004564606741573034,13.0,0.0049157303370786515,0.0031601123595505617,0.0017556179775280898,0.0,0.0,2.0,16.0,3.0,0.16853932584269662,0.0898876404494382,0.018180691737632926,3.4383312911239376,1.3672316384180792,4.48876404494382,13.0,10.0,1.8651685393258426,0.829002808988764,0.30337078651685395,4.133672257520534,1.05913306685166,0.09605309116311561,-0.17731741573033707,0.8399691833590138
mariodpo::mariodpo_nintendo_0134.txt,mariodpo,151.0,16.0,0.13658940397350994,0.004552980132450331,0.0016556291390728477,0.0024834437086092716,0.0004139072847682119,0.008278145695364239,0.0028973509933774835,7.0,0.005794701986754967,0.0020695364238410598,0.0024834437086092716,0.0,0.0012417218543046358,3.0,16.0,2.0,0.1390728476821192,0.10596026490066225,0.012997661297710406,2.6937125103007946,2.32,3.6887417218543046,11.0,10.0,1.9933774834437086,0.8269867549668874,0.33112582781456956,3.7097673307359096,1.0394559798742036,0.1048951048951049,-0.14859271523178808,0.8612213124593108
mariodpo::mariodpo_nintendo_0135.txt,mariodpo,163.0,16.0,0.14493865030674846,0.009969325153374233,0.0007668711656441718,0.0007668711656441718,0.0003834355828220859,0.003834355828220859,0.0011503067484662577,3.0,0.00651840490797546,0.004601226993865031,0.0011503067484662577,0.0007668711656441718,0.0,3.0,10.0,3.0,0.08588957055214724,0.06134969325153374,0.0044443274344093675,2.1018612783139385,1.4012345679012346,3.226993865030675,13.0,8.0,2.1165644171779143,0.838957055214724,0.25766871165644173,3.186891495499075,0.919099797674213,0.0880670987418986,-0.10046012269938652,0.8454000829093613
mariodpo::mariodpo_nintendo_0136.txt,mariodpo,157.0,16.0,0.12300955414012739,0.0011942675159235668,0.0011942675159235668,0.003980891719745223,0.0003980891719745223,0.007165605095541401,0.004378980891719745,11.0,0.005971337579617835,0.0011942675159235668,0.0015923566878980893,0.0003980891719745223,0.002786624203821656,4.0,8.0,2.0,0.06369426751592357,0.050955414012738856,0.06082786374246463,1.6707461562676889,1.4807692307692308,3.0,11.0,3.0,1.8089171974522293,0.8359872611464968,0.24203821656050956,2.924108315292864,0.9476810696786,0.09339137316976652,-0.07165605095541401,0.8566560921426395
mariodpo::mariodpo_nintendo_0137.txt,mariodpo,162.0,16.0,0.16782407407407407,0.05246913580246913,0.005015432098765432,0.004629629629629629,0.0011574074074074073,0.02854938271604938,0.005787037037037037,15.0,0.010030864197530864,0.005401234567901234,0.003472222222222222,0.00038580246913580245,0.0007716049382716049,4.0,17.0,2.0,0.11728395061728394,0.10493827160493827,0.5483525782615477,2.779332467624654,0.6273291925465838,9.450617283950617,13.0,5.0,1.9197530864197532,0.783179012345679,0.2654320987654321,4.049604570383504,1.2347253387436743,0.09551208285385501,-0.1277006172839506,0.8494135491567314
mariodpo::mariodpo_nintendo_0138.txt,mariodpo,159.0,16.0,0.15212264150943397,0.0,0.0,0.0,0.0,0.002751572327044025,0.0,0.0,0.007861635220125786,0.0031446540880503146,0.003537735849056604,0.00039308176100628933,0.0007861635220125787,4.0,15.0,3.0,0.11949685534591195,0.09433962264150944,0.014763008760411478,2.103470009748653,1.9113924050632911,3.0943396226415096,11.0,10.0,2.352201257861635,0.8321540880503144,0.20754716981132076,2.8635630705340422,0.9282662859429227,0.08597108245408362,-0.13679245283018868,0.8663544608466823
mariodpo::mariodpo_nintendo_0139.txt,mariodpo,187.0,16.0,0.20086898395721925,0.09491978609625669,0.001002673796791444,0.008021390374331552,0.0016711229946524064,0.0213903743315508,0.009692513368983958,29.0,0.0066844919786096255,0.00267379679144385,0.004010695187165776,0.0,0.0,2.0,15.0,3.0,0.11764705882352941,0.08021390374331551,0.5267876933849002,2.6864863325459774,1.0698924731182795,9.04812834224599,13.0,8.0,2.128342245989305,0.7483288770053476,0.3582887700534759,5.1406642535166895,1.3832596937779857,0.11040904556035916,-0.12266042780748664,0.8836596385542168
mariodpo::mariodpo_nintendo_0140.txt,mariodpo,178.0,16.0,0.16081460674157302,0.0049157303370786515,0.0017556179775280898,0.002106741573033708,0.00035112359550561797,0.0035112359550561797,0.0024578651685393258,7.0,0.007022471910112359,0.0028089887640449437,0.002106741573033708,0.002106741573033708,0.0,3.0,14.0,3.0,0.10674157303370786,0.07865168539325842,0.01602622976658108,2.2643396887699416,2.305084745762712,3.4101123595505616,11.0,10.0,2.432584269662921,0.8223314606741573,0.24719101123595505,3.6426431155995256,1.0064856293377433,0.09605309116311561,-0.11973314606741572,0.8545069337442219
mariodpo::mariodpo_nintendo_0141.txt,mariodpo,156.0,16.0,0.14342948717948717,0.005608974358974359,0.0,0.002403846153846154,0.00040064102564102563,0.002403846153846154,0.0028044871794871795,7.0,0.004807692307692308,0.002003205128205128,0.002403846153846154,0.00040064102564102563,0.0,3.0,17.0,3.0,0.16666666666666666,0.10897435897435898,0.049923739291449665,2.7297159268899875,1.4322580645161291,3.8141025641025643,11.0,10.0,2.128205128205128,0.8072916666666666,0.28846153846153844,3.6867312334311393,1.1330399173295924,0.1003584229390681,-0.17828525641025642,0.8697277530462346
mariodpo::mariodpo_nintendo_0142.txt,mariodpo,167.0,16.0,0.11901197604790419,0.0014970059880239522,0.0007485029940119761,0.0018712574850299401,0.001122754491017964,0.005988023952095809,0.0029940119760479044,8.0,0.0037425149700598802,0.0018712574850299401,0.0018712574850299401,0.0,0.0,2.0,13.0,3.0,0.1377245508982036,0.07784431137724551,0.0014065928023204721,1.7926768516621925,1.8433734939759037,2.7425149700598803,11.0,6.0,1.7425149700598803,0.8641467065868264,0.15568862275449102,2.5797841241359585,0.7578179363391695,0.07927056196501675,-0.14745508982035926,0.850498627148979
mariodpo::mariodpo_nintendo_0143.txt,mariodpo,157.0,16.0,0.13415605095541402,0.0019904458598726115,0.004777070063694267,0.004378980891719745,0.0003980891719745223,0.0,0.004777070063694267,12.0,0.005573248407643312,0.0035828025477707007,0.0015923566878980893,0.0003980891719745223,0.0,3.0,13.0,3.0,0.12101910828025478,0.08280254777070063,0.00014956556628009654,1.5090835407011223,1.2820512820512822,2.624203821656051,10.0,10.0,2.070063694267516,0.8507165605095541,0.1910828025477707,2.5930440267773935,0.8353856043577272,0.08072813612979818,-0.13136942675159236,0.8486855951822209
mariodpo::mariodpo_nintendo_0144.txt,mariodpo,171.0,16.0,0.13815789473684212,0.009137426900584795,0.0,0.0003654970760233918,0.0003654970760233918,0.019005847953216373,0.0007309941520467836,2.0,0.005847953216374269,0.003289473684210526,0.0025584795321637425,0.0,0.0,2.0,5.0,2.0,0.03508771929824561,0.029239766081871343,0.005313182507713843,2.6638787591453656,1.9529411764705882,3.7017543859649122,11.0,4.0,1.9298245614035088,0.8318713450292398,0.1871345029239766,3.025525075166654,0.9405566885904764,0.08215194474736459,-0.046052631578947366,0.8456833474324233
mariodpo::mariodpo_nintendo_0145.txt,mariodpo,172.0,16.0,0.12899709302325582,0.007267441860465116,0.0010901162790697674,0.0007267441860465116,0.0007267441860465116,0.005813953488372093,0.0014534883720930232,4.0,0.0061773255813953485,0.005450581395348837,0.0007267441860465116,0.0,0.0,2.0,14.0,2.0,0.0872093023255814,0.08139534883720931,0.0020070005567092153,1.968104489066494,2.216374269005848,3.0348837209302326,13.0,8.0,1.8895348837209303,0.8521075581395349,0.18604651162790697,2.6485674562983124,0.8288220983020185,0.07806288398988073,-0.09774709302325581,0.8526829245743186
mariodpo::mariodpo_nintendo_0146.txt,mariodpo,200.0,16.0,0.1496875,0.0025,0.0028125,0.0028125,0.000625,0.001875,0.00375,12.0,0.009375,0.00625,0.0025,0.0,0.000625,3.0,13.0,1.0,0.065,0.065,0.00856523089640282,2.029524938123453,1.7185929648241205,3.15,10.0,10.0,2.26,0.831875,0.2,3.0107484797387336,0.9416804206033906,0.07713841368584759,-0.073125,0.8467399366360798
mariodpo::mariodpo_nintendo_0147.txt,mariodpo,180.0,16.0,0.12118055555555556,0.004166666666666667,0.0,0.0020833333333333333,0.0,0.0,0.0020833333333333333,6.0,0.008680555555555556,0.005902777777777778,0.0020833333333333333,0.0,0.0006944444444444445,3.0,12.0,3.0,0.11666666666666667,0.06666666666666667,0.036320363804406175,2.4786398985794027,1.553072625698324,3.533333333333333,13.0,8.0,1.75,0.8256944444444444,0.2,3.1287059832274426,0.9794151698026974,0.08911917098445596,-0.13159722222222223,0.8623785949080619
mariodpo::mariodpo_nintendo_0148.txt,mariodpo,154.0,16.0,0.12946428571428573,0.010551948051948052,0.00040584415584415587,0.005275974025974026,0.0008116883116883117,0.00487012987012987,0.006493506493506494,16.0,0.002029220779220779,0.0012175324675324675,0.0008116883116883117,0.0,0.0,2.0,8.0,3.0,0.07792207792207792,0.05194805194805195,0.20140045623580294,2.154435114488344,1.4313725490196079,4.2272727272727275,13.0,8.0,1.8311688311688312,0.830762987012987,0.3961038961038961,4.440366291819182,1.0606093174334639,0.11012505042355789,-0.08319805194805195,0.860671111665005
mariodpo::mariodpo_nintendo_0149.txt,mariodpo,198.0,16.0,0.12215909090909091,0.00726010101010101,0.005366161616161616,0.006313131313131313,0.000946969696969697,0.006944444444444444,0.00726010101010101,23.0,0.006944444444444444,0.004734848484848485,0.0022095959595959595,0.0,0.0,2.0,20.0,3.0,0.13131313131313133,0.10101010101010101,0.09669420166181542,2.3630603133416384,1.6598984771573604,3.474747474747475,11.0,6.0,1.7373737373737375,0.8137626262626263,0.23232323232323232,3.3793557354959267,1.101633363012498,0.09048067860508954,-0.13857323232323232,0.8624014241996234
mariodpo::mariodpo_nintendo_0150.txt,mariodpo,173.0,16.0,0.2792630057803468,0.16257225433526012,0.0036127167630057803,0.007947976878612716,0.001083815028901734,0.004335260115606936,0.009031791907514452,25.0,0.0072254335260115606,0.004696531791907515,0.0025289017341040463,0.0,0.0,2.0,12.0,3.0,0.11560693641618497,0.06936416184971098,0.3234486002716337,2.7046569958953643,0.313953488372093,11.034682080924856,13.0,8.0,2.9248554913294798,0.6958092485549133,0.3236994219653179,4.523676266667278,1.4159217284202523,0.09917355371900827,-0.12247109826589594,0.8483787767133383
mariodpo::mariodpo_nintendo_0151.txt,mariodpo,185.0,16.0,0.17060810810810811,0.013513513513513514,0.0006756756756756757,0.0030405405405405407,0.00033783783783783786,0.010135135135135136,0.004054054054054054,12.0,0.0033783783783783786,0.00033783783783783786,0.002364864864864865,0.0006756756756756757,0.0,3.0,12.0,3.0,0.0918918918918919,0.06486486486486487,0.004583104370559421,2.9799636716432896,2.1793478260869565,4.356756756756757,13.0,10.0,2.4864864864864864,0.7929054054054054,0.31891891891891894,4.274486956199338,1.2094697597331816,0.10890756302521008,-0.09932432432432434,0.8873456790123457
mariodpo::mariodpo_nintendo_0152.txt,mariodpo,188.0,16.0,0.12632978723404256,0.009308510638297872,0.0003324468085106383,0.0016622340425531915,0.0003324468085106383,0.005984042553191489,0.0019946808510638296,6.0,0.004986702127659575,0.002327127659574468,0.002327127659574468,0.0003324468085106383,0.0,3.0,13.0,3.0,0.10106382978723404,0.06914893617021277,0.12108505432474259,2.289673192623689,1.7219251336898396,3.5372340425531914,12.0,6.0,1.7819148936170213,0.8430851063829787,0.2393617021276596,3.3393912824471075,0.934686602948265,0.0886536553092954,-0.1120345744680851,0.8573314571211738
mariodpo::mariodpo_nintendo_0153.txt,mariodpo,188.0,16.0,0.13131648936170212,0.0016622340425531915,0.0019946808510638296,0.002327127659574468,0.0006648936170212766,0.0019946808510638296,0.003324468085106383,10.0,0.006981382978723404,0.003324468085106383,0.0029920212765957447,0.0006648936170212766,0.0,3.0,7.0,3.0,0.047872340425531915,0.03723404255319149,0.025277383811611376,1.263097525386823,1.2620320855614973,2.654255319148936,11.0,6.0,1.9840425531914894,0.852061170212766,0.18617021276595744,2.33483253438899,0.8102306536403109,0.0724445914654317,-0.05950797872340425,0.8472975502218909
mariodpo::mariodpo_nintendo_0154.txt,mariodpo,191.0,16.0,0.14397905759162305,0.001963350785340314,0.0013089005235602095,0.0016361256544502618,0.0003272251308900524,0.008507853403141362,0.0022905759162303663,7.0,0.005235602094240838,0.0022905759162303663,0.002617801047120419,0.0003272251308900524,0.0,3.0,13.0,3.0,0.10471204188481675,0.06806282722513089,0.004564693893337801,2.0969472212644216,1.7157894736842105,3.261780104712042,11.0,8.0,2.1780104712041886,0.8344240837696335,0.25654450261780104,3.49875162198475,0.9594423708622308,0.09182676652556171,-0.11551047120418848,0.8448701767039307
mariodpo::mariodpo_nintendo_0155.txt,mariodpo,184.0,16.0,0.11311141304347826,0.009171195652173914,0.00033967391304347825,0.006453804347826087,0.0,0.0033967391304347825,0.006453804347826087,19.0,0.005095108695652174,0.0016983695652173913,0.0033967391304347825,0.0,0.0,2.0,15.0,3.0,0.15217391304347827,0.08152173913043478,0.12817755965642996,2.8444302769874525,2.2950819672131146,4.744565217391305,12.0,2.0,1.434782608695652,0.8165760869565217,0.30434782608695654,4.507278700386531,1.0976003510633952,0.10273741128759716,-0.15896739130434784,0.8758223684210527
mariodpo::mariodpo_nintendo_0156.txt,mariodpo,153.0,16.0,0.12418300653594772,0.005718954248366013,0.0024509803921568627,0.003676470588235294,0.0012254901960784314,0.0032679738562091504,0.004901960784313725,12.0,0.006944444444444444,0.0028594771241830064,0.002042483660130719,0.0008169934640522876,0.0012254901960784314,4.0,9.0,2.0,0.08496732026143791,0.058823529411764705,0.006773577078486137,2.3557003666880436,1.618421052631579,3.281045751633987,13.0,5.0,1.8366013071895424,0.8558006535947712,0.21568627450980393,2.768857591926803,0.8245120664319147,0.08160779537149818,-0.09354575163398694,0.8685576231709679
mariodpo::mariodpo_nintendo_0157.txt,mariodpo,172.0,16.0,0.30886627906976744,0.17841569767441862,0.00436046511627907,0.005087209302325582,0.0003633720930232558,0.01308139534883721,0.005450581395348837,15.0,0.0061773255813953485,0.003997093023255814,0.002180232558139535,0.0,0.0,2.0,9.0,3.0,0.09302325581395349,0.05232558139534884,0.10145937971670982,1.8445078588047197,0.26900584795321636,11.813953488372093,13.0,6.0,3.1686046511627906,0.6624273255813954,0.3081395348837209,4.440553627677801,1.5522577451963264,0.09685580050596314,-0.10247093023255814,0.8541092208449279
mariodpo::mariodpo_nintendo_0158.txt,mariodpo,152.0,16.0,0.10485197368421052,0.003700657894736842,0.0,0.0024671052631578946,0.0,0.018092105263157895,0.0028782894736842104,7.0,0.0069901315789473685,0.004111842105263158,0.0028782894736842104,0.0,0.0,2.0,18.0,3.0,0.21710526315789475,0.11842105263157894,0.02356999102206736,2.916387828360601,1.4834437086092715,3.723684210526316,11.0,4.0,1.5328947368421053,0.803453947368421,0.27631578947368424,3.840998577669022,1.1548804793607244,0.09521863506334287,-0.2310855263157895,0.8543729187217086
mariodpo::mariodpo_nintendo_0159.txt,mariodpo,154.0,16.0,0.13230519480519481,0.00487012987012987,0.0008116883116883117,0.002029220779220779,0.0,0.0,0.002435064935064935,6.0,0.008928571428571428,0.0036525974025974025,0.002840909090909091,0.00040584415584415587,0.002029220779220779,4.0,11.0,2.0,0.07792207792207792,0.07142857142857142,0.03854641635817102,1.529356397317658,1.4248366013071896,2.772727272727273,11.0,8.0,1.9805194805194806,0.8510551948051948,0.2077922077922078,2.5560018285379926,0.8420842796509713,0.09035901573215006,-0.09090909090909091,0.839243087891596
mariodpo::mariodpo_nintendo_0160.txt,mariodpo,198.0,16.0,0.13257575757575757,0.002840909090909091,0.0,0.0012626262626262627,0.0006313131313131314,0.008838383838383838,0.0022095959595959595,7.0,0.005997474747474747,0.003472222222222222,0.0025252525252525255,0.0,0.0,2.0,12.0,3.0,0.09090909090909091,0.06060606060606061,0.001973507408743913,1.7907278079451052,1.16751269035533,2.95959595959596,11.0,8.0,2.005050505050505,0.8469065656565656,0.20707070707070707,3.0507688594757303,0.8721958959581941,0.07917059377945335,-0.10227272727272729,0.8588200342226893
mariodpo::mariodpo_nintendo_0161.txt,mariodpo,155.0,16.0,0.13185483870967743,0.00564516129032258,0.004838709677419355,0.004032258064516129,0.0016129032258064516,0.010483870967741936,0.00564516129032258,14.0,0.004838709677419355,0.0020161290322580645,0.0020161290322580645,0.0008064516129032258,0.0,3.0,14.0,3.0,0.12258064516129032,0.09032258064516129,0.011980342118989795,2.3919633748145714,1.7207792207792207,3.412903225806452,11.0,9.0,1.929032258064516,0.8423387096774193,0.2967741935483871,3.571357900714146,0.9369637251854317,0.08897795591182364,-0.1314516129032258,0.8497884095134789
mariodpo::mariodpo_nintendo_0162.txt,mariodpo,175.0,16.0,0.13392857142857142,0.016428571428571428,0.0014285714285714286,0.0014285714285714286,0.00035714285714285714,0.010714285714285714,0.002142857142857143,6.0,0.005,0.002142857142857143,0.002142857142857143,0.0007142857142857143,0.0,3.0,12.0,3.0,0.10857142857142857,0.06857142857142857,0.16456713611284957,3.075051474633741,1.4885057471264367,4.36,13.0,8.0,1.9142857142857144,0.8389285714285715,0.26285714285714284,3.6124772836206036,0.9682727315509592,0.0891651865008881,-0.12000000000000001,0.8422563176542933
mariodpo::mariodpo_nintendo_0163.txt,mariodpo,177.0,16.0,0.1285310734463277,0.01059322033898305,0.00035310734463276836,0.003884180790960452,0.0007062146892655367,0.0035310734463276836,0.0049435028248587575,14.0,0.007062146892655367,0.0031779661016949155,0.0024717514124293787,0.0,0.0014124293785310734,3.0,13.0,3.0,0.11299435028248588,0.07344632768361582,0.007237681656191652,2.5481721289275296,2.1420454545454546,3.5875706214689265,13.0,8.0,1.8192090395480225,0.846045197740113,0.2824858757062147,3.6018964544381173,0.9312064286636347,0.09378292939936776,-0.12358757062146894,0.8545122061564203
mariodpo::mariodpo_nintendo_0164.txt,mariodpo,150.0,16.0,0.13416666666666666,0.0033333333333333335,0.00125,0.0020833333333333333,0.0,0.0,0.0020833333333333333,5.0,0.005833333333333334,0.00375,0.0020833333333333333,0.0,0.0,2.0,12.0,3.0,0.10666666666666667,0.08,0.00028365954963449624,1.901681532512556,2.0,2.94,11.0,6.0,1.9866666666666666,0.8533333333333334,0.19333333333333333,2.618194544346108,0.8182153904186451,0.08612836438923395,-0.12041666666666666,0.8467020092704189
mariodpo::mariodpo_nintendo_0165.txt,mariodpo,182.0,16.0,0.14354395604395603,0.02403846153846154,0.004120879120879121,0.005494505494505495,0.00034340659340659343,0.014423076923076924,0.005837912087912088,17.0,0.0030906593406593405,0.0013736263736263737,0.0010302197802197802,0.0006868131868131869,0.0,3.0,15.0,2.0,0.0989010989010989,0.08241758241758242,0.22376929095911902,3.7002489792221573,1.292817679558011,5.857142857142857,13.0,6.0,1.8516483516483517,0.8258928571428571,0.3241758241758242,4.006378292714187,1.0351577017665656,0.0908780321147933,-0.10164835164835165,0.8481418513778199
mariodpo::mariodpo_nintendo_0166.txt,mariodpo,167.0,16.0,0.13510479041916168,0.008233532934131737,0.0,0.0018712574850299401,0.0007485029940119761,0.006736526946107785,0.002619760479041916,7.0,0.007110778443113772,0.002245508982035928,0.004491017964071856,0.00037425149700598805,0.0,3.0,11.0,2.0,0.08982035928143713,0.0658682634730539,0.029997947861977625,2.4591186390552813,1.9518072289156627,3.6706586826347305,11.0,7.0,1.9281437125748504,0.8308383233532934,0.281437125748503,3.489953744700965,0.9996084847792631,0.09490137700037216,-0.10029940119760479,0.8538812849554973
mariodpo::mariodpo_nintendo_0167.txt,mariodpo,185.0,16.0,0.14966216216216216,0.0010135135135135136,0.00033783783783783786,0.0010135135135135136,0.00033783783783783786,0.0,0.0013513513513513514,4.0,0.006418918918918919,0.002364864864864865,0.0033783783783783786,0.0006756756756756757,0.0,3.0,17.0,3.0,0.12972972972972974,0.0918918918918919,0.016413918033540198,2.0860741299276606,1.815217391304348,3.135135135135135,11.0,10.0,2.281081081081081,0.8385135135135136,0.24324324324324326,3.341656736790621,0.8994166153056941,0.08336134453781513,-0.14290540540540542,0.8502836847933236
mariodpo::mariodpo_nintendo_0168.txt,mariodpo,174.0,16.0,0.1235632183908046,0.0028735632183908046,0.00610632183908046,0.00610632183908046,0.0007183908045977011,0.0014367816091954023,0.006824712643678161,19.0,0.00646551724137931,0.0028735632183908046,0.0028735632183908046,0.0007183908045977011,0.0,3.0,10.0,1.0,0.05747126436781609,0.05747126436781609,0.016475199647357774,1.3595499570753362,1.2485549132947977,2.6954022988505746,11.0,2.0,1.8908045977011494,0.8573994252873564,0.1839080459770115,2.311529866593958,0.7816798589176257,0.07431225437656305,-0.05998563218390804,0.8595556924872602
mariodpo::mariodpo_nintendo_0169.txt,mariodpo,186.0,16.0,0.1461693548387097,0.006720430107526882,0.0010080645161290322,0.0013440860215053765,0.0006720430107526882,0.0020161290322580645,0.0023521505376344087,7.0,0.006384408602150538,0.0030241935483870967,0.003360215053763441,0.0,0.0,2.0,10.0,2.0,0.07526881720430108,0.053763440860215055,0.004890922684632981,2.2590692547232916,1.8486486486486486,3.4086021505376345,11.0,8.0,2.1236559139784945,0.8387096774193549,0.21505376344086022,3.2778463865824294,0.9242135804215854,0.08692744901370779,-0.0846774193548387,0.8319482105152913
mariodpo::mariodpo_nintendo_0170.txt,mariodpo,175.0,16.0,0.13428571428571429,0.0,0.0,0.0014285714285714286,0.0,0.012142857142857143,0.0014285714285714286,4.0,0.004642857142857143,0.0014285714285714286,0.0025,0.0007142857142857143,0.0,3.0,13.0,3.0,0.10285714285714286,0.07428571428571429,0.04731130633658609,1.6484816070628878,1.7816091954022988,2.782857142857143,11.0,10.0,2.045714285714286,0.8435714285714285,0.17142857142857143,2.57748477411262,0.8710462299248931,0.07531083481349911,-0.11464285714285714,0.8539549258849312
mariodpo::mariodpo_nintendo_0171.txt,mariodpo,159.0,16.0,0.13089622641509435,0.002751572327044025,0.0,0.0,0.0011792452830188679,0.00550314465408805,0.0015723270440251573,4.0,0.009040880503144654,0.005110062893081761,0.0023584905660377358,0.00039308176100628933,0.0011792452830188679,4.0,11.0,2.0,0.07547169811320754,0.06918238993710692,0.06848656271171083,2.225381496786249,2.0759493670886076,3.69811320754717,11.0,6.0,1.9056603773584906,0.8486635220125787,0.2578616352201258,3.5856142579804633,0.8936919013758038,0.08909730363423213,-0.08922955974842767,0.8502286991944045
mariodpo::mariodpo_nintendo_0172.txt,mariodpo,183.0,16.0,0.14002732240437157,0.004098360655737705,0.0010245901639344263,0.0010245901639344263,0.0006830601092896175,0.0020491803278688526,0.0020491803278688526,6.0,0.006147540983606557,0.00273224043715847,0.0017076502732240437,0.0017076502732240437,0.0,3.0,14.0,3.0,0.10382513661202186,0.07650273224043716,0.12103957497301188,2.064740335828052,1.8186813186813187,3.4098360655737703,11.0,10.0,2.060109289617486,0.8398224043715847,0.2568306010928962,3.2494476507106183,0.936413628438268,0.0944614339109752,-0.11612021857923498,0.8634983538592854
mariodpo::mariodpo_nintendo_0173.txt,mariodpo,152.0,16.0,0.11800986842105263,0.003700657894736842,0.001644736842105263,0.0012335526315789473,0.00041118421052631577,0.0,0.001644736842105263,4.0,0.0078125,0.004934210526315789,0.0024671052631578946,0.00041118421052631577,0.0,3.0,15.0,3.0,0.125,0.09868421052631579,0.0015397305954635288,1.860822725652423,1.7086092715231789,2.888157894736842,11.0,3.0,1.763157894736842,0.8675986842105263,0.17105263157894737,2.4504690317918487,0.7289895122608574,0.07396812423375562,-0.14103618421052633,0.869396441192617
mariodpo::mariodpo_nintendo_0174.txt,mariodpo,163.0,16.0,0.1468558282208589,0.004601226993865031,0.0019171779141104294,0.003834355828220859,0.0,0.003067484662576687,0.003834355828220859,10.0,0.00651840490797546,0.0019171779141104294,0.0026840490797546013,0.0019171779141104294,0.0,3.0,9.0,3.0,0.06748466257668712,0.05521472392638037,0.012175731412927271,1.9127697468400784,1.7037037037037037,3.0552147239263805,11.0,10.0,2.233128834355828,0.8355061349693251,0.22699386503067484,2.9259023772657313,0.9300975268123428,0.08959207014868471,-0.07937116564417178,0.8482828750419741
mariodpo::mariodpo_nintendo_0175.txt,mariodpo,168.0,16.0,0.13616071428571427,0.0011160714285714285,0.001488095238095238,0.002232142857142857,0.0003720238095238095,0.014508928571428572,0.002976190476190476,8.0,0.005208333333333333,0.0018601190476190475,0.002232142857142857,0.0011160714285714285,0.0,3.0,7.0,3.0,0.06547619047619048,0.041666666666666664,0.00012256072819416541,1.8431011623253515,1.7724550898203593,3.005952380952381,11.0,8.0,2.0654761904761907,0.8366815476190477,0.2261904761904762,2.698530229363305,0.9264158636653981,0.08213096559378469,-0.07663690476190475,0.8525456005155011
mariodpo::mariodpo_nintendo_0176.txt,mariodpo,169.0,16.0,0.12167159763313609,0.0018491124260355029,0.0029585798816568047,0.004437869822485207,0.0003698224852071006,0.010355029585798817,0.004807692307692308,13.0,0.0070266272189349116,0.0022189349112426036,0.0036982248520710057,0.0003698224852071006,0.0007396449704142012,4.0,15.0,3.0,0.10650887573964497,0.08875739644970414,6.095517240956028e-07,1.4068302577499612,1.4166666666666667,2.5562130177514795,11.0,6.0,1.8284023668639053,0.8520710059171598,0.20118343195266272,2.7773210197108,0.8484538140007928,0.0838543582199338,-0.11760355029585799,0.8424244447356092
mariodpo::mariodpo_nintendo_0177.txt,mariodpo,194.0,16.0,0.12789948453608246,0.01095360824742268,0.001288659793814433,0.0016108247422680412,0.0009664948453608248,0.002577319587628866,0.002577319587628866,8.0,0.007087628865979381,0.0028994845360824743,0.002577319587628866,0.00032216494845360824,0.001288659793814433,4.0,25.0,3.0,0.15979381443298968,0.12886597938144329,0.006905285566485397,2.736555287986312,1.7098445595854923,3.731958762886598,11.0,10.0,1.8350515463917525,0.8292525773195877,0.3402061855670103,4.098253254477694,1.0600243393254694,0.10195575504969541,-0.1720360824742268,0.8836477987421384
mariodpo::mariodpo_nintendo_0178.txt,mariodpo,197.0,16.0,0.13356598984771573,0.0006345177664974619,0.0012690355329949238,0.0015862944162436548,0.0006345177664974619,0.010786802030456852,0.0028553299492385786,9.0,0.006979695431472081,0.004124365482233503,0.0015862944162436548,0.00031725888324873094,0.0009517766497461929,4.0,15.0,3.0,0.09644670050761421,0.07614213197969544,0.004553491011818234,1.477834367392386,1.6122448979591837,2.6548223350253806,10.0,8.0,2.0253807106598987,0.8423223350253807,0.18274111675126903,2.7651813425635936,0.8930282063230693,0.07546574044837386,-0.10818527918781726,0.840680615294319
mariodpo::mariodpo_nintendo_0179.txt,mariodpo,165.0,16.0,0.1337121212121212,0.006439393939393939,0.004545454545454545,0.005303030303030303,0.0003787878787878788,0.017424242424242425,0.005681818181818182,15.0,0.008712121212121213,0.003787878787878788,0.0030303030303030303,0.0011363636363636363,0.0007575757575757576,4.0,14.0,2.0,0.10909090909090909,0.08484848484848485,0.10473050633533754,2.6046446998772486,1.5365853658536586,3.5393939393939395,13.0,8.0,1.9757575757575758,0.8299242424242425,0.2787878787878788,3.6452746532941274,1.0235212980146895,0.09453860640301319,-0.11818181818181818,0.8606271390521902
mariodpo::mariodpo_nintendo_0180.txt,mariodpo,199.0,16.0,0.12185929648241206,0.008793969849246231,0.000314070351758794,0.0043969849246231155,0.0,0.00314070351758794,0.0043969849246231155,14.0,0.004082914572864322,0.0009422110552763819,0.00157035175879397,0.0009422110552763819,0.000628140703517588,4.0,16.0,3.0,0.1507537688442211,0.08040201005025126,0.001124463048580937,2.5735268699214053,1.8484848484848484,3.5678391959798996,11.0,8.0,1.763819095477387,0.8536432160804021,0.2964824120603015,3.822375593816566,0.9019907450250424,0.09377930603313535,-0.15797738693467336,0.8695833333333334
mariodpo::mariodpo_nintendo_0181.txt,mariodpo,171.0,16.0,0.16447368421052633,0.006944444444444444,0.0014619883040935672,0.0014619883040935672,0.0003654970760233918,0.0021929824561403508,0.0021929824561403508,6.0,0.007309941520467836,0.00402046783625731,0.0021929824561403508,0.0010964912280701754,0.0,3.0,10.0,3.0,0.09941520467836257,0.05847953216374269,0.0005617231104741993,2.515947928556922,1.8941176470588235,3.7485380116959064,11.0,10.0,2.3684210526315788,0.8194444444444444,0.30409356725146197,4.039915947604549,1.022979883344899,0.09814612868047982,-0.11330409356725145,0.8401522284996861
mariodpo::mariodpo_nintendo_0182.txt,mariodpo,154.0,16.0,0.1396103896103896,0.010146103896103896,0.002029220779220779,0.002840909090909091,0.0008116883116883117,0.0016233766233766235,0.0036525974025974025,9.0,0.00974025974025974,0.004058441558441558,0.003246753246753247,0.0008116883116883117,0.0016233766233766235,4.0,6.0,3.0,0.05194805194805195,0.03896103896103896,0.0034367458923607597,1.998861522748262,1.7581699346405228,3.155844155844156,13.0,8.0,2.0259740259740258,0.8405032467532467,0.2662337662337662,2.9265526798884873,0.9130987201964269,0.09076240419524001,-0.06777597402597403,0.8365891691304748
mariodpo::mariodpo_nintendo_0183.txt,mariodpo,194.0,16.0,0.12048969072164949,0.002577319587628866,0.0006443298969072165,0.0022551546391752575,0.00032216494845360824,0.019329896907216496,0.0028994845360824743,9.0,0.007087628865979381,0.004188144329896907,0.002577319587628866,0.00032216494845360824,0.0,3.0,13.0,3.0,0.09278350515463918,0.06701030927835051,0.03909585149738237,1.8599622631774626,1.849740932642487,3.0412371134020617,11.0,5.0,1.788659793814433,0.8327963917525774,0.25257731958762886,3.485596074717756,1.0110966949076072,0.09137544084642514,-0.10470360824742268,0.8589516415787602
mariodpo::mariodpo_nintendo_0184.txt,mariodpo,180.0,16.0,0.13680555555555557,0.005208333333333333,0.006944444444444444,0.00625,0.0006944444444444445,0.010416666666666666,0.007291666666666667,21.0,0.005208333333333333,0.003125,0.0010416666666666667,0.0010416666666666667,0.0,3.0,14.0,3.0,0.1111111111111111,0.07777777777777778,0.05979342307441715,2.1268743472116003,2.0,3.188888888888889,11.0,10.0,2.0166666666666666,0.8364583333333333,0.20555555555555555,3.2125735544123657,0.9611881397051374,0.07944732297063903,-0.1173611111111111,0.858484172378938
mariodpo::mariodpo_nintendo_0185.txt,mariodpo,175.0,16.0,0.15464285714285714,0.002142857142857143,0.0,0.00035714285714285714,0.0,0.007857142857142858,0.00035714285714285714,1.0,0.004642857142857143,0.0014285714285714286,0.0025,0.0,0.0007142857142857143,3.0,13.0,3.0,0.09142857142857143,0.07428571428571429,0.0004191470103638295,2.2895191606423135,1.793103448275862,3.302857142857143,10.0,10.0,2.337142857142857,0.8282142857142857,0.19428571428571428,2.8346989270064795,0.9536375828813841,0.08419182948490231,-0.10428571428571429,0.8550463566272625
mariodpo::mariodpo_nintendo_0186.txt,mariodpo,198.0,16.0,0.14172979797979798,0.0025252525252525255,0.0003156565656565657,0.0015782828282828283,0.0003156565656565657,0.008207070707070708,0.001893939393939394,6.0,0.005366161616161616,0.0025252525252525255,0.001893939393939394,0.000946969696969697,0.0,3.0,15.0,3.0,0.09090909090909091,0.07575757575757576,0.000630548679585452,2.082219670147774,1.766497461928934,3.1363636363636362,11.0,8.0,2.121212121212121,0.8390151515151515,0.2222222222222222,3.1742438899949676,0.9185579421563672,0.08356896010053409,-0.10195707070707072,0.8612430425459072
mariodpo::mariodpo_nintendo_0187.txt,mariodpo,183.0,16.0,0.1328551912568306,0.005122950819672131,0.0006830601092896175,0.0010245901639344263,0.0006830601092896175,0.012978142076502733,0.0020491803278688526,6.0,0.009221311475409836,0.0023907103825136613,0.004439890710382513,0.00034153005464480874,0.0020491803278688526,4.0,11.0,3.0,0.08196721311475409,0.060109289617486336,0.02692517254400817,1.8635317168203371,1.879120879120879,3.0273224043715845,11.0,6.0,1.9398907103825136,0.8387978142076503,0.2185792349726776,3.119659447542532,0.9304015640591347,0.08800543662928983,-0.09733606557377047,0.8467501831382511
mariodpo::mariodpo_nintendo_0188.txt,mariodpo,195.0,16.0,0.12788461538461537,0.0028846153846153848,0.0,0.0,0.0003205128205128205,0.00641025641025641,0.0003205128205128205,1.0,0.004487179487179487,0.0028846153846153848,0.001282051282051282,0.0003205128205128205,0.0,3.0,16.0,3.0,0.12307692307692308,0.08205128205128205,0.007900292506993978,1.7357281667013174,1.6701030927835052,2.7846153846153845,11.0,10.0,1.9230769230769231,0.8532051282051282,0.19487179487179487,2.8405252419550187,0.849950935174377,0.07814992025518341,-0.13493589743589746,0.8518598944167539
mariodpo::mariodpo_nintendo_0189.txt,mariodpo,151.0,16.0,0.12044701986754967,0.0020695364238410598,0.0037251655629139072,0.009105960264900662,0.0,0.011589403973509934,0.009105960264900662,22.0,0.009105960264900662,0.004966887417218543,0.0037251655629139072,0.0004139072847682119,0.0,3.0,14.0,3.0,0.16556291390728478,0.09271523178807947,0.30590693391618384,2.375369039677392,1.16,3.9735099337748343,11.0,6.0,1.7682119205298013,0.7777317880794702,0.3443708609271523,4.308899278057134,1.2916934666305033,0.10777457836281365,-0.17549668874172186,0.857493394093274
mariodpo::mariodpo_nintendo_0190.txt,mariodpo,167.0,16.0,0.12238023952095808,0.016092814371257484,0.0007485029940119761,0.00037425149700598805,0.0007485029940119761,0.004491017964071856,0.001122754491017964,3.0,0.004116766467065869,0.002619760479041916,0.001122754491017964,0.00037425149700598805,0.0,3.0,12.0,3.0,0.1437125748502994,0.0718562874251497,0.009006272567028017,3.0083364041702323,1.9759036144578312,3.9520958083832336,11.0,3.0,1.718562874251497,0.8630239520958084,0.19161676646706588,2.9359743894069905,0.7895826644992917,0.07927056196501675,-0.15568862275449102,0.8419201708454476
mariodpo::mariodpo_nintendo_0191.txt,mariodpo,193.0,16.0,0.12143782383419689,0.0045336787564766836,0.0,0.0003238341968911917,0.0006476683937823834,0.009067357512953367,0.0009715025906735751,3.0,0.006800518134715026,0.0042098445595854924,0.0019430051813471502,0.0,0.0006476683937823834,3.0,16.0,3.0,0.10880829015544041,0.08290155440414508,0.0020340561982284955,1.8013879428853412,1.7708333333333333,2.839378238341969,11.0,5.0,1.8031088082901554,0.8575129533678757,0.16062176165803108,2.70457606196899,0.8005451834691847,0.07186593619078312,-0.12240932642487046,0.842637706357371
mariodpo::mariodpo_nintendo_0192.txt,mariodpo,171.0,16.0,0.1524122807017544,0.004751461988304093,0.001827485380116959,0.0021929824561403508,0.0010964912280701754,0.0029239766081871343,0.003289473684210526,9.0,0.013523391812865496,0.0062134502923976605,0.00402046783625731,0.0007309941520467836,0.0025584795321637425,4.0,18.0,1.0,0.10526315789473684,0.10526315789473684,0.008126859230850325,2.259173954678538,2.152941176470588,3.257309941520468,11.0,10.0,2.2923976608187133,0.8238304093567251,0.23976608187134502,3.392639675369805,1.0217513245004552,0.09669211195928754,-0.11842105263157894,0.8657077775033462
mariodpo::mariodpo_nintendo_0193.txt,mariodpo,172.0,16.0,0.14244186046511628,0.0,0.0003633720930232558,0.0003633720930232558,0.0,0.010901162790697675,0.0003633720930232558,1.0,0.0061773255813953485,0.001816860465116279,0.0010901162790697674,0.0010901162790697674,0.002180232558139535,4.0,11.0,2.0,0.08139534883720931,0.06395348837209303,0.01939849855441056,1.6981964120090238,1.6140350877192982,2.883720930232558,11.0,10.0,2.1627906976744184,0.8357558139534884,0.20348837209302326,2.6923288558455702,0.9157368807206984,0.08637513552584027,-0.09302325581395349,0.8365245575680741
mariodpo::mariodpo_nintendo_0194.txt,mariodpo,193.0,16.0,0.14313471502590674,0.0009715025906735751,0.0009715025906735751,0.0006476683937823834,0.0003238341968911917,0.012953367875647668,0.0009715025906735751,3.0,0.005505181347150259,0.003562176165803109,0.0019430051813471502,0.0,0.0,2.0,11.0,3.0,0.06735751295336788,0.05699481865284974,0.0005482106801427689,1.8207728125545746,1.7708333333333333,2.9792746113989637,11.0,10.0,2.1658031088082903,0.8332253886010362,0.17616580310880828,2.789775671672415,0.92264557001971,0.07734450531743474,-0.07966321243523317,0.8523160547923682
mariodpo::mariodpo_nintendo_0195.txt,mariodpo,189.0,16.0,0.12268518518518519,0.004298941798941799,0.00033068783068783067,0.0023148148148148147,0.0,0.011243386243386243,0.0026455026455026454,8.0,0.003968253968253968,0.0013227513227513227,0.0013227513227513227,0.0006613756613756613,0.0006613756613756613,4.0,21.0,3.0,0.13756613756613756,0.1111111111111111,0.01184821685967774,1.4194557779240529,1.4308510638297873,2.5291005291005293,13.0,8.0,1.8624338624338623,0.855489417989418,0.19047619047619047,2.6768227167190406,0.838371429788259,0.07798617966436328,-0.14682539682539683,0.8474770344993592
mariodpo::mariodpo_nintendo_0196.txt,mariodpo,200.0,16.0,0.1171875,0.004375,0.000625,0.0078125,0.000625,0.00875,0.0084375,27.0,0.0034375,0.000625,0.0015625,0.00125,0.0,3.0,20.0,3.0,0.16,0.1,0.06837801928781939,2.7194859596489915,2.120603015075377,4.095,12.0,6.0,1.64,0.8103125,0.435,4.981147047462374,1.1606713884983402,0.1104199066874028,-0.1625,0.8753511235955056
mariodpo::mariodpo_nintendo_0197.txt,mariodpo,157.0,16.0,0.14211783439490447,0.027070063694267517,0.0023885350318471337,0.010350318471337579,0.0011942675159235668,0.0023885350318471337,0.01194267515923567,30.0,0.004378980891719745,0.0015923566878980893,0.0023885350318471337,0.0003980891719745223,0.0,3.0,18.0,3.0,0.17197452229299362,0.11464968152866242,0.039270677232270734,3.807320722574943,1.8525641025641026,7.356687898089172,13.0,9.0,1.694267515923567,0.7699044585987261,0.4840764331210191,5.51685146708247,1.3702185087644012,0.13256826276216857,-0.17396496815286625,0.8753731343283582
mariodpo::mariodpo_nintendo_0198.txt,mariodpo,189.0,16.0,0.1302910052910053,0.005621693121693121,0.00033068783068783067,0.0023148148148148147,0.0,0.004629629629629629,0.0023148148148148147,7.0,0.006283068783068783,0.0016534391534391533,0.0036375661375661374,0.000992063492063492,0.0,3.0,17.0,3.0,0.15343915343915343,0.08994708994708994,0.017516110152176356,2.6237333361171324,1.7234042553191489,3.8835978835978837,11.0,8.0,1.9047619047619047,0.8098544973544973,0.30158730158730157,4.071901798244969,1.1402974162598083,0.09509707140506746,-0.16534391534391532,0.8611752976365022
mariodpo::mariodpo_nintendo_0199.txt,mariodpo,194.0,16.0,0.11597938144329897,0.0019329896907216496,0.0,0.0019329896907216496,0.0,0.00902061855670103,0.0019329896907216496,6.0,0.00547680412371134,0.003865979381443299,0.0016108247422680412,0.0,0.0,2.0,18.0,3.0,0.13402061855670103,0.09278350515463918,0.0005399949526089243,1.8867535348672086,1.6476683937823835,2.9381443298969074,11.0,3.0,1.7525773195876289,0.851159793814433,0.18556701030927836,2.8258613286935836,0.859608870844798,0.07887143315165117,-0.14529639175257733,0.8489584739106647
mariodpo::mariodpo_nintendo_0200.txt,mariodpo,171.0,16.0,0.13450292397660818,0.0021929824561403508,0.0003654970760233918,0.0003654970760233918,0.0003654970760233918,0.006944444444444444,0.0007309941520467836,2.0,0.00402046783625731,0.001827485380116959,0.0014619883040935672,0.0007309941520467836,0.0,3.0,13.0,2.0,0.0935672514619883,0.07602339181286549,0.011498781124442692,1.9943634415836955,2.164705882352941,3.0233918128654973,11.0,10.0,2.0,0.8497807017543859,0.1695906432748538,2.4395953021663623,0.8324641377174943,0.07415485278080698,-0.1027046783625731,0.8488671646398375
mariodpo::mariodpo_nintendo_0201.txt,mariodpo,183.0,16.0,0.1133879781420765,0.00034153005464480874,0.0,0.0010245901639344263,0.00034153005464480874,0.00819672131147541,0.001366120218579235,4.0,0.006489071038251366,0.003756830601092896,0.0017076502732240437,0.00034153005464480874,0.0006830601092896175,4.0,15.0,3.0,0.12568306010928962,0.08196721311475409,0.0018117188441924004,1.2205858839886627,1.5164835164835164,2.448087431693989,11.0,3.0,1.7486338797814207,0.8657786885245902,0.15300546448087432,2.411446504121095,0.7535954577009932,0.0781515460414543,-0.13900273224043716,0.8459376734255416
mariodpo::mariodpo_nintendo_0202.txt,mariodpo,198.0,16.0,0.16003787878787878,0.011047979797979798,0.0012626262626262627,0.0012626262626262627,0.000946969696969697,0.0,0.0025252525252525255,8.0,0.005366161616161616,0.0012626262626262627,0.0031565656565656565,0.000946969696969697,0.0,3.0,20.0,2.0,0.11616161616161616,0.10101010101010101,0.00527574518447349,2.926267909835958,2.3045685279187818,4.090909090909091,11.0,10.0,2.2474747474747474,0.8166035353535354,0.2777777777777778,3.8893388369572777,1.071299824142446,0.09864907320138235,-0.1240530303030303,0.8626592356687899
mariodpo::mariodpo_nintendo_0203.txt,mariodpo,158.0,16.0,0.1348892405063291,0.00870253164556962,0.002768987341772152,0.0031645569620253164,0.00039556962025316455,0.00870253164556962,0.003560126582278481,9.0,0.0031645569620253164,0.0,0.002768987341772152,0.00039556962025316455,0.0,2.0,11.0,2.0,0.0759493670886076,0.06962025316455696,0.03419578026764736,2.0886186287318753,1.4394904458598725,3.2658227848101267,11.0,8.0,1.9493670886075949,0.8453322784810127,0.24050632911392406,2.906864256265082,0.8906176416587676,0.08454581203303185,-0.08188291139240507,0.8638678540519383
mariodpo::mariodpo_nintendo_0204.txt,mariodpo,153.0,16.0,0.12254901960784313,0.006944444444444444,0.0012254901960784314,0.0016339869281045752,0.0004084967320261438,0.008986928104575163,0.002042483660130719,5.0,0.006944444444444444,0.0028594771241830064,0.0032679738562091504,0.0,0.0008169934640522876,3.0,15.0,3.0,0.12418300653594772,0.09803921568627451,0.08799422778017096,1.7206302166236602,1.605263157894737,2.764705882352941,11.0,6.0,1.7843137254901962,0.8537581699346405,0.1830065359477124,2.7390403593250725,0.8483919383154723,0.08729192042224929,-0.13888888888888887,0.8339260283958332
mariodpo::mariodpo_nintendo_0205.txt,mariodpo,179.0,16.0,0.13582402234636873,0.0,0.0006983240223463687,0.00034916201117318437,0.00034916201117318437,0.007681564245810056,0.0006983240223463687,2.0,0.004539106145251397,0.002793296089385475,0.0017458100558659217,0.0,0.0,2.0,14.0,2.0,0.08379888268156424,0.0782122905027933,0.0018017288583107582,1.711175697523316,1.5617977528089888,2.8435754189944134,11.0,10.0,2.078212290502793,0.8474162011173184,0.1452513966480447,2.331910861945792,0.8412750591607012,0.07606807919416464,-0.0932262569832402,0.8565033659323071
mariodpo::mariodpo_nintendo_0206.txt,mariodpo,176.0,16.0,0.12677556818181818,0.005681818181818182,0.0035511363636363635,0.0035511363636363635,0.0007102272727272727,0.0234375,0.004261363636363636,12.0,0.01065340909090909,0.006036931818181818,0.0031960227272727275,0.0,0.0014204545454545455,3.0,14.0,2.0,0.09090909090909091,0.07954545454545454,0.00037430612077216097,2.5449090759009865,2.125714285714286,3.4204545454545454,11.0,2.0,1.8238636363636365,0.8309659090909091,0.2159090909090909,3.3145246895360216,0.9720241260225456,0.08830801836806781,-0.10298295454545454,0.8423029197452246
mariodpo::mariodpo_nintendo_0207.txt,mariodpo,167.0,16.0,0.10217065868263472,0.0033682634730538923,0.0,0.005239520958083832,0.00037425149700598805,0.0014970059880239522,0.00561377245508982,15.0,0.0037425149700598802,0.002245508982035928,0.0014970059880239522,0.0,0.0,2.0,16.0,3.0,0.18562874251497005,0.09580838323353294,0.1503734290274792,2.4164507823583152,2.0,4.0,11.0,3.0,1.4491017964071857,0.8199850299401198,0.33532934131736525,4.320317839777044,1.0332566068261846,0.10532192035727578,-0.1927395209580838,0.8748532670539618
mariodpo::mariodpo_nintendo_0208.txt,mariodpo,174.0,16.0,0.13397988505747127,0.00610632183908046,0.0010775862068965517,0.0028735632183908046,0.00035919540229885057,0.0,0.003232758620689655,9.0,0.011135057471264368,0.003951149425287357,0.005747126436781609,0.00035919540229885057,0.0010775862068965517,4.0,7.0,3.0,0.05172413793103448,0.040229885057471264,0.00805666687154305,1.8809552240499432,1.76878612716763,3.0632183908045976,11.0,6.0,1.9770114942528736,0.8473419540229885,0.19540229885057472,2.728471750562692,0.8601010385401144,0.0782422293676313,-0.06824712643678162,0.8516285114553124
mariodpo::mariodpo_nintendo_0209.txt,mariodpo,178.0,16.0,0.14571629213483145,0.0049157303370786515,0.0024578651685393258,0.0028089887640449437,0.00035112359550561797,0.006320224719101123,0.0031601123595505617,9.0,0.00877808988764045,0.0059691011235955055,0.002106741573033708,0.0,0.0007022471910112359,3.0,9.0,3.0,0.06741573033707865,0.05056179775280899,0.059144347807002395,2.106314604374672,1.8305084745762712,3.297752808988764,11.0,10.0,2.140449438202247,0.8314606741573034,0.2303370786516854,3.143843897189288,0.9722601399482627,0.08662242403073699,-0.08146067415730338,0.8529705975122679
mariodpo::mariodpo_nintendo_0210.txt,mariodpo,199.0,16.0,0.14855527638190955,0.015389447236180905,0.0,0.002826633165829146,0.000628140703517588,0.00628140703517588,0.0037688442211055275,12.0,0.006909547738693468,0.0043969849246231155,0.0009422110552763819,0.000628140703517588,0.0009422110552763819,4.0,17.0,3.0,0.135678391959799,0.08542713567839195,0.06578378360116288,3.7261146604041984,1.696969696969697,5.090452261306533,13.0,10.0,2.0954773869346734,0.8307160804020101,0.2814070351758794,4.063202704392388,1.0043051092137762,0.08815254767114723,-0.146356783919598,0.8541786873422286
mariodpo::mariodpo_nintendo_0211.txt,mariodpo,184.0,16.0,0.12262228260869565,0.0033967391304347825,0.00033967391304347825,0.006453804347826087,0.00033967391304347825,0.0,0.006793478260869565,20.0,0.004415760869565217,0.001358695652173913,0.0016983695652173913,0.001358695652173913,0.0,3.0,16.0,3.0,0.14130434782608695,0.08695652173913043,0.01791145607264466,2.2196664671892448,1.5628415300546448,3.4347826086956523,11.0,10.0,1.8043478260869565,0.8338994565217391,0.28804347826086957,4.317856074494958,1.023239774756389,0.0956404190604934,-0.14707880434782608,0.8626492002864645
mariodpo::mariodpo_nintendo_0212.txt,mariodpo,173.0,16.0,0.101878612716763,0.014089595375722543,0.000722543352601156,0.0072254335260115606,0.000722543352601156,0.0036127167630057803,0.007947976878612716,22.0,0.002890173410404624,0.001083815028901734,0.0018063583815028901,0.0,0.0,2.0,17.0,3.0,0.1329479768786127,0.09826589595375723,0.01648578072636775,3.04802035761567,1.430232558139535,4.526011560693641,11.0,2.0,1.416184971098266,0.8399566473988439,0.3179190751445087,4.508509543215253,1.0015659639269918,0.1006108515989939,-0.1365606936416185,0.8609564164648911
mariodpo::mariodpo_nintendo_0213.txt,mariodpo,153.0,16.0,0.1213235294117647,0.002042483660130719,0.0008169934640522876,0.002042483660130719,0.0008169934640522876,0.008169934640522876,0.0028594771241830064,7.0,0.006127450980392157,0.0024509803921568627,0.0024509803921568627,0.0,0.0012254901960784314,3.0,12.0,3.0,0.12418300653594772,0.0784313725490196,0.011554710023017112,1.6060053317383494,1.5263157894736843,2.6666666666666665,11.0,6.0,1.803921568627451,0.8566176470588235,0.17647058823529413,2.6685525082890202,0.816270726030577,0.08120178643930166,-0.1372549019607843,0.8463801973137648
mariodpo::mariodpo_nintendo_0214.txt,mariodpo,181.0,16.0,0.11671270718232044,0.004488950276243094,0.0003453038674033149,0.0055248618784530384,0.0,0.0027624309392265192,0.005870165745856353,17.0,0.004834254143646409,0.003453038674033149,0.0013812154696132596,0.0,0.0,2.0,14.0,3.0,0.11602209944751381,0.07734806629834254,0.03328750240939593,2.181453624669644,1.5666666666666667,3.3646408839779007,11.0,6.0,1.7458563535911602,0.8546270718232044,0.26519337016574585,3.4879396003351846,0.8836745672523753,0.08588114050154586,-0.12327348066298341,0.8545277576155952
mariodpo::mariodpo_nintendo_0215.txt,mariodpo,170.0,16.0,0.13602941176470587,0.0055147058823529415,0.0003676470588235294,0.0014705882352941176,0.0003676470588235294,0.008088235294117648,0.001838235294117647,5.0,0.00625,0.0033088235294117647,0.0022058823529411764,0.0007352941176470588,0.0,3.0,10.0,2.0,0.06470588235294118,0.058823529411764705,0.005809343667645628,2.0601308147418567,1.893491124260355,3.2294117647058824,11.0,5.0,1.9411764705882353,0.84375,0.22941176470588234,3.131622334359081,0.8890534476090716,0.08336380255941499,-0.07500000000000001,0.8489400988093845
mariodpo::mariodpo_nintendo_0216.txt,mariodpo,191.0,16.0,0.12532722513089006,0.006544502617801047,0.0,0.0,0.0,0.0013089005235602095,0.0,0.0,0.0058900523560209425,0.0029450261780104713,0.0022905759162303663,0.0,0.0006544502617801048,3.0,14.0,2.0,0.08900523560209424,0.07329842931937172,0.01890164767025615,1.4802869626438566,1.3736842105263158,2.6649214659685865,13.0,8.0,1.8534031413612566,0.8638743455497382,0.10471204188481675,1.927836062068315,0.7235053477141873,0.0638228590035819,-0.10013089005235602,0.8547463216153691
mariodpo::mariodpo_nintendo_0217.txt,mariodpo,152.0,16.0,0.1328125,0.004934210526315789,0.0,0.0,0.00041118421052631577,0.017269736842105265,0.00041118421052631577,1.0,0.005756578947368421,0.003700657894736842,0.0008223684210526315,0.0,0.0012335526315789473,3.0,16.0,3.0,0.1513157894736842,0.10526315789473684,0.021059471264026297,2.2981942662409205,2.0397350993377485,3.2171052631578947,11.0,10.0,2.0,0.8392269736842105,0.21052631578947367,2.9345413877086868,0.9402287613540131,0.08581937065794851,-0.16652960526315788,0.8425061708485384
mariodpo::mariodpo_nintendo_0218.txt,mariodpo,163.0,16.0,0.13765337423312884,0.004217791411042945,0.0011503067484662577,0.003067484662576687,0.0003834355828220859,0.011503067484662576,0.003450920245398773,9.0,0.004601226993865031,0.003067484662576687,0.0007668711656441718,0.0007668711656441718,0.0,3.0,14.0,3.0,0.09815950920245399,0.08588957055214724,0.0005104118846703809,1.8847359075921795,1.4074074074074074,2.950920245398773,11.0,10.0,2.067484662576687,0.8385736196319018,0.22085889570552147,2.95452568584619,0.925407455765655,0.08387342737323675,-0.10851226993865032,0.8597407360421473
mariodpo::mariodpo_nintendo_0219.txt,mariodpo,177.0,16.0,0.15254237288135594,0.018361581920903956,0.0,0.0,0.0007062146892655367,0.007768361581920904,0.0007062146892655367,2.0,0.004590395480225989,0.0014124293785310734,0.002824858757062147,0.00035310734463276836,0.0,3.0,12.0,2.0,0.0903954802259887,0.06779661016949153,0.2859507728583991,3.1374914573465937,1.5227272727272727,5.175141242937853,13.0,10.0,2.1016949152542375,0.8269774011299436,0.3107344632768362,3.6049412145949757,1.0087214235917739,0.08851422550052687,-0.09992937853107346,0.8583918483629948
mariodpo::mariodpo_nintendo_0220.txt,mariodpo,170.0,16.0,0.11102941176470588,0.005147058823529412,0.0007352941176470588,0.009191176470588236,0.0003676470588235294,0.0,0.009558823529411765,26.0,0.004411764705882353,0.001838235294117647,0.002573529411764706,0.0,0.0,2.0,21.0,3.0,0.20588235294117646,0.12352941176470589,0.004001924970747139,3.3254360281859823,1.9763313609467457,5.382352941176471,11.0,8.0,1.511764705882353,0.7650735294117647,0.4823529411764706,5.400367742433089,1.2797033703541658,0.12504570383912247,-0.20955882352941177,0.8859649122807017
mariodpo::mariodpo_nintendo_0221.txt,mariodpo,197.0,16.0,0.11421319796954314,0.0009517766497461929,0.0025380710659898475,0.0031725888324873096,0.0006345177664974619,0.021573604060913704,0.004441624365482234,14.0,0.005076142131979695,0.0012690355329949238,0.0015862944162436548,0.0006345177664974619,0.0015862944162436548,4.0,20.0,3.0,0.13705583756345177,0.10152284263959391,5.1576898154048756e-05,1.2826654197691107,1.5918367346938775,2.431472081218274,11.0,2.0,1.736040609137056,0.8512055837563451,0.15736040609137056,2.630054498633004,0.8529016738974214,0.07736027786548784,-0.14530456852791876,0.8458513870112243
mariodpo::mariodpo_nintendo_0222.txt,mariodpo,189.0,16.0,0.12037037037037036,0.002976190476190476,0.0,0.000992063492063492,0.00033068783068783067,0.011243386243386243,0.0013227513227513227,4.0,0.007275132275132275,0.004298941798941799,0.002976190476190476,0.0,0.0,2.0,15.0,3.0,0.1111111111111111,0.07936507936507936,0.030827579907395486,1.557468013034826,1.6170212765957446,2.7195767195767195,11.0,3.0,1.7936507936507937,0.8558201058201058,0.14814814814814814,2.5764171516315675,0.8078231695569129,0.06975978940440934,-0.125,0.847320580347481
mariodpo::mariodpo_nintendo_0223.txt,mariodpo,175.0,16.0,0.12821428571428573,0.011785714285714287,0.0014285714285714286,0.0010714285714285715,0.00035714285714285714,0.0064285714285714285,0.0014285714285714286,4.0,0.008928571428571428,0.004642857142857143,0.002857142857142857,0.0,0.0014285714285714286,3.0,17.0,3.0,0.12571428571428572,0.09714285714285714,0.035814707739206586,2.983246625295886,1.6896551724137931,3.7714285714285714,13.0,8.0,1.8171428571428572,0.8510714285714286,0.2,3.2246633325016063,0.8549929748748121,0.08383658969804618,-0.1417857142857143,0.8467937581395034
mariodpo::mariodpo_nintendo_0224.txt,mariodpo,154.0,16.0,0.12621753246753248,0.005681818181818182,0.004058441558441558,0.0036525974025974025,0.0012175324675324675,0.007305194805194805,0.00487012987012987,12.0,0.006899350649350649,0.002029220779220779,0.002435064935064935,0.00040584415584415587,0.002029220779220779,4.0,9.0,3.0,0.07792207792207792,0.05844155844155844,0.009343292599882314,1.6139375184891338,1.3856209150326797,2.8181818181818183,10.0,4.0,1.8506493506493507,0.8502435064935064,0.2012987012987013,2.8233144957227077,0.853064224444065,0.08229124647035095,-0.08969155844155845,0.8503361523714933
mariodpo::mariodpo_nintendo_0225.txt,mariodpo,162.0,16.0,0.13734567901234568,0.0015432098765432098,0.00038580246913580245,0.00038580246913580245,0.0,0.010030864197530864,0.00038580246913580245,1.0,0.006558641975308642,0.0015432098765432098,0.0038580246913580245,0.0011574074074074073,0.0,3.0,8.0,3.0,0.06790123456790123,0.04938271604938271,0.03798111162066464,1.7068376390489173,1.763975155279503,2.95679012345679,11.0,10.0,2.0617283950617282,0.8406635802469136,0.18518518518518517,2.5933927108554276,0.898834997278126,0.08131952435749903,-0.08333333333333333,0.8537147831814155
mariodpo::mariodpo_nintendo_0226.txt,mariodpo,198.0,16.0,0.12531565656565657,0.006944444444444444,0.000946969696969697,0.0006313131313131314,0.000946969696969697,0.008207070707070708,0.001893939393939394,6.0,0.006313131313131313,0.0031565656565656565,0.002840909090909091,0.0003156565656565657,0.0,3.0,17.0,3.0,0.09595959595959595,0.08585858585858586,0.028013770300204133,1.7778664359352758,1.6852791878172588,2.878787878787879,11.0,6.0,1.8232323232323233,0.8544823232323232,0.20707070707070707,2.6838985519088223,0.8391393784086546,0.07885642475651901,-0.10795454545454544,0.8396238306306656
mariodpo::mariodpo_nintendo_0227.txt,mariodpo,152.0,16.0,0.12705592105263158,0.006167763157894737,0.0008223684210526315,0.0008223684210526315,0.0012335526315789473,0.014802631578947368,0.002055921052631579,5.0,0.006578947368421052,0.003289473684210526,0.002055921052631579,0.0,0.0012335526315789473,3.0,8.0,1.0,0.05263157894736842,0.05263157894736842,0.0007095790229512122,1.534896176738568,1.3377483443708609,2.8157894736842106,11.0,5.0,1.9078947368421053,0.844983552631579,0.21710526315789475,2.7294907600175646,0.8686347203009257,0.08214139762975071,-0.06044407894736842,0.8371365902398992
mariodpo::mariodpo_nintendo_0228.txt,mariodpo,161.0,16.0,0.13354037267080746,0.024456521739130436,0.0,0.0015527950310559005,0.00038819875776397513,0.0,0.0019409937888198758,5.0,0.006987577639751553,0.002717391304347826,0.0034937888198757765,0.0,0.0007763975155279503,3.0,18.0,3.0,0.16770186335403728,0.11180124223602485,0.24261015611851477,2.8740806467514544,1.79375,3.8198757763975157,13.0,8.0,1.8012422360248448,0.8532608695652174,0.21739130434782608,3.070727347798001,0.848930833692467,0.08259359320725589,-0.18206521739130435,0.857580762312129
mariodpo::mariodpo_nintendo_0229.txt,mariodpo,180.0,16.0,0.12395833333333334,0.001736111111111111,0.0,0.0020833333333333333,0.0006944444444444445,0.011111111111111112,0.002777777777777778,8.0,0.003472222222222222,0.0024305555555555556,0.0010416666666666667,0.0,0.0,2.0,10.0,3.0,0.10555555555555556,0.05555555555555555,0.0440915258751271,2.5031031212287838,1.7988826815642458,3.6555555555555554,11.0,6.0,1.7944444444444445,0.8177083333333334,0.25,3.3131330101672947,1.0609862591673884,0.09395509499136442,-0.11458333333333333,0.8558963733798604
mariodpo::mariodpo_nintendo_0230.txt,mariodpo,180.0,16.0,0.1482638888888889,0.020833333333333332,0.001388888888888889,0.003472222222222222,0.00034722222222222224,0.011111111111111112,0.004166666666666667,12.0,0.00798611111111111,0.0038194444444444443,0.002777777777777778,0.001388888888888889,0.0,3.0,12.0,3.0,0.09444444444444444,0.06666666666666667,0.4361310131832121,3.0415264874430283,1.005586592178771,5.05,13.0,7.0,2.0444444444444443,0.8243055555555555,0.24444444444444444,3.5843764223553807,1.0129560685354815,0.08946459412780657,-0.10659722222222222,0.8555127085399598
mariodpo::mariodpo_nintendo_0231.txt,mariodpo,162.0,16.0,0.14429012345679013,0.0019290123456790122,0.0,0.00038580246913580245,0.0,0.010030864197530864,0.00038580246913580245,1.0,0.005015432098765432,0.0019290123456790122,0.0030864197530864196,0.0,0.0,2.0,18.0,3.0,0.13580246913580246,0.1111111111111111,0.00028719055070902666,2.1738730795620587,1.9751552795031055,3.0864197530864197,11.0,10.0,2.197530864197531,0.8356481481481481,0.17901234567901234,2.7586280106174406,0.9315577211180618,0.08131952435749903,-0.14969135802469136,0.8490445565489049
mariodpo::mariodpo_nintendo_0232.txt,mariodpo,159.0,16.0,0.14622641509433962,0.02397798742138365,0.0007861635220125787,0.0031446540880503146,0.0,0.013364779874213837,0.0031446540880503146,8.0,0.007075471698113208,0.003537735849056604,0.0019654088050314465,0.00039308176100628933,0.0011792452830188679,4.0,12.0,3.0,0.11320754716981132,0.07547169811320754,0.3346236406217622,2.9798619842088843,1.6962025316455696,4.672955974842767,13.0,8.0,2.0125786163522013,0.8254716981132075,0.3081761006289308,3.6996775983681496,1.0375377416763583,0.10003907776475186,-0.12657232704402516,0.85503242553713
mariodpo::mariodpo_nintendo_0233.txt,mariodpo,198.0,16.0,0.1717171717171717,0.037247474747474744,0.0015782828282828283,0.001893939393939394,0.0003156565656565657,0.006944444444444444,0.0025252525252525255,8.0,0.006944444444444444,0.004103535353535354,0.0025252525252525255,0.0003156565656565657,0.0,3.0,12.0,3.0,0.09090909090909091,0.06060606060606061,0.13101159275737284,4.2961463074626955,1.5076142131979695,6.681818181818182,13.0,12.0,2.2222222222222223,0.8077651515151515,0.29292929292929293,4.019384440220954,1.0862354435092731,0.09770656613257933,-0.10290404040404041,0.8681672025723473
mariodpo::mariodpo_nintendo_0234.txt,mariodpo,173.0,16.0,0.18713872832369943,0.07478323699421965,0.000722543352601156,0.00541907514450867,0.001083815028901734,0.030346820809248554,0.006502890173410405,18.0,0.007586705202312138,0.002167630057803468,0.0050578034682080926,0.000361271676300578,0.0,3.0,21.0,3.0,0.1791907514450867,0.12138728323699421,0.32798799160610936,3.2173799832016234,0.8837209302325582,9.208092485549132,13.0,6.0,2.1560693641618496,0.7644508670520231,0.3468208092485549,4.894770659678696,1.3282196263104975,0.09845490477901545,-0.1889450867052023,0.8568121365829519
mariodpo::mariodpo_nintendo_0235.txt,mariodpo,155.0,16.0,0.12379032258064517,0.009274193548387096,0.00564516129032258,0.005241935483870968,0.0012096774193548388,0.0,0.0064516129032258064,16.0,0.0036290322580645163,0.0004032258064516129,0.0016129032258064516,0.0004032258064516129,0.0012096774193548388,4.0,10.0,3.0,0.1032258064516129,0.06451612903225806,0.000299286260125875,1.7978837811512107,1.5194805194805194,2.832258064516129,11.0,4.0,1.793548387096774,0.8608870967741935,0.16774193548387098,2.311305834718092,0.7775376156229563,0.08016032064128256,-0.11008064516129032,0.8600752311015941
mariodpo::mariodpo_nintendo_0236.txt,mariodpo,168.0,16.0,0.1171875,0.014508928571428572,0.0078125,0.011904761904761904,0.000744047619047619,0.004464285714285714,0.012648809523809524,34.0,0.004836309523809524,0.002976190476190476,0.000744047619047619,0.0003720238095238095,0.000744047619047619,4.0,20.0,3.0,0.19047619047619047,0.11904761904761904,0.0035486116966697567,2.7987617125769395,1.874251497005988,3.6547619047619047,13.0,8.0,1.6547619047619047,0.8489583333333334,0.39880952380952384,4.453955334455923,0.9764081497514613,0.10321864594894561,-0.1915922619047619,0.8631492618917441
mariodpo::mariodpo_nintendo_0237.txt,mariodpo,176.0,16.0,0.1377840909090909,0.0024857954545454545,0.0003551136363636364,0.0014204545454545455,0.0,0.0,0.0014204545454545455,4.0,0.006747159090909091,0.0024857954545454545,0.0031960227272727275,0.001065340909090909,0.0,3.0,20.0,3.0,0.16477272727272727,0.11363636363636363,0.020163777078628486,2.237833129890141,2.08,3.147727272727273,11.0,10.0,2.0738636363636362,0.8497869318181818,0.1875,2.981024193334105,0.8543687628601833,0.08512892970681737,-0.17862215909090906,0.8528780297265139
mariodpo::mariodpo_nintendo_0238.txt,mariodpo,169.0,16.0,0.11760355029585799,0.011094674556213017,0.0,0.004437869822485207,0.0,0.008875739644970414,0.004437869822485207,12.0,0.005917159763313609,0.004437869822485207,0.0014792899408284023,0.0,0.0,2.0,15.0,3.0,0.14201183431952663,0.08875739644970414,0.17644098930701035,2.347340073244381,1.744047619047619,4.325443786982248,13.0,8.0,1.621301775147929,0.8125,0.39644970414201186,4.615096893531586,1.1330591351905757,0.11143802868701728,-0.15236686390532544,0.8853135313531353
mariodpo::mariodpo_nintendo_0239.txt,mariodpo,151.0,16.0,0.1634933774834437,0.04718543046357616,0.0012417218543046358,0.004966887417218543,0.0012417218543046358,0.006208609271523178,0.006208609271523178,15.0,0.0041390728476821195,0.0020695364238410598,0.0016556291390728477,0.0004139072847682119,0.0,3.0,10.0,2.0,0.09933774834437085,0.06622516556291391,0.023223774156029164,4.9242130192812406,1.42,7.874172185430464,13.0,5.0,1.9867549668874172,0.8112582781456954,0.2847682119205298,3.696238682502602,1.0663537973832589,0.09666803784450843,-0.10389072847682118,0.8525100948279412
mariodpo::mariodpo_nintendo_0240.txt,mariodpo,192.0,16.0,0.14420572916666666,0.00390625,0.0009765625,0.0013020833333333333,0.0,0.007161458333333333,0.0013020833333333333,4.0,0.0078125,0.0022786458333333335,0.0013020833333333333,0.0013020833333333333,0.0029296875,4.0,8.0,2.0,0.052083333333333336,0.041666666666666664,0.0043474496563571385,2.0600889958869852,1.9267015706806283,3.2604166666666665,11.0,10.0,2.140625,0.8356119791666666,0.234375,3.076638129900708,0.9407847959568109,0.0916747651441529,-0.06380208333333333,0.8572393244295382
mariodpo::mariodpo_nintendo_0241.txt,mariodpo,196.0,16.0,0.13392857142857142,0.006058673469387755,0.004464285714285714,0.004145408163265306,0.00031887755102040814,0.004464285714285714,0.004464285714285714,14.0,0.00860969387755102,0.006696428571428571,0.001913265306122449,0.0,0.0,2.0,10.0,2.0,0.061224489795918366,0.05102040816326531,0.011115467359712694,1.6691619120693721,1.353846153846154,2.877551020408163,12.0,12.0,1.9948979591836735,0.8443877551020408,0.17346938775510204,2.6568440543201723,0.8420156586594769,0.07743573468740082,-0.07047193877551021,0.8446885279055211
mariodpo::mariodpo_nintendo_0242.txt,mariodpo,152.0,16.0,0.13527960526315788,0.01069078947368421,0.0,0.00041118421052631577,0.0012335526315789473,0.003289473684210526,0.001644736842105263,4.0,0.003700657894736842,0.002055921052631579,0.001644736842105263,0.0,0.0,2.0,7.0,2.0,0.05263157894736842,0.046052631578947366,0.03473774502558846,2.09564754154675,1.9271523178807948,3.263157894736842,13.0,8.0,1.9342105263157894,0.8515625,0.16447368421052633,2.290010360223502,0.7979948941579289,0.0723334695545566,-0.06126644736842105,0.8573517180318503
mariodpo::mariodpo_nintendo_0243.txt,mariodpo,187.0,16.0,0.14572192513368984,0.0016711229946524064,0.00267379679144385,0.0033422459893048127,0.0,0.01270053475935829,0.003676470588235294,11.0,0.007018716577540107,0.003676470588235294,0.002339572192513369,0.00033422459893048126,0.0006684491978609625,4.0,11.0,2.0,0.06417112299465241,0.058823529411764705,0.021955019391983743,2.305286260702758,2.0806451612903225,3.3850267379679146,11.0,10.0,2.171122994652406,0.8272058823529411,0.20855614973262032,3.168636689050943,0.9796111061978235,0.08679747256401729,-0.07286096256684492,0.8535733103295535
mariodpo::mariodpo_nintendo_0244.txt,mariodpo,181.0,16.0,0.14226519337016574,0.0051795580110497235,0.0017265193370165745,0.0020718232044198894,0.0003453038674033149,0.006215469613259668,0.0027624309392265192,8.0,0.004143646408839779,0.0017265193370165745,0.0013812154696132596,0.0010359116022099447,0.0,3.0,9.0,2.0,0.06077348066298342,0.049723756906077346,0.0020117262631076382,1.7559290154815321,1.3666666666666667,2.9889502762430937,12.0,12.0,2.149171270718232,0.8404696132596685,0.23204419889502761,2.8737817751493226,0.8877695680620932,0.08965991068361388,-0.06767955801104972,0.843216561203277
mariodpo::mariodpo_nintendo_0245.txt,mariodpo,185.0,16.0,0.1293918918918919,0.0,0.0,0.0016891891891891893,0.0,0.02364864864864865,0.0016891891891891893,5.0,0.0030405405405405407,0.002364864864864865,0.0006756756756756757,0.0,0.0,2.0,12.0,3.0,0.08108108108108109,0.06486486486486487,9.13528538171171e-06,1.4485465686299621,1.6630434782608696,2.654054054054054,11.0,8.0,1.972972972972973,0.8371621621621622,0.16216216216216217,2.543867072426613,0.8895363227714064,0.07563025210084033,-0.09054054054054055,0.8456007957549585
mariodpo::mariodpo_nintendo_0246.txt,mariodpo,168.0,16.0,0.13616071428571427,0.005208333333333333,0.0003720238095238095,0.0018601190476190475,0.0,0.01488095238095238,0.0026041666666666665,7.0,0.008928571428571428,0.004464285714285714,0.002976190476190476,0.001488095238095238,0.0,3.0,12.0,3.0,0.10119047619047619,0.07142857142857142,0.014408439658589733,1.9312925692309781,1.4431137724550898,3.1011904761904763,13.0,8.0,2.0714285714285716,0.8333333333333334,0.30357142857142855,3.6334901509904522,0.9979376380678331,0.097669256381798,-0.11644345238095237,0.8590239466972971
mariodpo::mariodpo_nintendo_0247.txt,mariodpo,198.0,16.0,0.11458333333333333,0.005681818181818182,0.0003156565656565657,0.003787878787878788,0.0003156565656565657,0.0025252525252525255,0.004103535353535354,13.0,0.005366161616161616,0.004103535353535354,0.0012626262626262627,0.0,0.0,2.0,26.0,3.0,0.1919191919191919,0.13131313131313133,0.06497085899604804,2.7421266370426878,2.0913705583756346,3.8686868686868685,11.0,8.0,1.6515151515151516,0.8238636363636364,0.26262626262626265,3.9299634745318905,1.0562498070737794,0.09959158027018536,-0.20075757575757575,0.8761829652996845
mariodpo::mariodpo_nintendo_0248.txt,mariodpo,184.0,16.0,0.11311141304347826,0.010529891304347826,0.00033967391304347825,0.004755434782608696,0.0006793478260869565,0.004755434782608696,0.005434782608695652,16.0,0.0030570652173913045,0.0006793478260869565,0.002377717391304348,0.0,0.0,2.0,20.0,3.0,0.1358695652173913,0.10869565217391304,0.018220255297515142,2.5046962903899903,1.5519125683060109,3.6847826086956523,11.0,8.0,1.6141304347826086,0.8315217391304348,0.28804347826086957,4.019040412883799,1.0436434521969673,0.09969584319026699,-0.14164402173913043,0.8576858108108109
mariodpo::mariodpo_nintendo_0249.txt,mariodpo,192.0,16.0,0.12858072916666666,0.004557291666666667,0.0006510416666666666,0.005208333333333333,0.0006510416666666666,0.0026041666666666665,0.006184895833333333,19.0,0.00390625,0.0016276041666666667,0.001953125,0.0003255208333333333,0.0,3.0,15.0,3.0,0.109375,0.078125,0.03988491199427291,2.374305444290534,2.130890052356021,3.5989583333333335,13.0,8.0,1.8802083333333333,0.8385416666666666,0.2760416666666667,3.9051503713957016,0.9866329618929606,0.1000971817298348,-0.11490885416666667,0.8669093851132686
mariodpo::mariodpo_nintendo_0250.txt,mariodpo,199.0,16.0,0.12342964824120603,0.0043969849246231155,0.000314070351758794,0.000628140703517588,0.000628140703517588,0.014447236180904523,0.001256281407035176,4.0,0.007223618090452261,0.002512562814070352,0.00314070351758794,0.000314070351758794,0.001256281407035176,4.0,15.0,3.0,0.09045226130653267,0.07537688442211055,0.06580575761136209,1.848869886205812,1.7878787878787878,2.959798994974874,11.0,3.0,1.8190954773869348,0.8498743718592965,0.18090452261306533,2.8052928454974375,0.8520574171000419,0.07502344482650829,-0.1039572864321608,0.8440779248184875
mariodpo::mariodpo_nintendo_0251.txt,mariodpo,180.0,16.0,0.12013888888888889,0.010416666666666666,0.00034722222222222224,0.0045138888888888885,0.00034722222222222224,0.004861111111111111,0.004861111111111111,14.0,0.003125,0.0006944444444444445,0.001736111111111111,0.0,0.0006944444444444445,3.0,21.0,3.0,0.17222222222222222,0.11666666666666667,0.023995511618761012,2.9106607504651683,2.4078212290502794,3.9611111111111112,13.0,8.0,1.6611111111111112,0.8361111111111111,0.3277777777777778,4.055792836610424,1.0154434962041603,0.10535405872193437,-0.17881944444444442,0.8782786885245901
mariodpo::mariodpo_nintendo_0252.txt,mariodpo,161.0,16.0,0.12150621118012422,0.005046583850931677,0.0,0.0019409937888198758,0.0,0.0015527950310559005,0.0019409937888198758,5.0,0.002717391304347826,0.0011645962732919255,0.0015527950310559005,0.0,0.0,2.0,17.0,3.0,0.12422360248447205,0.10559006211180125,0.006439010365452247,2.729760868850796,1.5625,3.751552795031056,11.0,7.0,1.7515527950310559,0.8291925465838509,0.2981366459627329,3.476646187901265,1.006390371894509,0.0995754534928599,-0.1343167701863354,0.8520564918351534
mariodpo::mariodpo_nintendo_0253.txt,mariodpo,168.0,16.0,0.12946428571428573,0.002232142857142857,0.0011160714285714285,0.0011160714285714285,0.0003720238095238095,0.003720238095238095,0.001488095238095238,4.0,0.005580357142857143,0.0026041666666666665,0.0026041666666666665,0.0003720238095238095,0.0,3.0,8.0,2.0,0.05357142857142857,0.047619047619047616,3.489668619183206e-06,1.8354471068329066,1.8802395209580838,2.994047619047619,11.0,6.0,1.8988095238095237,0.8556547619047619,0.1488095238095238,2.3436724392531283,0.781433813720068,0.07621161672216056,-0.06361607142857142,0.8501927813762385
mariodpo::mariodpo_nintendo_0254.txt,mariodpo,154.0,16.0,0.11160714285714286,0.008928571428571428,0.0,0.005275974025974026,0.0,0.002435064935064935,0.005275974025974026,13.0,0.005275974025974026,0.002435064935064935,0.002840909090909091,0.0,0.0,2.0,17.0,3.0,0.18181818181818182,0.11038961038961038,0.12317888898222062,2.768085042601418,1.934640522875817,4.207792207792208,11.0,4.0,1.5129870129870129,0.833198051948052,0.36363636363636365,4.258874206632708,1.0111072236781449,0.11657926583299717,-0.19155844155844157,0.8754310597618908
mariodpo::mariodpo_nintendo_0255.txt,mariodpo,183.0,16.0,0.13353825136612021,0.00819672131147541,0.0,0.0030737704918032786,0.0,0.006830601092896175,0.0030737704918032786,9.0,0.0047814207650273225,0.0010245901639344263,0.00273224043715847,0.0,0.0010245901639344263,3.0,16.0,3.0,0.1366120218579235,0.08743169398907104,0.028649175363987145,2.686288023463631,1.7472527472527473,3.907103825136612,11.0,10.0,1.9453551912568305,0.8227459016393442,0.29508196721311475,4.092908404793726,1.0806225576671094,0.09616038056405028,-0.146516393442623,0.8630173084985326
mariodpo::mariodpo_nintendo_0256.txt,mariodpo,163.0,16.0,0.1437883435582822,0.004601226993865031,0.0007668711656441718,0.0019171779141104294,0.0003834355828220859,0.0,0.0023006134969325155,6.0,0.003067484662576687,0.0007668711656441718,0.0007668711656441718,0.0015337423312883436,0.0,3.0,11.0,3.0,0.1165644171779141,0.06748466257668712,0.0023207006907981498,1.9516481484711465,1.6666666666666667,3.03680981595092,11.0,10.0,2.196319018404908,0.8454754601226994,0.22085889570552147,2.83916025771102,0.8695719915736393,0.08349218452154022,-0.12653374233128833,0.8485281815654087
mariodpo::mariodpo_nintendo_0257.txt,mariodpo,173.0,16.0,0.12030346820809248,0.006141618497109827,0.000722543352601156,0.001083815028901734,0.000361271676300578,0.002890173410404624,0.001445086705202312,4.0,0.007947976878612716,0.002890173410404624,0.0050578034682080926,0.0,0.0,2.0,14.0,3.0,0.13872832369942195,0.08092485549132948,0.0024979480844359303,2.0575413134260034,1.6511627906976745,3.0173410404624277,11.0,6.0,1.7861271676300579,0.8634393063583815,0.16184971098265896,2.7525746779123486,0.7743843976187151,0.0797700323392023,-0.1539017341040462,0.8413824833609586
mariodpo::mariodpo_nintendo_0258.txt,mariodpo,188.0,16.0,0.12034574468085106,0.004654255319148936,0.0,0.0,0.0003324468085106383,0.003989361702127659,0.0003324468085106383,1.0,0.004986702127659575,0.0009973404255319148,0.0029920212765957447,0.0,0.0009973404255319148,3.0,16.0,3.0,0.11170212765957446,0.0851063829787234,0.04496270438019767,1.7914149060861706,1.6042780748663101,2.9202127659574466,11.0,3.0,1.7819148936170213,0.8663563829787234,0.13829787234042554,2.4335028428777856,0.7355555885695584,0.06946741647370162,-0.12433510638297872,0.8490235019707758
mariodpo::mariodpo_nintendo_0259.txt,mariodpo,175.0,16.0,0.1325,0.010714285714285714,0.004642857142857143,0.0067857142857142855,0.00035714285714285714,0.002857142857142857,0.007142857142857143,20.0,0.010357142857142856,0.005714285714285714,0.003928571428571429,0.0007142857142857143,0.0,3.0,8.0,3.0,0.07428571428571429,0.045714285714285714,0.0012489965837438888,2.847986641929499,1.7126436781609196,4.1085714285714285,11.0,8.0,1.8514285714285714,0.8117857142857143,0.35428571428571426,4.209114241525148,1.1427206308095315,0.11225577264653641,-0.08607142857142858,0.8809335443037974
mariodpo::mariodpo_nintendo_0260.txt,mariodpo,185.0,16.0,0.12972972972972974,0.004054054054054054,0.0033783783783783786,0.0037162162162162164,0.00033783783783783786,0.007432432432432433,0.004054054054054054,12.0,0.007094594594594595,0.005067567567567568,0.0013513513513513514,0.0006756756756756757,0.0,3.0,8.0,1.0,0.043243243243243246,0.043243243243243246,0.009753794096316937,1.7998753812377253,1.5978260869565217,3.0216216216216214,11.0,6.0,1.9351351351351351,0.8476351351351351,0.1945945945945946,2.676650374279575,0.8470267989735052,0.07495798319327732,-0.048986486486486486,0.8459892912970474
mariodpo::mariodpo_nintendo_0261.txt,mariodpo,152.0,16.0,0.125,0.002055921052631579,0.0,0.0,0.0,0.006578947368421052,0.0,0.0,0.005756578947368421,0.003289473684210526,0.0008223684210526315,0.0,0.001644736842105263,3.0,9.0,3.0,0.07894736842105263,0.05921052631578947,0.018573482461106572,1.5142488555107245,1.6556291390728477,2.7697368421052633,11.0,5.0,1.875,0.8573190789473685,0.17105263157894737,2.259385215275781,0.7770403113698632,0.0760114425827544,-0.09457236842105263,0.8582894390469515
mariodpo::mariodpo_nintendo_0262.txt,mariodpo,158.0,16.0,0.12223101265822785,0.0015822784810126582,0.0031645569620253164,0.003560126582278481,0.0,0.006329113924050633,0.003560126582278481,9.0,0.007911392405063292,0.005142405063291139,0.0023734177215189874,0.00039556962025316455,0.0,3.0,11.0,3.0,0.10126582278481013,0.06962025316455696,0.00029245727325066806,1.5945247612516837,1.6560509554140128,2.6962025316455698,11.0,8.0,1.8417721518987342,0.8552215189873418,0.17088607594936708,2.6135051869196646,0.8195819596529127,0.08100668501769563,-0.11511075949367088,0.838558871463053
mariodpo::mariodpo_nintendo_0263.txt,mariodpo,161.0,16.0,0.11801242236024845,0.0,0.0,0.0015527950310559005,0.0,0.007763975155279503,0.0019409937888198758,5.0,0.0015527950310559005,0.00038819875776397513,0.00038819875776397513,0.0007763975155279503,0.0,3.0,15.0,3.0,0.12422360248447205,0.09316770186335403,8.171216400176817e-07,1.2609252900908317,1.75,2.4472049689440993,11.0,5.0,1.8012422360248448,0.8656832298136646,0.12422360248447205,1.9586797999757273,0.7313058599203446,0.06947124662292552,-0.1331521739130435,0.857550775895147
mariodpo::mariodpo_nintendo_0264.txt,mariodpo,177.0,16.0,0.19703389830508475,0.07874293785310735,0.0,0.0031779661016949155,0.00035310734463276836,0.03389830508474576,0.0035310734463276836,10.0,0.006709039548022599,0.00423728813559322,0.0024717514124293787,0.0,0.0,2.0,17.0,2.0,0.12994350282485875,0.096045197740113,0.07338340506372432,2.313082977713443,0.8409090909090909,11.508474576271187,13.0,7.0,2.152542372881356,0.7492937853107344,0.3107344632768362,4.276086012863325,1.3815649227482105,0.10221285563751317,-0.13877118644067796,0.8658061040246957
mariodpo::mariodpo_nintendo_0265.txt,mariodpo,190.0,16.0,0.13486842105263158,0.0042763157894736845,0.003289473684210526,0.005592105263157895,0.0,0.005263157894736842,0.005592105263157895,17.0,0.0059210526315789476,0.0029605263157894738,0.002302631578947368,0.0,0.0006578947368421052,3.0,10.0,2.0,0.06315789473684211,0.05263157894736842,5.364002913843535e-06,2.5628541179346827,1.8941798941798942,3.7578947368421054,11.0,10.0,1.9789473684210526,0.8148026315789474,0.2736842105263158,3.785102107027457,1.1039637220332763,0.09198036006546645,-0.06875,0.8573089450509681
mariodpo::mariodpo_nintendo_0266.txt,mariodpo,161.0,16.0,0.1234472049689441,0.003105590062111801,0.0,0.0011645962732919255,0.0007763975155279503,0.003105590062111801,0.0019409937888198758,5.0,0.007375776397515528,0.003105590062111801,0.0034937888198757765,0.0007763975155279503,0.0,3.0,14.0,3.0,0.09937888198757763,0.08695652173913043,0.005343486142935783,1.8576585979907612,1.7875,2.8944099378881987,11.0,6.0,1.8385093167701863,0.859472049689441,0.19254658385093168,2.6451185226269143,0.7891702977291615,0.08182169046700116,-0.11413043478260869,0.8449609760875074
mariodpo::mariodpo_nintendo_0267.txt,mariodpo,154.0,16.0,0.125,0.00487012987012987,0.00040584415584415587,0.0036525974025974025,0.0008116883116883117,0.017857142857142856,0.004464285714285714,11.0,0.006493506493506494,0.003246753246753247,0.0008116883116883117,0.00040584415584415587,0.002029220779220779,4.0,10.0,3.0,0.09740259740259741,0.06493506493506493,0.009907625957980004,2.435780390535313,1.4183006535947713,3.6233766233766236,11.0,8.0,1.8311688311688312,0.8064123376623377,0.35714285714285715,4.020605247084289,1.1785821508992398,0.11698265429608713,-0.10917207792207793,0.8847676797194624
mariodpo::mariodpo_nintendo_0268.txt,mariodpo,185.0,16.0,0.13243243243243244,0.006081081081081081,0.0006756756756756757,0.0016891891891891893,0.00033783783783783786,0.005405405405405406,0.002027027027027027,6.0,0.006756756756756757,0.002364864864864865,0.002702702702702703,0.0006756756756756757,0.0010135135135135136,4.0,15.0,3.0,0.12432432432432433,0.08108108108108109,0.016734502369398996,2.2371931273223873,2.130434782608696,3.2216216216216216,11.0,8.0,1.9243243243243244,0.8496621621621622,0.22702702702702704,3.2379160787288095,0.8840783919005935,0.0853781512605042,-0.13716216216216218,0.8491843765849496
mariodpo::mariodpo_nintendo_0269.txt,mariodpo,166.0,16.0,0.1434487951807229,0.0011295180722891566,0.002259036144578313,0.0018825301204819277,0.00037650602409638556,0.00677710843373494,0.002259036144578313,6.0,0.006400602409638554,0.0030120481927710845,0.002259036144578313,0.0011295180722891566,0.0,3.0,5.0,3.0,0.04216867469879518,0.030120481927710843,0.017442811649787004,1.6472392419399842,1.5515151515151515,2.9698795180722892,11.0,7.0,2.144578313253012,0.8365963855421686,0.20481927710843373,2.842360401257889,0.9124592013041117,0.08461250467989517,-0.05534638554216867,0.8448841163678303
mariodpo::mariodpo_nintendo_0270.txt,mariodpo,191.0,16.0,0.13154450261780104,0.009162303664921465,0.00556282722513089,0.006217277486910994,0.0003272251308900524,0.0058900523560209425,0.007198952879581152,22.0,0.00556282722513089,0.003599476439790576,0.001963350785340314,0.0,0.0,2.0,12.0,3.0,0.09424083769633508,0.06282722513089005,0.017377714736076744,2.322291993380837,1.5473684210526315,3.345549738219895,11.0,6.0,1.8795811518324608,0.8455497382198953,0.25654450261780104,3.5603776315813898,0.9216553480202269,0.08401172256593943,-0.10045811518324607,0.8535155026044372
mariodpo::mariodpo_nintendo_0271.txt,mariodpo,186.0,16.0,0.1431451612903226,0.0030241935483870967,0.0013440860215053765,0.0023521505376344087,0.0003360215053763441,0.004704301075268817,0.0030241935483870967,9.0,0.008064516129032258,0.003360215053763441,0.002688172043010753,0.0013440860215053765,0.0006720430107526882,4.0,14.0,2.0,0.08064516129032258,0.07526881720430108,0.002880089919630624,1.9461357811483293,1.6756756756756757,3.0268817204301075,11.0,11.0,2.161290322580645,0.8370295698924731,0.20430107526881722,3.026157930771939,0.927644821319001,0.08291541290538282,-0.09106182795698925,0.8440324689228138
mariodpo::mariodpo_nintendo_0272.txt,mariodpo,162.0,16.0,0.20717592592592593,0.08989197530864197,0.0007716049382716049,0.006172839506172839,0.0007716049382716049,0.006944444444444444,0.006944444444444444,18.0,0.0073302469135802465,0.0030864197530864196,0.004243827160493827,0.0,0.0,2.0,13.0,2.0,0.09876543209876543,0.08024691358024691,0.6045602117415557,2.5583383938709416,1.1304347826086956,7.6234567901234565,13.0,8.0,2.3209876543209877,0.7673611111111112,0.2962962962962963,4.154767654490166,1.227138010828803,0.09819716148830072,-0.10532407407407407,0.852592928480338
mariodpo::mariodpo_nintendo_0273.txt,mariodpo,176.0,16.0,0.109375,0.002840909090909091,0.0014204545454545455,0.00887784090909091,0.0,0.012073863636363636,0.00887784090909091,25.0,0.004616477272727273,0.002840909090909091,0.0014204545454545455,0.0003551136363636364,0.0,3.0,18.0,3.0,0.19318181818181818,0.10227272727272728,0.04059426979715508,3.2837004732555584,1.7485714285714287,4.9375,11.0,3.0,1.4715909090909092,0.7592329545454546,0.3068181818181818,4.6000885256861785,1.2983958192427076,0.10844224655598729,-0.1974431818181818,0.880700325732899
mariodpo::mariodpo_nintendo_0274.txt,mariodpo,151.0,16.0,0.12748344370860928,0.005794701986754967,0.0020695364238410598,0.0016556291390728477,0.0004139072847682119,0.019867549668874173,0.0020695364238410598,5.0,0.011589403973509934,0.006622516556291391,0.0024834437086092716,0.0,0.0024834437086092716,3.0,6.0,2.0,0.046357615894039736,0.039735099337748346,0.001780596821319036,1.6190058146110862,1.3866666666666667,2.8675496688741724,11.0,3.0,1.8940397350993377,0.8336092715231788,0.23178807947019867,2.863668388456396,0.946444234024672,0.09461127108185932,-0.06250000000000001,0.8343925851974111
mariodpo::mariodpo_nintendo_0275.txt,mariodpo,179.0,16.0,0.11696927374301676,0.0031424581005586594,0.002094972067039106,0.004189944134078212,0.0,0.00558659217877095,0.004539106145251397,13.0,0.005935754189944134,0.001047486033519553,0.002793296089385475,0.001047486033519553,0.001047486033519553,4.0,18.0,3.0,0.17318435754189945,0.1005586592178771,0.006582497066937143,2.227176346036977,2.101123595505618,3.1284916201117317,11.0,8.0,1.7262569832402235,0.8432262569832403,0.29608938547486036,3.632177411864112,0.9706287008835064,0.09899270580062522,-0.1829608938547486,0.8629348795718109
mariodpo::mariodpo_nintendo_0276.txt,mariodpo,194.0,16.0,0.16237113402061856,0.02416237113402062,0.0006443298969072165,0.001288659793814433,0.0,0.011920103092783504,0.001288659793814433,4.0,0.00547680412371134,0.0032216494845360823,0.0022551546391752575,0.0,0.0,2.0,13.0,3.0,0.0979381443298969,0.06701030927835051,0.05096807220496413,3.8130293913534192,1.9378238341968912,5.206185567010309,13.0,10.0,2.2628865979381443,0.814110824742268,0.29896907216494845,3.855981512931119,1.0782061480167167,0.09971144597627445,-0.10985824742268041,0.875
mariodpo::mariodpo_nintendo_0277.txt,mariodpo,161.0,16.0,0.13159937888198758,0.005434782608695652,0.005434782608695652,0.006599378881987578,0.0011645962732919255,0.011645962732919254,0.007763975155279503,20.0,0.006987577639751553,0.002717391304347826,0.0015527950310559005,0.00038819875776397513,0.002329192546583851,4.0,12.0,2.0,0.09316770186335403,0.07453416149068323,0.024786747514539353,1.8986726406588679,1.8625,3.0683229813664594,11.0,8.0,1.9440993788819876,0.8377329192546584,0.2919254658385093,3.2848698397936604,0.9755377445845499,0.09494403705133153,-0.09860248447204968,0.8524544374179062
mariodpo::mariodpo_nintendo_0278.txt,mariodpo,178.0,16.0,0.11551966292134831,0.008426966292134831,0.00035112359550561797,0.004564606741573034,0.00035112359550561797,0.0028089887640449437,0.0049157303370786515,14.0,0.0049157303370786515,0.002106741573033708,0.0028089887640449437,0.0,0.0,2.0,16.0,3.0,0.1853932584269663,0.0898876404494382,0.0477678912467141,3.106223574309898,1.6271186440677967,4.634831460674158,11.0,6.0,1.5617977528089888,0.7903792134831461,0.25842696629213485,4.247836410223286,1.1921365152242893,0.10303877052043312,-0.19382022471910113,0.8694915254237289
mariodpo::mariodpo_nintendo_0279.txt,mariodpo,167.0,16.0,0.10067365269461077,0.006736526946107785,0.001122754491017964,0.006362275449101796,0.00037425149700598805,0.0037425149700598802,0.006736526946107785,18.0,0.004116766467065869,0.0014970059880239522,0.0018712574850299401,0.0,0.0007485029940119761,3.0,16.0,3.0,0.16167664670658682,0.09580838323353294,0.0691072361807098,2.4173289871965387,1.4216867469879517,3.7425149700598803,11.0,3.0,1.437125748502994,0.8390718562874252,0.2934131736526946,4.237535494465957,0.9862593532608105,0.0989951618905843,-0.1680389221556886,0.8470425881992805
mariodpo::mariodpo_nintendo_0280.txt,mariodpo,195.0,16.0,0.12051282051282051,0.008012820512820512,0.0009615384615384616,0.003205128205128205,0.0003205128205128205,0.008333333333333333,0.004166666666666667,13.0,0.0038461538461538464,0.0016025641025641025,0.0022435897435897434,0.0,0.0,2.0,21.0,3.0,0.15384615384615385,0.1076923076923077,0.03651468721914419,2.631267087204552,1.768041237113402,3.6,13.0,8.0,1.7384615384615385,0.8246794871794871,0.24102564102564103,3.4086385542207145,1.0432902776486634,0.0937799043062201,-0.16121794871794873,0.8597544102386717
mariodpo::mariodpo_nintendo_0281.txt,mariodpo,196.0,16.0,0.13010204081632654,0.002551020408163265,0.00031887755102040814,0.0006377551020408163,0.0,0.007653061224489796,0.0006377551020408163,2.0,0.009566326530612245,0.007334183673469388,0.0009566326530612245,0.0,0.0012755102040816326,3.0,14.0,2.0,0.08163265306122448,0.07142857142857142,9.83726367923543e-05,1.5484116910157666,1.2307692307692308,2.7755102040816326,11.0,6.0,1.989795918367347,0.8482142857142857,0.16326530612244897,2.6230522970067276,0.8527471393178084,0.07648365598222787,-0.09566326530612246,0.8436151315694836
mariodpo::mariodpo_nintendo_0282.txt,mariodpo,187.0,16.0,0.1373663101604278,0.0033422459893048127,0.0030080213903743314,0.0033422459893048127,0.0,0.004679144385026738,0.003676470588235294,11.0,0.007018716577540107,0.004679144385026738,0.002005347593582888,0.00033422459893048126,0.0,3.0,13.0,3.0,0.0962566844919786,0.06951871657754011,0.05524811738507429,1.7575870366444577,1.3870967741935485,2.946524064171123,11.0,10.0,2.090909090909091,0.8435828877005348,0.1711229946524064,2.729839000183287,0.8907916273958744,0.07482540738277353,-0.10762032085561497,0.8506639850869884
mariodpo::mariodpo_nintendo_0283.txt,mariodpo,185.0,16.0,0.1304054054054054,0.007770270270270271,0.002027027027027027,0.0016891891891891893,0.00033783783783783786,0.018581081081081082,0.002027027027027027,6.0,0.01114864864864865,0.004391891891891892,0.004391891891891892,0.0,0.002364864864864865,3.0,9.0,3.0,0.07027027027027027,0.04864864864864865,0.0014675983370463497,1.9652675912332485,1.6358695652173914,3.054054054054054,13.0,8.0,1.8972972972972972,0.8337837837837838,0.21621621621621623,3.03813621433708,0.9583883702602641,0.08907563025210084,-0.0875,0.8482443871620078
mariodpo::mariodpo_nintendo_0284.txt,mariodpo,156.0,16.0,0.13341346153846154,0.013221153846153846,0.004006410256410256,0.003605769230769231,0.0016025641025641025,0.002403846153846154,0.005608974358974359,14.0,0.007211538461538462,0.0016025641025641025,0.004407051282051282,0.001201923076923077,0.0,3.0,8.0,2.0,0.07692307692307693,0.05128205128205128,0.0005429801176449756,1.9674664619307503,1.735483870967742,3.051282051282051,13.0,8.0,1.891025641025641,0.8469551282051282,0.22435897435897437,2.9629011283371645,0.8665227246036606,0.08641975308641975,-0.08493589743589745,0.8429552325014593
mariodpo::mariodpo_nintendo_0285.txt,mariodpo,153.0,16.0,0.15359477124183007,0.0032679738562091504,0.0,0.0,0.0,0.0024509803921568627,0.0,0.0,0.0028594771241830064,0.0016339869281045752,0.0012254901960784314,0.0,0.0,2.0,9.0,3.0,0.0784313725490196,0.058823529411764705,0.010058333680356246,1.9682362734630083,1.861842105263158,3.1176470588235294,13.0,10.0,2.3529411764705883,0.8361928104575164,0.16993464052287582,2.4756897305385226,0.8846199243816297,0.07714169711733658,-0.09109477124183007,0.8520587137274157
mariodpo::mariodpo_nintendo_0286.txt,mariodpo,191.0,16.0,0.1393979057591623,0.003926701570680628,0.0013089005235602095,0.0016361256544502618,0.0003272251308900524,0.0013089005235602095,0.001963350785340314,6.0,0.004253926701570681,0.0013089005235602095,0.0022905759162303663,0.0,0.0006544502617801048,3.0,20.0,3.0,0.12041884816753927,0.10471204188481675,0.0005842130526426681,2.188465805559924,2.0842105263157893,3.094240837696335,11.0,10.0,2.089005235602094,0.8488219895287958,0.17277486910994763,2.754445964285054,0.8536920927150612,0.07945294692282644,-0.1305628272251309,0.8480964980837912
mariodpo::mariodpo_nintendo_0287.txt,mariodpo,180.0,16.0,0.11041666666666666,0.005208333333333333,0.003472222222222222,0.007291666666666667,0.00034722222222222224,0.003472222222222222,0.007638888888888889,22.0,0.005208333333333333,0.0020833333333333333,0.0024305555555555556,0.0,0.0006944444444444445,3.0,19.0,3.0,0.15555555555555556,0.10555555555555556,0.04811251733055155,2.2373945164440756,1.9553072625698324,3.238888888888889,11.0,3.0,1.5888888888888888,0.8430555555555556,0.28888888888888886,3.8384116828387094,0.9572016512641477,0.09602763385146805,-0.16145833333333334,0.8627804536032191
mariodpo::mariodpo_nintendo_0288.txt,mariodpo,189.0,16.0,0.13260582010582012,0.008267195767195767,0.0006613756613756613,0.00033068783068783067,0.00033068783068783067,0.0013227513227513227,0.0006613756613756613,2.0,0.006613756613756613,0.004298941798941799,0.0023148148148148147,0.0,0.0,2.0,13.0,3.0,0.08994708994708994,0.06878306878306878,0.0327686842124193,1.9513705524145335,1.6702127659574468,3.0846560846560847,11.0,5.0,1.8941798941798942,0.8541666666666666,0.13756613756613756,2.642262318642807,0.8068576341695302,0.07337940111878907,-0.10383597883597882,0.8491152553397882
mariodpo::mariodpo_nintendo_0289.txt,mariodpo,196.0,16.0,0.12085459183673469,0.0031887755102040817,0.0006377551020408163,0.001913265306122449,0.0,0.001913265306122449,0.001913265306122449,6.0,0.006058673469387755,0.0028698979591836736,0.001913265306122449,0.0006377551020408163,0.0006377551020408163,4.0,17.0,3.0,0.12244897959183673,0.08673469387755102,0.0027332999691048743,1.7337794872987484,1.9384615384615385,2.8418367346938775,11.0,5.0,1.8061224489795917,0.8647959183673469,0.15306122448979592,2.51482196325566,0.7540532342413443,0.07648365598222787,-0.13424744897959184,0.8486437200172801
mariodpo::mariodpo_nintendo_0290.txt,mariodpo,165.0,16.0,0.12045454545454545,0.0011363636363636363,0.0003787878787878788,0.004545454545454545,0.0,0.012878787878787878,0.004545454545454545,12.0,0.0022727272727272726,0.0007575757575757576,0.0007575757575757576,0.0007575757575757576,0.0,3.0,11.0,3.0,0.13333333333333333,0.06666666666666667,0.006656500700179424,1.4567393379201143,1.7073170731707317,2.56969696969697,11.0,6.0,1.8242424242424242,0.8553030303030303,0.20606060606060606,2.6293104876412903,0.8177893293452656,0.07796610169491526,-0.14015151515151514,0.8477709397882669
mariodpo::mariodpo_nintendo_0291.txt,mariodpo,185.0,16.0,0.12398648648648648,0.010135135135135136,0.004391891891891892,0.004054054054054054,0.00033783783783783786,0.006081081081081081,0.004391891891891892,13.0,0.0057432432432432436,0.0030405405405405407,0.002364864864864865,0.00033783783783783786,0.0,3.0,18.0,3.0,0.11891891891891893,0.0972972972972973,2.5374374476916373e-05,2.3271106457657385,2.0,3.2432432432432434,11.0,6.0,1.772972972972973,0.856081081081081,0.25405405405405407,3.0492821966093975,0.8485337253228497,0.08907563025210084,-0.1283783783783784,0.8478438548616157
mariodpo::mariodpo_nintendo_0292.txt,mariodpo,165.0,16.0,0.15113636363636362,0.005303030303030303,0.0003787878787878788,0.0022727272727272726,0.0007575757575757576,0.012121212121212121,0.003787878787878788,10.0,0.008712121212121213,0.0011363636363636363,0.003409090909090909,0.0015151515151515152,0.0026515151515151517,4.0,8.0,2.0,0.06060606060606061,0.048484848484848485,0.004511992012692478,2.1659848882866006,1.6951219512195121,3.303030303030303,11.0,10.0,2.2666666666666666,0.8200757575757576,0.28484848484848485,3.3742334569938586,1.0493106109669799,0.09981167608286252,-0.0715909090909091,0.8538091547397703
mariodpo::mariodpo_nintendo_0293.txt,mariodpo,159.0,16.0,0.12657232704402516,0.0031446540880503146,0.0011792452830188679,0.0007861635220125787,0.00039308176100628933,0.008647798742138365,0.0015723270440251573,4.0,0.01061320754716981,0.005110062893081761,0.0047169811320754715,0.0,0.0007861635220125787,3.0,8.0,1.0,0.050314465408805034,0.050314465408805034,0.010775068481325256,1.3020782105338526,1.1772151898734178,2.6352201257861636,11.0,3.0,1.9056603773584906,0.847877358490566,0.16352201257861634,2.3847396430838894,0.8311011935758559,0.07776475185619383,-0.0625,0.8589318265652303
mariodpo::mariodpo_nintendo_0294.txt,mariodpo,150.0,16.0,0.12375,0.0008333333333333334,0.0016666666666666668,0.0020833333333333333,0.0,0.008333333333333333,0.002916666666666667,7.0,0.008333333333333333,0.004166666666666667,0.0016666666666666668,0.0004166666666666667,0.0020833333333333333,4.0,7.0,3.0,0.06666666666666667,0.04666666666666667,8.000544933350895e-05,1.3345253902642584,1.570469798657718,2.6266666666666665,11.0,3.0,1.88,0.85125,0.20666666666666667,2.441084980573948,0.8242333590064743,0.07908902691511387,-0.08208333333333333,0.8686502308488988
mariodpo::mariodpo_nintendo_0295.txt,mariodpo,162.0,16.0,0.15316358024691357,0.008101851851851851,0.0011574074074074073,0.0038580246913580245,0.00038580246913580245,0.006944444444444444,0.004243827160493827,11.0,0.005401234567901234,0.0038580246913580245,0.0015432098765432098,0.0,0.0,2.0,6.0,3.0,0.04938271604938271,0.037037037037037035,0.01618396235445896,2.426622843540606,2.3043478260869565,3.5123456790123457,13.0,10.0,2.234567901234568,0.8256172839506173,0.2222222222222222,3.047956677713603,0.9898597011832425,0.08477176831607211,-0.059799382716049385,0.8585373308535553
mariodpo::mariodpo_nintendo_0296.txt,mariodpo,157.0,16.0,0.14052547770700638,0.0015923566878980893,0.0003980891719745223,0.002786624203821656,0.0003980891719745223,0.004777070063694267,0.0031847133757961785,8.0,0.006767515923566879,0.0023885350318471337,0.002786624203821656,0.0,0.0015923566878980893,3.0,7.0,2.0,0.050955414012738856,0.044585987261146494,0.0006508019348456795,1.9834069162590977,1.6666666666666667,3.254777070063694,11.0,8.0,2.1019108280254777,0.8272292993630573,0.25477707006369427,3.688537379735548,1.0300866411167577,0.10170162247724575,-0.06090764331210191,0.8535526116654202
mariodpo::mariodpo_nintendo_0297.txt,mariodpo,159.0,16.0,0.17885220125786164,0.05699685534591195,0.00039308176100628933,0.0066823899371069185,0.0007861635220125787,0.008647798742138365,0.007468553459119497,19.0,0.007075471698113208,0.0023584905660377358,0.0047169811320754715,0.0,0.0,2.0,12.0,2.0,0.1069182389937107,0.07547169811320754,0.3004792804973313,3.752688289950075,1.1455696202531647,6.836477987421383,13.0,8.0,2.1949685534591197,0.7936320754716981,0.32075471698113206,4.287912593684319,1.1799591833502032,0.09691285658460336,-0.11281446540880503,0.8557512826007342
mariodpo::mariodpo_nintendo_0298.txt,mariodpo,175.0,16.0,0.12321428571428572,0.0025,0.002142857142857143,0.003928571428571429,0.0,0.0035714285714285713,0.003928571428571429,11.0,0.008928571428571428,0.005714285714285714,0.0025,0.0007142857142857143,0.0,3.0,18.0,3.0,0.13142857142857142,0.10285714285714286,0.003680090294760241,1.9561548205489092,1.896551724137931,2.8857142857142857,11.0,10.0,1.8342857142857143,0.8564285714285714,0.17714285714285713,2.84009554879512,0.8298755778139502,0.08134991119005329,-0.145,0.8456443144987873
mariodpo::mariodpo_nintendo_0299.txt,mariodpo,187.0,16.0,0.12967914438502673,0.00768716577540107,0.001336898395721925,0.0016711229946524064,0.0006684491978609625,0.012032085561497326,0.002339572192513369,7.0,0.004679144385026738,0.002339572192513369,0.0006684491978609625,0.0006684491978609625,0.001002673796791444,4.0,18.0,2.0,0.10695187165775401,0.0962566844919786,0.0097466775398235,1.8841645467218704,1.7096774193548387,3.0,11.0,8.0,1.9090909090909092,0.8459224598930482,0.23529411764705882,3.1027144869404206,0.9129153732242725,0.09112071832391087,-0.11463903743315508,0.8541723370035877
mariodpo::mariodpo_nintendo_0300.txt,mariodpo,157.0,16.0,0.10947452229299363,0.004378980891719745,0.0003980891719745223,0.0035828025477707007,0.0,0.0,0.0035828025477707007,9.0,0.005971337579617835,0.0035828025477707007,0.0023885350318471337,0.0,0.0,2.0,16.0,3.0,0.19745222929936307,0.10191082802547771,0.031657069876255606,3.111473323040691,2.3846153846153846,4.407643312101911,11.0,3.0,1.4968152866242037,0.8113057324840764,0.3503184713375796,4.21407307275322,1.0698246994870946,0.11040759794222398,-0.20939490445859874,0.8675809489095437
mariodpo::mariodpo_nintendo_0301.txt,mariodpo,162.0,16.0,0.13310185185185186,0.010802469135802469,0.0019290123456790122,0.004629629629629629,0.00038580246913580245,0.0030864197530864196,0.005015432098765432,13.0,0.007716049382716049,0.004629629629629629,0.0023148148148148147,0.0,0.0007716049382716049,3.0,11.0,3.0,0.09876543209876543,0.06790123456790123,0.21528024568903792,2.582792541282432,1.7329192546583851,3.8395061728395063,13.0,8.0,1.9012345679012346,0.8429783950617284,0.2345679012345679,3.2722895834459336,0.9217619994040114,0.08745684695051784,-0.11072530864197531,0.861032520789575
mariodpo::mariodpo_nintendo_0302.txt,mariodpo,174.0,16.0,0.1307471264367816,0.0010775862068965517,0.0,0.0021551724137931034,0.00035919540229885057,0.011494252873563218,0.002514367816091954,7.0,0.004669540229885058,0.002514367816091954,0.0014367816091954023,0.0,0.0007183908045977011,3.0,13.0,3.0,0.1206896551724138,0.07471264367816093,5.930265783060662e-05,2.442606546608526,1.8728323699421965,3.396551724137931,11.0,10.0,1.9425287356321839,0.8204022988505747,0.28160919540229884,3.615361776950428,1.078825329656617,0.09646302250803858,-0.1314655172413793,0.849105461393597
mariodpo::mariodpo_nintendo_0303.txt,mariodpo,199.0,16.0,0.11871859296482412,0.006909547738693468,0.001256281407035176,0.005339195979899497,0.000628140703517588,0.003454773869346734,0.00628140703517588,20.0,0.005653266331658292,0.004711055276381909,0.000628140703517588,0.000314070351758794,0.0,3.0,18.0,3.0,0.12562814070351758,0.09045226130653267,0.002919704528688727,3.0023177865878807,2.0707070707070705,4.1206030150753765,13.0,6.0,1.6633165829145728,0.8219221105527639,0.3065326633165829,3.9779358657702617,1.0594122239790464,0.11441075336042514,-0.13253768844221103,0.8862704918032787
mariodpo::mariodpo_nintendo_0304.txt,mariodpo,185.0,16.0,0.1266891891891892,0.002702702702702703,0.0006756756756756757,0.0006756756756756757,0.00033783783783783786,0.010135135135135136,0.0010135135135135136,3.0,0.007094594594594595,0.004391891891891892,0.0010135135135135136,0.0,0.0016891891891891893,3.0,9.0,2.0,0.06486486486486487,0.04864864864864865,0.026618854098153233,1.5841436865393501,1.4130434782608696,2.810810810810811,11.0,5.0,1.9135135135135135,0.85,0.15135135135135136,2.384434877222725,0.8335705454818967,0.07361344537815126,-0.07635135135135135,0.8452709204863992
mariodpo::mariodpo_nintendo_0305.txt,mariodpo,172.0,16.0,0.12209302325581395,0.00436046511627907,0.0,0.002180232558139535,0.0,0.010901162790697675,0.002180232558139535,6.0,0.008357558139534883,0.005450581395348837,0.002543604651162791,0.0003633720930232558,0.0,3.0,13.0,3.0,0.11046511627906977,0.0755813953488372,0.03187358406921914,1.993991522728391,1.9883040935672514,3.116279069767442,11.0,5.0,1.7906976744186047,0.8484738372093024,0.21511627906976744,3.117189047384468,0.8765116622265621,0.08203830863751355,-0.12536337209302326,0.8476243014629836
mariodpo::mariodpo_nintendo_0306.txt,mariodpo,170.0,16.0,0.11875,0.0029411764705882353,0.0,0.004411764705882353,0.0003676470588235294,0.008088235294117648,0.004779411764705883,13.0,0.005147058823529412,0.002573529411764706,0.002573529411764706,0.0,0.0,2.0,12.0,3.0,0.12352941176470589,0.07058823529411765,0.0027618333932203365,2.3135403710644313,1.0650887573964498,3.3411764705882354,11.0,6.0,1.7470588235294118,0.8191176470588235,0.2647058823529412,3.39344591144162,1.0639187269018926,0.09579524680073126,-0.13272058823529412,0.8555615403577552
mariodpo::mariodpo_nintendo_0307.txt,mariodpo,176.0,16.0,0.140625,0.009232954545454546,0.0,0.0007102272727272727,0.001065340909090909,0.004261363636363636,0.0017755681818181818,5.0,0.004261363636363636,0.002130681818181818,0.0014204545454545455,0.0,0.0007102272727272727,3.0,16.0,3.0,0.11363636363636363,0.09090909090909091,0.023625119221530766,2.509218402937586,2.12,3.471590909090909,13.0,12.0,2.0738636363636362,0.8423295454545454,0.25,3.298875776493015,0.9020027997688254,0.09572589191098552,-0.12464488636363635,0.860008443304772
mariodpo::mariodpo_nintendo_0308.txt,mariodpo,173.0,16.0,0.11307803468208093,0.009031791907514452,0.0,0.004335260115606936,0.001083815028901734,0.005780346820809248,0.00541907514450867,15.0,0.004335260115606936,0.002167630057803468,0.0018063583815028901,0.000361271676300578,0.0,3.0,18.0,3.0,0.15028901734104047,0.10404624277456648,0.14303245935073372,2.470036236253654,2.127906976744186,3.9826589595375723,11.0,5.0,1.5780346820809248,0.8374277456647399,0.32947976878612717,4.133032689909869,1.0098389711710882,0.1067193675889328,-0.1578757225433526,0.8720538720538721
mariodpo::mariodpo_nintendo_0309.txt,mariodpo,189.0,16.0,0.11772486772486772,0.00033068783068783067,0.0,0.0,0.00033068783068783067,0.013558201058201057,0.00033068783068783067,1.0,0.005621693121693121,0.0033068783068783067,0.0006613756613756613,0.0016534391534391533,0.0,3.0,21.0,2.0,0.12698412698412698,0.1111111111111111,5.7898139929069e-06,1.2422836645568414,1.7659574468085106,2.4232804232804233,10.0,5.0,1.7883597883597884,0.8587962962962963,0.14285714285714285,2.417898672172733,0.7965907922444417,0.06614017769002961,-0.13756613756613756,0.8427744854475097
mariodpo::mariodpo_nintendo_0310.txt,mariodpo,168.0,16.0,0.12834821428571427,0.004092261904761905,0.0018601190476190475,0.0018601190476190475,0.000744047619047619,0.006696428571428571,0.0026041666666666665,7.0,0.0078125,0.004464285714285714,0.001488095238095238,0.0011160714285714285,0.000744047619047619,4.0,14.0,3.0,0.10714285714285714,0.08333333333333333,0.01484085197833751,1.9823061229712213,1.7724550898203593,3.0952380952380953,11.0,6.0,1.9166666666666667,0.8500744047619048,0.20833333333333334,3.051838146384451,0.8625448580640137,0.08546059933407325,-0.12127976190476189,0.8454596202380469
mariodpo::mariodpo_nintendo_0311.txt,mariodpo,156.0,16.0,0.12700320512820512,0.002403846153846154,0.0,0.002003205128205128,0.0,0.004807692307692308,0.002403846153846154,6.0,0.006009615384615385,0.002003205128205128,0.0028044871794871795,0.00040064102564102563,0.0008012820512820513,4.0,13.0,2.0,0.08974358974358974,0.08333333333333333,0.1851397706764979,1.8090272247706143,1.7096774193548387,3.128205128205128,11.0,9.0,1.8653846153846154,0.8365384615384616,0.22435897435897437,2.9143620264915326,0.9637756553892367,0.0967741935483871,-0.09975961538461539,0.8523695278412314
mariodpo::mariodpo_nintendo_0312.txt,mariodpo,163.0,16.0,0.1330521472392638,0.006134969325153374,0.0019171779141104294,0.004984662576687116,0.0,0.006134969325153374,0.004984662576687116,13.0,0.004984662576687116,0.0007668711656441718,0.003450920245398773,0.0007668711656441718,0.0,3.0,8.0,3.0,0.09815950920245399,0.049079754601226995,0.03431851635588956,2.718382294666411,1.8518518518518519,3.895705521472393,12.0,8.0,1.9079754601226995,0.8263036809815951,0.3067484662576687,3.671414330828739,1.038496065034253,0.10331681280975982,-0.10736196319018405,0.8595471886922259
mariodpo::mariodpo_nintendo_0313.txt,mariodpo,160.0,16.0,0.12421875,0.001953125,0.003125,0.003125,0.0,0.00625,0.003125,8.0,0.00546875,0.00390625,0.0015625,0.0,0.0,2.0,12.0,1.0,0.075,0.075,0.01079619651423025,1.465013843314192,1.5849056603773586,2.69375,11.0,2.0,1.85625,0.856640625,0.1375,2.280399845845566,0.7760505166782454,0.06990291262135923,-0.08046874999999999,0.8622798570023349
mariodpo::mariodpo_nintendo_0314.txt,mariodpo,191.0,16.0,0.13743455497382198,0.0006544502617801048,0.0,0.000981675392670157,0.0003272251308900524,0.02356020942408377,0.0016361256544502618,5.0,0.006544502617801047,0.002617801047120419,0.001963350785340314,0.0,0.001963350785340314,3.0,14.0,3.0,0.09947643979057591,0.07329842931937172,9.34923528450593e-06,2.101386806975224,2.094736842105263,3.06282722513089,11.0,10.0,2.0523560209424083,0.8268979057591623,0.225130890052356,3.264187028133238,0.9961561109584391,0.08857049820905243,-0.11223821989528794,0.8584387462612163
mariodpo::mariodpo_nintendo_0315.txt,mariodpo,161.0,16.0,0.15178571428571427,0.0019409937888198758,0.00038819875776397513,0.0007763975155279503,0.0,0.012422360248447204,0.0007763975155279503,2.0,0.005822981366459627,0.004270186335403727,0.0007763975155279503,0.0007763975155279503,0.0,3.0,11.0,2.0,0.08695652173913043,0.06832298136645963,4.0268794883058234e-05,2.3099944703779434,1.5375,3.298136645962733,11.0,10.0,2.3043478260869565,0.8249223602484472,0.22981366459627328,3.00541047491727,0.983780032424278,0.08375144731763798,-0.09821428571428571,0.8530628635455075
mariodpo::mariodpo_nintendo_0316.txt,mariodpo,198.0,16.0,0.1398358585858586,0.002840909090909091,0.0031565656565656565,0.003472222222222222,0.0,0.005050505050505051,0.003787878787878788,12.0,0.00726010101010101,0.004734848484848485,0.0012626262626262627,0.0006313131313131314,0.0006313131313131314,4.0,12.0,2.0,0.08080808080808081,0.06060606060606061,0.0013944923647956076,1.9511344187980715,1.5634517766497462,3.106060606060606,11.0,10.0,2.1161616161616164,0.8396464646464646,0.2222222222222222,3.2209861264171176,0.9279386254721159,0.08419729814640277,-0.0893308080808081,0.8519874146218063
mariodpo::mariodpo_nintendo_0317.txt,mariodpo,155.0,16.0,0.1217741935483871,0.0024193548387096775,0.0004032258064516129,0.0036290322580645163,0.0,0.0,0.0036290322580645163,9.0,0.004838709677419355,0.0016129032258064516,0.0020161290322580645,0.0004032258064516129,0.0008064516129032258,4.0,15.0,3.0,0.18064516129032257,0.0967741935483871,0.004750852259700733,2.1363809551530677,1.2857142857142858,3.07741935483871,11.0,10.0,1.8451612903225807,0.8358870967741936,0.27741935483870966,3.4705095911619024,0.9857894996371863,0.10100200400801604,-0.19153225806451613,0.8617973349221868
mariodpo::mariodpo_nintendo_0318.txt,mariodpo,164.0,16.0,0.12576219512195122,0.0026676829268292685,0.00038109756097560977,0.0019054878048780487,0.00038109756097560977,0.014481707317073171,0.0022865853658536584,6.0,0.008003048780487805,0.004573170731707317,0.003048780487804878,0.00038109756097560977,0.0,3.0,11.0,3.0,0.07926829268292683,0.06707317073170732,0.012714452633855067,1.6593651429828404,1.7668711656441718,2.817073170731707,11.0,6.0,1.8475609756097562,0.8452743902439024,0.22560975609756098,2.814168219892136,0.8753431986795795,0.08336491095111785,-0.09413109756097561,0.8386053806648525
mariodpo::mariodpo_nintendo_0319.txt,mariodpo,189.0,16.0,0.1527777777777778,0.0026455026455026454,0.0013227513227513227,0.000992063492063492,0.0006613756613756613,0.0,0.0016534391534391533,5.0,0.006944444444444444,0.002976190476190476,0.002976190476190476,0.00033068783068783067,0.0006613756613756613,4.0,14.0,2.0,0.07936507936507936,0.07407407407407407,0.01100891244875768,2.0152466547935126,1.7446808510638299,3.132275132275132,11.0,10.0,2.3174603174603177,0.8343253968253969,0.20105820105820105,2.8538553417643118,0.9134400368416509,0.08061862454754853,-0.08994708994708994,0.85780823198385
mariodpo::mariodpo_nintendo_0320.txt,mariodpo,199.0,16.0,0.11777638190954774,0.006595477386934673,0.00314070351758794,0.005967336683417085,0.000314070351758794,0.013190954773869347,0.00628140703517588,20.0,0.007537688442211055,0.005653266331658292,0.001256281407035176,0.000628140703517588,0.0,3.0,18.0,3.0,0.15577889447236182,0.09045226130653267,0.007313709233719212,3.0732954401977914,1.878787878787879,4.030150753768845,11.0,6.0,1.6834170854271358,0.8125,0.271356783919598,4.091646079492063,1.1236545293642557,0.09784307596123788,-0.16457286432160806,0.8674121405750799
mariodpo::mariodpo_nintendo_0321.txt,mariodpo,199.0,16.0,0.13253768844221106,0.005025125628140704,0.0009422110552763819,0.002512562814070352,0.0,0.010050251256281407,0.002512562814070352,8.0,0.004082914572864322,0.0021984924623115578,0.00157035175879397,0.000314070351758794,0.0,3.0,17.0,3.0,0.15577889447236182,0.08542713567839195,0.008337129735245807,2.4278938777946375,2.121212121212121,3.4271356783919598,11.0,10.0,1.979899497487437,0.842964824120603,0.2613065326633166,3.602107341410855,0.9453311952102783,0.09690528290090654,-0.16488693467336685,0.8774193548387097
mariodpo::mariodpo_nintendo_0322.txt,mariodpo,200.0,16.0,0.144375,0.0015625,0.0025,0.0028125,0.0,0.01125,0.0028125,9.0,0.00625,0.0021875,0.0028125,0.00125,0.0,3.0,15.0,2.0,0.09,0.075,0.0003814214553164996,1.9902700067501686,1.8592964824120604,3.07,11.0,10.0,2.185,0.83125,0.19,2.9746457382008002,0.9553437022993654,0.08242612752721618,-0.09843750000000001,0.8476520963192646
mariodpo::mariodpo_nintendo_0323.txt,mariodpo,193.0,16.0,0.1330958549222798,0.0019430051813471502,0.0006476683937823834,0.003238341968911917,0.0003238341968911917,0.011010362694300517,0.003562176165803109,11.0,0.007772020725388601,0.0045336787564766836,0.0019430051813471502,0.0003238341968911917,0.0009715025906735751,4.0,9.0,3.0,0.06217616580310881,0.046632124352331605,0.00023133077352899267,1.5441938799713162,1.4375,2.772020725388601,10.0,8.0,1.994818652849741,0.8403497409326425,0.18652849740932642,2.769799044316166,0.9056891441596009,0.0837898807605543,-0.0741580310880829,0.8504239733368634
mariodpo::mariodpo_nintendo_0324.txt,mariodpo,154.0,16.0,0.13474025974025974,0.007711038961038961,0.00040584415584415587,0.0016233766233766235,0.00040584415584415587,0.00974025974025974,0.002029220779220779,5.0,0.008116883116883116,0.004464285714285714,0.0008116883116883117,0.0,0.002840909090909091,3.0,16.0,1.0,0.1038961038961039,0.1038961038961039,0.02901162428633064,1.7535158878267383,1.9673202614379084,2.8636363636363638,13.0,10.0,2.012987012987013,0.8409090909090909,0.19480519480519481,2.713973096618185,0.9198365986652468,0.08753529649052037,-0.11323051948051949,0.8430549363835484
mariodpo::mariodpo_nintendo_0325.txt,mariodpo,152.0,16.0,0.12746710526315788,0.008634868421052632,0.0008223684210526315,0.0012335526315789473,0.00041118421052631577,0.012335526315789474,0.001644736842105263,4.0,0.004523026315789474,0.00041118421052631577,0.003700657894736842,0.00041118421052631577,0.0,3.0,12.0,3.0,0.13815789473684212,0.07894736842105263,0.11390930390095677,2.421829862726034,2.1258278145695364,3.460526315789474,13.0,6.0,1.8289473684210527,0.8490953947368421,0.2236842105263158,3.1936590266630756,0.8769304693519585,0.08827135267674703,-0.1509046052631579,0.8443049617621495
mariodpo::mariodpo_nintendo_0326.txt,mariodpo,180.0,16.0,0.13333333333333333,0.004166666666666667,0.0,0.001388888888888889,0.0010416666666666667,0.004861111111111111,0.0024305555555555556,7.0,0.00798611111111111,0.003472222222222222,0.002777777777777778,0.00034722222222222224,0.001388888888888889,4.0,8.0,2.0,0.05,0.044444444444444446,0.015514379052461114,1.5201629336982276,1.1843575418994414,2.8,11.0,8.0,2.0055555555555555,0.8475694444444445,0.2111111111111111,2.601799006131524,0.8491790848362031,0.0766839378238342,-0.061111111111111116,0.8512329708114953
mariodpo::mariodpo_nintendo_0327.txt,mariodpo,199.0,16.0,0.15577889447236182,0.0043969849246231155,0.000314070351758794,0.000628140703517588,0.000314070351758794,0.001256281407035176,0.0009422110552763819,3.0,0.005339195979899497,0.002826633165829146,0.0021984924623115578,0.000314070351758794,0.0,3.0,14.0,3.0,0.09045226130653267,0.07035175879396985,0.030291684039509326,2.1509970593029104,1.6767676767676767,3.2814070351758793,11.0,10.0,2.341708542713568,0.8326005025125628,0.19095477386934673,2.908679217689286,0.9214948112982695,0.08252578930915912,-0.10238693467336685,0.8492833536830922
mariodpo::mariodpo_nintendo_0328.txt,mariodpo,157.0,16.0,0.1429140127388535,0.0035828025477707007,0.006369426751592357,0.007563694267515924,0.0007961783439490446,0.0023885350318471337,0.00875796178343949,22.0,0.007961783439490446,0.002786624203821656,0.0035828025477707007,0.0015923566878980893,0.0,3.0,14.0,3.0,0.11464968152866242,0.08917197452229299,0.004763116628719755,2.2067591002998554,1.7692307692307692,3.1464968152866244,11.0,10.0,2.1464968152866244,0.8335987261146497,0.25477707006369427,3.4694903044811465,0.9682978747715094,0.0961614562722596,-0.12340764331210191,0.8487980916174012
mariodpo::mariodpo_nintendo_0329.txt,mariodpo,169.0,16.0,0.14349112426035504,0.0025887573964497044,0.0,0.0014792899408284023,0.0003698224852071006,0.0073964497041420114,0.0018491124260355029,5.0,0.009245562130177515,0.0033284023668639054,0.0036982248520710057,0.0011094674556213018,0.0011094674556213018,4.0,15.0,3.0,0.1242603550295858,0.08875739644970414,0.00825029699758395,2.4700956143109885,1.8095238095238095,3.514792899408284,11.0,10.0,2.1893491124260356,0.8176775147928994,0.33727810650887574,3.924085790878839,1.1013952789979702,0.10776020595807283,-0.14053254437869822,0.875135940301961
mariodpo::mariodpo_nintendo_0330.txt,mariodpo,157.0,16.0,0.11902866242038217,0.0003980891719745223,0.003980891719745223,0.003980891719745223,0.0003980891719745223,0.004777070063694267,0.004777070063694267,12.0,0.008359872611464968,0.003980891719745223,0.0035828025477707007,0.0,0.0007961783439490446,3.0,11.0,3.0,0.09554140127388536,0.07006369426751592,0.0005587914788007797,1.2630771277025448,1.4871794871794872,2.515923566878981,11.0,3.0,1.8089171974522293,0.85828025477707,0.15286624203821655,2.35479490448656,0.7858900316331651,0.07637514839730906,-0.10867834394904459,0.8552316926983813
mariodpo::mariodpo_nintendo_0331.txt,mariodpo,152.0,16.0,0.13363486842105263,0.0012335526315789473,0.00041118421052631577,0.0008223684210526315,0.0,0.005756578947368421,0.0008223684210526315,2.0,0.005756578947368421,0.0028782894736842104,0.002055921052631579,0.0,0.0008223684210526315,3.0,14.0,2.0,0.1118421052631579,0.09210526315789473,0.013860494989408112,1.7026308505460854,1.8013245033112584,2.7697368421052633,11.0,10.0,2.0328947368421053,0.8490953947368421,0.19736842105263158,2.52004744523564,0.8563312004432586,0.085002043318349,-0.12335526315789475,0.8342267377922415
mariodpo::mariodpo_nintendo_0332.txt,mariodpo,171.0,16.0,0.125,0.003289473684210526,0.0,0.001827485380116959,0.0,0.008771929824561403,0.001827485380116959,5.0,0.003289473684210526,0.0007309941520467836,0.0021929824561403508,0.0003654970760233918,0.0,3.0,16.0,3.0,0.16374269005847952,0.0935672514619883,0.04195003593223323,2.5560329131402035,1.8470588235294119,3.736842105263158,11.0,10.0,1.8187134502923976,0.8220029239766082,0.29239766081871343,3.6909743857076562,1.0593340221690868,0.09523809523809523,-0.1739766081871345,0.8500376052899021
mariodpo::mariodpo_nintendo_0333.txt,mariodpo,164.0,16.0,0.14329268292682926,0.0026676829268292685,0.0007621951219512195,0.0007621951219512195,0.00038109756097560977,0.005335365853658537,0.0011432926829268292,3.0,0.006859756097560976,0.005716463414634146,0.0011432926829268292,0.0,0.0,2.0,6.0,1.0,0.036585365853658534,0.036585365853658534,0.009615362414195805,1.6026163947110068,1.3251533742331287,2.902439024390244,11.0,7.0,2.152439024390244,0.8391768292682927,0.16463414634146342,2.4866741712597262,0.8765843587361674,0.07389162561576355,-0.04535060975609756,0.8546583459341591
mariodpo::mariodpo_nintendo_0334.txt,mariodpo,193.0,16.0,0.11010362694300518,0.0019430051813471502,0.0012953367875647669,0.0022668393782383418,0.0003238341968911917,0.007124352331606218,0.0025906735751295338,8.0,0.006800518134715026,0.0045336787564766836,0.0019430051813471502,0.0003238341968911917,0.0,3.0,17.0,3.0,0.15544041450777202,0.08808290155440414,0.0025195863565082854,1.7899017838436404,1.5208333333333333,2.77720207253886,11.0,3.0,1.6632124352331605,0.8555699481865285,0.19689119170984457,2.997782754917451,0.847260950787276,0.08217853689977442,-0.1674222797927461,0.8462408415506957
mariodpo::mariodpo_nintendo_0335.txt,mariodpo,165.0,16.0,0.13636363636363635,0.014015151515151515,0.004545454545454545,0.005681818181818182,0.0003787878787878788,0.006060606060606061,0.006060606060606061,16.0,0.006060606060606061,0.0030303030303030303,0.0011363636363636363,0.0003787878787878788,0.0015151515151515152,4.0,16.0,2.0,0.12727272727272726,0.09696969696969697,0.17209176879119392,3.02692378328742,1.9268292682926829,4.266666666666667,13.0,12.0,1.9333333333333333,0.8375,0.296969696969697,3.57847177538779,0.9597955398950397,0.10094161958568738,-0.13333333333333333,0.8558468251960536
mariodpo::mariodpo_nintendo_0336.txt,mariodpo,151.0,16.0,0.12210264900662252,0.0,0.0008278145695364238,0.0016556291390728477,0.0004139072847682119,0.0074503311258278145,0.0024834437086092716,6.0,0.006208609271523178,0.0024834437086092716,0.0024834437086092716,0.0,0.0012417218543046358,3.0,10.0,3.0,0.10596026490066225,0.06622516556291391,0.005625397559706258,1.726692688917153,1.6266666666666667,2.8410596026490067,10.0,6.0,1.8410596026490067,0.8567880794701986,0.2185430463576159,2.7991974898365326,0.8238981695647617,0.0855614973262032,-0.11961920529801325,0.8398594257317226
mariodpo::mariodpo_nintendo_0337.txt,mariodpo,151.0,16.0,0.12458609271523179,0.0041390728476821195,0.005794701986754967,0.004966887417218543,0.0008278145695364238,0.0041390728476821195,0.005794701986754967,14.0,0.005380794701986755,0.0016556291390728477,0.0024834437086092716,0.0004139072847682119,0.0008278145695364238,4.0,11.0,1.0,0.0728476821192053,0.0728476821192053,0.0022475527668394113,1.9435946253511507,2.2666666666666666,2.993377483443709,11.0,2.0,1.8278145695364238,0.855546357615894,0.18543046357615894,2.3659288094326056,0.800465949481677,0.07939119703825587,-0.07574503311258278,0.8528710775277082
mariodpo::mariodpo_nintendo_0338.txt,mariodpo,158.0,16.0,0.12856012658227847,0.005142405063291139,0.0015822784810126582,0.002768987341772152,0.00039556962025316455,0.011867088607594937,0.0031645569620253164,8.0,0.006724683544303798,0.0023734177215189874,0.0031645569620253164,0.0,0.0011867088607594937,3.0,11.0,3.0,0.11392405063291139,0.06962025316455696,0.01718582919553957,1.7223682044458644,1.286624203821656,2.8860759493670884,11.0,6.0,1.9556962025316456,0.8453322784810127,0.21518987341772153,2.969791684039833,0.9011444013738991,0.08415257569799449,-0.1269778481012658,0.8367551354538585
mariodpo::mariodpo_nintendo_0339.txt,mariodpo,180.0,16.0,0.15034722222222222,0.007291666666666667,0.0,0.0024305555555555556,0.00034722222222222224,0.004861111111111111,0.003125,9.0,0.005902777777777778,0.0024305555555555556,0.001388888888888889,0.0010416666666666667,0.0010416666666666667,4.0,18.0,3.0,0.12777777777777777,0.1,0.05121827512612642,2.7377841984911133,2.083798882681564,3.977777777777778,13.0,10.0,2.227777777777778,0.8024305555555555,0.3,3.8147244279743466,1.1709935304157348,0.10535405872193437,-0.13888888888888887,0.8823770491803279
mariodpo::mariodpo_nintendo_0340.txt,mariodpo,153.0,16.0,0.15073529411764705,0.0024509803921568627,0.0004084967320261438,0.0004084967320261438,0.0,0.014705882352941176,0.0004084967320261438,1.0,0.004901960784313725,0.002042483660130719,0.0028594771241830064,0.0,0.0,2.0,14.0,3.0,0.10457516339869281,0.0915032679738562,0.010455938973336742,2.3299463576280184,1.9605263157894737,3.2941176470588234,11.0,11.0,2.281045751633987,0.8247549019607843,0.23529411764705882,3.012747730742191,0.983685978031893,0.08972797401542834,-0.11887254901960784,0.850036451447932
mariodpo::mariodpo_nintendo_0341.txt,mariodpo,183.0,16.0,0.12363387978142076,0.007855191256830601,0.0,0.001366120218579235,0.00034153005464480874,0.008879781420765027,0.0017076502732240437,5.0,0.005806010928961749,0.004098360655737705,0.0010245901639344263,0.0006830601092896175,0.0,3.0,14.0,3.0,0.11475409836065574,0.07650273224043716,0.00733595803339826,2.326503705954064,2.0824175824175826,3.289617486338798,13.0,8.0,1.8087431693989071,0.8524590163934426,0.22950819672131148,3.035245537156733,0.8522353298649841,0.08053007135575943,-0.12704918032786885,0.8521422983932564
mariodpo::mariodpo_nintendo_0342.txt,mariodpo,191.0,16.0,0.13481675392670156,0.010471204188481676,0.0013089005235602095,0.004581151832460733,0.000981675392670157,0.0,0.00556282722513089,17.0,0.006217277486910994,0.001963350785340314,0.003599476439790576,0.0006544502617801048,0.0,3.0,14.0,3.0,0.1256544502617801,0.07329842931937172,0.02189221622694759,2.5668855741777623,1.7526315789473683,3.654450261780105,13.0,11.0,1.9895287958115184,0.8298429319371727,0.3036649214659686,3.81474217554236,1.0202616901641277,0.09605991533702377,-0.13416230366492146,0.872457627118644
mariodpo::mariodpo_nintendo_0343.txt,mariodpo,154.0,16.0,0.13189935064935066,0.005681818181818182,0.0,0.00040584415584415587,0.0,0.012175324675324676,0.00040584415584415587,1.0,0.005681818181818182,0.0008116883116883117,0.004058441558441558,0.0,0.0008116883116883117,3.0,13.0,2.0,0.09090909090909091,0.08441558441558442,0.00016125112920617468,2.1126128723950255,2.241830065359477,3.1363636363636362,13.0,8.0,1.9285714285714286,0.8453733766233766,0.18181818181818182,2.7854181946050955,0.868628376382883,0.08148446954417103,-0.10267857142857142,0.8487953222316734
mariodpo::mariodpo_nintendo_0344.txt,mariodpo,189.0,16.0,0.1421957671957672,0.0006613756613756613,0.00033068783068783067,0.00033068783068783067,0.00033068783068783067,0.011904761904761904,0.0006613756613756613,2.0,0.006283068783068783,0.003968253968253968,0.0016534391534391533,0.0,0.0006613756613756613,3.0,14.0,2.0,0.08994708994708994,0.07407407407407407,0.00021715026581925478,1.6197138498992425,1.627659574468085,2.7777777777777777,12.0,12.0,2.164021164021164,0.8353174603174603,0.19047619047619047,2.757475747207575,0.9081051272365138,0.08193484698914116,-0.10085978835978834,0.8459066866702886
mariodpo::mariodpo_nintendo_0345.txt,mariodpo,178.0,16.0,0.1190308988764045,0.0007022471910112359,0.0014044943820224719,0.0031601123595505617,0.0,0.007724719101123595,0.0031601123595505617,9.0,0.0052668539325842695,0.0031601123595505617,0.001053370786516854,0.0,0.001053370786516854,3.0,16.0,3.0,0.11235955056179775,0.0898876404494382,0.004566023590365731,1.5128026105629473,1.8418079096045197,2.6292134831460676,11.0,2.0,1.7808988764044944,0.8609550561797753,0.15730337078651685,2.340720994198375,0.7694924075901644,0.07614390499476074,-0.1228932584269663,0.8526842537542663
mariodpo::mariodpo_nintendo_0346.txt,mariodpo,173.0,16.0,0.11885838150289017,0.0036127167630057803,0.0,0.004696531791907515,0.0,0.007947976878612716,0.004696531791907515,13.0,0.005780346820809248,0.0018063583815028901,0.002890173410404624,0.0,0.001083815028901734,3.0,15.0,3.0,0.15028901734104047,0.08670520231213873,0.06751690497862894,2.6767491670945485,2.0348837209302326,3.8439306358381504,12.0,12.0,1.7109826589595376,0.8215317919075145,0.3468208092485549,4.063455569463099,1.0499865112295679,0.10815666546891843,-0.16004335260115607,0.87875
mariodpo::mariodpo_nintendo_0347.txt,mariodpo,192.0,16.0,0.13444010416666666,0.0068359375,0.0022786458333333335,0.00390625,0.0009765625,0.00390625,0.0048828125,15.0,0.007486979166666667,0.005208333333333333,0.0013020833333333333,0.0009765625,0.0,3.0,14.0,2.0,0.08333333333333333,0.07291666666666667,0.07531695624723089,2.394823509067546,1.8638743455497382,3.7083333333333335,11.0,8.0,1.9270833333333333,0.8277994791666666,0.3125,3.738458714137371,1.0220665431900877,0.1000971817298348,-0.09114583333333333,0.875
mariodpo::mariodpo_nintendo_0348.txt,mariodpo,186.0,16.0,0.17305107526881722,0.0396505376344086,0.0003360215053763441,0.0003360215053763441,0.0003360215053763441,0.010080645161290322,0.0006720430107526882,2.0,0.005376344086021506,0.0016801075268817205,0.002688172043010753,0.0010080645161290322,0.0,3.0,17.0,3.0,0.12365591397849462,0.0913978494623656,0.006838685793768451,4.317015580466642,2.2864864864864867,6.075268817204301,13.0,10.0,2.2311827956989245,0.8024193548387096,0.3118279569892473,4.419382085003979,1.1579010614158933,0.10197258441992645,-0.1364247311827957,0.884016393442623
mariodpo::mariodpo_nintendo_0349.txt,mariodpo,181.0,16.0,0.1180939226519337,0.0010359116022099447,0.0003453038674033149,0.0020718232044198894,0.0,0.008287292817679558,0.0020718232044198894,6.0,0.007251381215469613,0.003798342541436464,0.0020718232044198894,0.0,0.0013812154696132596,3.0,20.0,3.0,0.16574585635359115,0.11049723756906077,0.011804015152443559,1.6083540545003872,1.8555555555555556,2.591160220994475,11.0,6.0,1.7624309392265194,0.8601519337016574,0.2265193370165746,2.899024592513155,0.8169847260801761,0.08141532119546548,-0.17921270718232044,0.8425323060889935
mariodpo::mariodpo_nintendo_0350.txt,mariodpo,189.0,16.0,0.11673280423280423,0.005291005291005291,0.0013227513227513227,0.0026455026455026454,0.00033068783068783067,0.004629629629629629,0.002976190476190476,9.0,0.00496031746031746,0.001984126984126984,0.0023148148148148147,0.0006613756613756613,0.0,3.0,24.0,3.0,0.1693121693121693,0.12698412698412698,0.007035476236632698,1.6560616772019985,1.8085106382978724,2.6084656084656084,11.0,8.0,1.7724867724867726,0.8667328042328042,0.20105820105820105,2.733162746852151,0.7675566358573139,0.08621256992431721,-0.17923280423280424,0.8407759953057266
mariodpo::mariodpo_nintendo_0351.txt,mariodpo,173.0,16.0,0.16510115606936415,0.0032514450867052024,0.000722543352601156,0.0018063583815028901,0.0,0.004335260115606936,0.002167630057803468,6.0,0.006502890173410405,0.004335260115606936,0.002167630057803468,0.0,0.0,2.0,6.0,1.0,0.03468208092485549,0.03468208092485549,1.8044171437692214e-05,2.2186845140556253,1.5,3.393063583815029,12.0,12.0,2.4971098265895955,0.8171965317919075,0.21965317919075145,2.9211258486268155,0.983631702652857,0.08947179302910528,-0.041907514450867045,0.8383542334210179
mariodpo::mariodpo_nintendo_0352.txt,mariodpo,165.0,16.0,0.12272727272727273,0.007575757575757576,0.004166666666666667,0.003409090909090909,0.0007575757575757576,0.007575757575757576,0.004166666666666667,11.0,0.007954545454545454,0.001893939393939394,0.003787878787878788,0.0,0.0022727272727272726,3.0,15.0,3.0,0.11515151515151516,0.09090909090909091,0.005539899637020729,2.4074666683936576,2.4146341463414633,3.3696969696969696,11.0,3.0,1.7636363636363637,0.8526515151515152,0.24242424242424243,3.1611218945499,0.8705309906615359,0.0903954802259887,-0.12803030303030302,0.8416606888086231
mariodpo::mariodpo_nintendo_0353.txt,mariodpo,173.0,16.0,0.11054913294797687,0.0050578034682080926,0.000722543352601156,0.004696531791907515,0.0,0.010115606936416185,0.004696531791907515,13.0,0.0025289017341040463,0.000722543352601156,0.001083815028901734,0.0,0.000722543352601156,3.0,19.0,3.0,0.15606936416184972,0.10982658959537572,0.1226961497390272,2.1554519446357183,1.6104651162790697,3.3179190751445087,11.0,2.0,1.6184971098265897,0.8479046242774566,0.23699421965317918,3.384045958346277,0.9112192177405318,0.08947179302910528,-0.16257225433526012,0.8604598271776469
mariodpo::mariodpo_nintendo_0354.txt,mariodpo,153.0,16.0,0.14419934640522875,0.00857843137254902,0.0008169934640522876,0.0028594771241830064,0.0008169934640522876,0.0024509803921568627,0.004084967320261438,10.0,0.006127450980392157,0.003676470588235294,0.0024509803921568627,0.0,0.0,2.0,7.0,3.0,0.06535947712418301,0.0457516339869281,0.0322429571659939,2.5208133518702325,1.894736842105263,3.712418300653595,12.0,12.0,2.0588235294117645,0.8386437908496732,0.23529411764705882,3.2341206852046667,0.9136913893100934,0.09378806333739342,-0.07720588235294118,0.8308814651145376
mariodpo::mariodpo_nintendo_0355.txt,mariodpo,157.0,16.0,0.14251592356687898,0.0011942675159235668,0.0,0.0,0.0003980891719745223,0.011146496815286623,0.0003980891719745223,1.0,0.004777070063694267,0.0019904458598726115,0.002786624203821656,0.0,0.0,2.0,11.0,3.0,0.10191082802547771,0.07006369426751592,1.0148763200934496e-05,1.7810985417343235,1.5769230769230769,2.8535031847133756,11.0,10.0,2.1847133757961785,0.8363853503184714,0.1910828025477707,2.4546742686608187,0.9144103232302215,0.08191531460229522,-0.11584394904458599,0.8466203053296187
mariodpo::mariodpo_nintendo_0356.txt,mariodpo,175.0,16.0,0.15571428571428572,0.004285714285714286,0.00035714285714285714,0.002857142857142857,0.00035714285714285714,0.01,0.0035714285714285713,10.0,0.006071428571428571,0.0014285714285714286,0.002857142857142857,0.00035714285714285714,0.0014285714285714286,4.0,15.0,3.0,0.12,0.08571428571428572,0.0018504808720911647,2.9317539504830146,1.9540229885057472,4.074285714285714,11.0,10.0,2.2914285714285714,0.7832142857142858,0.32,3.98662573109068,1.2620931489318055,0.11047957371225577,-0.13107142857142856,0.8758038585209003
mariodpo::mariodpo_nintendo_0357.txt,mariodpo,152.0,16.0,0.12294407894736842,0.0028782894736842104,0.00041118421052631577,0.001644736842105263,0.0008223684210526315,0.0,0.0024671052631578946,6.0,0.004934210526315789,0.0008223684210526315,0.0024671052631578946,0.0,0.001644736842105263,3.0,10.0,3.0,0.07894736842105263,0.06578947368421052,0.020771375982428286,1.2479652424892833,1.3642384105960266,2.5723684210526314,11.0,6.0,1.855263157894737,0.8647203947368421,0.17763157894736842,2.0746611612012935,0.7380209111325867,0.07396812423375562,-0.0912828947368421,0.8667540451504044
mariodpo::mariodpo_nintendo_0358.txt,mariodpo,169.0,16.0,0.11205621301775148,0.015162721893491124,0.004437869822485207,0.008505917159763314,0.0007396449704142012,0.0014792899408284023,0.009245562130177515,25.0,0.0036982248520710057,0.0018491124260355029,0.0007396449704142012,0.0003698224852071006,0.0007396449704142012,4.0,20.0,3.0,0.1952662721893491,0.11834319526627218,0.12133300963521998,2.7664143000430452,2.3452380952380953,4.668639053254438,13.0,3.0,1.5266272189349113,0.8380177514792899,0.3136094674556213,4.353008244149727,1.0134189491096226,0.099668995954395,-0.198594674556213,0.8564309838013634
mariodpo::mariodpo_nintendo_0359.txt,mariodpo,181.0,16.0,0.11843922651933701,0.0027624309392265192,0.0,0.0,0.0006906077348066298,0.008287292817679558,0.0010359116022099447,3.0,0.007251381215469613,0.003107734806629834,0.003107734806629834,0.0003453038674033149,0.0006906077348066298,4.0,15.0,3.0,0.11049723756906077,0.08287292817679558,0.027367207242591673,1.4683820092079916,1.488888888888889,2.6519337016574585,11.0,6.0,1.7900552486187846,0.8608425414364641,0.18232044198895028,2.5440880069686194,0.7887741766392635,0.07557540364136035,-0.125,0.8498354993472389
mariodpo::mariodpo_nintendo_0360.txt,mariodpo,181.0,16.0,0.12810773480662985,0.0055248618784530384,0.0003453038674033149,0.0006906077348066298,0.0,0.007596685082872928,0.0006906077348066298,2.0,0.003453038674033149,0.0020718232044198894,0.0013812154696132596,0.0,0.0,2.0,13.0,2.0,0.08287292817679558,0.0718232044198895,0.0030231231131434555,2.2371417010286394,1.7222222222222223,3.2209944751381214,11.0,6.0,1.867403314917127,0.8560082872928176,0.13812154696132597,2.3771093086516784,0.791756830165873,0.07145310889728615,-0.09116022099447514,0.8515235419612892
mariodpo::mariodpo_nintendo_0361.txt,mariodpo,165.0,16.0,0.12727272727272726,0.007196969696969697,0.001893939393939394,0.0030303030303030303,0.0007575757575757576,0.007575757575757576,0.003787878787878788,10.0,0.004545454545454545,0.003409090909090909,0.0011363636363636363,0.0,0.0,2.0,16.0,2.0,0.12121212121212122,0.09696969696969697,0.19792427685251635,2.424201688835568,1.9085365853658536,3.6545454545454548,13.0,7.0,1.8424242424242425,0.8462121212121212,0.2606060606060606,3.272202728240418,0.9192466011075886,0.09416195856873823,-0.12803030303030305,0.8515779563218382
mariodpo::mariodpo_nintendo_0362.txt,mariodpo,155.0,16.0,0.1310483870967742,0.004032258064516129,0.0,0.0004032258064516129,0.0008064516129032258,0.010483870967741936,0.0020161290322580645,5.0,0.008467741935483872,0.0032258064516129032,0.0032258064516129032,0.0004032258064516129,0.0016129032258064516,4.0,17.0,2.0,0.12258064516129032,0.10967741935483871,0.0003693818231670365,1.728454729453689,1.6103896103896105,2.806451612903226,11.0,9.0,1.967741935483871,0.8431451612903226,0.25806451612903225,3.207490561929126,0.9187459958028326,0.09338677354709418,-0.13548387096774192,0.845199158736427
mariodpo::mariodpo_nintendo_0363.txt,mariodpo,152.0,16.0,0.13322368421052633,0.007401315789473684,0.0008223684210526315,0.0012335526315789473,0.0008223684210526315,0.012335526315789474,0.0024671052631578946,6.0,0.0069901315789473685,0.0024671052631578946,0.0024671052631578946,0.00041118421052631577,0.001644736842105263,4.0,11.0,3.0,0.08552631578947369,0.07236842105263158,0.013423105996023699,1.9378409322673136,1.3509933774834437,3.1315789473684212,10.0,8.0,1.9342105263157894,0.8404605263157895,0.28289473684210525,3.319841195517007,0.9452522189665524,0.09971393543114017,-0.09991776315789475,0.8471701851483668
mariodpo::mariodpo_nintendo_0364.txt,mariodpo,176.0,16.0,0.12713068181818182,0.001065340909090909,0.00390625,0.004261363636363636,0.0003551136363636364,0.004261363636363636,0.004616477272727273,13.0,0.00887784090909091,0.004261363636363636,0.002130681818181818,0.0007102272727272727,0.0017755681818181818,4.0,14.0,1.0,0.07954545454545454,0.07954545454545454,0.010139069301386527,1.4802466331819182,1.5657142857142856,2.715909090909091,11.0,6.0,1.9204545454545454,0.8508522727272727,0.17613636363636365,2.839610200695344,0.8552365386784673,0.08300953726598376,-0.08664772727272727,0.8387608932422425
mariodpo::mariodpo_nintendo_0365.txt,mariodpo,192.0,16.0,0.12858072916666666,0.005208333333333333,0.00390625,0.0035807291666666665,0.0006510416666666666,0.0078125,0.004231770833333333,13.0,0.0068359375,0.0032552083333333335,0.001953125,0.0003255208333333333,0.0013020833333333333,4.0,17.0,2.0,0.109375,0.08854166666666667,0.0005137956590901549,1.7170469122296297,1.9528795811518325,2.7708333333333335,13.0,8.0,1.90625,0.8489583333333334,0.20833333333333334,2.9614930763283187,0.8752820715614533,0.07806932296728215,-0.1171875,0.8558083170224413
mariodpo::mariodpo_nintendo_0366.txt,mariodpo,195.0,16.0,0.11762820512820513,0.00608974358974359,0.004166666666666667,0.007692307692307693,0.0003205128205128205,0.002564102564102564,0.008012820512820512,25.0,0.004166666666666667,0.001282051282051282,0.001282051282051282,0.0009615384615384616,0.000641025641025641,4.0,15.0,3.0,0.11282051282051282,0.07692307692307693,0.06076814824769494,1.7602581490108395,1.4278350515463918,2.9846153846153847,13.0,8.0,1.7384615384615385,0.846474358974359,0.2512820512820513,3.2639313325516817,0.9159712177355566,0.0886762360446571,-0.11666666666666667,0.8658242897207657
mariodpo::mariodpo_nintendo_0367.txt,mariodpo,183.0,16.0,0.12568306010928962,0.005122950819672131,0.004098360655737705,0.004098360655737705,0.00034153005464480874,0.012295081967213115,0.004439890710382513,13.0,0.010245901639344262,0.006147540983606557,0.0034153005464480873,0.0006830601092896175,0.0,3.0,14.0,3.0,0.09289617486338798,0.07650273224043716,0.009222986726661886,1.7456085194421078,1.4175824175824177,2.890710382513661,11.0,8.0,1.901639344262295,0.842896174863388,0.21311475409836064,3.2352669300544585,0.9318150858908005,0.0856269113149847,-0.10689890710382513,0.8454390514228425
mariodpo::mariodpo_nintendo_0368.txt,mariodpo,159.0,16.0,0.1470125786163522,0.0007861635220125787,0.0,0.0,0.00039308176100628933,0.008647798742138365,0.00039308176100628933,1.0,0.009827044025157232,0.004323899371069182,0.0031446540880503146,0.0011792452830188679,0.0011792452830188679,4.0,12.0,2.0,0.09433962264150944,0.07547169811320754,0.004459920475882284,1.7484356841756883,1.6835443037974684,2.89937106918239,11.0,10.0,2.238993710691824,0.8294025157232704,0.20754716981132076,3.0071858208513174,0.9629928347700709,0.08792497069167643,-0.11006289308176101,0.8598920015083472
mariodpo::mariodpo_nintendo_0369.txt,mariodpo,163.0,16.0,0.12691717791411042,0.004601226993865031,0.004601226993865031,0.006134969325153374,0.0007668711656441718,0.007668711656441718,0.006901840490797546,18.0,0.00843558282208589,0.003067484662576687,0.003067484662576687,0.0007668711656441718,0.0015337423312883436,4.0,9.0,3.0,0.06748466257668712,0.05521472392638037,1.9748164865163176e-05,1.873319569508691,1.9506172839506173,3.03680981595092,11.0,3.0,1.852760736196319,0.8454754601226994,0.22085889570552147,2.936630944224347,0.8849988333782326,0.09378574151734655,-0.07822085889570551,0.8359988951771788
mariodpo::mariodpo_nintendo_0370.txt,mariodpo,168.0,16.0,0.13058035714285715,0.005208333333333333,0.001488095238095238,0.003720238095238095,0.000744047619047619,0.002976190476190476,0.004464285714285714,12.0,0.0078125,0.004464285714285714,0.001488095238095238,0.0011160714285714285,0.000744047619047619,4.0,22.0,3.0,0.17857142857142858,0.13095238095238096,0.030281238553464207,2.7806842690660223,2.0059880239520957,3.8214285714285716,13.0,10.0,1.9107142857142858,0.8106398809523809,0.3392857142857143,4.053491479523156,1.1424194105958645,0.11135775064742878,-0.19084821428571427,0.8716777408637874
mariodpo::mariodpo_nintendo_0371.txt,mariodpo,198.0,16.0,0.11205808080808081,0.003472222222222222,0.0003156565656565657,0.000946969696969697,0.0,0.006944444444444444,0.000946969696969697,3.0,0.003472222222222222,0.0012626262626262627,0.0015782828282828283,0.0006313131313131314,0.0,3.0,20.0,3.0,0.1717171717171717,0.10101010101010101,0.007080810390874492,2.1172299944572317,1.8274111675126903,2.994949494949495,11.0,2.0,1.6666666666666667,0.8626893939393939,0.1717171717171717,2.5798050176676677,0.7847726236596054,0.0691171850455545,-0.1818181818181818,0.8496604597712208
mariodpo::mariodpo_nintendo_0372.txt,mariodpo,177.0,16.0,0.1352401129943503,0.008121468926553672,0.0017655367231638418,0.0017655367231638418,0.0007062146892655367,0.00847457627118644,0.002824858757062147,8.0,0.007415254237288136,0.00423728813559322,0.0031779661016949155,0.0,0.0,2.0,8.0,2.0,0.05649717514124294,0.04519774011299435,0.05991527913973682,2.024369299416183,1.6647727272727273,3.384180790960452,13.0,8.0,1.9717514124293785,0.8421610169491526,0.20903954802259886,3.037811993661952,0.920777411378663,0.08184053389532842,-0.06673728813559322,0.8477574593510071
mariodpo::mariodpo_nintendo_0373.txt,mariodpo,199.0,16.0,0.12091708542713568,0.0043969849246231155,0.0009422110552763819,0.005339195979899497,0.001256281407035176,0.0018844221105527637,0.006595477386934673,21.0,0.005025125628140704,0.0,0.00314070351758794,0.000314070351758794,0.00157035175879397,3.0,23.0,3.0,0.17587939698492464,0.11557788944723618,0.006998811333006172,3.0621490274579846,2.3535353535353534,4.055276381909548,12.0,7.0,1.6331658291457287,0.8244346733668342,0.3768844221105528,4.42301794539421,1.071098780320853,0.11816192560175055,-0.18184673366834173,0.8921957671957672
mariodpo::mariodpo_nintendo_0374.txt,mariodpo,166.0,16.0,0.13591867469879518,0.005271084337349397,0.0007530120481927711,0.0007530120481927711,0.00037650602409638556,0.0,0.0011295180722891566,3.0,0.008283132530120483,0.005271084337349397,0.0018825301204819277,0.0011295180722891566,0.0,3.0,14.0,3.0,0.10240963855421686,0.08433734939759036,0.0008340484019545569,1.9862261462638005,2.018181818181818,3.0060240963855422,13.0,8.0,2.0481927710843375,0.8505271084337349,0.1686746987951807,2.612215188543663,0.8309412453335798,0.07263197304380382,-0.11859939759036145,0.8681125424928456
mariodpo::mariodpo_nintendo_0375.txt,mariodpo,188.0,16.0,0.21875,0.0851063829787234,0.004321808510638298,0.008643617021276596,0.0009973404255319148,0.008311170212765957,0.00964095744680851,29.0,0.005319148936170213,0.004321808510638298,0.0009973404255319148,0.0,0.0,2.0,17.0,2.0,0.12234042553191489,0.09042553191489362,0.015567252524324227,1.9429130638221794,0.9251336898395722,11.877659574468085,13.0,9.0,2.4202127659574466,0.7523271276595744,0.2712765957446808,4.3688764550617405,1.3667544702668855,0.10122394971882236,-0.12333776595744679,0.8713235294117647
mariodpo::mariodpo_nintendo_0376.txt,mariodpo,170.0,16.0,0.11727941176470588,0.00625,0.0022058823529411764,0.006617647058823529,0.0003676470588235294,0.003676470588235294,0.007352941176470588,20.0,0.005147058823529412,0.001838235294117647,0.002573529411764706,0.0007352941176470588,0.0,3.0,18.0,3.0,0.18235294117647058,0.10588235294117647,0.0031121466783621266,3.0188168482260913,1.7396449704142012,3.8941176470588235,11.0,6.0,1.688235294117647,0.8235294117647058,0.27647058823529413,3.885184518161403,1.0774147453925385,0.10493601462522852,-0.1889705882352941,0.8533189629717121
mariodpo::mariodpo_nintendo_0377.txt,mariodpo,189.0,16.0,0.11838624338624339,0.002976190476190476,0.00033068783068783067,0.005621693121693121,0.0006613756613756613,0.005291005291005291,0.006613756613756613,20.0,0.004298941798941799,0.001984126984126984,0.0023148148148148147,0.0,0.0,2.0,20.0,3.0,0.15343915343915343,0.10582010582010581,0.09817965926515848,2.5382188506903365,2.1382978723404253,3.8624338624338623,12.0,8.0,1.6719576719576719,0.8181216931216931,0.35978835978835977,4.364664365678816,1.0928202079459237,0.11154985192497532,-0.15906084656084654,0.8691176470588236
mariodpo::mariodpo_nintendo_0378.txt,mariodpo,151.0,16.0,0.12624172185430463,0.0020695364238410598,0.0,0.0033112582781456954,0.0008278145695364238,0.0016556291390728477,0.004552980132450331,11.0,0.007036423841059603,0.0037251655629139072,0.0033112582781456954,0.0,0.0,2.0,13.0,3.0,0.11920529801324503,0.08609271523178808,0.14415003695028095,2.403121746737793,2.1466666666666665,3.9602649006622515,11.0,6.0,1.814569536423841,0.8191225165562914,0.33112582781456956,3.8144048741781638,1.0726906417382938,0.10571781160016454,-0.1316225165562914,0.862827754698607
mariodpo::mariodpo_nintendo_0379.txt,mariodpo,191.0,16.0,0.26897905759162305,0.14234293193717276,0.0006544502617801048,0.012434554973821989,0.0016361256544502618,0.012434554973821989,0.01407068062827225,43.0,0.0058900523560209425,0.0032722513089005235,0.0022905759162303663,0.0003272251308900524,0.0,3.0,12.0,2.0,0.07853403141361257,0.06282722513089005,0.3323758443051935,2.646928610278746,0.8052631578947368,10.858638743455497,13.0,8.0,2.769633507853403,0.6950261780104712,0.3403141361256545,4.93477142952972,1.4871222787991814,0.10289807880169326,-0.0755890052356021,0.8734177215189873
mariodpo::mariodpo_nintendo_0380.txt,mariodpo,174.0,16.0,0.15014367816091953,0.0014367816091954023,0.0,0.0021551724137931034,0.00035919540229885057,0.010057471264367816,0.003232758620689655,9.0,0.00610632183908046,0.003232758620689655,0.002514367816091954,0.00035919540229885057,0.0,3.0,15.0,3.0,0.13218390804597702,0.08620689655172414,0.05542559618739018,2.86926212454011,1.5722543352601157,4.137931034482759,11.0,10.0,2.206896551724138,0.7744252873563219,0.3103448275862069,3.8997160895651364,1.2839883229513023,0.10789567702750982,-0.14367816091954022,0.8783112582781457
mariodpo::mariodpo_nintendo_0381.txt,mariodpo,170.0,16.0,0.14338235294117646,0.004779411764705883,0.0007352941176470588,0.004779411764705883,0.0,0.008823529411764706,0.005147058823529412,14.0,0.00625,0.003676470588235294,0.001838235294117647,0.0007352941176470588,0.0,3.0,15.0,3.0,0.11176470588235295,0.08823529411764706,0.16455608305180636,2.22034956969213,1.8224852071005917,3.8117647058823527,11.0,10.0,2.1411764705882352,0.8007352941176471,0.32941176470588235,4.04681143882029,1.189334967049324,0.1093235831809872,-0.12169117647058825,0.8678929765886287
mariodpo::mariodpo_nintendo_0382.txt,mariodpo,185.0,16.0,0.14256756756756755,0.008108108108108109,0.002702702702702703,0.002702702702702703,0.0010135135135135136,0.006081081081081081,0.0037162162162162164,11.0,0.008108108108108109,0.002702702702702703,0.0037162162162162164,0.0006756756756756757,0.0010135135135135136,4.0,14.0,2.0,0.0972972972972973,0.07567567567567568,0.04741705707326138,1.917301579658579,1.798913043478261,3.0486486486486486,13.0,10.0,2.108108108108108,0.8358108108108108,0.21621621621621623,3.0422702514566824,0.9552340143116663,0.08705882352941176,-0.1070945945945946,0.8525769665720493
mariodpo::mariodpo_nintendo_0383.txt,mariodpo,176.0,16.0,0.13423295454545456,0.0035511363636363635,0.0007102272727272727,0.0014204545454545455,0.0,0.002840909090909091,0.0014204545454545455,4.0,0.007102272727272727,0.0031960227272727275,0.002840909090909091,0.0003551136363636364,0.0007102272727272727,4.0,12.0,2.0,0.09090909090909091,0.06818181818181818,0.0032097780845217194,2.0474293493486484,2.16,3.085227272727273,11.0,8.0,2.0170454545454546,0.8504971590909091,0.1875,2.738250148484795,0.823557278503531,0.0787707523843165,-0.10227272727272727,0.8525763336000393
mariodpo::mariodpo_nintendo_0384.txt,mariodpo,160.0,16.0,0.144921875,0.005859375,0.00078125,0.002734375,0.000390625,0.0,0.003125,8.0,0.005859375,0.003515625,0.0015625,0.00078125,0.0,3.0,13.0,3.0,0.125,0.08125,0.052770363138668896,2.227007518604242,1.4591194968553458,3.38125,11.0,10.0,2.225,0.83203125,0.28125,3.5532939917053,0.9896062775081904,0.10407766990291262,-0.137109375,0.8636510245383253
mariodpo::mariodpo_nintendo_0385.txt,mariodpo,160.0,16.0,0.1578125,0.0,0.00390625,0.003515625,0.000390625,0.00859375,0.00390625,10.0,0.00390625,0.00234375,0.000390625,0.000390625,0.00078125,4.0,8.0,3.0,0.075,0.05,0.009681562330999816,2.4327700728055786,2.1132075471698113,3.5,12.0,12.0,2.375,0.821484375,0.225,2.9810193609688937,0.9696657657437615,0.08932038834951456,-0.08437499999999999,0.8528491486193335
mariodpo::mariodpo_nintendo_0386.txt,mariodpo,166.0,16.0,0.12462349397590361,0.007153614457831325,0.0018825301204819277,0.0026355421686746986,0.0,0.005271084337349397,0.0026355421686746986,7.0,0.00677710843373494,0.002259036144578313,0.00338855421686747,0.0,0.0011295180722891566,3.0,12.0,3.0,0.0963855421686747,0.07228915662650602,0.012624452694565247,1.4583893615005434,1.2424242424242424,2.6325301204819276,13.0,8.0,1.8433734939759037,0.8565512048192772,0.16265060240963855,2.4107510315647107,0.8014495533664867,0.07188318981654811,-0.1095632530120482,0.8696572241310094
mariodpo::mariodpo_nintendo_0387.txt,mariodpo,188.0,16.0,0.1346409574468085,0.0016622340425531915,0.003989361702127659,0.003324468085106383,0.0006648936170212766,0.007978723404255319,0.003989361702127659,12.0,0.006648936170212766,0.0013297872340425532,0.0036569148936170214,0.0003324468085106383,0.0013297872340425532,4.0,14.0,2.0,0.0797872340425532,0.07446808510638298,0.013031254509643486,1.692926051718958,1.5508021390374331,2.8404255319148937,11.0,10.0,2.0531914893617023,0.8430851063829787,0.20212765957446807,2.7197061998917538,0.8930961412135702,0.07906053589149852,-0.08776595744680851,0.8480267092614937
mariodpo::mariodpo_nintendo_0388.txt,mariodpo,167.0,16.0,0.1474550898203593,0.005988023952095809,0.0007485029940119761,0.0029940119760479044,0.00037425149700598805,0.0,0.0033682634730538923,9.0,0.004116766467065869,0.00037425149700598805,0.002245508982035928,0.00037425149700598805,0.001122754491017964,4.0,19.0,3.0,0.1377245508982036,0.11377245508982035,0.01198582734977649,2.420268659091065,2.0421686746987953,3.37125748502994,13.0,12.0,2.269461077844311,0.8409431137724551,0.2634730538922156,3.1990623541509446,0.8926234850028786,0.09527353926311873,-0.1474550898203593,0.85047090372974
mariodpo::mariodpo_nintendo_0389.txt,mariodpo,168.0,16.0,0.13764880952380953,0.011160714285714286,0.000744047619047619,0.0033482142857142855,0.0011160714285714285,0.002232142857142857,0.004464285714285714,12.0,0.004836309523809524,0.0011160714285714285,0.002976190476190476,0.000744047619047619,0.0,3.0,11.0,3.0,0.09523809523809523,0.06547619047619048,0.0034086243062750876,2.9235038105168725,2.2634730538922154,4.005952380952381,11.0,10.0,1.9523809523809523,0.8318452380952381,0.3273809523809524,3.802802779289871,1.0293685137669735,0.10506844247132816,-0.10453869047619047,0.8761950942945811
mariodpo::mariodpo_nintendo_0390.txt,mariodpo,187.0,16.0,0.13803475935828877,0.006350267379679145,0.0,0.0,0.0,0.01871657754010695,0.00033422459893048126,1.0,0.007018716577540107,0.0030080213903743314,0.001336898395721925,0.0006684491978609625,0.002005347593582888,4.0,9.0,3.0,0.06951871657754011,0.0481283422459893,0.020850481129964127,2.1656893360180396,2.032258064516129,3.2887700534759357,11.0,7.0,1.9893048128342246,0.8318850267379679,0.20855614973262032,3.040077383228884,0.9522631520447524,0.08114399733954107,-0.08422459893048129,0.8460549901023052
mariodpo::mariodpo_nintendo_0391.txt,mariodpo,162.0,16.0,0.1427469135802469,0.0,0.0,0.0,0.0,0.008487654320987654,0.0,0.0,0.005787037037037037,0.0023148148148148147,0.0019290123456790122,0.0,0.0015432098765432098,3.0,9.0,1.0,0.05555555555555555,0.05555555555555555,0.021003534510783184,1.6777157050634641,1.6273291925465838,2.932098765432099,11.0,10.0,2.1790123456790123,0.8383487654320988,0.16666666666666666,2.3759176527812587,0.89203194409211,0.07786728039892597,-0.06442901234567901,0.8496563199351606
mariodpo::mariodpo_nintendo_0392.txt,mariodpo,173.0,16.0,0.11091040462427745,0.0032514450867052024,0.0,0.004335260115606936,0.000361271676300578,0.001445086705202312,0.004696531791907515,13.0,0.0032514450867052024,0.001083815028901734,0.000722543352601156,0.000722543352601156,0.000722543352601156,4.0,22.0,3.0,0.18497109826589594,0.12716763005780346,0.10906558667533095,2.312572794908924,1.9767441860465116,3.6358381502890174,11.0,7.0,1.5664739884393064,0.8385115606936416,0.3179190751445087,3.9262518821664747,0.9505069920901732,0.10564139417894358,-0.1921965317919075,0.8712383258388101
mariodpo::mariodpo_nintendo_0393.txt,mariodpo,162.0,16.0,0.1415895061728395,0.005401234567901234,0.00038580246913580245,0.0015432098765432098,0.0007716049382716049,0.0015432098765432098,0.002700617283950617,7.0,0.009259259259259259,0.004243827160493827,0.0019290123456790122,0.00038580246913580245,0.002700617283950617,4.0,14.0,3.0,0.11728395061728394,0.08641975308641975,0.053750120009950386,2.365476727558468,1.950310559006211,3.6666666666666665,11.0,9.0,2.067901234567901,0.8236882716049383,0.3271604938271605,3.673226061227112,1.0449494848868632,0.10510164940544688,-0.13310185185185186,0.8555084745762712
mariodpo::mariodpo_nintendo_0394.txt,mariodpo,174.0,16.0,0.12751436781609196,0.005747126436781609,0.0010775862068965517,0.003232758620689655,0.00035919540229885057,0.015804597701149427,0.0035919540229885057,10.0,0.003232758620689655,0.0021551724137931034,0.0010775862068965517,0.0,0.0,2.0,14.0,3.0,0.13218390804597702,0.08045977011494253,0.05973937219376735,2.423740279219237,1.6358381502890174,3.5229885057471266,13.0,8.0,1.8448275862068966,0.8146551724137931,0.29310344827586204,3.560571499041708,1.098060753460151,0.09574848160057163,-0.14044540229885058,0.8618675689349861
mariodpo::mariodpo_nintendo_0395.txt,mariodpo,183.0,16.0,0.14002732240437157,0.006830601092896175,0.0,0.00034153005464480874,0.0,0.006830601092896175,0.00034153005464480874,1.0,0.005806010928961749,0.00273224043715847,0.0023907103825136613,0.0006830601092896175,0.0,3.0,14.0,3.0,0.10382513661202186,0.07650273224043716,0.0018851856819214197,2.2702825297499474,1.6593406593406594,3.2295081967213113,11.0,10.0,2.0491803278688523,0.842896174863388,0.1912568306010929,2.743384830235043,0.889923012264473,0.07747196738022426,-0.11748633879781421,0.8506633418399147
mariodpo::mariodpo_nintendo_0396.txt,mariodpo,163.0,16.0,0.11924846625766872,0.004601226993865031,0.0011503067484662577,0.0007668711656441718,0.0007668711656441718,0.0015337423312883436,0.0015337423312883436,4.0,0.007668711656441718,0.004217791411042945,0.003067484662576687,0.0003834355828220859,0.0,3.0,14.0,2.0,0.10429447852760736,0.08588957055214724,0.024495587620282255,1.7653572537331252,1.5185185185185186,2.8650306748466257,11.0,3.0,1.7607361963190185,0.8592791411042945,0.20245398773006135,2.7925576714920517,0.7968891073153939,0.08044224170796797,-0.1165644171779141,0.8473911570303084
mariodpo::mariodpo_nintendo_0397.txt,mariodpo,175.0,16.0,0.1467857142857143,0.0067857142857142855,0.0007142857142857143,0.0017857142857142857,0.00035714285714285714,0.004285714285714286,0.0025,7.0,0.0032142857142857142,0.0025,0.0007142857142857143,0.0,0.0,2.0,15.0,3.0,0.13714285714285715,0.08571428571428572,0.002662386627821145,2.7018116307337983,1.896551724137931,3.6742857142857144,11.0,10.0,2.165714285714286,0.8389285714285715,0.25142857142857145,3.449345702272216,0.9309194149601621,0.08454706927175844,-0.14642857142857144,0.8511663802259504
mariodpo::mariodpo_nintendo_0398.txt,mariodpo,157.0,16.0,0.1464968152866242,0.01393312101910828,0.0015923566878980893,0.0011942675159235668,0.0003980891719745223,0.006369426751592357,0.0019904458598726115,5.0,0.005573248407643312,0.004378980891719745,0.0011942675159235668,0.0,0.0,2.0,12.0,2.0,0.08917197452229299,0.07643312101910828,0.21463497874637993,2.77108496178261,2.0,4.286624203821656,13.0,6.0,2.0445859872611467,0.8351910828025477,0.2611464968152866,3.482193207954025,0.9435710158331221,0.09022556390977443,-0.09912420382165604,0.847691450523711
mariodpo::mariodpo_nintendo_0399.txt,mariodpo,161.0,16.0,0.1110248447204969,0.004270186335403727,0.0,0.004270186335403727,0.0,0.003105590062111801,0.004270186335403727,11.0,0.004270186335403727,0.0011645962732919255,0.003105590062111801,0.0,0.0,2.0,16.0,3.0,0.14906832298136646,0.09937888198757763,0.21800208275687105,2.1415520377443142,1.93125,3.577639751552795,11.0,2.0,1.5590062111801242,0.8400621118012422,0.2857142857142857,3.551252060861534,0.944073936702986,0.09340023157082207,-0.15838509316770186,0.8578852677098744
mariodpo::mariodpo_nintendo_0400.txt,mariodpo,173.0,16.0,0.12644508670520233,0.001445086705202312,0.000361271676300578,0.000361271676300578,0.000361271676300578,0.00939306358381503,0.000722543352601156,2.0,0.0050578034682080926,0.0018063583815028901,0.001445086705202312,0.000361271676300578,0.001445086705202312,4.0,9.0,3.0,0.06936416184971098,0.05202312138728324,0.01123912470490196,1.364722465461764,1.6395348837209303,2.6763005780346822,11.0,6.0,1.9190751445086704,0.854407514450867,0.18497109826589594,2.3583797892436316,0.8050956448872504,0.06827164929931728,-0.08236994219653178,0.8496760805671393
mariodpo::mariodpo_nintendo_0401.txt,mariodpo,198.0,16.0,0.11773989898989899,0.008522727272727272,0.0003156565656565657,0.0015782828282828283,0.0,0.005681818181818182,0.001893939393939394,6.0,0.003472222222222222,0.000946969696969697,0.0022095959595959595,0.0003156565656565657,0.0,3.0,24.0,3.0,0.19696969696969696,0.12121212121212122,0.00889296527253769,2.612282841941364,1.532994923857868,3.585858585858586,11.0,8.0,1.707070707070707,0.8409090909090909,0.2828282828282828,3.7808887110509977,0.9813663509148907,0.09205152371976123,-0.20612373737373735,0.8546523399086018
mariodpo::mariodpo_nintendo_0402.txt,mariodpo,169.0,16.0,0.13868343195266272,0.0025887573964497044,0.0,0.0007396449704142012,0.0003698224852071006,0.005177514792899409,0.0014792899408284023,4.0,0.005917159763313609,0.0018491124260355029,0.0022189349112426036,0.0018491124260355029,0.0,3.0,10.0,2.0,0.0650887573964497,0.05917159763313609,0.006110572522886382,1.702115330919315,1.5714285714285714,2.899408284023669,11.0,8.0,2.088757396449704,0.8446745562130178,0.1952662721893491,2.6622820607606084,0.8662330679842745,0.07944097094520045,-0.07544378698224853,0.8504928346452495
mariodpo::mariodpo_nintendo_0403.txt,mariodpo,185.0,16.0,0.19155405405405404,0.07331081081081081,0.0033783783783783786,0.008783783783783784,0.0006756756756756757,0.0013513513513513514,0.00945945945945946,28.0,0.0037162162162162164,0.0010135135135135136,0.002702702702702703,0.0,0.0,2.0,16.0,3.0,0.12432432432432433,0.08648648648648649,0.10446551579112939,4.164320062452809,1.6521739130434783,6.3297297297297295,13.0,10.0,2.254054054054054,0.7672297297297297,0.3837837837837838,4.8151330511021015,1.332613009390212,0.11294117647058824,-0.1266891891891892,0.8798219584569733
mariodpo::mariodpo_nintendo_0404.txt,mariodpo,200.0,16.0,0.1234375,0.010625,0.0015625,0.0021875,0.000625,0.005625,0.0028125,9.0,0.009375,0.0040625,0.003125,0.0003125,0.001875,4.0,13.0,3.0,0.1,0.065,0.005142297790214356,1.9096248556213906,1.4522613065326633,2.945,13.0,8.0,1.795,0.8534375,0.21,3.0880377662389336,0.8617572223018019,0.08398133748055987,-0.11406250000000001,0.8520715630885123
mariodpo::mariodpo_nintendo_0405.txt,mariodpo,176.0,16.0,0.13671875,0.009588068181818182,0.0007102272727272727,0.002840909090909091,0.0007102272727272727,0.009232954545454546,0.00390625,11.0,0.0078125,0.004261363636363636,0.002130681818181818,0.0003551136363636364,0.001065340909090909,4.0,12.0,3.0,0.10795454545454546,0.06818181818181818,0.008566335030201988,2.9944962529766075,1.5142857142857142,4.295454545454546,11.0,8.0,1.9375,0.7943892045454546,0.30113636363636365,4.086105804441291,1.2211143651460978,0.10596962204168138,-0.12038352272727273,0.8541666666666666
mariodpo::mariodpo_nintendo_0406.txt,mariodpo,167.0,16.0,0.11751497005988024,0.007859281437125748,0.0014970059880239522,0.004116766467065869,0.00037425149700598805,0.002245508982035928,0.004491017964071856,12.0,0.0033682634730538923,0.0014970059880239522,0.0014970059880239522,0.00037425149700598805,0.0,3.0,21.0,3.0,0.19760479041916168,0.12574850299401197,0.061342698062633816,2.705912898249385,1.6746987951807228,4.017964071856287,11.0,10.0,1.7065868263473054,0.8282185628742516,0.2694610778443114,3.885127875193737,1.052118744816066,0.0971343505768515,-0.2054640718562874,0.8571336810093392
mariodpo::mariodpo_nintendo_0407.txt,mariodpo,162.0,16.0,0.15316358024691357,0.0015432098765432098,0.0,0.0015432098765432098,0.0,0.010802469135802469,0.0015432098765432098,4.0,0.008101851851851851,0.0030864197530864196,0.003472222222222222,0.0007716049382716049,0.0007716049382716049,4.0,9.0,3.0,0.08641975308641975,0.05555555555555555,0.0035542738353810943,2.0175229546990687,1.5403726708074534,3.0864197530864197,12.0,12.0,2.376543209876543,0.8221450617283951,0.21604938271604937,2.995045778014523,0.9878125748345634,0.08784042961258151,-0.10223765432098764,0.8611244795907128
mariodpo::mariodpo_nintendo_0408.txt,mariodpo,156.0,16.0,0.13341346153846154,0.010416666666666666,0.001201923076923077,0.0008012820512820513,0.00040064102564102563,0.003205128205128205,0.001201923076923077,3.0,0.008814102564102564,0.004006410256410256,0.003605769230769231,0.0,0.001201923076923077,3.0,9.0,2.0,0.0641025641025641,0.057692307692307696,0.005938891935235446,2.1351128242682034,1.967741935483871,3.1794871794871793,13.0,8.0,1.9166666666666667,0.8481570512820513,0.1858974358974359,2.452251815872847,0.8472116225278343,0.08363201911589008,-0.078125,0.853993134177558
mariodpo::mariodpo_nintendo_0409.txt,mariodpo,152.0,16.0,0.1171875,0.0024671052631578946,0.00041118421052631577,0.003700657894736842,0.00041118421052631577,0.012335526315789474,0.004111842105263158,10.0,0.006578947368421052,0.00041118421052631577,0.004523026315789474,0.0008223684210526315,0.0008223684210526315,4.0,15.0,3.0,0.125,0.09868421052631579,0.0027468790337368265,1.2681884498217846,1.6158940397350994,2.4342105263157894,11.0,6.0,1.769736842105263,0.8548519736842105,0.19736842105263158,2.572041256918414,0.8362749036493163,0.08295872496935022,-0.13733552631578946,0.8467871399469509
mariodpo::mariodpo_nintendo_0410.txt,mariodpo,171.0,16.0,0.11440058479532164,0.0,0.0021929824561403508,0.0021929824561403508,0.0003654970760233918,0.0043859649122807015,0.0025584795321637425,7.0,0.009137426900584795,0.006944444444444444,0.001827485380116959,0.0003654970760233918,0.0,3.0,17.0,3.0,0.11695906432748537,0.09941520467836257,0.0002590913118010185,1.0507091428648687,1.4705882352941178,2.327485380116959,11.0,2.0,1.7660818713450293,0.8654970760233918,0.12280701754385964,2.036758415153898,0.7286200240920685,0.064340239912759,-0.13230994152046782,0.8610536252618557
mariodpo::mariodpo_nintendo_0411.txt,mariodpo,165.0,16.0,0.09583333333333334,0.006060606060606061,0.0,0.00946969696969697,0.0003787878787878788,0.0015151515151515152,0.009848484848484848,26.0,0.0030303030303030303,0.0007575757575757576,0.0022727272727272726,0.0,0.0,2.0,22.0,3.0,0.20606060606060606,0.13333333333333333,0.019996677829849596,3.0152085004669624,2.1951219512195124,5.042424242424242,11.0,3.0,1.2363636363636363,0.7833333333333333,0.45454545454545453,5.36632547578084,1.1788186150032391,0.12919020715630886,-0.20833333333333331,0.8935860058309038
mariodpo::mariodpo_nintendo_0412.txt,mariodpo,169.0,16.0,0.1275887573964497,0.0018491124260355029,0.0,0.0,0.0003698224852071006,0.005917159763313609,0.0003698224852071006,1.0,0.005917159763313609,0.0029585798816568047,0.0018491124260355029,0.0,0.0011094674556213018,3.0,13.0,3.0,0.10650887573964497,0.07692307692307693,0.006171551750789983,1.797569818866239,1.880952380952381,2.8698224852071004,11.0,8.0,1.9171597633136095,0.8561390532544378,0.15384615384615385,2.4020495923127196,0.8004570505670643,0.07613093048915043,-0.1209319526627219,0.8553786874515188
mariodpo::mariodpo_nintendo_0413.txt,mariodpo,196.0,16.0,0.1399872448979592,0.0031887755102040817,0.0,0.0,0.0,0.006377551020408163,0.0,0.0,0.008928571428571428,0.004145408163265306,0.0047831632653061226,0.0,0.0,2.0,11.0,2.0,0.061224489795918366,0.05612244897959184,0.0045111778787648715,1.8298793568539464,1.4666666666666666,2.989795918367347,11.0,10.0,2.0969387755102042,0.8408801020408163,0.17346938775510204,2.647846567784219,0.888233939529657,0.07648365598222787,-0.07525510204081633,0.85302160322135
mariodpo::mariodpo_nintendo_0414.txt,mariodpo,197.0,16.0,0.13864213197969544,0.007296954314720812,0.004441624365482234,0.004124365482233503,0.0006345177664974619,0.006979695431472081,0.004758883248730965,15.0,0.0034898477157360407,0.0,0.0025380710659898475,0.00031725888324873094,0.0006345177664974619,3.0,8.0,2.0,0.04568527918781726,0.04060913705583756,0.00027249137213258834,1.991520672743364,1.6479591836734695,3.1269035532994924,13.0,8.0,2.030456852791878,0.8426395939086294,0.19796954314720813,2.737114377541667,0.8884442515674624,0.07578149668455952,-0.049492385786802026,0.8460472848762371
mariodpo::mariodpo_nintendo_0415.txt,mariodpo,198.0,16.0,0.14551767676767677,0.0022095959595959595,0.0,0.0025252525252525255,0.0,0.005681818181818182,0.002840909090909091,9.0,0.005050505050505051,0.0025252525252525255,0.0022095959595959595,0.0003156565656565657,0.0,3.0,18.0,3.0,0.14646464646464646,0.09090909090909091,0.01687795691486127,2.7840214618275048,1.6091370558375635,3.808080808080808,11.0,10.0,2.1818181818181817,0.797979797979798,0.3181818181818182,3.7343220241947126,1.1691929867567334,0.10021991831605404,-0.15625,0.877742946708464
mariodpo::mariodpo_nintendo_0416.txt,mariodpo,154.0,16.0,0.1241883116883117,0.005275974025974026,0.0016233766233766235,0.0016233766233766235,0.00040584415584415587,0.00974025974025974,0.002029220779220779,5.0,0.006087662337662338,0.002435064935064935,0.0036525974025974025,0.0,0.0,2.0,11.0,2.0,0.07792207792207792,0.07142857142857142,0.007375737198404231,2.057385876237992,1.7058823529411764,3.1493506493506493,11.0,2.0,1.7922077922077921,0.8453733766233766,0.2012987012987013,2.7628545553214634,0.88119978760158,0.08188785800726099,-0.08847402597402597,0.8519296568882115
mariodpo::mariodpo_nintendo_0417.txt,mariodpo,191.0,16.0,0.12925392670157068,0.004581151832460733,0.003599476439790576,0.00556282722513089,0.0006544502617801048,0.004581151832460733,0.006217277486910994,19.0,0.008507853403141362,0.00556282722513089,0.0013089005235602095,0.0003272251308900524,0.0013089005235602095,4.0,16.0,2.0,0.1099476439790576,0.08376963350785341,0.06160677099343137,2.247471106084061,2.031578947368421,3.4083769633507854,11.0,10.0,1.8952879581151831,0.8396596858638743,0.25654450261780104,3.5908087203981314,0.9769974979558451,0.09215239335721263,-0.11747382198952881,0.8617032704702793
mariodpo::mariodpo_nintendo_0418.txt,mariodpo,169.0,16.0,0.12980769230769232,0.009245562130177515,0.0007396449704142012,0.0011094674556213018,0.0011094674556213018,0.0073964497041420114,0.0022189349112426036,6.0,0.0073964497041420114,0.0025887573964497044,0.0036982248520710057,0.0,0.0011094674556213018,3.0,19.0,3.0,0.1242603550295858,0.11242603550295859,0.0790687240500283,1.9128892339821681,1.869047619047619,3.0118343195266273,11.0,7.0,1.8461538461538463,0.849112426035503,0.23076923076923078,2.9724501753312005,0.8712316301860734,0.08789996322177271,-0.1383136094674556,0.8404508799128817
mariodpo::mariodpo_nintendo_0419.txt,mariodpo,196.0,16.0,0.23469387755102042,0.109375,0.00031887755102040814,0.00510204081632653,0.0009566326530612245,0.0012755102040816326,0.006058673469387755,19.0,0.007653061224489796,0.004464285714285714,0.002551020408163265,0.0,0.0006377551020408163,3.0,13.0,3.0,0.11734693877551021,0.0663265306122449,0.4458769211083915,2.9857435020322947,0.6974358974358974,9.505102040816327,13.0,10.0,2.6530612244897958,0.7464923469387755,0.20918367346938777,3.948922623741365,1.2818941939348407,0.08124404950809266,-0.12659438775510204,0.8419914925750743
mariodpo::mariodpo_nintendo_0420.txt,mariodpo,187.0,16.0,0.12299465240641712,0.007018716577540107,0.0006684491978609625,0.0066844919786096255,0.0006684491978609625,0.0,0.007352941176470588,22.0,0.006016042780748663,0.002339572192513369,0.00267379679144385,0.0,0.001002673796791444,3.0,19.0,3.0,0.1657754010695187,0.10160427807486631,0.10534407151509306,2.6189220090279783,2.28494623655914,4.2032085561497325,11.0,10.0,1.7058823529411764,0.8198529411764706,0.37433155080213903,4.73105471017169,1.1037604684281572,0.1167276355171267,-0.17245989304812834,0.8945868945868946
mariodpo::mariodpo_nintendo_0421.txt,mariodpo,163.0,16.0,0.15912576687116564,0.0023006134969325155,0.0007668711656441718,0.0007668711656441718,0.0003834355828220859,0.004601226993865031,0.0015337423312883436,4.0,0.010352760736196318,0.004601226993865031,0.003450920245398773,0.0015337423312883436,0.0007668711656441718,4.0,9.0,3.0,0.09815950920245399,0.05521472392638037,0.07626423580416541,2.2652399372049725,1.5185185185185186,3.576687116564417,11.0,10.0,2.3987730061349692,0.8201687116564417,0.26380368098159507,3.6324791774756076,1.0234371791624945,0.09302325581395349,-0.11618098159509202,0.8402565530115803
mariodpo::mariodpo_nintendo_0422.txt,mariodpo,167.0,16.0,0.13922155688622753,0.004491017964071856,0.0007485029940119761,0.001122754491017964,0.00037425149700598805,0.004491017964071856,0.0018712574850299401,5.0,0.010104790419161677,0.004116766467065869,0.0018712574850299401,0.0014970059880239522,0.002619760479041916,4.0,8.0,3.0,0.08383233532934131,0.04790419161676647,0.017706249530045515,1.8050247326057587,1.1927710843373494,3.07185628742515,10.0,8.0,2.095808383233533,0.8401946107784432,0.2874251497005988,3.3046442282957766,0.931084826255233,0.09229624116114626,-0.10104790419161677,0.8403811233308136
mariodpo::mariodpo_nintendo_0423.txt,mariodpo,162.0,16.0,0.16203703703703703,0.002700617283950617,0.006558641975308642,0.005787037037037037,0.0011574074074074073,0.0030864197530864196,0.006944444444444444,18.0,0.009645061728395061,0.0038580246913580245,0.003472222222222222,0.0011574074074074073,0.0011574074074074073,4.0,3.0,2.0,0.024691358024691357,0.018518518518518517,6.765835955746535e-05,1.965285493162886,1.3043478260869565,3.2222222222222223,11.0,10.0,2.5,0.8140432098765432,0.2716049382716049,3.1778227666167886,1.0412712797660988,0.09052550824702724,-0.03356481481481481,0.8572410814084281
mariodpo::mariodpo_nintendo_0424.txt,mariodpo,153.0,16.0,0.11519607843137254,0.0012254901960784314,0.0,0.0016339869281045752,0.0,0.012254901960784314,0.002042483660130719,5.0,0.004493464052287581,0.0012254901960784314,0.0032679738562091504,0.0,0.0,2.0,12.0,3.0,0.13071895424836602,0.0784313725490196,0.020579577983655395,1.5967222239303827,1.5,2.7516339869281046,11.0,2.0,1.7581699346405228,0.8533496732026143,0.16339869281045752,2.3345495793943107,0.8243116402558388,0.07998375964271214,-0.14297385620915035,0.852037604935833
mariodpo::mariodpo_nintendo_0425.txt,mariodpo,166.0,16.0,0.13667168674698796,0.004894578313253012,0.0011295180722891566,0.0015060240963855422,0.00037650602409638556,0.007530120481927711,0.002259036144578313,6.0,0.004518072289156626,0.0015060240963855422,0.0015060240963855422,0.0007530120481927711,0.0007530120481927711,4.0,10.0,3.0,0.0783132530120482,0.060240963855421686,7.104143939784535e-10,1.6262136200816542,1.5575757575757576,2.8132530120481927,13.0,8.0,2.066265060240964,0.8448795180722891,0.18674698795180722,2.7041164629884173,0.87833050163281,0.0827405466117559,-0.08960843373493976,0.8552593688583956
mariodpo::mariodpo_nintendo_0426.txt,mariodpo,163.0,16.0,0.11618098159509202,0.004601226993865031,0.0019171779141104294,0.0019171779141104294,0.0011503067484662577,0.003067484662576687,0.003067484662576687,8.0,0.006901840490797546,0.0015337423312883436,0.004217791411042945,0.0011503067484662577,0.0,3.0,18.0,3.0,0.147239263803681,0.11042944785276074,0.013079463603288266,1.6831044105540607,2.314814814814815,2.773006134969325,11.0,4.0,1.7239263803680982,0.8654141104294478,0.25153374233128833,3.2265039185001356,0.805867502891825,0.09073579870377431,-0.1602760736196319,0.8462325138129805
mariodpo::mariodpo_nintendo_0427.txt,mariodpo,166.0,16.0,0.1302710843373494,0.0011295180722891566,0.0,0.0026355421686746986,0.0,0.004518072289156626,0.0030120481927710845,8.0,0.006024096385542169,0.00338855421686747,0.002259036144578313,0.00037650602409638556,0.0,3.0,16.0,2.0,0.1144578313253012,0.0963855421686747,0.08355610378630551,1.691881442514883,1.1757575757575758,2.9518072289156625,11.0,10.0,2.0120481927710845,0.8268072289156626,0.23493975903614459,3.2421371170907234,1.0207649606259783,0.09397229502059154,-0.12349397590361447,0.8470507030730602
mariodpo::mariodpo_nintendo_0428.txt,mariodpo,152.0,16.0,0.15296052631578946,0.0,0.0,0.0008223684210526315,0.0,0.007401315789473684,0.0008223684210526315,2.0,0.006578947368421052,0.004111842105263158,0.0024671052631578946,0.0,0.0,2.0,4.0,1.0,0.02631578947368421,0.02631578947368421,0.010738934463890959,1.8381016189932522,1.7350993377483444,3.138157894736842,11.0,10.0,2.3092105263157894,0.8273026315789473,0.19736842105263158,2.5953928808656737,0.937121370347106,0.0813240702901512,-0.03536184210526315,0.8548255038669529
mariodpo::mariodpo_nintendo_0429.txt,mariodpo,193.0,16.0,0.1253238341968912,0.0025906735751295338,0.0,0.0006476683937823834,0.0003238341968911917,0.007124352331606218,0.0012953367875647669,4.0,0.0038860103626943004,0.0012953367875647669,0.0016191709844559584,0.0009715025906735751,0.0,3.0,19.0,3.0,0.14507772020725387,0.09844559585492228,0.00011429879080260275,1.5971482871054725,1.7291666666666667,2.621761658031088,11.0,8.0,1.9015544041450778,0.8588082901554405,0.18652849740932642,2.7437721797243584,0.804714094635314,0.07605543022881082,-0.155440414507772,0.8515679298153589
mariodpo::mariodpo_nintendo_0430.txt,mariodpo,159.0,16.0,0.13089622641509435,0.0007861635220125787,0.0,0.003537735849056604,0.00039308176100628933,0.006289308176100629,0.004323899371069182,11.0,0.00589622641509434,0.003537735849056604,0.0019654088050314465,0.00039308176100628933,0.0,3.0,10.0,1.0,0.06289308176100629,0.06289308176100629,0.015332454635132886,1.6547799192769475,1.5443037974683544,2.8867924528301887,11.0,8.0,2.0,0.839622641509434,0.2641509433962264,3.0977300480008254,0.9221804092849629,0.09066041422430637,-0.06761006289308176,0.8459756069237819
mariodpo::mariodpo_nintendo_0431.txt,mariodpo,171.0,16.0,0.14839181286549707,0.0021929824561403508,0.0,0.0,0.0010964912280701754,0.0029239766081871343,0.0010964912280701754,3.0,0.0062134502923976605,0.003654970760233918,0.001827485380116959,0.0007309941520467836,0.0,3.0,10.0,2.0,0.06432748538011696,0.05847953216374269,0.00268776025398354,1.9805038752672433,1.8823529411764706,3.134502923976608,11.0,10.0,2.2280701754385963,0.8362573099415205,0.19883040935672514,2.810947051254303,0.9072968808236517,0.08324245728825881,-0.0752923976608187,0.8539526332219539
mariodpo::mariodpo_nintendo_0432.txt,mariodpo,154.0,16.0,0.11647727272727272,0.0,0.0,0.0,0.0,0.008928571428571428,0.0,0.0,0.006899350649350649,0.00487012987012987,0.002029220779220779,0.0,0.0,2.0,12.0,2.0,0.09740259740259741,0.07792207792207792,0.002377304145566028,0.7715693902194308,1.0457516339869282,2.207792207792208,11.0,3.0,1.8116883116883118,0.8624188311688312,0.09740259740259741,1.8696102234173018,0.7368299615263354,0.06655909640984267,-0.11079545454545456,0.8613322134181541
mariodpo::mariodpo_nintendo_0433.txt,mariodpo,154.0,16.0,0.13758116883116883,0.0016233766233766235,0.00040584415584415587,0.00040584415584415587,0.00040584415584415587,0.015422077922077922,0.0008116883116883117,2.0,0.007305194805194805,0.0016233766233766235,0.002029220779220779,0.0012175324675324675,0.002435064935064935,4.0,11.0,3.0,0.09090909090909091,0.07142857142857142,0.003383472172575397,1.7519466117558726,1.7777777777777777,2.9415584415584415,11.0,6.0,2.0714285714285716,0.8344155844155844,0.19480519480519481,3.094036690734985,0.9539192658166764,0.09116579265832997,-0.10714285714285715,0.8415806214148561
mariodpo::mariodpo_nintendo_0434.txt,mariodpo,181.0,16.0,0.3532458563535912,0.23204419889502761,0.003107734806629834,0.007596685082872928,0.0006906077348066298,0.007941988950276244,0.008287292817679558,24.0,0.003453038674033149,0.0017265193370165745,0.0017265193370165745,0.0,0.0,2.0,11.0,3.0,0.08839779005524862,0.06077348066298342,0.03783031690059668,4.0364233001515135,0.8444444444444444,10.0,13.0,6.0,3.585635359116022,0.6232734806629834,0.2983425414364641,4.187650931931965,1.5424029205614205,0.08828581243558914,-0.09185082872928177,0.8472199882908696
mariodpo::mariodpo_nintendo_0435.txt,mariodpo,189.0,16.0,0.12896825396825398,0.0036375661375661374,0.0006613756613756613,0.000992063492063492,0.0,0.005291005291005291,0.000992063492063492,3.0,0.007275132275132275,0.003968253968253968,0.002976190476190476,0.00033068783068783067,0.0,3.0,9.0,2.0,0.0582010582010582,0.047619047619047616,0.001321385144436249,1.742495280316192,1.5425531914893618,2.9100529100529102,11.0,6.0,1.9365079365079365,0.8538359788359788,0.15873015873015872,2.2927818380520923,0.8047006495842792,0.07074695623560381,-0.06977513227513227,0.8522596067400973
mariodpo::mariodpo_nintendo_0436.txt,mariodpo,170.0,16.0,0.13676470588235295,0.004044117647058824,0.0,0.005147058823529412,0.0,0.0058823529411764705,0.005147058823529412,14.0,0.0058823529411764705,0.0029411764705882353,0.0022058823529411764,0.0,0.0007352941176470588,3.0,13.0,3.0,0.15294117647058825,0.07647058823529412,0.048113534774021804,3.130128763689695,1.7455621301775148,4.688235294117647,13.0,10.0,1.9764705882352942,0.7613970588235294,0.31176470588235294,4.243378796035595,1.3323413362773768,0.10127970749542961,-0.1625,0.8648748699749128
mariodpo::mariodpo_nintendo_0437.txt,mariodpo,200.0,16.0,0.1146875,0.00875,0.0028125,0.00375,0.000625,0.008125,0.0046875,15.0,0.005,0.0009375,0.0021875,0.0009375,0.0009375,4.0,15.0,3.0,0.16,0.075,0.006484157287969805,2.744367254181354,2.0100502512562812,3.755,11.0,3.0,1.63,0.84875,0.285,3.840839920585103,0.9434000775739881,0.10233281493001556,-0.1678125,0.8757598784194529
mariodpo::mariodpo_nintendo_0438.txt,mariodpo,175.0,16.0,0.13214285714285715,0.0017857142857142857,0.0007142857142857143,0.0007142857142857143,0.0007142857142857143,0.01,0.0014285714285714286,4.0,0.005,0.002857142857142857,0.0014285714285714286,0.0007142857142857143,0.0,3.0,14.0,3.0,0.10285714285714286,0.08,0.020511325110862733,1.8792678651397865,2.045977011494253,2.9771428571428573,11.0,6.0,1.9828571428571429,0.8471428571428572,0.18857142857142858,2.772241202926404,0.8644113161380274,0.08348134991119005,-0.115,0.8450656671329597
mariodpo::mariodpo_nintendo_0439.txt,mariodpo,193.0,16.0,0.14183937823834197,0.0045336787564766836,0.0038860103626943004,0.005505181347150259,0.0006476683937823834,0.007124352331606218,0.006152849740932643,19.0,0.006800518134715026,0.0022668393782383418,0.003562176165803109,0.0003238341968911917,0.0006476683937823834,4.0,9.0,2.0,0.05699481865284974,0.046632124352331605,0.001156940452242905,1.9265328647859639,1.65625,3.1036269430051813,10.0,10.0,2.1139896373056994,0.8341968911917098,0.23316062176165803,3.0654322435241728,0.957425888256277,0.08604576216564615,-0.06282383419689119,0.8442517760180245
mariodpo::mariodpo_nintendo_0440.txt,mariodpo,183.0,16.0,0.14275956284153005,0.01058743169398907,0.0034153005464480873,0.0034153005464480873,0.00034153005464480874,0.0034153005464480873,0.003756830601092896,11.0,0.00819672131147541,0.003756830601092896,0.003756830601092896,0.0006830601092896175,0.0,3.0,9.0,3.0,0.08196721311475409,0.04918032786885246,0.0047646729689966305,2.9267361816875157,2.21978021978022,3.92896174863388,11.0,8.0,2.010928961748634,0.8336748633879781,0.2459016393442623,3.494616681261881,0.970657778248492,0.08936459395174992,-0.094603825136612,0.8565160925489578
mariodpo::mariodpo_nintendo_0441.txt,mariodpo,183.0,16.0,0.11953551912568305,0.0047814207650273225,0.0,0.0023907103825136613,0.00034153005464480874,0.010245901639344262,0.00273224043715847,8.0,0.004098360655737705,0.0023907103825136613,0.0017076502732240437,0.0,0.0,2.0,16.0,3.0,0.14207650273224043,0.08743169398907104,0.00020531254734867943,2.872375376318916,1.6593406593406594,3.8360655737704916,11.0,3.0,1.6939890710382515,0.8234289617486339,0.24043715846994534,3.5268740905682368,1.0274066201556262,0.09174311926605505,-0.15163934426229508,0.8434714375392341
mariodpo::mariodpo_nintendo_0442.txt,mariodpo,186.0,16.0,0.11525537634408602,0.005040322580645161,0.0013440860215053765,0.003696236559139785,0.0006720430107526882,0.010080645161290322,0.004368279569892473,13.0,0.007056451612903226,0.005376344086021506,0.0013440860215053765,0.0003360215053763441,0.0,3.0,14.0,3.0,0.12903225806451613,0.07526881720430108,0.0007331363352764964,2.5485572903948372,1.5351351351351352,3.5376344086021505,11.0,3.0,1.6612903225806452,0.8148521505376344,0.2849462365591398,3.7032904626267737,1.0754225854874588,0.09361417586091608,-0.13978494623655913,0.8591026029055691
mariodpo::mariodpo_nintendo_0443.txt,mariodpo,158.0,16.0,0.12183544303797468,0.005537974683544304,0.0,0.0023734177215189874,0.0,0.011867088607594937,0.0023734177215189874,6.0,0.00435126582278481,0.001977848101265823,0.001977848101265823,0.00039556962025316455,0.0,3.0,15.0,3.0,0.13291139240506328,0.0949367088607595,0.004571024390194078,2.021712795087346,1.4394904458598725,3.0253164556962027,11.0,6.0,1.8291139240506329,0.8504746835443038,0.22151898734177214,3.0572588271171854,0.8835708149158933,0.08257963035784506,-0.14438291139240503,0.8530784513489631
mariodpo::mariodpo_nintendo_0444.txt,mariodpo,161.0,16.0,0.14169254658385094,0.008928571428571428,0.00038819875776397513,0.00038819875776397513,0.0007763975155279503,0.010093167701863354,0.0011645962732919255,3.0,0.005822981366459627,0.004658385093167702,0.0011645962732919255,0.0,0.0,2.0,12.0,3.0,0.09316770186335403,0.07453416149068323,0.11805378929373389,2.3217327363627662,2.0125,3.546583850931677,11.0,10.0,2.0434782608695654,0.8365683229813664,0.20496894409937888,2.927540267616869,0.9264820668677722,0.08529525279814744,-0.10714285714285715,0.8420489323356712
mariodpo::mariodpo_nintendo_0445.txt,mariodpo,188.0,16.0,0.125,0.0,0.0,0.0,0.0,0.013962765957446808,0.0003324468085106383,1.0,0.007313829787234043,0.0029920212765957447,0.003324468085106383,0.0003324468085106383,0.0006648936170212766,4.0,14.0,2.0,0.10106382978723404,0.07446808510638298,0.007152470793031163,1.4905716130917845,1.7433155080213905,2.675531914893617,11.0,7.0,1.8936170212765957,0.8490691489361702,0.16489361702127658,2.6143601328323953,0.847088322230141,0.07806814422758848,-0.11336436170212764,0.846916481710992
mariodpo::mariodpo_nintendo_0446.txt,mariodpo,157.0,16.0,0.1429140127388535,0.0007961783439490446,0.0007961783439490446,0.0007961783439490446,0.0003980891719745223,0.006369426751592357,0.0019904458598726115,5.0,0.0051751592356687895,0.004777070063694267,0.0003980891719745223,0.0,0.0,2.0,7.0,2.0,0.06369426751592357,0.044585987261146494,0.02599125138147529,1.909304789191564,1.6025641025641026,3.171974522292994,11.0,7.0,2.1337579617834397,0.8387738853503185,0.22929936305732485,2.9623624098070223,0.902179094656216,0.08943411159477642,-0.0732484076433121,0.8292901196633465
mariodpo::mariodpo_nintendo_0447.txt,mariodpo,161.0,16.0,0.13975155279503104,0.008540372670807454,0.0007763975155279503,0.00038819875776397513,0.00038819875776397513,0.012422360248447204,0.0011645962732919255,3.0,0.005822981366459627,0.002329192546583851,0.003105590062111801,0.00038819875776397513,0.0,3.0,9.0,1.0,0.055900621118012424,0.055900621118012424,0.00448173873772717,2.374811214130685,1.9,3.409937888198758,11.0,8.0,1.9937888198757765,0.8361801242236024,0.2484472049689441,2.952486443317112,0.9418966871902739,0.09147047472018525,-0.06366459627329192,0.8362478402110004
mariodpo::mariodpo_nintendo_0448.txt,mariodpo,197.0,16.0,0.16148477157360405,0.0034898477157360407,0.0012690355329949238,0.0012690355329949238,0.00031725888324873094,0.011421319796954314,0.0015862944162436548,5.0,0.00666243654822335,0.004758883248730965,0.0009517766497461929,0.0009517766497461929,0.0,3.0,8.0,3.0,0.06091370558375635,0.04060913705583756,2.7951497976297368e-05,1.9020756761707864,1.3214285714285714,3.045685279187817,13.0,10.0,2.4771573604060912,0.8150380710659898,0.17766497461928935,2.700529169512039,1.0283266489657805,0.08083359646353015,-0.07360406091370558,0.8573873094883147
mariodpo::mariodpo_nintendo_0449.txt,mariodpo,181.0,16.0,0.2589779005524862,0.14226519337016574,0.003798342541436464,0.010704419889502763,0.0013812154696132596,0.0020718232044198894,0.012085635359116022,35.0,0.004834254143646409,0.0013812154696132596,0.003453038674033149,0.0,0.0,2.0,12.0,3.0,0.11049723756906077,0.06629834254143646,0.3835012631364664,3.0485798746901884,1.3222222222222222,8.922651933701658,13.0,7.0,2.6519337016574585,0.7147790055248618,0.39226519337016574,5.032169990802344,1.405126011960002,0.10271384403984885,-0.11153314917127072,0.8704013377926421
mariodpo::mariodpo_nintendo_0450.txt,mariodpo,189.0,16.0,0.21362433862433863,0.09623015873015874,0.002976190476190476,0.0036375661375661374,0.00033068783068783067,0.007275132275132275,0.003968253968253968,12.0,0.006613756613756613,0.003968253968253968,0.0026455026455026454,0.0,0.0,2.0,14.0,2.0,0.07936507936507936,0.07407407407407407,0.2860241847426993,3.8796910095795605,0.6276595744680851,7.375661375661376,13.0,6.0,2.4656084656084656,0.7648809523809523,0.23809523809523808,3.7571414063110553,1.2185026850009533,0.081605791378743,-0.0873015873015873,0.8476219106899725
mariodpo::mariodpo_nintendo_0451.txt,mariodpo,166.0,16.0,0.15022590361445784,0.00941265060240964,0.0,0.0015060240963855422,0.0,0.015060240963855422,0.0015060240963855422,4.0,0.005271084337349397,0.0026355421686746986,0.002259036144578313,0.00037650602409638556,0.0,3.0,13.0,2.0,0.10843373493975904,0.0783132530120482,0.10412882884852181,2.605267918615849,1.9757575757575758,3.789156626506024,13.0,9.0,2.144578313253012,0.8234186746987951,0.25903614457831325,3.5606542058599726,1.029026955067291,0.0909771621115687,-0.11822289156626506,0.8564805278905144
mariodpo::mariodpo_nintendo_0452.txt,mariodpo,190.0,16.0,0.13651315789473684,0.010855263157894738,0.001973684210526316,0.0042763157894736845,0.0013157894736842105,0.007236842105263158,0.005592105263157895,17.0,0.007236842105263158,0.003618421052631579,0.0029605263157894738,0.0006578947368421052,0.0,3.0,13.0,3.0,0.1,0.06842105263157895,0.0009708209312021543,2.2538482607731787,1.7248677248677249,3.268421052631579,11.0,8.0,1.9789473684210526,0.8388157894736842,0.2894736842105263,3.6703989982759637,0.9712540928167915,0.09165302782324058,-0.10953947368421052,0.8514679176755447
mariodpo::mariodpo_nintendo_0453.txt,mariodpo,193.0,16.0,0.13601036269430053,0.01327720207253886,0.0012953367875647669,0.0016191709844559584,0.0006476683937823834,0.005505181347150259,0.0022668393782383418,7.0,0.008743523316062176,0.003562176165803109,0.003238341968911917,0.0003238341968911917,0.0016191709844559584,4.0,11.0,3.0,0.09326424870466321,0.05699481865284974,0.008193132999963493,2.60450373953165,1.6979166666666667,3.694300518134715,11.0,8.0,1.9119170984455958,0.8439119170984456,0.25906735751295334,3.4098430910492668,0.9109998973264133,0.08733483725427006,-0.10751295336787565,0.8598174227318046
mariodpo::mariodpo_nintendo_0454.txt,mariodpo,196.0,16.0,0.12213010204081633,0.009566326530612245,0.0006377551020408163,0.0009566326530612245,0.00031887755102040814,0.0,0.0012755102040816326,4.0,0.00860969387755102,0.004464285714285714,0.00350765306122449,0.0006377551020408163,0.0,3.0,20.0,3.0,0.1326530612244898,0.10204081632653061,0.023133840653574933,2.247959557720402,1.994871794871795,3.2806122448979593,13.0,8.0,1.8061224489795917,0.8603316326530612,0.23979591836734693,3.3647770741702385,0.8330082370002901,0.08187876864487464,-0.14764030612244902,0.8513030482526377
mariodpo::mariodpo_nintendo_0455.txt,mariodpo,166.0,16.0,0.12123493975903614,0.0030120481927710845,0.00037650602409638556,0.0018825301204819277,0.00037650602409638556,0.00677710843373494,0.002259036144578313,6.0,0.004894578313253012,0.0026355421686746986,0.002259036144578313,0.0,0.0,2.0,11.0,3.0,0.0963855421686747,0.06626506024096386,0.012971575633026089,1.5268461322251838,1.4666666666666666,2.674698795180723,11.0,3.0,1.8132530120481927,0.8595632530120482,0.1566265060240964,2.378004072609479,0.777209611561585,0.07675028079371023,-0.10805722891566266,0.84762221252684
mariodpo::mariodpo_nintendo_0456.txt,mariodpo,180.0,16.0,0.10798611111111112,0.007291666666666667,0.00034722222222222224,0.006597222222222222,0.00034722222222222224,0.003472222222222222,0.007291666666666667,21.0,0.003125,0.001388888888888889,0.001388888888888889,0.00034722222222222224,0.0,3.0,19.0,3.0,0.17777777777777778,0.10555555555555556,0.05362859193622804,3.095807887684386,1.8770949720670391,4.572222222222222,11.0,3.0,1.461111111111111,0.8107638888888888,0.45555555555555555,4.823623119100526,1.1024958903629858,0.11398963730569948,-0.18194444444444444,0.8848484848484849
mariodpo::mariodpo_nintendo_0457.txt,mariodpo,157.0,16.0,0.12539808917197454,0.004777070063694267,0.0011942675159235668,0.0051751592356687895,0.0003980891719745223,0.005573248407643312,0.005573248407643312,14.0,0.0023885350318471337,0.0011942675159235668,0.0003980891719745223,0.0007961783439490446,0.0,3.0,11.0,3.0,0.12738853503184713,0.07006369426751592,0.001854359823091789,2.235733298233587,2.1538461538461537,3.356687898089172,12.0,9.0,1.8535031847133758,0.8431528662420382,0.33121019108280253,3.9174733876717935,0.9614803559585204,0.10288880094974277,-0.1337579617834395,0.8531507030038029
mariodpo::mariodpo_nintendo_0458.txt,mariodpo,179.0,16.0,0.11557262569832402,0.002094972067039106,0.0013966480446927375,0.006634078212290503,0.00034916201117318437,0.0111731843575419,0.006983240223463687,20.0,0.00558659217877095,0.004539106145251397,0.001047486033519553,0.0,0.0,2.0,19.0,3.0,0.1787709497206704,0.10614525139664804,0.19247388467118076,2.439628953867277,1.9662921348314606,3.8435754189944134,11.0,5.0,1.6145251396648044,0.8079608938547486,0.29608938547486036,3.9373172377614525,1.1255243508754282,0.10420284821118445,-0.18575418994413406,0.8758333333333334
mariodpo::mariodpo_nintendo_0459.txt,mariodpo,190.0,16.0,0.13026315789473683,0.000986842105263158,0.003618421052631579,0.003289473684210526,0.0003289473684210526,0.005263157894736842,0.003618421052631579,11.0,0.008552631578947369,0.0059210526315789476,0.002302631578947368,0.0003289473684210526,0.0,3.0,11.0,2.0,0.06842105263157895,0.05789473684210526,0.002160746108457956,1.8925254902664947,1.9682539682539681,3.0105263157894737,11.0,6.0,1.931578947368421,0.8486842105263158,0.18947368421052632,2.7056290239436676,0.8350912281449769,0.07332242225859247,-0.07861842105263159,0.8456795603021601
mariodpo::mariodpo_nintendo_0460.txt,mariodpo,182.0,16.0,0.1311813186813187,0.01098901098901099,0.0,0.0030906593406593405,0.0006868131868131869,0.006868131868131868,0.004120879120879121,12.0,0.0027472527472527475,0.0006868131868131869,0.0020604395604395605,0.0,0.0,2.0,15.0,3.0,0.14285714285714285,0.08241758241758242,0.005864316693567351,3.2501431114014983,1.8232044198895028,4.521978021978022,11.0,8.0,1.8186813186813187,0.8293269230769231,0.31868131868131866,3.989044720874858,1.0233114059079316,0.1001024940211821,-0.1497252747252747,0.8721438074853937
mariodpo::mariodpo_nintendo_0461.txt,mariodpo,160.0,16.0,0.108203125,0.00078125,0.0,0.003515625,0.0,0.0046875,0.003515625,9.0,0.0046875,0.001171875,0.003125,0.000390625,0.0,3.0,16.0,3.0,0.15,0.1,0.0008145829649215397,2.0834349364232976,1.6855345911949686,3.025,11.0,6.0,1.58125,0.845703125,0.275,3.7334869380474327,0.9344944578971953,0.09786407766990292,-0.160546875,0.8557760277079419
mariodpo::mariodpo_nintendo_0462.txt,mariodpo,179.0,16.0,0.15223463687150837,0.004888268156424581,0.0,0.0034916201117318434,0.0,0.004189944134078212,0.004189944134078212,12.0,0.006284916201117319,0.0034916201117318434,0.0013966480446927375,0.0013966480446927375,0.0,3.0,9.0,3.0,0.09497206703910614,0.05027932960893855,0.05321328105925127,2.5749362561801963,1.353932584269663,4.044692737430168,13.0,10.0,2.2681564245810057,0.7922486033519553,0.329608938547486,3.985693792675135,1.2131354952607796,0.1031608197290726,-0.10544692737430168,0.875
mariodpo::mariodpo_nintendo_0463.txt,mariodpo,159.0,16.0,0.12460691823899371,0.00550314465408805,0.0007861635220125787,0.005110062893081761,0.00039308176100628933,0.01650943396226415,0.00589622641509434,15.0,0.007468553459119497,0.00550314465408805,0.0011792452830188679,0.0007861635220125787,0.0,3.0,11.0,3.0,0.11949685534591195,0.06918238993710692,0.0008604448917395313,2.6512611537458213,1.6329113924050633,3.8742138364779874,11.0,6.0,1.8113207547169812,0.8125,0.3584905660377358,4.480113758663481,1.1681917633303418,0.11215318483782728,-0.13050314465408805,0.863771924644186
mariodpo::mariodpo_nintendo_0464.txt,mariodpo,198.0,16.0,0.20170454545454544,0.06881313131313131,0.004103535353535354,0.005997474747474747,0.0012626262626262627,0.010732323232323232,0.00726010101010101,23.0,0.006628787878787879,0.004103535353535354,0.0012626262626262627,0.0,0.0012626262626262627,3.0,11.0,3.0,0.09595959595959595,0.05555555555555555,0.31433596298681443,3.4792546274853984,1.16751269035533,7.41919191919192,13.0,10.0,2.3686868686868685,0.7673611111111112,0.3787878787878788,5.051277812268181,1.3236682444297885,0.10179076343072573,-0.10290404040404039,0.876929012345679
mariodpo::mariodpo_nintendo_0465.txt,mariodpo,180.0,16.0,0.12743055555555555,0.020833333333333332,0.001388888888888889,0.008680555555555556,0.001388888888888889,0.005555555555555556,0.010069444444444445,29.0,0.004166666666666667,0.0006944444444444445,0.003125,0.00034722222222222224,0.0,3.0,19.0,3.0,0.16666666666666666,0.10555555555555556,0.17387529605173513,3.4996480001097425,1.9776536312849162,5.9,13.0,6.0,1.6222222222222222,0.8065972222222222,0.4666666666666667,5.233065910226149,1.1902438102032167,0.11606217616580311,-0.16909722222222223,0.8753720238095238
mariodpo::mariodpo_nintendo_0466.txt,mariodpo,184.0,16.0,0.13451086956521738,0.005095108695652174,0.0033967391304347825,0.004076086956521739,0.0,0.010190217391304348,0.004415760869565217,13.0,0.007133152173913043,0.0030570652173913045,0.002377717391304348,0.00033967391304347825,0.001358695652173913,4.0,14.0,2.0,0.09782608695652174,0.07608695652173914,0.008651319961892279,2.1919215622390498,1.814207650273224,3.2010869565217392,11.0,9.0,1.9891304347826086,0.8400135869565217,0.22826086956521738,3.312196900113511,0.9451415839189421,0.08989523487664752,-0.10597826086956522,0.8555291004469792
mariodpo::mariodpo_nintendo_0467.txt,mariodpo,195.0,16.0,0.09935897435897435,0.00608974358974359,0.0009615384615384616,0.007692307692307693,0.0003205128205128205,0.002564102564102564,0.008012820512820512,25.0,0.0038461538461538464,0.0003205128205128205,0.0028846153846153848,0.0,0.000641025641025641,3.0,24.0,3.0,0.20512820512820512,0.12307692307692308,0.0023482791681856963,2.7806171236464654,2.0618556701030926,3.9743589743589745,11.0,6.0,1.4205128205128206,0.8317307692307693,0.29743589743589743,4.569208899826777,1.0246921754655345,0.10366826156299841,-0.20865384615384616,0.88
mariodpo::mariodpo_nintendo_0468.txt,mariodpo,193.0,16.0,0.11398963730569948,0.0022668393782383418,0.0009715025906735751,0.0022668393782383418,0.0003238341968911917,0.014248704663212436,0.0025906735751295338,8.0,0.006476683937823834,0.0042098445595854924,0.0019430051813471502,0.0003238341968911917,0.0,3.0,22.0,3.0,0.16580310880829016,0.11398963730569948,0.00012840122928714504,2.0683063725781885,2.1197916666666665,2.9844559585492227,11.0,5.0,1.6839378238341969,0.8533031088082902,0.22279792746113988,3.3142097757679947,0.8602440067681941,0.08765710602642604,-0.17746113989637305,0.8572392198404786
mariodpo::mariodpo_nintendo_0469.txt,mariodpo,156.0,16.0,0.15264423076923078,0.003605769230769231,0.0,0.001201923076923077,0.00040064102564102563,0.008814102564102564,0.0016025641025641025,4.0,0.005608974358974359,0.002403846153846154,0.003205128205128205,0.0,0.0,2.0,7.0,3.0,0.07692307692307693,0.04487179487179487,0.0002122450963054634,2.132763217563521,1.9935483870967743,3.198717948717949,13.0,10.0,2.3076923076923075,0.8261217948717948,0.20512820512820512,2.9887054874475463,0.978525175394312,0.08602150537634409,-0.0905448717948718,0.8576358139091438
mariodpo::mariodpo_nintendo_0470.txt,mariodpo,151.0,16.0,0.12086092715231789,0.009105960264900662,0.0020695364238410598,0.0041390728476821195,0.0004139072847682119,0.005794701986754967,0.004552980132450331,11.0,0.00869205298013245,0.006622516556291391,0.0016556291390728477,0.0004139072847682119,0.0,3.0,20.0,3.0,0.17880794701986755,0.13245033112582782,0.001920854529727234,2.1938274637077324,2.62,2.980132450331126,13.0,8.0,1.7748344370860927,0.8551324503311258,0.23178807947019867,3.092115413320886,0.8717605393205926,0.09461127108185932,-0.19288079470198674,0.8410314918856749
mariodpo::mariodpo_nintendo_0471.txt,mariodpo,151.0,16.0,0.1626655629139073,0.0033112582781456954,0.0004139072847682119,0.0020695364238410598,0.0004139072847682119,0.0033112582781456954,0.0024834437086092716,6.0,0.005794701986754967,0.0008278145695364238,0.0020695364238410598,0.0004139072847682119,0.0024834437086092716,4.0,8.0,3.0,0.0728476821192053,0.052980132450331126,0.05280981576874977,2.1270795602224277,1.4466666666666668,3.423841059602649,11.0,10.0,2.4172185430463577,0.8137417218543046,0.2847682119205298,3.2388225664180057,1.0499457455559043,0.09995886466474702,-0.08609271523178808,0.8508603888650684
mariodpo::mariodpo_nintendo_0472.txt,mariodpo,172.0,16.0,0.23982558139534885,0.12100290697674419,0.0,0.010537790697674418,0.0007267441860465116,0.023255813953488372,0.01126453488372093,31.0,0.005813953488372093,0.002543604651162791,0.0032703488372093025,0.0,0.0,2.0,12.0,3.0,0.11046511627906977,0.06976744186046512,0.005546499076371836,2.1286212589718563,0.5730994152046783,11.790697674418604,13.0,6.0,2.558139534883721,0.7154796511627907,0.2558139534883721,4.172781964858017,1.4573120921432139,0.093964582580412,-0.11373546511627908,0.8538342167927391
mariodpo::mariodpo_nintendo_0473.txt,mariodpo,160.0,16.0,0.12734375,0.002734375,0.0,0.00390625,0.000390625,0.01015625,0.004296875,11.0,0.008984375,0.00234375,0.002734375,0.001953125,0.001953125,4.0,13.0,2.0,0.09375,0.08125,0.04317322738913376,1.9157896365580687,1.7735849056603774,3.06875,11.0,10.0,1.925,0.83359375,0.28125,3.4529176211371766,1.0135046661440743,0.10058252427184466,-0.1046875,0.8598115823931248
mariodpo::mariodpo_nintendo_0474.txt,mariodpo,196.0,16.0,0.13934948979591838,0.01403061224489796,0.0015943877551020409,0.00350765306122449,0.001913265306122449,0.005739795918367347,0.005739795918367347,18.0,0.008290816326530613,0.003826530612244898,0.002551020408163265,0.0,0.001913265306122449,3.0,17.0,3.0,0.10204081632653061,0.08673469387755102,0.009813475669501526,2.972073135607788,2.4871794871794872,4.178571428571429,13.0,8.0,1.8979591836734695,0.8147321428571429,0.33163265306122447,4.114919059163529,1.1411241922580642,0.11171056807362742,-0.11224489795918367,0.8803267045454546
mariodpo::mariodpo_nintendo_0475.txt,mariodpo,177.0,16.0,0.12358757062146893,0.006709039548022599,0.0,0.00211864406779661,0.0,0.01765536723163842,0.00211864406779661,6.0,0.007062146892655367,0.002824858757062147,0.0035310734463276836,0.0,0.0007062146892655367,3.0,14.0,3.0,0.12429378531073447,0.07909604519774012,0.020545227265279964,2.9667420943715372,1.8068181818181819,4.112994350282486,11.0,3.0,1.7062146892655368,0.7944915254237288,0.2655367231638418,3.769889521018686,1.1728925567548663,0.09834913944502986,-0.13771186440677968,0.8585426755447942
mariodpo::mariodpo_nintendo_0476.txt,mariodpo,173.0,16.0,0.10910404624277456,0.003973988439306358,0.000722543352601156,0.003973988439306358,0.000361271676300578,0.00939306358381503,0.004335260115606936,12.0,0.00541907514450867,0.001445086705202312,0.0025289017341040463,0.000722543352601156,0.000722543352601156,4.0,19.0,3.0,0.14450867052023122,0.10982658959537572,0.0008415510717986185,2.5207392861314144,1.9825581395348837,3.421965317919075,11.0,8.0,1.5722543352601157,0.8363439306358381,0.3236994219653179,4.037511540201705,1.0129111192047344,0.10025152712899749,-0.15426300578034682,0.8662368628880384
mariodpo::mariodpo_nintendo_0477.txt,mariodpo,188.0,16.0,0.15259308510638298,0.026595744680851064,0.0,0.0,0.0003324468085106383,0.013962765957446808,0.0006648936170212766,2.0,0.005651595744680851,0.003324468085106383,0.0019946808510638296,0.0003324468085106383,0.0,3.0,15.0,2.0,0.1276595744680851,0.0797872340425532,0.151499474730732,4.149430709359343,1.5561497326203209,6.202127659574468,13.0,8.0,2.0319148936170213,0.823470744680851,0.2872340425531915,4.104702318169268,1.0416907245323104,0.08832285808799206,-0.1379654255319149,0.8529194865512468
mariodpo::mariodpo_nintendo_0478.txt,mariodpo,150.0,16.0,0.12541666666666668,0.01625,0.00125,0.0008333333333333334,0.0008333333333333334,0.008333333333333333,0.0016666666666666668,4.0,0.004583333333333333,0.0025,0.00125,0.0,0.0008333333333333334,3.0,15.0,3.0,0.16,0.1,0.00015271917898940224,3.163813360593804,1.6375838926174497,4.06,11.0,6.0,1.7666666666666666,0.855,0.23333333333333334,3.1350479764546835,0.8500567541466049,0.08819875776397515,-0.17291666666666666,0.8427758838266589
mariodpo::mariodpo_nintendo_0479.txt,mariodpo,156.0,16.0,0.10697115384615384,0.004807692307692308,0.0,0.0028044871794871795,0.0,0.010416666666666666,0.0028044871794871795,7.0,0.004006410256410256,0.002003205128205128,0.002003205128205128,0.0,0.0,2.0,20.0,3.0,0.20512820512820512,0.1282051282051282,0.018816142502128153,2.612083795833065,1.4064516129032258,3.519230769230769,11.0,3.0,1.5384615384615385,0.8369391025641025,0.3076923076923077,3.7083182672720834,0.9945232732114775,0.10752688172043011,-0.2159455128205128,0.8584431889516635
mariodpo::mariodpo_nintendo_0480.txt,mariodpo,154.0,16.0,0.11688311688311688,0.004464285714285714,0.0008116883116883117,0.006899350649350649,0.0,0.016233766233766232,0.006899350649350649,17.0,0.00487012987012987,0.002029220779220779,0.002840909090909091,0.0,0.0,2.0,14.0,3.0,0.18181818181818182,0.09090909090909091,0.04332608233430846,2.680846500156981,1.5294117647058822,3.9155844155844157,11.0,10.0,1.7272727272727273,0.7901785714285714,0.42857142857142855,4.715622816298972,1.270584786695916,0.118192819685357,-0.18952922077922077,0.8823682536009718
mariodpo::mariodpo_nintendo_0481.txt,mariodpo,193.0,16.0,0.13406735751295337,0.003238341968911917,0.0003238341968911917,0.005829015544041451,0.0,0.0019430051813471502,0.006152849740932643,19.0,0.0042098445595854924,0.0016191709844559584,0.0012953367875647669,0.0012953367875647669,0.0,3.0,13.0,3.0,0.13989637305699482,0.06735751295336788,0.007398885103845121,2.766837146807788,2.0572916666666665,3.8186528497409324,11.0,10.0,1.9740932642487046,0.8251295336787565,0.33678756476683935,4.178122498321343,1.0577082319862023,0.10312600708991299,-0.14572538860103626,0.879296875
mariodpo::mariodpo_nintendo_0482.txt,mariodpo,164.0,16.0,0.13224085365853658,0.0,0.0,0.0,0.0,0.005335365853658537,0.0,0.0,0.003429878048780488,0.0007621951219512195,0.001524390243902439,0.0011432926829268292,0.0,3.0,13.0,3.0,0.09146341463414634,0.07926829268292683,0.03072085672759739,1.729829600405835,1.803680981595092,2.908536585365854,11.0,10.0,1.9817073170731707,0.854420731707317,0.15853658536585366,2.2885169363748923,0.7964521489860643,0.07692307692307693,-0.10403963414634146,0.8597990067432209
mariodpo::mariodpo_nintendo_0483.txt,mariodpo,184.0,16.0,0.11650815217391304,0.0033967391304347825,0.0006793478260869565,0.001358695652173913,0.0,0.008152173913043478,0.001358695652173913,4.0,0.007472826086956522,0.004415760869565217,0.002717391304347826,0.00033967391304347825,0.0,3.0,17.0,3.0,0.10869565217391304,0.09239130434782608,0.0059065676644337595,1.8345528153118253,1.7486338797814207,2.9239130434782608,11.0,4.0,1.7282608695652173,0.8552989130434783,0.21195652173913043,3.2787876434720977,0.858096476326158,0.08651571476850287,-0.12296195652173912,0.8570250730203521
mariodpo::mariodpo_nintendo_0484.txt,mariodpo,159.0,16.0,0.12185534591194969,0.004323899371069182,0.0007861635220125787,0.0019654088050314465,0.0007861635220125787,0.010220125786163521,0.002751572327044025,7.0,0.0047169811320754715,0.002751572327044025,0.0019654088050314465,0.0,0.0,2.0,18.0,3.0,0.1509433962264151,0.11320754716981132,0.000584135503768124,2.010647286524778,1.8734177215189873,2.9245283018867925,11.0,7.0,1.779874213836478,0.8533805031446541,0.24528301886792453,3.370216218674865,0.8864185469175778,0.09495896834701055,-0.16234276729559746,0.8535317143216034
mariodpo::mariodpo_nintendo_0485.txt,mariodpo,177.0,16.0,0.125,0.002824858757062147,0.0007062146892655367,0.0014124293785310734,0.00035310734463276836,0.009180790960451978,0.0017655367231638418,5.0,0.006002824858757062,0.0035310734463276836,0.00211864406779661,0.00035310734463276836,0.0,3.0,16.0,3.0,0.11864406779661017,0.0903954802259887,0.0071018809045411135,1.7285775716292584,1.9318181818181819,2.785310734463277,11.0,8.0,1.8700564971751412,0.8534604519774012,0.20903954802259886,2.8941582328650908,0.8459014366601101,0.07903055848261328,-0.13135593220338984,0.838475706619741
mariodpo::mariodpo_nintendo_0486.txt,mariodpo,200.0,16.0,0.13375,0.01,0.00125,0.0009375,0.000625,0.00375,0.0015625,5.0,0.0090625,0.0059375,0.003125,0.0,0.0,2.0,10.0,3.0,0.065,0.05,0.026893325237676513,2.2966725493137328,1.899497487437186,3.395,11.0,4.0,1.895,0.8478125,0.175,2.8580678423948953,0.8461640348031421,0.07713841368584759,-0.08000000000000002,0.835072766862897
mariodpo::mariodpo_nintendo_0487.txt,mariodpo,191.0,16.0,0.1256544502617801,0.007853403141361256,0.0,0.0013089005235602095,0.0006544502617801048,0.01832460732984293,0.001963350785340314,6.0,0.005235602094240838,0.0016361256544502618,0.0032722513089005235,0.0003272251308900524,0.0,3.0,15.0,2.0,0.1099476439790576,0.07853403141361257,0.18530513828537565,2.647005615035368,1.4421052631578948,3.607329842931937,13.0,5.0,1.8324607329842932,0.8445680628272252,0.21465968586387435,2.9996490351337637,0.8976307335157181,0.07847606642787365,-0.11845549738219897,0.8537030526767919
mariodpo::mariodpo_nintendo_0488.txt,mariodpo,171.0,16.0,0.1290204678362573,0.003654970760233918,0.0007309941520467836,0.0014619883040935672,0.0010964912280701754,0.008771929824561403,0.0029239766081871343,8.0,0.01023391812865497,0.0029239766081871343,0.00402046783625731,0.0007309941520467836,0.0025584795321637425,4.0,13.0,2.0,0.0935672514619883,0.07602339181286549,0.0012816351917156465,1.8417192732633578,1.8705882352941177,2.953216374269006,11.0,6.0,1.8830409356725146,0.8450292397660819,0.2631578947368421,3.2859585993803893,0.9089791042776133,0.09014903671392221,-0.1067251461988304,0.8487425543000027
mariodpo::mariodpo_nintendo_0489.txt,mariodpo,196.0,16.0,0.1444515306122449,0.0031887755102040817,0.0028698979591836736,0.004145408163265306,0.0009566326530612245,0.0,0.005739795918367347,18.0,0.007653061224489796,0.004464285714285714,0.0015943877551020409,0.0009566326530612245,0.0006377551020408163,4.0,13.0,3.0,0.09183673469387756,0.0663265306122449,0.005597650649146635,2.19642878691213,1.876923076923077,3.3010204081632653,11.0,10.0,2.1530612244897958,0.8380102040816326,0.2602040816326531,3.6339875007831575,0.9292492816541378,0.08949539828625833,-0.10140306122448979,0.8589764394758985
mariodpo::mariodpo_nintendo_0490.txt,mariodpo,163.0,16.0,0.1111963190184049,0.005751533742331288,0.0003834355828220859,0.008052147239263804,0.0003834355828220859,0.0023006134969325155,0.00843558282208589,22.0,0.005368098159509203,0.0003834355828220859,0.004601226993865031,0.0003834355828220859,0.0,3.0,12.0,3.0,0.1411042944785276,0.0736196319018405,0.014802715813373335,3.16077930134565,1.8888888888888888,4.613496932515337,12.0,3.0,1.4662576687116564,0.8009969325153374,0.3803680981595092,4.340416377961407,1.1451120980104639,0.11132291269538697,-0.14723926380368096,0.8590724402136057
mariodpo::mariodpo_nintendo_0491.txt,mariodpo,174.0,16.0,0.12320402298850575,0.005747126436781609,0.003951149425287357,0.005387931034482759,0.00035919540229885057,0.013649425287356323,0.005747126436781609,16.0,0.007902298850574713,0.004310344827586207,0.0017959770114942528,0.0010775862068965517,0.0007183908045977011,4.0,15.0,3.0,0.11494252873563218,0.08620689655172414,0.0027556201472728192,2.0474385556540713,1.976878612716763,3.057471264367816,11.0,7.0,1.8275862068965518,0.8455459770114943,0.2471264367816092,3.428438157742479,0.8893995208079335,0.09003215434083602,-0.1257183908045977,0.8477081257969412
mariodpo::mariodpo_nintendo_0492.txt,mariodpo,177.0,16.0,0.14442090395480225,0.0049435028248587575,0.0014124293785310734,0.002824858757062147,0.0007062146892655367,0.01694915254237288,0.0035310734463276836,10.0,0.00882768361581921,0.003884180790960452,0.00423728813559322,0.0007062146892655367,0.0,3.0,10.0,2.0,0.062146892655367235,0.05649717514124294,0.006599695615500556,1.9656007834869647,1.6022727272727273,3.175141242937853,11.0,10.0,2.146892655367232,0.8220338983050848,0.3050847457627119,3.8160703964010425,1.0521396474434381,0.09834913944502986,-0.07309322033898305,0.8581189467312349
mariodpo::mariodpo_nintendo_0493.txt,mariodpo,159.0,16.0,0.11949685534591195,0.006289308176100629,0.0,0.00039308176100628933,0.00039308176100628933,0.027515723270440252,0.0007861635220125787,2.0,0.006289308176100629,0.002751572327044025,0.0015723270440251573,0.0007861635220125787,0.0011792452830188679,4.0,18.0,3.0,0.15723270440251572,0.11320754716981132,0.0058659694850594635,1.5837360723693534,1.639240506329114,2.610062893081761,13.0,8.0,1.779874213836478,0.8415880503144654,0.20754716981132076,3.102048455257771,0.930223737558362,0.0851895271590465,-0.1721698113207547,0.8513350699778881
mariodpo::mariodpo_nintendo_0494.txt,mariodpo,197.0,16.0,0.13166243654822335,0.0025380710659898475,0.0,0.0009517766497461929,0.00031725888324873094,0.004441624365482234,0.0015862944162436548,5.0,0.005710659898477157,0.0025380710659898475,0.0019035532994923859,0.0006345177664974619,0.0006345177664974619,4.0,14.0,3.0,0.09137055837563451,0.07106598984771574,0.0003143958383450274,1.719977130437885,1.6938775510204083,2.8426395939086295,11.0,9.0,1.9796954314720812,0.8527918781725888,0.18781725888324874,2.566515008974091,0.8294821417727976,0.07893905904641617,-0.10310913705583756,0.8505152663962633
mariodpo::mariodpo_nintendo_0495.txt,mariodpo,196.0,16.0,0.1291454081632653,0.007334183673469388,0.002551020408163265,0.002551020408163265,0.0,0.008290816326530613,0.002551020408163265,8.0,0.007334183673469388,0.00350765306122449,0.00350765306122449,0.00031887755102040814,0.0,3.0,18.0,3.0,0.1326530612244898,0.09183673469387756,8.480361104568068e-06,2.2564673934344355,1.9333333333333333,3.2244897959183674,13.0,8.0,1.9081632653061225,0.8488520408163265,0.2193877551020408,3.314872117847468,0.8563113563383975,0.08219612821326563,-0.14508928571428573,0.8563225492310526
mariodpo::mariodpo_nintendo_0496.txt,mariodpo,167.0,16.0,0.12612275449101795,0.004491017964071856,0.002245508982035928,0.0018712574850299401,0.00037425149700598805,0.0037425149700598802,0.002245508982035928,6.0,0.00561377245508982,0.0014970059880239522,0.002245508982035928,0.0007485029940119761,0.001122754491017964,4.0,15.0,3.0,0.1437125748502994,0.08982035928143713,0.0010227603991304068,2.395782327149014,1.7710843373493976,3.431137724550898,11.0,7.0,1.8862275449101797,0.8401946107784432,0.2994011976047904,3.4969907997078824,0.939120908762494,0.09490137700037216,-0.15606287425149698,0.8503909215354312
mariodpo::mariodpo_nintendo_0497.txt,mariodpo,168.0,16.0,0.12202380952380952,0.004464285714285714,0.000744047619047619,0.0018601190476190475,0.0011160714285714285,0.011904761904761904,0.002976190476190476,8.0,0.008928571428571428,0.004464285714285714,0.004464285714285714,0.0,0.0,2.0,13.0,3.0,0.10714285714285714,0.07738095238095238,0.004998763960634922,1.9947832066013287,2.035928143712575,2.9583333333333335,11.0,6.0,1.7916666666666667,0.8500744047619048,0.19642857142857142,2.9589236197508986,0.868055350710536,0.08583055863854976,-0.1220238095238095,0.8379791147961011
mariodpo::mariodpo_nintendo_0498.txt,mariodpo,189.0,16.0,0.10747354497354497,0.006613756613756613,0.0006613756613756613,0.008267195767195767,0.0006613756613756613,0.004629629629629629,0.009259259259259259,28.0,0.004629629629629629,0.0013227513227513227,0.001984126984126984,0.0,0.0013227513227513227,3.0,22.0,3.0,0.19576719576719576,0.1164021164021164,0.032496694468278964,3.04813894092054,1.6595744680851063,4.111111111111111,12.0,3.0,1.4444444444444444,0.8181216931216931,0.3915343915343915,4.567578472498202,1.0949347868887847,0.11977624218492926,-0.19907407407407407,0.8808379120879121
mariodpo::mariodpo_nintendo_0499.txt,mariodpo,172.0,16.0,0.12318313953488372,0.004723837209302325,0.0,0.0014534883720930232,0.0,0.0029069767441860465,0.0014534883720930232,4.0,0.004723837209302325,0.002543604651162791,0.0010901162790697674,0.0010901162790697674,0.0,3.0,14.0,3.0,0.1569767441860465,0.08139534883720931,0.0019300137893111247,2.277239074734263,1.8245614035087718,3.2093023255813953,11.0,11.0,1.8430232558139534,0.859375,0.22093023255813954,3.0600359310050482,0.8292933423224799,0.07697867726779906,-0.16896802325581395,0.8634362638198331
